scan_time_kst,coin,upbit_market,binance_symbol,upbit_price,upbit_price_24h_pct,upbit_24h_trade_krw,upbit_timestamp_ms,warning,caution_any,caution_types,upbit_D1_trade_krw,upbit_D2_trade_krw,upbit_D3_trade_krw,upbit_D4_trade_krw,upbit_D5_trade_krw,upbit_d1_vs_prev_x,upbit_d1_vs_3davg_x,upbit_d1_vs_5davg_x,upbit_rise_streak,upbit_price_3d_pct,upbit_price_5d_pct,upbit_supply_pattern,binance_24h_quote_usdt,binance_price_24h_pct,binance_D1_quote_usdt,binance_D2_quote_usdt,binance_D3_quote_usdt,binance_D4_quote_usdt,binance_D5_quote_usdt,binance_d1_vs_prev_x,binance_d1_vs_3davg_x,binance_d1_vs_5davg_x,binance_rise_streak,binance_price_3d_pct,binance_price_5d_pct,binance_supply_pattern,overseas_lead,overseas_lead_score,overseas_lead_reason,raw_signal_score,state,score
2026-10-10T09:17:30+09:00,PYUSD,KRW-PYUSD,,1363.0,-0.87272727,226939870.88155913,1791590468373,False,False,,226969403.71145165,172680885.83192247,76191789.57266961,40710432.07698798,56421510.13277761,1.3143863758746899,2.3513395413704044,3.1941486345794483,4,0.29433406916850036,0.44215180545319477,연속 가속형,,,,,,,,,,,,,,NO_DATA,,0.0,,78.6,발사 전,78.6
2026-10-10T09:17:30+09:00,CPOOL,KRW-CPOOL,,42.5,-0.7009345800000001,12678117217.396353,1791591449741,False,False,,12835181464.493544,2025360933.5215755,1935595181.609272,2148552532.08313,1635682434.4463763,6.337231676616031,6.302559930255554,6.141784899170796,3,-7.758620689655171,-16.242661448140904,가속형,,,,,,,,,,,,,,NO_DATA,,0.0,,76.0,발사 전,76.0
2026-10-10T09:17:30+09:00,ONT,KRW-ONT,ONTUSDT,84.0,0.35842294,3702349747.9989014,1791591452549,False,True,"거래량급등,입금량급등",3631198611.005802,3100221401.6782355,505431332.2981089,221928265.9860753,484865436.21660346,1.1712707386124532,2.846078458724809,3.784821916064654,4,1.577669902912615,2.9520295202952074,연속 가속형,2377041.90665,4.562,2364387.64651,3409005.08069,571544.65615,387355.16211,646954.77499,0.6935711712202657,1.623927970875722,2.199683296461294,1,0.5421389847215297,1.8811386715498646,감소형,,0.0,,74.3,발사 전,74.3
2026-10-10T09:17:30+09:00,EUL,KRW-EUL,EULUSDT,1893.0,-0.05279831,5424552953.847223,1791591435350,False,False,,5440134441.6213455,1915127862.0592527,1386116452.397815,1992939339.8451202,6505684835.942459,2.8406116110554667,3.0827044149859937,2.1538648206890834,3,-7.654802535348615,-1.9668737060041352,가속형,1688143.74667,6.944,1697808.78886,1496763.31888,997820.11203,779120.09646,1385546.36146,1.1343201476439433,1.5558606098555032,1.5620464452561613,4,-8.592200925313943,-3.083391730903995,연속 가속형,,0.0,,68.4,발사 전,68.4
2026-10-10T09:17:30+09:00,CYBER,KRW-CYBER,CYBERUSDT,491.0,0.6147541000000001,3355499406.377296,1791591449710,False,False,,3319559419.970453,1600267271.0364707,753979065.5674555,2887631641.717753,690450613.610679,2.0743781242369725,1.8998302328090215,2.684909702927578,3,6.318082788671031,13.225058004640378,가속형,4515010.9315,14.013,4483300.98074,2750867.47213,1074252.1466,2600023.42988,1431867.01116,1.6297771616269736,2.0933235011988907,2.7292055055953366,3,5.02958579881656,11.987381703470025,가속형,YES,7.5,Binance D2 선행→Upbit D1 확산,63.5,발사 전,63.5
2026-10-10T09:17:30+09:00,APT,KRW-APT,APTUSDT,1122.0,0.62780269,10416022729.174196,1791591450918,False,False,,10372192346.931463,8409635644.186888,7588158617.1172495,5133792197.374657,6797270502.45591,1.2333700038599391,1.472514952989473,1.658361059236503,4,-0.26833631484793896,2.859778597785967,연속 가속형,17523187.81447,11.443,17487494.8341,15649754.804947,12318023.257803,12018372.907434,12375664.787072,1.1174293177150658,1.3120163664019346,1.523325126917398,4,-1.3680387409200967,1.634231536926145,연속 가속형,,0.0,,62.9,발사 전,62.9
2026-10-10T09:17:30+09:00,ENSO,KRW-ENSO,ENSOUSDT,1314.0,1.07692308,13317723420.34678,1791591451420,False,False,,13124519298.805302,1155776404.4061222,1651655202.0216827,892533798.4465243,1096363743.70473,11.35558681486419,10.641601633503177,11.855050531683384,2,-3.129657228017879,-3.9172209903917232,일회성 폭증형,3593825.23566,7.391,3618574.29341,1313647.50068,1094502.22329,417704.6942,441701.83476,2.7546006760084962,3.8415718836853863,4.852199299922192,4,-4.233870967741938,-4.904904904904905,연속 가속형,YES,11.7,Binance D2 선행→Upbit D1 확산,55.8,발사 전,55.8
2026-10-10T09:17:30+09:00,PIEVERSE,KRW-PIEVERSE,,1790.0,0.50533408,285488881.8276952,1791591451341,False,False,,870553937.6582452,471049487.6447806,399220512.2668004,664830415.4526248,490734147.59571004,1.8481156661712193,1.7012970531671137,1.8333287781256216,3,-0.27995520716684874,-2.7838427947598277,가속형,,,,,,,,,,,,,,NO_DATA,,0.0,,55.4,발사 전,55.4
2026-10-10T09:17:30+09:00,WIF,KRW-WIF,WIFUSDT,299.0,0.33557047,557884511.4907811,1791591439985,False,False,,104755094.78171328,78003657.53685576,43222474.08682392,57102480.12241533,95646249.79140876,1.3429510626757188,1.7622818978291157,1.5828818755392866,3,-9.969788519637458,-13.372093023255815,가속형,1621059.006823,5.329,1498454.086511,3315649.687378,3431619.918371,2535721.60531,3968114.921454,0.451933777025754,0.4842579463155789,0.5087531991536025,1,-11.405295315682284,-14.302600472813243,감소형,,0.0,,54.7,관찰,54.7
2026-10-10T09:17:30+09:00,MLK,KRW-MLK,,57.0,-0.17513135,424783604.4456209,1791591411478,False,False,,423190405.90228415,118496779.68870385,242534384.91247928,101948704.48289552,132949765.08968677,3.571324106984372,2.742173693682336,2.5624852006393737,2,-3.056027164685904,-4.674457429048406,고수준 유지형,,,,,,,,,,,,,,NO_DATA,,0.0,,54.7,관찰,54.7
2026-10-10T09:17:30+09:00,SENT,KRW-SENT,SENTUSDT,29.4,2.7972028,1673269265.8727255,1791591437345,False,False,,1580053132.6534343,669260690.2015527,517143928.2075914,1874747609.5468647,422815601.1469798,2.3608933794954994,1.5484886229017758,1.5617752917887644,3,-17.816091954022973,-9.206349206349207,가속형,3400036.52486,-12.531,3356331.0435,3142001.97428,2150907.41809,3479825.48036,1344323.17983,1.068214173948479,1.1477598806501508,1.2299086637516423,3,-19.04577191621413,-10.31370863773098,중립,,0.0,,51.0,관찰,51.0
2026-10-10T09:17:30+09:00,CVC,KRW-CVC,CVCUSDT,35.7,1.13314448,1591979385.1542196,1791591365915,False,False,,1549116879.8446422,798275068.4914993,1361024047.9187527,595475662.9321607,1067725354.0032743,1.94058030995758,1.6870165482795973,1.7825688106159228,2,-15.751789976133656,-15.347721822541981,고수준 유지형,1847810.0679,0.696,1846916.72872,717109.48676,446922.48754,261614.76627,472426.98759,2.5755017369308915,3.8864818531024774,4.433861091015984,4,-16.062176165803123,-16.11650485436894,연속 가속형,YES,7.1,Binance D2 선행→Upbit D1 확산,48.6,관찰,48.6
2026-10-10T09:17:30+09:00,DOT,KRW-DOT,DOTUSDT,1688.0,-0.29533373,4729605611.844652,1791591449761,False,False,,4747447814.622253,2001137974.573512,2636270750.473667,1765654073.7126446,2066797884.5462449,2.3723740566334723,2.224301696154735,2.4614824882097857,2,3.9926289926289993,3.8650306748466257,고수준 유지형,17696538.09304,11.563,18131393.44593,19014288.19725,13732960.20166,9888960.89626,13916594.17864,0.9535667734620908,1.2757743063230527,1.4044380671108987,1,2.828618968386021,2.5726141078838083,중립,,0.0,,47.9,관찰,47.9
2026-10-10T09:17:30+09:00,XEC,KRW-XEC,XECUSDT,0.00996,0.10050250999999999,1087512124.4772491,1791591434684,False,False,,1094916106.2884321,1060345749.3635048,645504673.4765732,690703584.6826924,537724020.4410108,1.0326029098958325,1.3706131005412308,1.6970224627510158,3,-7.870370370370372,-11.16071428571428,중립,325529.6942237,0.831,331590.64473272,461951.53794367,339961.34811663,268647.20195018,273068.79091905,0.7178039631792587,0.9292070060699125,1.0690593674419264,1,-8.080808080808088,-11.21951219512195,감소형,,0.0,,47.4,관찰,47.4
2026-10-10T09:17:30+09:00,BORA,KRW-BORA,,37.9,0.26455026,3096241451.3426995,1791591451292,False,False,,3079849682.6954384,162629870.76403102,395264050.41599506,204976428.98221692,260813777.16648418,18.93778595670268,12.11155872832297,6.273691839726003,2,-0.7874015748031593,-3.3248081841432353,일회성 폭증형,,,,,,,,,,,,,,NO_DATA,,0.0,,44.8,관찰,44.8
2026-10-10T09:17:30+09:00,GMT,KRW-GMT,GMTUSDT,13.3,3.1007751900000002,4107646581.275501,1791591445667,False,False,,3258207779.546177,809206933.5612224,946145922.3395724,334027857.2807688,578297520.663897,4.026420986294811,4.6782394787948505,3.5626070162464,2,9.322033898305083,4.0322580645161255,일회성 폭증형,5110523.906592,24.584,4648295.524713,766988.62673,657535.621435,264032.086356,547280.779444,6.0604490897481345,8.258466886208334,5.7131987136397315,4,7.981755986316985,4.295154185022021,연속 가속형,EARLY,5.0,Binance 연속가속 우위,43.4,관찰,43.4
2026-10-10T09:17:30+09:00,BFC,KRW-BFC,,37.7,4.14364641,20953758651.427048,1791591452134,False,False,,19193434657.36293,338537758.215196,578625872.5717145,352260804.19008166,283418129.06149775,56.695107684745665,45.359378932336696,52.35739228652938,2,-0.8219178082191747,-3.208556149732611,일회성 폭증형,,,,,,,,,,,,,,NO_DATA,,0.0,,41.7,관찰,41.7
2026-10-10T09:17:30+09:00,ZRO,KRW-ZRO,ZROUSDT,2683.0,0.29906542,4147655009.250864,1791591447828,False,False,,4177637617.733384,3805681708.312682,3204958800.875868,5248154904.177109,6153323374.855066,1.0977369990265464,1.0223608789111225,0.7353491524793389,3,-12.323828253031788,0.07482229704451893,중립,16485235.51548,0.204,16515851.09677,20795112.6027,18044122.16543,18046117.32952,25183691.72105,0.794217920927517,0.871007235839134,0.8596797117405423,1,-13.049267643142482,-0.7598784194528863,중립,,0.0,,40.9,관찰,40.9
2026-10-10T09:17:30+09:00,STRAX,KRW-STRAX,STRAXUSDT,14.8,0.0,444410605.5672924,1791591365944,False,False,,436935214.88296133,251274463.24470636,384219245.34722483,227907251.52057377,293566684.5032824,1.738876323685337,1.5181887734733122,1.6629755831153403,2,-3.8961038961038974,-5.128205128205121,고수준 유지형,159060.03368,2.86,154707.52082,160569.94924,133976.30065,107533.59046,143073.98999,0.9634898781014276,1.154304483547331,1.1264791114543375,1,-4.343971631205679,-5.764192139738,중립,,0.0,,40.5,관찰,40.5
2026-10-10T09:17:30+09:00,JST,KRW-JST,JSTUSDT,194.0,-1.02040816,740721281.5929883,1791591393250,False,False,,741829205.4440823,461449197.1494771,547661198.0698049,337015635.24105984,410686444.8100264,1.6076075330211956,1.653253533453465,1.7209304431534513,2,2.617801047120416,3.703703703703698,고수준 유지형,3232649.867411,1.868,3259207.480296,6142560.660234,5321185.063954,5165477.767313,4235855.951218,0.5305942685101365,0.5879782929061738,0.6545962130854712,1,1.2116488344079857,2.043149021288748,감소형,,0.0,,40.1,관찰,40.1
2026-10-10T09:17:30+09:00,ZK,KRW-ZK,ZKUSDT,19.3,0.5208333300000001,10387542272.551231,1791591427342,False,False,,10284698796.18695,492842266.1722772,782205744.5457486,564675329.6146219,1344349283.225447,20.868134699696895,16.77105231647602,13.978825113540035,2,9.714285714285719,8.47457627118644,일회성 폭증형,12453657.369366,23.968,12375712.179603,2754416.968647,1903609.441411,1842568.305906,1665250.661895,4.493042382643353,5.711344601692073,6.023822793824991,5,8.796296296296301,7.798165137614688,연속 가속형,,0.0,,39.3,관찰,39.3
2026-10-10T09:17:30+09:00,GEOD,KRW-GEOD,,412.0,-1.6706443899999999,4445001742.962446,1791591452107,False,False,,6585242670.090758,2360371279.7963834,11880978851.346653,938386543.481214,2333830027.9181156,2.789918148240997,1.3014539338681443,1.65549352695215,2,7.7120822622108065,-1.4117647058823568,중립,,,,,,,,,,,,,,NO_DATA,,0.0,,36.0,관찰,36.0
2026-10-10T09:17:30+09:00,OPG,KRW-OPG,OPGUSDT,203.0,0.0,734123220.6432009,1791591453314,False,False,,736922076.4815314,650625018.4779232,774873870.0959446,273075275.0874458,367169226.70787,1.1326371651146956,1.3015423622594373,1.3246289779294314,2,12.154696132596676,10.32608695652173,중립,1748056.47033,8.546,1752049.30602,1489580.05756,1025463.24488,342615.24322,700107.43537,1.1762035193260687,1.839319790687606,2.1125792077944214,4,10.671641791044761,9.446494464944632,연속 가속형,EARLY,5.0,Binance 연속가속 우위,35.5,관찰,35.5
2026-10-10T09:17:30+09:00,OP,KRW-OP,OPUSDT,182.0,0.55248619,900992539.5040293,1791591389948,False,False,,891945930.9603106,629521378.3497838,1125317107.8764124,530473354.71556073,415722297.78539586,1.4168636072351377,1.1708851916586767,1.393634846773139,2,2.259887005649719,0.0,중립,8778159.587325,11.889,8625235.864853,10842473.696929,9571489.968289,4830100.700139,6658942.268643,0.7955044306260106,1.0250214553433328,1.194714758147439,1,1.5325670498084198,-1.266766020864385,중립,,0.0,,35.1,관찰,35.1
2026-10-10T09:17:30+09:00,TRAC,KRW-TRAC,,574.0,2.68336315,2121394250.618605,1791591452110,False,False,,1843997093.0713675,873589497.7496886,1412192461.030086,1394335353.6403844,1908548795.8421776,2.1108279092427136,1.5032105798758066,0.9680412926687718,2,-0.5338078291814985,-10.12861736334405,고수준 유지형,,,,,,,,,,,,,,NO_DATA,,0.0,,34.9,관찰,34.9
2026-10-10T09:17:30+09:00,CELO,KRW-CELO,CELOUSDT,133.0,0.0,957311638.5656083,1791591359512,False,False,,926456191.8577486,899493370.255287,995809385.4657749,407422401.44930273,2339459945.8653436,1.0299755645723205,1.2069910153709313,0.8900111390256658,2,-5.000000000000004,-2.9197080291970767,중립,688876.72269,5.519,683790.763425,729227.381568,690304.419032,589772.796158,1376863.748484,0.9376921118275877,1.020936444173211,0.8746863195247201,1,-5.397782532581208,-4.233533523678245,중립,,0.0,,34.7,관찰,34.7
2026-10-10T09:17:30+09:00,SOMI,KRW-SOMI,SOMIUSDT,277.0,0.36231884,176721762.93163276,1791591300489,False,False,,190274574.59937993,165202721.13433313,204703241.85474443,115067486.95165963,204682848.53203708,1.1517641676414025,1.1770205644616079,1.0584876140783879,2,-3.157894736842104,-5.47945205479452,중립,576103.55785,0.543,577817.55418,402514.41739,441665.79415,326234.71637,327860.96303,1.4355201434192284,1.4810582308920235,1.5928233301849215,2,-3.8899430740037877,-5.723592368543507,고수준 유지형,,0.0,,34.4,관찰,34.4
2026-10-10T09:17:30+09:00,PENDLE,KRW-PENDLE,PENDLEUSDT,2908.0,0.06882312,667854532.7877145,1791591419676,False,False,,672674576.1005301,641325740.2997309,751488728.4868695,353717536.9748294,1096636640.637982,1.0488812998307975,1.1554461765627932,1.015303401333293,2,-9.807572936064556,-12.019376324553432,중립,2887348.9356,1.824,2883659.3965,6736200.484,6068565.8921,2130029.3942,4649812.0037,0.4280839626655031,0.5792498486456521,0.6406549360266751,1,-11.14836546521375,-13.363302002451983,감소형,,0.0,,34.3,관찰,34.3
2026-10-10T09:17:30+09:00,BARD,KRW-BARD,BARDUSDT,171.0,0.0,448321139.5575756,1791591319700,False,False,,443478224.53462815,365576845.2992079,597906221.7955773,442694632.9726171,340963844.6427497,1.213091666600661,0.9461355229428775,1.0905781544204969,2,-3.3898305084745783,-7.065217391304346,중립,358208.70178,2.794,360914.75408,654064.83282,374924.25756,386838.03734,302627.66605,0.5518027204182746,0.7647432663503309,0.9738963792919235,1,-4.217791411042937,-8.363903154805586,감소형,,0.0,,33.5,관찰,33.5
2026-10-10T09:17:30+09:00,CARV,KRW-CARV,,57.8,-0.6872852199999999,1319422055.76284,1791591437328,False,False,,1292848970.6624732,892994355.2115408,1941542764.8857791,20361683405.799873,60319041286.37627,1.4477683572324611,0.1672059854603147,0.07702221056409204,2,-9.48678071539657,-4.2763157894736725,중립,,,,,,,,,,,,,,NO_DATA,,0.0,,33.0,관찰,33.0
2026-10-10T09:17:30+09:00,STEEM,KRW-STEEM,STEEMUSDT,83.8,-0.11918951,411103561.09039843,1791591452535,False,False,,649309493.7114675,337911978.55537665,600916654.5291704,3697484909.441167,381332710.55041605,1.921534408124154,0.42014597659700853,0.6089714886753005,2,-0.11904761904760752,-2.893518518518523,중립,348886.592923,2.73,445368.730517,491437.374736,345354.718009,924435.51955,353276.92963,0.9062573451118812,0.7586221009844164,0.9531986984690266,1,-0.647563542172569,-4.064405189932774,중립,,0.0,,33.0,관찰,33.0
2026-10-10T09:17:30+09:00,MNT,KRW-MNT,,756.0,-0.1321004,358946890.3427136,1791591300407,False,False,,357958069.43641615,181544746.95158356,473499089.8585396,904122095.9555287,314956914.4991768,1.9717346574168875,0.6887491483375398,0.8481081931271632,2,-5.493133583021226,-15.607580824972134,중립,,,,,,,,,,,,,,NO_DATA,,0.0,,33.0,관찰,33.0
2026-10-10T09:17:30+09:00,HIVE,KRW-HIVE,HIVEUSDT,75.6,-0.26385224,213653599.38960546,1791591390951,False,False,,216560852.20128435,204193319.02984864,790101723.3846264,1744330807.7718287,349249542.3939234,1.06056776602778,0.2372293961074151,0.314116264065294,2,-2.8205128205128216,-3.316326530612257,중립,141757.9923,3.947,142242.8908,287543.0939,257891.2378,382721.8129,172853.6098,0.49468373199555393,0.4597595726567148,0.5809070231484398,1,-3.819444444444442,-4.482758620689664,감소형,,0.0,,33.0,관찰,33.0
2026-10-10T09:17:30+09:00,ZKP,KRW-ZKP,ZKPUSDT,66.7,0.15015015,1060659712.7583873,1791591453644,False,False,,1027946221.9786954,930708982.7399913,2200641995.12908,4164276958.208577,32228585566.882862,1.1044765238565113,0.4226968114267697,0.12807108412573004,2,-0.448430493273555,-0.5970149253731405,중립,510403.83958,5.4,503224.86385,424692.80172,576823.00246,773973.04717,4142288.96713,1.1849149828109784,0.8502867198530212,0.4166790113213407,2,-1.0121457489878583,-1.4112903225806384,중립,,0.0,,32.9,관찰,32.9
2026-10-10T09:17:30+09:00,ELSA,KRW-ELSA,,75.0,1.3513513499999998,427120878.6057887,1791591419357,False,False,,381752363.4216357,310420263.122948,499771583.9371841,273518753.49639845,369425620.24320245,1.2297920231787034,1.0567923665937842,0.8854605652254699,2,-0.6711409395973145,-1.5957446808510634,중립,,,,,,,,,,,,,,NO_DATA,,0.0,,32.4,관찰,32.4
2026-10-10T09:17:30+09:00,AUCTION,KRW-AUCTION,AUCTIONUSDT,5210.0,0.19230769,261891737.3169575,1791591300232,False,False,,260095355.67044023,242243617.16629165,299408920.24354744,340594935.1596564,302983460.2670195,1.0736933286951953,0.8844299261507454,0.9208646504109631,2,-2.0715630885122405,2.060843964671255,중립,496170.99122,6.154,501984.19752,362559.10691,447390.08036,516632.85633,387648.90583,1.3845582360302158,1.1352125560762416,1.2823987385022333,2,-2.8855975485188923,1.1436170212766106,중립,,0.0,,32.4,관찰,32.4
2026-10-10T09:17:30+09:00,PROVE,KRW-PROVE,PROVEUSDT,276.0,0.7299270099999999,221703492.00298524,1791591300455,False,False,,238157785.77608016,216570759.57272357,274421598.14559186,555638563.860692,324462879.7352819,1.0996765502690484,0.682641170442724,0.6383130161220322,2,-5.190311418685123,-4.529616724738672,중립,480026.30411,0.95,478291.08662,839597.57394,829553.04536,1006224.15259,818500.09328,0.5696670660629851,0.5363260784754816,0.5881537978000849,1,-5.446009389671358,-4.865375531412375,감소형,,0.0,,32.4,관찰,32.4
2026-10-10T09:17:30+09:00,EDGE,KRW-EDGE,,159.0,-0.625,7443751246.858005,1791591453301,False,False,,8195344529.387535,2968123675.101285,18109716989.553696,979690202.0769857,4285109634.6157045,2.761119625215036,1.1146321742314425,0.7356003775710496,2,4.575163398692816,-8.571428571428575,중립,,,,,,,,,,,,,,NO_DATA,,0.0,,32.3,관찰,32.3
2026-10-10T09:17:30+09:00,KITE,KRW-KITE,KITEUSDT,167.0,1.21212121,1043225576.1074126,1791591417097,False,False,,1000424269.1486764,854993498.4231548,1040434126.6368511,1014947297.7407923,1229015481.8253994,1.170095762124199,1.0312323625156017,0.5912980009684259,2,-14.0625,-17.085427135678387,중립,1516667.09688,-2.798,1512001.88772,1661350.99607,1367667.22814,804358.12833,1206794.37853,0.9101038199012177,1.18329254578785,0.8533799355125715,1,-14.770318021201412,-17.903335602450653,중립,,0.0,,32.3,관찰,32.3
2026-10-10T09:17:30+09:00,ANKR,KRW-ANKR,ANKRUSDT,6.74,0.5970149299999999,200357786.60050732,1791591300217,False,False,,159555804.57270578,151910796.78895962,251881464.14465764,191740403.52864486,372449920.2865385,1.0503256381069932,0.8037634915463979,0.6948167897499691,2,0.9036144578313365,-0.29761904761904656,중립,494061.352847,8.59,473612.93585,371904.801432,368124.974444,305698.460177,446808.352693,1.2734789495225072,1.3587075098142312,1.4533999456630438,4,0.8179959100204526,-0.6048387096774133,연속 가속형,,0.0,,32.2,관찰,32.2
2026-10-10T09:17:30+09:00,MMT,KRW-MMT,MMTUSDT,249.0,0.0,851902562.4360943,1791591451409,False,False,,873133966.8686912,854030878.6594433,1027888071.022509,1016547529.8531127,797150299.9118913,1.0223681469682147,0.9037199219313535,1.0280291588574613,2,3.319502074688807,-1.5810276679841917,중립,521876.2338,4.491,521547.95025,641394.29118,689740.77956,480570.45617,536695.30352,0.8131471661378313,0.8636303347921104,0.9731633555063782,1,1.680672268907557,-2.733118971061088,중립,,0.0,,32.0,관찰,32.0
2026-10-10T09:17:30+09:00,SAND,KRW-SAND,SANDUSDT,93.9,-0.21253984999999997,43871475692.3478,1791591448193,False,False,,43721551338.67034,33989362785.147903,106596160333.26495,24915319839.638115,44054569457.363266,1.286330420933194,0.7925316371304342,0.8007414418052742,2,4.092920353982299,-9.51923076923078,중립,12700403.19468,3.483,12659259.93866,16445246.01162,48378506.43326,9723670.29675,18351155.72156,0.7697823389029953,0.5094445712443365,0.529433990428789,1,2.9367695534911586,-9.818850091887633,중립,,0.0,,31.6,관찰,31.6
2026-10-10T09:17:30+09:00,YGG,KRW-YGG,YGGUSDT,38.7,-0.25773196,596032459.8596108,1791591345497,False,False,,559908767.4925969,293706415.1265182,808750496.5297767,5621717141.46408,393443293.8405938,1.9063552536004644,0.2498041081637838,0.3461851159616373,2,3.1914893617021267,1.5706806282722363,중립,1365905.037224,9.891,1315427.413567,922193.482321,1016243.711988,2032526.494516,1227790.461046,1.4264115272819962,0.9937845193111542,1.0461878251451573,2,2.2727272727272707,0.3539823008849474,중립,,0.0,,31.5,관찰,31.5
2026-10-10T09:17:30+09:00,WLFI,KRW-WLFI,WLFIUSDT,78.3,0.38461538,1858817663.3363857,1791591300546,False,False,,1822241855.912104,1585407421.4435852,1701738007.3840516,2855983516.9312825,768852610.3566173,1.149383957249847,0.8898926940985699,1.090384451933311,2,2.3622047244094446,4.697986577181212,중립,6889955.59696,4.762,6856698.46364,5953556.70007,6302786.52009,5208751.36574,3305233.34243,1.1516978520687273,1.1777832229735956,1.443511127859764,2,1.4209591474245054,3.62976406533575,중립,,0.0,,31.3,관찰,31.3
2026-10-10T09:17:30+09:00,API3,KRW-API3,API3USDT,438.0,-0.45454544999999996,7943096721.010053,1791591417079,False,False,,7810694449.574461,2072609410.0066147,11300625796.042633,38247949278.90457,3591323591.554529,3.76853178986075,0.4539237830846985,0.6989941466929286,2,-5.982905982905984,9.725685785536164,중립,8076730.483688,8.673,8033532.269676,4317657.381048,5978779.242098,20653717.704263,6093507.576184,1.8606229167090758,0.7786906828986266,1.0570999783583823,2,-6.577415599534342,8.226567768037762,중립,,0.0,,30.9,관찰,30.9
2026-10-10T09:17:30+09:00,BIGTIME,KRW-BIGTIME,BIGTIMEUSDT,11.8,2.60869565,591084346.6947906,1791591454011,False,False,,481952834.524713,411496177.8184025,697312632.840589,470725544.6044369,811663428.6751593,1.1712206832147143,0.9153700891380767,0.4825050565505325,2,-5.737704918032782,-7.9999999999999964,중립,274316.43357,7.615,252231.77185,264413.10787,318149.14394,252446.03874,445337.50253,0.9539306650939974,0.9062129371812377,0.7009175664095187,1,-5.902004454342991,-7.952069716775611,중립,,0.0,,30.9,관찰,30.9
2026-10-10T09:17:30+09:00,A,KRW-A,AUSDT,144.0,0.0,1216546964.4244406,1791591402238,False,False,,1196860596.204244,663416154.813231,1335921969.7218146,2021708640.6675494,1861311922.8162313,1.8040872045710004,0.8929470355045287,0.9683888285086905,2,2.857142857142847,9.92366412213741,중립,1273375.87397,8.128,1265227.21326,577736.64236,607003.74372,1268142.3234,1731236.98376,2.189972247721151,1.5474370727594502,1.401218756951315,2,1.8428709990300662,8.695652173913038,고수준 유지형,,0.0,,29.8,관찰,29.8
2026-10-10T09:17:30+09:00,TOKAMAK,KRW-TOKAMAK,,479.0,-0.82815735,687412663.8376387,1791591438001,False,False,,710469619.6475797,795910497.9110276,338832542.3270325,203768843.4448941,409384955.0526688,0.8926501428393032,1.5923720102343104,0.9307268783550464,1,-3.206412825651306,-6.756756756756754,중립,,,,,,,,,,,,,,NO_DATA,,0.0,,29.7,관찰,29.7
2026-10-10T09:17:30+09:00,AERO,KRW-AERO,AEROUSDT,1096.0,0.27447392,1069478769.505874,1791591383064,False,False,,1141604034.0072284,1276354411.7347405,952196970.994686,385886663.00329965,583644267.251472,0.8944255792210818,1.3099610861353734,1.4883683416018703,1,0.36730945821854544,-7.919123841617526,중립,5051625.44046,-2.862,5075895.22827,10463276.25606,4123680.43754,5945803.20541,5620529.06165,0.4851152835929569,0.7416287805296069,0.7735960527829935,1,-0.4723430702299636,-8.783321941216682,감소형,,0.0,,29.6,관찰,29.6
2026-10-10T09:17:30+09:00,IMX,KRW-IMX,IMXUSDT,279.0,2.1978022,997332977.0375941,1791591421686,False,False,,905365367.2932619,811348614.7765974,963074488.9666463,451816967.57401586,704247050.0531129,1.1158771344455327,1.2200373791100974,0.9593995300188668,2,5.813953488372103,9.63855421686748,중립,1836631.435735,11.226,1718019.35753,1981582.358048,993855.786841,1062406.096966,617285.052439,0.8669936682431769,1.2764380604790757,1.5483744694435722,1,4.92146596858638,8.50027070925825,중립,,0.0,,28.8,관찰,28.8
2026-10-10T09:17:30+09:00,CC,KRW-CC,,168.0,0.0,2261565798.5454407,1791591388619,False,False,,2233426425.983971,2376621380.3142595,2772612254.701789,1536001157.827258,1352348849.3920774,0.9397485205189251,1.0022504048959824,1.1182161572668703,1,-2.8901734104046284,-4.0000000000000036,중립,,,,,,,,,,,,,,NO_DATA,,0.0,,25.6,관찰,25.6
2026-10-10T09:17:30+09:00,0G,KRW-0G,0GUSDT,354.0,0.56818182,3099300260.2027,1791591446691,False,False,,3024305024.294686,3715409047.006823,3115201888.56943,3317046655.2124157,1997400851.144756,0.8139897884813252,0.8940895957230378,1.1473103675249525,1,-19.080459770114942,-13.725490196078427,중립,2291182.80415,-9.892,2206378.866859,2627962.389643,2111408.723402,2188781.146222,1780025.028509,0.8395777943986213,0.9553971034229704,1.1676339801649047,1,-20.087336244541486,-14.911989372301559,중립,,0.0,,25.3,관찰,25.3
2026-10-10T09:17:30+09:00,TRX,KRW-TRX,TRXUSDT,455.0,0.0,2640969064.905946,1791591432963,False,False,,2622768393.15044,3182225570.853539,3729244795.2844405,2149679652.5722265,1588717032.014298,0.8241931110015432,0.8683561317497447,1.0688376210015418,1,0.0,0.22026431718060735,중립,23213000.1856,-0.24,23539588.70572,31998217.93806,34837464.11703,21825981.18062,23153628.51717,0.7356531151605491,0.7964971955174995,0.9456606200304382,1,-1.0730253353204322,-1.131963062257979,감소형,,0.0,,25.3,관찰,25.3
2026-10-10T09:17:30+09:00,NMR,KRW-NMR,NMRUSDT,18360.0,-0.9174311900000001,9984828531.816666,1791591448198,False,False,,,,,,,,,,,,,NO_DATA,4448882.7192,-2.467,4493520.1038,7629583.5369,20434521.3799,32306028.0711,1385648.3567,0.5889600765320117,0.22329850282261116,0.34607560317078445,1,-16.086956521739136,14.783347493627863,감소형,,0.0,,25.0,관찰,25.0
2026-10-10T09:17:30+09:00,FOLD,KRW-FOLD,,88.3,-0.11312217,5433992864.108867,1791591452125,False,False,,5705039982.42645,6681221509.763606,8110158114.231741,4597191856.447896,11350472210.5998,0.8538917582794384,0.8827427004894576,0.7552190182690791,1,-5.656350053361791,-7.434554973821983,중립,,,,,,,,,,,,,,NO_DATA,,0.0,,25.0,관찰,25.0
2026-10-10T09:17:30+09:00,DATA,KRW-DATA,,267.0,0.0,2317605514.375743,1791591420341,False,False,,2348364785.8023744,2519521499.637774,5985312574.787958,5508919826.005373,4576369438.591596,0.932067770066655,0.5027271356028591,0.5218337069036556,1,-3.6101083032490933,-6.968641114982576,중립,,,,,,,,,,,,,,NO_DATA,,0.0,,25.0,관찰,25.0
2026-10-10T09:17:30+09:00,PLUME,KRW-PLUME,PLUMEUSDT,24.9,-0.4,1983498334.1130261,1791591308471,False,False,,1992425269.2690578,2531558561.139993,2495403456.1327753,1404443290.3864222,3859407509.7282667,0.7870350304564329,0.9293887606008607,0.8737613635240489,1,-3.8461538461538436,-1.9607843137254943,중립,3274166.97879,1.39,3300268.23082,6188073.19696,3164330.22786,2400767.36873,4540212.76145,0.5333272774538793,0.8423943518198037,0.9006038456304917,1,-5.4110301768990565,-3.6055143160127034,감소형,,0.0,,25.0,관찰,25.0
2026-10-10T09:17:30+09:00,ARX,KRW-ARX,,352.0,0.0,1635290090.8519988,1791591367711,False,False,,1633927056.7454104,1855765392.1459637,1950390881.0240338,1750234287.1583614,2121924223.6700199,0.8804599243312623,0.882188017025671,0.9417595144152927,1,-3.825136612021862,-5.630026809651478,중립,,,,,,,,,,,,,,NO_DATA,,0.0,,25.0,관찰,25.0
2026-10-10T09:17:30+09:00,ZAMA,KRW-ZAMA,ZAMAUSDT,104.0,0.0,1215711474.4637926,1791591380934,False,False,,1215476301.4165747,1563533000.6541562,2986597338.050079,2583975260.641726,1440532662.9610527,0.7773908839199682,0.5111262867463051,0.5503013449335549,1,-7.964601769911505,-11.864406779661019,중립,3781505.92694,3.804,3800437.66081,4492328.98168,5122619.81688,4568449.01071,3509795.37276,0.8459838262755073,0.8038492000117432,0.8288130876685477,1,-8.51294400963274,-13.016599885518021,중립,,0.0,,25.0,관찰,25.0
2026-10-10T09:17:30+09:00,SONIC,KRW-SONIC,,35.5,0.0,431175171.36756146,1791591360512,False,False,,421803607.09074306,434408034.3149539,2066299011.9714096,565469245.8608922,1866686932.3280404,0.9709848201954009,0.4126999561352869,0.39829340928975754,1,-5.080213903743314,-4.825737265415542,중립,,,,,,,,,,,,,,NO_DATA,,0.0,,25.0,관찰,25.0
2026-10-10T09:17:30+09:00,IRYS,KRW-IRYS,,20.2,0.0,215682418.59149697,1791591420018,False,False,,222773085.32382858,267962323.5417302,783784605.7732214,373310827.492818,528786891.82375103,0.8313597313957303,0.46897696095389724,0.4822408946083781,1,-4.716981132075471,-6.04651162790698,중립,,,,,,,,,,,,,,NO_DATA,,0.0,,25.0,관찰,25.0
2026-10-10T09:17:30+09:00,IQ,KRW-IQ,IQUSDT,1.15,0.0,171491838.6576808,1791591363054,False,False,,165673300.52683288,215368744.27024317,373967351.18126345,264541535.85876778,201041169.66478026,0.7692541510059937,0.582073921784111,0.7175507886486886,1,-3.361344537815125,-7.258064516129037,중립,48681.807731,4.234,47236.908472,52306.97827,62128.313892,53528.573952,39672.283591,0.9030708718857906,0.8436976874527196,1.019705419387662,1,-4.128440366972475,-8.43373493975903,중립,,0.0,,25.0,관찰,25.0
2026-10-10T09:17:30+09:00,QTUM,KRW-QTUM,QTUMUSDT,1310.0,0.1529052,270845503.6069371,1791591313795,False,False,,267569127.01036474,270442946.412922,487879190.66604596,377440092.66306,331615851.37192327,0.989373657399186,0.7067565376015521,0.7975989552647944,1,-0.7587253414264028,-2.460850111856827,중립,147003.4795,3.568,153689.7052,317417.0564,810851.5271,171271.0769,191360.762,0.4841885528871031,0.3547941857027144,0.474511296008707,1,-1.846153846153853,-3.7223340040241526,감소형,,0.0,,24.9,관찰,24.9
2026-10-10T09:17:30+09:00,AAVE,KRW-AAVE,AAVEUSDT,229400.0,0.26223776000000004,2155422314.542425,1791591431975,False,False,,2287907059.982372,2412534163.48732,3393453769.02237,2639000662.381107,4603676928.26495,0.948341828525736,0.8127567139758667,0.7333158255229115,1,-6.075533661740562,-5.532617671345996,중립,19275681.92994,1.023,19185082.64193,32034855.56965,27194754.2917,17882237.90971,28897141.42952,0.5988815089307302,0.7463865746891157,0.7842153950145162,1,-6.87774748205443,-6.576229553955226,감소형,,0.0,,24.8,관찰,24.8
2026-10-10T09:17:30+09:00,WAXP,KRW-WAXP,WAXPUSDT,8.03,0.24968789,213355150.13814196,1791591369716,False,False,,199519149.5216483,240412468.40127575,439165061.2673319,222654687.2030477,282277184.87787384,0.8299035022951811,0.6634183942581282,0.5796178051629997,1,-2.9090909090909167,-5.430932703659986,중립,165668.98616,2.982,164284.16468,297601.26221,259219.03387,206616.95531,247847.56171,0.5520277819388889,0.6455704029933791,0.640189230085046,1,-3.770491803278686,-6.677265500794904,감소형,,0.0,,24.8,관찰,24.8
2026-10-10T09:17:30+09:00,SPK,KRW-SPK,SPKUSDT,29.8,0.33670034,484545577.20241076,1791591314131,False,False,,479242174.96757066,523245227.420722,888200931.7880528,515818596.77257395,642709092.8911489,0.9159035760917316,0.7459932634790659,0.7159513041197693,1,-9.174311926605515,-11.869436201780426,중립,738635.866108,1.414,737539.495828,1123351.929578,1046004.260083,950736.154618,1228734.628063,0.6565524804902994,0.7091516030097815,0.6592524888427899,1,-10.285667038736602,-12.672032193158945,감소형,,0.0,,24.7,관찰,24.7
2026-10-10T09:17:30+09:00,SOON,KRW-SOON,,423.0,0.47505938000000003,2676917966.649787,1791591446383,False,False,,2838117291.332385,3515151894.747617,4909184008.990165,3840995367.689799,5449237182.522016,0.8073953491378665,0.6941803434067507,0.46742561651218906,1,-5.393258426966296,-13.729508196721307,중립,,,,,,,,,,,,,,NO_DATA,,0.0,,24.6,관찰,24.6
2026-10-10T09:17:30+09:00,ATH,KRW-ATH,,8.94,0.67567568,1154890320.1752698,1791591449739,False,False,,1154066119.9857082,1506428222.7536283,1459989180.564986,1546644310.421526,1327119688.1647084,0.7660943299881685,0.7671506794193323,0.38606837598405097,1,-7.015706806282718,-15.428571428571425,중립,,,,,,,,,,,,,,NO_DATA,,0.0,,24.5,관찰,24.5
2026-10-10T09:17:30+09:00,RE,KRW-RE,REUSDT,608.0,0.66225166,831892568.0062984,1791591447821,False,False,,846065034.96936,923964631.6426327,1491760279.4267168,1493360074.999261,5146744371.487244,0.9156898500164643,0.6493067083355375,0.40592754217580646,1,-7.78625954198473,-13.837375178316691,중립,542410.81259,1.417,540190.55769,680360.82333,840863.39818,611846.14508,1810821.40883,0.7939765770845799,0.7597366211883118,0.6023813209803901,1,-8.459465063238646,-14.751882602819077,중립,,0.0,,24.5,관찰,24.5
2026-10-10T09:17:30+09:00,ZKC,KRW-ZKC,ZKCUSDT,56.8,0.70921986,1249202906.06898,1791591433993,False,False,,1225586409.5490344,1578507781.2643535,2555320465.887119,2617033353.307817,4394743738.456893,0.77642088565909,0.5446355511712694,0.5130494927102547,1,-4.081632653061218,-1.7421602787456414,중립,885719.41477,8.355,882909.24895,767943.33146,913974.87725,1496355.64822,869993.20398,1.1497062514644523,0.8333856256831479,1.02225509305353,2,-4.618937644341791,-2.364066193853409,중립,,0.0,,24.4,관찰,24.4
2026-10-10T09:17:30+09:00,USDC,KRW-USDC,USDCUSDT,1369.0,0.07309942,969371709.8273078,1791591420663,False,False,,962302454.2300527,1236700067.8520586,1949601328.9473374,1167887522.955283,1353689810.8937788,0.7781211299692182,0.6630183981205874,0.6862222035570602,1,1.1086474501108556,1.333333333333342,중립,3279581823.73123,0.015,3195698718.02521,4585150448.80493,4498091055.83662,2901892321.54423,4112421799.83264,0.6969670360234601,0.7999156532678187,0.944237901491603,1,0.07799844003120171,0.06799184097907585,감소형,,0.0,,24.3,관찰,24.3
2026-10-10T09:17:30+09:00,IOST,KRW-IOST,IOSTUSDT,1.17,0.8620689699999999,401783049.068015,1791591444645,False,False,,390408060.05688274,427825600.76326084,1029177791.2581521,784391112.053039,636604182.3736615,0.9125402018027359,0.5225426305104137,0.5219962136162212,1,0.0,0.0,중립,358698.485112,3.541,351678.161862,494884.798839,638336.23216,294428.36114,362891.039428,0.710626316845935,0.7390011100731649,0.8680069133594136,1,-1.8583042973286834,-0.8215962441314506,감소형,,0.0,,24.3,관찰,24.3
2026-10-10T09:17:30+09:00,GLM,KRW-GLM,GLMUSDT,184.0,0.0,303781091.43992686,1791591360519,False,False,,283491919.25087625,363265412.3523056,366394095.6350728,248558596.73600098,238463663.05070415,0.7803988753433464,0.8694132255844175,1.0522864943031152,1,0.5464480874316946,4.545454545454541,중립,221868.59793,3.072,220228.04901,459709.85629,285418.77495,334747.67548,147455.95754,0.4790587932730181,0.611814652213967,0.8585543700992383,1,-0.4444444444444584,3.703703703703698,감소형,,0.0,,24.1,관찰,24.1
2026-10-10T09:17:30+09:00,BABY,KRW-BABY,BABYUSDT,18.9,0.0,160371310.81535697,1791591300242,False,False,,164658457.88155535,165804640.17634767,299666660.47586536,394916822.89172107,219196932.7178663,0.9930871518820387,0.5741308603958689,0.66325177253692,1,1.612903225806428,1.612903225806428,중립,848807.62443,6.899,839044.96044,1080226.96465,1144897.38349,787581.93479,604463.31739,0.7767302501209601,0.8355062342393256,1.061149511978429,1,0.14534883720931369,0.14534883720931369,중립,,0.0,,24.1,관찰,24.1
2026-10-10T09:17:30+09:00,PONS,KRW-PONS,,477.0,1.4893617,16389847833.044106,1791591453284,False,False,,,,,,,,,,,,,NO_DATA,,,,,,,,,,,,,,NO_DATA,,0.0,,23.8,관찰,23.8
2026-10-10T09:17:30+09:00,SNT,KRW-SNT,,10.9,1.8691588799999999,158089011.49435169,1791591390296,False,False,,152654089.5956796,191992483.85580552,333542456.56709343,160828442.83487317,178017161.64184588,0.7951045089365545,0.6672300416338579,0.7944638649813842,1,-6.14035087719299,-8.54700854700855,중립,,,,,,,,,,,,,,NO_DATA,,0.0,,23.5,관찰,23.5
2026-10-10T09:17:30+09:00,STX,KRW-STX,STXUSDT,542.0,0.18484288000000001,8820312467.030428,1791591447471,False,False,,8739079683.825743,9061909911.799988,14400511907.246675,3251062527.211712,6889045063.377171,0.9643750344997504,0.9814234156672019,1.1248996718352189,1,4.038461538461546,2.851711026615966,중립,3358369.06643,3.69,3330439.65817,3148960.66418,6201435.32455,1406177.51495,2419632.59798,1.057631394400812,0.9288570352902629,1.054672494490083,2,2.8876170655567135,1.5143737166324556,중립,,0.0,,23.4,관찰,23.4
2026-10-10T09:17:30+09:00,SIGN,KRW-SIGN,SIGNUSDT,17.4,-1.13636364,541283417.8780522,1791591300482,False,False,,496425703.27365154,569545809.9021331,682071152.0812212,275610165.7194334,544683892.2854615,0.871616812278812,0.975151032093755,0.9860513147385721,1,3.529411764705892,1.7341040462427681,중립,765675.94465,2.749,554210.72217,513173.97381,701129.53946,352338.78702,384372.60572,1.0799665424482217,1.0612710803239713,1.211179575032592,2,2.0618556701030855,0.3900156006240163,중립,,0.0,,23.4,관찰,23.4
2026-10-10T09:17:30+09:00,KAIA,KRW-KAIA,KAIAUSDT,84.7,2.17129071,164783729781.4617,1791591454359,False,False,,,,,,,,,,,,,NO_DATA,33269378.76644,66.577,32198555.55294,1100411.28276,857451.09896,1164855.90354,1217929.14888,29.260473840454534,30.933199166500337,34.7118425812176,3,52.77777777777777,61.33333333333333,가속형,,0.0,,23.3,관찰,23.3
2026-10-10T09:17:30+09:00,AXL,KRW-AXL,AXLUSDT,75.0,0.40160643,321014845.8166204,1791591415757,False,False,,310775889.8726337,372325167.0918376,434372991.29602647,545378421.2870462,290306880.95797753,0.8346894525020863,0.689552414140675,0.8101856591079168,1,3.176795580110503,2.751031636863832,중립,682427.740183,7.241,680032.24062,549045.194216,426153.37877,366290.363966,484660.142167,1.2385724304372445,1.5207704407129206,1.6559384179721173,4,1.8656716417910557,1.6759776536312998,연속 가속형,,0.0,,23.0,관찰,23.0
2026-10-10T09:17:30+09:00,ZRX,KRW-ZRX,ZRXUSDT,177.0,2.90697674,307515962.1006306,1791591383442,False,False,,220690476.34142908,255825391.6956568,474772137.2072086,161939460.1698148,314404869.8239708,0.8626605626542887,0.7417859843681773,0.5698018182149555,1,-0.5780346820809301,-0.5780346820809301,중립,382311.8051,10.318,356554.7326,318432.0792,335030.8594,328171.071,226994.6716,1.1197198897038763,1.0896771987717406,0.9627881117455237,2,-0.9448818897637823,-1.5649452269170583,중립,,0.0,,22.7,관찰,22.7
2026-10-10T09:17:30+09:00,BEAM,KRW-BEAM,,3.67,0.0,1912481167.3285637,1791591313782,False,False,,1930670642.261323,2436397240.660715,6125251834.741721,2031359011.1331267,22724708160.131466,0.7924285129044694,0.5467768814550432,0.11463240375942262,1,7.624633431085037,6.069364161849711,중립,,,,,,,,,,,,,,NO_DATA,,0.0,,21.0,관찰,21.0
2026-10-10T09:17:30+09:00,UP2,KRW-UP2,,98.4,5.46623794,2887896615.8966384,1791591450898,False,False,,1458721115.6857922,1771288549.0425787,6225714047.590167,1161635771.5392647,4693002119.790124,0.8235366939363232,0.47781811784002376,0.4554672494985757,1,-0.21390374331551332,-1.1652542372881491,중립,,,,,,,,,,,,,,NO_DATA,,0.0,,20.6,관찰,20.6
2026-10-10T09:17:30+09:00,POL,KRW-POL,POLUSDT,138.0,0.0,1889966040.7612302,1791591424341,False,False,,1837517595.7872112,3256415668.366304,3091611829.8205814,2881999201.9834595,3514971992.4725127,0.5642761191813903,0.5972412612045744,0.6565990894675328,1,-5.47945205479452,-7.38255033557047,감소형,14479301.762886,2.199,14352486.4732,10471226.701703,8451850.803441,5261504.44666,8091017.204621,1.3706595112553304,1.7803681496503279,2.0502282842815096,4,-6.0690682304756605,-8.355281082553812,연속 가속형,EARLY,5.0,Binance 연속가속 우위,18.0,관찰,18.0
2026-10-10T09:17:30+09:00,TIA,KRW-TIA,TIAUSDT,651.0,0.77399381,1867527136.5033803,1791591446739,False,False,,1940258043.6620808,2638506028.431263,1326637063.9374704,682202314.6762044,629094155.6933221,0.7353623689901785,1.252494407272267,1.6245376998692107,1,-2.564102564102566,0.0,감소형,11252486.655251,-4.161,11383424.67404,22105413.589656,7621931.61886,5605019.6596,4927511.102219,0.5149609451038164,0.9665436816808513,1.2846925283376647,1,-3.4306718399019887,-1.3764337851929098,감소형,,0.0,,17.5,관찰,17.5
2026-10-10T09:17:30+09:00,BCH,KRW-BCH,BCHUSDT,379500.0,0.18479409,3381932671.736713,1791591449311,False,False,,3541112234.492473,4796605114.455576,4394843202.709848,2075214533.854299,2396828440.195377,0.7382538587178228,0.9429000267382566,1.12302655064605,1,-10.36441079034548,-12.19286045433472,감소형,16188746.8351,1.204,17185138.3012,20525009.4201,13846786.5245,9915013.2342,9870239.004,0.8372779738834474,1.1641257489437613,1.3878190941799828,1,-11.321359846055168,-13.295703982439633,중립,,0.0,,13.5,관찰,13.5
2026-10-10T09:17:30+09:00,MINA,KRW-MINA,MINAUSDT,108.0,-0.9174311900000001,9758663858.236269,1791591438687,False,False,,9847607781.49822,17495454255.408142,14466987178.036215,8474394052.801973,6115613012.173465,0.5628666531167179,0.7305918722186602,1.0340087034010785,1,-30.573248407643316,-48.826291079812215,감소형,6435932.70375,2.594,6420201.34873,12469290.9998,14319147.89594,12123599.97486,2664049.45456,0.5148810264218692,0.49497802236064153,0.7508058776737299,1,-30.728709394205445,-49.968294229549784,감소형,,0.0,,13.2,관찰,13.2
2026-10-10T09:17:30+09:00,BTC,KRW-BTC,BTCUSDT,113005000.0,0.00353979,71822026221.62184,1791591452921,False,False,,72960012277.66539,142652118464.73346,170951546647.47925,88086932206.02402,108438489244.53793,0.51145410992058,0.5448970881924575,0.6530269479661428,1,-2.559304641757709,-3.308861279392139,감소형,1033200882.936673,1.051,1016094089.6512578,1778910834.2706711,1745755734.9707692,1083162507.3845277,1391807556.3811734,0.5711888814640012,0.6615441281050825,0.7601726766882491,1,-3.406642179602004,-4.5006934011325495,감소형,,0.0,,13.0,관찰,13.0
2026-10-10T09:17:30+09:00,ETH,KRW-ETH,ETHUSDT,3404000.0,-0.029368580000000002,48658852331.62946,1791591452142,False,False,,49276190231.54449,119471663316.22687,130889514495.43661,42774825175.8157,49982685382.4237,0.4124508595910015,0.5043002878801882,0.6620455134415711,1,-6.839945280437753,-7.573289902280134,감소형,426034725.122612,0.501,428233424.621484,1053681549.306711,1133065272.211513,626253789.874759,733041779.987097,0.40641636451093593,0.45670102902262616,0.5618235811699337,1,-7.777229943391816,-8.773203664180373,감소형,,0.0,,13.0,관찰,13.0
2026-10-10T09:17:30+09:00,DOGE,KRW-DOGE,DOGEUSDT,117.0,0.0,14183391030.349178,1791591435675,False,False,,13707181446.601328,38402615177.504585,39997316169.59772,20581201953.602676,18898472017.390926,0.3569335417195935,0.41544830785960596,0.49611574242536893,1,-8.59375,-9.999999999999998,감소형,40833986.06697,1.855,40155118.24038,118721196.60002,114362666.49249,71214512.34507,53876318.57131,0.33823040358719925,0.3958790596496325,0.4844923206130056,1,-8.859003095314332,-10.968616411218857,감소형,,0.0,,13.0,관찰,13.0
2026-10-10T09:17:30+09:00,HBAR,KRW-HBAR,HBARUSDT,127.0,0.0,5051878748.498481,1791591450526,False,False,,5061796947.218899,11845657757.50943,7476439911.057745,3732172928.112674,4791211507.244737,0.4273124423175257,0.6586801685169609,0.7855546950930107,1,-5.925925925925924,-9.9290780141844,감소형,13055392.44393,2.829,13018399.99416,24315455.52226,17002542.11691,12531982.38865,14749127.29143,0.5353960974427184,0.7252593215875528,0.8470396367791644,1,-7.434533962074852,-11.296990673973662,감소형,,0.0,,13.0,관찰,13.0
2026-10-10T09:17:30+09:00,LINK,KRW-LINK,LINKUSDT,17530.0,-0.05701254,4124720298.268673,1791591450161,False,False,,4092870481.7207513,10055099983.556263,9000713949.70979,4943754112.396701,5994024628.44764,0.40704423510597404,0.5116180183660125,0.6039486565734241,1,-7.1957671957672,-9.119170984455959,감소형,15860063.0739,0.659,15964577.66803,38964952.19612,24870303.2344,16193431.26943,23232611.27447,0.40971634169282256,0.5984570655727119,0.6823745721933371,1,-8.224084819829503,-10.27454825605828,감소형,,0.0,,13.0,관찰,13.0
2026-10-10T09:17:30+09:00,POD,KRW-POD,,818.0,-0.24390244,3601100236.938791,1791591449737,False,False,,3631675716.992084,6326602760.157451,17145524435.365097,47299722893.28072,49616620440.47409,0.574032518662781,0.15394577275152993,0.07800036124320273,1,-19.291338582677163,-31.092436974789916,감소형,,,,,,,,,,,,,,NO_DATA,,0.0,,13.0,관찰,13.0
2026-10-10T09:17:30+09:00,PUMP,KRW-PUMP,PUMPUSDT,7.46,-0.26737968,3081416192.577374,1791591450958,False,False,,3067944746.5227656,7117134334.742392,8147923596.636858,2139696991.6225896,6480707199.913941,0.4310646114330806,0.5288114817063388,0.4434796783486838,1,-10.526315789473673,-15.000000000000002,감소형,23313699.49768,-1.622,23322827.648239,69995887.024095,56016581.737091,21861928.246379,30308201.10609,0.33320283004929246,0.4731615773969144,0.5288729554483771,1,-11.691461836998718,-16.255175586566484,감소형,,0.0,,13.0,관찰,13.0
2026-10-10T09:17:30+09:00,META2,KRW-META2,,8010.0,-0.8663366299999999,2212439608.027439,1791591451740,False,False,,1807966338.5764298,4483790831.909542,8284905381.445074,1613772175.127184,2805123393.0849586,0.40322272076337223,0.37711878581794894,0.20279073570576872,1,-0.6150061500615034,-6.04651162790698,감소형,,,,,,,,,,,,,,NO_DATA,,0.0,,13.0,관찰,13.0
2026-10-10T09:17:30+09:00,MON,KRW-MON,,33.5,0.0,1330665581.0589485,1791591450975,False,False,,1360884145.0859938,3482050626.1291595,2862552445.362984,3694555038.021446,1953070781.9567327,0.39082836271074783,0.40667278976202825,0.49290311063455533,1,-12.987012987012992,-25.72062084257206,감소형,,,,,,,,,,,,,,NO_DATA,,0.0,,13.0,관찰,13.0
2026-10-10T09:17:30+09:00,OPEN,KRW-OPEN,OPENUSDT,150.0,0.0,1101358948.1465409,1791591429655,False,False,,1132063729.3900497,1549778012.3884573,1934523732.6048243,1533977377.9178624,2354556016.2854977,0.7304683124555092,0.6767641067761077,0.40793585857315906,1,-7.4074074074074066,-7.4074074074074066,감소형,1532525.77439,4.794,1562818.22493,2423507.8205,2005558.63203,1605370.94189,2243482.99931,0.6448579252397755,0.7769497582534173,0.5601076102321458,1,-8.626465661641546,-8.549874266554902,감소형,,0.0,,13.0,관찰,13.0
2026-10-10T09:17:30+09:00,CP,KRW-CP,,14.8,0.0,820963159.7567899,1791591433645,False,False,,845554891.0895052,2079197286.3685083,1692574710.2813601,1253673793.106924,1057301066.5681438,0.40667371808970443,0.5047641103678642,0.6155878016507701,1,-9.756097560975597,-12.941176470588234,감소형,,,,,,,,,,,,,,NO_DATA,,0.0,,13.0,관찰,13.0
2026-10-10T09:17:30+09:00,ZBT,KRW-ZBT,ZBTUSDT,111.0,0.0,818789113.8382823,1791591300560,False,False,,815268235.2455349,1678726026.8052711,1677480049.1580229,912972996.6891007,514464073.767092,0.48564698600464623,0.5728981296202814,0.7581107780422931,1,-9.016393442622949,-5.128205128205132,감소형,280379.48275,2.003,284167.88943,946009.95255,644210.22267,406933.3638,415205.74607,0.30038572920297124,0.4268593533916887,0.532792565955997,1,-9.720670391061448,-6.155632984901271,감소형,,0.0,,13.0,관찰,13.0
2026-10-10T09:17:30+09:00,MANA,KRW-MANA,MANAUSDT,130.0,0.0,536745209.8609563,1791591387612,False,False,,528399747.41857404,1304202659.4367368,5502191067.181591,1247330256.6400034,1737670714.923269,0.4051515641340442,0.1968281065443704,0.1535466044887246,1,-6.474820143884896,-7.801418439716312,감소형,818971.1135,2.589,801431.3306,1539808.8746,4941233.1068,961694.0648,2343323.8498,0.5204745496795438,0.32303899760459037,0.31763599122382946,1,-7.045009784735812,-8.38958534233365,감소형,,0.0,,13.0,관찰,13.0
2026-10-10T09:17:30+09:00,ME,KRW-ME,MEUSDT,99.1,-0.20140987,534383028.8963025,1791591450141,False,False,,519204801.6382736,1226067869.5978856,1253542445.7701786,743020287.4893937,663689354.1198916,0.4234715014663565,0.4833363164657183,0.554767383703466,1,-2.6470588235294135,-5.428571428571427,감소형,389501.6387601,5.54,379405.3440497,818704.7786014,330003.0970586,389046.4703897,325601.9697544,0.4634214358658578,0.740180663493513,0.9035379010809658,1,-3.3617929562433257,-6.480764265427307,감소형,,0.0,,13.0,관찰,13.0
2026-10-10T09:17:30+09:00,B3,KRW-B3,,0.975,-0.40858018,495749111.9380951,1791591444642,False,False,,506593411.2674393,785711597.3118685,1065012611.570501,1248176234.8853145,6434129674.505938,0.6447574568081114,0.49042564011980616,0.15393722485134817,1,-8.504672897196263,-12.589285714285726,감소형,,,,,,,,,,,,,,NO_DATA,,0.0,,13.0,관찰,13.0
2026-10-10T09:17:30+09:00,ICP,KRW-ICP,ICPUSDT,4180.0,-0.38131554,444354331.29017437,1791591440994,False,False,,401668936.31714636,759346593.4370303,921938029.705828,712632346.8636924,837035696.2151397,0.5289665348982108,0.5033619895965488,0.5058994821787479,1,-8.623693379790943,-7.840983966615422,감소형,9401328.53269,4.827,9412880.65796,11494450.79537,11157495.5042,8359577.9153,14854017.78128,0.8189065163297351,0.9105854255412443,0.8041536625655678,1,-9.678371200944225,-9.034175334323935,중립,,0.0,,13.0,관찰,13.0
2026-10-10T09:17:30+09:00,SC,KRW-SC,SCUSDT,1.32,0.0,440753002.68861735,1791591371877,False,False,,470558001.76126,2145324574.1474853,2016896909.2442126,5387216915.948266,403011933.97701955,0.2193411698312604,0.14782796079205576,0.2297053376541763,1,-10.20408163265305,-6.382978723404243,감소형,276691.596319,2.006,280221.90704,677876.734687,593422.792399,680851.304686,413658.797357,0.4133818033589669,0.4306356391308727,0.5245227635346698,1,-10.710987996306553,-6.570048309178733,감소형,,0.0,,13.0,관찰,13.0
2026-10-10T09:17:30+09:00,BERA,KRW-BERA,BERAUSDT,297.0,0.0,427437657.70789516,1791591448213,False,False,,418035189.7087111,1152135151.4704695,1427395434.791495,1182786022.8899927,1543975981.061052,0.3628352013868972,0.3333333420359894,0.34618912765832743,1,-7.7639751552795015,-3.2573289902280145,감소형,493235.4428108,3.633,494291.9415353,1370795.7871009,1022100.0805733,998899.5455104,1026764.834405,0.36058758437001,0.4371949495661382,0.5054902823234437,1,-8.834665544804377,-4.621478873239438,감소형,,0.0,,13.0,관찰,13.0
2026-10-10T09:17:30+09:00,BTT,KRW-BTT,,0.000499,0.0,401255210.35051674,1791591303502,False,False,,401754470.3853064,615325266.9232649,908806622.8215019,290679060.00108755,215164139.2932532,0.652913982216511,0.664126151170018,0.8339371651830462,1,-1.1881188118812003,-1.7716535433070835,감소형,,,,,,,,,,,,,,NO_DATA,,0.0,,13.0,관찰,13.0
2026-10-10T09:17:30+09:00,DOOD,KRW-DOOD,,2.14,0.0,307189558.65047103,1791591300297,False,False,,302226302.33847475,737383455.0090756,596388708.7170901,1269843646.6200511,607527202.2138863,0.40986314553905334,0.34823836274632936,0.4299844692502395,1,-5.726872246696035,-8.936170212765958,감소형,,,,,,,,,,,,,,NO_DATA,,0.0,,13.0,관찰,13.0
2026-10-10T09:17:30+09:00,SKY,KRW-SKY,SKYUSDT,105.0,0.0,238797120.20129985,1791591345164,False,False,,251345928.09128532,731893242.8435577,737792165.0768347,644428867.2527342,1142178481.3693247,0.3434188394946154,0.3566684134007407,0.3166812858055759,1,-13.223140495867769,-21.052631578947366,감소형,1888744.63485,0.763,1883576.50797,3868301.5042,5053797.35794,4411132.89862,8925376.77308,0.4869259818359326,0.4238079428380015,0.3545340684144526,1,-14.680851063829802,-22.056265984654743,감소형,,0.0,,13.0,관찰,13.0
2026-10-10T09:17:30+09:00,ARDR,KRW-ARDR,,37.5,-1.3157894700000001,194110457.68288136,1791591440332,False,False,,176433966.9580238,259768781.44020984,438689158.8059133,368880508.2922272,289664275.0929747,0.6791961912429921,0.4959082113072151,0.546060017860336,1,-4.282115869017645,-6.8627450980392135,감소형,,,,,,,,,,,,,,NO_DATA,,0.0,,13.0,관찰,13.0
2026-10-10T09:17:30+09:00,POLYX,KRW-POLYX,POLYXUSDT,55.8,0.0,190258253.9018049,1791591300448,False,False,,190425089.37696314,366138440.0750109,646217498.6264638,743624589.316862,403936468.61209923,0.5200904044326804,0.32533120898304396,0.3846361385776187,1,-3.2928942807625705,-3.460207612456745,감소형,247279.55544,5.181,239657.74449,368131.84342,271625.43427,426662.61806,192497.33369,0.6510106332110356,0.6741933794890004,0.846831313907641,1,-4.470588235294127,-4.918032786885251,감소형,,0.0,,13.0,관찰,13.0
2026-10-10T09:17:30+09:00,QKC,KRW-QKC,QKCUSDT,3.66,0.0,170135583.92116526,1791591318718,False,False,,166220433.691417,383347765.9929572,1110011356.198205,7283305260.966978,189079142.77467272,0.43360219736997446,0.05681672208306726,0.08999815689446088,1,-7.575757575757569,-3.6842105263157787,감소형,44164.802873,2.877,44723.034357,111712.123333,113393.661015,458384.331351,60151.553411,0.4003418162922763,0.19629999028411158,0.27665396202723946,1,-8.336192109777018,-5.079928952042623,감소형,,0.0,,13.0,관찰,13.0
2026-10-10T09:17:30+09:00,TOSHI,KRW-TOSHI,,0.155,0.0,162611722.41160244,1791591300514,False,False,,161093002.423837,273068770.655172,522919245.359014,391955934.4539035,374911241.53929037,0.5899356489478006,0.40681970481947655,0.28236073915983434,1,-4.907975460122705,-9.35672514619884,감소형,,,,,,,,,,,,,,NO_DATA,,0.0,,13.0,관찰,13.0
2026-10-10T09:17:30+09:00,KNC,KRW-KNC,KNCUSDT,190.0,0.0,150157683.1056098,1791591422680,False,False,,150187078.65186816,310603790.84868115,433603841.84758925,433516828.2539019,268794095.6240298,0.4835326646899676,0.3825693113243973,0.3955845120698249,1,-5.000000000000004,-1.5544041450777257,감소형,227970.10395,5.363,228711.57989,386104.35243,325256.7555,260938.64141,223383.39723,0.5923569067548001,0.7056823167297434,0.8575825838446786,1,-6.195286195286187,-2.655485674353597,감소형,,0.0,,13.0,관찰,13.0
2026-10-10T09:17:30+09:00,XTZ,KRW-XTZ,XTZUSDT,407.0,-0.48899756,134491495.43286896,1791591300557,False,False,,134025279.24384655,316881178.03611314,338552018.55874515,240941208.65462336,457983385.7970629,0.4229512149458509,0.4485579188527061,0.3684729776543858,1,-9.312638580931266,-8.705357142857139,감소형,716935.62205,3.32,719283.7868,1279542.58015,977464.05534,450380.78388,913718.56574,0.5621413448512818,0.7970234865397006,0.8153981643185991,1,-10.384153661464591,-9.569957601453671,감소형,,0.0,,13.0,관찰,13.0
2026-10-10T09:17:30+09:00,MOCA,KRW-MOCA,,13.3,0.0,126554539.12768191,1791591300410,False,False,,117584235.25087474,203147161.9225589,416733503.8092496,188008485.47925988,130500539.93643324,0.5788130837668245,0.4366350324470001,0.5439648601890114,1,-2.2058823529411686,-4.999999999999993,감소형,,,,,,,,,,,,,,NO_DATA,,0.0,,13.0,관찰,13.0
2026-10-10T09:17:30+09:00,DKA,KRW-DKA,,5.36,-0.55658627,126228834.26423807,1791591373686,False,False,,121965070.98496263,819858740.8026581,257429237.06122136,211166028.60337013,93158395.24619354,0.14876351853681086,0.283980034303373,0.36548730986552913,1,-4.0925266903914626,-5.769230769230771,감소형,,,,,,,,,,,,,,NO_DATA,,0.0,,13.0,관찰,13.0
2026-10-10T09:17:30+09:00,POKT,KRW-POKT,,11.1,-0.8928571399999999,118970311.06100683,1791591302188,False,False,,112769770.2290876,387517430.87872756,238984828.50737122,199796462.28692713,249250092.4322645,0.2910056715987534,0.4094273678679791,0.4320487463773957,1,-5.882352941176483,-8.196721311475407,감소형,,,,,,,,,,,,,,NO_DATA,,0.0,,13.0,관찰,13.0
2026-10-10T09:17:30+09:00,PUNDIX,KRW-PUNDIX,PUNDIXUSDT,154.0,-0.64516129,118327942.14254041,1791591300458,False,False,,99321848.63602188,135087901.58510166,517678174.7734744,205075897.71458122,164005260.63818887,0.73523866660592,0.3473431644913367,0.35070539274719364,1,-5.487804878048785,-6.060606060606055,감소형,92593.25529,2.727,89915.90224,179845.00249,296002.61052,109750.12626,198789.7864,0.4999633072650969,0.4606365233859418,0.49159036530259415,1,-6.291390728476831,-7.667210440456773,감소형,,0.0,,13.0,관찰,13.0
2026-10-10T09:17:30+09:00,ORDER,KRW-ORDER,,51.0,-0.390625,114393830.59686801,1791591448203,False,False,,112066015.52006014,273536896.3952568,204117303.08569235,161257543.33716,289140897.93450344,0.4096925021702607,0.5262042063545108,0.5044967599446849,1,-2.2900763358778553,-1.538461538461533,감소형,,,,,,,,,,,,,,NO_DATA,,0.0,,13.0,관찰,13.0
2026-10-10T09:17:30+09:00,1INCH,KRW-1INCH,1INCHUSDT,134.0,0.0,110774021.40038908,1791591348163,False,False,,116641649.60752513,253603125.96378303,356009628.36286,288782008.8781611,275482359.8448655,0.45993774392269393,0.38950020987912204,0.39017721420642154,1,-4.964539007092195,-6.2937062937062915,감소형,444795.48562,3.386,436331.71689,852280.15734,811423.80146,650282.90219,616891.78665,0.511958084594869,0.5656882382253323,0.5506647133340778,1,-5.705996131528046,-7.4074074074074066,감소형,,0.0,,13.0,관찰,13.0
2026-10-10T09:17:30+09:00,TAIKO,KRW-TAIKO,,116.0,0.0,107992483.20739836,1791591322635,False,False,,107909278.13517693,284903876.13615227,358836975.59327465,190619476.22197926,372822525.5114206,0.37875679193500456,0.38799523846055267,0.30732492410303214,1,-4.918032786885251,-7.936507936507942,감소형,,,,,,,,,,,,,,NO_DATA,,0.0,,13.0,관찰,13.0
2026-10-10T09:17:30+09:00,ELF,KRW-ELF,,96.1,0.0,105299783.44377428,1791591404238,False,False,,101206324.03354727,420044387.25891125,304665368.82917464,134279697.11682704,216628160.20962334,0.24094197447558008,0.35346065189488785,0.4263371223919776,1,-3.9000000000000035,-8.476190476190482,감소형,,,,,,,,,,,,,,NO_DATA,,0.0,,13.0,관찰,13.0
2026-10-10T09:17:30+09:00,LIT,KRW-LIT,,4968.0,-0.02012477,1915066803.9252224,1791591440981,False,False,,1948165378.661079,3133043322.5207963,2250513760.582086,2918103430.1173406,8929323488.028978,0.621812460956849,0.7040153143670471,0.47019378248300786,1,-3.794772507260402,0.48533872598583994,감소형,,,,,,,,,,,,,,NO_DATA,,0.0,,12.9,관찰,12.9
2026-10-10T09:17:30+09:00,RENDER,KRW-RENDER,RENDERUSDT,2607.0,0.07677543,1194159231.0208123,1791591420015,False,False,,1201471593.2084851,1704414191.1089888,2182249673.9805117,2978446602.4954267,1042242601.0395665,0.7049176188956391,0.5250337626239903,0.6781795547522486,1,-10.079392474974114,-2.5439580995136546,감소형,5715166.64872,4.205,5677495.92934,8627726.15344,11029234.77471,10666672.46118,8878658.5344,0.6580524031904165,0.561690202797836,0.6735431500682637,1,-11.256422232601594,-3.7487335359675855,감소형,,0.0,,12.9,관찰,12.9
2026-10-10T09:17:30+09:00,MEGA,KRW-MEGA,MEGAUSDT,57.0,0.17574692,836951802.211851,1791591453657,False,False,,831756500.9698958,1653862124.2628484,1692798830.7260442,2571548745.8098526,8169465127.522542,0.5029176790299992,0.4216257329599044,0.24972574174846765,1,-9.39490445859873,-14.436090225563913,감소형,1291207.351691,1.192,1286800.174876,1852982.719571,1769027.939119,1899212.02568,3867534.391399,0.6944480168567996,0.6991930493143099,0.532500016370431,1,-10.229238754325266,-15.612929457206748,감소형,,0.0,,12.9,관찰,12.9
2026-10-10T09:17:30+09:00,WCT,KRW-WCT,WCTUSDT,57.9,0.0,380031459.4843117,1791591393255,False,False,,381424461.96138453,517129376.3165313,504459222.84918857,715427041.6047099,1341340896.9627316,0.7375803414577579,0.6587582512363716,0.5762768573529683,1,-0.5154639175257825,0.34662045060658286,감소형,503505.208339,7.93,474483.944078,496020.426491,371750.663071,534023.873225,519909.355915,0.9565814606358942,1.0154493845547443,1.1142906562747739,1,-1.556329849012772,-0.5864414731409862,중립,,0.0,,12.9,관찰,12.9
2026-10-10T09:17:30+09:00,AWE,KRW-AWE,AWEUSDT,86.7,0.11547344000000001,324079854.95485926,1791591449734,False,False,,322559010.1037106,467511895.3453063,452597201.23516923,426993378.4401718,547969093.785225,0.6899482415639224,0.7183395831087758,0.7164308513126891,1,-2.5871766029246457,-8.456659619450313,감소형,204752.8935,2.109,205059.8611,669078.23518,195453.96135,188309.02277,364791.22937,0.3064811412447655,0.5843042350764088,0.6593772904194201,1,-3.1908396946565,-9.310640732265451,감소형,,0.0,,12.9,관찰,12.9
2026-10-10T09:17:30+09:00,GAS,KRW-GAS,GASUSDT,1843.0,0.10863661000000001,281630045.96188205,1791591300330,False,False,,283730931.00146794,720760494.2792572,1190565799.5024104,567402194.2726518,599881049.3072895,0.393654942596697,0.3433989632614214,0.4015837264632027,1,-3.9645279081898854,-4.759441282979826,감소형,178614.3279,2.433,179967.5084,244144.0485,285339.3642,114237.4653,139237.9706,0.7371365777937445,0.83872147642227,1.0030290948335414,1,-4.943502824858747,-6.005586592178758,감소형,,0.0,,12.9,관찰,12.9
2026-10-10T09:17:30+09:00,NEO,KRW-NEO,NEOUSDT,3340.0,0.08990111,261501005.79876968,1791591390618,False,False,,263073590.20559424,463704191.83674246,754428945.8802983,299821707.7922236,420367174.0485988,0.5673306276649215,0.5199237467119808,0.5616960934411257,1,-2.9659784821168933,-4.1367423154266,감소형,501422.31289,3.952,508071.91806,769364.95756,954709.55264,707612.95019,345105.07211,0.6603782939001056,0.6268140042699165,0.7664723520482448,1,-3.5869136775719235,-4.898911353032654,감소형,,0.0,,12.9,관찰,12.9
2026-10-10T09:17:30+09:00,ZETA,KRW-ZETA,,64.7,0.15479876,201535058.61711067,1791591451396,False,False,,170493630.54655042,394925522.79318213,541576836.2629367,617474333.3590978,499737175.84009546,0.43171084345398447,0.3291432195451394,0.22329150897343228,1,-3.003003003003002,-6.240928882438334,감소형,,,,,,,,,,,,,,NO_DATA,,0.0,,12.9,관찰,12.9
2026-10-10T09:17:30+09:00,SAFE,KRW-SAFE,,154.0,0.0,158000511.66824183,1791591350146,False,False,,150173207.49642774,487570300.76509875,549115735.0282774,925658996.3049843,7428267362.302567,0.3080031889981299,0.2295822677052551,0.07734735535032819,1,-2.5316455696202556,0.6535947712418277,감소형,,,,,,,,,,,,,,NO_DATA,,0.0,,12.9,관찰,12.9
2026-10-10T09:17:30+09:00,KERNEL,KRW-KERNEL,KERNELUSDT,69.8,0.14347202,126349637.37670371,1791591300372,False,False,,126335851.40670735,178992594.59747487,241199947.19098297,455328554.47642803,213010784.47732392,0.7058160796585806,0.43289368564278957,0.5057100817185776,1,-4.781420765027322,-6.191117092866749,감소형,125285.42054,3.862,124429.30922,349112.49746,373653.77875,293720.90681,434286.10793,0.3564160839995613,0.3672332852746411,0.3838747278280345,1,-5.555555555555558,-7.103825136612018,감소형,,0.0,,12.9,관찰,12.9
2026-10-10T09:17:30+09:00,XRP,KRW-XRP,XRPUSDT,1914.0,0.26191723,98631458509.30484,1791591454004,False,False,,99495643528.14243,225115062016.20624,235086800024.86563,85767885870.36824,111816609989.57098,0.44197683903078705,0.546709651452783,0.6903902991514044,1,-5.914243469689506,-7.104622871046229,감소형,120694284.55186,1.09,120388354.69291,252445071.75706,238718904.80596,117180420.72288,149790145.02408,0.4768893044930007,0.5936851982036014,0.7117458301783313,1,-6.766415069133669,-8.207286597395768,감소형,,0.0,,12.8,관찰,12.8
2026-10-10T09:17:30+09:00,WLD,KRW-WLD,WLDUSDT,696.0,0.28818444,14482951827.408646,1791591450898,False,False,,14566264701.945639,31419515596.031487,25410032188.84534,19913489705.704582,27074495489.910954,0.46360564208652105,0.5694170511715805,0.565079865466317,1,-7.095046854082998,-12.040557667934094,감소형,21441582.95183,5.252,21168230.68832,47649912.91567,41423606.03701,23788639.23626,39765795.4915,0.444244897693374,0.5626747980368072,0.5722148270420826,1,-8.032638259292835,-13.135810926528514,감소형,,0.0,,12.8,관찰,12.8
2026-10-10T09:17:30+09:00,ADA,KRW-ADA,ADAUSDT,334.0,0.3003003,11902670974.40995,1791591445311,False,False,,12012062182.971306,30063205662.49071,25323734778.160454,25760618559.084038,35381792481.9244,0.39956025707393295,0.44408220029183515,0.4550982976122482,1,-8.011049723756901,-5.397727272727271,감소형,29215195.97828,5.333,28385254.8007,69437697.81392,56967221.27278,59664672.74881,87700036.28922,0.40878738342920234,0.4576554587026759,0.4353634045391196,1,-9.087509349289459,-6.391990758567568,감소형,,0.0,,12.8,관찰,12.8
2026-10-10T09:17:30+09:00,SHIB,KRW-SHIB,SHIBUSDT,0.0075,0.26737968,3618209650.2478185,1791591450093,False,False,,3524834629.447035,6738694275.233098,12135140338.5034,5656064422.986652,6958255194.149682,0.5230738308461259,0.4310863192918265,0.4875842752627219,1,-4.713375796178343,-6.500000000000005,감소형,2944439.02578324,3.781,2943185.72589597,6546189.44880582,6056002.12601031,3704207.05741048,6145461.89341102,0.44960289477000653,0.5414780649503997,0.5620500270566419,1,-5.699481865284961,-7.614213197969544,감소형,,0.0,,12.8,관찰,12.8
2026-10-10T09:17:30+09:00,ENS,KRW-ENS,ENSUSDT,8660.0,0.23148148,1910545750.889766,1791591429656,False,False,,1908025315.6228354,3983651562.141757,2734132764.089469,1490950475.1843243,1970928751.5811164,0.4789639068224659,0.6973152483719441,0.8308321567662911,1,-5.418719211822665,-7.146695325094033,감소형,650774.1648,2.927,653319.9224,2795394.4724,1594136.2741,890341.4477,1116012.99,0.23371296210623504,0.37121348682512395,0.46581851429124865,1,-6.804733727810652,-8.430232558139538,감소형,,0.0,,12.8,관찰,12.8
2026-10-10T09:17:30+09:00,MORPHO,KRW-MORPHO,MORPHOUSDT,3281.0,0.30571691,673096415.109184,1791591450975,False,False,,650030140.935694,1653379584.0546412,1250575883.2391798,1696702696.2041683,845314763.2687933,0.39315239356083137,0.4238720534116758,0.48607980116067473,1,-10.481663929939788,-11.76153223630968,감소형,2496152.44556,1.653,2475453.21804,5651923.1813,3528738.62631,3475177.77245,2421249.88916,0.4379842291965866,0.5867931247975563,0.6834077723726139,1,-11.255572065378916,-12.842028456767618,감소형,,0.0,,12.8,관찰,12.8
2026-10-10T09:17:30+09:00,T,KRW-T,TUSDT,7.32,0.2739726,432849877.8611647,1791591453035,False,False,,427769827.7210405,739905453.186587,1099714904.264055,5085322446.26249,623463303.5961863,0.5781412015261453,0.18531697943772402,0.2555309122646777,1,-0.6802721088435382,-2.406417112299475,감소형,228360.153359,3.682,226500.058543,503349.32159,418647.502525,995663.088843,406840.376207,0.4499858226241818,0.3543382072271968,0.467171650850225,1,-1.4760147601476037,-3.2608695652173836,감소형,,0.0,,12.8,관찰,12.8
2026-10-10T09:17:30+09:00,GRT,KRW-GRT,GRTUSDT,37.4,0.26809651,384395428.54805136,1791591448209,False,False,,419698080.89708203,1015258270.3757193,865201318.3417417,318818317.25726175,993765510.1999106,0.4133904575254169,0.5725034745589433,0.5933935151280022,1,-5.089058524173029,-6.7500000000000115,감소형,759595.86815,5.667,761669.0482,1696399.88537,1437305.12582,1073429.56715,2666339.32484,0.4489914522918475,0.5431267058496594,0.484540946637276,1,-6.316512186749057,-7.585506264815445,감소형,,0.0,,12.8,관찰,12.8
2026-10-10T09:17:30+09:00,BSV,KRW-BSV,,26190.0,0.22962113,366721773.9240169,1791591415764,False,False,,372029019.9794317,696015419.7095098,846258949.473483,674056664.4252181,505075385.1015281,0.5345126119974501,0.5035741696588046,0.5569484517536092,1,-3.933823529411762,-4.495614035087714,감소형,,,,,,,,,,,,,,NO_DATA,,0.0,,12.8,관찰,12.8
2026-10-10T09:17:30+09:00,IN,KRW-IN,,45.8,0.21881838,334817767.61617357,1791591398289,False,False,,328022924.8012916,733057591.865825,889608951.1260549,967193625.3037552,618411049.6955235,0.44747224289211257,0.3799698479673063,0.4280462293114034,1,-5.186721991701249,-9.145129224652083,감소형,,,,,,,,,,,,,,NO_DATA,,0.0,,12.8,관찰,12.8
2026-10-10T09:17:30+09:00,ZORA,KRW-ZORA,,9.82,0.20408163,269478143.29194045,1791591437680,False,False,,269036457.9717064,684561860.728523,610971645.383033,711019836.3127749,564948343.3896139,0.3930053270648075,0.40223668957634806,0.44948765680240743,1,-4.854368932038833,-7.547169811320742,감소형,,,,,,,,,,,,,,NO_DATA,,0.0,,12.8,관찰,12.8
2026-10-10T09:17:30+09:00,F,KRW-F,FUSDT,4.4,0.22779043,260688431.99489972,1791591415094,False,False,,273040665.2878235,513708132.1547361,783487541.8577425,372639249.54386884,509540427.30297107,0.5315093302933733,0.49054070214254314,0.5505235832788645,1,-4.148471615720528,-6.196581196581197,감소형,101022.653909,3.039,103753.445551,356100.587918,306498.608805,175647.68321,254490.184454,0.291359938936387,0.37132298861390167,0.41208622935008477,1,-4.890337877889738,-7.2543352601156075,감소형,,0.0,,12.8,관찰,12.8
2026-10-10T09:17:30+09:00,LINEA,KRW-LINEA,LINEAUSDT,3.82,0.26246719,246858575.85662413,1791591427998,False,False,,216520573.75271225,351181548.26508796,504499897.53365654,328036276.85405445,264618273.58420038,0.6165488329964095,0.5487471453941071,0.5936705858614946,1,-1.8041237113401998,-2.3076923076922995,감소형,1053556.856744,5.083,1045971.72416,676528.53903,759300.264919,639759.808445,640000.50583,1.5460866228344248,1.5118194201599056,1.6517956548634292,2,-2.7554935472619446,-3.0935001737921297,고수준 유지형,,0.0,,12.8,관찰,12.8
2026-10-10T09:17:30+09:00,MEW,KRW-MEW,,0.648,0.30959752,135157992.19003275,1791591407859,False,False,,133712578.35823081,443352352.005334,604472471.9203143,286540937.91166466,558146149.0088938,0.30159438142920264,0.3006205244073098,0.2849434289710029,1,-8.368794326241124,-12.108843537414959,감소형,,,,,,,,,,,,,,NO_DATA,,0.0,,12.8,관찰,12.8
2026-10-10T09:17:30+09:00,ENA,KRW-ENA,ENAUSDT,296.0,0.33898305,15121274664.393753,1791591451393,False,False,,15217858335.161541,24588973167.008278,22147220245.770554,14022733540.380547,27460952627.0528,0.6188895417389683,0.7513887636738571,0.7955866950235561,1,-9.509202453987731,-9.509202453987731,감소형,34540497.292091,4.195,35046661.893429,65842199.954079,42316701.113198,34088020.159612,62929656.12413,0.5322826685297872,0.7391371621504899,0.7582744702414553,1,-10.486891385767795,-10.894780447390218,감소형,,0.0,,12.7,관찰,12.7
2026-10-10T09:17:30+09:00,SUI,KRW-SUI,SUIUSDT,1468.0,0.3417635,15074738643.884937,1791591451798,False,False,,15075657116.415339,33936425314.579884,24906110671.671844,17943229969.110435,41411566391.55418,0.4442323249036628,0.5890020212279681,0.5090951274322226,1,-8.333333333333337,-10.355392156862742,감소형,49692422.25668,2.954,49657843.9267,115153800.51069,81566223.75173,62894006.50512,107933633.18854,0.431230612506707,0.573826966669193,0.5555872217679981,1,-9.192768016297414,-11.462385169246037,감소형,,0.0,,12.7,관찰,12.7
2026-10-10T09:17:30+09:00,XLM,KRW-XLM,XLMUSDT,267.0,0.37593984999999996,11506991963.116339,1791591452892,False,False,,11548260484.97193,26487066779.545277,26804440342.896217,16382954177.810324,28193994027.92959,0.4359962007529694,0.49723788039952277,0.528141314631165,1,-7.317073170731703,-12.211221122112214,감소형,9548534.4777,1.403,9520405.3631,23225551.0658,18561710.1769,9937871.4858,23118495.3577,0.4099108493110827,0.5521728912560735,0.5734781039262618,1,-8.156529938708157,-13.074520303435966,감소형,,0.0,,12.7,관찰,12.7
2026-10-10T09:17:30+09:00,UNI,KRW-UNI,UNIUSDT,10080.0,0.49850449,6478500510.389622,1791591449304,False,False,,6608409238.560764,11845358186.558344,9061233598.873013,4840678885.124172,4445360046.261664,0.5578901992224881,0.7699933701459993,1.0127348507575649,1,-13.459879206212255,-18.388934092758337,감소형,48186851.53823,3.441,49746596.19695,90568636.38355,82771095.84665,55614341.67978,48243371.53267,0.5492695725955027,0.6518328590629403,0.8427023678970131,1,-14.482597523942998,-19.387867444676864,감소형,,0.0,,12.7,관찰,12.7
2026-10-10T09:17:30+09:00,TAO,KRW-TAO,TAOUSDT,377400.0,0.31897927000000004,1262999993.134673,1791591392594,False,False,,1305991738.661234,3780094494.877503,3886537471.578123,1896158423.300406,2342450171.553623,0.345491823135907,0.4097104564982165,0.466582143076847,1,-9.978463747307964,-8.68932038834952,감소형,18358714.76165,2.413,18443965.34661,56010817.26088,43444840.52554,22380237.36631,37129496.18829,0.3292929160576976,0.4541510198654305,0.5202890314754931,1,-10.938511326860844,-9.622331691297214,감소형,,0.0,,12.7,관찰,12.7
2026-10-10T09:17:30+09:00,ETHFI,KRW-ETHFI,ETHFIUSDT,923.0,0.32608696000000004,1158905438.4918132,1791591451321,False,False,,1182145001.8721757,2449319032.287346,1502981150.0102217,2501520852.6045766,684175578.4474899,0.48264231253215134,0.5495093505750271,0.7303768763655577,1,-12.961210974456005,-8.910891089108908,감소형,5903497.61806,-0.473,5956912.24436,13816468.59517,8328572.77198,7822569.04126,4467545.24119,0.4311457883270139,0.596335059403496,0.7838127446101876,1,-13.884615384615396,-10.128445276960129,감소형,,0.0,,12.7,관찰,12.7
2026-10-10T09:17:30+09:00,SLX,KRW-SLX,,81.7,0.36855037,1009306470.303609,1791591453299,False,False,,1023100730.171668,2335237393.107939,3310408960.5268464,3164110096.1452074,3397558921.9753513,0.4381142290677505,0.34839807524890815,0.35648792528574386,1,-1.6908212560386326,-2.3980815347721784,감소형,,,,,,,,,,,,,,NO_DATA,,0.0,,12.7,관찰,12.7
2026-10-10T09:17:30+09:00,WAL,KRW-WAL,WALUSDT,47.6,0.42194093,644755847.9433508,1791591438345,False,False,,659237493.8304064,1277891178.7304003,2079670409.9435294,1071918665.4721947,562955627.9547884,0.5158792116284632,0.4464886099537349,0.6040495774465378,1,-5.952380952380953,-3.0674846625766916,감소형,398749.33815,5.684,399459.54008,717308.568437,1563301.735107,777112.541373,468709.137083,0.556886614292666,0.39191865352745175,0.48427455950300524,1,-6.666666666666654,-3.9823008849557473,감소형,,0.0,,12.7,관찰,12.7
2026-10-10T09:17:30+09:00,SYRUP,KRW-SYRUP,SYRUPUSDT,315.0,0.31847134,463672275.9447619,1791591430667,False,False,,462953924.9627237,883602561.1046782,880882337.2204186,634940481.7730268,914048451.686204,0.5239390935942282,0.578830992790188,0.548993610405494,1,-7.647058823529407,-10.028653295128942,감소형,1194774.92198,-0.261,1221645.88661,2590030.58634,1889997.35478,1013856.13131,1345495.81983,0.4716723783313775,0.6670941016432772,0.7165941560123144,1,-8.64197530864197,-11.46275569278271,감소형,,0.0,,12.7,관찰,12.7
2026-10-10T09:17:30+09:00,TRUST,KRW-TRUST,,76.6,0.3931848,345406440.61131746,1791591383789,False,False,,343594435.4832569,718357273.9254576,571053775.2919148,289645611.31936264,482499527.6535446,0.4783057789694087,0.6527842427765692,0.763970639319764,1,-3.417721518987349,-7.064555420219243,감소형,,,,,,,,,,,,,,NO_DATA,,0.0,,12.7,관찰,12.7
2026-10-10T09:17:30+09:00,DEEP,KRW-DEEP,,28.8,0.34843206000000004,331217146.217029,1791591300293,False,False,,333683588.68622786,605961282.2606614,575631249.0110427,560387364.7250628,805785837.822624,0.5506681671828167,0.5746626401138106,0.4870511065708972,1,-8.012820512820518,-13.030303030303036,감소형,,,,,,,,,,,,,,NO_DATA,,0.0,,12.7,관찰,12.7
2026-10-10T09:17:30+09:00,HOLO,KRW-HOLO,HOLOUSDT,84.0,0.35842294,273109101.07408005,1791591408531,False,False,,248994150.96273395,525031177.2856908,683968535.6409742,270007514.4790868,394625762.8896851,0.47424640999413664,0.5050566616895066,0.5634045173917774,1,-5.209513023782552,-6.270996640537508,감소형,214226.56224,3.885,194202.38409,531328.20806,418236.22489,191176.41668,284939.26779,0.36550362119691904,0.5107270003164777,0.6114016131147681,1,-6.125574272588052,-6.980273141122916,감소형,,0.0,,12.7,관찰,12.7
2026-10-10T09:17:30+09:00,KMNO,KRW-KMNO,KMNOUSDT,47.8,0.42016807,210517843.55529395,1791591344188,False,False,,209165078.24059644,471385591.5670175,411762198.35557455,251463631.06740558,380385312.8572815,0.4437239533462897,0.5530485795518192,0.5888069699303654,1,-9.505703422053235,-13.138686131386857,감소형,653013.6583,-3.827,647314.09966,769702.32313,710837.45415,518827.95991,926426.47098,0.8409927841034603,0.9712782010323381,1.00065762823232,1,-11.111111111111105,-14.123175859510262,중립,,0.0,,12.7,관찰,12.7
2026-10-10T09:17:30+09:00,SPX,KRW-SPX,,511.0,0.39292731000000003,166723649.0427031,1791591428987,False,False,,171691444.369719,408324030.15234864,267950066.45700574,445627594.4104854,857434705.3645791,0.42047842324062995,0.45910825986984666,0.3942992917616294,1,-10.701754385964913,-15.16666666666666,감소형,,,,,,,,,,,,,,NO_DATA,,0.0,,12.7,관찰,12.7
2026-10-10T09:17:30+09:00,MOODENG,KRW-MOODENG,,57.4,0.34965035,164866336.44012657,1791591300412,False,False,,319507229.2831811,605344953.5351714,478919730.428063,425897612.0260003,748064391.2524743,0.5278101806536614,0.6347143551360231,0.6454869404783217,1,-7.4433656957928696,-9.350237717908083,감소형,,,,,,,,,,,,,,NO_DATA,,0.0,,12.7,관찰,12.7
2026-10-10T09:17:30+09:00,MTL,KRW-MTL,MTLUSDT,433.0,-0.23041475,109527949.6265968,1791591429325,False,False,,117238772.93809111,171865557.0808663,302869060.1265833,691919070.3394201,147587123.3111198,0.682153975056956,0.3014744843037607,0.38717372957288393,1,0.6960556844547661,0.23094688221709792,감소형,176213.55327,3.66,176299.22362,283032.49541,261674.59384,336662.18327,202685.80956,0.6228939308350919,0.6000863512608994,0.7628171724687121,1,-0.3144654088050314,-0.7824726134585291,감소형,,0.0,,12.7,관찰,12.7
2026-10-10T09:17:30+09:00,ONDO,KRW-ONDO,ONDOUSDT,662.0,0.4552352,36748147400.757095,1791591452159,False,False,,37292013090.51098,76616154132.66281,41014768671.71415,35045162840.84614,37997592249.62797,0.4867382539971781,0.7327672752332796,0.8766299305258035,1,-1.0510510510510551,-2.2255192878338326,감소형,23483891.65414,3.379,23807316.71225,50085258.45086,23546957.46101,19364368.24401,26833027.63938,0.4753358063552373,0.7680061669473064,0.8978293194919942,1,-1.831501831501836,-3.2490974729241895,감소형,,0.0,,12.6,관찰,12.6
2026-10-10T09:17:30+09:00,AVAX,KRW-AVAX,AVAXUSDT,14200.0,0.49539985999999997,6150279816.840462,1791591444974,False,False,,6206377210.32947,12016283265.966864,14011198139.714058,14366514077.04796,5677841654.983336,0.5164972456922259,0.46093810251945305,0.6338925238296248,1,-10.171646535282896,-5.9254327563249,감소형,28862628.68072,3.232,28095907.48845,61644206.23246,78512477.3343,66053196.32928,35657009.14241,0.4557753145932396,0.40874725550416574,0.5392420577847701,1,-10.966574776016536,-6.9170494460956355,감소형,,0.0,,12.6,관찰,12.6
2026-10-10T09:17:30+09:00,TRUMP,KRW-TRUMP,TRUMPUSDT,2592.0,0.50407135,4952311009.280163,1791591451342,False,False,,4908134855.8674755,13096518294.621172,19120501462.068935,9897880069.150152,13035028938.39628,0.3747663879401657,0.34962458959876325,0.358066675742492,1,-5.323054331864907,-7.628939828080227,감소형,8474073.671862,3.665,8400240.288899,15140489.291808,22733057.470085,12829031.815214,12139146.289077,0.5548196050337741,0.4970303596763325,0.5436612036627778,1,-6.169154228855711,-8.668280871670708,감소형,,0.0,,12.6,관찰,12.6
2026-10-10T09:17:30+09:00,SEI,KRW-SEI,SEIUSDT,91.3,0.55066079,2056119589.88186,1791591450528,False,False,,2043225922.6318674,3664934770.364898,3890214085.882729,3707146592.611032,4366553110.437951,0.5575067636001703,0.5442654027085388,0.5100997582154162,1,-7.062436028659169,-8.651911468812889,감소형,4347554.117452,0.878,4362823.583622,7957438.112306,6712353.417573,4950688.777366,6840139.747436,0.5482698730480846,0.6670820767844807,0.6645252045720998,1,-7.877188107807731,-9.819121447028433,감소형,,0.0,,12.6,관찰,12.6
2026-10-10T09:17:30+09:00,LA,KRW-LA,LAUSDT,85.8,0.46838407,1330926296.2524388,1791591442973,False,False,,1312247669.7809007,3210954304.2755494,3708647268.583612,2266345800.28972,9434001785.357718,0.4086784006965082,0.42856145908804755,0.3232939812432327,1,-7.77537796976241,-6.35964912280701,감소형,324711.68424,3.125,330978.50313,890226.01654,898727.11298,782224.67002,1889941.22469,0.37179154167657197,0.38617924811253523,0.3401594521689328,1,-8.63836017569547,-7.692307692307687,감소형,,0.0,,12.6,관찰,12.6
2026-10-10T09:17:30+09:00,G,KRW-G,GUSDT,5.78,0.5217391299999999,1159879675.274678,1791591449325,False,False,,1170489061.959808,2337669044.8797956,2248588569.5945864,2147580869.32981,1416122068.452043,0.5007077732083308,0.5214659060096238,0.6114948546741693,1,-7.4074074074074066,-11.809815950920244,감소형,318754.33722,1.928,328430.12806,810632.05526,997579.06523,669877.98106,385290.31735,0.4051531467684931,0.39760087059166627,0.5050752666733993,1,-7.860262008733631,-12.448132780082988,감소형,,0.0,,12.6,관찰,12.6
2026-10-10T09:17:30+09:00,CFG,KRW-CFG,CFGUSDT,195.0,0.51546392,1029414020.1236826,1791591444976,False,False,,1011859242.255249,1523837685.1497931,1780539543.0531776,1544522849.449775,1815748648.9370987,0.6640203560497872,0.6260342919326992,0.581631871826639,1,-3.0000000000000027,-6.28019323671497,감소형,1321408.44479,7.553,1325434.81446,2826268.40531,1955472.30014,1414150.47663,2712671.70281,0.46896990107866965,0.64176473190498,0.6199675429482657,1,-4.403794037940378,-7.41469816272966,감소형,,0.0,,12.6,관찰,12.6
2026-10-10T09:17:30+09:00,KAITO,KRW-KAITO,KAITOUSDT,431.0,0.46620047,572071350.7274666,1791591351447,False,False,,558273200.1658735,1209512538.8854842,1172292186.1978178,956310846.4943767,969938106.0829109,0.46156875784049267,0.5017260680720105,0.5248647939171639,1,-5.088495575221241,-8.333333333333337,감소형,639013.1499,2.807,645666.26506,1921676.48504,1743134.51003,734870.75475,1106858.15422,0.33599113590993457,0.4402588426445269,0.48836805812223155,1,-6.049715483677742,-9.64861751152074,감소형,,0.0,,12.6,관찰,12.6
2026-10-10T09:17:30+09:00,INJ,KRW-INJ,INJUSDT,9550.0,0.47343503,567102417.8171091,1791591436337,False,False,,566457972.8057806,1612756609.9247963,2432291764.0843763,1114032783.0187428,543745269.5734411,0.351235871128871,0.32939468612591677,0.44115939519497277,1,-13.35460346399271,-8.164251207729468,감소형,7412237.94189,3.181,7414716.43211,16491433.11833,19818556.32309,15485926.1145,8011305.64509,0.4496101932990072,0.4294575944374366,0.5577304432857332,1,-14.470602736349058,-9.211042784247025,감소형,,0.0,,12.6,관찰,12.6
2026-10-10T09:17:30+09:00,VTHO,KRW-VTHO,VTHOUSDT,0.905,0.11061947,476816835.27037305,1791591371892,False,False,,476511327.76988596,1521343981.5890512,4211143206.323041,30649264304.92666,1041028937.9026288,0.3132173483028917,0.039292610296429574,0.06221985333255359,1,-9.054325955734399,1.2318029115341522,감소형,401313.794571,-1.343,416696.359561,1111939.613147,1614029.07789,7200479.688897,652848.382767,0.37474729259952366,0.12593518153078953,0.19235078719236243,1,-9.71272229822161,0.0,감소형,,0.0,,12.6,관찰,12.6
2026-10-10T09:17:30+09:00,JPYC,KRW-JPYC,,8.58,-0.11641444,237316004.9422687,1791591398286,False,False,,236796081.82667407,1715474751.2389517,895396005.2803743,1596154004.4048905,610218024.3982232,0.13803530576923675,0.1688576335652375,0.21688964074546738,1,0.5854800936768267,0.9400705052879044,감소형,,,,,,,,,,,,,,NO_DATA,,0.0,,12.6,관찰,12.6
2026-10-10T09:17:30+09:00,IO,KRW-IO,IOUSDT,208.0,0.48309179,229887721.88928425,1791591450925,False,False,,213153055.1492297,298649897.2282087,423325621.3186746,273976444.63244057,248776486.3622785,0.713722178134058,0.642058240847659,0.5490837667631668,1,-11.91489361702127,-11.91489361702127,감소형,976121.461977,2.838,980772.265424,2405285.482518,2430611.123509,1612907.97687,1399729.314416,0.407757113470484,0.45625770768048635,0.41733834039282874,1,-12.101910828025474,-12.658227848101278,감소형,,0.0,,12.6,관찰,12.6
2026-10-10T09:17:30+09:00,SKR,KRW-SKR,,22.9,0.43859649,222999318.49068454,1791591356518,False,False,,228102638.1626031,426411043.0262557,549709591.3919368,298786037.45709604,447927560.72524613,0.5349360479591472,0.5367513792058565,0.5451507832871365,1,-2.145922746781115,-7.317073170731714,감소형,,,,,,,,,,,,,,NO_DATA,,0.0,,12.6,관찰,12.6
2026-10-10T09:17:30+09:00,POWR,KRW-POWR,POWRUSDT,85.4,0.47058824,148545351.28389913,1791591300451,False,False,,151465100.886586,246798670.0879376,330222763.4206137,1210547688.498365,1249941766.8925343,0.6137192750374911,0.2541973326041822,0.23107606991977056,1,-3.9548022598870025,-9.38166311300639,감소형,95739.0473,0.808,95529.8614,56834.106,94066.9036,145670.6535,241311.628,1.6808544749520649,0.9663417644300217,0.8186190125661169,2,-4.747320061255744,-10.115606936416189,중립,,0.0,,12.6,관찰,12.6
2026-10-10T09:17:30+09:00,VANA,KRW-VANA,VANAUSDT,1443.0,0.5574912900000001,139966660.28049248,1791591300529,False,False,,123668966.94076686,454537521.8811393,667459705.2822078,471852041.46536136,316590646.12269664,0.27207647551065334,0.23277414503662686,0.26123683957595845,1,-1.9808743169398957,-3.367003367003363,감소형,115190.51548,5.075,113946.23745,280863.46992,287329.82711,206959.41217,242904.60389,0.4056997425918578,0.44099531394632707,0.4722387997126296,1,-2.8677150786308947,-4.632152588555849,감소형,,0.0,,12.6,관찰,12.6
2026-10-10T09:17:30+09:00,NEWT,KRW-NEWT,NEWTUSDT,65.2,0.46224961,122008418.62516244,1791591362319,False,False,,121896241.12594178,290308925.0046328,350817710.6207252,240092864.02333635,191043198.81663635,0.4198845802759821,0.41498028984107854,0.48062019955031676,1,-2.844311377245501,-6.213872832369938,감소형,304095.619427,5.992,306725.301146,433707.272333,354070.160756,280196.980707,300837.528127,0.7072173346231018,0.8616085662271008,0.973346048639107,1,-4.01785714285714,-7.472613458528943,감소형,,0.0,,12.6,관찰,12.6
2026-10-10T09:17:30+09:00,RED,KRW-RED,REDUSDT,204.0,0.49261084000000005,101964156.17085889,1791591304835,False,False,,102814668.0488992,501690013.2801277,594904548.19537,433943342.23311085,402164242.25551546,0.20493664479522095,0.20152653743452845,0.2130291887855653,1,-6.451612903225811,-15.416666666666668,감소형,292157.62157,3.475,291984.22091,393017.44091,517196.47979,324156.06812,518460.68362,0.742929423778075,0.7096354177950889,0.703851697981785,1,-7.562499999999995,-16.29881154499151,감소형,,0.0,,12.6,관찰,12.6
2026-10-10T09:17:30+09:00,AXS,KRW-AXS,AXSUSDT,1654.0,0.60827251,2217584355.9043164,1791591450927,False,False,,2219796202.645146,4464002853.074791,8819840074.788776,6775750441.464645,20058740584.903965,0.49726585661031947,0.33198023934612075,0.0850842246272131,1,-2.6066350710900466,-10.55495103373232,감소형,1950792.35021,4.585,1929071.20599,2988701.75567,5876713.82847,3356032.0851,6771332.30942,0.6454545698078681,0.473529304759514,0.26894443135056073,1,-3.611556982343489,-11.691176470588239,감소형,,0.0,,12.5,관찰,12.5
2026-10-10T09:17:30+09:00,ETC,KRW-ETC,ETCUSDT,11500.0,0.61242345,1669116915.1728382,1791591436009,False,False,,1610030889.874901,3796157874.676099,4832901532.509934,2202976668.847917,2882529985.502245,0.4241211622454649,0.44590810404623366,0.5193385633847895,1,-4.590984974958268,-6.234618539786707,감소형,2250632.8187,4.472,2241421.6869,4989402.921,4520201.7604,4046188.8791,3523448.3054,0.4492364562232556,0.49604363113744393,0.5731286173879085,1,-5.203619909502255,-7.0953436807095205,감소형,,0.0,,12.5,관찰,12.5
2026-10-10T09:17:30+09:00,FLOCK,KRW-FLOCK,,77.4,0.6501950599999999,1135588030.0613263,1791591451415,False,False,,1208886598.270391,2911200644.3899403,3961933434.389673,3090438378.088611,2437561891.869028,0.4152536173004731,0.36399191259066865,0.3690110988135737,1,-13.69248035914702,-12.013729977116705,감소형,,,,,,,,,,,,,,NO_DATA,,0.0,,12.5,관찰,12.5
2026-10-10T09:17:30+09:00,VVV,KRW-VVV,,30360.0,0.56310036,1021863555.0755213,1791591430317,False,False,,1003583931.893892,3250339249.475979,729094869.1728216,1097073661.397349,1035697372.2479391,0.3087628259283059,0.5930753829464842,0.7049963031541653,1,-17.693565976008728,-25.43837984687577,감소형,,,,,,,,,,,,,,NO_DATA,,0.0,,12.5,관찰,12.5
2026-10-10T09:17:30+09:00,LSK,KRW-LSK,LSKUSDT,324.0,0.62111801,761158098.4059352,1791591447062,False,False,,784977754.8478208,1191339200.186121,2538317868.731381,12248076188.063297,1351595139.7339742,0.6589036562594305,0.14738844532371784,0.2089082338630458,1,-6.666666666666665,-11.780821917808215,감소형,1334821.56791,-0.584,1373450.02181,1875812.68755,1911362.27617,3001062.99111,2744580.22126,0.732189323020234,0.6069837405299365,0.6157032474731576,1,-4.284559417946642,-13.260073260073257,감소형,,0.0,,12.5,관찰,12.5
2026-10-10T09:17:30+09:00,MIRA,KRW-MIRA,MIRAUSDT,68.0,0.59171598,716129888.1138163,1791591388295,False,False,,680368503.6856174,2082834007.4777112,3473003688.8502293,7103847143.264991,1530127023.7877398,0.32665517330857113,0.16122877756587844,0.21689712841179437,1,-10.106382978723417,-3.9772727272727404,감소형,521227.110899,5.726,503415.870245,1104531.207904,1467217.092122,3809271.075472,569533.183614,0.4557733331956286,0.23667811079434847,0.3420311812900816,1,-10.868387795630985,-5.276285495011512,감소형,,0.0,,12.5,관찰,12.5
2026-10-10T09:17:30+09:00,CRO,KRW-CRO,,85.1,0.59101655,692148470.2835033,1791591365912,False,False,,679793112.6717507,1284402249.4022543,1302324396.6992579,1606302694.8392982,1638489560.4942827,0.5292680801424308,0.486373734164633,0.4727649000264941,1,-6.000000000000005,-9.03225806451613,감소형,,,,,,,,,,,,,,NO_DATA,,0.0,,12.5,관찰,12.5
2026-10-10T09:17:30+09:00,PRL,KRW-PRL,,156.0,0.64516129,323651357.7113539,1791591409824,False,False,,318213355.0384822,1011658977.861188,1018424169.1551036,315449309.582448,468851380.7272711,0.3145460693792656,0.4070035622102504,0.4809893579872992,1,0.0,-1.273885350318471,감소형,,,,,,,,,,,,,,NO_DATA,,0.0,,12.5,관찰,12.5
2026-10-10T09:17:30+09:00,SUPER,KRW-SUPER,SUPERUSDT,306.0,0.65789474,218871896.64298028,1791591300502,False,False,,225881132.754956,939252564.2409561,284226830.1911563,749293329.0346053,371737102.10398257,0.24049030192161222,0.343497956051449,0.2897925668044125,1,-5.000000000000004,-10.32448377581121,감소형,1561963.8505,0.36,1570649.8067,3418100.4434,1549628.1693,1685174.654,1756084.6024,0.45950955295440865,0.708254611739942,0.7559663180985393,1,-6.0862214708368505,-11.614956245027841,감소형,,0.0,,12.5,관찰,12.5
2026-10-10T09:17:30+09:00,MASK,KRW-MASK,MASKUSDT,652.0,0.61728395,189493313.2474533,1791591411475,False,False,,182132601.25989068,413147905.29738015,390342129.54245675,267611680.62028864,335672456.83305824,0.4408411586373487,0.5101269056832287,0.4485270544590961,1,-1.5197568389057725,-3.57142857142857,감소형,336050.6602,7.416,318702.9874,496581.6214,412714.4335,466378.5397,380667.0469,0.6417937629296242,0.695010990210228,0.7651335999254743,1,-2.263374485596714,-4.233870967741938,감소형,,0.0,,12.5,관찰,12.5
2026-10-10T09:17:30+09:00,ARB,KRW-ARB,ARBUSDT,252.0,0.8,3782335418.6652904,1791591453026,False,False,,3848898281.0072484,5333740232.127847,8403677314.166893,3994823989.4605346,6304200425.618201,0.7216133732616682,0.6511694993404529,0.7170707622340247,1,-7.749077490774903,-9.420289855072461,감소형,9730735.07544,6.597,9867112.23984,20310581.04725,16065340.51124,12363409.19371,18164143.09089,0.48581142099703656,0.6073398272540674,0.6606055895347713,1,-8.512769153730593,-10.485056344928957,감소형,,0.0,,12.4,관찰,12.4
2026-10-10T09:17:30+09:00,MOVE,KRW-MOVE,MOVEUSDT,12.6,0.8,766399827.2619241,1791591300414,False,False,,769335258.402853,1536638003.8347447,1478803789.747527,1532139847.1946652,1876798476.421831,0.5006613506127953,0.507523769230066,0.4429054471264829,1,-6.015037593984962,-9.420289855072472,감소형,285732.9804885,4.499,291842.0698378,302086.5323876,464529.6359139,271949.555529,425017.4162746,0.9660876555176727,0.8430147360190475,0.7579309800213578,1,-6.7124410739905604,-10.500442434372225,중립,,0.0,,12.4,관찰,12.4
2026-10-10T09:17:30+09:00,FF,KRW-FF,FFUSDT,146.0,0.68965517,492685579.02023757,1791591390617,False,False,,470945046.8834319,639379514.2662461,676164545.6173617,782979273.2715137,787688745.858708,0.7365657428419331,0.6732520522066837,0.6599024940757287,1,-3.9735099337748325,-7.051282051282048,감소형,696806.923227,0.518,655588.086224,1035693.138746,768757.043919,835188.8692,797983.658894,0.6329945248239986,0.7450883321651157,0.6517119008699452,1,-4.282229650374914,-8.021529646670711,감소형,,0.0,,12.4,관찰,12.4
2026-10-10T09:17:30+09:00,NCT,KRW-NCT,,13.2,0.76335878,205615930.19776702,1791591437002,False,False,,203128935.59936002,297865802.88859975,347188745.3980149,464866452.381758,400048797.49365884,0.6819478222390275,0.549036198460178,0.5692237668481763,1,-5.072463768115954,-8.391608391608397,감소형,,,,,,,,,,,,,,NO_DATA,,0.0,,12.4,관찰,12.4
2026-10-10T09:17:30+09:00,KAT,KRW-KAT,KATUSDT,6.34,0.7949125600000001,141467920.1326517,1791591392272,False,False,,141055461.13615066,477221412.0289623,342834355.84168637,313823038.0185973,285579607.254911,0.2955765554115373,0.37320248090939767,0.3994937388694906,1,-1.8720748829953227,-3.3794162826420893,감소형,528089.32958,4.289,523908.81385,733398.53741,502059.73671,464165.22644,393359.21628,0.7143575929401034,0.9247497701885976,1.1175379194633828,1,-2.748414376321351,-4.365904365904372,감소형,,0.0,,12.4,관찰,12.4
2026-10-10T09:17:30+09:00,BLUR,KRW-BLUR,BLURUSDT,26.4,0.76335878,117141712.95979623,1791591327219,False,False,,116164341.31442551,516882992.7738328,537921511.9252286,468047536.8288604,800232497.8958299,0.2247401112794097,0.22884233953130692,0.16699171854016592,1,-6.428571428571428,-11.186440677966104,감소형,201896.847294,3.827,198183.175327,277849.349261,268747.969997,223006.128239,258576.8193,0.7132756504706983,0.772540102197655,0.7321724196194862,1,-7.256894049346885,-12.14482126489459,감소형,,0.0,,12.4,관찰,12.4
2026-10-10T09:17:30+09:00,USDT,KRW-USDT,,1369.0,0.07309942,65991052664.05644,1791591451304,False,False,,66817153957.825424,132729666074.5928,107137240698.59589,58080427362.25045,54774518938.8202,0.50340783589612,0.6727748125524635,0.8571200552602982,1,1.0339734121122657,1.183431952662728,감소형,,,,,,,,,,,,,,NO_DATA,,0.0,,12.3,관찰,12.3
2026-10-10T09:17:30+09:00,XPL,KRW-XPL,XPLUSDT,117.0,0.8620689699999999,3010441978.4784646,1791591441326,False,False,,2964051555.5031047,6636357583.580143,5914447384.774763,6436321459.615956,5059803708.565746,0.44663831298615403,0.4683254572640253,0.5596092696424779,1,-4.918032786885251,-11.45038167938931,감소형,4416582.504721,1.454,4431202.838336,12134928.217698,10050064.527806,8165131.310212,8153434.516505,0.3651610259938234,0.4380083748785977,0.5144516546773358,1,-5.732413178984864,-12.046941530792399,감소형,,0.0,,12.3,관찰,12.3
2026-10-10T09:17:30+09:00,PENGU,KRW-PENGU,PENGUUSDT,11.4,0.88495575,2688095174.296943,1791591450512,False,False,,2638301593.703945,5515401433.385027,4890159206.023069,4863757312.327433,4930195694.830554,0.4783516894589324,0.5183535247697307,0.5706048884882393,1,-8.870967741935477,-13.076923076923075,감소형,6465408.831343,4.314,6377674.980927,14701807.704751,19560929.845722,15183351.80169,21219232.490166,0.4338020948856518,0.386947182142404,0.40963541520711066,1,-9.869359973652436,-14.327454867995403,감소형,,0.0,,12.3,관찰,12.3
2026-10-10T09:17:30+09:00,PEPE,KRW-PEPE,PEPEUSDT,0.00547,0.92250923,1540764466.9606228,1791591433303,False,False,,1534535292.8348155,2777266878.0269394,2865749927.4686394,2768629671.4211035,4574508717.405985,0.5525343296950271,0.5472895099832956,0.5317769749117475,1,-6.712564543889843,-8.907563025210086,감소형,18392471.96574504,3.906,18476696.18162297,40337195.10164022,27939287.93953724,22129199.36605726,27716101.41400485,0.4580560481477717,0.6131261561102173,0.6947120898523649,1,-7.476635514018682,-10.204081632653061,감소형,,0.0,,12.3,관찰,12.3
2026-10-10T09:17:30+09:00,IOTA,KRW-IOTA,IOTAUSDT,70.8,0.85470085,743316931.4914553,1791591367364,False,False,,748074062.5425432,2417052983.818796,1626341896.9644322,1798392008.524948,3134825485.9328523,0.3094984129643,0.3841670759566865,0.1485583789602998,1,-9.999999999999998,-12.030075187969913,감소형,788451.3395,4.444,777847.8735,1756270.0286,1506701.4113,925993.7675,1670609.1387,0.44289765288544874,0.5570692295027152,0.3127384508800469,1,-10.9375,-13.197969543147215,감소형,,0.0,,12.3,관찰,12.3
2026-10-10T09:17:30+09:00,TREE,KRW-TREE,TREEUSDT,60.9,0.8278145699999999,721939085.6199925,1791591403228,False,False,,728557632.4015709,1620428037.5449448,2199205781.941646,1310166761.4497654,2361639712.070336,0.4496081378012835,0.42607365778062195,0.4277564712022266,1,-2.580645161290329,-4.581358609794628,감소형,252565.57968,4.728,257174.40191,877830.5032,1240747.33475,342062.73642,460629.6711,0.2929658982827654,0.3135456733365188,0.4068537565868478,1,-3.7117903930131035,-5.769230769230771,감소형,,0.0,,12.3,관찰,12.3
2026-10-10T09:17:30+09:00,WAVES,KRW-WAVES,,372.0,0.8130081299999999,682519421.9182249,1791591451302,False,False,,613731984.4915925,1310092916.317714,1453009692.612406,942124381.059545,522412467.8300607,0.46846447060916313,0.49691853115857637,0.613244746673471,1,-7.518796992481203,-9.113300492610843,감소형,,,,,,,,,,,,,,NO_DATA,,0.0,,12.3,관찰,12.3
2026-10-10T09:17:30+09:00,VET,KRW-VET,VETUSDT,10.9,0.9259259299999999,587534920.2702053,1791591363061,False,False,,588518312.4980805,1590730759.3824098,865462556.0626662,441912761.55464137,686762554.1335176,0.36996726757617276,0.6092099083281464,0.7088334337002076,1,-6.896551724137923,-9.999999999999998,감소형,1893899.112761,4.456,1843524.6506755,3044654.1181121,1343443.3086422,977662.9211117,1426474.6066332,0.6054955929833551,1.030715796732526,1.1316680193957431,1,-8.598022105875513,-11.291779584462503,감소형,,0.0,,12.3,관찰,12.3
2026-10-10T09:17:30+09:00,PROS,KRW-PROS,,908.0,0.0,486285901.01922685,1791591423985,False,False,,485660828.96687347,2616568749.32369,3649210485.8583927,1757786683.2073395,5087579516.14981,0.1856098102113324,0.18158790015812346,0.08539122669274495,1,1.9079685746352437,-17.37943585077343,감소형,,,,,,,,,,,,,,NO_DATA,,0.0,,12.3,관찰,12.3
2026-10-10T09:17:30+09:00,ANIME,KRW-ANIME,ANIMEUSDT,4.38,0.9216589900000001,167049222.1696342,1791591329832,False,False,,158247516.07628208,292820758.68183756,426549840.4969136,478194275.1345905,453643236.96713644,0.5404245135783726,0.39642324053722233,0.36820923937827466,1,-2.9082774049216997,-4.824561403508765,감소형,114065.057149,5.96,112243.208473,190345.254795,141172.400622,133461.050365,127257.261279,0.589682199295616,0.7241828953278387,0.8080998876346223,1,-4.229607250755285,-6.213017751479288,감소형,,0.0,,12.3,관찰,12.3
2026-10-10T09:17:30+09:00,KAVA,KRW-KAVA,KAVAUSDT,92.8,0.8695652200000001,144180198.27987304,1791591445667,False,False,,139205191.21888512,304993569.97590435,300713811.52520883,411267982.58314294,138320397.5772932,0.4564200852820696,0.4106447298580342,0.5595578839137284,1,-1.0752688172043001,-1.0752688172043001,감소형,618179.059367,-1.08,621472.082598,838555.962178,573713.393132,269122.327084,326995.631368,0.7411217743701168,1.1088530217655208,1.373314098860447,1,-1.6758962401632105,-1.790393013100433,감소형,,0.0,,12.3,관찰,12.3
2026-10-10T09:17:30+09:00,COMP,KRW-COMP,COMPUSDT,33350.0,0.48207290999999997,124921168.6739913,1791591300282,False,False,,123856918.0567815,240703537.1592149,170214540.706736,49839225.6868628,111221751.9924874,0.5145621020718758,0.8064348656119646,0.9203323116105269,1,0.973532096136287,-2.152122641509435,감소형,947645.67978,4.29,947607.53477,1581482.70217,1857790.8995,753657.64337,720896.88067,0.5991893135914539,0.6780036299600425,0.8840533642683279,1,-0.32867707477403085,-3.192338387869098,감소형,,0.0,,12.3,관찰,12.3
2026-10-10T09:17:30+09:00,2Z,KRW-2Z,2ZUSDT,50.5,1.0,2771965089.6772037,1791591450882,False,False,,2689702288.2704616,4818761999.560666,4125694427.1899996,3962888917.1224546,4112510087.7652497,0.5581728851758369,0.625156192062502,0.6427988872645488,1,-10.873440285204994,-18.43393148450244,감소형,963215.62333,2.481,962774.81542,2920716.89943,3092482.39461,2569907.29574,3846077.5854,0.32963647233591614,0.3365127085453139,0.33407398801728244,1,-11.592449177153929,-19.18141592920354,감소형,,0.0,,12.2,관찰,12.2
2026-10-10T09:17:30+09:00,LAYER,KRW-LAYER,LAYERUSDT,102.0,0.99009901,366468909.2710621,1791591411469,False,False,,340131754.9787812,827223025.089354,742853140.0311446,537338992.6627241,450127902.3611871,0.4111729783416525,0.48419280898107014,0.595881121441033,1,-3.809523809523807,-5.607476635514019,감소형,146903.14712,3.506,144701.17923,532703.520447,399953.700836,245846.737181,333739.109916,0.2716354851730263,0.3683513615480662,0.42183456191088337,1,-5.677419354838708,-6.997455470737924,감소형,,0.0,,12.2,관찰,12.2
2026-10-10T09:17:30+09:00,AZTEC,KRW-AZTEC,,20.7,0.97560976,214799502.57936177,1791591401907,False,False,,228878754.5489503,612152304.7869427,504706041.3827877,350474372.5043437,370186787.53708345,0.3738918448221978,0.46794858106027654,0.4814459278418877,1,-9.691629955947134,-13.8655462184874,감소형,,,,,,,,,,,,,,NO_DATA,,0.0,,12.2,관찰,12.2
2026-10-10T09:17:30+09:00,ALT,KRW-ALT,ALTUSDT,10.9,0.0,319588263.2763912,1791591300215,False,False,,317069656.8070259,507807101.11488813,524834522.9648417,232461906.20442328,210932261.35146916,0.6243899624698058,0.7518823144912321,0.9233838776329943,1,0.92592592592593,2.8301886792452935,감소형,1099644.93213,10.483,1092547.7608,639491.84353,835904.38148,369075.27671,366689.41022,1.7084623859612156,1.7770094465235942,2.20383664255988,2,0.0,1.016518424396451,고수준 유지형,,0.0,,12.1,관찰,12.1
2026-10-10T09:17:30+09:00,HOME,KRW-HOME,HOMEUSDT,7.91,0.50825921,280332160.75192004,1791591363079,False,False,,279177419.01205856,524055681.38868177,1244400342.642315,3656880166.4371295,348538844.1842277,0.5327247254953394,0.15437425951734596,0.23004994239174315,1,-1.6249999999999987,2.207792207792214,감소형,509107.2563,3.578,512729.6983,1071596.20436,1123693.98022,1658538.98159,482767.21901,0.47847285779275656,0.39913266223699223,0.5392523801751024,1,-2.5423728813559365,1.232394366197176,감소형,,0.0,,12.1,관찰,12.1
2026-10-10T09:17:30+09:00,ARKM,KRW-ARKM,ARKMUSDT,179.0,1.1299435,157348092.82458335,1791591439666,False,False,,154825771.31754592,440014558.7684307,489257566.3052008,556515143.8094503,204848899.8107498,0.3518651104429185,0.3126136047065483,0.40888573352214763,1,-4.324324324324325,-1.1173184357541888,감소형,633136.58175,6.525,619827.50576,946061.84276,1062642.01107,865980.79806,1196750.70665,0.6551659497773866,0.646847478055535,0.6630165728277915,1,-4.8387096774193505,-2.1853805576488416,감소형,,0.0,,12.1,관찰,12.1
2026-10-10T09:17:30+09:00,ARK,KRW-ARK,ARKUSDT,293.0,0.0,3757847167.6909,1791591440980,False,False,,3817734496.1972027,7663691727.337057,11505399210.505716,3003266005.9761114,5110274495.852327,0.498158672350952,0.5165532702550363,0.5228597673089728,1,2.807017543859658,-2.98013245033113,감소형,1487459.1056,-4.715,1481244.8978,3599889.3163,3697335.7003,899604.9491,1275177.3705,0.4114695668816944,0.5421284462401935,0.6629321563019879,1,2.732502396931924,-4.0304523063143805,감소형,,0.0,,12.0,관찰,12.0
2026-10-10T09:17:30+09:00,AKT,KRW-AKT,,1006.0,1.20724346,1968333845.4205954,1791591450534,False,False,,2019667449.1823888,4633194294.09814,4256199922.670696,4833032102.592449,13446954933.579714,0.4359125305310601,0.4415401625438777,0.22771690088140795,1,-3.495145631067964,-5.333333333333334,감소형,,,,,,,,,,,,,,NO_DATA,,0.0,,12.0,관찰,12.0
2026-10-10T09:17:30+09:00,ONG,KRW-ONG,ONGUSDT,121.0,0.8333333300000001,725211888.4837726,1791591444649,False,False,,711792268.1275293,1120897662.4964066,933542793.2814658,784926315.3949425,691372173.0597999,0.6350198523407227,0.7520609264228867,0.8796353795305709,1,0.8403361344537785,-2.4390243902439046,감소형,409615.29421,3.715,408339.4108,728200.92014,639046.88336,492317.67751,494883.54732,0.5607510228378932,0.6587658487479809,0.7908470045012623,1,0.70655270655271,-2.213123824277974,감소형,,0.0,,12.0,관찰,12.0
2026-10-10T09:17:30+09:00,XAUT,KRW-XAUT,XAUTUSDT,5731000.0,0.01745201,302309677.70646,1791591450150,False,False,,305013344.72999,569643576.61209,937349777.60718,482060099.79344,703784468.67383,0.5354459476994943,0.46003793027481044,0.4933815530301324,1,1.4518413597733648,2.303160149973227,감소형,42058717.961054,1.011,42298282.262699,26889257.089329,49562782.645015,26997777.256684,23497058.268151,1.5730550725957049,1.2266319117713116,1.607817617371557,2,0.4391005876269727,0.9993992023143994,중립,,0.0,,12.0,관찰,12.0
2026-10-10T09:17:30+09:00,THETA,KRW-THETA,THETAUSDT,317.0,1.27795527,237788232.77444264,1791591452523,False,False,,217225260.9314284,309818177.8161211,662208556.6158218,844212007.5938426,269908678.84063774,0.7011378817815941,0.35880513267073194,0.4455958419823681,1,-2.187499999999998,0.0,감소형,672649.22331,11.367,601570.18452,1150168.72213,1140733.37205,1037592.48797,738399.47914,0.5230277723132228,0.5422002376805042,0.6282020317024498,1,-2.9623360135421106,-1.4187446259673275,감소형,,0.0,,12.0,관찰,12.0
2026-10-10T09:17:30+09:00,JTO,KRW-JTO,JTOUSDT,719.0,1.41043724,5111727154.912527,1791591448909,False,False,,5125821220.939808,9604926451.121202,6531901632.828878,5154055613.588483,3214033552.110702,0.5336658481483177,0.7222557730000286,0.9383928525599537,1,-4.059539918809197,-9.218950064020481,감소형,3010035.12082,3.918,2964661.85949,7641216.27666,6295638.53565,4087463.38405,2928654.92399,0.387982979692058,0.49344366214452073,0.6179895823878304,1,-5.076979472140753,-10.320346320346319,감소형,,0.0,,11.9,관찰,11.9
2026-10-10T09:17:30+09:00,FIL,KRW-FIL,FILUSDT,1490.0,0.40431267,2532050514.435128,1791591446698,False,False,,2578013233.3253455,5186574590.195422,4546647201.9199295,6171936742.425137,7752174429.219243,0.4970550771984964,0.48625983093349145,0.5115137419097886,1,-5.0543825975687735,3.6312849162011274,감소형,8741098.352368,2.188,8792766.008059,20320653.783911,16970815.680756,16056821.143757,21611153.513178,0.4327009407059888,0.4944544187515489,0.5559098025836835,1,-5.933379597501731,2.330848353307524,감소형,,0.0,,11.9,관찰,11.9
2026-10-10T09:17:30+09:00,CHZ,KRW-CHZ,CHZUSDT,21.5,1.41509434,562281615.0723703,1791591428332,False,False,,536065143.53037435,1513236382.5666997,1867558309.1486568,1350831784.819856,1809978179.748648,0.35425076326880206,0.3398821607255741,0.2875609191372421,1,-5.777777777777782,-7.826086956521738,감소형,769463.50578,5.447,766083.29875,1670069.59283,1552723.56053,1115640.89568,1239490.93475,0.45871339855475185,0.5297418078208547,0.5482744828599238,1,-6.155703077851548,-8.636897767332552,감소형,,0.0,,11.9,관찰,11.9
2026-10-10T09:17:30+09:00,GRVT,KRW-GRVT,,310.0,0.3236246,385894773.96428925,1791591385243,False,False,,398301904.82997906,1176048627.4144661,941731440.3666922,671993745.797889,871413566.1732167,0.33867809165820184,0.4283163418746743,0.46361780808446856,1,0.32467532467532756,3.3444816053511683,감소형,,,,,,,,,,,,,,NO_DATA,,0.0,,11.9,관찰,11.9
2026-10-10T09:17:30+09:00,CTC,KRW-CTC,,147.0,1.37931034,329387768.2357832,1791591300288,False,False,,327041717.77458465,538194260.0215127,1616151991.4863257,1910527988.8841631,441925923.0466579,0.6076648193191657,0.24136666851202213,0.33543468944600957,1,-8.805031446540879,-8.227848101265822,감소형,,,,,,,,,,,,,,NO_DATA,,0.0,,11.9,관찰,11.9
2026-10-10T09:17:30+09:00,ID,KRW-ID,IDUSDT,52.2,-0.19120458999999998,728646622.3386121,1791591429651,False,False,,727443671.927978,1907316714.0138094,1205083664.8700166,1222291125.9496126,535680144.92989624,0.38139637039992463,0.5034570541757136,0.680656802934759,1,-0.5703422053232043,5.656565656565649,감소형,471559.4065,2.965,469996.3637,948674.1338,518906.3147,594882.8048,529437.0457,0.4954244528807664,0.6836432546587083,0.8120744541972666,1,-2.051282051282055,4.371584699453535,감소형,,0.0,,11.8,관찰,11.8
2026-10-10T09:17:30+09:00,BIRB,KRW-BIRB,,83.0,1.59118727,294182571.7448427,1791591424017,False,False,,272934608.5927416,529853906.7244401,678228208.5878501,424046808.7511292,1093760753.8208194,0.5151129493033748,0.5016783991179417,0.42002255420708773,1,-3.88235294117647,-5.549132947976876,감소형,,,,,,,,,,,,,,NO_DATA,,0.0,,11.7,관찰,11.7
2026-10-10T09:17:30+09:00,SAHARA,KRW-SAHARA,SAHARAUSDT,12.0,1.6949152499999998,1657316895.9464674,1791591438020,False,False,,1676787145.5979111,2860897829.718734,3705616742.548507,1692193425.7941213,1800526553.1199396,0.5861052178024696,0.6090978683317722,0.7579776494182535,1,-4.8387096774193505,-6.349206349206337,감소형,790285.52415,2.108,799734.9654,1490940.17947,1272223.75619,686421.99748,589300.07515,0.5363964137610739,0.6955051831441443,0.9357903193081143,1,-4.73047304730475,-6.37837837837838,감소형,,0.0,,11.6,관찰,11.6
2026-10-10T09:17:30+09:00,BIO,KRW-BIO,BIOUSDT,39.8,2.05128205,390965758.9677851,1791591449707,False,False,,397960932.3174206,765805131.5345953,1298801660.2040112,410034700.51066214,965027373.2667061,0.5196634443020087,0.482446770852092,0.5502015263333857,1,-10.138248847926267,-6.25,감소형,891007.270166,4.101,867467.672707,2088032.755794,3353201.660007,1911817.355843,2760014.264862,0.4154473488502027,0.3539214871513346,0.3991354529411954,1,-11.093750000000002,-7.539811504712379,감소형,,0.0,,11.4,관찰,11.4
2026-10-10T09:17:30+09:00,CHIP,KRW-CHIP,CHIPUSDT,71.0,0.14104371999999998,1673187320.3504207,1791591449376,False,False,,1747735594.0506465,6503896146.841255,2901473721.4146156,6002320039.676744,2929529595.6014876,0.2687213255856597,0.3402980468507798,0.4101802972247709,1,-2.3415977961432355,7.424242424242422,감소형,2850857.67179,5.791,2865481.97628,6228195.15788,3552732.34717,7022260.26062,3559302.63111,0.46008223949992194,0.5115961357286678,0.6012468367733326,1,-2.8977378949336385,6.434426229508183,감소형,,0.0,,11.3,관찰,11.3
2026-10-10T09:17:30+09:00,AI,KRW-AI,AIUSDT,28.6,2.14285714,427943155.49733233,1791591425996,False,False,,376616902.9589412,545743327.000838,765842295.4986007,977009885.4520509,422780521.4253645,0.6900989610421071,0.4936873750521985,0.6192835954288862,1,-6.35451505016722,-1.7543859649122862,감소형,737973.97752,6.25,730948.59235,561254.94974,621479.99585,1037069.5795,1069441.69834,1.302346808145942,0.9878553504440187,0.9113533157442847,2,-2.8846153846153855,2.020202020202011,중립,,0.0,,11.3,관찰,11.3
2026-10-10T09:17:30+09:00,CKB,KRW-CKB,CKBUSDT,1.83,0.54945055,268134760.4212114,1791591355415,False,False,,270659085.8236431,734385073.9473189,160557439.68431994,197017842.2058682,202404691.84089413,0.3685519973450043,0.7435959127363763,0.9242808919454366,1,2.2471910112359605,2.2471910112359605,감소형,406501.367944,8.387,400650.124189,1272708.895924,326181.177661,259107.457629,232301.841666,0.3148010715349984,0.6469063345749742,0.8490385487290708,1,0.9885931558935246,0.6823351023502511,감소형,,0.0,,11.3,관찰,11.3
2026-10-10T09:17:30+09:00,LPT,KRW-LPT,LPTUSDT,2483.0,-0.32115616,1375321941.7889137,1791591450515,False,False,,1428022520.4657075,6563626698.603452,4783202389.958473,5905880526.264743,1988902598.2912946,0.2175660783343375,0.24831273794323136,0.3660199151712788,1,1.4663951120162944,7.139784946236549,감소형,2175173.10076,2.134,2220111.54085,4101605.92239,2682459.70141,4424508.19614,1820993.94049,0.5412786071745147,0.5942178487240987,0.8130061552947525,1,0.44125758411472926,5.687753917585603,감소형,,0.0,,10.9,관찰,10.9
2026-10-10T09:17:30+09:00,BSB,KRW-BSB,,143.0,2.14285714,386934810.07052547,1791591439353,False,False,,356150297.34333354,528958044.4857361,496004875.074802,184179418.9326748,211395736.66282874,0.6733053803720676,0.883643602589802,0.7840425929390349,1,0.7194244604316502,0.7194244604316502,감소형,,,,,,,,,,,,,,NO_DATA,,0.0,,10.9,관찰,10.9
2026-10-10T09:17:30+09:00,ESP,KRW-ESP,ESPUSDT,156.0,0.64516129,868369711.6997496,1791591444313,False,False,,919229564.8562069,1269433891.9588006,2941612694.729678,4024164712.7940903,2413849017.462226,0.7241255891142069,0.3348655661988771,0.20672411229677212,1,-3.125,7.638888888888884,감소형,910527.04523,2.476,919512.76746,1507956.19571,2584096.15343,2587797.00172,1504112.83968,0.6097741897781456,0.41296414896315753,0.33747665890502215,1,-3.475822214668134,7.31292517006803,감소형,,0.0,,10.8,관찰,10.8
2026-10-10T09:17:30+09:00,O,KRW-O,,633.0,2.75974026,210520542.8908848,1791591450935,False,False,,211732309.27749404,362920262.7403399,437779801.2186607,284969629.1471705,208226466.94402292,0.5834127520980636,0.585073832184762,0.7197938538410296,1,-10.072992700729932,-11.366906474820148,감소형,,,,,,,,,,,,,,NO_DATA,,0.0,,10.8,관찰,10.8
2026-10-10T09:17:30+09:00,BREV,KRW-BREV,BREVUSDT,124.0,1.6393442599999999,258403860.97007912,1791591409193,False,False,,222333556.66826412,411295291.9419185,1047585577.7817035,4502672613.151255,648684984.7783673,0.5405691750530934,0.11188370144138009,0.16520819885212032,1,-3.1746031746031744,4.2735042735042805,감소형,271885.48069,8.303,257457.47857,478907.88082,555574.62843,1216757.07496,296942.77224,0.5375929043580862,0.3430876220937805,0.4869579305757605,1,-3.2432432432432434,3.587962962962954,감소형,,0.0,,10.7,관찰,10.7
2026-10-10T09:17:30+09:00,AGLD,KRW-AGLD,AGLDUSDT,283.0,2.9090909099999998,163664642.24185285,1791591452874,False,False,,148236848.13877276,489812370.6628421,475702126.7815502,289815528.16449994,364302714.1428033,0.3026400659055838,0.35425787270611436,0.3866250436004617,1,-3.508771929824561,-4.181184668989546,감소형,213997.34899,8.684,176558.54894,260972.76871,265185.96154,220812.16787,117846.67138,0.6765401226064189,0.70909810295569,0.846850724987811,1,-3.908484270734025,-4.860783388390755,감소형,,0.0,,10.7,관찰,10.7
2026-10-10T09:17:30+09:00,PROM,KRW-PROM,PROMUSDT,7280.0,1.46341463,3410123993.041352,1791591450872,False,False,,3419314401.83491,25228598206.574333,25352109934.565525,9977567548.719543,577090614.4841491,0.1355332695791187,0.16938961832465851,0.2769701729357851,1,4.3636363636363695,-13.76201923076923,감소형,2817798.84306,2.69,2820591.32898,12336965.94292,9043958.63508,11707541.46487,750287.73147,0.2286292547154753,0.25573183042020675,0.41040976529306267,1,3.6349269063611356,-14.671437865972658,감소형,,0.0,,10.3,관찰,10.3
2026-10-10T09:17:30+09:00,RAY,KRW-RAY,RAYUSDT,3128.0,0.41733546999999993,2830355494.590108,1791591393605,False,False,,2842624531.280221,3995511478.610903,20036503601.4852,1671539169.6655862,1446473905.010322,0.7114544774799396,0.33177799112820083,0.5010677094730112,1,4.670698924731176,9.106830122591948,감소형,9425234.47909,-1.97,9423136.27903,14239868.97821,29433916.61012,10334576.54509,6686152.92396,0.6617431869246398,0.5234265161986293,0.6977107581231881,1,4.218928164196134,8.222032774462452,감소형,,0.0,,9.0,관찰,9.0
2026-10-10T09:17:30+09:00,ORCA,KRW-ORCA,ORCAUSDT,3123.0,1.52795839,13350872279.54077,1791591451398,False,False,,13626770086.118925,35849787686.025314,68293445201.3841,121542238799.69038,31729464950.25717,0.38010741389776226,0.18113842221547619,0.25822325641647087,1,-28.9607390300231,13.463666543710806,감소형,5592327.46323,-2.81,5650112.04952,12457419.80336,30297720.22399,45109545.37658,13744645.86346,0.4535539572966834,0.19291409365021006,0.25972625042538233,1,-29.618033813400114,11.89646590343456,감소형,,0.0,,8.8,관찰,8.8
2026-10-10T09:17:30+09:00,JUP,KRW-JUP,JUPUSDT,513.0,0.0,4102420458.6580744,1791591434326,False,False,,4096445670.3520093,10970986913.84225,4546040177.680451,2715531365.3651285,2058850700.8076384,0.3733889851954399,0.6740325029049011,0.9375965698712552,1,7.547169811320753,13.495575221238942,감소형,8836585.01393,10.757,8887687.57223,18097976.28306,9286357.76573,5568524.06084,5186534.86295,0.49108736983753376,0.8091274701570758,1.092159540665488,1,6.717904924565898,11.877051626380176,감소형,,0.0,,7.4,관찰,7.4
2026-10-10T09:17:30+09:00,AVNT,KRW-AVNT,AVNTUSDT,192.0,0.0,1547007896.9739113,1791591425661,False,False,,1453663476.3029616,4152371449.7216682,1954169673.8523674,2761991036.4904604,4269738516.086061,0.3500803080611683,0.4917375671868985,0.5158888907878811,1,10.982658959537561,10.982658959537561,감소형,1323229.24215,5.71,1263940.12729,3115800.2691,1031260.76109,1436512.40259,2336733.34962,0.4056550542808347,0.6791028053126353,0.7680672736470892,1,8.878504672897215,9.733124018838302,감소형,,0.0,,6.7,관찰,6.7
2026-10-10T09:17:30+09:00,FLUID,KRW-FLUID,,2833.0,-0.42179262000000006,717138710.8358376,1791591419357,False,False,,716238158.7648486,1182110171.0511925,2205465120.7777424,15702280581.865583,27724738941.870705,0.6058979749137369,0.11255792031701171,0.07486279495314466,1,8.75382262996942,18.246051537822105,감소형,,,,,,,,,,,,,,NO_DATA,,0.0,,5.9,관찰,5.9
2026-10-10T09:17:30+09:00,ALGO,KRW-ALGO,ALGOUSDT,158.0,0.63694268,6974498850.916587,1791591436333,False,True,"거래량급등,입금량급등",7095132984.044887,19836746152.153103,2563448887.816032,1283311568.4779327,1994444028.8969197,0.3576762504103917,0.8987435561819597,1.2604928352280702,1,-6.547619047619047,-12.777777777777777,감소형,7116471.5037,-2.207,7148443.7843,21335597.6853,3497439.8067,3515228.8199,3879786.6424,0.33504773991989933,0.7564953396778874,0.9823743608899075,1,-7.206477732793526,-13.57466063348417,감소형,,0.0,,5.8,관찰,5.8
2026-10-10T09:17:30+09:00,PYTH,KRW-PYTH,PYTHUSDT,110.0,0.0,3138291450.2881117,1791591452528,False,True,거래량급등,3164721370.6329226,5683081927.275953,1576648453.1343997,1306917308.384099,1145357932.5253918,0.556867103295457,1.1082706394378221,1.5419847642258042,1,6.796116504854366,4.761904761904767,감소형,8467750.058224,-0.668,8492031.077969,14401938.724104,4000728.24722,4239044.480864,2878236.529793,0.589644994375389,1.1251840784078668,1.5777479167598705,1,6.003430531732423,2.907646983476364,감소형,,0.0,,5.1,관찰,5.1
2026-10-10T09:17:30+09:00,SOL,KRW-SOL,SOLUSDT,149500.0,0.0,25384591435.650867,1791591451405,False,True,입금량급등,25852905948.7101,55054394987.52799,33434819834.30134,19839066990.41259,21566254206.477856,0.4695884125975194,0.7159600110759402,0.876217751047985,1,-8.562691131498468,-8.95249695493301,감소형,201998776.22254,-0.137,203067280.58074,389779430.22715,234192954.05018,175936491.98135,193703786.97465,0.5209799820950002,0.7615890507323388,0.8871027175872112,1,-9.593239996686275,-10.254934210526311,감소형,,0.0,,5.0,관찰,5.0
2026-10-10T09:17:30+09:00,CASHCAT,KRW-CASHCAT,,155.0,0.0,2080505959.3481236,1791591450924,False,True,입금량급등,2201467251.79159,12055070466.050993,4766971368.957096,2888988659.0954967,1802063686.1095088,0.18261753491954064,0.3350612114039614,0.4713437140042725,1,-16.666666666666664,-30.493273542600896,감소형,,,,,,,,,,,,,,NO_DATA,,0.0,,5.0,관찰,5.0
2026-10-10T09:17:30+09:00,CBK,KRW-CBK,,278.0,-0.35842294,554631124.5037423,1791591406869,False,True,거래량급등,609828027.0485471,4807439083.975553,356028203.2213994,122250339.81619354,169131688.93947423,0.12685091093119888,0.346118391152016,0.5310994792677695,1,-4.778156996587035,-6.375838926174493,감소형,,,,,,,,,,,,,,NO_DATA,,0.0,,5.0,관찰,5.0
2026-10-10T09:17:30+09:00,BLEND,KRW-BLEND,,89.8,0.0,396828955.36256313,1791591446711,False,True,거래량급등,415277534.9799614,3820115823.894762,382883654.49195075,129425124.53829858,239617959.166723,0.10870810051946782,0.287560135287471,0.42791965095220497,1,-0.22222222222222365,-3.0237580993520474,감소형,,,,,,,,,,,,,,NO_DATA,,0.0,,5.0,관찰,5.0
2026-10-10T09:17:30+09:00,ERA,KRW-ERA,ERAUSDT,89.4,0.11198208,6861880853.324131,1791591444643,False,True,"거래량급등,입금량급등",7559807460.084063,31281947390.126698,643753647.2881728,403569867.39658487,671220130.987125,0.24166677879108356,0.7015135740929094,1.136708242125567,1,1.1325028312570762,1.3620885357548351,감소형,2993282.03044,2.665,3164309.82492,10637064.17152,581627.84104,280384.05098,675990.53632,0.29747962162268604,0.8255384538988425,1.2775740429898748,1,0.0,0.3076923076922977,감소형,,0.0,,4.9,관찰,4.9
2026-10-10T09:17:30+09:00,CRV,KRW-CRV,CRVUSDT,493.0,0.20325203,550253858.8859686,1791591413127,False,True,입금량급등,586054051.9463382,2298383585.087356,702437276.1577263,430670758.0020595,734678962.4045687,0.2549853104367971,0.5123609062535754,0.6370559236101184,1,0.8196721311475308,-3.90625,감소형,7210771.05357,7.202,7217041.04015,13359296.34947,4894269.37936,3179174.62867,3206360.94292,0.540226135520702,1.0101892132927173,1.3449215641148318,1,-0.38813418353202955,-5.172868830826072,감소형,,0.0,,4.6,관찰,4.6
2026-10-10T09:17:30+09:00,VIRTUAL,KRW-VIRTUAL,VIRTUALUSDT,1004.0,0.90452261,5243755449.67568,1791591446008,False,True,입금량급등,5284984121.096737,8243793315.7478,6340266639.743583,5149127905.643521,9298253504.28612,0.641086441480894,0.8034663468905097,0.7228828824699419,1,-8.631772268135906,-12.795793163891322,감소형,4848060.06725,3.401,4821914.50512,8908888.46441,9601667.5506,6252655.78778,12209416.21662,0.5412476005713847,0.5841626534781803,0.5141528712958235,1,-9.401070850454484,-13.73013990988855,감소형,,0.0,,4.3,관찰,4.3
2026-10-10T09:17:30+09:00,NEAR,KRW-NEAR,NEARUSDT,6750.0,1.04790419,44570327974.26859,1791591452144,False,True,입금량급등,45337837358.871414,87826100541.73456,49590930223.92741,23981144733.17408,37210684141.99549,0.5162228207698585,0.8427202578730212,1.040046693384638,1,-2.694828841951935,0.5267118133935211,감소형,139121772.5507,10.109,140608742.1372,303837593.5293,185341276.426,101753041.8881,148850669.8928,0.46277598668395414,0.7138321995434663,0.8555098495002929,1,-3.5728385313857136,-0.6508033353670895,감소형,,0.0,,4.2,관찰,4.2
2026-10-10T09:17:30+09:00,HYPER,KRW-HYPER,HYPERUSDT,98.4,1.13052415,355212784.8140444,1791591428980,False,True,거래량급등,360006962.4608332,2114256239.2486703,548356671.4018991,253158392.2274443,395790077.5480641,0.17027593712518335,0.3704065837798953,0.5145731933016221,1,-0.10266940451746365,-0.4094165813715467,감소형,1214597.04221,1.697,1214535.01848,2354909.7258,408486.7372,255405.44554,358528.5648,0.5157458925808306,1.2069705684008185,1.6868367686074408,1,-1.2499999999999956,-1.7955801104972524,감소형,,0.0,,4.1,관찰,4.1
2026-10-10T09:17:30+09:00,QUID,KRW-QUID,,90.4,-2.37580994,12026023752.668911,1791591452132,False,True,거래량급등,15601738813.307987,42186769163.71085,824641975.8887994,974649772.9009237,1489365024.321297,0.3698254007734879,1.0640920207206412,1.6783711451461145,1,11.164465786314516,6.071019473081329,감소형,,,,,,,,,,,,,,NO_DATA,,0.0,,3.7,관찰,3.7
2026-10-10T09:17:30+09:00,DOS,KRW-DOS,,319.0,-0.3125,4287726857.7581897,1791591452172,False,True,거래량급등,4470230476.23316,9096888037.87415,3943323444.7362475,647458009.3614076,397609146.85606664,0.49140216496253675,0.9797644103377292,1.5388456564509305,1,9.965635738831624,9.965635738831624,감소형,,,,,,,,,,,,,,NO_DATA,,0.0,,2.0,관찰,2.0
2026-10-10T09:17:30+09:00,ATOM,KRW-ATOM,ATOMUSDT,2825.0,0.0,10739129295.173594,1791591441649,False,False,,10634783304.98769,3310257146.7996306,1669441427.0661657,837890636.2402885,1943257282.0683393,3.2126758838869782,5.4841187238762235,5.728223525676236,4,16.97722567287785,19.450317124735726,연속 가속형,23271948.9381,16.526,23145098.452,7336533.30115,2956772.81873,2478974.37297,4540174.0464,3.1547731744599337,5.436405455930152,5.6323794736737,4,15.937149270482598,18.05714285714284,연속 가속형,,0.0,,76.8,시동,76.8
2026-10-10T09:17:30+09:00,W,KRW-W,WUSDT,23.6,0.42553191,17085985192.674435,1791591441987,False,True,"거래량급등,입금량급등",16929843222.761276,18302882082.39898,2293952285.702273,1274579312.2463772,1226404529.323825,0.9249823687080359,2.322187784044354,2.922977652237338,1,17.500000000000004,19.289340101522857,중립,7251875.425367,13.338,7298649.8864,17727200.997719,2764975.677236,1286041.709564,1250118.208218,0.41172037747747847,1.0054059185467938,1.3802011389428477,1,16.38341264445955,17.825189263592577,감소형,,0.0,,26.5,시동,26.5
2026-10-10T09:17:30+09:00,CAP,KRW-CAP,,119.0,0.84745763,8905821023.338015,1791591450943,False,False,,8583592132.534518,20831380990.668743,47191476377.377785,60922006319.539055,10909666296.040758,0.4120510366729634,0.19970377773242595,0.2976361390489688,1,-0.8403361344537785,33.182844243792346,감소형,,,,,,,,,,,,,,NO_DATA,,0.0,,5.3,시동,5.3
2026-10-10T09:17:30+09:00,DRV,KRW-DRV,,747.0,5.65770863,68161846694.2277,1791591454358,False,True,거래량급등,63893070825.69992,20796035628.037563,2640547508.7312374,2249293945.113977,3302037940.7962365,3.072367828585474,7.462435947429585,7.087897490353701,4,28.07971014492754,25.57726465364121,연속 가속형,,,,,,,,,,,,,,NO_DATA,,0.0,,60.8,이미 발동,60.8
2026-10-10T09:17:30+09:00,BAT,KRW-BAT,BATUSDT,193.0,4.3243243200000006,9004971897.533434,1791591452168,False,False,,8482228285.259968,1013470146.2031324,1219596583.600309,332416105.75768715,721159811.4277694,8.369490030898111,9.91886770905413,5.720317439634527,2,36.029411764705884,31.20567375886525,일회성 폭증형,10797039.1134,39.567,10384615.6676,1242190.4365,1536359.5319,943976.5733,1387887.6391,8.359922410012855,8.369006010786613,5.465938164642799,2,34.35948361469712,30.221366698748795,일회성 폭증형,,0.0,,26.7,이미 발동,26.7
2026-10-10T09:17:30+09:00,MET2,KRW-MET2,,563.0,0.53571429,11698009190.039665,1791591451782,False,True,거래량급등,12208742906.028975,51538225860.91057,19306414742.511986,7513030557.466016,514883670.8346726,0.23688713963452043,0.46742365074740166,0.7662674295890837,1,25.842696629213478,36.2530413625304,감소형,,,,,,,,,,,,,,NO_DATA,,0.0,,0,이미 발동,0
2026-10-10T09:17:30+09:00,RVN,KRW-RVN,RVNUSDT,3.14,-0.9463722399999999,1432754839.5225348,1791591435681,True,False,,1390691936.851168,1923721729.0085237,2332436045.702198,2405395983.3306165,12788599064.172958,0.7229174136157018,0.6262916974162793,0.33726162808340354,1,-2.4615384615384595,-5.3731343283582085,감소형,733276.2522128,1.558,723177.2509399,1304169.8586198,1199390.7573494,2206990.8704814,8747567.6429274,0.5545115508996941,0.46056852558774225,0.26216932692056083,1,-1.849462365591381,-2.5202904741563392,감소형,,0.0,,0,유의종목,0
2026-10-10T09:17:30+09:00,BLAST,KRW-BLAST,,0.289,-0.6872852199999999,836024767.2032896,1791591450889,True,True,글로벌가격차이,834825651.0699626,3941871673.956696,1527621701.8505232,4190913041.9266124,5702696462.626582,0.21178407622590043,0.2592517172582265,0.07826180874512238,1,-6.129032258064527,-14.41176470588237,감소형,,,,,,,,,,,,,,NO_DATA,,0.0,,0,유의종목,0
2026-10-10T09:17:30+09:00,EGLD,KRW-EGLD,EGLDUSDT,6195.0,-0.08064516000000001,623088590.6661633,1791591450125,True,True,글로벌가격차이,609888993.010465,1185361366.6366892,7242178928.530055,1278521090.4704456,862054268.767453,0.5145173532531659,0.18850766612077016,0.25399087451815294,1,-8.55457227138643,-11.806543385490754,감소형,532031.94782,1.663,530541.5368,900213.34525,703037.1779,595535.35056,436055.89769,0.5893508906521068,0.7238652155402745,0.9174289373179977,1,-10.34792368125701,-12.219780219780208,감소형,,0.0,,0,유의종목,0
2026-10-10T09:17:30+09:00,ZIL,KRW-ZIL,ZILUSDT,4.49,-0.22222222,577173001.5677685,1791591447135,True,False,,573017509.8142899,1413705793.293043,1108352781.927924,4044093297.504254,16489935912.692007,0.40533009946823556,0.26180517337461356,0.12217534762805488,1,-2.1739130434782483,-0.6622516556291425,감소형,674408.5487035,6.231,660310.3842498,605686.474063,488090.5821291,687335.0752104,2041152.8008087,1.0901851246906307,1.1121877830283244,0.8270246503983444,3,-0.7110352673492581,-0.7956805910770082,중립,,0.0,,0,유의종목,0
2026-10-10T09:17:30+09:00,MANTRA,KRW-MANTRA,MANTRAUSDT,6.7,0.44977511,503761304.1798301,1791591417083,True,True,글로벌가격차이,502292502.3980277,621884596.3425146,1131472372.9086566,5053499429.110761,1005128549.3465364,0.8076940727462248,0.22137642092122184,0.2120292960433321,1,-3.052325581395343,-4.850213980028528,중립,253122.33552,4.186,251391.09484,496246.22739,461198.29975,376999.09154,442990.55898,0.5065854024970384,0.5651593472836345,0.6042965243676668,1,-1.978021978021971,-2.6200873362445254,감소형,,0.0,,0,유의종목,0
2026-10-10T09:17:30+09:00,ICX,KRW-ICX,,19.4,-1.02040816,465012099.56363493,1791591449771,True,False,,467436439.13622266,616767298.768495,903950030.3558644,2373078766.7172904,1329686480.2790043,0.7578813599060089,0.3601393814396839,0.2035328717232986,1,-3.9215686274509665,-5.314009661835739,중립,,,,,,,,,,,,,,NO_DATA,,0.0,,0,유의종목,0
2026-10-10T09:17:30+09:00,SOPH,KRW-SOPH,SOPHUSDT,5.09,0.59288538,434474676.46191126,1791591342205,True,False,,430555765.6899083,816775841.0262091,696505384.5552555,610123090.0791684,1756726314.3516705,0.5271406719730493,0.6083002127966674,0.3709477720408005,1,-2.5048169556840194,-3.802281368821292,감소형,223216.19303,3.361,221614.98892,618501.22111,410748.76788,188989.89353,303604.74502,0.3583097031276288,0.5457422436250646,0.621743558130947,1,-2.1390374331550777,-3.1746031746031744,감소형,,0.0,,0,유의종목,0
