scan_time_kst,coin,upbit_market,binance_symbol,upbit_price,upbit_price_24h_pct,upbit_24h_trade_krw,upbit_timestamp_ms,warning,caution_any,caution_types,upbit_D1_trade_krw,upbit_D2_trade_krw,upbit_D3_trade_krw,upbit_D4_trade_krw,upbit_D5_trade_krw,upbit_d1_vs_prev_x,upbit_d1_vs_3davg_x,upbit_d1_vs_5davg_x,upbit_rise_streak,upbit_price_3d_pct,upbit_price_5d_pct,upbit_supply_pattern,binance_24h_quote_usdt,binance_price_24h_pct,binance_D1_quote_usdt,binance_D2_quote_usdt,binance_D3_quote_usdt,binance_D4_quote_usdt,binance_D5_quote_usdt,binance_d1_vs_prev_x,binance_d1_vs_3davg_x,binance_d1_vs_5davg_x,binance_rise_streak,binance_price_3d_pct,binance_price_5d_pct,binance_supply_pattern,overseas_lead,overseas_lead_score,overseas_lead_reason,raw_signal_score,state,score
2026-09-29T10:54:00+09:00,FCT2,KRW-FCT2,,12.5,-0.79365079,2237182632.0011115,1790646682855,False,True,거래량급등,2269860482.9498725,288300257.7328749,205599583.94292477,138354121.38492206,203811181.51823166,7.873251660610778,10.770326240241575,10.694183939786686,4,-3.8167938931297662,-0.7874015748031482,연속 가속형,,,,,,,,,,,,,,NO_DATA,,0.0,,79.0,발사 전,79.0
2026-09-29T10:54:00+09:00,LAYER,KRW-LAYER,LAYERUSDT,108.0,-1.8181818200000002,1476275941.032703,1790646831593,False,False,,2726176390.420811,1350579788.9927747,1026309590.0710856,670782290.8856579,672995809.8412343,2.0185230170324986,2.683533548545898,2.6387868809311468,4,0.917431192660545,6.796116504854366,연속 가속형,490909.732771,-3.152,913751.683328,666666.772354,423824.055424,334884.443716,311872.887143,1.3706273077050823,1.92318128762734,2.075159990358132,5,0.4975124378109319,8.310991957104562,연속 가속형,,0.0,,76.8,발사 전,76.8
2026-09-29T10:54:00+09:00,MMT,KRW-MMT,MMTUSDT,243.0,-2.01612903,4689026595.553227,1790646841226,False,False,,5028671809.963136,5015776659.559391,591563442.2212769,533076983.26801175,820621231.7090731,1.0025709179812001,2.456838879336453,3.0432839623461683,4,6.4377682403433445,7.826086956521738,연속 가속형,1867937.49317,-0.277,1916806.01565,2011355.28126,460386.72111,379828.81436,512169.90532,0.9529922602481395,2.0165790774728904,2.0787536233268162,1,5.729166666666652,9.466746554823246,중립,,0.0,,74.9,발사 전,74.9
2026-09-29T10:54:00+09:00,ORDER,KRW-ORDER,,53.4,-3.7837837800000003,1206049633.8917203,1790646803648,False,False,,1197897697.5439727,377982601.58873856,265090775.66663578,376222869.586265,334430854.7156139,3.1691873978033978,3.5256610664144277,3.2409722542037764,3,-2.1164021164021163,4.12757973733584,가속형,,,,,,,,,,,,,,NO_DATA,,0.0,,74.3,발사 전,74.3
2026-09-29T10:54:00+09:00,SUN,KRW-SUN,SUNUSDT,23.3,-0.85106383,1170553795.6851478,1790646843387,False,False,,1137859831.2689235,985362355.1879239,377744687.9281972,326224635.72143286,273408579.08883953,1.1547628395565366,2.0206686091127404,2.196486357118433,5,0.42735042735042583,0.42735042735042583,연속 가속형,1658956.94913,1.06,1595393.89484,950915.03817,385648.88753,493542.55529,704271.45937,1.677745992859967,2.6152476559347,2.2202044141669486,3,0.28985507246375164,1.1695906432748426,가속형,,0.0,,71.9,발사 전,71.9
2026-09-29T10:54:00+09:00,SKY,KRW-SKY,SKYUSDT,107.0,-0.9259259299999999,1414693080.0802178,1790646766002,False,False,,1440338225.1071994,678908052.5319871,569418022.7821141,468139735.9796117,542916176.2963797,2.1215512464986372,2.5173904699359078,2.1414368388044838,4,4.854368932038833,12.38293444328824,연속 가속형,6187600.11047,-4.439,7091214.80052,4456765.84562,2948962.05844,2793431.14192,3487512.6418,1.5911122652963858,2.085823380697746,1.6448444415225858,4,2.8067885117493363,12.548234957839078,연속 가속형,,0.0,,70.4,발사 전,70.4
2026-09-29T10:54:00+09:00,ENSO,KRW-ENSO,ENSOUSDT,1320.0,-2.14974055,3859271981.2805567,1790646799354,False,False,,3850046780.28065,1380392368.329186,989498714.8799146,1338022387.9962344,1617665543.691993,2.789095961853738,3.114997270172903,2.4798653228497862,3,-3.917378917378922,-0.44280442804428555,가속형,1209502.11213,-4.804,1202506.23714,496106.43939,531882.46992,573191.98687,1118675.56938,2.423887580694521,2.253036318398876,1.3898327331607856,2,-4.523580365736279,0.6085192697768749,고수준 유지형,,0.0,,70.3,발사 전,70.3
2026-09-29T10:54:00+09:00,BTT,KRW-BTT,,0.000509,0.59288538,6476908776.73385,1790646726806,False,True,거래량급등,5528203155.845686,1454488743.0162747,975497707.2225146,652159722.7495574,1509297891.038131,3.800787859231874,5.380864026788571,1.773785278173739,4,-0.19723865877709912,0.7968127490040056,연속 가속형,,,,,,,,,,,,,,NO_DATA,,0.0,,70.2,발사 전,70.2
2026-09-29T10:54:00+09:00,XAUT,KRW-XAUT,XAUTUSDT,5630000.0,0.23144027,1559558450.25656,1790646819788,False,False,,1843915966.6392,438137192.50183,334279266.59118,1166787719.07099,682561611.69144,4.208535587015929,2.8525866240423166,2.6331343927226856,3,-3.0716134598792078,-4.6187807777211765,가속형,81611801.803291,-1.937,83240257.592052,7518921.844691,4543273.962046,29956065.870609,28922590.27496,11.070770425792725,5.943148593193518,4.3298066945079565,3,-3.570911840342772,-3.667801999771536,가속형,,0.0,,68.8,발사 전,68.8
2026-09-29T10:54:00+09:00,DOOD,KRW-DOOD,,2.35,-1.67364017,2943607431.7334237,1790646799661,False,True,거래량급등,3001424968.476454,670634296.0259807,394752858.1263822,609833974.1386179,507619830.13701385,4.475501754476596,5.374976922966163,4.299201045609748,3,-6.640625,-4.016064257028118,가속형,,,,,,,,,,,,,,NO_DATA,,0.0,,68.0,발사 전,68.0
2026-09-29T10:54:00+09:00,BREV,KRW-BREV,BREVUSDT,114.0,-0.8695652200000001,578820094.8410848,1790646793361,False,False,,600571775.5594938,312734147.50547904,291500795.6545754,238577412.48295832,424146050.858519,1.9203907867111694,2.1377419476769366,1.3862894411599775,4,-7.9999999999999964,-0.8620689655172376,연속 가속형,282140.68213,-6.054,331395.3849,228717.56897,163942.35967,258923.4015,198807.07642,1.4489284159166096,1.5258004751079006,1.339017154289302,3,-7.491856677524433,0.4716981132075526,가속형,,0.0,,68.0,발사 전,68.0
2026-09-29T10:54:00+09:00,USD1,KRW-USD1,USD1USDT,1359.0,-0.07352941,119215475.85772537,1790646758328,False,False,,120627904.41821729,61175275.92302112,60038114.28148366,53084316.22571936,81052858.60441387,1.9718407902239359,2.0762391007108474,1.4306476399104517,4,0.5173688100517326,-0.7299270072992692,연속 가속형,148047243.13511,0.003,149688232.93209,90350200.34471,92903616.62693,154258017.216,184997218.5303,1.6567559602633934,1.3305154169693858,1.0097862260213122,2,0.01700595208322664,0.025010754624488207,중립,,0.0,,67.6,발사 전,67.6
2026-09-29T10:54:00+09:00,ALT,KRW-ALT,ALTUSDT,10.1,-0.98039216,493477033.79976344,1790646779006,False,False,,371176465.46272284,193897019.53793445,184067916.77096668,151369530.6561429,203614084.65303737,1.9142969105314434,2.103640450191397,1.303946727163582,4,-7.272727272727275,0.990099009900991,연속 가속형,771743.23396,-5.337,752242.4751,611606.01679,1399402.72688,732118.38666,697349.20714,1.22994616542219,0.8226842279192924,0.830942771060436,2,-6.922126081582192,2.0325203252032464,중립,,0.0,,67.1,발사 전,67.1
2026-09-29T10:54:00+09:00,SAFE,KRW-SAFE,,145.0,-2.68456376,548869420.593078,1790646761968,False,False,,592718298.4574497,387007161.44240797,293923422.0594258,228781778.53233784,642112008.6655991,1.5315434893978166,1.9546342004150496,1.5226778912990782,4,-6.2893081761006275,2.758620689655178,연속 가속형,,,,,,,,,,,,,,NO_DATA,,0.0,,66.6,발사 전,66.6
2026-09-29T10:54:00+09:00,POKT,KRW-POKT,,11.6,-4.1322314,823628692.202396,1790646832997,False,False,,941122357.673878,640579899.9761405,530477166.2463315,389865355.95711,437220023.1756466,1.4691724759221008,1.8087811622817531,1.6067718266104,4,-3.200000000000003,0.0,연속 가속형,,,,,,,,,,,,,,NO_DATA,,0.0,,66.5,발사 전,66.5
2026-09-29T10:54:00+09:00,IMX,KRW-IMX,IMXUSDT,233.0,-2.51046025,1138559355.5722606,1790646819131,False,False,,1568509875.4383714,1151696682.1553848,734383159.4712043,695058425.5296264,1420214291.307391,1.3619122983865217,1.8230443855684877,1.705925851601093,4,9.633027522935777,19.500000000000007,연속 가속형,2606434.246025,-9.289,3128121.173108,1686061.242208,922221.479567,1083131.136842,836509.928384,1.855283245234636,2.5422138721773884,2.831441263711176,3,8.364312267657992,20.288858321870705,가속형,YES,6.9,Binance D2 선행→Upbit D1 확산,66.4,발사 전,66.4
2026-09-29T10:54:00+09:00,AHT,KRW-AHT,,1.63,-1.80722892,217454078.56847557,1790646827717,False,False,,396359507.10894114,343667660.808783,239721415.9712518,163901230.7816942,136327190.98387405,1.153322096632991,1.5911868644550848,1.6716956777160341,5,0.60606060606061,3.105590062111796,연속 가속형,,,,,,,,,,,,,,NO_DATA,,0.0,,65.2,발사 전,65.2
2026-09-29T10:54:00+09:00,HP,KRW-HP,,13.3,-2.20588235,10385386639.417778,1790646837732,False,True,거래량급등,10241483531.33458,157915355.2603152,156035331.02008945,210304575.67215872,107713490.87238023,64.85426014748236,58.60589835488156,58.01375597280089,3,6.25,9.677419354838701,가속형,,,,,,,,,,,,,,NO_DATA,,0.0,,63.7,발사 전,63.7
2026-09-29T10:54:00+09:00,MEGA,KRW-MEGA,MEGAUSDT,55.9,-2.27272727,1103976917.135114,1790646644722,False,False,,1160352554.0216484,904424928.8728448,680991238.7441318,581382344.569024,730792229.8956327,1.2829727675327989,1.6065442368026357,1.3548725743937795,4,-9.062003179650235,-4.666666666666663,연속 가속형,1977867.365434,-4.269,2062441.294633,1415751.092026,1387680.45736,1945548.435377,1934186.230112,1.4567824148251645,1.3028742811616167,1.0347732031294414,3,-9.262841177734792,-3.253895508707605,중립,,0.0,,63.6,발사 전,63.6
2026-09-29T10:54:00+09:00,GAME2,KRW-GAME2,,1.44,-4.63576159,8442804178.92892,1790646845250,False,True,거래량급등,12823381020.944473,359450489.8094554,121854175.78458758,137201729.71968195,148620032.5038228,35.67495770486262,62.198456401279756,59.33530478252195,3,7.857142857142874,10.21897810218977,가속형,,,,,,,,,,,,,,NO_DATA,,0.0,,63.0,발사 전,63.0
2026-09-29T10:54:00+09:00,BIRB,KRW-BIRB,,86.0,-3.4792368099999997,2616592095.5402513,1790646825698,False,True,거래량급등,4273147890.4985576,945575304.2637004,688635563.5130193,1149334179.1552646,3021273209.924191,4.519098448564039,4.605437833896465,2.3893949651857826,3,-4.29645542427497,-7.380457380457384,가속형,,,,,,,,,,,,,,NO_DATA,,0.0,,62.9,발사 전,62.9
2026-09-29T10:54:00+09:00,BLEND,KRW-BLEND,,89.4,-0.66666667,707969326.7760525,1790646753800,False,False,,828099345.0700777,703250963.5124041,496851075.13511527,444289202.3914961,515476211.5431836,1.17753033843582,1.5107706567693213,1.3385463063466452,4,-5.263157894736848,-4.559915164369032,연속 가속형,,,,,,,,,,,,,,NO_DATA,,0.0,,62.8,발사 전,62.8
2026-09-29T10:54:00+09:00,VANA,KRW-VANA,VANAUSDT,1431.0,-3.31081081,752770805.2235637,1790646843384,False,False,,742746115.2827972,570330580.8217007,520481662.09814745,410509430.81426674,515170172.2216138,1.3023080652850314,1.4841844921257124,1.3257195248806535,4,-5.0673508659397015,-1.2016021361815787,연속 가속형,386788.97186,-8.028,314543.89422,287243.71728,409379.6077,296423.7553,328720.89863,1.0950418592215485,0.9502386154681943,0.73045960246405,2,-5.7044079515989665,0.18365472910928382,중립,,0.0,,62.5,발사 전,62.5
2026-09-29T10:54:00+09:00,CRO,KRW-CRO,,91.7,-3.27004219,6533964111.942123,1790646842316,False,False,,6181793882.307962,1896859861.1642115,1553539679.0051122,3860025378.5829763,1525639968.9601104,3.2589618289006554,2.5368404508679507,2.6936307693592876,3,5.2164261931187506,12.455516014234869,가속형,,,,,,,,,,,,,,NO_DATA,,0.0,,62.2,발사 전,62.2
2026-09-29T10:54:00+09:00,WCT,KRW-WCT,WCTUSDT,54.9,-2.65957447,735941873.7562662,1790646670523,False,False,,863406033.019258,734146555.6611935,672667242.9781916,437472528.51433104,451220702.5853356,1.1760676752636259,1.4044555126400864,1.3863924750929042,4,-4.890387858347389,0.3558718861209842,연속 가속형,592908.46334,-6.57,555394.801332,884896.550629,714658.11011,549165.873911,660777.316205,0.6276381131073634,0.7754309493148679,0.7493506702733901,1,-5.253581987718903,1.65934602244997,감소형,,0.0,,62.1,발사 전,62.1
2026-09-29T10:54:00+09:00,BSB,KRW-BSB,,129.0,-3.0075187999999997,898315993.0224615,1790646675712,False,False,,861941792.69393,405612041.3579212,373641532.7804729,394155605.7648663,336563707.6749792,2.125039951497232,2.203685996640127,2.0523107986122247,3,-13.636363636363635,-8.904109589041099,가속형,,,,,,,,,,,,,,NO_DATA,,0.0,,60.9,발사 전,60.9
2026-09-29T10:54:00+09:00,MBL,KRW-MBL,MBLUSDT,1.09,-2.67857143,580616122.4484818,1790646789416,False,False,,1067697084.21981,312702944.4419855,319658586.47516066,320329527.38805723,222326450.02686757,3.414413273674484,3.3621510611819874,2.991178455652871,2,-3.44827586206895,1.81818181818183,고수준 유지형,187609.83207,-5.758,333294.087574,162693.17996,171838.523289,242830.114059,179429.759492,2.0486051576098285,1.731812241038104,1.339657546738589,2,-3.169014084507038,2.739726027397249,고수준 유지형,,0.0,,60.6,발사 전,60.6
2026-09-29T10:54:00+09:00,TREE,KRW-TREE,TREEUSDT,60.6,-3.04,2550113053.2783413,1790646829451,False,False,,2524996315.048991,1899662970.9883165,1822910803.6530046,1736925099.6178071,2060314882.9458199,1.3291812040402826,1.3874879580728778,1.0824796825678142,4,-3.9938556067588227,-5.873493975903621,연속 가속형,651333.7239,-8.793,701387.91214,479485.17256,497174.69671,398941.86128,635977.87179,1.4627937468748993,1.5296314984851778,1.1376118427151913,2,-4.374999999999996,-5.165289256198335,고수준 유지형,,0.0,,60.5,발사 전,60.5
2026-09-29T10:54:00+09:00,SLX,KRW-SLX,,86.5,-2.91806958,6898742334.854744,1790646826056,False,False,,7015259727.114234,6586882409.107595,4607809296.074293,3562415701.9781637,4986684453.448385,1.0650349120267164,1.4261452871943878,0.9028281200673731,4,-7.090719499478637,-11.782178217821793,연속 가속형,,,,,,,,,,,,,,NO_DATA,,0.0,,60.4,발사 전,60.4
2026-09-29T10:54:00+09:00,MET2,KRW-MET2,,427.0,-4.6875,2562893658.297982,1790646774559,False,False,,2474926328.772637,849874054.7980781,846374243.0733413,1242903949.3253098,2833595948.7933507,2.912109523523054,2.5261634518590967,0.4520165783079021,3,-7.628865979381438,-4.680851063829783,가속형,,,,,,,,,,,,,,NO_DATA,,0.0,,58.2,발사 전,58.2
2026-09-29T10:54:00+09:00,LA,KRW-LA,LAUSDT,89.9,-2.2826087,6228871169.405948,1790646837744,False,False,,6647412190.950571,3273346362.0892315,2722968081.139513,3471991488.9506016,4287843837.590035,2.030769572061975,2.1062095707190096,1.530764198445552,3,-8.910891089108908,-6.882591093117407,가속형,1178996.59297,-7.153,1144764.21356,943480.23966,1226975.31185,1088093.06814,1002037.29086,1.2133420133658934,1.0539332204436702,0.8625025923561225,2,-9.638554216867467,-5.988857938718661,중립,,0.0,,57.5,발사 전,57.5
2026-09-29T10:54:00+09:00,YGG,KRW-YGG,YGGUSDT,34.9,-1.96629213,423536959.10318154,1790646797643,False,False,,458022210.0193718,278737695.7942525,177976937.57138267,250310838.7989945,196446736.3572445,1.64320153653511,1.9434471375568294,1.6255357139972917,3,-5.319148936170215,0.0,가속형,499158.299704,-6.143,502236.963736,360617.937555,385825.765874,406438.397931,451176.125515,1.3927120961901702,1.3069080432687827,1.0639170794073456,2,-5.503597122302151,1.506955177743441,중립,,0.0,,56.7,발사 전,56.7
2026-09-29T10:54:00+09:00,MVL,KRW-MVL,,1.52,-1.2987013,198261527.4795926,1790646799004,False,False,,284846586.38647974,203450499.01969174,103655202.53699721,177544188.166818,64364446.52457794,1.4000780915209736,1.7632104685857963,1.8932022979997807,3,-1.9108280254777066,-1.2820512820512886,가속형,,,,,,,,,,,,,,NO_DATA,,0.0,,56.6,발사 전,56.6
2026-09-29T10:54:00+09:00,HYPER,KRW-HYPER,HYPERUSDT,97.2,-2.31155779,690041862.7128088,1790646756085,False,False,,771847948.7914499,414976004.8280189,391849242.9942492,473711409.81540173,449491196.5298366,1.8599821189934385,1.8082604918519538,1.569705457371001,3,-3.398058252427183,0.0,가속형,669115.27597,-6.021,749052.23898,414802.20092,457223.40317,514442.03721,509024.91747,1.8058058450959487,1.6207783362567252,1.3853036764554965,2,-3.937007874015752,0.8264462809917328,고수준 유지형,,0.0,,55.3,발사 전,55.3
2026-09-29T10:54:00+09:00,GMT,KRW-GMT,GMTUSDT,11.2,-2.60869565,1272689878.401066,1790646824149,False,False,,1255834302.9223845,817101758.9552699,554838614.0873101,791769948.2832922,561574738.2633239,1.5369374611652644,1.7412233382787181,1.5872578515983282,3,-4.958677685950407,1.7699115044247815,가속형,571490.892393,-6.222,564739.650448,530674.933593,327583.309601,525726.124439,477933.709214,1.0641913056348082,1.2241604681139482,1.1057334684596707,3,-5.580357142857128,3.5495716034271707,중립,,0.0,,54.5,관찰,54.5
2026-09-29T10:54:00+09:00,MEW,KRW-MEW,,0.629,-2.17729393,939562817.4118412,1790646770174,False,False,,948006946.5910215,360970585.49299365,302168948.6895216,718124770.5072286,696537551.3472297,2.626272014093021,2.0589982888263236,0.8289797456407937,3,-6.9464544138929,-1.8320610687022953,가속형,,,,,,,,,,,,,,NO_DATA,,0.0,,54.5,관찰,54.5
2026-09-29T10:54:00+09:00,ETH,KRW-ETH,ETHUSDT,3627000.0,-0.68455641,96933618883.01956,1790646843353,False,False,,102509171733.25249,52618705914.91758,33503538009.07183,83710519127.93227,73617700334.64021,1.9481507564820364,1.8107667194093722,1.397630447444446,3,0.27457440966502933,-0.9224091155724312,가속형,741900281.108064,0.161,779141918.865414,413981188.407887,232408625.067851,632500185.266342,713406122.987247,1.8820708299859796,1.8276988317176153,1.3477672990780978,3,-0.1077422063374689,0.14899188366712668,가속형,,0.0,,54.4,관찰,54.4
2026-09-29T10:54:00+09:00,A,KRW-A,AUSDT,128.0,-1.53846154,1005495705.007252,1790646808275,False,False,,958351083.7494037,515992381.3725983,421954743.427924,608212345.2589536,716662038.5041709,1.8572969647344038,1.8594804138396002,1.439335550661337,3,-6.474820143884896,3.1746031746031855,가속형,1252014.58875,-7.843,1254453.60009,719008.46776,353520.72727,592476.24542,595297.70272,1.744699341300008,2.2602693714039033,2.162941739039233,3,-6.933593750000011,3.925845147219187,가속형,,0.0,,54.4,관찰,54.4
2026-09-29T10:54:00+09:00,CAP,KRW-CAP,,79.0,2.5974026,24591906803.606564,1790646843378,False,False,,22752317143.253166,8540514263.639539,5779228683.3535795,14867271133.308311,13743323410.678299,2.664045330398789,2.338606862694691,1.7768351332551995,3,9.219858156028371,5.6241426611796985,가속형,,,,,,,,,,,,,,NO_DATA,,0.0,,54.1,관찰,54.1
2026-09-29T10:54:00+09:00,FF,KRW-FF,FFUSDT,168.0,0.0,2881877477.8685203,1790646787087,False,False,,2907244678.2037406,745571393.9605957,889832595.3579551,1198618355.500902,2408375112.317738,3.8993511577207745,3.077510680377807,1.8295348583476636,2,-7.692307692307687,-6.145251396648044,고수준 유지형,1851438.901181,-4.824,1812023.614317,721604.379432,578409.318016,1538592.615785,2515856.141719,2.511103959406825,1.915049233001827,0.9567215140633094,3,-8.21692686935086,-6.041140934465094,가속형,,0.0,,53.8,관찰,53.8
2026-09-29T10:54:00+09:00,USDT,KRW-USDT,,1359.0,0.0,98773839213.56998,1790646841894,False,False,,99235751784.747,46114573562.700485,43538457052.93687,75080233054.15648,92011396310.42532,2.1519390534929133,1.8072078991343983,1.1655006173250704,3,0.44345898004434225,-1.0196649672250535,가속형,,,,,,,,,,,,,,NO_DATA,,0.0,,53.1,관찰,53.1
2026-09-29T10:54:00+09:00,TIA,KRW-TIA,TIAUSDT,589.0,-3.44262295,1101188955.104016,1790646799350,False,False,,1136705335.2782269,657274427.7845945,576569801.7672564,853178412.7350194,743116126.490192,1.7294227300301328,1.6339621510277536,1.315813411552709,3,-8.682634730538918,-3.4810126582278444,가속형,7179566.77051,-12.792,6903543.689051,3908474.913296,4994412.127718,8034127.33786,7443907.012376,1.766301138473797,1.2228029453045712,0.9110603854083353,2,-9.337105901374299,-2.6898047722342833,중립,,0.0,,52.7,관찰,52.7
2026-09-29T10:54:00+09:00,BTC,KRW-BTC,BTCUSDT,112919000.0,-0.50926456,128182986206.85266,1790646844101,False,False,,134347415261.73451,72287952928.79047,62950265085.00601,128171834220.45271,103868241728.45888,1.8585035240115,1.5300943998400642,1.281214508385613,3,-0.14077443536253398,-2.080098008765574,가속형,1704621059.8326657,-0.939,1746910498.4279687,813976178.3611975,677578219.0470139,1520256978.6934962,1572042147.6733966,2.1461445001315345,1.7400596653789016,1.3496763493759614,3,-0.7134126888719172,-1.0635255030948865,가속형,,0.0,,51.6,관찰,51.6
2026-09-29T10:54:00+09:00,ID,KRW-ID,IDUSDT,50.3,-2.3300970899999998,1415447454.1155684,1790646802993,False,False,,1557882123.1473405,955521246.9697388,834450945.4440094,1189977621.8235424,985741626.155564,1.6304002952188443,1.5683641204669845,1.350370446718226,3,-2.6465028355387443,3.206412825651306,가속형,534014.4271,-6.566,535159.3276,271982.9593,333821.0311,312879.7005,337655.8608,1.9676207986608225,1.747585157658751,1.3979658287769787,2,-3.57142857142857,3.8461538461538325,고수준 유지형,,0.0,,51.6,관찰,51.6
2026-09-29T10:54:00+09:00,SNT,KRW-SNT,,11.3,0.0,620124069.8885843,1790646832302,False,False,,723669568.560577,393098547.9477693,381811145.2782115,523397839.59426653,395290027.1079964,1.8409367634111191,1.6721837090213594,1.0436236636209846,3,-8.130081300813007,-5.042016806722682,가속형,,,,,,,,,,,,,,NO_DATA,,0.0,,51.6,관찰,51.6
2026-09-29T10:54:00+09:00,O,KRW-O,,714.0,-1.10803324,626929448.6977197,1790646837409,False,False,,652675738.3301406,397370220.7605367,313539216.55735785,561088405.3306783,672369495.7150644,1.6424877965967566,1.539332182288445,1.2447885926109639,3,-2.826379542395696,-3.9893617021276584,가속형,,,,,,,,,,,,,,NO_DATA,,0.0,,51.5,관찰,51.5
2026-09-29T10:54:00+09:00,JST,KRW-JST,JSTUSDT,175.0,-1.1299435,975446906.7675687,1790646825253,False,False,,981678918.7474205,642966590.6786553,423463884.27158016,650766518.5410441,320554317.893869,1.5267961554755938,1.7150255721416259,2.045965490637791,3,7.92682926829269,16.447368421052634,가속형,5424635.879972,1.903,5393721.612773,2996951.766365,3086817.294195,5250594.680957,2693348.122049,1.7997358760681825,1.4276200417892448,1.604394284132965,2,6.603850880786566,17.491421347299973,고수준 유지형,,0.0,,50.6,관찰,50.6
2026-09-29T10:54:00+09:00,XEC,KRW-XEC,XECUSDT,0.0113,-2.5862069,1269479803.1376183,1790646821591,False,False,,1209586130.9773533,746570673.74713,726006029.491558,917789131.0954138,1804505048.3327699,1.6201897201591,1.5180765809192318,0.44066858905439443,3,-6.451612903225811,-4.132231404958686,가속형,490596.64239884,-5.486,470270.6228853,385314.01100303,601111.05504357,398455.12504319,886503.58374443,1.2204866925578834,1.0187248526861403,0.6239755288567499,2,-7.4074074074074066,-2.7459954233409523,중립,,0.0,,50.1,관찰,50.1
2026-09-29T10:54:00+09:00,1INCH,KRW-1INCH,1INCHUSDT,135.0,-2.17391304,755376105.2336862,1790646843380,False,False,,736676280.518855,261708655.09498495,306865123.6683576,325141851.0759618,418180490.8950451,2.814871675724613,2.472854639404641,2.017551208842935,2,-1.4285714285714235,2.2222222222222143,고수준 유지형,961089.72789,-2.453,1006533.56184,448626.07704,415697.09215,690369.47943,488621.53171,2.243591296522552,1.9422492852206539,1.789258974887326,3,-2.0289855072463725,3.258655804480659,가속형,,0.0,,49.4,관찰,49.4
2026-09-29T10:54:00+09:00,ASTR,KRW-ASTR,ASTRUSDT,9.99,-3.0097087399999998,500236134.7694427,1790646833384,False,False,,441332219.1243052,289142569.1020807,253700353.68204862,322340237.87975264,300161724.2520527,1.5263481281737332,1.5303079365957282,1.1641984894415243,3,0.9803921568627638,8.53530031612224,가속형,603336.5136078,-3.3,595716.3735668,352918.9245235,421552.236138,381421.9157769,322074.4432977,1.6879694801606842,1.5461197554769168,1.4596598835696943,2,1.4643237486688054,10.559907165651294,고수준 유지형,,0.0,,48.8,관찰,48.8
2026-09-29T10:54:00+09:00,TOSHI,KRW-TOSHI,,0.163,-1.21212121,1128217170.613608,1790646842657,False,False,,953485552.6823546,372061558.5677266,401168339.80022264,375750547.4203052,551199581.3500766,2.56270912897547,2.4895607828074535,1.7405003626218798,2,-5.714285714285705,-4.06976744186045,고수준 유지형,,,,,,,,,,,,,,NO_DATA,,0.0,,48.6,관찰,48.6
2026-09-29T10:54:00+09:00,BOUNTY,KRW-BOUNTY,,19.6,-1.50753769,447595719.9730007,1790646668054,False,False,,441451198.7906743,199431661.9274251,214269109.43335652,160304521.96869004,93487629.62447628,2.2135462068772322,2.3072149538730145,2.2483606353076846,2,1.5306122448979442,3.1088082901554293,고수준 유지형,,,,,,,,,,,,,,NO_DATA,,0.0,,48.5,관찰,48.5
2026-09-29T10:54:00+09:00,AGLD,KRW-AGLD,AGLDUSDT,290.0,-1.6949152499999998,743638767.4415112,1790646780800,False,False,,779252246.4075727,244799300.08882564,391886313.2874657,363038766.0179357,472344061.63764673,3.183229062030898,2.338401250792002,1.9370338030316427,2,-4.2207792207792245,2.430555555555558,고수준 유지형,392960.42469,-2.59,397404.81249,148869.71918,213964.41281,212252.08316,291713.70059,2.669480500661747,2.073105572803608,1.5694135365547333,2,-4.718217562254257,4.154727793696278,고수준 유지형,,0.0,,47.9,관찰,47.9
2026-09-29T10:54:00+09:00,NCT,KRW-NCT,,13.7,-1.43884892,799502028.2422518,1790646795996,False,False,,859890383.8053346,392299666.82538277,465134700.00733536,314112406.86464876,373800609.8509307,2.191922289314821,2.2019361150000334,2.0366755110472194,2,-3.472222222222221,-2.1126760563380254,고수준 유지형,,,,,,,,,,,,,,NO_DATA,,0.0,,47.8,관찰,47.8
2026-09-29T10:54:00+09:00,SIGN,KRW-SIGN,SIGNUSDT,16.5,-4.069767440000001,1549029746.6851988,1790646709311,False,False,,1517995582.4492009,1109105485.6723983,586277738.0114946,1541002300.8490715,489528796.0384107,1.3686665534152613,1.4071212199000236,1.6061091157680965,3,-4.444444444444451,0.5847953216374213,고수준 유지형,867001.59297,-12.437,851254.482,737698.21107,288424.60207,646766.98478,497346.44753,1.153933233436057,1.5265580848034583,1.5028984913422025,3,-5.310396409872853,1.0375099760574713,가속형,,0.0,,47.2,관찰,47.2
2026-09-29T10:54:00+09:00,DOGE,KRW-DOGE,DOGEUSDT,126.0,-0.7874015700000001,42599753440.843575,1790646820798,False,True,입금량급등,42470461673.928345,22124702805.776806,19016903217.669945,29534661002.031883,32631455221.62486,1.9195946741865033,1.8027463869286349,1.2583986167726253,3,-5.223880597014929,-0.78125,가속형,99641927.35424,-3.544,105119995.1064,68807221.60588,50746561.78344,104142521.4922,98207104.29953,1.527746545391928,1.4097684156483021,1.0223514617081535,3,-5.062140042437102,1.3373597929249303,고수준 유지형,,0.0,,45.7,관찰,45.7
2026-09-29T10:54:00+09:00,CHZ,KRW-CHZ,CHZUSDT,21.0,-2.3255814,3524642284.7916226,1790646840820,False,False,,3446057572.2463756,2251736423.884769,2164912543.588663,2757985181.9071245,2736395827.3068814,1.5304000662302761,1.4409337816384273,1.2429111428625055,3,-6.113537117903922,-1.826484018264829,고수준 유지형,2389308.16164,-6.174,2331703.91361,1054489.51777,2165420.0321,2105177.91638,2088439.12614,2.2112158293816058,1.3136144307796798,1.1042948892546194,2,-5.878859857482189,0.06313131313131493,중립,,0.0,,45.7,관찰,45.7
2026-09-29T10:54:00+09:00,CRV,KRW-CRV,CRVUSDT,517.0,0.0,1740780686.740195,1790646841171,False,False,,1210091610.1677065,477144736.28523475,616903610.9507459,259539870.064275,847104212.1523826,2.53611015305075,2.6819639710987855,2.043862822138728,2,7.708333333333339,15.919282511210753,고수준 유지형,10419377.17826,9.902,9661166.20256,2874488.96753,3432043.37315,3971553.5212,5080269.04276,3.361003055392374,2.819931551182676,2.2382162331664706,2,6.90529875986472,16.671793294370964,고수준 유지형,,0.0,,45.5,관찰,45.5
2026-09-29T10:54:00+09:00,BLUR,KRW-BLUR,BLURUSDT,26.4,-2.22222222,1491490182.1294692,1790646786434,False,False,,1766536303.9048116,833666587.5044135,969628729.7145889,1022404853.1101134,433045591.72313356,2.1189961675121824,1.8755029168919848,2.0500244883577508,2,-5.594405594405593,1.5037593984962294,고수준 유지형,387072.841269,-9.464,437942.213733,194688.630196,419150.937922,268239.559108,186274.266864,2.2494493555792543,1.4894657413907728,1.556480322742758,2,-5.860113421550106,2.892561983471076,고수준 유지형,,0.0,,44.9,관찰,44.9
2026-09-29T10:54:00+09:00,KAT,KRW-KAT,KATUSDT,6.52,-1.80722892,952747788.0674129,1790646830901,False,False,,1025208328.5463567,776008678.4990764,590267839.1414254,702462335.4967556,1499218082.5611184,1.3211299782487895,1.4867149524333931,0.9057250197770166,3,-4.871060171919783,-1.0432190760059634,고수준 유지형,812274.85343,-5.871,802395.99511,396609.88487,510257.38691,656576.01203,769216.82778,2.02313665322035,1.539670808821318,1.15231538850262,2,-5.394990366088626,0.20408163265306367,고수준 유지형,,0.0,,44.9,관찰,44.9
2026-09-29T10:54:00+09:00,ME,KRW-ME,MEUSDT,104.0,0.97087379,1826523210.1605465,1790646830160,False,False,,1450251751.6714628,1007617610.4761986,1000264784.6709626,1055329044.3443562,889174117.4091609,1.4392878177129873,1.420324826070968,1.3284108742545648,3,-2.8301886792452824,1.980198019801982,고수준 유지형,454390.2384143,-3.532,385998.0796171,365500.6937628,383397.3535293,841582.6503155,325404.7888718,1.0560802926070565,0.7280781468100519,0.7568936571999922,2,-3.3694958519464024,3.6413415468856902,중립,,0.0,,44.8,관찰,44.8
2026-09-29T10:54:00+09:00,PYUSD,KRW-PYUSD,,1357.0,-0.3671072,885291207.71471,1790646576706,False,False,,904390454.4623022,56762622.14386304,143889127.62964725,169623701.76420486,188151862.18501136,15.932851942078253,7.327440563827254,5.2116194342625235,2,0.8142116950407008,-0.8733624454148492,일회성 폭증형,,,,,,,,,,,,,,NO_DATA,,0.0,,44.7,관찰,44.7
2026-09-29T10:54:00+09:00,PROS,KRW-PROS,,903.0,-1.0952902500000001,12538346205.653494,1790646835923,False,False,,20150074274.72191,21214689552.952564,301890985.82830775,3316880068.8205247,638858680.2266619,0.9498170701214674,2.434224684966469,3.814313822554688,1,2.1252796420581754,14.267834793491874,중립,,,,,,,,,,,,,,NO_DATA,,0.0,,44.6,관찰,44.6
2026-09-29T10:54:00+09:00,HOLO,KRW-HOLO,HOLOUSDT,84.8,-2.30414747,1204893079.50415,1790646830553,False,False,,1228893103.8026485,1130659569.3609943,711058587.2146423,825060671.44109,732718547.5869237,1.0868816194578994,1.3824465953742835,1.0653931805101864,3,-4.928806133625407,-2.4719101123595544,중립,575288.83061,-8.931,637294.38531,646485.88537,450589.92182,547524.64925,743002.48209,0.9857823654498822,1.1625213579647036,0.6474408899374501,1,-5.481481481481499,-1.2383900928792713,중립,,0.0,,44.4,관찰,44.4
2026-09-29T10:54:00+09:00,ZBT,KRW-ZBT,ZBTUSDT,114.0,-1.7241379300000002,2135665756.1531932,1790646794028,False,False,,2107295997.255689,1669878160.7951381,1524275724.480649,1607927902.5807061,1656790508.8743086,1.2619459591304958,1.3164890293526155,1.1219962290776462,3,-5.691056910569103,-1.6949152542372836,중립,581392.34765,-5.311,572019.41538,554381.57508,499475.38229,673894.20054,666362.16756,1.0318153436059898,0.993232294062448,0.7267316975041961,3,-5.752212389380529,-0.6993006993006978,중립,,0.0,,44.1,관찰,44.1
2026-09-29T10:54:00+09:00,CARV,KRW-CARV,,55.0,-3.6777583199999997,803970983.9680446,1790646807603,False,False,,926083582.1919852,873398090.2665765,490234582.44185376,661764432.6106302,1030663475.7849114,1.0603224262939803,1.371706683731188,0.39921488132014216,3,-3.220338983050841,-3.5472972972973027,중립,,,,,,,,,,,,,,NO_DATA,,0.0,,44.0,관찰,44.0
2026-09-29T10:54:00+09:00,PENGU,KRW-PENGU,PENGUUSDT,12.4,-3.8759689899999996,8962164660.104265,1790646817460,False,False,,8979812491.575188,8093676872.226272,4925815426.15655,8224441236.762701,8292785129.560726,1.1094849267320914,1.2681002522511906,0.9713457956453698,3,-7.194244604316546,-3.007518796992481,중립,17416980.82,-10.791,18922352.236561,17856512.377635,9256111.232219,18798727.771286,20331306.149912,1.059689139535498,1.23644926585634,0.8918282164299947,3,-7.942834921252184,-2.84219166837677,중립,,0.0,,43.1,관찰,43.1
2026-09-29T10:54:00+09:00,ENS,KRW-ENS,ENSUSDT,8925.0,-2.5122883700000003,4781420415.853618,1790646791380,False,False,,4911255041.911808,3274452696.9403462,2963833783.013102,5395225413.297055,9044053917.629648,1.4998705116433328,1.26649332213118,0.5678021168598663,3,-5.61855670103093,-1.240560949298808,중립,1531367.5803,-5.058,1546528.025,1150658.9331,952863.6632,1868628.2179,2609304.2228,1.3440368648887864,1.1680281771814907,0.706849397615351,3,-6.1196105702364445,0.0,중립,,0.0,,43.1,관찰,43.1
2026-09-29T10:54:00+09:00,IQ,KRW-IQ,IQUSDT,1.24,-3.125,723074880.5224726,1790646825265,False,False,,903180331.987074,745103716.3790227,640841967.8301753,727106329.7285781,678098441.7231289,1.2121538413152138,1.2822878841074334,0.9811176865535419,3,-3.0303030303030276,1.5873015873015817,중립,133782.155475,-5.579,152656.793753,131149.891013,113470.413058,625510.006986,163683.027893,1.1639871949101976,0.5263239027987379,0.5674948899399193,3,-3.913491246138001,1.5233949945593128,중립,,0.0,,42.9,관찰,42.9
2026-09-29T10:54:00+09:00,MASK,KRW-MASK,MASKUSDT,616.0,-2.22222222,709930904.086008,1790646801346,False,False,,762933287.9184737,743216568.9113666,581026626.8983643,619798598.2168812,530394547.8678803,1.0265289013079826,1.1773408734257336,1.0936327261566012,3,-1.4084507042253502,0.4784688995215225,중립,531535.343,-5.031,514096.3849,462372.4748,360586.2425,564922.6117,479760.1577,1.1118663262175656,1.111254343201846,0.9703119832972139,3,-2.320675105485226,1.3129102844638973,중립,,0.0,,42.8,관찰,42.8
2026-09-29T10:54:00+09:00,TRX,KRW-TRX,TRXUSDT,456.0,0.21978022,3749063396.9429116,1790646838438,False,False,,3797993611.610182,2841601413.3366075,2250078551.362814,4598805638.133217,3754011560.0374436,1.3365680330059306,1.1757904920162057,1.0865694994240611,3,-0.4376367614879695,-3.1914893617021267,중립,28612532.54571,0.18,27789365.75602,18884655.34943,13548453.23128,26937054.14437,35810580.52973,1.471531528737101,1.4042086705085355,1.0294091968828365,3,-0.7687758722649263,-1.9286966686148488,고수준 유지형,,0.0,,42.7,관찰,42.7
2026-09-29T10:54:00+09:00,XRP,KRW-XRP,XRPUSDT,2009.0,-1.0832102399999999,277526721658.3714,1790646844068,False,False,,275989666698.4003,162509635787.9956,161531810895.23608,393270807788.19995,277058018201.3417,1.6982972447150568,1.1542657955917808,0.9025209917348919,3,-4.198113207547172,-1.455604075691408,중립,275487676.36185,-2.251,283162448.44635,173509013.61734,181135648.39195,538764479.31241,296261421.47513,1.6319754377189977,0.9508379823406858,0.8380840534333895,2,-4.571246413771124,-0.2798134576948663,중립,,0.0,,42.2,관찰,42.2
2026-09-29T10:54:00+09:00,SAHARA,KRW-SAHARA,SAHARAUSDT,12.3,-3.1496063,6834485101.958468,1790646836720,False,False,,7075726463.627898,3911595547.3575625,4091737000.1330953,3586700200.756401,5670755424.691838,1.8089105527302871,1.831502969143397,1.49449296850567,2,-4.511278195488733,-0.7812500000000111,고수준 유지형,2055727.33572,-8.753,2060199.42345,1026390.15343,1653134.63841,1449471.35524,1594377.95334,2.0072283590847073,1.496876734729065,1.326971606389229,2,-5.2791878172588795,-0.4268943436499528,고수준 유지형,,0.0,,42.1,관찰,42.1
2026-09-29T10:54:00+09:00,WET,KRW-WET,,86.8,-3.23299889,555300707.8630722,1790646834470,False,False,,470795550.9405142,467907455.23551524,332892155.23609227,446971916.58665293,381692459.15717155,1.0061723652245407,1.1319272977412604,0.7807731201865101,3,-6.073298429319374,-3.4445640473627637,중립,,,,,,,,,,,,,,NO_DATA,,0.0,,42.1,관찰,42.1
2026-09-29T10:54:00+09:00,MOVE,KRW-MOVE,MOVEUSDT,11.9,-3.2520325199999998,1784354077.5600626,1790646780795,False,False,,1841143555.3561778,1685799758.8939643,1606827041.1127176,1743283169.4483628,1784735854.5757542,1.0921484272628754,1.0968088586909834,0.9601110063961046,3,-7.518796992481203,-1.5999999999999903,중립,1044315.7631931,-7.651,978988.4941604,1741353.5408115,679238.6481968,517529.7727365,402751.1714395,0.562199732114235,0.9996063882716042,1.0800873253703143,1,-7.522259748234572,-0.22084805653709294,감소형,,0.0,,41.8,관찰,41.8
2026-09-29T10:54:00+09:00,G,KRW-G,GUSDT,6.55,-3.1065088800000003,7672370474.161232,1790646836317,False,False,,7267445874.393592,4572135501.858091,3901990047.0562687,11576162194.883804,7022479748.427598,1.589507981869772,1.0873827798269153,0.9449285561713084,3,-14.213197969543145,-13.994910941475835,중립,2193979.61201,-11.397,2163928.95765,1439318.94913,1610028.53919,2535529.78983,3059278.32221,1.5034394975192902,1.1623866648508374,0.867839358763488,2,-14.28571428571429,-12.78458844133099,중립,,0.0,,41.7,관찰,41.7
2026-09-29T10:54:00+09:00,SOL,KRW-SOL,SOLUSDT,159500.0,-1.1771995,42723447596.87064,1790646843024,False,False,,43435367501.069084,34621983468.677864,24603800499.52651,58077017703.67109,37671346854.87487,1.2545603443073847,1.1108524318771618,1.0498281659603146,3,-2.1818181818181848,2.281368821292773,중립,301206873.6403,-3.236,303030487.60797,318882945.21313,221338928.92664,481769969.76669,299095253.78508,0.9502875338956595,0.8895290781861821,0.8697430562504229,1,-2.668849774866966,3.3915992695016994,중립,,0.0,,41.6,관찰,41.6
2026-09-29T10:54:00+09:00,BCH,KRW-BCH,BCHUSDT,416300.0,-1.30393551,9358662160.465414,1790646829790,False,False,,9596574726.524368,9227583177.172312,5935642055.974839,12308245510.592625,24775409951.055656,1.0399878865643701,1.0479862708527803,0.32119595044762367,3,-9.153564505707513,-8.996763754045311,중립,23764696.2492,-6.573,24410486.7015,20430272.4248,10751602.9987,29865250.9969,40731044.2192,1.1948194421464726,1.199588979834903,0.5759817678042218,3,-9.583454704340234,-8.029629629629632,중립,,0.0,,41.4,관찰,41.4
2026-09-29T10:54:00+09:00,PEPE,KRW-PEPE,PEPEUSDT,0.00562,-1.91972077,4243217144.672341,1790646831926,False,False,,4399875758.608813,4019480391.440557,3898243059.6748586,4655450252.4479,4828118137.286753,1.094637945735052,1.0498246176369601,0.8371516928413879,3,-5.911330049261087,-3.6974789915966477,중립,37128401.04382415,-4.186,39878458.28349142,23148639.9622677,23566775.67035119,42050527.63656829,50701723.87102505,1.722712796453413,1.347762108353583,0.886113145705568,2,-6.23608017817372,-2.995391705069117,중립,,0.0,,41.4,관찰,41.4
2026-09-29T10:54:00+09:00,CC,KRW-CC,,177.0,-0.56179775,7579196599.989998,1790646823393,False,False,,6760360664.637764,1805957812.103909,4761875245.716115,3969138686.9737163,2608936747.0009675,3.7433657748416964,1.924754330287928,2.094678969316278,2,2.298850574712641,17.88079470198676,고수준 유지형,,,,,,,,,,,,,,NO_DATA,,0.0,,41.1,관찰,41.1
2026-09-29T10:54:00+09:00,BARD,KRW-BARD,BARDUSDT,184.0,-2.64550265,922162083.5992427,1790646799348,False,False,,1039384849.1692346,503596149.607618,634597802.23686,593484930.9725345,829416272.3279619,2.0639253298085816,1.800654023357517,1.3556270188794022,2,-5.025125628140703,0.5319148936170137,고수준 유지형,472898.39413,-9.606,509575.42298,420699.74066,447061.10581,798908.81838,591125.71265,1.211256803202613,0.9172341113423849,0.8194628265545664,2,-5.438477226376614,1.9794721407624616,중립,,0.0,,41.1,관찰,41.1
2026-09-29T10:54:00+09:00,UNI,KRW-UNI,UNIUSDT,11780.0,-1.50501672,10062301913.38891,1790646832625,False,False,,9641048591.838934,9427454122.886324,9067287006.681377,13183105191.479092,14485210789.19492,1.0226566436885736,0.9130401569092857,0.6535648118786733,3,-8.07071483474251,-5.6037884767166535,중립,116382775.08905,-9.659,115959384.26661,65096632.36703,52524369.55824,98946730.09729,93147164.54675,1.7813422914537873,1.6063249568665718,1.147821267238368,3,-8.584181025534566,-4.706773425665444,가속형,,0.0,,41.0,관찰,41.0
2026-09-29T10:54:00+09:00,ZK,KRW-ZK,ZKUSDT,16.5,-2.36686391,694205693.5288191,1790646827725,False,False,,639002411.6098866,534990852.2840566,442941868.8835585,570491533.0336736,769030034.2945448,1.1944174538345274,1.2380374626839556,0.8865242595593174,3,-2.3121387283237094,9.740259740259738,중립,2055765.192075,-6.95,2115466.599644,2083114.360618,2158381.224657,3089775.049175,1930251.303285,1.015530707117012,0.8656616452146723,0.8759522088502216,2,-3.488372093023262,11.16071428571428,중립,,0.0,,40.8,관찰,40.8
2026-09-29T10:54:00+09:00,VIRTUAL,KRW-VIRTUAL,VIRTUALUSDT,1081.0,-3.91111111,12548491716.993908,1790646816461,False,False,,12911090364.270296,9524361457.04915,8324627812.860142,10386867643.913097,8054190802.801289,1.355585927990434,1.3717760084642472,1.3954056502829086,3,4.359925788497221,17.1875,중립,16074790.54825,-4.224,16527186.92113,8886474.3753,7069531.24163,10257922.45009,6870656.4331,1.8598137149944864,1.8914204935874928,1.9393478089541238,3,3.7496864810634634,18.42255940452333,가속형,,0.0,,40.6,관찰,40.6
2026-09-29T10:54:00+09:00,BAT,KRW-BAT,BATUSDT,121.0,-3.2,483929949.71120095,1790646762698,False,False,,472578165.0133614,186442715.045811,247003997.79325888,290559670.5074061,294733966.6536725,2.5347097358952526,1.9581795515214706,1.2374155935399573,2,1.6260162601626105,4.166666666666674,고수준 유지형,585207.1558,-6.709,606847.9931,604750.3074,392407.3565,319895.5469,561810.1474,1.003468680667594,1.3822858213861924,0.9148653058922371,4,-0.10881392818279378,5.034324942791768,연속 가속형,,0.0,,40.4,관찰,40.4
2026-09-29T10:54:00+09:00,NXPC,KRW-NXPC,NXPCUSDT,306.0,-1.9230769200000002,1018531892.5249878,1790646826383,False,False,,1028665328.4578537,391581005.8188522,621506456.0041522,686056408.8823014,840251522.1155685,2.6269540993357596,1.8162064075790003,1.1590813384774905,2,-8.771929824561408,-5.167173252279634,고수준 유지형,913349.21615,-9.315,895431.21774,211012.40439,306837.95293,264367.4467,375679.60783,4.243500377755209,3.4342016244254596,2.680306871792229,2,-11.239860950173819,-5.819672131147535,일회성 폭증형,,0.0,,40.3,관찰,40.3
2026-09-29T10:54:00+09:00,APT,KRW-APT,APTUSDT,1110.0,-1.5084294599999999,6954255540.846161,1790646811873,False,False,,6947541358.002651,6418606050.97403,6027131145.979233,7135695478.891968,6664399163.751749,1.0824065697174787,1.0644075139465394,0.9934333373134683,3,-4.572396274343782,8.67888138862103,중립,12109133.859182,-5.458,12703345.379531,9963255.46664,9326794.654447,13222754.047003,11241370.277064,1.27501953774704,1.1721546976251422,1.0162456593061526,3,-4.883081155433288,9.980119284294231,중립,,0.0,,39.6,관찰,39.6
2026-09-29T10:54:00+09:00,ATOM,KRW-ATOM,ATOMUSDT,2337.0,-0.80645161,3383326179.364033,1790646842276,False,True,입금량급등,3303458517.173811,1352849862.5475645,1836383640.010355,1626712318.3985448,1063871956.418247,2.4418515377257286,2.0578253825856363,2.23026980637084,2,-2.8453608247422713,0.5548442168160417,고수준 유지형,5762210.75226,-8.133,5923038.9605,4273829.47847,4112897.81137,4767523.86585,2794095.53677,1.3858856536832171,1.3508269434108984,1.5172087410284751,3,-3.18080357142857,2.17903415783276,중립,,0.0,,39.5,관찰,39.5
2026-09-29T10:54:00+09:00,MANA,KRW-MANA,MANAUSDT,120.0,-1.6393442599999999,339894384.13687843,1790646843009,False,False,,422434722.5933814,230051015.77932343,216139077.0996889,875759419.9218636,326525213.0659894,1.8362654090543211,0.9586630620219738,0.9655455197924891,3,-2.400000000000002,7.017543859649122,중립,665341.1229,-2.854,691676.3621,373383.5429,420515.2525,1454653.434,515985.6943,1.8524554047772952,0.9228289470748462,0.9783252796974614,2,-3.118279569892468,9.212121212121204,중립,,0.0,,39.5,관찰,39.5
2026-09-29T10:54:00+09:00,TRAC,KRW-TRAC,,494.0,-2.75590551,1294045128.989752,1790646828753,False,False,,1716502797.8294106,1435285095.374523,1057475282.7733263,3786212820.2565055,7731615583.871035,1.1959315980923684,0.8201195053351799,0.5826162267984627,3,-0.78125,7.3995771670190225,중립,,,,,,,,,,,,,,NO_DATA,,0.0,,39.4,관찰,39.4
2026-09-29T10:54:00+09:00,CP,KRW-CP,,16.8,-3.4482758600000003,3786913473.7340975,1790646832984,False,False,,4133863892.8922143,2231776752.114995,3243233227.9681396,2451448370.5874968,2763263527.8686366,1.8522748249683407,1.5645816996726394,1.327225436468411,2,-5.434782608695654,-1.6949152542372947,고수준 유지형,,,,,,,,,,,,,,NO_DATA,,0.0,,39.2,관찰,39.2
2026-09-29T10:54:00+09:00,JUP,KRW-JUP,JUPUSDT,445.0,0.0,5522825082.886415,1790646840466,False,False,,5136339493.234394,3529787836.045504,3701969898.403964,4706453927.904771,5739589855.251501,1.455141139301093,1.2907308829423532,1.2351090055043425,2,-3.470715835141003,11.250000000000004,중립,10814004.22224,-10.096,10598449.74157,7087091.53458,5451753.66575,8128637.36874,6371430.71717,1.4954582835366317,1.5384239042394767,1.5807772763936674,3,-4.097161252560733,12.84435261707988,가속형,EARLY,5.0,Binance 연속가속 우위,39.0,관찰,39.0
2026-09-29T10:54:00+09:00,ZRX,KRW-ZRX,ZRXUSDT,162.0,-2.9940119800000002,456313280.91678417,1790646818130,False,False,,389159605.2078159,197601107.59548363,220507742.40611386,281156652.29055727,356970795.0249217,1.9694201613711528,1.6695787391148496,1.2684278665404616,2,-2.3391812865497075,3.0864197530864113,고수준 유지형,256991.8871,-4.257,284457.5783,122066.4043,147548.105,268044.7154,232768.9433,2.330351089894437,1.5872000250273024,1.374717547519637,2,-2.8503562945368155,4.692832764505117,고수준 유지형,,0.0,,39.0,관찰,39.0
2026-09-29T10:54:00+09:00,JPYC,KRW-JPYC,,8.55,-0.23337222999999999,1744510790.7382233,1790646814169,False,False,,1899004136.411753,1022664404.4608597,1250263158.2683022,1209124386.3152997,1668314310.229142,1.8569181914695587,1.6361078159097031,1.171116921199315,2,-0.464576074332157,-0.810185185185186,고수준 유지형,,,,,,,,,,,,,,NO_DATA,,0.0,,38.9,관찰,38.9
2026-09-29T10:54:00+09:00,ADA,KRW-ADA,ADAUSDT,331.0,-1.19402985,27959369706.441685,1790646844076,False,False,,27372354564.237602,13020394514.746384,16961662977.053387,24403876608.524612,15449326377.489492,2.1022676796188287,1.50989525235024,1.4416331784474437,2,-4.285714285714281,2.4464831804281273,고수준 유지형,55105309.94834,-4.928,56126026.63776,28652083.37617,42377244.74393,57092332.74667,41843522.36475,1.9588811710788243,1.3142046299912666,1.217837121621329,2,-4.443585780525494,3.7332214765100735,중립,,0.0,,38.7,관찰,38.7
2026-09-29T10:54:00+09:00,USDC,KRW-USDC,USDCUSDT,1360.0,0.22107590000000002,1550546091.2244594,1790646819779,False,False,,1761778859.9772894,1153356903.4482853,1200605612.706693,972971952.0326549,1303531410.828122,1.5275227075937685,1.5886506423467626,1.2418476966417042,2,0.5185185185185182,-1.093294460641403,고수준 유지형,3478076684.89554,0.033,3449242220.57328,1131292993.26282,875062768.7218,2970483318.24134,2984297405.54443,3.048938021462631,2.0791764601820377,1.503450733639462,3,0.035996760291578944,0.033996260411361945,가속형,,0.0,,38.6,관찰,38.6
2026-09-29T10:54:00+09:00,THETA,KRW-THETA,THETAUSDT,300.0,-0.99009901,481166201.3390568,1790646790392,False,False,,488070319.47640103,255798144.71392927,311815069.75217295,344530206.5192967,324425685.50521815,1.908029161127155,1.6052420318368348,1.2178028960727005,2,-5.312499999999998,3.412969283276457,고수준 유지형,624929.64184,-5.062,685287.02229,696601.75341,713257.57624,920902.18724,1113380.07981,0.9837572457080215,0.8820555221853811,0.7411366726236605,1,-5.318699873364285,4.666355576294912,중립,,0.0,,38.2,관찰,38.2
2026-09-29T10:54:00+09:00,DATA,KRW-DATA,,298.0,-0.99667774,12876890791.405586,1790646835587,False,False,,18046195994.053455,8772959290.434776,9075113051.978819,16345239650.771955,23844881873.41723,2.0570249327076393,1.5833092738413215,1.0796463636890088,2,-5.047318611987384,-2.9032258064516148,고수준 유지형,,,,,,,,,,,,,,NO_DATA,,0.0,,38.1,관찰,38.1
2026-09-29T10:54:00+09:00,OPEN,KRW-OPEN,OPENUSDT,172.0,-2.82485876,1783520894.446247,1790646775376,False,False,,1860351222.7360988,1359552016.0778334,1503851136.4397848,1246557249.3883724,645051369.9364836,1.3683560472390157,1.3579336836481655,1.4341966739194738,2,-6.349206349206349,-3.2786885245901676,중립,1438108.59225,-6.96,1424430.76676,762584.16012,830978.09412,697840.877,548998.15831,1.8678997561867166,1.8649238285571752,1.7068947239529004,2,-6.896551724137934,-2.336096458176351,고수준 유지형,,0.0,,38.0,관찰,38.0
2026-09-29T10:54:00+09:00,0G,KRW-0G,0GUSDT,391.0,-0.25510204,17864995844.885723,1790646832622,False,False,,8162433428.363627,2982387898.327439,4988616669.185425,2769289982.2243867,4918818100.313952,2.7368785371417395,2.279946808878713,1.4024478282455504,2,11.680911680911677,16.32047477744807,고수준 유지형,10597180.374172,8.877,5348611.917574,1365956.573586,2584348.675674,1551855.682323,2225640.132211,3.915652972431231,2.9162788861040334,2.139269357799309,2,11.513284559106673,17.86731786731788,고수준 유지형,,0.0,,37.6,관찰,37.6
2026-09-29T10:54:00+09:00,ORBS,KRW-ORBS,,9.88,0.20283976,300432831.4084004,1790646565467,False,False,,283775764.26504093,171460058.11936706,177096651.04039443,204319278.92087072,310613852.3240799,1.6550546370833603,1.5398160006018637,1.0715735324039413,2,-2.3762376237623783,-2.3762376237623783,고수준 유지형,,,,,,,,,,,,,,NO_DATA,,0.0,,37.5,관찰,37.5
2026-09-29T10:54:00+09:00,DOS,KRW-DOS,,281.0,-2.09059233,1900872702.3264744,1790646835234,False,False,,2289337513.910077,1600798639.8116198,1730808432.9591353,1291286134.9064682,2347559901.2211156,1.4301221009155054,1.4856524330530816,1.0520852380985906,2,-5.9016393442623,-5.280528052805278,고수준 유지형,,,,,,,,,,,,,,NO_DATA,,0.0,,37.1,관찰,37.1
2026-09-29T10:54:00+09:00,LINEA,KRW-LINEA,LINEAUSDT,3.93,-1.9950124699999998,1676455960.280216,1790646833379,False,False,,1634726239.6158504,920766905.2231573,1380578315.800216,1188108829.6634636,594235649.3743852,1.7753963900555894,1.4054286566353416,1.493733169388779,2,1.5189873417721378,4.973821989528804,고수준 유지형,3228521.702476,-3.285,3289059.696665,955986.056151,1093619.568089,909271.243243,1134813.949149,3.4404891949025314,3.334771783994047,2.6836886798243342,2,0.7860560492139346,6.616052060737521,고수준 유지형,,0.0,,37.1,관찰,37.1
2026-09-29T10:54:00+09:00,CELO,KRW-CELO,CELOUSDT,132.0,-1.49253731,1426721933.4831233,1790646791373,False,False,,1016320480.9025987,610244573.5689971,1124444243.3423002,291328478.15849984,568359220.1189625,1.6654314104895334,1.5049039562136406,1.6241103364967835,2,3.076923076923066,8.943089430894302,고수준 유지형,1440219.697273,1.743,968375.361022,579154.163557,754747.986934,502909.627459,445392.719867,1.6720511082481289,1.5816133791935434,1.6956666206429492,2,3.0366492146596924,10.388153466457272,고수준 유지형,,0.0,,37.1,관찰,37.1
2026-09-29T10:54:00+09:00,CYBER,KRW-CYBER,CYBERUSDT,454.0,-1.30434783,232108181.9123693,1790646799664,False,False,,280960683.82227117,153565741.99416873,197573201.34109342,203995751.48431224,297731945.10968703,1.8295791767993408,1.5183379084976136,0.9606592832768941,2,-4.56431535269709,0.0,고수준 유지형,458378.78087,-6.704,449406.25814,367992.66023,505566.2667,736506.54664,918498.72857,1.2212370155945922,0.8373689123527337,0.5977000386063264,2,-4.494382022471899,1.1904761904761862,중립,,0.0,,37.1,관찰,37.1
2026-09-29T10:54:00+09:00,KAVA,KRW-KAVA,KAVAUSDT,92.0,-0.75512406,3215407188.007283,1790646795671,False,True,"거래량급등,입금량급등",3075232259.915701,427000849.6386993,550013606.4540145,779215901.1626651,361282503.93662614,7.201934756143378,5.253124535533561,6.201397207748138,2,-0.3225806451612856,-2.728226652675758,일회성 폭증형,1938226.934061,-0.571,1923729.608868,328051.907362,512856.563704,920190.918395,679596.629644,5.8641012769518674,3.2770375488974097,3.2131746450919114,2,-0.3205128205128416,-1.4688940092166036,일회성 폭증형,,0.0,,37.0,관찰,37.0
2026-09-29T10:54:00+09:00,NEO,KRW-NEO,NEOUSDT,3366.0,-1.8658892100000002,1073565206.5261177,1790646830866,False,False,,1053985227.2233016,463981165.2367272,960346995.8905385,797935834.793989,883157518.4904234,2.271612095903827,1.4228533097207898,1.1454530327379708,2,-6.001644286105778,0.5865102639296182,고수준 유지형,920545.6864,-6.523,947114.21632,702909.55116,562238.30755,733648.08877,803931.75427,1.34741975657749,1.4215271211362261,1.1760155706535065,3,-6.627175120325813,1.693548387096766,고수준 유지형,,0.0,,37.0,관찰,37.0
2026-09-29T10:54:00+09:00,ZORA,KRW-ZORA,,10.5,-2.77777778,2010105755.4062433,1790646823790,False,False,,1932534802.9477913,1224867180.991769,1317407655.3298965,1466478020.6642866,1878670248.1246493,1.5777504964930378,1.4462364270573667,1.0567904188002073,2,-12.195121951219512,-9.243697478991598,고수준 유지형,,,,,,,,,,,,,,NO_DATA,,0.0,,36.9,관찰,36.9
2026-09-29T10:54:00+09:00,FLOCK,KRW-FLOCK,,87.0,-1.47225368,21133442026.27393,1790646840144,False,False,,15678719912.27088,8842480695.776299,11641525936.892641,11614627205.163279,28876594592.805668,1.773113275753034,1.465363291610707,0.9962234058464927,2,-10.264227642276435,-9.897959183673477,고수준 유지형,,,,,,,,,,,,,,NO_DATA,,0.0,,36.7,관찰,36.7
2026-09-29T10:54:00+09:00,ELSA,KRW-ELSA,,75.6,-2.4516129,10100638173.024277,1790646840124,False,True,거래량급등,12785566159.191805,1295423297.4916577,2422830825.4513936,531986137.5683196,643727038.1422617,9.869797913893192,9.024595346748821,11.624568386813172,2,-0.2574002574002643,1.3071895424836555,일회성 폭증형,,,,,,,,,,,,,,NO_DATA,,0.0,,36.7,관찰,36.7
2026-09-29T10:54:00+09:00,BFC,KRW-BFC,,38.4,1.85676393,1615927997.088873,1790646835568,False,False,,1749141432.275201,1004614797.0265989,2098615287.4534564,657952625.2843801,760647213.9787546,1.7411065788123061,1.395152722361167,1.4085752384981067,2,-7.14285714285714,-5.7499999999999885,중립,,,,,,,,,,,,,,NO_DATA,,0.0,,36.7,관찰,36.7
2026-09-29T10:54:00+09:00,CKB,KRW-CKB,CKBUSDT,1.75,-2.77777778,425715665.16848916,1790646752069,False,False,,381061750.4729305,198866818.33452657,225247524.08964974,315883686.7812772,771389511.3674283,1.9161655708290268,1.5448490486471238,1.0123170285148764,2,-7.692307692307687,3.4482758620689724,고수준 유지형,466334.367945,-8.333,426768.185946,298509.582669,328533.915645,474851.217279,530523.268623,1.4296632695346954,1.161911877532679,0.9763677711161349,2,-8.632596685082882,4.091266719118791,중립,,0.0,,36.7,관찰,36.7
2026-09-29T10:54:00+09:00,XLM,KRW-XLM,XLMUSDT,308.0,-2.22222222,110775617378.83173,1790646843378,False,False,,105177172307.78835,18829612761.311474,21617357056.9015,60852984549.24012,34825542466.10956,5.585732093433811,3.1148238801649737,2.9063389082017252,2,5.7046979865771785,13.309352517985618,일회성 폭증형,72422197.437,4.37,70734760.8849,16351085.1393,14789143.2055,46785564.5863,28982143.9193,4.325997955627317,2.723158464904241,2.445389567332753,3,5.49001814882033,15.042058386937175,가속형,,0.0,,36.5,관찰,36.5
2026-09-29T10:54:00+09:00,DKA,KRW-DKA,,5.64,-2.25303293,404798297.45305496,1790646798654,False,False,,407930381.26711607,267430080.20628577,339462835.9896932,275775194.9614227,254989420.3100747,1.5253720933428787,1.3864680601145176,1.0717320709281304,2,-1.7035775127768438,-0.5172413793103514,중립,,,,,,,,,,,,,,NO_DATA,,0.0,,36.5,관찰,36.5
2026-09-29T10:54:00+09:00,SHIB,KRW-SHIB,SHIBUSDT,0.00758,-1.94049159,10634473212.965084,1790646841159,False,False,,10333046871.257227,6164235630.590132,7257317016.724076,10127354094.763533,10556722104.474813,1.6762900528946838,1.3163728131116035,1.0728276970110895,2,-3.9751552795031064,-0.2580645161290307,중립,5481926.55816381,-4.949,5349305.0658219,4569829.53060953,4734969.35211526,6370535.16849092,5294558.73740545,1.170569937016535,1.0237686256020229,0.8163347241483063,2,-4.697986577181201,0.7092198581560183,중립,,0.0,,35.9,관찰,35.9
2026-09-29T10:54:00+09:00,DOT,KRW-DOT,DOTUSDT,1570.0,-2.3631840800000004,4193077807.7478156,1790646806945,False,False,,4014464577.8655586,2054063317.6555839,3759517640.3333883,2988179751.944406,2591438912.4337125,1.9544015724147634,1.3682937006007103,1.266584529495355,2,-1.9512195121951237,6.349206349206349,중립,16285595.17685,-7.876,16657611.71083,12395495.1393,17276923.99882,13539404.31128,13005945.5901,1.3438439952283092,1.1564620778155075,1.1517900603529896,2,-2.5556471558120464,7.2595281306715,중립,,0.0,,35.9,관찰,35.9
2026-09-29T10:54:00+09:00,VET,KRW-VET,VETUSDT,12.0,-0.8264462800000001,1254726169.6934955,1790646792041,False,False,,1247643267.6484022,774775244.77991,1110578197.936596,863791921.013069,1208455392.947247,1.6103292871764632,1.3614885019639096,0.8875065158543307,2,-6.2015503875969,0.0,중립,1795042.4480907,-3.154,1829585.245505,1805608.0399451,3105022.6978709,2077075.8693211,1874288.7073794,1.0132792970730398,0.7854874345910428,0.7226110089357144,2,-6.667366652666951,1.0458110719563596,중립,,0.0,,35.9,관찰,35.9
2026-09-29T10:54:00+09:00,F,KRW-F,FUSDT,4.64,-3.13152401,3494724498.868902,1790646841173,False,False,,2148135714.4282126,1371685684.647897,1931243672.5285752,1663248314.4275296,1650657542.8913343,1.5660553569016982,1.2976594011392246,1.0566039230578108,2,-7.707129094412335,-6.809338521400776,중립,965968.563103,-8.347,500540.246878,340633.654587,386546.634428,358943.227689,597008.545865,1.469438618696905,1.3825506192802883,0.9163129751829813,2,-8.476339053562143,-5.907511360598772,중립,,0.0,,35.7,관찰,35.7
2026-09-29T10:54:00+09:00,BSV,KRW-BSV,,26890.0,-2.64301231,1855450208.258209,1790646819469,False,False,,1890427629.9000912,1100154631.3252623,1168562143.96585,2066862809.3949728,4438864970.851167,1.718329020369486,1.3080795263756875,0.15739369826796068,2,-5.798090040927695,-8.905013192612133,중립,,,,,,,,,,,,,,NO_DATA,,0.0,,35.5,관찰,35.5
2026-09-29T10:54:00+09:00,MIRA,KRW-MIRA,MIRAUSDT,68.6,-2.27920228,1903829183.9105587,1790646779755,False,False,,2149928583.427451,1332521515.9384596,1415426338.547616,2323943089.0602827,2474564894.384905,1.613428794741309,1.271672798582011,1.0165953600151254,2,-7.99475753604193,-2.364394993045904,중립,933174.844147,-7.467,946189.929052,443105.520745,542084.995988,788155.845972,1427686.406082,2.1353602804613145,1.6006854875356364,1.1557362705851886,2,-8.410220014194469,-1.4697461347585428,고수준 유지형,,0.0,,35.3,관찰,35.3
2026-09-29T10:54:00+09:00,BERA,KRW-BERA,BERAUSDT,287.0,-3.36700337,2005633365.223596,1790646841580,False,False,,1962147803.3017795,1239795580.2880137,1679268793.045924,1778540360.0679815,1736413044.9187348,1.582638165919222,1.2530733733407333,1.043408244189273,2,-7.476635514018692,-1.0000000000000009,중립,956874.0872386,-9.487,1004651.1138756,1009596.458614,1076542.7388063,878642.6444354,835973.725652,0.9951016619598795,1.0165851999890565,0.9256933011691058,1,-8.02026171380329,-0.4568296025582508,중립,,0.0,,35.2,관찰,35.2
2026-09-29T10:54:00+09:00,IO,KRW-IO,IOUSDT,209.0,-2.3364486,357737831.5061287,1790646664674,False,False,,332933902.2441792,183613644.38910028,294453668.74039084,263662915.3313798,189923379.67554346,1.8132307288594012,1.3465835264730999,1.1472214624140114,2,-5.309734513274334,5.940594059405946,중립,2046223.409004,-8.195,2149356.062942,1308206.766022,2559451.696468,1929557.542863,1494302.5987,1.6429788614209435,1.1122697830945094,1.1316093704351056,2,-6.369047619047629,6.499661475964791,중립,,0.0,,35.2,관찰,35.2
2026-09-29T10:54:00+09:00,IRYS,KRW-IRYS,,22.1,-4.32900433,29569917049.277782,1790646845239,False,True,"거래량급등,입금량급등",42373621636.32119,295724527.42604685,392244077.4361227,664229774.6971644,358642660.6908418,143.28747772508572,94.01051416020096,93.16024027225117,2,-0.4310344827586077,8.450704225352123,일회성 폭증형,,,,,,,,,,,,,,NO_DATA,,0.0,,35.1,관찰,35.1
2026-09-29T10:54:00+09:00,ARDR,KRW-ARDR,,42.3,-2.75862069,11077398924.10588,1790646840809,False,True,거래량급등,10956650434.700672,812298186.8629528,1498862910.8178852,1771026807.208894,1046520920.4602914,13.488458563492063,8.052042696204573,9.275729104353749,2,-3.5476718403547713,9.571788413098226,일회성 폭증형,,,,,,,,,,,,,,NO_DATA,,0.0,,34.9,관찰,34.9
2026-09-29T10:54:00+09:00,TOKAMAK,KRW-TOKAMAK,,490.0,-2.0,1061333584.2192186,1790646840466,False,False,,1114295636.9996495,335766775.29606783,2982323009.404212,194135864.6856406,209145573.5551036,3.3186596143025207,0.9517859171672016,1.354258284885289,2,-3.2882011605415817,-0.7936507936507908,중립,,,,,,,,,,,,,,NO_DATA,,0.0,,34.8,관찰,34.8
2026-09-29T10:54:00+09:00,GRVT,KRW-GRVT,,275.0,-1.43369176,1322908536.3280833,1790646809277,False,False,,1244394396.9878218,692425510.2193677,836577317.3919842,1268353984.1080494,4105181033.295554,1.7971527314087323,1.3345395107708324,0.7098380018673481,2,-1.4134275618374548,4.8872180451127845,중립,,,,,,,,,,,,,,NO_DATA,,0.0,,34.6,관찰,34.6
2026-09-29T10:54:00+09:00,API3,KRW-API3,API3USDT,363.0,-2.94117647,732450380.2901512,1790646669803,False,False,,800107789.9570355,538929203.3822637,709501841.3636439,652410981.0954163,918922735.4122962,1.4846250396817287,1.2627684664161976,0.3153113617255026,2,-2.0942408376963373,3.3149171270718147,중립,847737.32987,-4.959,814564.524567,666942.564764,611330.942317,726719.287029,529007.402933,1.2213413382233844,1.218804167715593,0.7052280871798987,3,-2.8318584070796238,4.491815759421414,중립,,0.0,,34.4,관찰,34.4
2026-09-29T10:54:00+09:00,HUNT,KRW-HUNT,,137.0,-1.43884892,343645972.47162235,1790646681152,False,False,,321356336.90950847,167241175.71379066,451084632.30524045,223800197.50289848,375851535.13567114,1.9215144568193174,1.1448037519409207,0.8312583877939979,2,-2.1126760563380254,0.0,중립,,,,,,,,,,,,,,NO_DATA,,0.0,,34.2,관찰,34.2
2026-09-29T10:54:00+09:00,CTC,KRW-CTC,,152.0,-1.2987013,966108257.3295316,1790646772687,False,False,,889035879.9882836,855797958.4094466,966598404.0661058,533162724.42825633,507150679.77491117,1.0388385146893921,1.132260979906281,1.1155053692113348,2,-2.5316455696202556,2.6666666666666616,중립,,,,,,,,,,,,,,NO_DATA,,0.0,,34.0,관찰,34.0
2026-09-29T10:54:00+09:00,PENDLE,KRW-PENDLE,PENDLEUSDT,3154.0,-2.41336634,1648170193.6181426,1790646783457,False,True,입금량급등,1602450644.534154,846343734.0356897,846850447.0221015,840140410.6259723,1281369647.4021833,1.8933804080914713,1.8976379785693007,1.3510493950260165,2,-6.427330631152284,-4.5763212282255665,고수준 유지형,7648118.4888,-11.525,7629198.4231,4610249.7756,4088013.7924,6596483.8093,9014925.6728,1.6548340750381794,1.4964349985452572,1.1595999827877936,3,-6.698002350176258,-3.4846029173419724,고수준 유지형,,0.0,,33.9,관찰,33.9
2026-09-29T10:54:00+09:00,ATH,KRW-ATH,,8.05,-2.18712029,1461609402.6891313,1790646842999,False,False,,1785399226.7048416,1366851252.7325058,1837788426.3344338,1420991113.4247174,2186292856.8161902,1.3062132570282292,1.157938867237032,0.4552883961607137,2,-3.7426900584795364,1.9826517967781898,중립,,,,,,,,,,,,,,NO_DATA,,0.0,,33.8,관찰,33.8
2026-09-29T10:54:00+09:00,MINA,KRW-MINA,MINAUSDT,198.0,-2.4630541900000003,1416583733.5643675,1790646793031,False,False,,1607538276.595507,872124287.9060602,1109735214.3021643,1473691638.4910636,2347674969.4345565,1.8432444766045328,1.3956137916716187,0.8393702481874882,2,6.282722513089012,0.995024875621886,중립,2438923.73026,1.816,2426842.60626,1113391.81242,1391407.84778,2948998.69498,3009125.85164,2.1796842577683084,1.334946278654578,0.8294664836606291,2,6.041222459132922,1.7041581458759447,중립,,0.0,,33.7,관찰,33.7
2026-09-29T10:54:00+09:00,TRUMP,KRW-TRUMP,TRUMPUSDT,2673.0,-2.15959004,26557280137.75934,1790646832982,False,False,,27142323598.160007,19658973401.580322,27361577859.25581,27165574975.272278,35829199609.617615,1.3806582390501694,1.0976037559277125,0.8137164097300613,2,-4.775182990589055,1.072881982981877,중립,24220135.008844,-6.345,23825142.746172,15720694.684865,17592642.604479,21577041.133215,26792867.109435,1.5155273493804002,1.3021485785410587,0.944997241081787,2,-5.27803958529689,2.186070157600395,중립,,0.0,,33.5,관찰,33.5
2026-09-29T10:54:00+09:00,AI,KRW-AI,AIUSDT,26.9,-3.2374100699999997,624579248.8251703,1790646842275,False,False,,648116812.3988975,596083938.2082591,636133196.8618762,586004411.7189287,530954130.03510886,1.0872911864510921,1.0693693739524588,1.0110413559605942,2,-4.794520547945202,1.090909090909098,중립,491418.22512,-5.025,496476.30434,442940.7781,542451.00564,883235.46961,3041037.50173,1.120863846561252,0.7970711710159486,0.39827410182305995,2,-5.025125628140703,1.0695187165775444,중립,,0.0,,33.4,관찰,33.4
2026-09-29T10:54:00+09:00,AUCTION,KRW-AUCTION,AUCTIONUSDT,4958.0,-2.78431373,557531028.7964342,1790646843705,False,False,,558622356.9054862,492022561.2306101,512985859.35526645,626187696.5127835,5813449819.581058,1.1353592313090313,1.027385397224494,0.3396147581814155,2,-3.682719546742208,0.2949852507374562,중립,379106.07739,-5.255,392069.92487,312069.56161,381556.56009,374011.50177,1235923.616,1.2563542655274345,1.101693822654097,0.6574586521036411,2,-4.459734964322115,1.160280626011878,중립,,0.0,,33.2,관찰,33.2
2026-09-29T10:54:00+09:00,GAS,KRW-GAS,GASUSDT,1880.0,-1.98123045,2449022198.10321,1790646833755,False,False,,2580051255.4184575,1752705454.3112159,12145465293.972284,1999638884.7185578,1619003174.0239973,1.4720392688184878,0.4868691942434439,0.6633668267111889,2,-4.955401387512392,-0.5702436495593544,중립,514436.4577,-6.046,552150.103,418141.0687,1684242.4825,353208.402,404369.5972,1.3204876160972034,0.6745625252768075,0.8344787557276844,2,-5.425318151373082,0.28409090909091717,중립,,0.0,,33.0,관찰,33.0
2026-09-29T10:54:00+09:00,ONG,KRW-ONG,ONGUSDT,118.0,-3.2786885199999998,2391309249.992518,1790646844859,False,False,,2549483558.8006268,1997772770.5581977,5347414116.075403,6209993635.70062,2762881478.364678,1.2761629332290256,0.5642455785667992,0.6361199764075742,2,-6.870229007633588,0.0,중립,596706.64035,-6.842,587381.39226,440460.03624,944929.66237,1551278.22566,754212.99859,1.3335634199056934,0.600048838418813,0.6339234882816643,2,-7.318840579710151,1.3011993663724741,중립,,0.0,,33.0,관찰,33.0
2026-09-29T10:54:00+09:00,LIT,KRW-LIT,,5910.0,-2.3140495899999998,2193768461.3844156,1790646800663,False,False,,2644367223.389924,1892470249.719269,2210687164.039057,4115182468.93631,4212133790.0804925,1.3973097985462082,0.965292477970461,0.7689753982997303,2,-7.704042715484361,-17.066483893077454,중립,,,,,,,,,,,,,,NO_DATA,,0.0,,33.0,관찰,33.0
2026-09-29T10:54:00+09:00,MORPHO,KRW-MORPHO,MORPHOUSDT,3325.0,-3.3991865199999998,2110464503.9308589,1790646752798,False,False,,2148589155.0947676,1439537297.7488236,1728046598.0643027,3531586622.0659103,8231004960.029654,1.4925553915516971,0.9621739658785456,0.6331311265319655,2,-6.543578604398592,-2.1046643913538166,중립,6594383.67861,-8.414,6294724.20312,4086786.04356,4444928.23317,7448499.70856,11006076.30725,1.5402627238191957,1.181722136308258,0.9165947252735596,2,-6.864904552129236,-1.2071651090342694,중립,,0.0,,33.0,관찰,33.0
2026-09-29T10:54:00+09:00,WAVES,KRW-WAVES,,380.0,-1.5544041499999999,1505881413.3813875,1790646820110,False,False,,1683639596.49608,1296331374.3627748,2025617903.8091538,2362317773.48922,11326988386.6373,1.2987725436512638,0.8885787285472765,0.3677382451589922,2,-8.313539192399055,-1.5306122448979553,중립,,,,,,,,,,,,,,NO_DATA,,0.0,,33.0,관찰,33.0
2026-09-29T10:54:00+09:00,INJ,KRW-INJ,INJUSDT,9945.0,-1.4370664,1176736834.0154352,1790646814175,False,False,,1107672969.409521,901449146.6057216,1413060366.293055,1204157289.1378722,3299221219.841468,1.2287692251751594,0.9443971524399973,0.5819245388961054,2,-8.687782805429867,-5.700934579439254,중립,14564324.66159,-5.816,14115365.41038,9774427.57151,13087085.27086,17714271.38839,23851049.90338,1.444111719802676,1.0436297667178038,0.7732813498573388,2,-9.429583486014403,-4.972446494937843,중립,,0.0,,33.0,관찰,33.0
2026-09-29T10:54:00+09:00,POWR,KRW-POWR,POWRUSDT,91.0,-1.83387271,840267129.7039902,1790646737545,False,False,,701630819.0714033,652975185.9377671,1639108515.52632,889592822.0878876,1285140919.4390612,1.0745137551647688,0.661567083150345,0.22776906212874917,2,-3.4374999999999933,-0.7494646680942241,중립,242970.0055,-3.035,215772.3973,158612.349,210354.5347,199611.0425,300476.8309,1.360375775659183,1.1384845631033222,0.5408461135364838,2,-4.22535211267604,-0.1468428781203901,중립,,0.0,,33.0,관찰,33.0
2026-09-29T10:54:00+09:00,PROVE,KRW-PROVE,PROVEUSDT,305.0,-0.32679738999999997,565360661.7512167,1790646773436,False,False,,637196084.3189248,497179926.4486892,1392396108.7870903,398791095.8248659,748567903.4606488,1.2816206979037914,0.8353503364955096,0.6321407674644628,2,-4.075235109717868,-3.4700315457413256,중립,1253714.35906,-2.892,1337800.51449,808369.55342,1128234.81915,1201165.02622,167470680.70228,1.6549367907661987,1.2790619811059618,0.03236698769276705,2,-4.741744284504657,-2.891670263271462,중립,,0.0,,33.0,관찰,33.0
2026-09-29T10:54:00+09:00,SPX,KRW-SPX,,550.0,-3.16901408,422552306.7084453,1790646839781,False,False,,478079053.4389037,443239479.26344657,699051316.2309495,636904174.199095,902396799.4358153,1.0786021458046828,0.806115790988209,0.5601935322788575,2,-9.40988835725678,-4.377104377104379,중립,,,,,,,,,,,,,,NO_DATA,,0.0,,33.0,관찰,33.0
2026-09-29T10:54:00+09:00,WIF,KRW-WIF,WIFUSDT,310.0,-1.8987341800000002,126577956.79165041,1790646789725,False,False,,143316344.78869298,138501509.18271646,228640162.0043103,460423420.99201286,1066283524.2519665,1.0347637771919482,0.5195350050761464,0.29319640074385706,2,-7.331378299120239,-1.2499999999999956,중립,3051475.249636,-5.873,3065609.806856,2538309.51993,2552676.392501,4011763.215181,4963595.593394,1.207736795999781,1.010335371395727,0.7188157922031316,2,-7.458563535911611,0.3852739726027288,중립,,0.0,,33.0,관찰,33.0
2026-09-29T10:54:00+09:00,ETC,KRW-ETC,ETCUSDT,12340.0,-2.0634920599999997,7291784095.37333,1790646834827,False,False,,7023346064.081847,4064383601.5935335,5783833070.050384,9029163429.900164,32540528088.281086,1.728022438956841,1.1161526694333028,0.5440812953329439,2,-1.945525291828798,4.651162790697683,중립,6354236.449,-3.712,6282322.8597,3143511.7325,5422341.8775,7748461.4414,23310380.4808,1.9985046643054003,1.1552411805043976,0.6286705294387228,2,-2.3157894736842155,6.178489702517154,중립,,0.0,,32.9,관찰,32.9
2026-09-29T10:54:00+09:00,BORA,KRW-BORA,,37.5,-2.34375,480678461.3470286,1790646840463,False,False,,534661856.1702951,358360261.2094626,721981630.8988461,500004948.32935196,358469586.4965401,1.4919674808970622,1.0149579367442392,0.8376991318590128,2,-1.7902813299232823,1.5873015873015817,중립,,,,,,,,,,,,,,NO_DATA,,0.0,,32.8,관찰,32.8
2026-09-29T10:54:00+09:00,MNT,KRW-MNT,,896.0,-0.88495575,474758273.7802542,1790646690353,False,False,,531992807.0108681,488890096.72619236,852527066.4546248,532304333.0492524,732090609.2035265,1.0881644168562814,0.8517692860138047,0.7566479803669701,2,-0.7683863885839748,0.8928571428571397,중립,,,,,,,,,,,,,,NO_DATA,,0.0,,32.8,관찰,32.8
2026-09-29T10:54:00+09:00,ZKC,KRW-ZKC,ZKCUSDT,56.5,-2.5862069,2537087519.66551,1790646829804,False,False,,2608535424.32849,2417817042.4090457,3455438784.1736565,1580692279.7088804,4305029227.44298,1.0788804026831649,1.0498605787690132,0.8648216273954592,2,-0.5145797598627766,3.2028469750889688,중립,720432.41883,-6.966,796276.27337,776929.46989,825262.65865,417812.66952,982698.06784,1.0249016213566196,1.18258571583801,0.9587839130089514,2,-1.1600928074245953,4.1564792176039145,중립,,0.0,,32.7,관찰,32.7
2026-09-29T10:54:00+09:00,POLYX,KRW-POLYX,POLYXUSDT,57.1,-1.89003436,998009914.6258684,1790646799354,False,False,,1143821095.0945725,977146160.995729,3132571496.227811,1085720360.3985474,1411692152.519149,1.1705731862355155,0.660476224265355,0.7112431159888108,2,-5.977382875605808,1.5706806282722585,중립,378255.69898,-5.618,406309.34367,337690.85346,695559.81833,605478.5719,493417.63061,1.203199137634114,0.7438251533641306,0.780763466408226,2,-6.535947712418311,3.125,중립,,0.0,,32.7,관찰,32.7
2026-09-29T10:54:00+09:00,QTUM,KRW-QTUM,QTUMUSDT,1310.0,-1.87265918,747640882.5976746,1790646792369,False,False,,799380323.8407555,724737288.899015,1804277968.0302393,2498255308.2854114,900537802.3521221,1.1029932309059667,0.47702643818611845,0.5488406847045484,2,-5.586987270155586,1.520912547528508,중립,250336.7657,-4.451,256197.9625,296237.011,703306.8482,978108.6181,238104.7797,0.8648411676689514,0.3886395088733318,0.4810743585003988,1,-6.279733587059944,3.0334728033472924,중립,,0.0,,32.7,관찰,32.7
2026-09-29T10:54:00+09:00,MED,KRW-MED,,2.34,-2.90456432,283827112.96758974,1790646817471,False,False,,317489822.01285064,268928928.3342121,407686992.90178764,866593766.7482828,183815613.4134162,1.1805714765586295,0.6172002894063303,0.7966199444052188,2,-3.599999999999992,1.26050420168069,중립,,,,,,,,,,,,,,NO_DATA,,0.0,,32.7,관찰,32.7
2026-09-29T10:54:00+09:00,HIVE,KRW-HIVE,HIVEUSDT,74.1,-2.24274406,1272158261.8430986,1790646825278,False,False,,1464039042.206188,1252997828.2207923,7128125470.1953945,1930753153.80951,10119001102.891792,1.1684290341389225,0.42592802066306534,0.3393315208361943,2,-3.069053708439906,2.0188425302826385,중립,337781.5223,-6.678,373922.4531,351933.6781,718556.7261,441699.4897,1548123.382,1.0624798829106432,0.7418164635440828,0.568975500262639,2,-3.287197231833905,3.3271719038816983,중립,,0.0,,32.6,관찰,32.6
2026-09-29T10:54:00+09:00,MTL,KRW-MTL,MTLUSDT,425.0,-3.18906606,676491540.740443,1790646815815,False,False,,532677902.5713018,516382810.0673916,1062766943.3135656,954927968.0164298,1520091374.1976013,1.0315562257035311,0.630617480363897,0.5255438536514714,2,-8.158995815899583,1.620370370370372,중립,363152.23858,-6.205,326260.76522,277589.73054,363763.66787,301303.61562,522791.25206,1.1753344210008037,1.0383228269586189,0.9162461489027686,2,-8.095103311633178,3.0793650793650817,중립,,0.0,,32.6,관찰,32.6
2026-09-29T10:54:00+09:00,STRAX,KRW-STRAX,STRAXUSDT,15.0,-3.2258064500000003,551277644.0856996,1790646809596,False,False,,561699339.0882275,391431958.26539236,776249906.7352434,807317559.5505037,653944520.1811264,1.4349858953197512,0.8532144345549146,0.7843912096872121,2,-3.7267080745341685,1.9736842105263275,중립,283559.78778,-4.979,316683.9645,160260.04183,306685.61418,267258.44312,400394.33918,1.9760631588748163,1.2939888167687572,1.1068834801706717,2,-4.117647058823537,3.539019963702361,중립,,0.0,,32.6,관찰,32.6
2026-09-29T10:54:00+09:00,ONT,KRW-ONT,ONTUSDT,76.2,-1.42302717,1037302942.0927467,1790646805958,False,False,,1141716028.8431633,552688551.3363923,2928897578.1057897,738193729.7565117,743208674.072926,2.065749373824574,0.8116888086147463,0.9333506816086603,2,-3.735990037359904,2.1136063408190076,중립,571930.84577,-5.546,600810.53292,486092.97467,1133616.28373,484443.1094,622708.49006,1.2359992104964688,0.8566069769198964,0.8307308948029763,2,-4.039723952196594,3.5603996366939006,중립,,0.0,,32.5,관찰,32.5
2026-09-29T10:54:00+09:00,ARKM,KRW-ARKM,ARKMUSDT,176.0,-2.7624309400000002,3402174835.0518446,1790646820469,False,False,,481778421.1870372,400168560.4425198,452927091.0845152,475561840.4064704,250199123.4451362,1.2039387118624976,1.0878162900039896,1.080282006043366,2,-3.208556149732622,7.738095238095233,중립,2516913.36384,-8.256,1245034.93048,907056.99484,1637970.36515,1580898.00127,1056159.66352,1.3726093702630202,0.905276868677855,0.9099077314072129,2,-3.607503607503615,9.688013136288998,중립,,0.0,,32.4,관찰,32.4
2026-09-29T10:54:00+09:00,SYRUP,KRW-SYRUP,SYRUPUSDT,306.0,-1.9230769200000002,2681768975.5473547,1790646842314,False,False,,1320170519.2875504,775206799.3220973,1087305985.161243,922174180.9328914,1867891821.5083742,1.7029914087982883,1.4222465961342508,1.006951744924158,2,3.31125827814569,13.454545454545453,고수준 유지형,3755817.64906,3.788,2374727.01817,1716623.70662,1897914.05905,2052788.08716,2216534.91004,1.3833707463156226,1.2570621911483197,1.2001566321095414,2,3.2691446484550024,15.184815184815182,중립,,0.0,,32.3,관찰,32.3
2026-09-29T10:54:00+09:00,CFX,KRW-CFX,CFXUSDT,71.8,-1.7783857699999999,183117739.5426108,1790646668082,False,False,,223408100.30914426,111867024.33442667,164835634.0395843,403867746.61056376,139601863.77749023,1.9970862873876518,0.9847978930888474,0.967066008916832,2,-4.193971166448229,2.9577464788732355,중립,1773876.26942,-5.886,1904906.56298,1314412.74002,1692207.18844,1802144.94216,1137405.78343,1.4492453587683691,1.18839657223731,1.1465943005904562,2,-4.216331613591895,4.30065865943432,중립,,0.0,,32.3,관찰,32.3
2026-09-29T10:54:00+09:00,BIO,KRW-BIO,BIOUSDT,39.8,-1.24069479,620469191.2357992,1790646838437,False,False,,515876339.3650685,278258437.18871534,642930172.4192992,1368540983.820868,674603529.8236185,1.8539468005967428,0.6759003432268273,0.7085232665368862,2,-9.641255605381172,3.5989717223650297,중립,2365721.686727,-5.894,2390358.416444,1102242.56681,1604753.479124,3475737.284606,2714109.142674,2.1686319222473287,1.1598551750420842,1.063600682534823,2,-9.981851179673317,5.1218650653479525,중립,,0.0,,32.2,관찰,32.2
2026-09-29T10:54:00+09:00,MOODENG,KRW-MOODENG,,61.6,-2.99212598,537099042.4030529,1790646748245,False,False,,601812231.8803312,485690246.9347231,752950731.6651403,3895280204.393586,1130209833.6030025,1.2390865076630104,0.35166817551108037,0.3525635670077306,2,-6.480117820324017,3.420195439739415,중립,,,,,,,,,,,,,,NO_DATA,,0.0,,32.2,관찰,32.2
2026-09-29T10:54:00+09:00,RED,KRW-RED,REDUSDT,216.0,-1.8181818200000002,1134463335.8375337,1790646838444,False,False,,607811882.480631,453305584.49506223,884460140.9396214,2204074590.0917773,640842412.1753476,1.3408435794094034,0.5148271759877059,0.5622161893462003,2,-6.382978723404253,5.263157894736836,중립,672851.14182,-5.291,477594.78407,606508.8524,554588.43753,1451062.03742,591737.59609,0.7874489913545737,0.5485057275061166,0.6266931114449871,1,-6.812933025404155,6.675479180436228,중립,,0.0,,31.8,관찰,31.8
2026-09-29T10:54:00+09:00,ICP,KRW-ICP,ICPUSDT,4185.0,-1.8757327099999999,708605662.6146746,1790646774987,False,False,,747370268.6390898,701595645.680755,1044431910.9403377,1207825298.2587032,1556207005.9598398,1.0652435961370883,0.759046207130216,0.5362680831731448,2,-1.1816496756255845,6.041770263550483,중립,13516215.14315,-0.483,13291102.10455,9854553.13073,12833701.23801,11860567.83825,16246236.6791,1.3487270227508967,1.1541147792176467,0.9805165135632904,2,-1.7857142857143016,7.179487179487176,중립,,0.0,,31.7,관찰,31.7
2026-09-29T10:54:00+09:00,AXS,KRW-AXS,AXSUSDT,1496.0,-0.9271523199999999,3634911021.988935,1790646814173,False,False,,3809294294.7387547,3334933511.6849756,15160232801.627638,28879221532.56968,1975789494.4618082,1.1422399521284934,0.2412249192832485,0.35855744476824236,2,-5.977584059775842,6.488011283497874,중립,2294103.99714,-5.086,2384477.9048,1929666.95195,5486527.02845,9670079.85353,1443065.25115,1.2356940156903227,0.4186655196988988,0.5446409403634215,2,-6.3919259882254,7.744433688286545,중립,,0.0,,31.6,관찰,31.6
2026-09-29T10:54:00+09:00,OP,KRW-OP,OPUSDT,178.0,-2.1978022,1003266626.0241331,1790646799005,False,False,,1025747529.5245478,566818697.8174865,816831250.957464,1571187955.011534,1597657854.4682693,1.809657185752956,1.041425177547067,0.7919402241015732,2,-8.080808080808078,7.692307692307687,중립,7548276.196737,-10.914,7644161.509854,4279659.367694,7384000.545402,9247184.815962,8142861.952457,1.786161199547264,1.0966790116180578,0.9047647454833235,2,-8.265027322404372,9.186991869918693,중립,,0.0,,31.6,관찰,31.6
2026-09-29T10:54:00+09:00,AAVE,KRW-AAVE,AAVEUSDT,200300.0,-1.42716535,4123665162.384653,1790646793347,False,False,,4260627050.174973,3630293912.715418,4811621061.948952,6910748721.960256,5308166350.537992,1.1736314338769538,0.8325513671829529,0.7078945370901649,2,-2.0722891566265056,6.610703043022026,중립,21791637.35222,-3.186,22323603.03165,15568836.4205,17425951.4153,30344939.85835,21513121.98949,1.4338645759201232,1.0573270762756273,0.9333797845049387,2,-2.701471162609037,7.547848611310992,중립,,0.0,,31.5,관찰,31.5
2026-09-29T10:54:00+09:00,XPL,KRW-XPL,XPLUSDT,130.0,-2.98507463,12352159172.124874,1790646839112,False,False,,13244734939.071503,10645900593.455856,13516830536.158382,24378451291.233715,13161432831.54337,1.244115969598023,0.8185668917728931,0.9177346669275904,2,-12.987012987012992,7.200000000000006,중립,23641917.100257,-8.55,25285011.627886,25954950.195166,40452468.312541,60692175.01912,32149657.542321,0.9741884086757072,0.596815715761099,0.7023706127791346,1,-14.232144414406545,9.289921102344723,중립,,0.0,,31.4,관찰,31.4
2026-09-29T10:54:00+09:00,ETHFI,KRW-ETHFI,ETHFIUSDT,928.0,-3.8341968900000003,1387344364.669105,1790646837394,False,False,,1299908436.9530792,1237463121.7685735,1357545779.3831737,1397917986.9397137,961610344.5209469,1.0504623645634459,0.976658331132937,0.9633541908425158,2,-0.924024640657084,7.941834451901575,중립,6489762.11395,-3.171,7101277.38769,6812319.25748,6232584.83986,5753531.01373,3994945.9606,1.042416997690283,1.1332768944434437,1.1807981658665336,5,-1.4440433212996373,9.469463294262791,중립,,0.0,,31.3,관찰,31.3
2026-09-29T10:54:00+09:00,SOMI,KRW-SOMI,SOMIUSDT,266.0,-3.27272727,221357296.45469868,1790646791058,False,False,,209078903.37703896,206529955.53623167,420368634.5193351,148701151.869303,135297929.99869627,1.0123417827413426,0.8087118602882098,0.9139188428751845,2,-1.7857142857142905,8.695652173913038,중립,501010.76552,-9.271,489960.56126,376117.86315,684427.35608,357866.81683,394628.36187,1.3026782539828432,1.0362868097643685,0.9352415812462616,2,-2.787121576165308,9.528965890633456,중립,,0.0,,31.1,관찰,31.1
2026-09-29T10:54:00+09:00,CFG,KRW-CFG,CFGUSDT,210.0,-2.77777778,4038729544.9136996,1790646838444,False,False,,3909259842.6960053,3317633450.915733,4083906565.855541,3885777834.9190354,4720810978.725211,1.1783278353481068,1.0390227051444065,1.0259319977776653,2,0.46511627906977715,10.769230769230775,중립,3941476.2195,-6.679,3970174.8659,3654737.03126,2120588.16306,3471573.13969,3869004.77242,1.0863093108866577,1.28805618570426,1.238217372585218,3,-0.3144654088050314,11.462728551336143,중립,,0.0,,30.9,관찰,30.9
2026-09-29T10:54:00+09:00,MOCA,KRW-MOCA,,13.2,-3.64963504,439307379.1111533,1790646815811,False,False,,412498783.62666845,484934326.20286804,191501365.7372173,166581706.18616933,194407096.8372007,0.8506281393949068,1.4679369057276221,1.346196225280651,1,-3.5211267605633756,0.0,중립,,,,,,,,,,,,,,NO_DATA,,0.0,,30.5,관찰,30.5
2026-09-29T10:54:00+09:00,UP2,KRW-UP2,,91.9,3.37457818,2769178379.4966197,1790646816458,False,False,,1456511938.019588,1398915526.0265374,3320237954.492803,4140424663.944608,9121690269.55546,1.0411721872561146,0.49319908271130714,0.17911595068699335,2,-7.492195629552533,-3.683640303358604,중립,,,,,,,,,,,,,,NO_DATA,,0.0,,30.3,관찰,30.3
2026-09-29T10:54:00+09:00,LSK,KRW-LSK,LSKUSDT,394.0,3.6842105299999997,6111089129.724294,1790646840460,False,False,,3282389100.1855855,3218280270.2533245,4661539319.073166,9249159864.055618,36347301996.22043,1.0199202134521412,0.5748834790395198,0.25450592267628297,2,-9.090909090909093,-5.000000000000004,중립,6231118.66309,-4.434,6362879.34369,4480916.85822,8177758.14141,12332084.70361,40430871.73278,1.4199949575091182,0.7638278410798051,0.42302814404861444,2,-10.099823840281852,-14.157555368657126,중립,,0.0,,30.1,관찰,30.1
2026-09-29T10:54:00+09:00,CPOOL,KRW-CPOOL,,47.3,-5.210420839999999,3805219815.843094,1790646831262,False,False,,8660813458.839634,4225574305.575965,26946587683.036934,3169764996.98009,14137399776.086727,2.049618071420738,0.7565807354787916,0.3217066024167011,2,6.170212765957439,3.526970954356834,중립,,,,,,,,,,,,,,NO_DATA,,0.0,,30.1,관찰,30.1
2026-09-29T10:54:00+09:00,MON,KRW-MON,,37.4,-3.60824742,8557712643.712913,1790646844096,False,True,"거래량급등,입금량급등",8652974115.963469,1418302383.849408,1560777392.6524596,1586101106.285417,1487307911.1657581,6.100937440772307,5.686285607163304,4.96794288480551,2,8.988764044943798,17.933130699088153,일회성 폭증형,,,,,,,,,,,,,,NO_DATA,,0.0,,29.9,관찰,29.9
2026-09-29T10:54:00+09:00,AVAX,KRW-AVAX,AVAXUSDT,14400.0,-0.06939624999999999,14744453539.607954,1790646833377,False,True,입금량급등,12597075397.951035,6351590566.483566,11523853654.978065,8691757638.73907,6781883132.745587,1.9832946198427834,1.4224767212111515,1.3420473061345919,2,-1.9060585432266852,1.7655367231638408,고수준 유지형,59497683.73694,-2.951,56704299.97883,48613988.84509,48017776.27594,49214793.68163,51208788.48539,1.1664194057294914,1.1663826787073117,1.090689859564644,3,-0.3379647014645104,3.4294621979735096,중립,,0.0,,29.7,관찰,29.7
2026-09-29T10:54:00+09:00,PLUME,KRW-PLUME,PLUMEUSDT,24.0,-3.2258064500000003,3086262191.3192577,1790646791374,False,False,,3191720813.355228,2623513162.1985455,3407720479.381135,4489907543.75483,6476327931.8389435,1.2165827331624728,0.9100878195050331,0.8242847464160683,2,-4.980842911877392,15.348837209302335,중립,7009304.96999,-4.541,7081169.45371,3295830.61703,4838217.88938,9061975.44244,10395113.29038,2.1485234760307903,1.235373271421309,1.0748769299360537,2,-5.28771384136858,16.369426751592385,중립,,0.0,,29.6,관찰,29.6
2026-09-29T10:54:00+09:00,EURC,KRW-EURC,,1537.0,-0.19480519,107947827.63202824,1790644779299,False,False,,117103663.56865446,19873668.86053213,34999292.2745994,95424965.79996535,92468937.31486689,5.892402876914944,2.3374307142484403,1.6961863772564651,2,-0.3236245954692518,-1.4715291106845774,일회성 폭증형,,,,,,,,,,,,,,NO_DATA,,0.0,,29.2,관찰,29.2
2026-09-29T10:54:00+09:00,IOTA,KRW-IOTA,IOTAUSDT,72.5,-4.60526316,19603270193.794872,1790646842642,False,True,"거래량급등,입금량급등",19649358940.08074,1239698535.8889723,1526513158.1693034,1559266960.454715,1194717089.766715,15.850110628702511,13.628104893949416,13.558400581241942,2,10.625909752547313,19.309262166405027,일회성 폭증형,8954030.989,0.756,9145048.1787,1163520.2214,1256384.4243,993385.2837,833936.3691,7.859810264145016,8.037742208709076,8.481520902803814,2,9.82318271119842,20.73434125269977,일회성 폭증형,,0.0,,29.0,관찰,29.0
2026-09-29T10:54:00+09:00,FLUID,KRW-FLUID,,1872.0,-0.9523809499999999,401529293.0490782,1790646711533,False,False,,445290640.7329087,522627513.5447782,274944161.92958355,273941140.80621785,124217697.37550235,0.8520229593590974,1.2467157666259059,1.4558462972411792,1,-3.669724770642202,1.3404825737265424,중립,,,,,,,,,,,,,,NO_DATA,,0.0,,29.0,관찰,29.0
2026-09-29T10:54:00+09:00,EUL,KRW-EUL,EULUSDT,1884.0,-2.07900208,1879139815.441201,1790646821919,False,True,"거래량급등,입금량급등",5880425340.432155,1410705228.3242621,2036415440.3273146,894530364.2578365,1943014679.1289468,4.168429536067822,4.063264386653099,1.6056666097063026,2,-2.4340770791075106,-1.3839056893900525,일회성 폭증형,942289.747,-5.45,2171678.31016,688931.24688,1280823.66631,558929.24953,887669.94263,3.15224243347213,2.5764526177409395,1.6660332250745344,2,-2.878684030157641,-0.0705218617771397,고수준 유지형,,0.0,,28.0,관찰,28.0
2026-09-29T10:54:00+09:00,KNC,KRW-KNC,KNCUSDT,184.0,-3.15789474,360446960.110382,1790646731187,False,False,,267052209.22614554,282367681.0104984,146886638.6811493,228116197.21627834,114895018.94992566,0.9457605355912405,1.2187291749055575,1.21401953412142,1,-4.522613065326631,-1.5544041450777257,중립,270328.76211,-6.138,272241.37225,182999.15179,112069.98673,385954.07387,225229.87089,1.4876646672243028,1.199260321661824,1.1165365224151824,3,-4.904632152588562,-0.7818052594171898,중립,,0.0,,27.8,관찰,27.8
2026-09-29T10:54:00+09:00,ARB,KRW-ARB,ARBUSDT,267.0,-2.9090909099999998,16160454014.441847,1790646839762,False,False,,15907654233.295643,16999696218.708061,9514963647.431482,11271835402.889294,11907827161.115238,0.9357610882357631,1.2629634571852546,1.1191803449204325,1,-10.423452768729646,-7.4074074074074066,중립,32714568.78625,-13.028,32597447.93638,36445864.16164,22155430.97217,34270904.16426,30392679.07667,0.8944073267630037,1.0529775815395408,0.9015617101167249,1,-10.895456550507276,-6.481481481481477,중립,,0.0,,27.7,관찰,27.7
2026-09-29T10:54:00+09:00,POL,KRW-POL,POLUSDT,155.0,-2.51572327,5271083545.701953,1790646837061,False,True,입금량급등,5489951437.785447,2439214404.6058927,3602430986.3148084,4454245326.758308,3746017336.532518,2.2507047463392076,1.5691716650226686,1.3352030832202924,2,1.273885350318471,14.388489208633093,고수준 유지형,17642193.607534,-4.047,18307078.584333,9530285.679891,11368259.391063,13085919.904033,7918305.896612,1.920937021117963,1.6160688653895752,1.661133327661419,2,0.5330123796423614,15.462085308056883,고수준 유지형,,0.0,,27.6,관찰,27.6
2026-09-29T10:54:00+09:00,MLK,KRW-MLK,,58.5,-1.34907251,422950386.13182217,1790646794678,False,False,,433732083.0954142,435520315.5903159,344391630.55574757,290523472.05161804,253517901.9892675,0.9958940319638641,1.2155766029090282,1.1543308901752074,1,-2.1452145214521545,0.0,중립,,,,,,,,,,,,,,NO_DATA,,0.0,,27.5,관찰,27.5
2026-09-29T10:54:00+09:00,PRL,KRW-PRL,,152.0,-3.1847133800000003,1974380666.4796581,1790646839094,False,False,,1985983643.3387537,2036659418.3975313,1606130806.212406,1197459194.4558792,1726664075.631089,0.9751181888336294,1.2309181643714062,1.0861060133569,1,-3.6809815950920255,0.0,중립,,,,,,,,,,,,,,NO_DATA,,0.0,,27.3,관찰,27.3
2026-09-29T10:54:00+09:00,KAITO,KRW-KAITO,KAITOUSDT,440.0,-3.08370044,2552134172.923937,1790646833345,False,True,입금량급등,2504874792.559625,1416279118.6572537,2665275256.7620263,1676299452.973401,2705624146.60792,1.7686307448594225,1.3051085702494467,0.9365753930287742,2,-5.41666666666667,1.1135857461024523,중립,2875088.71579,-8.878,2800010.40681,1510200.046,2064985.68967,1959004.14913,3456613.44715,1.8540658995649375,1.5178429716517703,1.0559617239181076,2,-5.991561181434591,2.5782688766114337,고수준 유지형,,0.0,,27.2,관찰,27.2
2026-09-29T10:54:00+09:00,TRUST,KRW-TRUST,,81.8,-3.1952662700000003,6599834298.595022,1790646842650,False,False,,16130369458.779985,25986025236.140594,1005002350.3405551,525975307.1376437,665071344.8213401,0.6207324633990713,1.7585893552223262,2.790397897256233,1,1.318944844124692,2.5485436893203817,감소형,,,,,,,,,,,,,,NO_DATA,,0.0,,27.0,관찰,27.0
2026-09-29T10:54:00+09:00,SKR,KRW-SKR,,24.8,-3.5019455300000004,1040480373.6936231,1790646841166,False,False,,1089782260.559643,1137387348.1673708,797704642.9124533,843480404.2992849,868533605.7360632,0.9581452284620257,1.176628252377372,0.8235173620880452,1,-7.220216606498198,-8.865248226950351,중립,,,,,,,,,,,,,,NO_DATA,,0.0,,26.4,관찰,26.4
2026-09-29T10:54:00+09:00,AVNT,KRW-AVNT,AVNTUSDT,164.0,-2.38095238,5732525709.698208,1790646809263,False,False,,5581408326.980525,1195438873.5401845,5782477902.048407,1752719222.1020172,1150978016.5932298,4.6689198841691395,1.9178700137505087,2.275742935140595,2,-0.591715976331364,12.00000000000001,일회성 폭증형,2576965.40984,-5.969,2611917.82875,831675.04443,3607849.00092,2062373.80492,626823.00318,3.1405509233959448,1.2051486606982929,1.5799186838377086,2,-0.9630818619582704,12.591240875912412,중립,,0.0,,26.1,관찰,26.1
2026-09-29T10:54:00+09:00,NEWT,KRW-NEWT,NEWTUSDT,64.3,-2.27963526,484305509.54954505,1790646734334,False,False,,511271208.2365861,594594206.7364419,298333441.3888942,486064066.39847547,586878954.509249,0.8598657747488124,1.1122718204578983,0.46856072102261054,1,-5.05050505050505,-2.2288261515601815,중립,324723.124024,-5.452,339787.142862,327835.303644,316093.962223,436145.910972,483939.563382,1.0364568400204348,0.9437874792839069,0.6880913363420389,3,-5.503512880562067,-1.4250814332247508,중립,,0.0,,25.9,관찰,25.9
2026-09-29T10:54:00+09:00,ZRO,KRW-ZRO,ZROUSDT,2045.0,-3.4922133100000003,3881975668.4538174,1790646841570,False,True,입금량급등,4431044441.147276,2083116976.6755073,2688053191.834902,7174899630.116448,9700905994.68138,2.127122235938415,1.1127620671503031,0.6056142125029826,2,-3.286170698311275,2.9640427599611163,중립,13613056.44425,-8.349,13850549.58304,9339634.48358,11748239.91274,15071918.83523,20107382.00397,1.482986256838063,1.1491119012501854,0.7737995543175509,2,-3.760789149198529,4.066666666666663,중립,,0.0,,25.3,관찰,25.3
2026-09-29T10:54:00+09:00,CASHCAT,KRW-CASHCAT,,231.0,-6.09756098,72102348692.06657,1790646841567,False,False,,,,,,,,,,,,,NO_DATA,,,,,,,,,,,,,,NO_DATA,,0.0,,25.0,관찰,25.0
2026-09-29T10:54:00+09:00,AKT,KRW-AKT,,872.0,-2.5698324,1392306588.8412864,1790646823754,False,False,,1545890848.1420207,1558882023.970281,1255817342.83686,2063637006.7302861,1652359300.9812148,0.9916663508665182,0.9506668235472961,0.7643844295752115,1,-6.380753138075312,-4.584221748400852,중립,,,,,,,,,,,,,,NO_DATA,,0.0,,25.0,관찰,25.0
2026-09-29T10:54:00+09:00,HOME,KRW-HOME,HOMEUSDT,7.87,-2.11442786,962684150.9311396,1790646814515,False,False,,967375977.9678823,1105206277.8784149,2251639081.4195375,2917834491.75198,4086170245.3798304,0.8752899773831221,0.4625141047503863,0.39337292528797474,1,-8.636363636363653,-2.1897810218978297,중립,717717.34585,-6.006,719029.6995,759867.80352,860520.30048,1467973.66799,1626470.62157,0.9462563042797416,0.6984573886595125,0.5491685579401824,1,-9.355828220858886,-0.8389261744966348,중립,,0.0,,25.0,관찰,25.0
2026-09-29T10:54:00+09:00,QKC,KRW-QKC,QKCUSDT,3.71,-3.13315927,821862003.6417538,1790646789095,False,False,,919999238.174926,1092759978.830193,796124737.5694954,2624484363.3786063,900630463.9158627,0.8419042205039312,0.6115160683159452,0.7217935332839869,1,-6.35696821515892,-2.2959183673469385,중립,144298.460664,-5.54,143099.227163,204419.918211,144058.958426,678699.223329,252677.580753,0.700025850784729,0.417938896383412,0.48193782047480216,1,-5.919521117392756,0.2835873803615607,감소형,,0.0,,25.0,관찰,25.0
2026-09-29T10:54:00+09:00,XTZ,KRW-XTZ,XTZUSDT,416.0,-2.11764706,371869282.8269643,1790646818459,False,False,,413796077.65273345,439354285.68350655,437934536.6863368,620324737.3013345,255899620.7051851,0.9418277939612857,0.8289109196038293,0.8643318946602985,1,-5.555555555555558,-4.921700223713643,중립,946173.34557,-2.915,1047005.08173,547586.59345,905842.30577,1765922.49347,869689.13619,1.9120356382969075,0.9756671024859622,0.9619052330232977,2,-5.691056910569115,-3.57142857142857,중립,,0.0,,25.0,관찰,25.0
2026-09-29T10:54:00+09:00,SENT,KRW-SENT,SENTUSDT,27.8,-2.11267606,231125032.62069413,1790646757259,False,False,,262597152.72390565,293535332.5065201,568315142.5595218,521080633.07266086,1042542809.2756765,0.8946015134926654,0.5696534364839122,0.17930525645237508,1,-12.345679012345679,-1.388888888888895,중립,999858.87882,-5.586,1074908.37446,847931.40606,2132161.79776,1767046.56559,1698928.26228,1.2676831719851867,0.6792985418629851,0.4477850014367371,2,-13.103161397670549,-0.6657156443176437,중립,,0.0,,25.0,관찰,25.0
2026-09-29T10:54:00+09:00,RE,KRW-RE,REUSDT,621.0,-0.9569378,2457775869.2097416,1790646800663,False,False,,2646655439.8827677,3506531385.8571577,2867501867.24106,2027687767.8427677,2551831665.5209427,0.7547787681460616,0.9450404625264544,0.856087116611225,1,-2.941176470588236,2.2838499184339334,중립,1667027.91731,-3.633,1429378.21038,1743439.12579,2337986.11263,1443077.61719,1512523.62555,0.8198612668694754,0.7762028083279028,0.6840854361314138,1,-3.47280334728034,3.3139274518584783,중립,,0.0,,24.5,관찰,24.5
2026-09-29T10:54:00+09:00,WLFI,KRW-WLFI,WLFIUSDT,76.7,-0.77619664,3400722814.72995,1790646835202,False,False,,3466032872.7944937,3899726003.1758885,5502014510.796696,1831309784.0394216,2631666888.2063565,0.8887888200278172,0.9256700844848623,0.9291878394710391,1,-0.2580645161290307,3.7583892617449655,중립,6396299.69024,-2.586,6544122.69873,5015620.26881,6955342.23556,6814575.39247,7127876.38296,1.304748435487651,1.0450788369223354,0.935026697527485,2,-0.6968641114982521,4.972375690607733,중립,,0.0,,24.2,관찰,24.2
2026-09-29T10:54:00+09:00,CHIP,KRW-CHIP,CHIPUSDT,58.3,-2.5083612,1996610070.2080438,1790646824168,False,False,,2336803613.221547,2667956317.825542,3073121789.3010616,4268932407.2429996,5271834333.730741,0.8758777636682248,0.7003400075955,0.5830926223495739,1,-12.18795888399412,3.460207612456756,중립,2652194.06426,-6.625,2746399.66829,2793611.35308,3399045.61955,5213498.55063,5072408.47591,0.9831001242395624,0.7223467177935821,0.7018070255740942,1,-12.82966488201468,4.567078972407224,중립,,0.0,,24.2,관찰,24.2
2026-09-29T10:54:00+09:00,BEAM,KRW-BEAM,,2.73,-1.08695652,330657722.94730294,1790646834075,False,False,,359039145.16258943,359994157.64910626,560232484.8565059,999873776.6124752,5711145321.3826,0.9973471444849177,0.5609693247098474,0.21974814229335865,1,-3.832752613240431,4.150943396226414,중립,,,,,,,,,,,,,,NO_DATA,,0.0,,24.1,관찰,24.1
2026-09-29T10:54:00+09:00,QUID,KRW-QUID,,93.6,1.18918919,2608348342.916194,1790646824492,False,False,,2261428796.9831176,2572799367.912117,3557051525.6104727,1950152431.75513,1849882511.7334845,0.8789759610436769,0.8396390592718189,0.6449915280530883,1,-1.9088016967126142,-3.039832285115307,중립,,,,,,,,,,,,,,NO_DATA,,0.0,,24.0,관찰,24.0
2026-09-29T10:54:00+09:00,TAO,KRW-TAO,TAOUSDT,409300.0,-2.05790859,3426921656.674588,1790646825673,False,False,,3503286700.489166,4391027473.88628,6108682892.241184,5240401253.689657,4071613239.594975,0.7978284630017541,0.6677119168732811,0.6481750505734568,1,-2.7461019315801694,5.743927125506065,중립,56580251.33746,-3.834,58979693.42493,47054426.2516,58668835.2636,56025376.05486,48442023.51155,1.2534356090023413,1.0939138834980937,1.108949781404085,2,-3.0207677784770404,7.311977715877438,중립,,0.0,,23.7,관찰,23.7
2026-09-29T10:54:00+09:00,CVC,KRW-CVC,CVCUSDT,39.8,-2.45098039,1224478685.1332524,1790646825271,False,False,,1347823108.8530328,1599159088.7926528,5467877829.353356,6612005577.792231,31106248063.232674,0.8428324100453471,0.2955959328117987,0.14367490115250636,1,-3.087885985748229,7.36842105263158,중립,615595.81442,-2.425,697193.7824,393017.29296,1048380.37939,1366992.46151,5646621.99966,1.7739519224436726,0.7447616775113862,0.3784643830097588,2,-3.567984570877536,8.499095840867987,중립,,0.0,,23.4,관찰,23.4
2026-09-29T10:54:00+09:00,KITE,KRW-KITE,KITEUSDT,186.0,-0.53475936,2803354018.3920484,1790646802674,False,False,,2914959965.6232333,3615246971.318374,4620954677.440816,1959462780.5447605,1645136779.0401716,0.8062962195250061,0.8577057392881167,0.9201028480582774,1,3.8888888888888973,2.1857923497267784,중립,3791735.52363,-7.615,3837457.86767,4134543.50921,3781137.72426,2178491.51505,1569254.41002,0.9281454794517896,1.140496986709281,1.293472801971469,1,3.155522163786628,3.3107599699021995,중립,,0.0,,23.2,관찰,23.2
2026-09-29T10:54:00+09:00,BABY,KRW-BABY,BABYUSDT,17.8,-1.65745856,388619181.0092057,1790646824179,False,False,,424252990.13042885,442023890.03166485,896033971.0459964,215373224.33652237,356897057.9758629,0.9597965171068854,0.819321167409198,0.8431825009655514,1,0.5555555555555536,7.100591715976345,중립,31137389.43407,-6.106,30785849.60607,20114796.07821,51266665.08328,62481594.10353,12561297.49116,1.5305076664147623,0.6899405413641722,0.7394317039406579,2,0.3745318352059934,9.031733116354768,중립,,0.0,,23.2,관찰,23.2
2026-09-29T10:54:00+09:00,AXL,KRW-AXL,AXLUSDT,68.6,-2.97029703,1089738513.8960853,1790646828064,False,False,,3456235139.3677144,5812403481.727314,358943771.528814,490369345.40625334,368343951.150007,0.5946309732683251,1.5564615012570626,2.1993063581356926,1,-1.8055555555555491,2.76162790697676,감소형,890827.001562,-7.468,1640523.647627,1823949.653141,426730.79741,469318.104278,661310.189648,0.8994347211294322,1.8094020433001325,1.6693517279954069,1,-2.2471910112359494,4.191616766467066,중립,,0.0,,22.8,관찰,22.8
2026-09-29T10:54:00+09:00,RENDER,KRW-RENDER,RENDERUSDT,2581.0,-2.71390878,1852054080.5314448,1790646823413,False,False,,2077584571.631818,2178690076.2046256,1927558030.264963,2111280360.4229527,2203188623.2684107,0.9535934432909623,1.0024487620899503,0.9990335301052555,1,0.7978723404255428,11.51744430432955,중립,10171383.21808,-6.265,10813459.68891,8690161.87486,8232516.04732,10297191.31111,7348053.68967,1.2443335169845966,1.1917904082748236,1.2707436554183396,3,0.15408320493066618,12.456747404844283,중립,,0.0,,22.2,관찰,22.2
2026-09-29T10:54:00+09:00,FIL,KRW-FIL,FILUSDT,1412.0,-2.35131397,4696746974.315586,1790646841156,False,False,,5001038147.688715,6401116537.707158,18443857953.829006,3146047633.4990187,3185409877.1442676,0.7812759099493066,0.5359973771607058,0.6869437447707922,1,1.7593244194229474,12.529182879377432,중립,19025477.246347,-7.552,19193415.495163,12959961.239863,32737197.186611,14256010.626851,16441816.358158,1.48097784707309,0.9604203980322472,0.93134759279915,2,1.2666666666666604,13.588291849161394,중립,,0.0,,21.6,관찰,21.6
2026-09-29T10:54:00+09:00,CBK,KRW-CBK,,295.0,-3.59477124,4623861330.229328,1790646830165,False,False,,5728326972.039775,1324405180.9486356,11160507175.796453,214565846.56875736,295594897.2345304,4.325207311509254,1.3532037018367427,2.1478876153906103,2,5.882352941176472,7.746478873239426,일회성 폭증형,,,,,,,,,,,,,,NO_DATA,,0.0,,19.8,관찰,19.8
2026-09-29T10:54:00+09:00,ARX,KRW-ARX,,341.0,-2.84900285,19494955766.872433,1790646840811,False,False,,20648252157.757217,41713138805.01888,2571272303.087813,1526690452.5326693,4827116787.914237,0.49500595613947995,1.3521778425536535,1.947579808772539,1,3.2352941176470695,11.075949367088601,감소형,,,,,,,,,,,,,,NO_DATA,,0.0,,17.0,관찰,17.0
2026-09-29T10:54:00+09:00,ANIME,KRW-ANIME,ANIMEUSDT,4.36,-2.24215247,2686693281.8431726,1790646843353,False,False,,761722277.0631595,1136106584.7464838,493091298.7290356,390908613.1037221,667551791.5967109,0.6704672671474162,1.1312110698416535,0.9890304761902348,1,-4.700854700854695,-1.978021978021971,감소형,633618.668162,-6.433,249036.291593,392374.113016,156442.574613,165124.054083,201649.051487,0.6346909322808585,1.0464578236387858,1.0150303270183225,1,-5.187319884726227,-0.303030303030305,감소형,,0.0,,14.0,관찰,14.0
2026-09-29T10:54:00+09:00,ZKP,KRW-ZKP,ZKPUSDT,65.0,-1.81268882,925891664.4268869,1790646834112,False,False,,884164508.5251579,1282796947.367905,554386175.5434818,562272310.009124,1482892648.0525103,0.689247437280953,1.1054564669896687,0.877093472847893,1,-5.563480741797422,-0.4511278195488688,감소형,388640.72762,-7.018,403453.25469,433158.51732,331786.96839,326629.25086,441485.97847,0.9314217279766545,1.1088198760198977,1.0341542827777868,1,-5.609284332688591,1.0351966873705987,중립,,0.0,,13.8,관찰,13.8
2026-09-29T10:54:00+09:00,ERA,KRW-ERA,ERAUSDT,90.9,-2.6766595300000002,1045555316.4121498,1790646774521,False,False,,1163599968.3941042,1861528691.5905914,725638871.1664078,742092960.1718245,676731388.6100804,0.6250776437938548,1.0485210998481367,1.0580592146477814,1,-2.3012552301255096,2.300109529025196,감소형,524485.40567,-4.274,595964.86785,1056425.17058,425282.69015,504428.99915,386374.36391,0.5641335368058323,0.9001870111096084,0.9599135584820265,1,-2.6912181303116123,3.619909502262453,감소형,,0.0,,13.2,관찰,13.2
2026-09-29T10:54:00+09:00,T,KRW-T,TUSDT,7.18,-1.91256831,2900279694.923964,1790646811228,False,False,,3527431156.6495466,10410323084.293438,5415883989.6512375,2105069605.701688,3262242952.0365148,0.3388397389867327,0.5901583952446906,0.5655406675472573,1,-3.6842105263157787,-2.1390374331550777,감소형,441014.281008,-7.381,489263.634452,1527840.209048,813472.954541,412870.107776,902794.912274,0.3202322020028921,0.532931456891955,0.4621499389456724,1,-3.9285714285714257,-1.1029411764705954,감소형,,0.0,,13.0,관찰,13.0
2026-09-29T10:54:00+09:00,BLAST,KRW-BLAST,,0.564,-3.25900515,2866600794.061326,1790646806268,False,False,,2945084106.629026,5237812604.019222,4104984173.507495,27362214893.855743,4219603536.204266,0.5622736682807482,0.24070969923640145,0.16909311445817754,1,-12.985074626865678,-10.307692307692317,감소형,,,,,,,,,,,,,,NO_DATA,,0.0,,13.0,관찰,13.0
2026-09-29T10:54:00+09:00,VTHO,KRW-VTHO,VTHOUSDT,0.939,-2.69430052,2289098129.4784937,1790646843385,False,False,,2198760936.602741,3059187680.823201,4298064701.475723,4149435438.5427394,12691708850.139778,0.7187401251599814,0.5732564324775201,0.3403033426189383,1,-10.648148148148163,-1.025641025641022,감소형,16471564.482675,-6.613,16763983.51243,76111215.052677,20951947.94085,123415999.189048,10561752.233996,0.2202564168871506,0.22810296464953045,0.35860781167534006,1,-11.027568922305765,0.14104372355430161,감소형,,0.0,,13.0,관찰,13.0
2026-09-29T10:54:00+09:00,ZAMA,KRW-ZAMA,ZAMAUSDT,107.0,-2.72727273,1779911929.055569,1790646841577,False,False,,1344622781.5337963,2998433097.140991,2571693775.362149,2705082600.4775496,2750667903.114675,0.4484418154321654,0.487464197465011,0.4350030886367211,1,-9.836065573770492,-12.698412698412698,감소형,8785480.49838,-6.351,8948336.12325,9518791.19307,8136590.46947,11666643.15932,17720900.90555,0.9400706394068913,0.9155236902240343,0.5812033648120299,1,-10.240496508921638,-12.053425996307954,중립,,0.0,,13.0,관찰,13.0
2026-09-29T10:54:00+09:00,RAY,KRW-RAY,RAYUSDT,2511.0,-2.48543689,1673936644.501001,1790646688323,False,False,,1803307194.8220067,5359480776.789576,1455817016.1238296,1707500215.5006154,8675593003.523516,0.3364705033800345,0.6347588642984553,0.32503275943502796,1,-7.871198568872984,-5.226352594773642,감소형,10284742.36398,-14.099,10222327.47436,11415519.83473,6064212.77023,8179939.04153,17220642.34483,0.8954763008917132,1.1951432132715913,0.8225015569067513,1,-8.242740493791379,-3.964601769911502,중립,,0.0,,13.0,관찰,13.0
2026-09-29T10:54:00+09:00,VVV,KRW-VVV,,36370.0,-3.88477801,1217527243.6601582,1790646757239,False,False,,1360192201.9195788,3446086691.2242074,885237193.7668076,1912443219.3261023,2301540555.914533,0.3947063216324301,0.6535440123859376,0.5761928712700043,1,-7.549474712924509,-9.01659052656889,감소형,,,,,,,,,,,,,,NO_DATA,,0.0,,13.0,관찰,13.0
2026-09-29T10:54:00+09:00,XCN,KRW-XCN,,6.36,-2.75229358,972648190.2428143,1790646732934,False,False,,1218033140.6464708,4529084564.505775,1035243575.9021567,616167530.56629,3041938854.4936404,0.26893583533240684,0.5912308035584178,0.4797534715682512,1,-4.245973645680823,-9.54356846473029,감소형,,,,,,,,,,,,,,NO_DATA,,0.0,,13.0,관찰,13.0
2026-09-29T10:54:00+09:00,PIEVERSE,KRW-PIEVERSE,,1958.0,-1.80541625,846734472.0074953,1790646790058,False,False,,825287969.7126143,2377992513.77992,816502260.2305021,771434779.5047857,1021020419.8879246,0.34705238344118416,0.6242833806625125,0.6555810896272156,1,-7.8558225508317925,-14.051724137931032,감소형,,,,,,,,,,,,,,NO_DATA,,0.0,,13.0,관찰,13.0
2026-09-29T10:54:00+09:00,KERNEL,KRW-KERNEL,KERNELUSDT,68.4,-2.00573066,838160327.8292826,1790646843378,False,False,,920808640.2581806,1384304288.8559883,1270990714.9728947,1592835717.4658628,11526621996.95025,0.665177914762622,0.6502685774068199,0.13557217163069502,1,-7.180851063829796,-9.46822308690013,감소형,558442.97401,-8.861,596640.42179,520187.0384,399044.15988,767642.33837,1742754.25646,1.1469728727289257,1.0610879988814366,0.5238967237310018,3,-7.5539568345323715,-8.540925266903908,중립,,0.0,,13.0,관찰,13.0
2026-09-29T10:54:00+09:00,OPG,KRW-OPG,OPGUSDT,165.0,-0.60240964,501140916.7775713,1790646824555,False,False,,565421743.9761583,801978487.778165,5097549420.003546,184430144.7257397,350458456.370961,0.7050335546314047,0.27880948837728653,0.37139563308436,1,-5.681818181818176,-2.92397660818714,감소형,924706.64107,-7.187,949182.75921,784708.41184,2055370.71337,539048.84836,654244.29941,1.2095993172602004,0.842687314568204,0.7178953424213547,2,-5.0847457627118615,-1.2028869286287103,중립,,0.0,,13.0,관찰,13.0
2026-09-29T10:54:00+09:00,META,KRW-META,,11.5,-1.70940171,143929134.72670683,1790646807288,False,False,,143207589.626448,213348513.98260647,132784484.93596867,155690118.2106462,71827156.00219592,0.6712378115655552,0.8561239094306501,0.9021098380082299,1,-5.645161290322587,-1.6806722689075682,감소형,,,,,,,,,,,,,,NO_DATA,,0.0,,13.0,관찰,13.0
2026-09-29T10:54:00+09:00,SONIC,KRW-SONIC,,34.7,-2.25352113,1180600690.3393438,1790646818785,False,False,,1422114069.1775267,8148590703.687558,781674966.1993244,817953896.4383346,1977507359.3659985,0.17452270225500024,0.4376534790281567,0.5495629663048631,1,-4.569892473118287,0.56657223796035,감소형,,,,,,,,,,,,,,NO_DATA,,0.0,,12.9,관찰,12.9
2026-09-29T10:54:00+09:00,STX,KRW-STX,STXUSDT,418.0,-2.10772834,5475296356.096071,1790646833027,False,False,,5656939672.173287,8127510943.64809,9516321270.439722,5667517324.351759,4435230530.986427,0.6960236302842959,0.7280067157216958,0.825708603987808,1,-2.954545454545454,0.9456264775413725,감소형,2262926.59692,-8.146,2295389.15276,2543947.18361,3073574.50456,2061839.04223,1879725.57724,0.9022943430384892,0.8967110284349561,0.9730578520750862,1,-3.7071078431372584,2.012333657903298,중립,,0.0,,12.8,관찰,12.8
2026-09-29T10:54:00+09:00,IOST,KRW-IOST,IOSTUSDT,1.18,-4.06504065,2049072819.1764677,1790646827049,False,False,,2011608500.6384096,2882587196.5004644,1967976181.589408,1804204618.5581985,2517950308.568976,0.6978482743143224,0.9068423579837643,0.6969412322466484,1,-6.818181818181824,0.8196721311475308,감소형,941897.064825,-8.949,931123.333897,939052.572782,1138678.630271,994238.752473,871373.421503,0.9915561288954151,0.9093090238939864,0.7544825616258605,1,-6.6941297631307854,2.488687782805421,중립,,0.0,,12.8,관찰,12.8
2026-09-29T10:54:00+09:00,PUNDIX,KRW-PUNDIX,PUNDIXUSDT,155.0,-2.51572327,526659315.0353774,1790646798305,False,False,,520959347.86331743,717939962.2576756,562540462.0794573,588240691.707069,632654301.2978371,0.7256307981869103,0.8363356255631804,0.7990415643245224,1,-4.790419161676651,1.9230769230769162,감소형,245025.28814,-5.446,227601.63966,267168.10405,256525.27618,219586.51083,307890.22815,0.8519042363582621,0.918637685739411,0.7862844733994729,1,-5.092966855295067,2.9824561403508865,중립,,0.0,,12.6,관찰,12.6
2026-09-29T10:54:00+09:00,AWE,KRW-AWE,AWEUSDT,88.2,-1.01010101,968449313.3510959,1790646806278,False,False,,1175608786.4447358,2928508554.087917,4738631938.853953,531760012.6767444,325220751.3625015,0.40143600905781845,0.4301584531873893,0.6243620019742696,1,-0.11210762331839152,2.4137931034482696,감소형,354350.14832,-5.194,410411.71818,718133.10357,1023590.2836,177350.37928,87769.81325,0.571498119415122,0.6415778153320293,0.903709370028934,1,-0.6818181818181945,3.4401136184314396,감소형,,0.0,,12.5,관찰,12.5
2026-09-29T10:54:00+09:00,ANKR,KRW-ANKR,ANKRUSDT,6.66,-2.05882353,458261430.0639924,1790646805947,False,False,,431293025.037231,3181360754.9715753,1174035776.8162823,3396157630.458345,218008019.4884472,0.1355687261695301,0.16691866534500996,0.2539487072317847,1,-1.3062409288824406,2.2556390977443552,감소형,377068.877158,-4.501,376590.529807,938096.641569,384982.544994,1037782.350401,280593.996057,0.4014410809286546,0.4785420795468817,0.6202089966548285,1,-1.7716535433070946,3.0991735537190035,감소형,,0.0,,12.5,관찰,12.5
2026-09-29T10:54:00+09:00,TFUEL,KRW-TFUEL,TFUELUSDT,14.2,-3.40136054,437607514.1515288,1790646793357,False,False,,433314997.9011818,1453063754.9459515,310399583.1067175,425114840.38362044,308316172.419269,0.29820783597846984,0.593967812761589,0.72439131971624,1,-0.6756756756756799,2.083333333333326,감소형,256701.00127,-3.502,266161.31036,886631.35062,144985.08439,346250.56559,224736.05933,0.3001938857382832,0.5795072606661569,0.740823693659071,1,-0.18416206261508972,3.336510962821748,감소형,,0.0,,12.5,관찰,12.5
2026-09-29T10:54:00+09:00,LPT,KRW-LPT,LPTUSDT,2258.0,-2.08152645,406942440.42158544,1790646796645,False,False,,443452878.4216685,1032380302.4272715,479214082.84828466,329803739.3906603,584352637.4498216,0.42954411022667555,0.7224720267954845,0.4793579317229975,1,-2.2052586938083096,2.4433585073300845,감소형,1281430.23411,-5.669,1349845.56644,1687486.65687,1307100.89314,1436612.11208,2013358.4461,0.7999148087746858,0.9138691569158528,0.7353580557355616,1,-1.8380241240666284,4.334554334554341,중립,,0.0,,12.5,관찰,12.5
2026-09-29T10:54:00+09:00,ZETA,KRW-ZETA,,68.9,-2.68361582,1428935832.1259632,1790646745772,False,False,,1535499077.076099,2499920976.7806897,3068877780.0882287,3497202941.3979015,4238094682.1487226,0.6142190458569857,0.5081068131841336,0.29221775298551755,1,-5.09383378016085,2.608695652173898,감소형,,,,,,,,,,,,,,NO_DATA,,0.0,,12.4,관찰,12.4
2026-09-29T10:54:00+09:00,GEOD,KRW-GEOD,,353.0,0.85714286,904801086.5112169,1790646821904,False,False,,1045785396.0776638,3393315658.6610503,1220507833.774974,637106243.2519096,1092495234.6777556,0.3081898359229906,0.5974858446324193,0.6247682608699694,1,-1.9607843137254943,-0.2849002849002802,감소형,,,,,,,,,,,,,,NO_DATA,,0.0,,12.3,관찰,12.3
2026-09-29T10:54:00+09:00,WAL,KRW-WAL,WALUSDT,45.3,-2.58064516,819619097.5360543,1790646821182,False,False,,976268462.8910679,1592914804.3924878,867718883.0473788,1445988189.5251055,501219169.4550028,0.6128817813727339,0.749702807415949,0.8818744222947567,1,-8.464566929133854,3.3333333333333437,감소형,506382.182602,-10.338,508045.392743,435918.807438,538127.607544,853179.019316,400364.543347,1.1654587599211546,0.8341259647661136,0.8254597140435127,2,-8.585858585858597,5.232558139534871,중립,,0.0,,12.3,관찰,12.3
2026-09-29T10:54:00+09:00,GLM,KRW-GLM,GLMUSDT,167.0,-2.90697674,470350677.2742305,1790646755672,False,False,,459247010.5102493,631626652.215151,437786224.91856146,510658644.7384,525595074.9860031,0.727086181211074,0.8719485241391873,0.8274581727120861,1,-1.7142857142857126,2.9940119760478945,감소형,128148.30576,-5.085,116667.78159,152633.20042,85849.98299,105343.31453,155335.40274,0.7643670005540463,1.0179650110361123,0.8295313358560704,1,-2.4031007751937894,4.049586776859515,중립,,0.0,,12.3,관찰,12.3
2026-09-29T10:54:00+09:00,TAIKO,KRW-TAIKO,,121.0,-4.72440945,1905255571.4512644,1790646840818,False,False,,2385840105.142615,16866060178.749851,329731957.3937258,362138934.0388908,578621501.5962641,0.14145805717855908,0.40765169237866594,0.6327654438312615,1,0.7936507936507908,4.958677685950419,감소형,,,,,,,,,,,,,,NO_DATA,,0.0,,11.6,관찰,11.6
2026-09-29T10:54:00+09:00,MOC,KRW-MOC,,29.9,-0.33333333,441934884.80820817,1790646805955,False,False,,475606468.01536703,664498369.9833472,514560835.8465426,667347466.1016918,233955230.8774019,0.7157375992168139,0.7727546838603343,0.9294434585038672,1,0.33444816053511683,5.633802816901423,감소형,,,,,,,,,,,,,,NO_DATA,,0.0,,11.6,관찰,11.6
2026-09-29T10:54:00+09:00,COMP,KRW-COMP,COMPUSDT,31560.0,-1.22065728,258197480.2915091,1790646832299,False,False,,303365820.4586935,2210952578.26587,385799337.338533,1017042543.198578,13485979478.734259,0.13721046007085066,0.251839851920504,0.08685564793053378,1,-2.5617566331198494,6.784759358288772,감소형,1372070.64753,-4.041,1296606.91503,2284364.44862,871656.12567,1454331.65298,5092679.38648,0.5676007240496538,0.8437144394482287,0.5979571202357672,1,-3.0902348578491945,7.840440165061913,감소형,,0.0,,11.5,관찰,11.5
2026-09-29T10:54:00+09:00,STEEM,KRW-STEEM,STEEMUSDT,84.7,-1.9675925899999998,1461101821.399862,1790646809593,False,False,,1864858108.9765108,3083767269.9115906,20901412604.131207,10756260792.167986,36332726731.825714,0.6047337382337464,0.1610346093784984,0.12774480344205988,1,-1.2571428571428456,8.542713567839222,감소형,516982.751922,-4.104,571833.016026,1033858.397974,1538584.647403,1289386.772879,3728518.166524,0.5531057417017575,0.4442192247748293,0.34144784529387606,1,-1.8504240555127338,9.949904992226632,감소형,,0.0,,11.1,관찰,11.1
2026-09-29T10:54:00+09:00,SC,KRW-SC,SCUSDT,1.4,-4.76190476,1807379380.6434376,1790646832997,False,False,,2479596004.6933637,10782846319.552984,1376351611.1847699,3556456943.0561314,955904669.1379834,0.2299574649596006,0.473336178085992,0.5730430172482639,1,-0.6756756756756799,9.701492537313428,감소형,550224.904602,-10.363,585321.343984,1694167.148409,614723.260837,3376942.058417,386682.489163,0.34549208709050816,0.30883147576694947,0.40682091728381203,1,-1.3673655423883324,11.316872427983537,감소형,,0.0,,10.9,관찰,10.9
2026-09-29T10:54:00+09:00,NEAR,KRW-NEAR,NEARUSDT,6380.0,-2.5954198500000003,53357874089.696724,1790646842982,False,False,,52856478258.43534,79909839221.04,31254861439.00797,72064149364.41997,73082410539.58403,0.6614514404443753,0.8654173988110008,0.7613042861176817,1,-2.165795369678869,10.176619007569387,감소형,237428340.3309,-12.256,231585436.0113,209530185.3042,128880615.4841,259628294.889,248904564.2981,1.1052604934944326,1.1617238957380611,0.8322799023265017,3,-2.56565656565656,11.334256694367518,중립,,0.0,,10.8,관찰,10.8
2026-09-29T10:54:00+09:00,SPK,KRW-SPK,SPKUSDT,30.0,-2.2801302900000002,886243356.9395615,1790646822362,False,False,,1063902503.6673146,1600890459.0084813,3010280144.735454,6663872183.252292,465752301.2905843,0.6645692075185753,0.2830771972486894,0.4084034769907663,1,-5.246913580246915,10.035842293906816,감소형,1723719.151629,-6.884,1784291.465908,1911992.369416,2890252.318085,5449222.658569,1003479.965383,0.9332105579757073,0.5221568988146928,0.7076120335312021,1,-5.6580925338232895,11.504293751850758,중립,,0.0,,10.8,관찰,10.8
2026-09-29T10:54:00+09:00,IN,KRW-IN,,50.2,-3.46153846,4214098375.7224493,1790646843360,False,False,,6392659609.067613,25811537238.671104,2474954558.2258844,911806275.5038447,1465270296.4348595,0.24766675266012694,0.6568183796072168,0.928236324883071,1,3.1746031746031855,5.263157894736836,감소형,,,,,,,,,,,,,,NO_DATA,,0.0,,10.7,관찰,10.7
2026-09-29T10:54:00+09:00,WAXP,KRW-WAXP,WAXPUSDT,8.04,-1.95121951,836529836.0487972,1790646801327,False,False,,1185790009.8443406,3247008281.521007,42462153497.91535,22824305048.547558,181620909.6402677,0.3651946367346119,0.05190704912771842,0.08579162118943637,1,-1.7964071856287456,10.512129380053903,감소형,313535.99952,-4.984,394939.74408,559065.29223,1877779.88597,2151077.76048,138000.26881,0.7064286579205518,0.25824741349750885,0.40281503796279566,1,-1.788617886178856,12.267657992565063,감소형,,0.0,,10.7,관찰,10.7
2026-09-29T10:54:00+09:00,ESP,KRW-ESP,ESPUSDT,131.0,-2.23880597,1600745673.8885987,1790646841176,False,False,,1771144421.0942655,11375178549.93428,11264305851.511736,1257248227.1640294,1138982721.04665,0.15570256003625527,0.22234978086173,0.3438145468998866,1,2.2900763358778553,7.200000000000006,감소형,1105484.55006,-8.644,1313838.54862,3493980.78611,2611907.3122,622218.02973,571953.46213,0.3760291281059829,0.5858283996789783,0.8069909419232274,1,0.6764374295377573,6.969399978220636,감소형,,0.0,,10.6,관찰,10.6
2026-09-29T10:54:00+09:00,ORCA,KRW-ORCA,ORCAUSDT,2235.0,-2.95267043,1495831804.088392,1790646843382,False,False,,1839671749.0359619,11125809928.916687,766264200.6482804,1170744280.1362903,1695147149.2328582,0.16535171468771348,0.4224980455220233,0.5050394522236625,1,1.7675651789659685,9.14691943127961,감소형,1730168.65111,-5.342,1926392.44626,4562602.29677,453713.15118,948622.27348,1549149.97573,0.42221353538171624,0.9688579510256032,0.960244807458193,1,1.4336917562723928,11.125654450261768,감소형,,0.0,,10.4,관찰,10.4
2026-09-29T10:54:00+09:00,COW,KRW-COW,COWUSDT,212.0,0.9523809499999999,1904429082.2031314,1790646824128,False,False,,2296883565.9437156,19336877656.45499,336694762.9016514,307617798.7079198,396618244.6530735,0.11878254632163819,0.34485686901681456,0.5522916120185806,1,1.9417475728155331,8.247422680412363,감소형,1504936.36791,-0.954,1538842.08479,4700499.39913,425902.24064,409844.50155,612222.78088,0.32737842389147404,0.8338730136860006,1.1545782776701554,1,2.1080368906455815,9.929078014184412,감소형,,0.0,,9.7,관찰,9.7
2026-09-29T10:54:00+09:00,META2,KRW-META2,,7950.0,-4.38965725,3538506233.777465,1790646814165,False,False,,6914874035.885461,37052125116.073135,23733103758.412453,3502073588.454111,47771446057.41733,0.18662557179171899,0.3226861497200824,0.3049662844347595,1,3.8077403245942554,9.986772486772487,감소형,,,,,,,,,,,,,,NO_DATA,,0.0,,9.5,관찰,9.5
2026-09-29T10:54:00+09:00,SUPER,KRW-SUPER,SUPERUSDT,257.0,-1.90839695,325575247.6409916,1790646706637,False,False,,342618469.66427946,1948985384.0434065,665389665.6627365,255317218.9796544,946627186.7872822,0.1757932473323509,0.3581761780553406,0.09417864430067023,1,4.800000000000004,8.713692946058082,감소형,1966708.0637,-3.842,1986060.8911,4827810.9989,2746411.684,1502376.7698,1732911.2682,0.41137917195857854,0.6564333596904102,0.4504194154886252,1,4.4768069039913705,10.307517084282459,감소형,,0.0,,9.4,관찰,9.4
2026-09-29T10:54:00+09:00,WLD,KRW-WLD,WLDUSDT,657.0,-1.6467065900000002,49140036785.26697,1790646841168,False,False,,52648955047.52918,105492502626.24637,77697669029.96974,52565565893.37676,39959977333.64724,0.49907769497194776,0.6699597930648976,0.826615594552784,1,-0.1494768310911776,19.49910554561718,감소형,77806021.47477,-9.622,80967882.63636,96159565.92176,77863222.94531,54755881.21814,42902740.43698,0.8420158916091545,1.0617407987318446,1.143276965213942,1,-0.6870074762578282,20.939960629921273,중립,,0.0,,8.7,관찰,8.7
2026-09-29T10:54:00+09:00,BIGTIME,KRW-BIGTIME,BIGTIMEUSDT,11.9,-4.03225806,1053747423.9474906,1790646823415,False,False,,1115114065.3159738,3549424260.235683,1147267740.7328522,1669694652.512611,684288594.7464048,0.31416758988454363,0.525469528954652,0.6810209260933503,1,5.084745762711851,11.711711711711725,감소형,475923.58372,-7.845,499173.8812,1672254.7728,282942.66406,493566.22312,207267.76227,0.29850348721934894,0.6115419254515688,0.8010175101460686,1,4.223744292237419,13.840399002493765,감소형,,0.0,,8.6,관찰,8.6
2026-09-29T10:54:00+09:00,B3,KRW-B3,,1.13,4.62962963,5234586354.1895075,1790646824872,False,False,,4941007451.283248,14135762584.19652,4878575540.299883,33742862659.562485,4519018857.223932,0.3495395046325402,0.2809668089579284,0.2455493011969871,1,-6.0869565217391175,5.882352941176472,감소형,,,,,,,,,,,,,,NO_DATA,,0.0,,8.0,관찰,8.0
2026-09-29T10:54:00+09:00,DRV,KRW-DRV,,535.0,6.361829030000001,12201148954.104906,1790646844456,False,False,,5260805639.99834,19978974108.44091,7341146050.198865,7846768030.728816,20079111650.90578,0.2633171058455751,0.4487862797245236,0.22439117094100705,1,-16.859504132231407,-25.26002971768202,감소형,,,,,,,,,,,,,,NO_DATA,,0.0,,7.9,관찰,7.9
2026-09-29T10:54:00+09:00,KMNO,KRW-KMNO,KMNOUSDT,57.2,-1.54905336,1751868507.929869,1790646595526,False,False,,1959045896.533412,3981742006.335139,15492312873.99916,3889318693.153313,1784476065.7613142,0.4920072404029387,0.25155346984091026,0.352330477496654,1,2.6501766784452263,19.547325102880663,감소형,2164163.68467,-9.89,2269163.18841,2208147.23103,4322522.20685,3491120.48963,2152592.6384,1.0276321961337418,0.6792688346563036,0.7208111185955368,2,2.804410354745923,21.50141643059491,중립,,0.0,,7.8,관찰,7.8
2026-09-29T10:54:00+09:00,FOLD,KRW-FOLD,,91.0,10.3030303,16796659138.380068,1790646842259,False,False,,7492553485.051548,25698031405.360714,14492592348.077728,1701281137.632876,1551151032.7012749,0.2915613794249069,0.5365633411419648,0.7693705327189878,1,3.5131744040150625,-0.7220216606498076,감소형,,,,,,,,,,,,,,NO_DATA,,0.0,,3.5,관찰,3.5
2026-09-29T10:54:00+09:00,ELF,KRW-ELF,,106.0,3.9215686299999994,501100206.046338,1790646835969,False,True,글로벌가격차이,310517648.368578,1228603256.108883,207462018.09065077,248771073.66511115,371333818.55757296,0.252740375564379,0.5529041121924873,0.6047972719308363,1,-1.9230769230769273,-0.9708737864077666,감소형,,,,,,,,,,,,,,NO_DATA,,0.0,,1.9,관찰,1.9
2026-09-29T10:54:00+09:00,AZTEC,KRW-AZTEC,,25.1,-3.46153846,15599555803.950418,1790646791046,False,True,"거래량급등,입금량급등",15295850150.397793,3835294598.569169,606107054.9573615,272637604.19872695,250071331.86229235,3.9881812875871923,9.734231715612875,13.973182664132185,5,15.555555555555545,23.809523809523814,연속 가속형,,,,,,,,,,,,,,NO_DATA,,0.0,,69.3,시동,69.3
2026-09-29T10:54:00+09:00,PUMP,KRW-PUMP,PUMPUSDT,6.55,-1.94610778,14873430130.048244,1790646844448,False,False,,15401523372.512354,10436854627.000069,7077553989.372783,4101793198.247136,3212175210.8482614,1.475686298501152,2.1374971659584934,2.497423178884836,5,17.813051146384474,21.45454545454546,연속 가속형,90922739.973067,-6.642,94724451.395402,44401920.944388,32172533.501279,30642050.637338,23589540.330818,2.1333412920139505,2.6504627619246155,2.9199507984868283,5,17.50119217930377,23.076923076923084,연속 가속형,,0.0,,63.6,시동,63.6
2026-09-29T10:54:00+09:00,SEI,KRW-SEI,SEIUSDT,101.0,-4.716981130000001,19824976697.968704,1790646839430,False,True,입금량급등,22898113694.215786,10291383553.012356,9321732754.902367,20394772206.696033,5879647499.848794,2.2249791367957865,1.7170199086502753,2.1653833416670354,3,4.950495049504955,30.702836004932198,가속형,27844442.281268,-11.723,33064035.195206,10643171.503871,14069172.026541,22171877.136968,7059718.354956,3.106596110302307,2.115682081810342,2.646184652283991,2,3.4491978609625606,31.063685636856377,고수준 유지형,,0.0,,41.1,시동,41.1
2026-09-29T10:54:00+09:00,ONDO,KRW-ONDO,ONDOUSDT,691.0,-2.40112994,164072942347.4887,1790646841211,False,True,입금량급등,171542275731.96045,72093255782.74284,51648941979.017944,182249626730.641,212301739136.4852,2.3794496984421527,1.681831951064628,1.504948881008964,3,-4.71063257065949,25.08833922261484,가속형,80134114.73396,-12.372,83243111.42036,31087976.78357,23617885.69497,74727385.76855,119026781.55669,2.6776625574538513,1.9294063746615011,1.511687455014449,3,-5.33503277494537,26.005816771691713,가속형,,0.0,,40.5,시동,40.5
2026-09-29T10:54:00+09:00,LINK,KRW-LINK,LINKUSDT,20770.0,-0.8591885400000001,47726133804.473915,1790646844443,False,False,,42800223611.44052,8911153345.193707,13557068006.017862,18627353208.430157,11456517784.600773,4.802994848531601,3.1244403371943266,3.3827243359337666,2,11.37692716640084,23.525943396226424,일회성 폭증형,134997261.11425,8.208,126167499.84316,28895608.03183,44634687.22463,82230887.10534,46880834.15198,4.366320989133712,2.430018145665455,2.456311177697045,2,10.926058865757371,25.066774585188178,일회성 폭증형,,0.0,,34.8,시동,34.8
2026-09-29T10:54:00+09:00,AERO,KRW-AERO,AEROUSDT,1092.0,-2.15053763,1455969464.1287649,1790646803970,False,False,,1551135667.4078739,794691964.5867388,5832876685.539823,9569737373.453264,556927863.2984602,1.9518703303040268,0.28729512151275355,0.4128775934051559,2,-2.7027027027026973,22.50274423710208,중립,9693229.61723,-2.111,9573120.04884,4818271.80995,13183278.97201,11766517.7364,4299156.80788,1.986836863182142,0.9647706947733881,1.1783082083578924,2,-2.8625279773824897,24.336550060313634,중립,,0.0,,28.0,시동,28.0
2026-09-29T10:54:00+09:00,SUI,KRW-SUI,SUIUSDT,1537.0,-3.1505986100000003,65311326076.331535,1790646844852,False,False,,68654850783.94474,72150280824.74692,37959648415.27883,92344810108.28906,27258664338.04493,0.9515534797530092,1.0173362847163627,1.2864850658619045,1,-1.855287569573283,20.318423047763456,중립,203203064.67035,-11.111,207344898.20534,125595106.63793,88530369.46325,182822564.77106,74510416.67574,1.6508994956553615,1.5670431153890627,1.7705856815005332,3,-2.276341116411429,21.62274763045515,가속형,EARLY,5.0,Binance 연속가속 우위,27.1,시동,27.1
2026-09-29T10:54:00+09:00,PROM,KRW-PROM,PROMUSDT,8580.0,-0.23255814,4724531459.762515,1790646748201,False,False,,4624016925.502995,3859100346.707132,21579936425.72203,3893344132.355357,17867927015.01864,1.198211114009654,0.4729261774398361,0.4570213589100664,2,6.36982065553493,23.741007194244613,중립,2052124.3429,1.413,2120469.58337,1651019.69972,6768657.92465,4107157.00747,6768551.80743,1.2843393593241894,0.5078225215762753,0.46128746799418463,2,5.551850616872289,25.06914263137101,중립,,0.0,,25.5,시동,25.5
2026-09-29T10:54:00+09:00,ALGO,KRW-ALGO,ALGOUSDT,183.0,-1.0810810800000001,27847373124.23852,1790646818119,False,True,"거래량급등,입금량급등",26834611515.894547,2848396924.686025,4804599451.429185,5397254106.955454,3808832316.582384,9.420952284890031,6.168757806765212,6.5485787850015384,2,17.834394904458595,28.472222222222232,일회성 폭증형,29913019.5769,12.218,28783071.3892,3491556.6524,3382384.093,5331410.7496,4241551.6487,8.243621471647984,7.0747011426072826,6.897907399639081,3,16.8384879725086,30.39309683604987,가속형,,0.0,,24.5,시동,24.5
2026-09-29T10:54:00+09:00,GRT,KRW-GRT,GRTUSDT,41.5,-0.47961630999999993,5830092826.037784,1790646829129,False,True,입금량급등,7040990001.6251135,9071361149.54614,731855728.3630054,1211123677.7500463,951787328.2330859,0.7761778949763662,1.9177698290818064,2.502546626330341,1,9.4488188976378,22.287390029325515,중립,7564773.70546,-13.032,8903797.89491,8625115.02899,1125552.21867,2674194.94095,2025342.67638,1.032310626001313,2.1498342017198877,2.457146159165303,3,7.983044860473343,22.86977491961415,가속형,,0.0,,23.6,시동,23.6
2026-09-29T10:54:00+09:00,ENA,KRW-ENA,ENAUSDT,342.0,-2.00573066,30425024004.118202,1790646828776,False,False,,31121668550.107548,32886600909.365326,42380982587.99021,58634115789.54371,29841860937.01719,0.9463327826392917,0.6972652785404744,0.8194719874397113,1,-3.8567493112947604,23.32155477031803,중립,68994528.345252,-7.974,71001695.818066,55822219.623208,77584468.569489,122704831.401416,48196978.041166,1.2719253425843202,0.8316888197444992,0.9858310175218423,2,-4.253731343283585,24.5026686074721,중립,,0.0,,19.9,시동,19.9
2026-09-29T10:54:00+09:00,DEEP,KRW-DEEP,,29.0,-3.6544850500000003,2039327040.7368324,1790646834503,False,False,,2143454962.991837,6313913085.301114,1404081062.7881067,6620882322.359408,1232392328.725216,0.3394812272569657,0.44845667665998945,0.6534022695063874,1,-3.2154340836012874,20.8835341365462,감소형,,,,,,,,,,,,,,NO_DATA,,0.0,,8.4,시동,8.4
2026-09-29T10:54:00+09:00,JTO,KRW-JTO,JTOUSDT,749.0,-1.96335079,2264683066.7973037,1790646841906,False,False,,2689276895.40845,6966882506.618098,4522920033.734624,8337085133.595275,2877686035.285347,0.38600864774937815,0.406913622495893,0.5008297417584748,1,-1.4193548387096744,22.63242375601926,감소형,3073949.8598,-6.434,3366136.55285,5687937.90967,7103124.16441,7928266.00227,2800244.30626,0.5918026192106051,0.48739078899362537,0.6115932346885765,1,-1.8118466898954688,24.74546259406818,감소형,,0.0,,8.0,시동,8.0
2026-09-29T10:54:00+09:00,W,KRW-W,WUSDT,18.4,-2.12765957,2673017401.675198,1790646842652,False,False,,3166398493.2673864,17624755942.3373,1131367014.048889,836731873.5387086,521776961.02423143,0.17965630296537746,0.48482957497820506,0.7490214030526443,1,11.904761904761907,21.29032258064516,감소형,5411390.773978,-8.699,6107284.368465,17649365.554316,1820695.899841,1336199.940635,705149.893797,0.3460342157722217,0.8805932386286914,1.343762968765782,1,11.22778675282714,22.836752899197155,감소형,,0.0,,4.1,시동,4.1
2026-09-29T10:54:00+09:00,PYTH,KRW-PYTH,PYTHUSDT,109.0,-1.8018018,2643451539.486393,1790646844446,False,False,,2667062232.7613816,3991614836.613909,3468921211.4411983,3047857447.5176573,2924728495.8141713,0.6681662289400281,0.7614091251583872,0.7686692994560191,1,11.00000000000001,29.220023282887063,감소형,5702428.824075,-3.576,5875734.123815,10497146.137928,5981839.472423,6176793.668346,5268351.977541,0.5597458629812687,0.7780444077692653,0.8225405225849708,1,9.253530598520499,29.781115194120456,감소형,,0.0,,2.7,시동,2.7
2026-09-29T10:54:00+09:00,2Z,KRW-2Z,2ZUSDT,88.2,-4.23452769,3635948188.1156816,1790646808271,False,False,,4444744136.350129,11479689720.476973,46377199389.2875,1816024776.7233481,4426320467.1560545,0.38718329890238995,0.22345535923409562,0.3413263547955749,1,15.849056603773581,29.901269393511964,감소형,3414053.73449,0.401,3628614.58169,3276419.57963,14791129.08431,2270920.13317,3842032.20728,1.1074938644151835,0.535234183736429,0.7224481033478963,2,14.98216409036861,31.56462585034012,중립,,0.0,,0.9,시동,0.9
2026-09-29T10:54:00+09:00,EDGE,KRW-EDGE,,158.0,3.9473684199999997,5638422712.19769,1790646838770,False,False,,5858490507.236139,22661913821.031116,50292055955.15759,14228712507.995514,993838171.4625647,0.2585170234739503,0.20159360851526334,0.3238808892044813,1,14.28571428571428,32.17391304347825,감소형,,,,,,,,,,,,,,NO_DATA,,0.0,,0,시동,0
2026-09-29T10:54:00+09:00,HBAR,KRW-HBAR,HBARUSDT,164.0,-1.20481928,101362973882.68105,1790646841170,False,True,거래량급등,98265617186.31361,8487655595.480886,8031553194.968876,10266904064.419823,7837796522.098043,11.577474613677014,11.00558536269096,10.027321329418111,3,27.692307692307683,32.800000000000004,가속형,206092271.93781,23.406,200128977.21502,11052489.19023,8082551.50232,17135320.24943,14905687.12617,18.107140732779612,16.553100549660115,13.274820194112724,3,27.547288117880676,34.86187845303868,가속형,,0.0,,53.0,이미 발동,53.0
2026-09-29T10:54:00+09:00,SOON,KRW-SOON,,399.0,-5.67375887,80599670781.73917,1790646844079,False,False,,100084561806.51474,111059257121.1353,2942006336.9793057,307195966.51245296,252653347.67808473,0.9011816250251866,2.6266969822782547,4.342496568533323,1,54.379562043795616,60.22727272727273,중립,,,,,,,,,,,,,,NO_DATA,,0.0,,35.0,이미 발동,35.0
2026-09-29T10:54:00+09:00,ARK,KRW-ARK,ARKUSDT,323.0,-0.30864198,5348754381.771475,1790646839764,False,False,,5848018396.910383,26498691902.278065,55885811049.05972,52682106069.79903,12628264103.34839,0.22069083328628894,0.12989187570397692,0.19353051372958271,1,-5.263157894736848,47.94520547945205,감소형,1992721.7745,0.127,1982323.413,2379822.6635,8592370.0907,13545476.7111,4416067.3941,0.8329710626776708,0.2425585452735131,0.33397136390534754,1,-5.667060212514752,51.03969754253308,중립,,0.0,,6.0,이미 발동,6.0
2026-09-29T10:54:00+09:00,RVN,KRW-RVN,RVNUSDT,3.19,-0.3125,4920665625.419502,1790646842281,True,True,거래량급등,5840504512.602642,815590032.0764959,729312151.3701749,1294438833.3449526,1992025259.1813576,7.1610788299272015,6.170978911721831,4.326890982624832,3,-5.88235294117646,-0.6211180124223614,가속형,936236.4137526,-7.827,967428.7159794,457867.6334544,441414.0288915,813387.625776,773755.9670804,2.112900422073071,1.6945981153902892,1.301146476957165,3,-6.774847870182555,1.0998680158381013,가속형,,0.0,,18.0,유의종목,18.0
2026-09-29T10:54:00+09:00,ICX,KRW-ICX,,18.9,0.53191489,2533213396.1483436,1790646829473,True,False,,2368889209.262423,573091450.0530171,490681587.1460156,1806613109.393738,820791151.5531006,4.133527396095816,2.47585769469487,2.46441413532533,3,-4.568527918781717,-3.589743589743588,가속형,,,,,,,,,,,,,,NO_DATA,,0.0,,14.7,유의종목,14.7
2026-09-29T10:54:00+09:00,SOPH,KRW-SOPH,SOPHUSDT,5.08,-0.19646365,4273313272.460422,1790646800344,True,False,,4316474424.770483,1608623818.9112577,1412164280.628409,1791869991.560728,4613225693.404075,2.6833336508046624,2.690700862015863,1.730603529041372,3,-5.565862708719848,-1.3565891472868241,가속형,883044.49498,-5.42,897236.45195,331077.18013,607166.49403,566674.12096,957325.82572,2.7100522349432032,1.788608895833654,1.1349380015019628,2,-9.375,-7.199999999999996,고수준 유지형,,0.0,,13.2,유의종목,13.2
2026-09-29T10:54:00+09:00,EGLD,KRW-EGLD,EGLDUSDT,8500.0,15.88275392,78167909606.51453,1790646843353,True,True,"거래량급등,글로벌가격차이",64963389785.34979,1194750422.935048,2725265739.736606,8669285212.33961,92211240860.45322,54.37402535146999,15.48061830840673,3.024479959369077,2,4.860614724803436,23.277310924369754,일회성 폭증형,573970.9985,-4.065,600079.5049,471722.15588,489103.46102,739418.72465,990387.58821,1.2721037106695758,1.058811648835627,0.5245573422301941,2,-1.776814734561205,9.49275362318842,중립,,0.0,,0,유의종목,0
2026-09-29T10:54:00+09:00,MANTRA,KRW-MANTRA,MANTRAUSDT,7.28,3.8516405099999997,18315652315.79619,1790646838755,True,True,글로벌가격차이,15619143366.397055,1633788795.185256,4180910332.930153,38492457450.42491,2991482478.067636,9.560074969559325,1.0575589524940547,1.6245056755548046,2,-6.781914893617014,11.980830670926522,일회성 폭증형,910657.97313,-6.397,929807.34193,509941.64063,835752.80688,2186291.42177,1886172.0057,1.823360298212327,0.7897602450936836,0.7580558895067154,2,-5.063291139240523,4.166666666666652,중립,,0.0,,0,유의종목,0
2026-09-29T10:54:00+09:00,SAND,KRW-SAND,SANDUSDT,57.6,-2.04081633,3576316276.97655,1790646830525,True,False,,3579969741.9514084,1340190107.479589,2235041380.468845,5942227861.32193,2029361352.03652,2.6712402382107054,1.1284428786845913,1.0233328894110554,2,-4.700162074554304,5.565529622980248,중립,1515208.68242,-6.051,1544738.28348,1293294.2342,1801513.63781,4095841.40309,1953205.61442,1.1944213796294676,0.6444779425534631,0.5902848547590305,2,-4.725274725274719,7.488222167121261,중립,,0.0,,0,유의종목,0
2026-09-29T10:54:00+09:00,ZIL,KRW-ZIL,ZILUSDT,4.48,1.35746606,2154387959.3489943,1790646752084,True,False,,1994243487.304348,464567523.5296199,753082291.889733,6935308182.743683,2069883485.6802201,4.292688115933698,0.733811024570595,0.8597030544039188,2,-6.947368421052635,-1.118568232662187,일회성 폭증형,482719.0104849,-6.107,457823.2343961,410873.6653161,587220.3951316,852608.2694845,409336.4625708,1.1142676521842303,0.7421343135384806,0.6431797933664066,2,-7.285974499089254,-1.465707964601759,중립,,0.0,,0,유의종목,0
