scan_time_kst,coin,upbit_market,binance_symbol,upbit_price,upbit_price_24h_pct,upbit_24h_trade_krw,upbit_timestamp_ms,warning,caution_any,caution_types,upbit_D1_trade_krw,upbit_D2_trade_krw,upbit_D3_trade_krw,upbit_D4_trade_krw,upbit_D5_trade_krw,upbit_d1_vs_prev_x,upbit_d1_vs_3davg_x,upbit_d1_vs_5davg_x,upbit_rise_streak,upbit_price_3d_pct,upbit_price_5d_pct,upbit_supply_pattern,binance_24h_quote_usdt,binance_price_24h_pct,binance_D1_quote_usdt,binance_D2_quote_usdt,binance_D3_quote_usdt,binance_D4_quote_usdt,binance_D5_quote_usdt,binance_d1_vs_prev_x,binance_d1_vs_3davg_x,binance_d1_vs_5davg_x,binance_rise_streak,binance_price_3d_pct,binance_price_5d_pct,binance_supply_pattern,overseas_lead,overseas_lead_score,overseas_lead_reason,raw_signal_score,state,score
2026-10-11T10:12:50+09:00,WIF,KRW-WIF,WIFUSDT,293.0,-1.34680135,155547550.68640622,1791681081804,False,True,입금량급등,657356678.7419877,104755094.78171328,78003657.53685576,43222474.08682392,57102480.12241533,6.275176210873327,8.726698529762915,8.67843522507006,4,-6.0126582278481,-12.903225806451612,연속 가속형,1027381.114529,-1.962,1185465.506612,1498454.086511,3315649.687378,3431619.918371,2535721.60531,0.7911256789804201,0.43130192722492955,0.4018646959666585,1,-6.600517687661778,-13.813694267515919,중립,,0.0,,79.0,발사 전,79.0
2026-10-11T10:12:50+09:00,STRAX,KRW-STRAX,STRAXUSDT,15.0,-0.66225166,1677771712.79835,1791681170181,False,True,거래량급등,1633345359.2689478,436935214.88296133,251274463.24470636,384219245.34722483,227907251.52057377,3.7381865860971177,4.569101010377181,5.123729308643699,3,2.0270270270270174,-1.9480519480519543,가속형,1254525.13231,1.769,1232464.75313,154707.52082,160569.94924,133976.30065,107533.59046,7.966417835393764,8.23007952397738,8.805063682165228,2,2.2284122562674202,-2.995594713656391,일회성 폭증형,,0.0,,67.3,발사 전,67.3
2026-10-11T10:12:50+09:00,OP,KRW-OP,OPUSDT,189.0,0.0,2038578815.8135042,1791681150915,False,False,,1967988698.9243598,891945930.9603106,629521378.3497838,1125317107.8764124,530473354.71556073,2.2063990995570006,2.2306184283225114,2.7386579674174842,3,12.5,1.0695187165775444,가속형,16389050.434684,1.91,17174461.973493,8625235.864853,10842473.696929,9571489.968289,4830100.700139,1.991187515633893,1.774270184931403,2.1188263929751034,2,13.160032493907403,0.5050505050505194,고수준 유지형,,0.0,,59.9,발사 전,59.9
2026-10-11T10:12:50+09:00,ALT,KRW-ALT,ALTUSDT,10.9,-1.8018018,975495211.08011,1791681103677,False,False,,1050861903.2150027,317069656.8070259,507807101.11488813,524834522.9648417,232461906.20442328,3.3142935019309507,2.3357482109609173,2.930284730682458,2,8.823529411764719,1.83486238532109,고수준 유지형,3053173.35489,2.152,3079968.1895,1092547.7608,639491.84353,835904.38148,369075.27671,2.819069609592851,3.598172164018399,4.661379822794066,3,9.42126514131898,1.4981273408239737,가속형,YES,9.0,Binance D2 선행→Upbit D1 확산,58.8,발사 전,58.8
2026-10-11T10:12:50+09:00,KITE,KRW-KITE,KITEUSDT,173.0,-0.57471264,1623523161.5758986,1791681083960,False,False,,1729149589.053655,1000424269.1486764,854993498.4231548,1040434126.6368511,1014947297.7407923,1.728416275351953,1.7913377329604359,1.6821127791595083,3,-5.94594594594594,-8.900523560209429,가속형,1804124.6647,5.128,1820052.40525,1512001.88772,1661350.99607,1367667.22814,804358.12833,1.2037368604046652,1.2024076267368378,1.3888922889718613,2,-5.834564254062036,-9.57446808510637,중립,,0.0,,55.7,발사 전,55.7
2026-10-11T10:12:50+09:00,MVL,KRW-MVL,,1.47,0.6849315100000001,202863943.68571553,1791680520932,False,False,,177982992.01880255,48489149.71406859,58538621.69392621,88044006.42112328,42856169.5827735,3.6705735833343094,2.7371923401659073,3.004418544475369,2,2.8169014084507005,-2.0134228187919434,고수준 유지형,,,,,,,,,,,,,,NO_DATA,,0.0,,55.4,발사 전,55.4
2026-10-11T10:12:50+09:00,GMT,KRW-GMT,GMTUSDT,11.9,0.0,2432348300.647608,1791681172465,False,True,입금량급등,3517086048.1304326,3258207779.546177,809206933.5612224,946145922.3395724,334027857.2807688,1.0794541926421628,2.1045438385229835,2.9675613403483725,3,6.25,-1.6528925619834656,가속형,3346331.982535,-8.473,4257393.65776,4648295.524713,766988.62673,657535.621435,264032.086356,0.9159042567593342,2.103171418049028,3.092178696441831,1,6.934306569343063,-2.2246941045606317,중립,,0.0,,54.5,관찰,54.5
2026-10-11T10:12:50+09:00,TRAC,KRW-TRAC,,562.0,-2.09059233,1170255734.28783,1791681170161,False,False,,2479779084.702627,1843997093.0713675,873589497.7496886,1412192461.030086,1394335353.6403844,1.344784703848041,1.8013886846496678,1.6681632259737398,3,3.6101083032491044,-3.204047217537942,가속형,,,,,,,,,,,,,,NO_DATA,,0.0,,54.5,관찰,54.5
2026-10-11T10:12:50+09:00,BIGTIME,KRW-BIGTIME,BIGTIMEUSDT,11.6,-0.85470085,760059798.618837,1791681142201,False,False,,898976042.934719,481952834.524713,411496177.8184025,697312632.840589,470725544.6044369,1.8652780490880636,1.695369093773134,1.5644429448942965,3,3.539823008849541,-6.400000000000006,가속형,487858.19563,1.061,545797.07008,252231.77185,264413.10787,318149.14394,252446.03874,2.1638712128802737,1.9614313996417476,1.7806507238833589,2,4.227053140096637,-6.803455723542107,고수준 유지형,,0.0,,53.1,관찰,53.1
2026-10-11T10:12:50+09:00,AI,KRW-AI,AIUSDT,28.2,-1.05263158,716201846.1344981,1791681172134,False,False,,1115861484.1122968,376616902.9589412,545743327.000838,765842295.4986007,977009885.4520509,2.9628555578503817,1.98292823393802,1.8067746730045877,2,-0.34965034965035446,-1.384083044982698,고수준 유지형,1903424.16085,1.951,1922842.57499,730948.59235,561254.94974,621479.99585,1037069.5795,2.630612597266328,3.0143582314448807,2.391479347521283,3,5.970149253731338,2.898550724637672,가속형,EARLY,5.0,Binance 연속가속 우위,49.9,관찰,49.9
2026-10-11T10:12:50+09:00,ONG,KRW-ONG,ONGUSDT,121.0,-0.8196721299999999,2150045861.9346905,1791681046586,False,False,,2092433083.808172,711792268.1275293,1120897662.4964066,933542793.2814658,784926315.3949425,2.9396681834049905,2.2692592699005263,2.4660196697105023,2,4.2735042735042805,0.0,고수준 유지형,1287612.66729,-0.17,1284569.6044,408339.4108,728200.92014,639046.88336,492317.67751,3.145837924101741,2.1703855390281523,2.3247701239196408,2,3.328677839851024,-1.8897115703392697,고수준 유지형,,0.0,,49.0,관찰,49.0
2026-10-11T10:12:50+09:00,QTUM,KRW-QTUM,QTUMUSDT,1377.0,-0.7209805300000001,1287807971.4658904,1791680964694,False,False,,855009334.1882447,267569127.01036474,270442946.412922,487879190.66604596,377440092.66306,3.195470806895911,2.5002922749728924,2.4640788209129756,2,8.528951486697967,3.122676579925643,고수준 유지형,1107681.0024,5.556,958426.269,153689.7052,317417.0564,810851.5271,171271.0769,6.236112352175947,2.2428801563549654,2.9138757825290496,2,8.537886872998923,2.108433734939741,일회성 폭증형,,0.0,,48.7,관찰,48.7
2026-10-11T10:12:50+09:00,FIL,KRW-FIL,FILUSDT,1510.0,-1.04849279,10375362183.090845,1791681144771,False,False,,10290409759.619513,2578013233.3253455,5186574590.195422,4546647201.9199295,6171936742.425137,3.9916047080743833,2.507565586642146,1.9611728548035792,2,6.341463414634152,-4.8034934497816595,고수준 유지형,17795382.788726,2.048,17832320.576941,8792766.008059,20320653.783911,16970815.680756,16056821.143757,2.0280672271497733,1.1608516704694831,1.064588059785759,2,6.16990982439487,-5.579942596657106,중립,,0.0,,47.6,관찰,47.6
2026-10-11T10:12:50+09:00,IQ,KRW-IQ,IQUSDT,1.16,0.8695652200000001,1012576034.1235284,1791681120289,False,False,,949539174.7796657,165673300.52683288,215368744.27024317,373967351.18126345,264541535.85876778,5.731395292785128,3.772956389036411,3.88966622678984,2,1.7699115044247815,-5.737704918032794,일회성 폭증형,639187.731365,1.914,590546.093678,47236.908472,52306.97827,62128.313892,53528.573952,12.501793889158733,10.95821219780824,11.585102362366749,2,2.0531400966183666,-6.526548672566368,일회성 폭증형,,0.0,,43.7,관찰,43.7
2026-10-11T10:12:50+09:00,AHT,KRW-AHT,,1.58,0.63694268,237888551.19748485,1791680859345,False,False,,210978500.92159563,85344494.00409797,102782240.3622308,155662183.0800351,110574687.44827516,2.4720809864015965,1.8410584828219025,2.12372294218435,2,4.666666666666663,0.6410256410256387,고수준 유지형,,,,,,,,,,,,,,NO_DATA,,0.0,,43.1,관찰,43.1
2026-10-11T10:12:50+09:00,META,KRW-META,,11.8,0.85470085,491141716.91626465,1791681147353,False,False,,370221283.3367808,19880534.80441046,29900802.5152239,70993493.80937319,108279999.23816709,18.622300002444998,9.19615320201913,6.179535740707869,2,4.464285714285721,-1.6806722689075682,일회성 폭증형,,,,,,,,,,,,,,NO_DATA,,0.0,,42.8,관찰,42.8
2026-10-11T10:12:50+09:00,MINA,KRW-MINA,MINAUSDT,122.0,4.27350427,27204408991.37415,1791681173453,False,False,,24561558246.087116,9847607781.49822,17495454255.408142,14466987178.036215,8474394052.801973,2.4941649577305065,1.762367567649909,2.177440934117701,2,-7.874015748031493,-42.079207920792086,고수준 유지형,12707008.25065,10.037,12321269.53493,6420201.34873,12469290.9998,14319147.89594,12123599.97486,1.9191406726468647,1.113078052358537,1.2835647941379076,2,-7.800650054171177,-42.96246648793566,중립,,0.0,,41.6,관찰,41.6
2026-10-11T10:12:50+09:00,AWE,KRW-AWE,AWEUSDT,90.3,-0.33112583,730336600.7698109,1791681128533,False,False,,745607605.0937078,322559010.1037106,467511895.3453063,452597201.23516923,426993378.4401718,2.311538607630203,1.8000162740553813,1.6810906473438099,2,3.8990825688073327,-0.875273522975939,고수준 유지형,141801.21587,3.853,144293.04551,205059.8611,669078.23518,195453.96135,188309.02277,0.7036630412991145,0.40471423982819466,0.4446099998170696,1,4.270015698587137,-1.8326928761454253,감소형,,0.0,,41.4,관찰,41.4
2026-10-11T10:12:50+09:00,ANKR,KRW-ANKR,ANKRUSDT,6.63,0.45454544999999996,194117315.51361692,1791680154720,False,False,,209206476.65932363,159555804.57270578,151910796.78895962,251881464.14465764,191740403.52864486,1.3111806068076528,1.114088195925342,0.9277133206312076,3,2.0092735703245657,-3.790087463556857,중립,251736.030292,-1.018,267564.742288,473612.93585,371904.801432,368124.974444,305698.460177,0.5649439067955305,0.6613925326692206,0.6804282658588202,1,2.320675105485237,-4.527559055118113,감소형,,0.0,,40.8,관찰,40.8
2026-10-11T10:12:50+09:00,A,KRW-A,AUSDT,141.0,0.0,1243348021.9024208,1791681056294,False,False,,1280615202.1724477,1196860596.204244,663416154.813231,1335921969.7218146,2021708640.6675494,1.0699785808253905,1.202004613038802,0.9044890056071999,3,4.444444444444451,2.9197080291970767,중립,814415.19494,-1.816,833668.41847,1265227.21326,577736.64236,607003.74372,1268142.3234,0.6589080678417908,1.020831971852913,0.7649250752191951,1,5.086469989827069,1.5732546705998107,감소형,,0.0,,40.4,관찰,40.4
2026-10-11T10:12:50+09:00,HIVE,KRW-HIVE,HIVEUSDT,76.1,0.26350461,337572427.97330457,1791681167586,False,False,,228666425.70916954,216560852.20128435,204193319.02984864,790101723.3846264,1744330807.7718287,1.0558991774590616,0.5665408081819651,0.34599914897781436,3,1.3351134846461887,-2.941176470588236,중립,179853.5824,0.723,140746.8261,142242.8908,287543.0939,257891.2378,382721.8129,0.9894823235693126,0.614009690134822,0.5660427373446622,1,1.454545454545464,-3.626943005181338,중립,,0.0,,40.3,관찰,40.3
2026-10-11T10:12:50+09:00,DEEP,KRW-DEEP,,29.3,0.6872852199999999,970826382.9405805,1791681173455,False,False,,828934760.3133603,333683588.68622786,605961282.2606614,575631249.0110427,560387364.7250628,2.4841939742287753,1.6411558581211727,1.4383989921997735,2,-2.020202020202011,-9.907120743034048,고수준 유지형,,,,,,,,,,,,,,NO_DATA,,0.0,,39.8,관찰,39.8
2026-10-11T10:12:50+09:00,WLD,KRW-WLD,WLDUSDT,751.0,-0.66137566,36947032269.55928,1791681166605,False,False,,36309484384.75094,14566264701.945639,31419515596.031487,25410032188.84534,19913489705.704582,2.492710734544116,1.5256980677173155,1.5335495690951877,2,6.478873239436611,-2.9525032092426184,고수준 유지형,47796683.54658,8.084,47928205.9544,21168230.68832,47649912.91567,41423606.03701,23788639.23626,2.2641573903881045,1.3042664719258508,1.3788624338468256,2,6.527164522941042,-3.529207232267051,중립,,0.0,,37.6,관찰,37.6
2026-10-11T10:12:50+09:00,ZORA,KRW-ZORA,,9.98,-0.2,607937487.0560212,1791681098106,False,False,,737940850.9246771,269036457.9717064,684561860.728523,610971645.383033,711019836.3127749,2.7429027890423825,1.41497191151256,1.2989455053421781,2,1.9367991845055998,-4.761904761904767,고수준 유지형,,,,,,,,,,,,,,NO_DATA,,0.0,,37.1,관찰,37.1
2026-10-11T10:12:50+09:00,TREE,KRW-TREE,TREEUSDT,61.3,-1.2882447700000002,2076861111.9652026,1791681171805,False,False,,1990324023.5558507,728557632.4015709,1620428037.5449448,2199205781.941646,1310166761.4497654,2.731869017685085,1.3128233791013193,1.210659687275406,2,-0.9569377990430672,-1.5847860538827252,중립,569037.72868,2.041,559153.22518,257174.40191,877830.5032,1240747.33475,342062.73642,2.174218044359172,0.7060751737474318,0.8796019550645806,2,-0.8695652173912993,-2.145922746781115,중립,,0.0,,36.6,관찰,36.6
2026-10-11T10:12:50+09:00,O,KRW-O,,651.0,-0.4587156,7178339828.809216,1791681173117,False,True,"거래량급등,입금량급등",12524973702.524206,211732309.27749404,362920262.7403399,437779801.2186607,284969629.1471705,59.15475888051225,37.11351207335946,41.59383924281471,2,1.552795031055898,-4.525547445255473,일회성 폭증형,,,,,,,,,,,,,,NO_DATA,,0.0,,36.5,관찰,36.5
2026-10-11T10:12:50+09:00,UP2,KRW-UP2,,96.9,-2.90581162,5958659776.807385,1791681172133,False,False,,8469170974.931605,1458721115.6857922,1771288549.0425787,6225714047.590167,1161635771.5392647,5.805887694269766,2.686998234909817,2.7658298328217463,2,1.8367346938775508,2.6748971193415683,일회성 폭증형,,,,,,,,,,,,,,NO_DATA,,0.0,,36.1,관찰,36.1
2026-10-11T10:12:50+09:00,GAS,KRW-GAS,GASUSDT,1904.0,-0.52246604,1281442083.9576366,1791681141230,False,False,,945236989.3242481,283730931.00146794,720760494.2792572,1190565799.5024104,567402194.2726518,3.33145556597549,1.2918619778821043,1.4056235503485877,2,4.305177111716629,-1.7957927142124186,중립,657710.2196,4.4,585846.8229,179967.5084,244144.0485,285339.3642,114237.4653,3.255292180841239,2.477324951491983,3.042012603773811,2,4.0059347181008675,-2.5712300208478256,고수준 유지형,,0.0,,35.9,관찰,35.9
2026-10-11T10:12:50+09:00,FF,KRW-FF,FFUSDT,148.0,0.0,719203152.1416786,1791681009817,False,False,,736949190.8356843,470945046.8834319,639379514.2662461,676164545.6173617,782979273.2715137,1.564830537474776,1.237537673267968,1.097579236239533,2,-1.9867549668874163,-6.329113924050633,중립,606059.167648,1.497,658726.006521,655588.086224,1035693.138746,768757.043919,835188.8692,1.0047864205633654,0.8033119015077271,0.8046568319991361,2,-1.6987645348837233,-6.860044758133932,중립,,0.0,,35.4,관찰,35.4
2026-10-11T10:12:50+09:00,MED,KRW-MED,,2.35,0.0,1645896232.8045583,1791681131802,False,True,거래량급등,1017300727.518475,73625988.24882305,243557761.17444053,226953474.0841302,150066135.60335013,13.817141904845498,5.608699516793773,6.092941338026798,2,4.910714285714279,-2.083333333333326,일회성 폭증형,,,,,,,,,,,,,,NO_DATA,,0.0,,35.3,관찰,35.3
2026-10-11T10:12:50+09:00,BREV,KRW-BREV,BREVUSDT,119.0,-0.8333333300000001,2018071154.1278121,1791681152555,False,False,,2042950167.9899352,222333556.66826412,411295291.9419185,1047585577.7817035,4502672613.151255,9.188672185180518,3.6454900741740297,1.4950081467987197,2,2.564102564102555,0.0,일회성 폭증형,2001160.66813,-1.02,2036078.16124,257457.47857,478907.88082,555574.62843,1216757.07496,7.908405584289181,4.7279552775720965,3.628545146503963,2,2.450408401400228,-1.1261261261261257,일회성 폭증형,,0.0,,34.6,관찰,34.6
2026-10-11T10:12:50+09:00,BABY,KRW-BABY,BABYUSDT,17.9,-1.10497238,276591546.76718664,1791681168247,False,False,,252203532.6876096,164658457.88155535,165804640.17634767,299666660.47586536,394916822.89172107,1.5316767564349991,1.2007218954765209,1.0134814038441993,2,1.1173184357541999,-2.162162162162151,중립,776723.0543,-4.7,776306.79208,839044.96044,1080226.96465,1144897.38349,787581.93479,0.9252266906804377,0.7600495082692642,0.8710383908754185,1,0.7598784194528863,-3.493449781659397,중립,,0.0,,34.3,관찰,34.3
2026-10-11T10:12:50+09:00,XCN,KRW-XCN,,6.42,0.46948357,495982114.8677505,1791681079106,False,False,,453622485.8499526,90961568.3947372,175298129.1511248,260267142.27499443,106763646.86824432,4.986968605042192,2.5846117512506566,2.6827136204684368,2,4.754098360655745,-1.388888888888895,일회성 폭증형,,,,,,,,,,,,,,NO_DATA,,0.0,,34.1,관찰,34.1
2026-10-11T10:12:50+09:00,NEO,KRW-NEO,NEOUSDT,3546.0,0.62429058,4625558707.123754,1791681171489,False,True,거래량급등,2735186515.9153247,263073590.20559424,463704191.83674246,754428945.8802983,299821707.7922236,10.3970395271443,5.539780094878531,6.212392047536662,2,6.4009661835748854,1.0900745840504822,일회성 폭증형,2842557.84103,6.084,2108677.35965,508071.91806,769364.95756,954709.55264,707612.95019,4.150352114916493,2.8340578372724683,3.2096870226875196,2,6.131687242798356,-0.19349845201237503,일회성 폭증형,,0.0,,34.0,관찰,34.0
2026-10-11T10:12:50+09:00,WCT,KRW-WCT,WCTUSDT,57.0,-0.69686411,720243515.6601884,1791681086045,False,False,,576465309.2110894,381424461.96138453,517129376.3165313,504459222.84918857,715427041.6047099,1.5113485544339598,1.2326299558779343,0.8330950850096925,2,2.499999999999991,-1.8803418803418848,중립,987238.826437,-0.286,952211.353856,474483.944078,496020.426491,371750.663071,534023.873225,2.0068357754576978,2.1282349404354437,1.9869293424200052,2,2.411105698977112,-2.774566473988438,고수준 유지형,,0.0,,34.0,관찰,34.0
2026-10-11T10:12:50+09:00,WAL,KRW-WAL,WALUSDT,51.3,4.05679513,26788257406.54579,1791681173103,False,True,거래량급등,14227712613.282467,659237493.8304064,1277891178.7304003,2079670409.9435294,1071918665.4721947,21.58207436081093,10.62615703776648,12.587168141982314,2,-2.5691699604743157,-1.2024048096192397,일회성 폭증형,7811155.436682,7.021,6442249.290709,399459.54008,717308.568437,1563301.735107,777112.541373,16.12741377867407,7.21128515292471,8.204823356015442,2,-2.99595141700405,-2.5488069414316805,일회성 폭증형,,0.0,,33.8,관찰,33.8
2026-10-11T10:12:50+09:00,RE,KRW-RE,REUSDT,605.0,-0.49342105,1074534193.0566382,1791681118972,False,False,,1161675627.4131234,846065034.96936,923964631.6426327,1491760279.4267168,1493360074.999261,1.3730334896243443,1.0684400099006288,0.5865926162018322,2,-3.797468354430378,-10.9809663250366,중립,442546.93442,-0.718,497939.87852,540190.55769,680360.82333,840863.39818,611846.14508,0.92178560219439,0.7246574782682629,0.5552305260356879,1,-3.6972972972972973,-11.784511784511785,중립,,0.0,,33.5,관찰,33.5
2026-10-11T10:12:50+09:00,LPT,KRW-LPT,LPTUSDT,2424.0,-1.10159119,11146194497.735987,1791681134084,False,False,,11011986736.535496,1428022520.4657075,6563626698.603452,4783202389.958473,5905880526.264743,7.711353692758473,2.5860151820676256,2.6638077736911834,2,6.472632493483932,2.1675698207586525,일회성 폭증형,8950230.34924,-2.317,9000984.89739,2220111.54085,4101605.92239,2682459.70141,4424508.19614,4.054293999095131,2.998936404559253,2.951204651442897,2,5.805687203791465,0.6764374295377573,일회성 폭증형,,0.0,,33.3,관찰,33.3
2026-10-11T10:12:50+09:00,ADA,KRW-ADA,ADAUSDT,338.0,-0.5882352900000001,14274772432.166426,1791681172466,False,False,,14283970559.965685,12012062182.971306,30063205662.49071,25323734778.160454,25760618559.084038,1.1891355824160743,0.6357944481641041,0.5556174524901784,2,-2.298850574712641,-7.103825136612018,중립,38715651.60888,0.486,39512837.42962,28385254.8007,69437697.81392,56967221.27278,59664672.74881,1.3920198253300717,0.7658012735038932,0.6538507180003363,2,-2.465753424657535,-7.840236686390522,중립,,0.0,,33.0,관찰,33.0
2026-10-11T10:12:50+09:00,AXS,KRW-AXS,AXSUSDT,1693.0,-0.1179941,4144261421.6244125,1791681160717,False,False,,4323477212.92093,2219796202.645146,4464002853.074791,8819840074.788776,6775750441.464645,1.9476910573002166,0.8366056207564215,0.5105890596609912,2,-0.5281690140845119,-2.865329512893988,중립,3666044.09748,2.988,3845071.9066,1929071.20599,2988701.75567,5876713.82847,3356032.0851,1.993224456754414,1.0686210418402928,0.918912928082832,2,-0.48038430744595795,-3.866976024748636,중립,,0.0,,33.0,관찰,33.0
2026-10-11T10:12:50+09:00,2Z,KRW-2Z,2ZUSDT,50.6,-0.97847358,3557362734.3578258,1791681170489,False,False,,3683503280.258607,2689702288.2704616,4818761999.560666,4125694427.1899996,3962888917.1224546,1.3694836400006118,0.9498331689861044,0.9344459506916944,2,-3.5849056603773577,-13.242784380305594,중립,1252005.78519,-0.509,1294064.92853,962774.81542,2920716.89943,3092482.39461,2569907.29574,1.3440992720249731,0.5565093454583527,0.4831499743384525,2,-3.6588508116464746,-14.026212922510927,중립,,0.0,,33.0,관찰,33.0
2026-10-11T10:12:50+09:00,AAVE,KRW-AAVE,AAVEUSDT,229500.0,-0.04355401,2496599379.480483,1791681154504,False,False,,2432806899.986192,2287907059.982372,2412534163.48732,3393453769.02237,2639000662.381107,1.06333292227567,0.9017192225410174,0.7931390428983317,2,-3.204047217537942,-7.754118119726794,중립,18303572.83195,0.113,17735120.28987,19185082.64193,32034855.56965,27194754.2917,17882237.90971,0.9244224078091262,0.6785126507686615,0.7083051149650359,1,-3.2801011029411797,-8.534332898739683,중립,,0.0,,33.0,관찰,33.0
2026-10-11T10:12:50+09:00,SEI,KRW-SEI,SEIUSDT,92.7,-0.85561497,2079773781.6660337,1791681125921,False,False,,2134230882.8842483,2043225922.6318674,3664934770.364898,3890214085.882729,3707146592.611032,1.044539842238864,0.6670600800816188,0.6038427704304664,2,-0.5319148936170248,-7.425742574257422,중립,5230566.819666,2.087,5413444.873182,4362823.583622,7957438.112306,6712353.417573,4950688.777366,1.240812233046512,0.853289709411805,0.8781375852591206,2,-0.5805515239477477,-7.432432432432423,중립,,0.0,,33.0,관찰,33.0
2026-10-11T10:12:50+09:00,CASHCAT,KRW-CASHCAT,,151.0,-0.65789474,1931816150.0129411,1791681169842,False,False,,2543007107.6741896,2201467251.79159,12055070466.050993,4766971368.957096,2888988659.0954967,1.1551419198285364,0.40103123394391577,0.536169963540249,2,-10.059171597633132,-28.971962616822434,중립,,,,,,,,,,,,,,NO_DATA,,0.0,,33.0,관찰,33.0
2026-10-11T10:12:50+09:00,G,KRW-G,GUSDT,5.87,-0.6768189499999999,1655721336.4057357,1791681047557,False,False,,1616730063.1448548,1170489061.959808,2337669044.8797956,2248588569.5945864,2147580869.32981,1.3812432048172096,0.8425227758048303,0.8673026141780394,2,-1.6638935108153063,-7.656249999999998,중립,633820.83522,2.138,610926.04809,328430.12806,810632.05526,997579.06523,669877.98106,1.8601400903707337,0.8577846868367761,0.9570214624363618,2,-1.8181818181818188,-8.668076109936573,중립,,0.0,,33.0,관찰,33.0
2026-10-11T10:12:50+09:00,TAO,KRW-TAO,TAOUSDT,387400.0,-0.3600823,1648552727.672539,1791681088485,False,False,,1633908388.05854,1305991738.661234,3780094494.877503,3886537471.578123,1896158423.300406,1.2510863121794722,0.5462978639548086,0.6183784945111216,2,-2.114803625377648,-5.92789741108154,중립,16293978.33974,2.861,16463810.15607,18443965.34661,56010817.26088,43444840.52554,22380237.36631,0.892639399753375,0.41892780617695474,0.4640062526425347,1,-2.1619766643788507,-6.799607714939504,중립,,0.0,,33.0,관찰,33.0
2026-10-11T10:12:50+09:00,ETHFI,KRW-ETHFI,ETHFIUSDT,929.0,-0.42872454000000004,1400671902.444487,1791681159427,False,False,,1271775360.9563508,1182145001.8721757,2449319032.287346,1502981150.0102217,2501520852.6045766,1.07582010577571,0.7430843929607562,0.764275068725766,2,-5.757575757575761,-6.886227544910184,중립,4433418.67398,-0.029,4481023.9403,5956912.24436,13816468.59517,8328572.77198,7822569.04126,0.7522393744414533,0.4783678745876936,0.5546910784642034,1,-4.94322902243145,-7.354925775978405,중립,,0.0,,33.0,관찰,33.0
2026-10-11T10:12:50+09:00,CRO,KRW-CRO,,82.5,-0.36231884,1054407300.3553526,1791681109854,False,False,,1015092048.9781108,679793112.6717507,1284402249.4022543,1302324396.6992579,1606302694.8392982,1.4932367363778585,0.9322693177518026,0.779483494861635,2,-4.166666666666674,-11.2540192926045,중립,,,,,,,,,,,,,,NO_DATA,,0.0,,33.0,관찰,33.0
2026-10-11T10:12:50+09:00,VVV,KRW-VVV,,30860.0,-0.73978771,1050194174.26996,1791681102228,False,False,,1145927124.3283505,1003583931.893892,3250339249.475979,729094869.1728216,1097073661.397349,1.141834865934769,0.6898994420882438,0.805200316346306,2,-10.91690544412608,-19.871134020618552,중립,,,,,,,,,,,,,,NO_DATA,,0.0,,33.0,관찰,33.0
2026-10-11T10:12:50+09:00,CHZ,KRW-CHZ,CHZUSDT,21.1,-0.47169811,572196996.4334385,1791680927211,False,False,,620665908.4503136,536065143.53037435,1513236382.5666997,1867558309.1486568,1350831784.819856,1.1578180673393206,0.475380228977258,0.43846769205495,2,-0.9345794392523366,-7.826086956521738,중립,995556.64312,-0.708,1003588.77105,766083.29875,1670069.59283,1552723.56053,1115640.89568,1.3100256495442886,0.754790565538171,0.7909737238301534,2,-1.840101522842641,-9.106933019976504,중립,,0.0,,33.0,관찰,33.0
2026-10-11T10:12:50+09:00,ICP,KRW-ICP,ICPUSDT,4181.0,-2.1530540599999997,495339344.89483815,1791681153222,False,False,,459469263.5455111,401668936.31714636,759346593.4370303,921938029.705828,712632346.8636924,1.1439004164930675,0.6617563720402286,0.6324210361249687,2,-3.60929393187458,-11.987641606591149,중립,7625962.15737,-0.098,6253571.49341,9412880.65796,11494450.79537,11157495.5042,8359577.9153,0.6643631976914175,0.585087033373941,0.5656430839696763,1,-3.4855027760641533,-12.841225626740949,감소형,,0.0,,33.0,관찰,33.0
2026-10-11T10:12:50+09:00,THETA,KRW-THETA,THETAUSDT,306.0,-0.32573290000000005,409461781.54221785,1791681104708,False,False,,429854699.8229115,217225260.9314284,309818177.8161211,662208556.6158218,844212007.5938426,1.978843058950699,1.08434890544347,0.9330984586640947,2,1.9933554817275656,-2.2292993630573243,중립,825154.60736,-3.284,925886.14036,601570.18452,1150168.72213,1140733.37205,1037592.48797,1.5391157410814427,0.9603059782230301,0.991638889802994,2,1.623083859332719,-3.137086377309839,중립,,0.0,,33.0,관찰,33.0
2026-10-11T10:12:50+09:00,PRL,KRW-PRL,,155.0,0.0,396266398.3881011,1791681165600,False,False,,433420723.59097934,318213355.0384822,1011658977.861188,1018424169.1551036,315449309.582448,1.3620444168302266,0.5537044277139623,0.6917913427353745,2,0.0,-0.6410256410256387,중립,,,,,,,,,,,,,,NO_DATA,,0.0,,33.0,관찰,33.0
2026-10-11T10:12:50+09:00,BSB,KRW-BSB,,139.0,0.0,384571182.11293393,1791681082193,False,False,,431373018.0225365,356150297.34333354,528958044.4857361,496004875.074802,184179418.9326748,1.2112106075449582,0.9370115630119866,1.2139805288861603,2,2.9629629629629672,-0.7142857142857117,중립,,,,,,,,,,,,,,NO_DATA,,0.0,,33.0,관찰,33.0
2026-10-11T10:12:50+09:00,IN,KRW-IN,,45.1,-1.09649123,312446827.1887542,1791681157793,False,False,,331893573.02058536,328022924.8012916,733057591.865825,889608951.1260549,967193625.3037552,1.0117999320371847,0.5104250243316157,0.46926748683652225,2,-2.145922746781115,-8.064516129032262,중립,,,,,,,,,,,,,,NO_DATA,,0.0,,33.0,관찰,33.0
2026-10-11T10:12:50+09:00,IRYS,KRW-IRYS,,19.8,-0.50251256,284254679.59050965,1791681056958,False,False,,284630397.26862127,222773085.32382858,267962323.5417302,783784605.7732214,373310827.492818,1.2776695930519404,0.669970798416901,0.6538364381314468,2,-2.450980392156865,-8.715596330275243,중립,,,,,,,,,,,,,,NO_DATA,,0.0,,33.0,관찰,33.0
2026-10-11T10:12:50+09:00,TAIKO,KRW-TAIKO,,115.0,-0.8620689699999999,245584088.91525507,1791681061207,False,False,,231606942.37920824,107909278.13517693,284903876.13615227,358836975.59327465,190619476.22197926,2.1463116645917735,0.9243939427813097,0.8805730671423623,2,-1.6949152542372836,-7.936507936507942,중립,,,,,,,,,,,,,,NO_DATA,,0.0,,33.0,관찰,33.0
2026-10-11T10:12:50+09:00,MEW,KRW-MEW,,0.65,-0.30674847,240119003.5851023,1791680429936,False,False,,249073343.07111898,133712578.35823081,443352352.005334,604472471.9203143,286540937.91166466,1.8627517779503429,0.6324133521029477,0.6146242541193285,2,-2.2488755622188883,-9.944751381215466,중립,,,,,,,,,,,,,,NO_DATA,,0.0,,33.0,관찰,33.0
2026-10-11T10:12:50+09:00,ZETA,KRW-ZETA,,64.1,-0.46583851,222098413.7014575,1791680991060,False,False,,245269004.58403224,170493630.54655042,394925522.79318213,541576836.2629367,617474333.3590978,1.438581627933987,0.6646880572857339,0.5513626869708736,2,-0.3095975232197956,-6.3953488372092915,중립,,,,,,,,,,,,,,NO_DATA,,0.0,,33.0,관찰,33.0
2026-10-11T10:12:50+09:00,NCT,KRW-NCT,,13.2,-0.7518796999999999,208834265.185186,1791681170167,False,False,,277810684.8937644,203128935.59936002,297865802.88859975,347188745.3980149,464866452.381758,1.3676568730793843,0.9826082097978406,0.8108425959891556,2,0.0,-2.9197080291970656,중립,,,,,,,,,,,,,,NO_DATA,,0.0,,33.0,관찰,33.0
2026-10-11T10:12:50+09:00,RED,KRW-RED,REDUSDT,204.0,-0.97087379,173978769.19934404,1791680645454,False,False,,185935398.37016416,102814668.0488992,501690013.2801277,594904548.19537,433943342.23311085,1.8084520613511321,0.46506745269225586,0.45672773884778767,2,0.0,-11.587982832618026,중립,291000.20037,-0.067,288327.15247,291984.22091,393017.44091,517196.47979,324156.06812,0.9874751161942849,0.7194999122620543,0.705020179106864,1,0.0,-12.354312354312347,중립,,0.0,,33.0,관찰,33.0
2026-10-11T10:12:50+09:00,XTZ,KRW-XTZ,XTZUSDT,406.0,-1.2165450100000001,159533913.87080356,1791680529451,False,False,,157925240.28763312,134025279.24384655,316881178.03611314,338552018.55874515,240941208.65462336,1.178324277170897,0.6001274739112397,0.5305261912742031,2,-3.5211267605633756,-9.868421052631582,중립,712200.85065,0.506,732664.75,719283.7868,1279542.58015,977464.05534,450380.78388,1.0186031764451833,0.7385012677320757,0.8440080136830534,2,-3.8080000000000114,-10.69518716577541,중립,,0.0,,33.0,관찰,33.0
2026-10-11T10:12:50+09:00,1INCH,KRW-1INCH,1INCHUSDT,133.0,-0.74626866,141457061.62025636,1791680445654,False,False,,137972238.97759536,116641649.60752513,253603125.96378303,356009628.36286,288782008.8781611,1.1828728369484076,0.5699335035912647,0.5345611466523216,2,-0.7407407407407418,-8.21917808219178,중립,367363.48717,0.307,390394.50119,436331.71689,852280.15734,811423.80146,650282.90219,0.8947195128801951,0.5576969558791849,0.5797001953046849,1,-0.8088978766430666,-8.403361344537807,중립,,0.0,,33.0,관찰,33.0
2026-10-11T10:12:50+09:00,WET,KRW-WET,,82.3,-0.72376357,101069864.18869855,1791681137963,False,False,,102582105.79148842,70267167.75630954,143026966.74829367,148874289.0095095,163674168.6642376,1.4598867304179513,0.8497326033794144,0.7011775911109592,2,-1.7772511848341277,-6.749156355455566,중립,,,,,,,,,,,,,,NO_DATA,,0.0,,33.0,관찰,33.0
2026-10-11T10:12:50+09:00,ORCA,KRW-ORCA,ORCAUSDT,3276.0,-0.15239256,23294402908.401237,1791681170834,False,False,,24119318803.025517,13626770086.118925,35849787686.025314,68293445201.3841,121542238799.69038,1.7699952850598804,0.6144005653573835,0.4449374063976195,2,-15.807031049525278,0.5208333333333259,중립,6619387.4902,2.521,6841630.00478,5650112.04952,12457419.80336,30297720.22399,45109545.37658,1.2108839514715861,0.4240219631899743,0.3189290282145899,2,-15.831873905429072,-0.4968944099378869,중립,,0.0,,32.9,관찰,32.9
2026-10-11T10:12:50+09:00,LINK,KRW-LINK,LINKUSDT,17750.0,0.16930023,4406747878.698638,1791681149943,False,False,,4272566354.979769,4092870481.7207513,10055099983.556263,9000713949.70979,4943754112.396701,1.043904607795815,0.5537117719156833,0.6267247991449157,2,-2.476609796367635,-5.442902881536815,중립,14553124.22893,1.544,14594684.80908,15964577.66803,38964952.19612,24870303.2344,16193431.26943,0.9141917257420914,0.5486735087925336,0.6120602902027925,1,-2.356295962779531,-6.07766709975458,중립,,0.0,,32.9,관찰,32.9
2026-10-11T10:12:50+09:00,MIRA,KRW-MIRA,MIRAUSDT,68.0,-0.43923864999999995,911200809.964307,1791681123947,False,False,,901369150.0093542,680368503.6856174,2082834007.4777112,3473003688.8502293,7103847143.264991,1.324824922268677,0.43361418197207524,0.30307942733689375,2,0.14662756598240456,-4.60893854748603,중립,587900.639433,1.011,595083.364514,503415.870245,1104531.207904,1467217.092122,3809271.075472,1.1820909901477434,0.5805381419310287,0.39917217932551236,2,0.08012820512819374,-6.00188146754469,중립,,0.0,,32.9,관찰,32.9
2026-10-11T10:12:50+09:00,BERA,KRW-BERA,BERAUSDT,303.0,-0.6557377,566215929.912443,1791681107499,False,False,,574862318.2580405,418035189.7087111,1152135151.4704695,1427395434.791495,1182786022.8899927,1.375152935470833,0.5753291449344973,0.5021221184034833,2,0.328947368421062,-4.984423676012462,중립,485345.6554378,2.865,481407.1479754,494291.9415353,1370795.7871009,1022100.0805733,998899.5455104,0.9739328269850424,0.5002173531349253,0.48994670452435335,1,0.35890533871691943,-5.571971295905442,중립,,0.0,,32.9,관찰,32.9
2026-10-11T10:12:50+09:00,BIRB,KRW-BIRB,,82.1,-0.48484848,478942085.83159316,1791681136685,False,False,,515147833.0940753,272934608.5927416,529853906.7244401,678228208.5878501,424046808.7511292,1.8874404962792801,1.0435017203636423,0.8589163350068622,2,1.3513513513513375,-5.389908256880737,중립,,,,,,,,,,,,,,NO_DATA,,0.0,,32.9,관찰,32.9
2026-10-11T10:12:50+09:00,KAT,KRW-KAT,KATUSDT,6.3,-0.15847861,188951467.57724282,1791680671802,False,False,,194540874.3649136,141055461.13615066,477221412.0289623,342834355.84168637,313823038.0185973,1.3791800246368153,0.6072373368250513,0.6233231167349722,2,0.15873015873015817,-3.6641221374045796,중립,397477.29765,0.217,405860.87082,523908.81385,733398.53741,502059.73671,464165.22644,0.7746784556600375,0.6920571725965818,0.7754636867065446,1,0.0,-4.545454545454541,중립,,0.0,,32.9,관찰,32.9
2026-10-11T10:12:50+09:00,ASTR,KRW-ASTR,ASTRUSDT,9.5,-0.5235602100000001,143734508.88753256,1791680970955,False,False,,141979727.85485587,69532577.3388705,177335837.26361296,453432796.88731915,180398648.5328409,2.0419166567479667,0.6082228283718597,0.6425023323029019,2,0.31512605042018915,-8.173076923076916,중립,108931.816564,-0.387,115273.2367176,132513.258032,366485.84213,425916.8295605,188499.4314394,0.8698996495110187,0.37389312805603353,0.4055591221153084,1,-0.05720823798626151,-8.569933272275277,중립,,0.0,,32.9,관찰,32.9
2026-10-11T10:12:50+09:00,IOST,KRW-IOST,IOSTUSDT,1.19,1.70940171,1041509265.3264325,1791681154181,False,False,,742368700.7086478,390408060.05688274,427825600.76326084,1029177791.2581521,784391112.053039,1.9015199138062984,1.205527929157579,1.1356736757175105,2,3.539823008849563,-1.6806722689075682,중립,430127.736416,3.081,329608.28004,351678.161862,494884.798839,638336.23216,294428.36114,0.9372440935622829,0.6659205182910776,0.7693152348015138,1,3.855421686746996,-1.2600229095074411,중립,,0.0,,32.7,관찰,32.7
2026-10-11T10:12:50+09:00,KMNO,KRW-KMNO,KMNOUSDT,49.5,0.40567950999999997,272621234.30669403,1791680773820,False,False,,241570581.67364645,209165078.24059644,471385591.5670175,411762198.35557455,251463631.06740558,1.1549278861731158,0.663465355159278,0.7005449835973234,2,-3.710937500000011,-11.010830324909747,중립,367447.17701,3.207,367337.5045,647314.09966,769702.32313,710837.45415,518827.95991,0.5674795353491343,0.5178985857265583,0.5140307441773145,1,-3.413333333333324,-11.658536585365853,감소형,,0.0,,32.7,관찰,32.7
2026-10-11T10:12:50+09:00,BSV,KRW-BSV,,26560.0,0.22641508999999999,498179310.4989429,1791681102609,False,False,,503709158.2530256,372029019.9794317,696015419.7095098,846258949.473483,674056664.4252181,1.3539512543426695,0.7893876609706305,0.8141581879375993,2,0.5692599620493288,-2.5376976829716846,중립,,,,,,,,,,,,,,NO_DATA,,0.0,,32.6,관찰,32.6
2026-10-11T10:12:50+09:00,MASK,KRW-MASK,MASKUSDT,646.0,-0.61538462,206072769.26298615,1791681165283,False,False,,225249911.37297106,182132601.25989068,413147905.29738015,390342129.54245675,267611680.62028864,1.2367358167336278,0.6856069548006396,0.7088204138914731,2,1.2461059190031154,-1.6641452344931973,중립,361068.5749,0.212,396072.2402,318702.9874,496581.6214,412714.4335,466378.5397,1.242762872827718,0.9676039472917756,0.9543704137340928,2,1.4925373134328401,-2.857142857142858,중립,,0.0,,32.6,관찰,32.6
2026-10-11T10:12:50+09:00,AGLD,KRW-AGLD,AGLDUSDT,275.0,-0.72202166,188758272.0608272,1791681165272,False,False,,372233178.0287832,148236848.13877276,489812370.6628421,475702126.7815502,289815528.16449994,2.511070511161402,1.0026470796330582,1.0527732944174772,2,1.8382352941176405,-4.152249134948094,중립,250230.04165,-1.754,304749.9174,176558.54894,260972.76871,265185.96154,220812.16787,1.7260558564262063,1.3010207366095035,1.4632077306349256,2,1.9617706237424537,-4.924953095684803,중립,,0.0,,32.6,관찰,32.6
2026-10-11T10:12:50+09:00,LAYER,KRW-LAYER,LAYERUSDT,103.0,-0.9615384600000001,562828031.7506822,1791681151235,False,False,,596014413.385203,340131754.9787812,827223025.089354,742853140.0311446,537338992.6627241,1.7523045251167,0.9360463964900106,1.0284356448048575,2,1.9607843137254832,-1.8867924528301883,중립,1393023.397734,2.456,1380621.755415,144701.17923,532703.520447,399953.700836,245846.737181,9.541192150345408,3.8444637033254576,4.166168407314937,2,1.742627345844494,-3.1887755102040893,일회성 폭증형,,0.0,,32.5,관찰,32.5
2026-10-11T10:12:50+09:00,MOODENG,KRW-MOODENG,,59.1,-0.33726813,339634911.39605165,1791681019952,False,False,,332581343.875624,319507229.2831811,605344953.5351714,478919730.428063,425897612.0260003,1.0409196205725137,0.71075936354892,0.6451041004340462,2,1.3675213675213627,-5.573248407643316,중립,,,,,,,,,,,,,,NO_DATA,,0.0,,32.5,관찰,32.5
2026-10-11T10:12:50+09:00,TFUEL,KRW-TFUEL,TFUELUSDT,13.5,0.0,107804640.44399588,1791681129855,False,False,,86673516.77591497,76949619.3129474,190563317.77724436,291231846.86920637,397078691.2187239,1.1263670639281698,0.46536550817562455,0.37172865412759803,2,1.5037593984962294,-5.594405594405593,중립,72365.54904,0.614,67261.98447,67626.82189,104263.66134,220048.72233,452507.99263,0.9946051372842355,0.514839930651208,0.35609112703421963,1,2.3809523809523725,-6.433301797540214,중립,,0.0,,32.5,관찰,32.5
2026-10-11T10:12:50+09:00,LIT,KRW-LIT,,4942.0,-0.30260238,2254023347.9905877,1791681169843,False,False,,2232382835.3373036,1948165378.661079,3133043322.5207963,2250513760.582086,2918103430.1173406,1.1458897995977937,0.9134481755056264,0.5819817112628763,2,1.6195161951619408,-8.878676470588232,중립,,,,,,,,,,,,,,NO_DATA,,0.0,,32.4,관찰,32.4
2026-10-11T10:12:50+09:00,TOSHI,KRW-TOSHI,,0.157,-0.63291139,246568488.81472906,1791680830874,False,False,,257037864.10900387,161093002.423837,273068770.655172,522919245.359014,391955934.4539035,1.5955867743574308,0.8056931205108275,0.7454918452285875,2,1.9354838709677358,-6.508875739644971,중립,,,,,,,,,,,,,,NO_DATA,,0.0,,32.3,관찰,32.3
2026-10-11T10:12:50+09:00,HP,KRW-HP,,12.2,0.8264462800000001,120439804.42285334,1791680841058,False,False,,114131167.73692386,39433247.24078951,290468528.2002961,594230060.6492265,208576488.9579805,2.894287833817228,0.37050287614732785,0.42079562510199026,2,0.0,-8.333333333333325,중립,,,,,,,,,,,,,,NO_DATA,,0.0,,32.3,관찰,32.3
2026-10-11T10:12:50+09:00,POLYX,KRW-POLYX,POLYXUSDT,56.3,0.53571429,456557301.1141108,1791681058922,False,False,,311237750.4194929,190425089.37696314,366138440.0750109,646217498.6264638,743624589.316862,1.6344366776342718,0.7762952935416503,0.6621115970148039,2,1.0830324909747224,-2.9462738301559876,중립,240582.65323,1.985,226714.50173,239657.74449,368131.84342,271625.43427,426662.61806,0.9459928040817388,0.7734044655093316,0.7564336308628028,1,0.7371007371007376,-3.7558685446009377,중립,,0.0,,32.2,관찰,32.2
2026-10-11T10:12:50+09:00,ELF,KRW-ELF,,96.8,-0.71794872,111989888.83988607,1791681073346,False,False,,107158904.28886762,101206324.03354727,420044387.25891125,304665368.82917464,134279697.11682704,1.0588162875409568,0.38923653456324375,0.4552885987399241,2,2.4159663865546133,-5.339805825242716,중립,,,,,,,,,,,,,,NO_DATA,,0.0,,32.2,관찰,32.2
2026-10-11T10:12:50+09:00,ANIME,KRW-ANIME,ANIMEUSDT,4.38,0.0,188459601.3006051,1791680999136,False,False,,208683264.88464072,158247516.07628208,292820758.68183756,426549840.4969136,478194275.1345905,1.3187143157687635,0.7133510393321746,0.5766465386871181,2,2.576112412177989,-5.399568034557234,중립,133933.812244,0.0,136412.752131,112243.208473,190345.254795,141172.400622,133461.050365,1.2153319028100835,0.9222044792450251,0.9681815791616424,2,2.8662420382165488,-5.555555555555558,중립,,0.0,,32.1,관찰,32.1
2026-10-11T10:12:50+09:00,MOC,KRW-MOC,,29.4,0.34129693,160036686.066953,1791680318518,False,False,,115431276.50988688,38330395.95686559,88967264.88874352,212257897.97004688,185565841.74642247,3.011481452990607,1.0198443834567374,0.9759582081700641,2,2.447552447552437,-4.56026058631921,중립,,,,,,,,,,,,,,NO_DATA,,0.0,,32.0,관찰,32.0
2026-10-11T10:12:50+09:00,TRUST,KRW-TRUST,,77.7,-0.25673941,416832870.0599694,1791680992445,False,False,,385129640.2172921,343594435.4832569,718357273.9254576,571053775.2919148,289645611.31936264,1.120884392890755,0.7075229884262685,0.800635179407308,2,3.3156498673740042,-2.98879202988791,중립,,,,,,,,,,,,,,NO_DATA,,0.0,,31.8,관찰,31.8
2026-10-11T10:12:50+09:00,GAME2,KRW-GAME2,,1.35,1.5037593999999999,297153072.9423186,1791681154192,False,False,,258426100.41077048,81265802.63466834,503146721.61999243,285805363.62716436,131512719.68421786,3.1800104352937852,0.8909013616341493,1.226464967993864,2,3.100775193798455,-2.919708029197088,중립,,,,,,,,,,,,,,NO_DATA,,0.0,,31.8,관찰,31.8
2026-10-11T10:12:50+09:00,ARKM,KRW-ARKM,ARKMUSDT,180.0,0.0,231455279.45193434,1791681155821,False,False,,241431430.6735323,154825771.31754592,440014558.7684307,489257566.3052008,556515143.8094503,1.5593749581803094,0.6681078290361779,0.654121944861252,2,3.4482758620689724,-1.098901098901095,중립,749656.59843,1.925,731360.76972,619827.50576,946061.84276,1062642.01107,865980.79806,1.1799424241801657,0.8347179504459991,0.7794924212045076,2,3.6776212832550836,-1.7790956263899038,중립,,0.0,,31.8,관찰,31.8
2026-10-11T10:12:50+09:00,ARDR,KRW-ARDR,,38.4,-0.51813472,178855350.7645892,1791681156810,False,False,,193520694.7195594,176433966.9580238,259768781.44020984,438689158.8059133,368880508.2922272,1.096844887955168,0.6635815000437649,0.6310032096766356,2,3.4852546916890104,-5.1597051597051635,중립,,,,,,,,,,,,,,NO_DATA,,0.0,,31.8,관찰,31.8
2026-10-11T10:12:50+09:00,PUNDIX,KRW-PUNDIX,PUNDIXUSDT,159.0,0.63291139,104764991.0297772,1791680467636,False,False,,120348990.56478542,99321848.63602188,135087901.58510166,517678174.7734744,205075897.71458122,1.2117071139686526,0.4800595245521986,0.5367120461682322,2,1.9354838709677358,-5.952380952380953,중립,54287.58351,2.746,51686.22987,89915.90224,179845.00249,296002.61052,109750.12626,0.5748285740606945,0.274069793174066,0.2955851951396017,1,2.030008826125318,-7.223113964687,감소형,,0.0,,31.8,관찰,31.8
2026-10-11T10:12:50+09:00,PROM,KRW-PROM,PROMUSDT,7310.0,1.6689847,7365870952.387183,1791681169193,False,False,,7292971266.860771,3419314401.83491,25228598206.574333,25352109934.565525,9977567548.719543,2.1328753106023646,0.4051649012400031,0.5648677359318709,2,-2.3761031907671426,-13.58173076923077,중립,11093928.30426,-0.742,11148942.8723,2820591.32898,12336965.94292,9043958.63508,11707541.46487,3.952696995750799,1.3820137856428054,1.5206140263659964,2,-2.6388632589038563,-14.461738002594037,중립,,0.0,,31.7,관찰,31.7
2026-10-11T10:12:50+09:00,ESP,KRW-ESP,ESPUSDT,159.0,-0.625,935173984.0852761,1791681133432,False,False,,1214461808.849892,919229564.8562069,1269433891.9588006,2941612694.729678,4024164712.7940903,1.321173573262809,0.7101733549864916,0.5249098273204834,2,1.2658227848101333,3.8961038961038863,중립,811255.10774,0.394,950021.855,919512.76746,1507956.19571,2584096.15343,2587797.00172,1.0331796236220583,0.5686977019533515,0.5217907773586693,2,1.9556940117687827,3.6691597008359,중립,,0.0,,31.7,관찰,31.7
2026-10-11T10:12:50+09:00,AXL,KRW-AXL,AXLUSDT,74.4,-1.5873015899999998,401799741.10730636,1791681110248,False,False,,411304850.82795304,310775889.8726337,372325167.0918376,434372991.29602647,545378421.2870462,1.3234773488912523,1.104199739049526,1.052921899898997,2,6.779661016949157,0.0,중립,562831.417314,0.0,572571.610051,680032.24062,549045.194216,426153.37877,366290.363966,0.8419771532140508,1.037749428075759,1.1423188049909914,1,6.756756756756754,-1.073345259391767,중립,,0.0,,31.7,관찰,31.7
2026-10-11T10:12:50+09:00,ORBS,KRW-ORBS,,9.97,1.01317123,164893738.90462303,1791681140899,False,False,,159111898.38767964,79106335.69328429,138123964.58334196,327600127.2230467,152047372.8340687,2.011367319611385,0.8761179094817082,1.0377811399062777,2,1.8575851393188847,-0.8040201005025116,중립,,,,,,,,,,,,,,NO_DATA,,0.0,,31.7,관찰,31.7
2026-10-11T10:12:50+09:00,POKT,KRW-POKT,,11.4,1.78571429,214142209.0369087,1791681109509,False,False,,127205521.57818949,112769770.2290876,387517430.87872756,238984828.50737122,199796462.28692713,1.1280108252395673,0.5162058747619757,0.5352332415529885,2,-1.7543859649122862,-7.438016528925628,중립,,,,,,,,,,,,,,NO_DATA,,0.0,,31.6,관찰,31.6
2026-10-11T10:12:50+09:00,ME,KRW-ME,MEUSDT,101.0,1.0,639188497.0094029,1791681114749,False,False,,619263193.5958607,519204801.6382736,1226067869.5978856,1253542445.7701786,743020287.4893937,1.1927146891590135,0.6195078750443874,0.7028256876604817,2,2.0408163265306145,-5.660377358490565,중립,473880.5852775,2.717,447423.3953452,379405.3440497,818704.7786014,330003.0970586,389046.4703897,1.1792754170763342,0.8783839893032238,0.9974831551524882,2,2.478073228456057,-5.9176891615542075,중립,,0.0,,31.5,관찰,31.5
2026-10-11T10:12:50+09:00,PLUME,KRW-PLUME,PLUMEUSDT,25.5,-0.77821012,2095951549.488254,1791680883992,False,False,,2176913745.661797,1992425269.2690578,2531558561.139993,2495403456.1327753,1404443290.3864222,1.0925949290235717,0.9303862246647496,0.8861318694239976,2,4.471544715447151,-3.383458646616544,중립,2624649.14779,2.909,2647440.33294,3300268.23082,6188073.19696,3164330.22786,2400767.36873,0.8021894427296913,0.6277188893366774,0.6755862464739633,1,4.73537604456824,-4.568527918781717,중립,,0.0,,31.4,관찰,31.4
2026-10-11T10:12:50+09:00,POWR,KRW-POWR,POWRUSDT,83.0,-0.24038462,731462110.9923894,1791681034881,False,False,,722021207.7155545,151465100.886586,246798670.0879376,330222763.4206137,1210547688.498365,4.7669146456132445,2.973374964226548,1.1320580807571372,2,-3.0303030303030276,-8.370044052863435,일회성 폭증형,160154.0804,-1.935,158944.9062,95529.8614,56834.106,94066.9036,145670.6535,1.66382431493824,1.9349634104892646,1.2546700804416908,3,-2.86624203821656,-9.226190476190476,가속형,,0.0,,31.4,관찰,31.4
2026-10-11T10:12:50+09:00,HYPER,KRW-HYPER,HYPERUSDT,97.0,-0.41067762,357504463.1341073,1791681029703,False,False,,369875668.9339446,360006962.4608332,2114256239.2486703,548356671.4018991,253158392.2274443,1.0274125433731995,0.36710769246005587,0.5037025521403147,2,5.29729729729731,-0.5107252298263587,중립,503074.64796,-0.975,543555.59757,1214535.01848,2354909.7258,408486.7372,255405.44554,0.4475421369490556,0.4099283258904465,0.5918679440178463,1,5.3097345132743445,-1.6528925619834656,감소형,,0.0,,31.1,관찰,31.1
2026-10-11T10:12:50+09:00,VANA,KRW-VANA,VANAUSDT,1460.0,-1.41796084,237022863.12175456,1791680957763,False,False,,232052271.20689237,123668966.94076686,454537521.8811393,667459705.2822078,471852041.46536136,1.8763985577565094,0.5588630540956075,0.5704027775884063,2,5.559515324305053,-0.13486176668914274,중립,406354.80168,2.188,386362.12726,113946.23745,280863.46992,287329.82711,206959.41217,3.3907405448954555,1.6991925012286233,1.706541145898763,2,5.334626576139678,-0.9124087591240837,고수준 유지형,,0.0,,31.1,관찰,31.1
2026-10-11T10:12:50+09:00,INJ,KRW-INJ,INJUSDT,10570.0,1.43953935,1343674373.206979,1791681118321,False,False,,973101900.9608786,566457972.8057806,1612756609.9247963,2432291764.0843763,1114032783.0187428,1.7178713120426368,0.6330481806446876,0.7760869016030771,2,2.257114818449457,0.19230769230769162,중립,11963073.76232,11.518,10008427.76234,7414716.43211,16491433.11833,19818556.32309,15485926.1145,1.3498058697157633,0.6866891997825115,0.7444316628422271,2,2.4648359008707432,-0.4166124202577781,중립,,0.0,,31.0,관찰,31.0
2026-10-11T10:12:50+09:00,MBL,KRW-MBL,MBLUSDT,1.12,-3.4482758600000003,9216038384.952799,1791681087106,False,True,"거래량급등,글로벌가격차이",8707697558.788267,73782514.27293183,167440110.20242578,283406718.29628414,111080428.1442629,118.01844440509682,49.79342660926143,54.61872572827378,2,13.725490196078427,6.422018348623837,일회성 폭증형,4087680.620156,32.005,3976906.388466,270676.152958,448359.174097,559183.32857,397402.06358,14.692488957766015,9.333864055961797,10.572925283403045,2,36.48468708388815,27.329192546583858,일회성 폭증형,,0.0,,30.8,관찰,30.8
2026-10-11T10:12:50+09:00,QKC,KRW-QKC,QKCUSDT,3.78,2.1621621600000003,1076918867.149197,1791681128217,False,False,,254902456.27472353,166220433.691417,383347765.9929572,1110011356.198205,7283305260.966978,1.5335205823607818,0.46078379678369347,0.13956606563590318,2,1.3698630136986356,-1.5957446808510523,중립,114974.405065,2.81,43061.341633,44723.034357,111712.123333,113393.661015,458384.331351,0.9628448125693888,0.47876288944597517,0.27310546402971025,1,1.0849233071455355,-3.500000000000003,중립,,0.0,,30.8,관찰,30.8
2026-10-11T10:12:50+09:00,SIGN,KRW-SIGN,SIGNUSDT,17.5,-0.56818182,495006425.5075349,1791681018316,False,False,,549540545.3488923,496425703.27365154,569545809.9021331,682071152.0812212,275610165.7194334,1.106994544651854,0.9431243692237274,1.069837417289567,2,6.024096385542177,2.923976608187129,중립,306245.2111,1.183,549946.75381,554210.72217,513173.97381,701129.53946,352338.78702,0.9923062326486495,0.9328962291443053,1.0975992493928104,1,5.551020408163265,1.491365777080067,중립,,0.0,,30.6,관찰,30.6
2026-10-11T10:12:50+09:00,LINEA,KRW-LINEA,LINEAUSDT,3.92,-0.75949367,213374546.79325846,1791681111676,False,False,,261033745.74602473,216520573.75271225,351181548.26508796,504499897.53365654,328036276.85405445,1.2055840293687328,0.7303672469910806,0.7839526552958188,2,6.182795698924726,1.0230179028132946,중립,742406.186995,3.091,733826.998321,1045971.72416,676528.53903,759300.264919,639759.808445,0.7015744129319772,0.8870499341219865,0.9754288566231399,1,6.082814217662147,-0.2412129565816712,감소형,,0.0,,30.6,관찰,30.6
2026-10-11T10:12:50+09:00,COMP,KRW-COMP,COMPUSDT,33770.0,-0.32467532,136301728.0577489,1791680844236,False,False,,125042958.3422167,123856918.0567815,240703537.1592149,170214540.706736,49839225.6868628,1.0095758905036816,0.7014704836365443,0.8985088662125075,2,7.012002526847749,0.2366863905325367,중립,952908.80085,1.728,944515.56973,947607.53477,1581482.70217,1857790.8995,753657.64337,0.9967370826776398,0.6459137188953911,0.8057032648999959,1,6.658075601374569,-0.878243512974064,중립,,0.0,,30.5,관찰,30.5
2026-10-11T10:12:50+09:00,GRVT,KRW-GRVT,,316.0,-0.94043887,442851462.45941615,1791681110291,False,False,,411193927.9598794,398301904.82997906,1176048627.4144661,941731440.3666922,671993745.797889,1.0323674654164747,0.49027885311679764,0.5064601716299331,2,4.2483660130719025,5.629139072847678,중립,,,,,,,,,,,,,,NO_DATA,,0.0,,30.3,관찰,30.3
2026-10-11T10:12:50+09:00,HUNT,KRW-HUNT,,139.0,2.96296296,446682767.422075,1791681168873,False,False,,61147873.87912175,39006452.92938153,113225239.32833728,120761257.82837616,71683125.59805454,1.567634821597999,0.6719720109237687,0.6540470651294438,2,1.5037593984962516,-2.877697841726623,중립,,,,,,,,,,,,,,NO_DATA,,0.0,,30.1,관찰,30.1
2026-10-11T10:12:50+09:00,ZRX,KRW-ZRX,ZRXUSDT,178.0,-0.55865922,728862366.4859326,1791681150916,False,True,입금량급등,936470167.3369882,220690476.34142908,255825391.6956568,474772137.2072086,161939460.1698148,4.2433646565163965,2.9532701837121316,3.279801613560459,2,9.81595092024541,3.4682080924855585,일회성 폭증형,1041665.7743,3.557,1092327.7258,356554.7326,318432.0792,335030.8594,328171.071,3.063562549947766,3.244481033194818,3.4894559837815216,3,9.33333333333335,2.419984387197527,가속형,,0.0,,29.8,관찰,29.8
2026-10-11T10:12:50+09:00,AZTEC,KRW-AZTEC,,24.5,3.81355932,3958790019.517973,1791681169525,False,True,"거래량급등,입금량급등",3524543816.160023,228878754.5489503,612152304.7869427,504706041.3827877,350474372.5043437,15.39917421827035,7.857130076025474,8.52822972969293,2,11.848341232227488,0.42553191489362874,일회성 폭증형,,,,,,,,,,,,,,NO_DATA,,0.0,,29.7,관찰,29.7
2026-10-11T10:12:50+09:00,STX,KRW-STX,STXUSDT,546.0,-0.3649635,8758386545.888063,1791681153539,False,False,,8883166390.960676,8739079683.825743,9061909911.799988,14400511907.246675,3251062527.211712,1.0164876294012524,0.8275856071650841,1.0489878137782536,2,8.300395256916993,6.822612085769975,중립,3437137.46486,1.96,3513835.15515,3330439.65817,3148960.66418,6201435.32455,1406177.51495,1.0550664524217117,0.831294226893242,1.0643698320894326,3,8.277163655971954,5.907172995780607,중립,,0.0,,28.8,관찰,28.8
2026-10-11T10:12:50+09:00,CFG,KRW-CFG,CFGUSDT,195.0,-1.01522843,1648251124.722111,1791681170832,False,True,입금량급등,1924572475.9903307,1011859242.255249,1523837685.1497931,1780539543.0531776,1544522849.449775,1.9020160073853858,1.3376740286331077,1.2535468495578703,2,2.0725388601036343,-5.741626794258369,중립,1209912.95018,-1.655,1300777.70653,1325434.81446,2826268.40531,1955472.30014,1414150.47663,0.9813969667455539,0.6389751050822112,0.6355178810586489,1,1.9135364989369297,-7.345360824742264,중립,,0.0,,28.2,관찰,28.2
2026-10-11T10:12:50+09:00,SENT,KRW-SENT,SENTUSDT,28.7,0.7017543900000001,986167304.1882788,1791681165607,False,False,,1198565709.4907036,1580053132.6534343,669260690.2015527,517143928.2075914,1874747609.5468647,0.7585603830156733,1.2997477106205677,1.1834130610263003,1,-19.263456090651555,-15.43026706231455,중립,3923365.52655,-0.707,4163664.80674,3356331.0435,3142001.97428,2150907.41809,3479825.48036,1.2405405643175496,1.444172411766649,1.54514383020289,4,-19.622931896883422,-16.606786427145714,연속 가속형,,0.0,,27.8,관찰,27.8
2026-10-11T10:12:50+09:00,KAIA,KRW-KAIA,KAIAUSDT,73.5,-5.16129032,70441851793.94582,1791681174761,False,False,,,,,,,,,,,,,NO_DATA,11427950.46776,-9.428,13550316.02466,32198555.55294,1100411.28276,857451.09896,1164855.90354,0.42083614596875113,1.1901408441524461,1.8542161455261208,1,48.429319371727765,40.34653465346536,감소형,,0.0,,25.0,관찰,25.0
2026-10-11T10:12:50+09:00,SUI,KRW-SUI,SUIUSDT,1507.0,-0.65919578,15122140590.051321,1791681152883,False,False,,14947183012.310793,15075657116.415339,33936425314.579884,24906110671.671844,17943229969.110435,0.9914780428400262,0.6066375158095475,0.5607731571303619,1,-1.3012361743656498,-7.6688983566646325,중립,50032490.98897,2.569,50465886.24881,49657843.9267,115153800.51069,81566223.75173,62894006.50512,1.0162721990770027,0.6144937443415857,0.6048084852104725,2,-1.338296552335383,-8.288021090789254,중립,,0.0,,25.0,관찰,25.0
2026-10-11T10:12:50+09:00,DOGE,KRW-DOGE,DOGEUSDT,117.0,0.0,11229264945.90434,1791681157466,False,False,,11742077147.838043,13707181446.601328,38402615177.504585,39997316169.59772,20581201953.602676,0.8566368799874223,0.3824485468609995,0.44617234893178,1,-4.098360655737709,-9.999999999999998,중립,25129311.43726,-0.244,25614740.03317,40155118.24038,118721196.60002,114362666.49249,71214512.34507,0.6378947729610173,0.28123447000371393,0.3215267756200558,1,-3.6725067385444676,-10.113183818905892,감소형,,0.0,,25.0,관찰,25.0
2026-10-11T10:12:50+09:00,ENA,KRW-ENA,ENAUSDT,301.0,0.0,10731358291.618052,1791681169205,False,False,,11491244908.77346,15217858335.161541,24588973167.008278,22147220245.770554,14022733540.380547,0.7551157761945008,0.5564403578732273,0.5554667542215046,1,-2.588996763754048,-10.946745562130179,중립,25203271.789842,1.425,25405677.639614,35046661.893429,65842199.954079,42316701.113198,34088020.159612,0.7249100561094346,0.532221174534645,0.5287930867871097,1,-2.5618374558303847,-11.547714514835617,감소형,,0.0,,25.0,관찰,25.0
2026-10-11T10:12:50+09:00,NMR,KRW-NMR,NMRUSDT,18230.0,-0.5997819,8114461675.932154,1791681167586,False,False,,8104765009.708711,10234964623.311995,23921313700.06762,85873568319.53421,71077769538.09798,0.7918703491410838,0.2025687419351674,,1,-10.623781676413257,,중립,2833575.8387,-0.668,2749859.7149,4493520.1038,7629583.5369,20434521.3799,32306028.0711,0.6119611465796153,0.25338393508372586,0.20753877058173964,1,-10.006671114076049,11.303630363036321,감소형,,0.0,,25.0,관찰,25.0
2026-10-11T10:12:50+09:00,PONS,KRW-PONS,,496.0,-1.3916501,7150623823.881875,1791681139602,False,False,,,,,,,,,,,,,NO_DATA,,,,,,,,,,,,,,NO_DATA,,0.0,,25.0,관찰,25.0
2026-10-11T10:12:50+09:00,UNI,KRW-UNI,UNIUSDT,10340.0,-0.09661836,5852438890.932726,1791681170490,False,False,,5912942045.742096,6608409238.560764,11845358186.558344,9061233598.873013,4840678885.124172,0.8947602716913257,0.6446965465041652,0.8033661620584178,1,-4.077849860982397,-15.716612377850158,중립,43718531.75033,2.934,44192474.42023,49746596.19695,90568636.38355,82771095.84665,55614341.67978,0.8883517225031664,0.5942875307304358,0.6758415629568906,1,-4.058154235145384,-16.448310029725853,중립,,0.0,,25.0,관찰,25.0
2026-10-11T10:12:50+09:00,VIRTUAL,KRW-VIRTUAL,VIRTUALUSDT,1001.0,-0.49701789,3828909891.883932,1791681162984,False,False,,3971224531.403487,5284984121.096737,8243793315.7478,6340266639.743583,5149127905.643521,0.7514165493044813,0.5996098024790459,0.5786186170473527,1,-4.824976348155152,-13.275862068965516,중립,3964540.45594,0.493,4148871.30483,4821914.50512,8908888.46441,9601667.5506,6252655.78778,0.8604199225068486,0.5334460362331426,0.49634127498763136,1,-4.749612803304082,-13.955928646379856,중립,,0.0,,25.0,관찰,25.0
2026-10-11T10:12:50+09:00,0G,KRW-0G,0GUSDT,360.0,-2.43902439,2453629997.61517,1791681172320,False,False,,2783940117.875479,3024305024.294686,3715409047.006823,3115201888.56943,3317046655.2124157,0.9205222672685724,0.8474775825217503,0.9176192936748555,1,-10.436893203883491,-11.084337349397588,중립,1627614.054361,2.601,1799904.558437,2206378.866859,2627962.389643,2111408.723402,2188781.146222,0.8157731137986031,0.7774126179223099,0.8245431756162839,1,-10.868847043277185,-12.231620039037095,중립,,0.0,,25.0,관찰,25.0
2026-10-11T10:12:50+09:00,DATA,KRW-DATA,,268.0,-0.37174721,2095526625.6226823,1791681130175,False,False,,2183967243.91658,2348364785.8023744,2519521499.637774,5985312574.787958,5508919826.005373,0.9299948871318031,0.6036839291464007,0.5215198038408577,1,-2.1818181818181848,-6.597222222222221,중립,,,,,,,,,,,,,,NO_DATA,,0.0,,25.0,관찰,25.0
2026-10-11T10:12:50+09:00,MON,KRW-MON,,34.2,0.0,1384899767.7020528,1791681015011,False,False,,1292180775.8526814,1360884145.0859938,3482050626.1291595,2862552445.362984,3694555038.021446,0.9495156369619024,0.5030885417884768,0.48385001022425506,1,-1.1560693641618491,-19.529411764705873,중립,,,,,,,,,,,,,,NO_DATA,,0.0,,25.0,관찰,25.0
2026-10-11T10:12:50+09:00,ETC,KRW-ETC,ETCUSDT,11410.0,-0.52310375,1260944638.8845105,1791681147985,False,False,,1341099694.2174764,1610030889.874901,3796157874.676099,4832901532.509934,2202976668.847917,0.8329651950477046,0.39293520868814796,0.43756442615412056,1,-0.7785467128027634,-5.751848808545601,중립,4587288.8816,-0.594,4673751.4711,2241421.6869,4989402.921,4520201.7604,4046188.8791,2.0851727715564468,1.1931940218536357,1.2095214686409328,2,-0.7075471698113289,-6.444444444444441,중립,,0.0,,25.0,관찰,25.0
2026-10-11T10:12:50+09:00,CARV,KRW-CARV,,56.1,-1.05820106,1112951100.3281133,1791681075066,False,False,,1111004270.9837813,1292848970.6624732,892994355.2115408,1941542764.8857791,20361683405.799873,0.8593457520521425,0.8075359900090625,0.06550106238230957,1,-7.804878048780484,-17.105263157894733,중립,,,,,,,,,,,,,,NO_DATA,,0.0,,25.0,관찰,25.0
2026-10-11T10:12:50+09:00,MEGA,KRW-MEGA,MEGAUSDT,58.2,-1.02040816,818116653.4106016,1791681087801,False,False,,803499642.310353,831756500.9698958,1653862124.2628484,1692798830.7260442,2571548745.8098526,0.9660274868587225,0.576892795499281,0.26927958062746316,1,-2.809917355371905,-13.146233382570172,중립,1375480.137538,2.918,1411435.686682,1286800.174876,1852982.719571,1769027.939119,1899212.02568,1.0968569279360023,0.8625932437836463,0.6610594901716833,2,-3.0186979049335427,-13.98601398601399,중립,,0.0,,25.0,관찰,25.0
2026-10-11T10:12:50+09:00,CP,KRW-CP,,14.5,-0.6849315100000001,679330784.3965982,1791681154180,False,False,,687742103.6016712,845554891.0895052,2079197286.3685083,1692574710.2813601,1253673793.106924,0.8133618655029117,0.44684432377608024,0.49632805316131634,1,-6.41025641025641,-14.619883040935678,중립,,,,,,,,,,,,,,NO_DATA,,0.0,,25.0,관찰,25.0
2026-10-11T10:12:50+09:00,IOTA,KRW-IOTA,IOTAUSDT,70.3,-0.28368794,668666554.4132159,1791681109147,False,False,,634517886.9646585,748074062.5425432,2417052983.818796,1626341896.9644322,1798392008.524948,0.8482019611909393,0.39727976606120163,0.3262407950241717,1,-3.950953678474123,-10.419313850063538,중립,560926.2067,-1.351,565311.4345,777847.8735,1756270.0286,1506701.4113,925993.7675,0.7267634890564498,0.41970060326033676,0.42585164525970753,1,-4.841713221601484,-12.199312714776633,감소형,,0.0,,25.0,관찰,25.0
2026-10-11T10:12:50+09:00,ZBT,KRW-ZBT,ZBTUSDT,109.0,-0.9090909100000001,664626437.6717635,1791681148968,False,False,,678601502.5392767,815268235.2455349,1678726026.8052711,1677480049.1580229,912972996.6891007,0.832365929643882,0.4880299759122538,0.6060120050850599,1,-3.508771929824561,-7.563025210084029,중립,263170.61026,-1.108,266523.25718,284167.88943,946009.95255,644210.22267,406933.3638,0.9379077196744764,0.4265764313268297,0.4941972395057412,1,-2.7644230769230727,-7.963594994311729,중립,,0.0,,25.0,관찰,25.0
2026-10-11T10:12:50+09:00,META2,KRW-META2,,8080.0,-0.73710074,652625892.8444743,1791681154173,False,False,,1372573412.0885131,1807966338.5764298,4483790831.909542,8284905381.445074,1613772175.127184,0.7591808446883255,0.2824871757575292,0.3612879925420603,1,-0.4889975550122272,-1.273499090357788,중립,,,,,,,,,,,,,,NO_DATA,,0.0,,25.0,관찰,25.0
2026-10-11T10:12:50+09:00,MORPHO,KRW-MORPHO,MORPHOUSDT,3308.0,-0.60096154,493015820.8317258,1791681123605,False,False,,559601168.1293279,650030140.935694,1653379584.0546412,1250575883.2391798,1696702696.2041683,0.8608849542327422,0.4723720603990603,0.45899022844507525,1,-3.9260969976905313,-9.021323127392023,중립,1480380.03065,0.498,1530393.50022,2475453.21804,5651923.1813,3528738.62631,3475177.77245,0.6182275993208735,0.3938859980839949,0.43594638323562984,1,-4.091266719118791,-9.937199852234935,감소형,,0.0,,25.0,관찰,25.0
2026-10-11T10:12:50+09:00,VET,KRW-VET,VETUSDT,10.7,-0.9259259299999999,476466744.5166667,1791681110265,False,False,,451913795.66206264,588518312.4980805,1590730759.3824098,865462556.0626662,441912761.55464137,0.7678839996394107,0.44527743597906977,0.5414233112888005,1,-1.8181818181818077,-8.47457627118644,중립,885221.0574719,1.098,878800.8630479,1843524.6506755,3044654.1181121,1343443.3086422,977662.9211117,0.4766960196197495,0.4230684332884113,0.5088150337819194,1,-2.2915892481110034,-10.0262347439261,감소형,,0.0,,25.0,관찰,25.0
2026-10-11T10:12:50+09:00,KAITO,KRW-KAITO,KAITOUSDT,433.0,-0.45977010999999995,439867815.2769074,1791681001947,False,False,,478414718.71735454,558273200.1658735,1209512538.8854842,1172292186.1978178,956310846.4943767,0.856954477799057,0.488165345491795,0.4915562915607487,1,-0.9111617312072884,-7.051282051282048,중립,605848.7388,0.602,732489.7722,645666.26506,1921676.48504,1743134.51003,734870.75475,1.1344711840132018,0.5097972182629555,0.5953065876424906,2,-0.9597523219814219,-7.623447877562805,중립,,0.0,,25.0,관찰,25.0
2026-10-11T10:12:50+09:00,GRT,KRW-GRT,GRTUSDT,36.7,-0.27173913,410174221.95295805,1791680859668,False,False,,413839391.7605514,419698080.89708203,1015258270.3757193,865201318.3417417,318818317.25726175,0.9860407054423312,0.5397535098060064,0.5727497969284354,1,-2.1276595744680993,-8.000000000000007,중립,812447.83865,-1.104,817877.53511,761669.0482,1696399.88537,1437305.12582,1073429.56715,1.0737964697959483,0.6298836948445021,0.5356006693772344,2,-2.283436027546204,-8.826513358133237,중립,,0.0,,25.0,관찰,25.0
2026-10-11T10:12:50+09:00,MNT,KRW-MNT,,773.0,-0.38659794,321548229.80439556,1791681109169,False,False,,336512897.3478208,357958069.43641615,181544746.95158356,473499089.8585396,904122095.9555287,0.9400902677725369,0.9965812362427736,0.7538098077670671,1,-2.1437578814628044,-11.918274687854712,중립,,,,,,,,,,,,,,NO_DATA,,0.0,,25.0,관찰,25.0
2026-10-11T10:12:50+09:00,SKY,KRW-SKY,SKYUSDT,104.0,-0.9523809499999999,229936430.17498392,1791681121956,False,False,,203570444.5251324,251345928.09128532,731893242.8435577,737792165.0768347,644428867.2527342,0.8099213942753768,0.35485195463707314,0.29018160481712924,1,-4.545454545454541,-11.764705882352944,중립,1670946.53886,0.3,1647294.11132,1883576.50797,3868301.5042,5053797.35794,4411132.89862,0.87455651753448,0.45734136596680786,0.34116508271044593,1,-3.315881326352521,-11.521788729180926,중립,,0.0,,25.0,관찰,25.0
2026-10-11T10:12:50+09:00,HOLO,KRW-HOLO,HOLOUSDT,83.8,-0.59311981,177584768.1109308,1791681089537,False,False,,211509900.67173144,248994150.96273395,525031177.2856908,683968535.6409742,270007514.4790868,0.849457305940441,0.4352073885431172,0.49822669408241094,1,-0.7067137809187329,-6.124721603563477,중립,222287.71014,0.0,257148.76735,194202.38409,531328.20806,418236.22489,191176.41668,1.3241277575193335,0.674478652953455,0.7937266039675549,2,-0.8025682182985605,-6.927710843373491,중립,,0.0,,25.0,관찰,25.0
2026-10-11T10:12:50+09:00,IO,KRW-IO,IOUSDT,210.0,-0.47393365,177183259.59207627,1791680383305,False,False,,192518837.817313,213153055.1492297,298649897.2282087,423325621.3186746,273976444.63244057,0.9031953010597451,0.6176225705189781,0.6602691549274431,1,-1.4018691588784993,-9.05172413793104,중립,951426.375944,1.914,972312.843985,980772.265424,2405285.482518,2430611.123509,1612907.97687,0.9913747342403256,0.5014792136908,0.5506167903025759,1,-1.775523145212432,-9.994189424753042,중립,,0.0,,25.0,관찰,25.0
2026-10-11T10:12:50+09:00,F,KRW-F,FUSDT,4.45,0.0,176518787.75854772,1791681098087,False,False,,209114699.02279407,273040665.2878235,513708132.1547361,783487541.8577425,372639249.54386884,0.7658738261656284,0.39952208554027413,0.4263442614261728,1,0.0,-3.887688984881199,중립,73034.597074,0.994,75174.507162,103753.445551,356100.587918,306498.608805,175647.68321,0.7245495006240344,0.29428165187348154,0.3141458563089456,1,0.1536098310291889,-5.149839976723891,감소형,,0.0,,25.0,관찰,25.0
2026-10-11T10:12:50+09:00,SNT,KRW-SNT,,11.0,0.0,136397872.77090627,1791681026154,False,False,,140098133.01988402,152654089.5956796,191992483.85580552,333542456.56709343,160828442.83487317,0.9177489669025484,0.6197304592911779,0.6887579255814015,1,0.0,-5.982905982905972,중립,,,,,,,,,,,,,,NO_DATA,,0.0,,25.0,관찰,25.0
2026-10-11T10:12:50+09:00,TRUMP,KRW-TRUMP,TRUMPUSDT,2561.0,-0.6594259100000001,4207918412.9859266,1791681158462,False,False,,4415200374.308275,4908134855.8674755,13096518294.621172,19120501462.068935,9897880069.150152,0.8995678611051371,0.3567823827579293,0.36757764970883255,1,0.546021840873645,-7.2328175602734746,중립,5354382.045285,-0.582,5447652.479711,8400240.288899,15140489.291808,22733057.470085,12829031.815214,0.6485115059041973,0.35317959650015895,0.3823345178542088,1,0.6914893617021356,-7.9727758872143895,감소형,,0.0,,24.8,관찰,24.8
2026-10-11T10:12:50+09:00,XPL,KRW-XPL,XPLUSDT,119.0,-0.8333333300000001,2767822221.11793,1791680962268,False,False,,2773510696.26944,2964051555.5031047,6636357583.580143,5914447384.774763,6436321459.615956,0.9357160779204723,0.5362944914130143,0.5134042753223607,1,0.8403361344537785,-6.976744186046513,중립,3949527.20687,1.756,3920513.420637,4431202.838336,12134928.217698,10050064.527806,8165131.310212,0.8847515141304672,0.44189411761957476,0.4565663452916039,1,-0.285257873117295,-7.83589959924067,중립,,0.0,,24.7,관찰,24.7
2026-10-11T10:12:50+09:00,SONIC,KRW-SONIC,,35.4,-0.8403361300000001,429021737.80065936,1791681075832,False,False,,369639498.42468923,421803607.09074306,434408034.3149539,2066299011.9714096,565469245.8608922,0.8763308141771492,0.37944036029181183,0.3451563935272734,1,0.847457627118664,-5.305039787798405,중립,,,,,,,,,,,,,,NO_DATA,,0.0,,24.7,관찰,24.7
2026-10-11T10:12:50+09:00,NEAR,KRW-NEAR,NEARUSDT,7245.0,0.34626039000000003,38309268976.72526,1791681171490,False,False,,38966601204.46793,45337837358.871414,87826100541.73456,49590930223.92741,23981144733.17408,0.8594719879562849,0.639653568810794,0.7986703997987598,1,-0.687757909215958,0.9790209790209836,중립,135306033.7418,6.99,135924981.4145,140608742.1372,303837593.5293,185341276.426,101753041.8881,0.9666894059963228,0.6474800971213897,0.7719577517897369,1,-0.7497656982193068,0.018889308651304226,중립,,0.0,,24.5,관찰,24.5
2026-10-11T10:12:50+09:00,B3,KRW-B3,,0.994,0.6072874500000001,714484296.4587836,1791681141862,False,False,,505472870.3110244,506593411.2674393,785711597.3118685,1065012611.570501,1248176234.8853145,0.9977880862018884,0.6432814135740876,0.2517389565573337,1,-2.17821782178218,-13.33333333333333,중립,,,,,,,,,,,,,,NO_DATA,,0.0,,24.5,관찰,24.5
2026-10-11T10:12:50+09:00,AUCTION,KRW-AUCTION,AUCTIONUSDT,5090.0,-0.39138943,220715360.88165644,1791680858705,False,False,,220576594.722686,260095355.67044023,242243617.16629165,299408920.24354744,340594935.1596564,0.8480604897927229,0.8253589312542149,0.7630685073560278,1,1.388888888888884,-1.7307692307692357,중립,161100.35721,-1.347,180213.6223,501984.19752,362559.10691,447390.08036,516632.85633,0.3590025805400377,0.4120947550904346,0.40657970988965947,1,1.3765182186234792,-2.6186155042779435,감소형,,0.0,,24.5,관찰,24.5
2026-10-11T10:12:50+09:00,NEWT,KRW-NEWT,NEWTUSDT,64.9,-0.46012270000000005,123564554.09188211,1791680462052,False,False,,116199213.49279925,121896241.12594178,290308925.0046328,350817710.6207252,240092864.02333635,0.9532633034413552,0.4568639435328751,0.48653160664095113,1,1.5576323987538832,-5.094614264919938,중립,261352.823921,0.169,266694.692351,306725.301146,433707.272333,354070.160756,280196.980707,0.8694903594668064,0.7310023557065088,0.7958482971781287,1,1.5943877551020336,-6.110019646365428,중립,,0.0,,24.5,관찰,24.5
2026-10-11T10:12:50+09:00,SAHARA,KRW-SAHARA,SAHARAUSDT,12.0,-0.8264462800000001,1475434456.6907263,1791681023885,False,False,,1390720129.907734,1676787145.5979111,2860897829.718734,3705616742.548507,1692193425.7941213,0.8293957486248673,0.506127342237293,0.5925006641259865,1,1.680672268907557,-3.9682539682539653,중립,491241.6786,1.149,460967.17158,799734.9654,1490940.17947,1272223.75619,686421.99748,0.5763999218784189,0.388139420495084,0.47634147630751494,1,1.6147635524798032,-5.775401069518726,감소형,,0.0,,24.4,관찰,24.4
2026-10-11T10:12:50+09:00,LSK,KRW-LSK,LSKUSDT,325.0,0.30864198,653379233.8984458,1791681135697,False,False,,670642394.0494884,784977754.8478208,1191339200.186121,2538317868.731381,12248076188.063297,0.8543457313379563,0.4456456082688136,0.18511401663365307,1,1.2499999999999956,-5.813953488372093,중립,1232978.44779,0.042,1241945.87634,1373450.02181,1875812.68755,1911362.27617,3001062.99111,0.9042526896634379,0.7219741096217929,0.5693725176220847,1,1.653944020356235,-7.843137254901967,중립,,0.0,,24.3,관찰,24.3
2026-10-11T10:12:50+09:00,ID,KRW-ID,IDUSDT,51.3,-0.19455253,535525464.1589012,1791681040086,False,False,,570866627.7425276,727443671.927978,1907316714.0138094,1205083664.8700166,1222291125.9496126,0.7847571568387324,0.4460076660836036,0.5099012694563556,1,1.984126984126977,-0.5802707930367634,중립,240026.3603,-0.265,265743.3006,469996.3637,948674.1338,518906.3147,594882.8048,0.5654156523849719,0.41145718548045285,0.433952105303361,1,1.6216216216216273,-1.5706806282722474,감소형,,0.0,,24.3,관찰,24.3
2026-10-11T10:12:50+09:00,VTHO,KRW-VTHO,VTHOUSDT,0.954,-0.41753653,5897766577.644117,1791681174110,False,False,,4968825754.500478,476511327.76988596,1521343981.5890512,4211143206.323041,30649264304.92666,10.427508151285743,2.4007860890693338,0.6555301595292475,2,1.8065887353878818,6.326304106548264,일회성 폭증형,2421666.822026,7.198,2176626.777198,416696.359561,1111939.613147,1614029.07789,7200479.688897,5.223532020992769,2.0778161930911043,0.9897363307691135,2,1.8840579710144967,5.397301349325345,일회성 폭증형,,0.0,,24.2,관찰,24.2
2026-10-11T10:12:50+09:00,ARX,KRW-ARX,,376.0,-0.79155673,1630899488.6827042,1791681167908,False,False,,1544077819.0705664,1633927056.7454104,1855765392.1459637,1950390881.0240338,1750234287.1583614,0.9450102516486795,0.8515004598805896,0.8290580536229059,1,2.156334231805923,-4.773869346733672,중립,,,,,,,,,,,,,,NO_DATA,,0.0,,24.2,관찰,24.2
2026-10-11T10:12:50+09:00,AKT,KRW-AKT,,991.0,-0.8999999999999999,1739866935.763755,1791681129846,False,False,,1721849633.546273,2019667449.1823888,4633194294.09814,4256199922.670696,4833032102.592449,0.8525411617854812,0.4735099185259216,0.29494788458470994,1,3.092783505154628,-3.567984570877536,중립,,,,,,,,,,,,,,NO_DATA,,0.0,,23.9,관찰,23.9
2026-10-11T10:12:50+09:00,AVNT,KRW-AVNT,AVNTUSDT,181.0,-0.54945055,1301224513.6154907,1791681119964,False,False,,1444526647.8970623,1453663476.3029616,4152371449.7216682,1954169673.8523674,2761991036.4904604,0.9937146192672209,0.5732093472393185,0.4949743580271628,1,2.824858757062154,0.5524861878453136,중립,860364.32064,-4.464,965523.64081,1263940.12729,3115800.2691,1031260.76109,1436512.40259,0.7638998240210702,0.5353114586615584,0.5256411605132847,1,2.5423728813559254,-0.6716417910447858,중립,,0.0,,23.9,관찰,23.9
2026-10-11T10:12:50+09:00,ELSA,KRW-ELSA,,73.8,0.0,205864333.27734014,1791681134740,False,False,,326504600.8641853,381752363.4216357,310420263.122948,499771583.9371841,273518753.49639845,0.8552785317102787,0.821778229198034,0.8897123336857449,1,3.2167832167832033,-1.6000000000000014,중립,,,,,,,,,,,,,,NO_DATA,,0.0,,23.9,관찰,23.9
2026-10-11T10:12:50+09:00,ORDER,KRW-ORDER,,51.0,-0.77821012,101487503.17517672,1791680405659,False,False,,101572844.68048637,112066015.52006014,273536896.3952568,204117303.08569235,161257543.33716,0.9063661647032015,0.51671712498602,0.4882752754598149,1,3.420523138832987,-3.383458646616544,중립,,,,,,,,,,,,,,NO_DATA,,0.0,,23.8,관찰,23.8
2026-10-11T10:12:50+09:00,WLFI,KRW-WLFI,WLFIUSDT,77.7,0.0,1627125950.7173913,1791681170491,False,False,,1783797139.8378236,1822241855.912104,1585407421.4435852,1701738007.3840516,2855983516.9312825,0.9789025172758765,1.0473646097442106,1.0211538311359252,1,3.1872509960159334,4.576043068640656,중립,2548350.71362,0.0,2904975.4484,6856698.46364,5953556.70007,6302786.52009,5208751.36574,0.42366970981801677,0.4559675267483288,0.5257488459279773,1,3.4420289855072506,3.8181818181818095,감소형,,0.0,,23.4,관찰,23.4
2026-10-11T10:12:50+09:00,SC,KRW-SC,SCUSDT,1.35,-2.17391304,421684297.42215306,1791681043654,False,False,,442440879.84977025,470558001.76126,2145324574.1474853,2016896909.2442126,5387216915.948266,0.9402472770492699,0.2865067598842312,0.21224240911366832,1,4.545454545454541,0.0,중립,291876.520994,3.109,291505.806313,280221.90704,677876.734687,593422.792399,680851.304686,1.040267727074562,0.5636515227594205,0.5508358504582497,2,4.361370716510904,-2.142161635832507,중립,,0.0,,23.4,관찰,23.4
2026-10-11T10:12:50+09:00,ZKP,KRW-ZKP,ZKPUSDT,66.6,-0.8928571399999999,682678161.3066051,1791681152876,False,False,,854840311.9140887,1027946221.9786954,930708982.7399913,2200641995.12908,4164276958.208577,0.8316002273626778,0.6165755445021168,0.10540009677812175,1,5.826771653543306,-3.9999999999999925,중립,431212.2026,1.452,475766.45658,503224.86385,424692.80172,576823.00246,773973.04717,0.9454351141159337,0.948535119748318,0.3704767620556092,1,5.128205128205132,-4.835589941972929,중립,,0.0,,23.0,관찰,23.0
2026-10-11T10:12:50+09:00,T,KRW-T,TUSDT,7.35,-1.07671602,2938655603.7855487,1791681158135,False,False,,350628102.27853495,427769827.7210405,739905453.186587,1099714904.264055,5085322446.26249,0.8196653423326257,0.4639185234701712,0.21979712153703915,1,6.142857142857139,-1.458885941644572,중립,852427.42776,1.507,338466.389232,226500.058543,503349.32159,418647.502525,995663.088843,1.494332458054282,0.8841113833465806,0.6633993396670884,2,6.0311284046692615,-2.5044722719141377,중립,,0.0,,22.9,관찰,22.9
2026-10-11T10:12:50+09:00,LA,KRW-LA,LAUSDT,95.3,6.95847363,13864324825.90865,1791681173117,False,False,,5919708422.967106,1312247669.7809007,3210954304.2755494,3708647268.583612,2266345800.28972,4.511121306815115,2.157367651597775,1.4849613602465377,2,3.124999999999978,-6.60377358490567,일회성 폭증형,3180953.29018,10.618,2185883.53732,330978.50313,890226.01654,898727.11298,782224.67002,6.6043066744471925,3.093331176799637,2.2807168727680494,2,3.001579778830954,-7.3863636363636465,일회성 폭증형,,0.0,,20.0,관찰,20.0
2026-10-11T10:12:50+09:00,BLUR,KRW-BLUR,BLURUSDT,26.1,0.0,597152006.582619,1791681164282,False,False,,583013233.1624318,116164341.31442551,516882992.7738328,537921511.9252286,468047536.8288604,5.018865742839039,1.4936688584344715,1.195067132686349,2,-1.1363636363636243,-8.42105263157894,일회성 폭증형,456509.448805,-0.209,463615.675322,198183.175327,277849.349261,268747.969997,223006.128239,2.339329131027593,1.8674589843293299,1.8902050542172102,2,-1.239669421487588,-9.383886255924168,고수준 유지형,,0.0,,19.9,관찰,19.9
2026-10-11T10:12:50+09:00,OPG,KRW-OPG,OPGUSDT,203.0,-0.49019608,633492894.1785842,1791680856466,False,False,,636675165.2034459,736922076.4815314,650625018.4779232,774873870.0959446,273075275.0874458,0.8639653845672273,0.8832810662106233,1.1358386734590586,1,10.270270270270277,11.475409836065564,중립,1637745.26355,-0.335,1632610.15937,1752049.30602,1489580.05756,1025463.24488,342615.24322,0.9318288896096646,1.147814431868549,1.537351179947577,1,10.569105691056912,10.81481481481481,중립,,0.0,,19.6,관찰,19.6
2026-10-11T10:12:50+09:00,FCT2,KRW-FCT2,,12.5,3.3057851200000004,241345092.5041282,1791681067700,False,False,,215546512.9718666,39883003.3874543,71020642.92986095,198011804.12835202,877443212.8025413,5.404470442656519,2.0932573556379377,0.8717358911805775,2,4.31034482758621,-6.2015503875969,일회성 폭증형,,,,,,,,,,,,,,NO_DATA,,0.0,,19.6,관찰,19.6
2026-10-11T10:12:50+09:00,BFC,KRW-BFC,,39.8,6.702412870000001,9239047107.969698,1791681172134,False,False,,10967137700.432419,19193434657.36293,338537758.215196,578625872.5717145,352260804.19008166,0.5714004760594132,1.636023584672983,2.643157994900153,1,5.965909090909083,0.2688172043010528,감소형,,,,,,,,,,,,,,NO_DATA,,0.0,,18.8,관찰,18.8
2026-10-11T10:12:50+09:00,SAFE,KRW-SAFE,,158.0,0.0,764297699.5338638,1791681020918,False,False,,687035001.5876588,150173207.49642774,487570300.76509875,549115735.0282774,925658996.3049843,4.574950572351607,1.736604417428547,0.360051588126574,2,6.756756756756754,-1.8633540372670843,일회성 폭증형,,,,,,,,,,,,,,NO_DATA,,0.0,,18.5,관찰,18.5
2026-10-11T10:12:50+09:00,XRP,KRW-XRP,XRPUSDT,1908.0,-0.26136958,38973598596.3332,1791681172790,False,False,,40321512767.150894,99495643528.14243,225115062016.20624,235086800024.86563,85767885870.36824,0.40525907805949235,0.2161248479719975,0.26622521525043213,1,-1.3408973697782378,-6.2254901960784315,감소형,52141367.02957,-0.264,54117339.73,120388354.69291,252445071.75706,238718904.80596,117180420.72288,0.44952304455064634,0.2654752682515029,0.3080018740241324,1,-1.3436510728104034,-6.984148040061012,감소형,,0.0,,13.0,관찰,13.0
2026-10-11T10:12:50+09:00,SAND,KRW-SAND,SANDUSDT,88.3,-3.81263617,19669388008.908756,1791681171158,False,False,,18051752013.208317,43721551338.67034,33989362785.147903,106596160333.26495,24915319839.638115,0.4128799518886721,0.2938316730334476,0.3563638742672111,1,-14.205607476635517,-2.6511134676564185,감소형,6608261.47104,-4.733,6320241.03319,12659259.93866,16445246.01162,48378506.43326,9723670.29675,0.4992583345167495,0.2447081304185057,0.2993733638770322,1,-13.596097059956346,-3.5954734278756617,감소형,,0.0,,13.0,관찰,13.0
2026-10-11T10:12:50+09:00,ETH,KRW-ETH,ETHUSDT,3418000.0,0.058548010000000004,16537198026.58651,1791681173114,False,False,,17708565321.88071,49276190231.54449,119471663316.22687,130889514495.43661,42774825175.8157,0.3593736698935068,0.1772999686673972,0.22564725341213196,1,-2.678062678062676,-6.79399727148704,감소형,323012346.661832,0.581,309666169.648024,428233424.621484,1053681549.306711,1133065272.211513,626253789.874759,0.7231247068622406,0.35526023965782544,0.38958817151192676,1,-2.62689674998251,-7.507804485641967,감소형,,0.0,,13.0,관찰,13.0
2026-10-11T10:12:50+09:00,SOL,KRW-SOL,SOLUSDT,150100.0,0.0,10941520170.529282,1791681174436,False,False,,11491772090.517984,25852905948.7101,55054394987.52799,33434819834.30134,19839066990.41259,0.4445060107872072,0.3015102049815803,0.3689233012546415,1,-5.359394703656994,-8.08328230251072,감소형,97161531.06203,0.264,97802811.88586,203067280.58074,389779430.22715,234192954.05018,175936491.98135,0.4816276241359985,0.3547694846146617,0.4086423123886489,1,-5.339638865004293,-8.850803113098193,감소형,,0.0,,13.0,관찰,13.0
2026-10-11T10:12:50+09:00,XLM,KRW-XLM,XLMUSDT,267.0,-0.74349442,7107460519.928873,1791681167268,False,False,,7744020950.233099,11548260484.97193,26487066779.545277,26804440342.896217,16382954177.810324,0.6705789984829843,0.3582996008153964,0.3538774168408263,1,-1.8248175182481785,-7.560137457044669,감소형,5183360.0925,0.41,5162205.813,9520405.3631,23225551.0658,18561710.1769,9937871.4858,0.5422254217250159,0.30183827220178705,0.30594825792097263,1,-1.895261845386531,-8.723897911832934,감소형,,0.0,,13.0,관찰,13.0
2026-10-11T10:12:50+09:00,AVAX,KRW-AVAX,AVAXUSDT,14100.0,-0.21231423,4318855418.532776,1791681165938,False,False,,4389941826.254062,6206377210.32947,12016283265.966864,14011198139.714058,14366514077.04796,0.7073275886209015,0.40857117466603277,0.4198634059139882,1,-6.9169960474308345,-6.112956810631232,감소형,19703469.24724,-0.135,21286739.80803,28095907.48845,61644206.23246,78512477.3343,66053196.32928,0.7576455687284993,0.3795496938477166,0.3942532097364186,1,-6.882300089847259,-6.873932967921636,중립,,0.0,,13.0,관찰,13.0
2026-10-11T10:12:50+09:00,HBAR,KRW-HBAR,HBARUSDT,126.0,-0.7874015700000001,3738658720.586712,1791681151233,False,False,,3677794027.644965,5061796947.218899,11845657757.50943,7476439911.057745,3732172928.112674,0.7265787359695758,0.45248645701543966,0.5588116267420729,1,0.0,-7.971014492753625,감소형,7114849.48827,-0.152,7202093.60391,13018399.99416,24315455.52226,17002542.11691,12531982.38865,0.5532241755623448,0.39763918391374337,0.4412100933353716,1,-0.44157242864836244,-9.10521140609637,감소형,,0.0,,13.0,관찰,13.0
2026-10-11T10:12:50+09:00,SHIB,KRW-SHIB,SHIBUSDT,0.00736,-0.5405405400000001,2661857989.1736097,1791681143486,False,False,,2626258264.0545683,3524834629.447035,6738694275.233098,12135140338.5034,5656064422.986652,0.7450727594748374,0.3517519146616896,0.3750405705910614,1,-0.26954177897574594,-6.91823899371069,감소형,1822624.8671549,-1.46,1871489.0222831,2943185.72589597,6546189.44880582,6056002.12601031,3704207.05741048,0.6358718737375563,0.36116634278102167,0.3684752143678575,1,-0.18416206261510082,-7.823129251700678,감소형,,0.0,,13.0,관찰,13.0
2026-10-11T10:12:50+09:00,BCH,KRW-BCH,BCHUSDT,380300.0,-0.49712193000000005,2270939117.705672,1791681005851,False,False,,2273740532.786005,3541112234.492473,4796605114.455576,4394843202.709848,2075214533.854299,0.642097844467753,0.5357305445894642,0.6607942256235436,1,-6.598240469208216,-10.825944937004195,감소형,7856769.3273,0.18,7847725.6357,17185138.3012,20525009.4201,13846786.5245,9915013.2342,0.4566576944656891,0.4566442371235041,0.5500059657871588,1,-6.759906759906764,-11.616161616161625,감소형,,0.0,,13.0,관찰,13.0
2026-10-11T10:12:50+09:00,TRX,KRW-TRX,TRXUSDT,451.0,-0.22123894,1777790940.5591063,1791681158121,False,False,,1809777030.460016,2622768393.15044,3182225570.853539,3729244795.2844405,2149679652.5722265,0.6900254842121732,0.5694561703828426,0.6817700365963083,1,-1.094091903719907,-0.4405286343612369,감소형,15363742.89106,-0.06,16240847.42523,23539588.70572,31998217.93806,34837464.11703,21825981.18062,0.6899376037646553,0.5391136520590969,0.5999357899103411,1,-1.3714967203339312,-1.576911633442435,감소형,,0.0,,13.0,관찰,13.0
2026-10-11T10:12:50+09:00,PENGU,KRW-PENGU,PENGUUSDT,11.2,-0.88495575,1642614088.7927692,1791681113372,False,False,,1654054693.268726,2638301593.703945,5515401433.385027,4890159206.023069,4863757312.327433,0.6269392010435689,0.3804213806559264,0.3621306757820082,1,-4.23728813559322,-13.740458015267166,감소형,4666480.475621,-1.926,5307127.352841,6377674.980927,14701807.704751,19560929.845722,15183351.80169,0.8321413945853987,0.3917623140813756,0.34442633150784996,1,-5.3618685997008475,-14.907924684460994,중립,,0.0,,13.0,관찰,13.0
2026-10-11T10:12:50+09:00,PUMP,KRW-PUMP,PUMPUSDT,7.44,-0.8,1607867734.044169,1791681141226,False,False,,1679575575.7313523,3067944746.5227656,7117134334.742392,8147923596.636858,2139696991.6225896,0.5474595256759424,0.2748445966937848,0.31157018180802964,1,-11.660777385159015,-14.089347079037806,감소형,14528926.635611,-0.055,14207359.61015,23322827.648239,69995887.024095,56016581.737091,21861928.246379,0.6091611113553262,0.2854119545428511,0.3525304481611806,1,-11.798653414555938,-14.908753479740188,감소형,,0.0,,13.0,관찰,13.0
2026-10-11T10:12:50+09:00,POD,KRW-POD,,813.0,-1.8115942,1548309513.6729262,1791681152544,False,False,,1597344793.4542608,3631675716.992084,6326602760.157451,17145524435.365097,47299722893.28072,0.4398368461095015,0.17680302634395845,0.06439860142893153,1,-10.871905274488702,-23.827046918123273,감소형,,,,,,,,,,,,,,NO_DATA,,0.0,,13.0,관찰,13.0
2026-10-11T10:12:50+09:00,CC,KRW-CC,,162.0,0.0,1230392138.716663,1791681151886,False,False,,1419707881.4960954,2233426425.983971,2376621380.3142595,2772612254.701789,1536001157.827258,0.6356635996507567,0.5769090828098302,0.6911237901951667,1,0.0,-5.263157894736848,감소형,,,,,,,,,,,,,,NO_DATA,,0.0,,13.0,관찰,13.0
2026-10-11T10:12:50+09:00,POL,KRW-POL,POLUSDT,138.0,-1.42857143,1209312098.1872945,1791681086725,False,False,,1042896487.0328368,1837517595.7872112,3256415668.366304,3091611829.8205814,2881999201.9834595,0.5675572791378084,0.3822212723990414,0.35758454384867805,1,0.0,-5.405405405405405,감소형,6472734.579517,1.208,6863173.538121,14352486.4732,10471226.701703,8451850.803441,5261504.44666,0.4781870758726311,0.6187579759057674,0.7359484573993003,1,-0.7099786033845534,-6.433874072037393,감소형,,0.0,,13.0,관찰,13.0
2026-10-11T10:12:50+09:00,API3,KRW-API3,API3USDT,409.0,-1.6826923099999997,1199599965.145308,1791681061852,False,False,,1423759525.9151068,7810694449.574461,2072609410.0066147,11300625796.042633,38247949278.90457,0.18228334690427883,0.2016282459006099,0.11295518704606204,1,-1.654846335697402,-3.2558139534883734,감소형,1828824.506681,-4.822,1948926.289183,8033532.269676,4317657.381048,5978779.242098,20653717.704263,0.24259892457761947,0.31897374740437195,0.2161765306078792,1,-1.900161030595815,-3.790271636133924,감소형,,0.0,,13.0,관찰,13.0
2026-10-11T10:12:50+09:00,EDGE,KRW-EDGE,,155.0,-2.51572327,1164633568.3699934,1791681173452,False,False,,1186404135.0671432,8195344529.387535,2968123675.101285,18109716989.553696,979690202.0769857,0.144765620385188,0.12158609941516638,0.1717535249973858,1,-0.6249999999999978,-0.6249999999999978,감소형,,,,,,,,,,,,,,NO_DATA,,0.0,,13.0,관찰,13.0
2026-10-11T10:12:50+09:00,ZRO,KRW-ZRO,ZROUSDT,2712.0,0.03688676,1162118104.9603024,1791681155180,False,False,,1160774755.5261168,4177637617.733384,3805681708.312682,3204958800.875868,5248154904.177109,0.27785434299011935,0.3112475599081653,0.256925027137558,1,-9.482470784641073,-7.347915242652081,감소형,6690959.76482,0.862,6939152.22219,16515851.09677,20795112.6027,18044122.16543,18046117.32952,0.42015105255744817,0.37607125598860475,0.3519379022587518,1,-9.289617486338809,-8.11808118081182,감소형,,0.0,,13.0,관찰,13.0
2026-10-11T10:12:50+09:00,EUL,KRW-EUL,EULUSDT,1895.0,-0.62926062,958283060.4326613,1791681065412,False,False,,989311374.3776546,5440134441.6213455,1915127862.0592527,1386116452.397815,1992939339.8451202,0.1818542142651177,0.33952700208410236,0.2869232036350284,1,-2.704081632653066,-2.5549310168625494,감소형,702203.45102,0.944,694875.03847,1697808.78886,1496763.31888,997820.11203,779120.09646,0.4092775600110873,0.4972400019205182,0.5465381662345302,1,-2.7158774373258976,-3.5220994475138045,감소형,,0.0,,13.0,관찰,13.0
2026-10-11T10:12:50+09:00,GEOD,KRW-GEOD,,395.0,-2.70935961,918284615.5773969,1791681164599,False,False,,833931430.9036756,6585242670.090758,2360371279.7963834,11880978851.346653,938386543.481214,0.1266364009167459,0.12012499195561249,0.17302336767116333,1,-2.168674698795181,-3.3333333333333326,감소형,,,,,,,,,,,,,,NO_DATA,,0.0,,13.0,관찰,13.0
2026-10-11T10:12:50+09:00,ENS,KRW-ENS,ENSUSDT,8600.0,-0.40532716,896088589.3398439,1791681171821,False,False,,896298605.5024631,1908025315.6228354,3983651562.141757,2734132764.089469,1490950475.1843243,0.469751946247047,0.31172677443058305,0.37074854227482545,1,-2.2637238256932646,-6.749460043196542,감소형,507656.9754,-0.474,503305.353,653319.9224,2795394.4724,1594136.2741,890341.4477,0.7703811497911853,0.2994171666259868,0.3569944024814709,1,-2.1604938271605034,-7.580174927113714,중립,,0.0,,13.0,관찰,13.0
2026-10-11T10:12:50+09:00,ATH,KRW-ATH,,8.95,-0.5555555600000001,879931808.3530289,1791681074053,False,False,,864114686.0381638,1154066119.9857082,1506428222.7536283,1459989180.564986,1546644310.421526,0.7487566536039242,0.6291358874396429,0.6177324174856998,1,-2.1739130434782483,-11.764705882352933,감소형,,,,,,,,,,,,,,NO_DATA,,0.0,,13.0,관찰,13.0
2026-10-11T10:12:50+09:00,FLOCK,KRW-FLOCK,,76.2,-0.78125,753406836.6724778,1791681109523,False,False,,731419005.3945855,1208886598.270391,2911200644.3899403,3961933434.389673,3090438378.088611,0.6050352501558541,0.2714985650079623,0.2687060542531341,1,-6.112469437652813,-13.513513513513509,감소형,,,,,,,,,,,,,,NO_DATA,,0.0,,13.0,관찰,13.0
2026-10-11T10:12:50+09:00,RENDER,KRW-RENDER,RENDERUSDT,2624.0,-0.37965072,698154481.9638804,1791681054698,False,False,,727579722.2181526,1201471593.2084851,1704414191.1089888,2182249673.9805117,2978446602.4954267,0.6055738032683553,0.42898605678721424,0.3993817804325487,1,-4.565217391304344,-5.659025787965621,감소형,3191222.38074,0.84,3334166.2681,5677495.92934,8627726.15344,11029234.77471,10666672.46118,0.5872600015210564,0.39481796908319405,0.37145521710302903,1,-4.592592592592593,-6.440677966101694,감소형,,0.0,,13.0,관찰,13.0
2026-10-11T10:12:50+09:00,XEC,KRW-XEC,XECUSDT,0.00991,-0.8999999999999999,680477463.5945264,1791681121646,False,False,,673065207.1884403,1094916106.2884321,1060345749.3635048,645504673.4765732,690703584.6826924,0.6147185189101015,0.7209439275160205,0.8352355145495564,1,-3.8461538461538436,-9.090909090909083,감소형,249949.16275144,-0.137,249837.94936525,331590.64473272,461951.53794367,339961.34811663,268647.20195018,0.7534529496953478,0.661236447645978,0.745687194532784,1,-3.937007874015741,-10.184049079754597,중립,,0.0,,13.0,관찰,13.0
2026-10-11T10:12:50+09:00,SLX,KRW-SLX,,81.3,-0.61124694,617759951.1890249,1791681159434,False,False,,681430512.070421,1023100730.171668,2335237393.107939,3310408960.5268464,3164110096.1452074,0.6660444001013296,0.306548068253385,0.2575242179915908,1,0.0,-0.728155339805836,감소형,,,,,,,,,,,,,,NO_DATA,,0.0,,13.0,관찰,13.0
2026-10-11T10:12:50+09:00,MOVE,KRW-MOVE,MOVEUSDT,12.5,-1.57480315,585947882.9055929,1791681148624,False,False,,562079018.1427317,769335258.402853,1536638003.8347447,1478803789.747527,1532139847.1946652,0.7306034813867921,0.4455314094508578,0.3906736566538985,1,0.0,-6.617647058823528,감소형,411469.8136936,1.199,412631.2206973,291842.0698378,302086.5323876,464529.6359139,271949.555529,1.4138853282072466,1.1695252750529257,1.17530276527908,2,-0.38676407391490253,-7.796340493237864,중립,,0.0,,13.0,관찰,13.0
2026-10-11T10:12:50+09:00,PEPE,KRW-PEPE,PEPEUSDT,0.00548,-0.36363636,562671704.0700097,1791681110230,False,False,,636477584.6396891,1534535292.8348155,2777266878.0269394,2865749927.4686394,2768629671.4211035,0.41476894510773726,0.2660284074236437,0.21916229989290392,1,-1.4336917562724039,-7.251264755480613,감소형,8053463.81786601,0.0,8541854.01365215,18476696.18162297,40337195.10164022,27939287.93953724,22129199.36605726,0.46230418737674145,0.295384702561097,0.312662850035855,1,-1.4634146341463317,-7.9726651480637845,감소형,,0.0,,13.0,관찰,13.0
2026-10-11T10:12:50+09:00,OPEN,KRW-OPEN,OPENUSDT,150.0,-0.66225166,482156444.57611656,1791681106783,False,False,,430470905.0448741,1132063729.3900497,1549778012.3884573,1934523732.6048243,1533977377.9178624,0.3802532435844488,0.27974663667787986,0.25307232437227556,1,-2.580645161290318,-8.484848484848484,감소형,671736.8369,-0.091,676285.88515,1562818.22493,2423507.8205,2005558.63203,1605370.94189,0.43273483400815305,0.33860091851935414,0.34361540904441223,1,-2.3851590106007015,-9.128289473684214,감소형,,0.0,,13.0,관찰,13.0
2026-10-11T10:12:50+09:00,MANA,KRW-MANA,MANAUSDT,128.0,-0.7751938,327552344.0954414,1791680727364,False,False,,334686534.6890055,528399747.41857404,1304202659.4367368,5502191067.181591,1247330256.6400034,0.6333964698584199,0.1368899625628321,0.16215755868650006,1,-7.857142857142863,-9.790209790209792,감소형,831574.8715,-0.212,849951.5065,801431.3306,1539808.8746,4941233.1068,961694.0648,1.060541900531484,0.3501357863266551,0.40139419637231094,2,-8.228460793804459,-9.885931558935368,중립,,0.0,,13.0,관찰,13.0
2026-10-11T10:12:50+09:00,PENDLE,KRW-PENDLE,PENDLEUSDT,2990.0,-0.26684456,302505095.1361206,1791681153532,False,False,,298249605.65790725,672674576.1005301,641325740.2997309,751488728.4868695,353717536.9748294,0.4433787395189651,0.43318981487147784,0.4241508889663128,1,-2.1859706362153397,-9.589867310012067,감소형,1750639.5076,3.497,1702997.3527,2883659.3965,6736200.484,6068565.8921,2130029.3942,0.5905681353238141,0.325653582593539,0.37897834750157594,1,-1.8708240534521248,-10.154975530179456,감소형,,0.0,,13.0,관찰,13.0
2026-10-11T10:12:50+09:00,BIO,KRW-BIO,BIOUSDT,39.4,-0.50505051,286297804.6763869,1791681007215,False,False,,295445103.1839681,397960932.3174206,765805131.5345953,1298801660.2040112,410034700.51066214,0.7423972535784391,0.3599232219660729,0.3849317400948459,1,-2.941176470588225,-8.965517241379306,감소형,1146929.69406,0.978,1248050.773548,867467.672707,2088032.755794,3353201.660007,1911817.355843,1.4387288573571404,0.5934901138325089,0.5683015081957481,2,-2.8056112224448926,-9.51492537313433,중립,,0.0,,13.0,관찰,13.0
2026-10-11T10:12:50+09:00,BARD,KRW-BARD,BARDUSDT,168.0,-0.59171598,242221054.78061095,1791681104052,False,False,,229039308.2485394,443478224.53462815,365576845.2992079,597906221.7955773,442694632.9726171,0.5164612275808714,0.48837016969376695,0.5227728505515612,1,-1.1695906432748537,-9.139784946236562,감소형,122296.98761,-1.203,114857.45006,360914.75408,654064.83282,374924.25756,386838.03734,0.31823983021359337,0.2479109267547007,0.27618335129212324,1,-1.1971268954509173,-9.832483612527321,감소형,,0.0,,13.0,관찰,13.0
2026-10-11T10:12:50+09:00,SPK,KRW-SPK,SPKUSDT,29.6,-0.33670034,241675569.68099844,1791680930639,False,False,,239838189.17591375,479242174.96757066,523245227.420722,888200931.7880528,515818596.77257395,0.5004530104057372,0.3805569403067104,0.39327844813348206,1,-3.2573289902280145,-12.389380530973447,감소형,515074.998073,-0.28,516556.292081,737539.495828,1123351.929578,1046004.260083,950736.154618,0.7003778034979499,0.5331009585169596,0.5077851697410719,1,-3.762130544600517,-13.453415159002159,감소형,,0.0,,13.0,관찰,13.0
2026-10-11T10:12:50+09:00,CRV,KRW-CRV,CRVUSDT,485.0,-0.41067762,231304950.48134103,1791681113375,False,False,,258589923.8715086,586054051.9463382,2298383585.087356,702437276.1577263,430670758.0020595,0.4412390342029173,0.2162801297478994,0.2720724963665307,1,-6.346153846153846,-3.5643564356435675,감소형,1939489.1824,-2.118,2172550.7114,7217041.04015,13359296.34947,4894269.37936,3179174.62867,0.3010306716164725,0.2558891585628687,0.340994004888215,1,-6.448230668414157,-4.341999463950685,감소형,,0.0,,13.0,관찰,13.0
2026-10-11T10:12:50+09:00,DOOD,KRW-DOOD,,2.15,-0.46296296,180452479.8033928,1791681117985,False,False,,182315604.3771251,302226302.33847475,737383455.0090756,596388708.7170901,1269843646.6200511,0.6032420175426787,0.33431988139148094,0.25945977783207813,1,-1.8181818181818188,-7.692307692307676,감소형,,,,,,,,,,,,,,NO_DATA,,0.0,,13.0,관찰,13.0
2026-10-11T10:12:50+09:00,KERNEL,KRW-KERNEL,KERNELUSDT,69.5,0.0,161252813.76495734,1791680965737,False,False,,52936062.39790231,126335851.40670735,178992594.59747487,241199947.19098297,455328554.47642803,0.4190106118609801,0.2905762796060196,0.21786759577631726,1,-0.7142857142857117,-5.570652173913038,감소형,99106.78414,-0.196,74478.58951,124429.30922,349112.49746,373653.77875,293720.90681,0.5985614641508336,0.2637357563856918,0.236409556148403,1,-0.3898635477582846,-6.238532110091743,감소형,,0.0,,13.0,관찰,13.0
2026-10-11T10:12:50+09:00,PROVE,KRW-PROVE,PROVEUSDT,274.0,0.0,122114893.04908048,1791681112029,False,False,,123850568.11099277,238157785.77608016,216570759.57272357,274421598.14559186,555638563.860692,0.5200357725337567,0.509568170078587,0.3848079725523918,1,-2.491103202846978,-6.164383561643838,감소형,334808.18789,-0.199,344855.57321,478291.08662,839597.57394,829553.04536,1006224.15259,0.7210160984747477,0.4817670797665608,0.4340900876190681,1,-2.570320077594568,-7.162661737523113,감소형,,0.0,,13.0,관찰,13.0
2026-10-11T10:12:50+09:00,SUPER,KRW-SUPER,SUPERUSDT,302.0,-0.330033,110673216.10803121,1791681173120,False,False,,150106323.238641,225881132.754956,939252564.2409561,284226830.1911563,749293329.0346053,0.664536791576487,0.31070183109643945,0.2919912294906681,1,-0.3289473684210509,-5.0156739811912265,감소형,852368.7946,0.316,876583.8421,1570649.8067,3418100.4434,1549628.1693,1685174.654,0.5581026644900169,0.4022024051861656,0.4391862062415659,1,-0.8039303260384045,-6.247361756015202,감소형,,0.0,,13.0,관찰,13.0
2026-10-11T10:12:50+09:00,SPX,KRW-SPX,,508.0,-0.39215685999999994,108973195.21342339,1791680795107,False,False,,106606040.28147067,171691444.369719,408324030.15234864,267950066.45700574,445627594.4104854,0.6209164392135118,0.3771593365399558,0.24780255806474175,1,-4.850746268656714,-16.666666666666664,감소형,,,,,,,,,,,,,,NO_DATA,,0.0,,13.0,관찰,13.0
2026-10-11T10:12:50+09:00,BTC,KRW-BTC,BTCUSDT,113182000.0,0.0884314,30460927285.42157,1791681174751,False,False,,31443568189.89827,72960012277.66539,142652118464.73346,170951546647.47925,88086932206.02402,0.4309698862197672,0.24402371481621463,0.269629189196201,1,-0.410399126360661,-2.5138364454559525,감소형,584343943.0387892,0.396,616246732.0583731,1016094089.6512578,1778910834.2706711,1745755734.9707692,1083162507.3845277,0.6064858937127371,0.40714328172186676,0.43918927081117004,1,-0.40019533901147764,-3.2396075547586056,감소형,,0.0,,12.9,관찰,12.9
2026-10-11T10:12:50+09:00,FOLD,KRW-FOLD,,87.4,-1.9079685700000002,3467724093.1496153,1791681164274,False,False,,3394029385.892593,5705039982.42645,6681221509.763606,8110158114.231741,4597191856.447896,0.5949177212337529,0.49677399044307213,0.4656488850566674,1,0.33783783783782884,-10.452261306532673,감소형,,,,,,,,,,,,,,NO_DATA,,0.0,,12.9,관찰,12.9
2026-10-11T10:12:50+09:00,JTO,KRW-JTO,JTOUSDT,745.0,-0.53404539,3018710660.406067,1791681171483,False,False,,3248818491.231414,5125821220.939808,9604926451.121202,6531901632.828878,5154055613.588483,0.6338142418934678,0.45838386994666724,0.5482176042382695,1,0.40214477211795163,-4.949238578680204,감소형,2438967.5784,5.376,2537124.5949,2964661.85949,7641216.27666,6295638.53565,4087463.38405,0.8557888606346669,0.45033673205195224,0.5303878491829405,1,0.5664169559656429,-5.591766723842184,중립,,0.0,,12.9,관찰,12.9
2026-10-11T10:12:50+09:00,BTT,KRW-BTT,,0.000499,-0.2,218631903.62350738,1791681153539,False,False,,211656664.77066192,401754470.3853064,615325266.9232649,908806622.8215019,290679060.00108755,0.5268308889448587,0.3297027319250032,0.4351977874150625,1,0.40160642570281624,-1.3806706114398382,감소형,,,,,,,,,,,,,,NO_DATA,,0.0,,12.9,관찰,12.9
2026-10-11T10:12:50+09:00,USDT,KRW-USDT,,1364.0,0.0,31308613598.6721,1791681170814,False,False,,31873923198.786915,66817153957.825424,132729666074.5928,107137240698.59589,58080427362.25045,0.4770320390914216,0.31179243345231594,0.3798684110956733,1,0.1468428781204123,0.9622501850481191,감소형,,,,,,,,,,,,,,NO_DATA,,0.0,,12.7,관찰,12.7
2026-10-11T10:12:50+09:00,ZAMA,KRW-ZAMA,ZAMAUSDT,104.0,-0.9523809499999999,687527287.908733,1791680809389,False,False,,523354961.3281662,1215476301.4165747,1563533000.6541562,2986597338.050079,2583975260.641726,0.4305760307446744,0.27231564377961104,0.2672874550760683,1,0.9615384615384581,-10.256410256410254,감소형,1774564.74347,-0.039,1640497.86231,3800437.66081,4492328.98168,5122619.81688,4568449.01071,0.4316602477727145,0.3668544027289332,0.3816241830673494,1,-0.03901677721420693,-10.50302748020494,감소형,,0.0,,12.7,관찰,12.7
2026-10-11T10:12:50+09:00,CELO,KRW-CELO,CELOUSDT,131.0,0.0,552141938.8283924,1791681021237,False,False,,636908364.4095737,926456191.8577486,899493370.255287,995809385.4657749,407422401.44930273,0.6874673298177566,0.677139730474924,0.5718705252155764,1,0.7692307692307665,-8.391608391608397,감소형,477647.107707,-0.672,517144.826251,683790.763425,729227.381568,690304.419032,589772.796158,0.7562910380080351,0.7376112942867473,0.6353194374235078,1,1.2088720697992272,-8.78256750355282,중립,,0.0,,12.7,관찰,12.7
2026-10-11T10:12:50+09:00,JPYC,KRW-JPYC,,8.56,0.11695906,145388131.79737145,1791681097748,False,False,,147220468.98717654,236796081.82667407,1715474751.2389517,895396005.2803743,1596154004.4048905,0.6217183487644717,0.15509588446731998,0.14564635616882463,1,-0.1168224299065379,0.8254716981132004,감소형,,,,,,,,,,,,,,NO_DATA,,0.0,,12.7,관찰,12.7
2026-10-11T10:12:50+09:00,ZKC,KRW-ZKC,ZKCUSDT,55.5,0.36166365,588125947.7512673,1791681163962,False,False,,572383473.0467304,1225586409.5490344,1578507781.2643535,2555320465.887119,2617033353.307817,0.4670282475287435,0.32039887359589847,0.2313372408594915,1,0.3629764065335772,-5.952380952380953,감소형,520842.1579,-0.49,527759.45231,882909.24895,767943.33146,913974.87725,1496355.64822,0.5977505082630383,0.617304042110689,0.5351253120424155,1,0.0,-6.682027649769584,감소형,,0.0,,12.6,관찰,12.6
2026-10-11T10:12:50+09:00,USDC,KRW-USDC,USDCUSDT,1367.0,0.29347028999999997,404280893.29369503,1791680943422,False,False,,408542902.0831022,962302454.2300527,1236700067.8520586,1949601328.9473374,1167887522.955283,0.4245472930960997,0.29543160789989026,0.3062457306326855,1,0.0,0.9629629629629655,감소형,1566829879.26061,0.005,1686145912.88237,3195698718.02521,4585150448.80493,4498091055.83662,2901892321.54423,0.5276298117127662,0.41196044991808833,0.43697809680380095,1,0.05398434454011447,0.07999760007200152,감소형,,0.0,,12.6,관찰,12.6
2026-10-11T10:12:50+09:00,ALGO,KRW-ALGO,ALGOUSDT,162.0,0.62111801,2699324991.6771526,1791681150906,False,False,,2854311197.0854645,7095132984.044887,19836746152.153103,2563448887.816032,1283311568.4779327,0.4022914304078683,0.2903149130697839,0.4354657666730268,1,0.0,-6.936416184971095,감소형,4574687.6884,2.761,4630663.5161,7148443.7843,21335597.6853,3497439.8067,3515228.8199,0.6477862393308937,0.4343760824672843,0.5879984127131163,1,-0.6734006734006814,-7.523510971786829,감소형,,0.0,,12.5,관찰,12.5
2026-10-11T10:12:50+09:00,CVC,KRW-CVC,CVCUSDT,35.5,0.56657224,514284641.59071714,1791681166610,False,False,,593925100.7056874,1549116879.8446422,798275068.4914993,1361024047.9187527,595475662.9321607,0.38339592604868583,0.4804680229824448,0.5528364170856453,1,-8.072916666666675,-16.74528301886793,감소형,378794.77394,-0.799,402983.06013,1846916.72872,717109.48676,446922.48754,261614.76627,0.2181923277121899,0.4015176941332201,0.5380294886862415,1,-8.67871059156925,-17.819572840293276,감소형,,0.0,,12.5,관찰,12.5
2026-10-11T10:12:50+09:00,ARB,KRW-ARB,ARBUSDT,258.0,0.0,2117657613.191532,1791681173115,False,False,,1979772325.064933,3848898281.0072484,5333740232.127847,8403677314.166893,3994823989.4605346,0.5143737715372491,0.33772377532162073,0.35498443050302714,1,1.5748031496062964,-8.510638297872342,감소형,6689122.71662,2.046,6641221.09432,9867112.23984,20310581.04725,16065340.51124,12363409.19371,0.6730663372313772,0.4308468032147042,0.43253682387848025,1,2.0452099031216253,-8.802308802308811,감소형,,0.0,,12.4,관찰,12.4
2026-10-11T10:12:50+09:00,MLK,KRW-MLK,,57.3,0.7029877,378398241.2086571,1791680968835,False,False,,206880512.05666903,423190405.90228415,118496779.68870385,242534384.91247928,101948704.48289552,0.4888591734861738,0.7914109475100991,1.0149957999120056,1,0.707964601769917,-4.04721753794266,감소형,,,,,,,,,,,,,,NO_DATA,,0.0,,12.3,관찰,12.3
2026-10-11T10:12:50+09:00,FLUID,KRW-FLUID,,2841.0,-0.8376963399999999,377084756.97926384,1791681144145,False,False,,367961502.98815686,716238158.7648486,1182110171.0511925,2205465120.7777424,15702280581.865583,0.5137418308216164,0.2689899339368725,0.038707664053234815,1,1.0582010582010692,1.5957446808510634,감소형,,,,,,,,,,,,,,NO_DATA,,0.0,,12.3,관찰,12.3
2026-10-11T10:12:50+09:00,MMT,KRW-MMT,MMTUSDT,245.0,-0.40650406999999994,371778364.7764291,1791681128542,False,False,,369955381.7275524,873133966.8686912,854030878.6594433,1027888071.022509,1016547529.8531127,0.4237097579130022,0.4028474874349135,0.40487586461779895,1,2.0746887966804906,-1.2048192771084376,감소형,314923.53354,-0.883,332746.58384,521547.95025,641394.29118,689740.77956,480570.45617,0.6379980664874638,0.5388076320722043,0.5797082269899599,1,1.9187358916478603,-2.060737527114964,감소형,,0.0,,12.3,관찰,12.3
2026-10-11T10:12:50+09:00,JUP,KRW-JUP,JUPUSDT,488.0,0.0,1756098671.3181407,1791681123264,False,False,,1864922542.080185,4096445670.3520093,10970986913.84225,4546040177.680451,2715531365.3651285,0.4552538205443675,0.28525125020775727,0.3823465727570704,1,-0.2044989775051076,3.6093418259023347,감소형,4289612.0406,-5.964,4284329.5484,8887687.57223,18097976.28306,9286357.76573,5568524.06084,0.48205222264862124,0.3543499389003331,0.4555172784240406,1,-0.2506963788300842,2.6074498567335347,감소형,,0.0,,12.2,관찰,12.2
2026-10-11T10:12:50+09:00,SOON,KRW-SOON,,422.0,0.9569378,1481051318.4310858,1791681161381,False,False,,1715699280.8667948,2838117291.332385,3515151894.747617,4909184008.990165,3840995367.689799,0.6045202170137729,0.4570139163688943,0.41739053039835583,1,-4.5662100456621,-9.523809523809524,감소형,,,,,,,,,,,,,,NO_DATA,,0.0,,12.2,관찰,12.2
2026-10-11T10:12:50+09:00,WAVES,KRW-WAVES,,374.0,1.0810810800000001,408177200.3878441,1791681168554,False,False,,417049727.4082908,613731984.4915925,1310092916.317714,1453009692.612406,942124381.059545,0.6795307038686753,0.37050946607280977,0.4307144497977077,1,-0.8042895442359255,-10.194174757281548,감소형,,,,,,,,,,,,,,NO_DATA,,0.0,,12.1,관찰,12.1
2026-10-11T10:12:50+09:00,PROS,KRW-PROS,,922.0,-0.32432432,312881761.724615,1791681129518,False,False,,345159777.5815352,485660828.96687347,2616568749.32369,3649210485.8583927,1757786683.2073395,0.7107012898606206,0.15337162485424974,0.1269267837212426,1,2.436323366555926,-7.960199004975122,감소형,,,,,,,,,,,,,,NO_DATA,,0.0,,12.1,관찰,12.1
2026-10-11T10:12:50+09:00,BLEND,KRW-BLEND,,90.1,-1.3143483,277630861.6366519,1791680993459,False,False,,286496817.1456068,415277534.9799614,3820115823.894762,382883654.49195075,129425124.53829858,0.6898924045083038,0.18610630088866434,0.2872252147138334,1,2.931228861330326,-1.0834236186348822,감소형,,,,,,,,,,,,,,NO_DATA,,0.0,,12.0,관찰,12.0
2026-10-11T10:12:50+09:00,CBK,KRW-CBK,,283.0,-0.7017543900000001,273095120.3328207,1791681156163,False,False,,278543895.2862257,609828027.0485471,4807439083.975553,356028203.2213994,122250339.81619354,0.45675810709180703,0.14474085255898334,0.22964444729089692,1,2.8880866425992746,-2.397260273972601,감소형,,,,,,,,,,,,,,NO_DATA,,0.0,,12.0,관찰,12.0
2026-10-11T10:12:50+09:00,CTC,KRW-CTC,,146.0,1.38888889,232710190.84958813,1791681156806,False,False,,224936078.58685336,327041717.77458465,538194260.0215127,1616151991.4863257,1910527988.8841631,0.6877901697602133,0.27194789533686003,0.23266801450526214,1,-4.635761589403975,-7.692307692307687,감소형,,,,,,,,,,,,,,NO_DATA,,0.0,,11.9,관찰,11.9
2026-10-11T10:12:50+09:00,XAUT,KRW-XAUT,XAUTUSDT,5701000.0,-0.10513404999999999,155737959.88416,1791681062502,False,False,,152425495.724,305013344.72999,569643576.61209,937349777.60718,482060099.79344,0.49973385872324094,0.2523591592885191,0.2542245797526778,1,1.783484929552337,2.0565092989985656,감소형,2802306.690394,-0.052,3029262.018467,42298282.262699,26889257.089329,49562782.645015,26997777.256684,0.07161666754345657,0.07652851716585068,0.08949331439735324,1,1.7525637782404901,1.1282485192795955,감소형,,0.0,,11.9,관찰,11.9
2026-10-11T10:12:50+09:00,JST,KRW-JST,JSTUSDT,189.0,1.06951872,268433305.5764762,1791681162015,False,False,,305209493.3792619,741829205.4440823,461449197.1494771,547661198.0698049,337015635.24105984,0.41142825213595347,0.5229355026243561,0.610750824608016,1,-3.6082474226804107,1.6304347826086918,감소형,6036128.867635,-3.26,5966372.123978,3259207.480296,6142560.660234,5321185.063954,5165477.767313,1.8306205296988753,1.2157286736795896,1.2365903587156344,2,-3.100993727535406,1.1550912301353744,중립,,0.0,,11.8,관찰,11.8
2026-10-11T10:12:50+09:00,PIEVERSE,KRW-PIEVERSE,,1807.0,0.33314825,201654334.0390412,1791681151235,False,False,,176536534.60036284,870553937.6582452,471049487.6447806,399220512.2668004,664830415.4526248,0.2027864408668795,0.3042292746390072,0.30475285784811945,1,2.5042686397268143,0.16685205784203738,감소형,,,,,,,,,,,,,,NO_DATA,,0.0,,11.8,관찰,11.8
2026-10-11T10:12:50+09:00,STEEM,KRW-STEEM,STEEMUSDT,83.4,-0.35842294,131163479.73561205,1791681089864,False,False,,139242843.61479425,649309493.7114675,337911978.55537665,600916654.5291704,3697484909.441167,0.21444757078612706,0.263030352206913,0.12285506525591472,1,3.3333333333333437,-1.5294117647058791,감소형,127677.134579,0.311,139307.971677,445368.730517,491437.374736,345354.718009,924435.51955,0.31279243945861734,0.32595280361767875,0.27209935190289064,1,3.6099865047233504,-2.6932826362484064,감소형,,0.0,,11.8,관찰,11.8
2026-10-11T10:12:50+09:00,CPOOL,KRW-CPOOL,,45.3,3.66132723,6598731888.026205,1791681173119,False,False,,5666914698.197459,12835181464.493544,2025360933.5215755,1935595181.609272,2148552532.08313,0.4415141861355107,1.0121817598836649,1.376776510116311,1,1.157407407407418,-11.717171717171714,감소형,,,,,,,,,,,,,,NO_DATA,,0.0,,11.6,관찰,11.6
2026-10-11T10:12:50+09:00,TOKAMAK,KRW-TOKAMAK,,496.0,0.40485829999999995,351354356.046787,1791680898870,False,False,,144915331.94428498,710469619.6475797,795910497.9110276,338832542.3270325,203768843.4448941,0.20397118741849732,0.23560752930223178,0.29473907653212866,1,3.131524008350728,-3.515625,감소형,,,,,,,,,,,,,,NO_DATA,,0.0,,11.6,관찰,11.6
2026-10-11T10:12:50+09:00,ARK,KRW-ARK,ARKUSDT,297.0,2.06185567,2252184399.0668874,1791681161698,False,False,,2270442546.8209653,3817734496.1972027,7663691727.337057,11505399210.505716,3003266005.9761114,0.5947093882726849,0.296314411052879,0.36501862253048883,1,-0.6825938566552892,-1.6891891891891886,감소형,1061051.0257,-0.275,1016382.6567,1481244.8978,3599889.3163,3697335.7003,899604.9491,0.6861678701540639,0.3473438993164683,0.4639638688977899,1,-0.5599626691553783,-2.2028453418999505,감소형,,0.0,,11.4,관찰,11.4
2026-10-11T10:12:50+09:00,GLM,KRW-GLM,GLMUSDT,181.0,-0.54945055,151712419.12939057,1791680828712,False,False,,167392020.47249678,283491919.25087625,363265412.3523056,366394095.6350728,248558596.73600098,0.5904648743245594,0.4956574584180077,0.5579088005618102,1,4.0000000000000036,1.1111111111111072,감소형,91854.52807,-0.15,96117.91977,220228.04901,459709.85629,285418.77495,334747.67548,0.4364472200615805,0.2987017806054075,0.33199970629504266,1,5.086071987480434,1.0534236267870645,감소형,,0.0,,11.4,관찰,11.4
2026-10-11T10:12:50+09:00,RAY,KRW-RAY,RAYUSDT,3226.0,-0.27820711000000004,1064243411.8244044,1791681170498,False,False,,1153872555.9331634,2842624531.280221,3995511478.610903,20036503601.4852,1671539169.6655862,0.4059180321692006,0.12880610560203196,0.1923592034374738,1,-4.00593471810089,7.833333333333337,감소형,4971741.85553,3.021,4948537.01659,9423136.27903,14239868.97821,29433916.61012,10334576.54509,0.5251475591626903,0.2795945702249073,0.3528738429106775,1,-3.8779479698516806,6.697553076646279,감소형,,0.0,,11.3,관찰,11.3
2026-10-11T10:12:50+09:00,ONDO,KRW-ONDO,ONDOUSDT,668.0,-1.32939439,26701016678.72268,1791681172790,False,False,,26149484986.31797,37292013090.51098,76616154132.66281,41014768671.71415,35045162840.84614,0.701208725923454,0.5063708256353959,0.5735399233386629,1,5.781250000000004,0.2962962962963056,감소형,18633850.15595,0.699,18255114.0134,23807316.71225,50085258.45086,23546957.46101,19364368.24401,0.7667858681447653,0.5620443834789443,0.6354603305390764,1,5.444491705657173,-0.7009813739234927,중립,,0.0,,10.9,관찰,10.9
2026-10-11T10:12:50+09:00,PYTH,KRW-PYTH,PYTHUSDT,106.0,-0.9345794399999999,1406866685.9005623,1791681134097,False,False,,1414019289.8857615,3164721370.6329226,5683081927.275953,1576648453.1343997,1306917308.384099,0.4468068825923109,0.40693342642530245,0.5490600564760922,1,5.940594059405946,0.0,감소형,3538729.856035,-4.204,3580580.98153,8492031.077969,14401938.724104,4000728.24722,4239044.480864,0.42164011750017655,0.3994000202159687,0.5263705730294048,1,6.666666666666665,-0.7564296520423675,감소형,,0.0,,10.9,관찰,10.9
2026-10-11T10:12:50+09:00,ONT,KRW-ONT,ONTUSDT,86.0,-0.23201855999999998,1986864682.857424,1791681007227,False,False,,1982620282.6147897,3631198611.005802,3100221401.6782355,505431332.2981089,221928265.9860753,0.5459961007381047,0.821885176896506,1.2479285459245295,1,7.750000000000012,4.358353510895885,감소형,1470836.73375,2.979,1443269.07412,2364387.64651,3409005.08069,571544.65615,387355.16211,0.6104198168394109,0.6824034597602204,0.9779243135816098,1,7.488087134104826,3.185753961770943,감소형,,0.0,,10.6,관찰,10.6
2026-10-11T10:12:50+09:00,BEAM,KRW-BEAM,,3.64,0.27548209,697720399.6439631,1791681152861,False,False,,715547367.9533687,1930670642.261323,2436397240.660715,6125251834.741721,2031359011.1331267,0.37062114702032994,0.20459175488583772,0.10150072543860507,1,2.5423728813559254,7.079646017699104,감소형,,,,,,,,,,,,,,NO_DATA,,0.0,,10.3,관찰,10.3
2026-10-11T10:12:50+09:00,YGG,KRW-YGG,YGGUSDT,37.9,-0.52493438,351044452.4657701,1791681131474,False,False,,417182704.10117275,559908767.4925969,293706415.1265182,808750496.5297767,5621717141.46408,0.7450905010282568,0.7528717225107135,0.27169084017558237,1,9.169054441260748,-2.0565552699228773,감소형,1531632.12679,0.689,1670199.565485,1315427.413567,922193.482321,1016243.711988,2032526.494516,1.2697010479323798,1.539891575183188,1.2819719171317632,3,9.051892313694875,-2.883947185545521,가속형,,0.0,,9.8,관찰,9.8
2026-10-11T10:12:50+09:00,BORA,KRW-BORA,,38.8,2.64550265,1139970774.9136057,1791681147978,False,False,,506703919.2695431,3079849682.6954384,162629870.76403102,395264050.41599506,204976428.98221692,0.16452228890147763,0.41787215464805727,0.6173994692474084,1,3.561643835616435,-2.577319587628868,감소형,,,,,,,,,,,,,,NO_DATA,,0.0,,9.6,관찰,9.6
2026-10-11T10:12:50+09:00,ENSO,KRW-ENSO,ENSOUSDT,1336.0,3.8073038099999996,2403335626.3866034,1791681172797,False,False,,2421854252.85852,13124519298.805302,1155776404.4061222,1651655202.0216827,892533798.4465243,0.18452898713623564,0.45603722995336804,0.6757085915795471,1,3.539823008849563,-6.058394160583946,감소형,882752.28733,2.83,762446.40331,3618574.29341,1313647.50068,1094502.22329,417704.6942,0.21070353721865992,0.3795327616352965,0.5536101865765838,1,3.6223929747530192,-6.811451135241853,감소형,,0.0,,8.7,관찰,8.7
2026-10-11T10:12:50+09:00,DOT,KRW-DOT,DOTUSDT,1709.0,-0.40792541,2872182229.6852827,1791681173129,False,False,,2926413848.3842716,4747447814.622253,2001137974.573512,2636270750.473667,1765654073.7126446,0.6164183288904929,0.9354689129283216,1.1070384900386327,1,12.45085190039319,3.063063063063054,감소형,11767418.29807,1.538,12317244.32562,18131393.44593,19014288.19725,13732960.20166,9888960.89626,0.6793324717348121,0.7262720001360956,0.824621863368018,1,12.71262309758281,2.3577235772357596,감소형,,0.0,,8.5,관찰,8.5
2026-10-11T10:12:50+09:00,CYBER,KRW-CYBER,CYBERUSDT,471.0,-0.21186440999999998,469781181.939829,1791681142832,False,False,,586986348.4471418,3319559419.970453,1600267271.0364707,753979065.5674555,2887631641.717753,0.17682658274343122,0.31036646668789436,0.3172251694421547,1,10.023310023310028,6.067415730337089,감소형,1509338.01365,-1.983,1609108.86465,4483300.98074,2750867.47213,1074252.1466,2600023.42988,0.35891163041755125,0.5810161553759012,0.6519725715858045,1,10.47619047619046,5.775075987841927,감소형,,0.0,,8.2,관찰,8.2
2026-10-11T10:12:50+09:00,APT,KRW-APT,APTUSDT,1163.0,-1.77364865,6563279312.535174,1791681165268,False,False,,6067113403.613394,10372192346.931463,8409635644.186888,7588158617.1172495,5133792197.374657,0.5849403096933797,0.6902294066829646,0.7920296588761688,1,13.846153846153841,3.4965034965035002,감소형,15091116.903604,3.539,14511829.806383,17487494.8341,15649754.804947,12318023.257803,12018372.907434,0.8298404056186163,0.9577654394011119,1.038795493006546,1,13.788136702893805,2.8280676842977304,중립,,0.0,,7.4,관찰,7.4
2026-10-11T10:12:50+09:00,QUID,KRW-QUID,,88.6,-2.63736264,2058415195.610714,1791681159427,False,False,,3024550145.937002,15601738813.307987,42186769163.71085,824641975.8887994,974649772.9009237,0.19385981153312978,0.15480571245703692,0.24760073247592682,1,13.749999999999996,4.718066743383198,감소형,,,,,,,,,,,,,,NO_DATA,,0.0,,7.1,관찰,7.1
2026-10-11T10:12:50+09:00,IMX,KRW-IMX,IMXUSDT,268.0,-1.10701107,492453459.0283684,1791681128861,False,False,,665662355.7006419,905365367.2932619,811348614.7765974,963074488.9666463,451816967.57401586,0.7352416822511652,0.7452032459597522,0.8676850291661643,1,12.916666666666664,6.2745098039215685,감소형,1499557.97475,-2.278,1724821.477171,1718019.35753,1981582.358048,993855.786841,1062406.096966,1.0039592799762045,1.1024845604431468,1.3531941363688065,2,13.253697383390218,6.017039403620883,중립,,0.0,,7.1,관찰,7.1
2026-10-11T10:12:50+09:00,ATOM,KRW-ATOM,ATOMUSDT,2674.0,0.37537538000000004,3442436260.5107484,1791681171156,False,False,,3955866952.4800096,10634783304.98769,3310257146.7996306,1669441427.0661657,837890636.2402885,0.3719743824610621,0.7600380819239467,1.0752192222008836,1,13.409961685823756,8.779093507554103,감소형,15352127.36655,-2.292,16324556.35955,23145098.452,7336533.30115,2956772.81873,2478974.37297,0.7053137576150328,1.4645934728546939,2.01749180963572,1,13.159420289855062,7.726269315673284,감소형,,0.0,,6.5,관찰,6.5
2026-10-11T10:12:50+09:00,DKA,KRW-DKA,,6.06,11.60220994,5807255544.558,1791681169516,False,False,,76481085.47006372,121965070.98496263,819858740.8026581,257429237.06122136,211166028.60337013,0.6270736765241031,0.19132180370976146,0.2543303782438507,1,0.9293680297397744,-4.401408450704225,감소형,,,,,,,,,,,,,,NO_DATA,,0.0,,3.4,관찰,3.4
2026-10-11T10:12:50+09:00,AERO,KRW-AERO,AEROUSDT,1285.0,0.4691165,4303090750.212671,1791681124593,False,False,,4213833555.197394,1141604034.0072284,1276354411.7347405,952196970.994686,385886663.00329965,3.691151598690578,3.7510141528823127,4.8549978250371915,2,17.77163904235728,11.800699300699291,고수준 유지형,11303995.131,16.476,10838683.93602,5075895.22827,10463276.25606,4123680.43754,5945803.20541,2.135324597650159,1.6536793308143685,1.7353453536359196,2,18.313222724987433,11.291085362969966,고수준 유지형,,0.0,,53.8,시동,53.8
2026-10-11T10:12:50+09:00,CKB,KRW-CKB,CKBUSDT,1.96,-1.01010101,996590022.3076057,1791681158142,False,False,,941920630.0822655,270659085.8236431,734385073.9473189,160557439.68431994,197017842.2058682,3.48009979866704,2.424294794694305,3.009284681043659,2,15.116279069767447,7.608695652173902,고수준 유지형,2320616.780186,9.036,2203871.714817,400650.124189,1272708.895924,326181.177661,259107.457629,5.500738878536727,3.306567755832776,4.42375832470752,2,14.39811172305272,7.148120854826834,일회성 폭증형,,0.0,,47.5,시동,47.5
2026-10-11T10:12:50+09:00,CFX,KRW-CFX,CFXUSDT,83.5,-0.71343639,21956375232.61637,1791681169205,False,True,"거래량급등,입금량급등",20874997861.83542,60879456.89990762,120507573.93316981,132171400.04161267,89182283.07584025,342.89067158000705,199.72352014522482,223.95217238345927,2,18.95332390381894,13.189771197846568,일회성 폭증형,26958100.55989,20.161,26458843.82809,839724.47137,1641741.9923,1111882.62106,771147.62914,31.508958867094496,22.089846995824026,24.039476516419562,2,19.165378670788247,12.165848336061114,일회성 폭증형,,0.0,,27.5,시동,27.5
2026-10-11T10:12:50+09:00,DOS,KRW-DOS,,353.0,2.61627907,4112555412.807963,1791681173128,False,False,,3837647506.11849,4470230476.23316,9096888037.87415,3943323444.7362475,647458009.3614076,0.8584898533805094,0.6574901162069711,1.0340992215092526,1,15.436241610738266,19.031141868512115,중립,,,,,,,,,,,,,,NO_DATA,,0.0,,13.5,시동,13.5
2026-10-11T10:12:50+09:00,W,KRW-W,WUSDT,23.9,-0.8298755200000001,5211517409.537524,1791681172140,False,False,,5797009180.539716,16929843222.761276,18302882082.39898,2293952285.702273,1274579312.2463772,0.3424136363381053,0.46343104847240024,0.724125388929497,1,9.545454545454547,22.959183673469386,감소형,4356876.157599,-1.237,4369077.590862,7298649.8864,17727200.997719,2764975.677236,1286041.709564,0.5986144915655096,0.4716388245469634,0.7203283441741966,1,9.164086687306483,22.00692041522492,감소형,,0.0,,4.6,시동,4.6
2026-10-11T10:12:50+09:00,BAT,KRW-BAT,BATUSDT,188.0,-2.5906735800000003,10748566811.819307,1791681159100,False,False,,11949706651.612434,8482228285.259968,1013470146.2031324,1219596583.600309,332416105.75768715,1.408793332334393,3.345602701973312,5.076827981377571,3,38.84892086330935,34.96503496503496,가속형,13587542.7296,-0.935,14456756.4256,10384615.6676,1242190.4365,1536359.5319,943976.5733,1.3921320623068485,3.2948205983358942,4.6649656590021955,3,39.01960784313727,33.77358490566038,가속형,,0.0,,61.0,이미 발동,61.0
2026-10-11T10:12:50+09:00,TIA,KRW-TIA,TIAUSDT,814.0,-0.61050061,4439332113.106149,1791681172465,False,False,,4159947154.485125,1940258043.6620808,2638506028.431263,1326637063.9374704,682202314.6762044,2.1440174764762525,2.113292759625035,2.88216811994156,2,27.570093457943923,26.78018575851393,고수준 유지형,21753732.68408,24.459,20326235.250341,11383424.67404,22105413.589656,7621931.61886,5605019.6596,1.7855993106095,1.4832781270023674,1.9679450186880085,2,27.554048325561673,25.87324827441957,고수준 유지형,,0.0,,37.4,이미 발동,37.4
2026-10-11T10:12:50+09:00,ERA,KRW-ERA,ERAUSDT,102.0,-5.55555556,49376337572.0971,1791681173113,False,False,,48785999350.23812,7559807460.084063,31281947390.126698,643753647.2881728,403569867.39658487,6.453338872428854,3.7066256360858283,6.014008915046629,2,27.058823529411757,22.310305775764448,일회성 폭증형,21447339.92459,10.395,21274126.85674,3164309.82492,10637064.17152,581627.84104,280384.05098,6.723149133248308,4.437347731118841,6.934482298241508,2,25.7234726688103,19.20731707317074,일회성 폭증형,,0.0,,32.1,이미 발동,32.1
2026-10-11T10:12:50+09:00,CHIP,KRW-CHIP,CHIPUSDT,93.2,0.75675676,14948996108.84481,1791681173130,False,False,,12296794249.864275,1747735594.0506465,6503896146.841255,2901473721.4146156,6002320039.676744,7.03584357480788,3.307633275258541,3.061195354960735,2,33.09352517985611,30.64971751412431,일회성 폭증형,16645097.32884,31.131,15455574.6749,2865481.97628,6228195.15788,3552732.34717,7022260.26062,5.3937085638083815,3.666394330592536,3.3269315174546854,2,33.019607843137265,29.41625333842044,일회성 폭증형,,0.0,,28.0,이미 발동,28.0
2026-10-11T10:12:50+09:00,CAP,KRW-CAP,,124.0,-1.5873015899999998,29854316960.606594,1791681171160,False,False,,30845846569.993954,8583592132.534518,20831380990.668743,47191476377.377785,60922006319.539055,3.5935825111119244,1.2079601693233413,1.0390136351177837,2,29.496402877697836,26.0,중립,,,,,,,,,,,,,,NO_DATA,,0.0,,21.1,이미 발동,21.1
2026-10-11T10:12:50+09:00,DRV,KRW-DRV,,710.0,-3.5326087,28893283254.116367,1791681173130,False,False,,40739803702.42046,63893070825.69992,20796035628.037563,2640547508.7312374,2249293945.113977,0.637624756111011,1.399517867777045,2.1931186092773096,1,44.88188976377954,32.851985559566785,감소형,,,,,,,,,,,,,,NO_DATA,,0.0,,7.2,이미 발동,7.2
2026-10-11T10:12:50+09:00,MET2,KRW-MET2,,569.0,-1.21527778,5881691892.051836,1791681139280,False,False,,6100151465.052858,12208742906.028975,51538225860.91057,19306414742.511986,7513030557.466016,0.4996543470532462,0.22034568155884912,0.3348739871173581,1,-5.107084019769359,43.28358208955223,감소형,,,,,,,,,,,,,,NO_DATA,,0.0,,6.0,이미 발동,6.0
2026-10-11T10:12:50+09:00,ZK,KRW-ZK,ZKUSDT,20.7,-0.48076923000000005,4003832797.7798853,1791681144141,False,False,,4166798210.1419306,10284698796.18695,492842266.1722772,782205744.5457486,564675329.6146219,0.4051453807948921,1.081372701256652,1.546836782764558,1,27.60736196319018,18.85714285714286,감소형,11710211.977724,8.208,11678273.079524,12375712.179603,2754416.968647,1903609.441411,1842568.305906,0.9436445280920089,2.0567897677986644,2.8425967813920003,1,26.90058479532165,17.478731631863887,중립,,0.0,,4.2,이미 발동,4.2
2026-10-11T10:12:50+09:00,RVN,KRW-RVN,RVNUSDT,2.79,-5.42372881,3445466227.127317,1791681166270,True,False,,2348032526.7261276,1390691936.851168,1923721729.0085237,2332436045.702198,2405395983.3306165,1.6883915585522047,1.2474384727745873,0.5633247005750014,2,-7.232704402515722,-13.48973607038123,중립,1815874.3375463,-9.807,1282018.1157906,723177.2509399,1304169.8586198,1199390.7573494,2206990.8704814,1.7727578047074695,1.1919326905398562,0.4520101975902224,2,-6.521739130434778,-12.28070175438597,중립,,0.0,,0,유의종목,0
2026-10-11T10:12:50+09:00,ZIL,KRW-ZIL,ZILUSDT,4.59,-1.29032258,1409175420.7183454,1791681165614,True,False,,1390343144.049906,573017509.8142899,1413705793.293043,1108352781.927924,4044093297.504254,2.4263536807112653,1.3476338925290765,0.29420139414472135,2,5.203619909502266,-0.8528784648187626,중립,446194.6895646,1.807,446510.6767342,660310.3842498,605686.474063,488090.5821291,687335.0752104,0.676213319349044,0.7636632013425381,0.4980515052301685,1,5.225863596102753,-1.6827586206896616,감소형,,0.0,,0,유의종목,0
2026-10-11T10:12:50+09:00,MANTRA,KRW-MANTRA,MANTRAUSDT,6.6,-1.9316493300000002,818135604.4674255,1791681167261,True,False,,846874137.0180386,502292502.3980277,621884596.3425146,1131472372.9086566,5053499429.110761,1.6860178739975633,1.1263374220980182,0.5092890765914909,2,-0.4437869822485063,-2.0378457059679667,중립,567873.03693,0.446,579206.42084,251391.09484,496246.22739,461198.29975,376999.09154,2.304005323691521,1.437432212391197,1.4274428377123838,2,1.7897091722595126,-0.21929824561403022,고수준 유지형,,0.0,,0,유의종목,0
2026-10-11T10:12:50+09:00,BLAST,KRW-BLAST,,0.288,-0.68965517,815322743.1338443,1791681037824,True,True,글로벌가격차이,788911915.2128384,834825651.0699626,3941871673.956696,1527621701.8505232,4190913041.9266124,0.945002006349136,0.37541497115682415,0.2435224706918659,1,-1.3605442176870763,-9.090909090909093,중립,,,,,,,,,,,,,,NO_DATA,,0.0,,0,유의종목,0
2026-10-11T10:12:50+09:00,EGLD,KRW-EGLD,EGLDUSDT,6140.0,-0.72756669,421454367.807318,1791681125259,True,True,글로벌가격차이,415072783.6856031,609888993.010465,1185361366.6366892,7242178928.530055,1278521090.4704456,0.680571035782705,0.13778457472257155,0.18566497187026482,1,-4.331013147718488,-11.007194244604312,감소형,409408.24365,-0.9,414223.50427,530541.5368,900213.34525,703037.1779,595535.35056,0.7807560304673208,0.5823765755502524,0.6543022818073,1,-2.8682547399124902,-12.97909407665504,중립,,0.0,,0,유의종목,0
2026-10-11T10:12:50+09:00,ICX,KRW-ICX,,19.4,0.0,331705073.67216647,1791681172468,True,False,,332380498.8909601,467436439.13622266,616767298.768495,903950030.3558644,2373078766.7172904,0.7110710057289652,0.5015414363775648,0.29202708560768115,1,0.0,-3.960396039603964,감소형,,,,,,,,,,,,,,NO_DATA,,0.0,,0,유의종목,0
2026-10-11T10:12:50+09:00,SOPH,KRW-SOPH,SOPHUSDT,5.01,0.0,246093074.77234298,1791681112363,True,False,,239011907.97327042,430555765.6899083,816775841.0262091,696505384.5552555,610123090.0791684,0.555124160491233,0.3688764681090011,0.27723184434335923,1,-2.529182879377434,-5.827067669172936,감소형,118666.07453,-1.09,127186.17648,221614.98892,618501.22111,410748.76788,188989.89353,0.5739060209772746,0.3050357442076,0.3647522870023357,1,-1.3513513513513598,-4.450261780104714,감소형,,0.0,,0,유의종목,0
