scan_time_kst,coin,upbit_market,binance_symbol,upbit_price,upbit_price_24h_pct,upbit_24h_trade_krw,upbit_timestamp_ms,warning,caution_any,caution_types,upbit_D1_trade_krw,upbit_D2_trade_krw,upbit_D3_trade_krw,upbit_D4_trade_krw,upbit_D5_trade_krw,upbit_d1_vs_prev_x,upbit_d1_vs_3davg_x,upbit_d1_vs_5davg_x,upbit_rise_streak,upbit_price_3d_pct,upbit_price_5d_pct,upbit_supply_pattern,binance_24h_quote_usdt,binance_price_24h_pct,binance_D1_quote_usdt,binance_D2_quote_usdt,binance_D3_quote_usdt,binance_D4_quote_usdt,binance_D5_quote_usdt,binance_d1_vs_prev_x,binance_d1_vs_3davg_x,binance_d1_vs_5davg_x,binance_rise_streak,binance_price_3d_pct,binance_price_5d_pct,binance_supply_pattern,overseas_lead,overseas_lead_score,overseas_lead_reason,raw_signal_score,state,score
2026-10-04T02:14:12+09:00,MEGA,KRW-MEGA,MEGAUSDT,66.8,5.696202530000001,6519543811.836702,1791047617681,False,False,,32280695431.60297,30684214498.22025,865028891.5158341,613436933.5047845,1160352554.0216484,1.0520293890356984,3.0110079546085116,4.715613939901866,4,11.072056239015815,6.218487394957983,연속 가속형,4184733.486194,3.015,10148017.728505,16133569.371924,1916675.220346,1380986.82187,2062441.294633,0.6290001607557971,1.5667588191740143,2.214812955738999,1,10.204567078972415,5.535307517084287,감소형,,0.0,,75.3,발사 전,75.3
2026-10-04T02:14:12+09:00,FCT2,KRW-FCT2,,13.2,0.0,165456260.3119427,1791044982986,False,False,,1081251278.4378188,791665436.4731266,207624266.51391056,166839381.10557035,2269860482.9498725,1.3657932108982784,2.7816421694322955,1.4516207509481873,4,3.937007874015741,1.538461538461533,연속 가속형,,,,,,,,,,,,,,NO_DATA,,0.0,,71.8,발사 전,71.8
2026-10-04T02:14:12+09:00,BEAM,KRW-BEAM,,2.86,-2.72108844,277416110.77822816,1791047584534,False,False,,585577280.1471372,320970427.43676424,245801421.7692941,159437802.2857255,359039145.16258943,1.8243963620682913,2.4190422653192822,2.0258783424733946,4,6.137184115523464,0.0,연속 가속형,,,,,,,,,,,,,,NO_DATA,,0.0,,71.3,발사 전,71.3
2026-10-04T02:14:12+09:00,CKB,KRW-CKB,CKBUSDT,1.77,-0.56179775,407968899.1688479,1791047442995,False,True,거래량급등,4768391088.225902,188220215.88725707,185349835.186103,203798998.8212613,381061750.4729305,25.334106996679587,24.776480947997847,20.601403697579986,3,0.0,-7.772020725388595,가속형,314897.902631,-0.534,1515578.062884,251944.737651,383632.235106,264105.11686,426768.185946,6.015517835436657,5.05371201797245,4.663432315592674,2,-0.5343511450381699,-8.23943661971832,일회성 폭증형,,0.0,,68.0,발사 전,68.0
2026-10-04T02:14:12+09:00,ZKC,KRW-ZKC,ZKCUSDT,57.0,-1.21317158,1568512397.6580248,1791047523081,False,True,거래량급등,8911325503.485468,1116531910.1765485,1059881170.4734648,1257073907.30738,2608535424.32849,7.981254653148596,7.7862466362106835,5.266840790069591,3,1.405975395430592,-6.634304207119735,가속형,334998.52223,-1.643,1799118.19089,404485.69372,410784.48121,291629.10686,796276.27337,4.447915510543165,4.876102696481812,3.3564322555912445,2,0.4761904761904745,-7.4561403508771935,일회성 폭증형,,0.0,,67.5,발사 전,67.5
2026-10-04T02:14:12+09:00,WAVES,KRW-WAVES,,399.0,-1.7241379300000002,900444925.5151442,1791047392755,False,False,,3349165146.5957913,2882477103.787814,2013928443.3012526,667226187.7585667,1683639596.49608,1.1619052037550308,1.8059238854461197,1.9600426552833496,4,5.729166666666674,0.4950495049504955,연속 가속형,,,,,,,,,,,,,,NO_DATA,,0.0,,66.1,발사 전,66.1
2026-10-04T02:14:12+09:00,VVV,KRW-VVV,,37830.0,0.13234516,925192619.0089006,1791047419113,False,True,거래량급등,4302311743.646523,1010091793.4748545,892334392.6737078,1026920297.1880865,1360192201.9195788,4.259327490272919,4.406080094778692,2.780842875824472,3,3.280481137233471,-4.908129876667511,가속형,,,,,,,,,,,,,,NO_DATA,,0.0,,63.7,발사 전,63.7
2026-10-04T02:14:12+09:00,ZK,KRW-ZK,ZKUSDT,17.8,3.48837209,1020446511.813751,1791047649683,False,True,"거래량급등,입금량급등",6753607805.822647,267601713.31819445,220752687.26523867,577623494.3710495,639002411.6098866,25.237535746986058,19.00679508774718,15.075211524809749,3,5.521472392638027,-3.9106145251396662,가속형,2379270.264899,0.463,6446179.750056,1613044.742712,1704433.016156,1775158.325031,2115466.599644,3.9962808094325313,3.79735345930356,3.4689641407672513,2,4.568106312292364,-4.621212121212115,고수준 유지형,,0.0,,63.3,발사 전,63.3
2026-10-04T02:14:12+09:00,OPG,KRW-OPG,OPGUSDT,177.0,-2.20994475,390095108.05877113,1791047588043,False,False,,596797559.6774409,225609811.47142154,171222417.62468308,349684736.0523854,565421743.9761583,2.6452642098548025,2.3983281862538717,1.41159161899017,3,5.84795321637428,1.6853932584269593,가속형,1465360.36918,-1.806,1047054.2437,646875.65915,446212.28128,622162.47918,949182.75921,1.6186329302849918,1.831314363889917,1.5178475805912683,3,5.480540111199361,0.7587253414264028,가속형,,0.0,,56.8,발사 전,56.8
2026-10-04T02:14:12+09:00,GMT,KRW-GMT,GMTUSDT,11.9,1.70940171,1264400941.463127,1791046960526,False,False,,1722530829.47944,1170444683.0441892,530189362.52776253,915451455.7126865,1255834302.9223845,1.471689225841361,1.975314830459767,1.8367700023091378,3,2.631578947368407,-4.87804878048782,가속형,1481465.061191,-1.461,1599412.63769,568523.396255,330503.86213,388160.127668,564739.650448,2.8132749649807107,3.7276918380805446,3.356441104652698,3,2.130177514792919,-4.4296788482834915,가속형,,0.0,,55.7,발사 전,55.7
2026-10-04T02:14:12+09:00,BSV,KRW-BSV,,26930.0,0.9370314799999999,654258331.6403794,1791047567440,False,False,,2574539048.030524,807172019.9391148,867597760.6033612,1037673342.4501705,1890427629.9000912,3.1895791534309152,2.8474761659039256,2.2571695500032787,2,-1.8034596981965412,-7.936507936507942,고수준 유지형,,,,,,,,,,,,,,NO_DATA,,0.0,,53.3,관찰,53.3
2026-10-04T02:14:12+09:00,SNT,KRW-SNT,,11.5,-1.70940171,218591710.0086663,1791047390228,False,False,,361373609.5536154,156808640.3338312,151689020.78504086,259219304.67705002,723669568.560577,2.3045516419521537,1.9096149912323679,1.0726530420182745,3,3.539823008849541,-2.500000000000002,가속형,,,,,,,,,,,,,,NO_DATA,,0.0,,52.4,관찰,52.4
2026-10-04T02:14:12+09:00,WET,KRW-WET,,89.8,1.6987542500000001,187567142.62289342,1791047636980,False,False,,518085931.6663031,331411611.9415198,174163072.8193102,438326015.1595408,470795550.9405142,1.563270304957581,1.6466327391536306,1.3759824491702506,3,0.2270147559591429,-7.052631578947366,가속형,,,,,,,,,,,,,,NO_DATA,,0.0,,51.6,관찰,51.6
2026-10-04T02:14:12+09:00,WCT,KRW-WCT,WCTUSDT,58.4,-0.34129693,465985736.8560557,1791046799991,False,False,,569819482.0740287,342383233.1888593,211766808.1518971,417221597.22118676,863406033.019258,1.6642739095804822,1.7598397753848731,1.1090624550761858,3,4.2704626334519435,-1.3468013468013407,가속형,356558.175156,0.919,550604.62233,282862.713291,366816.622704,453315.968836,555394.801332,1.946543663970146,1.4975710773701703,1.082466698866951,2,4.0203439089367965,-1.7612076852698944,고수준 유지형,,0.0,,51.1,관찰,51.1
2026-10-04T02:14:12+09:00,SKY,KRW-SKY,SKYUSDT,121.0,2.54237288,634469185.9494325,1791047493086,False,False,,1400071356.5628707,624767159.462247,579216531.0750043,1067373307.0822468,1440338225.1071994,2.2409490245421155,1.8492091177611698,1.5943951990064302,3,5.35714285714286,6.3063063063063085,가속형,5774757.01762,-5.198,13114453.19515,3614469.94956,3296730.23036,6366773.13907,7091214.80052,3.628319885947996,2.9630545746903705,2.6412788031368857,3,6.25763871913958,5.650747356908492,가속형,,0.0,,50.5,관찰,50.5
2026-10-04T02:14:12+09:00,2Z,KRW-2Z,2ZUSDT,63.4,0.7949125600000001,9540321692.31803,1791047634697,False,True,"입금량급등,소수계정집중",8978861365.530071,3082835864.707654,3312971312.419256,2620478011.3151684,4444744136.350129,2.9125330570855867,2.987547923963193,1.8000405981144327,2,-28.846153846153854,-31.630434782608695,고수준 유지형,9996004.14084,-2.242,9783090.1664,2969425.32324,2343001.5204,2261295.6006,3628614.58169,3.2946072392638834,3.8751447145413724,3.378428974572025,4,-29.363859864781805,-32.38711575231652,연속 가속형,EARLY,5.0,Binance 연속가속 우위,49.3,관찰,49.3
2026-10-04T02:14:12+09:00,USDC,KRW-USDC,USDCUSDT,1357.0,-0.22058824,973387224.9522827,1791047473273,False,False,,2055045355.979472,1581488631.3213503,1318222080.6696765,1530278582.0070238,1761778859.9772894,1.2994373246062856,1.3916819339250368,1.3989178808483753,3,0.07358351729211954,0.2949852507374562,중립,1696160067.46321,-0.006,4452872767.65104,4435066737.89797,2901145994.44802,3048582782.34266,3449242220.57328,1.0040148279169998,1.286363153136543,1.4877294890528607,3,-0.020991603358655464,0.002999520076785167,중립,,0.0,,46.0,관찰,46.0
2026-10-04T02:14:12+09:00,OPEN,KRW-OPEN,OPENUSDT,158.0,-8.670520230000001,4469785545.465681,1791047641677,False,False,,1533634902.2190304,615964525.9791826,694076503.2066075,808856955.7477189,1860351222.7360988,2.4898104315034235,2.1713667856461094,1.4363101733375014,2,-1.1428571428571455,-8.465608465608465,고수준 유지형,4753592.49184,-11.533,1158512.71746,770020.58379,769727.57567,729862.16025,1424430.76676,1.5045217515587215,1.531336953395633,1.2997645677594716,4,-1.5515903801396225,-8.507570295602008,연속 가속형,,0.0,,44.6,관찰,44.6
2026-10-04T02:14:12+09:00,JPYC,KRW-JPYC,,8.53,0.11737088999999999,743868990.6255866,1791047338373,False,False,,1265839473.169068,1058681871.7023259,859653062.0279824,921894373.7899803,1899004136.411753,1.1956750247679593,1.3370464171509777,1.0984570591807123,3,-0.4672897196261738,-0.583430571761967,중립,,,,,,,,,,,,,,NO_DATA,,0.0,,44.1,관찰,44.1
2026-10-04T02:14:12+09:00,SUN,KRW-SUN,SUNUSDT,23.2,0.43290042999999995,140532717.7177159,1791046862181,False,False,,498204373.13762385,271599920.40288025,252091877.87962645,506868115.28542954,1137859831.2689235,1.834331808340031,1.4502923117185116,0.789852243015947,3,-0.4310344827586077,0.8733624454148492,고수준 유지형,367669.31514,0.351,479391.09823,461039.81255,491246.85696,727709.09468,1595393.89484,1.039804123592927,0.8560576909450762,0.5671516047430334,2,0.05868544600937664,0.5899705014749124,중립,,0.0,,44.1,관찰,44.1
2026-10-04T02:14:12+09:00,PEPE,KRW-PEPE,PEPEUSDT,0.00586,1.2089809999999999,3755319287.1482925,1791047613192,False,False,,7786664166.0110035,4322788763.379305,4464254870.896714,3269241175.923696,4399875758.608813,1.8013057292958823,1.93757802389259,1.9014457669793696,2,0.17301038062282892,-2.0304568527918843,고수준 유지형,25532383.83727023,-1.144,52840076.97040139,30224003.06822363,42132381.67599123,31210276.95431895,39878458.28349142,1.7482818821559558,1.5306106068440395,1.585896044007606,2,-0.23474178403755097,-2.522935779816504,고수준 유지형,,0.0,,44.0,관찰,44.0
2026-10-04T02:14:12+09:00,ADA,KRW-ADA,ADAUSDT,335.0,0.90361446,14280752514.331692,1791047596654,False,False,,23853696745.677475,16184194925.979229,15265457746.184877,23325980987.100357,27372354564.237602,1.4738883741067028,1.3064402081075508,1.2532364247107568,3,0.30211480362538623,-3.7681159420289823,중립,34534761.8377,-2.067,60139277.87691,35642723.99314,35362507.3654,42122114.97634,56126026.63776,1.6872806323244192,1.5948206996445975,1.5193941336037253,3,-0.04089979550101486,-4.194433555468436,가속형,,0.0,,43.9,관찰,43.9
2026-10-04T02:14:12+09:00,ID,KRW-ID,IDUSDT,50.0,-0.59642147,703785656.8373643,1791046963147,False,False,,934414839.423865,865318248.9650791,566144790.6956267,682789129.7698361,1557882123.1473405,1.0798510727601383,1.325879929935996,1.0095985228788324,3,-0.3960396039603964,-7.19557195571957,중립,364168.2294,-1.867,505435.2718,326918.2381,301287.2875,318518.3322,535159.3276,1.5460601853769746,1.601634735310882,1.4409174649028162,3,-1.0723860589812229,-7.750000000000002,가속형,,0.0,,43.7,관찰,43.7
2026-10-04T02:14:12+09:00,USDT,KRW-USDT,,1357.0,-0.22058824,94110302675.46037,1791047653076,False,False,,131256174943.20087,60350850647.97362,72578772368.23082,83961507289.44925,99235751784.747,2.1748852507285745,1.8155123461004816,1.8117221661799212,2,0.2949852507374562,0.4431314623338345,고수준 유지형,,,,,,,,,,,,,,NO_DATA,,0.0,,43.4,관찰,43.4
2026-10-04T02:14:12+09:00,ASTR,KRW-ASTR,ASTRUSDT,10.1,1.0,359505692.17266285,1791047110004,False,False,,419058642.4737693,346350348.422462,320662130.92639095,344815440.1984187,441332219.1243052,1.2099270128714326,1.2424799742468204,1.2025999862252674,3,-0.990099009900991,-4.761904761904767,중립,250097.5294454,-0.694,417171.5192388,411403.0075911,536855.1701247,372884.7603166,595716.3735668,1.0140215592527544,0.9472968606866274,0.9189697755482585,2,0.18939393939394478,-3.718148725949033,중립,,0.0,,43.2,관찰,43.2
2026-10-04T02:14:12+09:00,BTC,KRW-BTC,BTCUSDT,115353000.0,0.26336375,61695048633.20376,1791047656120,False,False,,184986638991.9129,92081396132.22375,117747705920.11533,95436693181.98767,134347415261.73451,2.008946940012534,1.817956435472054,1.806858942791496,2,1.2879995069858374,0.5242463958060384,고수준 유지형,1025845024.9225957,-0.13,2268231876.268694,1409485416.762407,1557658297.3238585,1126045075.038149,1746910498.4279687,1.6092623941287951,1.662443629985045,1.7043929602902947,2,1.0211721552702668,0.05446775262807346,고수준 유지형,,0.0,,42.8,관찰,42.8
2026-10-04T02:14:12+09:00,DATA,KRW-DATA,,286.0,-1.03806228,11413274682.83798,1791047631474,False,False,,9591973056.525984,8381058452.140626,6274903338.891525,9227613555.574533,18046195994.053455,1.1444823003323734,1.2048413502573163,0.9459030053347294,3,-2.6936026936026924,-9.11949685534591,중립,,,,,,,,,,,,,,NO_DATA,,0.0,,42.6,관찰,42.6
2026-10-04T02:14:12+09:00,NCT,KRW-NCT,,13.6,-0.7299270099999999,196357525.92477807,1791047586122,False,False,,396366876.72003603,290152790.2099427,260081013.94670597,487096482.7687506,859890383.8053346,1.3660626059575065,1.1463086011732573,0.8656111723889,3,-1.4388489208633115,-6.802721088435371,중립,,,,,,,,,,,,,,NO_DATA,,0.0,,42.2,관찰,42.2
2026-10-04T02:14:12+09:00,BORA,KRW-BORA,,38.7,0.0,191714184.50462255,1791047584849,False,False,,527745634.2992205,216907502.72514647,342626617.23798704,297763206.693273,534661856.1702951,2.433044628096389,1.8467769041955755,1.5075694785240483,2,1.0443864229765065,-1.5267175572518887,고수준 유지형,,,,,,,,,,,,,,NO_DATA,,0.0,,41.9,관찰,41.9
2026-10-04T02:14:12+09:00,APT,KRW-APT,APTUSDT,1100.0,1.85185185,5088542232.577458,1791047506173,False,False,,11061025687.665052,5291317569.483258,5975148176.608398,6798076540.487979,6947541358.002651,2.0904104776204644,1.836917677545988,1.7595900368086521,2,0.746268656716409,-7.849829351535831,고수준 유지형,8553502.375918,-1.912,12316027.745348,8663261.215613,12027958.603911,14324996.870259,12703345.379531,1.421638738440895,1.0551706246101875,1.0675646814297306,2,0.4302163735290243,-8.200323849178815,중립,,0.0,,41.8,관찰,41.8
2026-10-04T02:14:12+09:00,SC,KRW-SC,SCUSDT,1.39,-0.7142857100000001,441300664.2854581,1791047358726,False,False,,1442095706.4036486,586079796.8239911,597672930.021626,874035496.0454645,2479596004.6933637,2.460579112636999,2.1023966757535164,0.47065078491038204,2,-1.4084507042253502,-11.392405063291145,고수준 유지형,402674.652831,-0.292,437069.848036,318755.071037,294453.672906,353987.362288,585321.343984,1.3711777089979735,1.3556811650302876,0.6731017977866369,3,-2.105263157894721,-12.188841201716738,중립,,0.0,,41.8,관찰,41.8
2026-10-04T02:14:12+09:00,MED,KRW-MED,,2.4,-0.41493776000000004,132589644.4721304,1791046910405,False,False,,179683939.0267631,165762908.84760404,131350140.43629947,176237816.50688905,317489822.01285064,1.0839815751059094,1.1387996854716531,0.8477500028807664,3,0.8368200836819994,-3.599999999999992,중립,,,,,,,,,,,,,,NO_DATA,,0.0,,41.8,관찰,41.8
2026-10-04T02:14:12+09:00,BREV,KRW-BREV,BREVUSDT,116.0,0.0,143129311.7226398,1791046102018,False,False,,221508583.48514745,208676007.7924672,196518570.3082608,204934693.68146637,600571775.5594938,1.0614952136972187,1.0891556612492224,0.7270036304608594,3,-1.6949152542372836,-5.691056910569103,중립,137123.26989,-1.959,319742.56122,243739.21739,221796.12801,182834.37635,331395.3849,1.3118223839555094,1.479445525418692,1.3229091639892945,4,-1.6184971098265888,-5.86283185840708,연속 가속형,,0.0,,41.7,관찰,41.7
2026-10-04T02:14:12+09:00,ETH,KRW-ETH,ETHUSDT,3647000.0,0.38535645,44863463998.71043,1791047651350,False,False,,134249371464.81076,69919574478.80243,79562019962.6668,90415076982.755,102509171733.25249,1.9200541831888758,1.67883994389496,1.6992535246234473,2,-0.10998075336815516,-0.19230769230769162,고수준 유지형,362444993.090918,0.048,1151282504.890507,709347817.568287,732267196.250156,853836574.439267,779141918.865414,1.6230155029407363,1.504648380449206,1.6500757549570904,2,-0.3506374207424945,-0.7460993435367214,고수준 유지형,,0.0,,41.6,관찰,41.6
2026-10-04T02:14:12+09:00,IN,KRW-IN,,50.1,-0.79207921,637178067.3957555,1791047594102,False,False,,1284315748.6678302,1197525625.316245,1097811322.2599995,1637709502.4694736,6392659609.067613,1.072474543773262,0.9796343101817939,0.1776997401385306,3,-1.7509727626459082,-9.498207885304655,중립,,,,,,,,,,,,,,NO_DATA,,0.0,,41.0,관찰,41.0
2026-10-04T02:14:12+09:00,WAXP,KRW-WAXP,WAXPUSDT,8.4,-3.7800687299999995,1629600215.3501015,1791047007627,False,False,,917837503.8122447,319216426.6780694,461411473.4810164,490177241.35227627,1185790009.8443406,2.8752828084811757,2.1667464361703757,0.8046119568215823,2,4.301075268817223,0.4602991944764101,고수준 유지형,779122.90086,-3.125,532034.00562,231260.13265,313403.46394,340659.97417,394939.74408,2.3005867873698977,1.8028459532482988,1.4462723071205736,2,3.9024390243902474,-0.4672897196261738,고수준 유지형,,0.0,,40.7,관찰,40.7
2026-10-04T02:14:12+09:00,VET,KRW-VET,VETUSDT,11.8,1.7241379300000002,668718311.705309,1791047289616,False,False,,891949908.8863151,850833237.6705239,715076914.9281629,932049539.7281693,1247643267.6484022,1.0483251821806627,1.0712141332298217,0.9865877018299454,3,-2.5210084033613467,-6.451612903225811,중립,1239537.7286664,-0.115,1839879.2892138,1406459.1958593,1311552.0791592,1749419.1301142,1829585.245505,1.3081640012241484,1.2355285627504802,1.1353601990378641,3,-2.237953870746745,-7.045923352513306,중립,,0.0,,40.2,관찰,40.2
2026-10-04T02:14:12+09:00,GEOD,KRW-GEOD,,379.0,0.0,706244965.0637847,1791047471355,False,False,,1008721601.238327,916023298.0157992,639672172.8855157,939603131.0176567,1045785396.0776638,1.101196447102734,1.2127465632320538,0.7273316012799018,3,5.571030640668528,2.9891304347826164,중립,,,,,,,,,,,,,,NO_DATA,,0.0,,40.1,관찰,40.1
2026-10-04T02:14:12+09:00,ZKP,KRW-ZKP,ZKPUSDT,66.5,-1.33531157,571566280.9074143,1791047604259,False,False,,1921883271.5101266,308348977.8760194,662928196.724206,638797732.8230119,884164508.5251579,6.232818687282547,3.5809823430872054,2.544168346082167,2,3.215926493108734,-4.936530324400568,일회성 폭증형,244210.97509,-3.353,573340.79705,206976.1094,325579.42405,244578.30746,403453.25469,2.7700820095229797,2.2132897843387007,1.7764286776667535,2,3.125,-5.1724137931034475,고수준 유지형,,0.0,,39.6,관찰,39.6
2026-10-04T02:14:12+09:00,QTUM,KRW-QTUM,QTUMUSDT,1338.0,-0.96225019,322663251.9531558,1791047653437,False,False,,609027260.3794923,180775865.09825966,432201182.2891913,399733775.14135724,799380323.8407555,3.368963329526644,1.8041495563127572,1.200371400589046,2,2.7376425855513364,-2.875629043853345,고수준 유지형,150068.3546,-1.795,323443.8089,149858.9319,270973.8461,198762.598,256197.9625,2.1583218617615145,1.5660727376054528,1.3798439990823803,2,2.2657054582904346,-3.2163742690058506,고수준 유지형,,0.0,,39.5,관찰,39.5
2026-10-04T02:14:12+09:00,KAITO,KRW-KAITO,KAITOUSDT,482.0,5.7017543900000005,1547583110.852029,1791047637676,False,False,,2034155763.4715042,1605494160.9923124,1598554152.4847195,1686293984.324753,2504874792.559625,1.2669966748519643,1.2478609714411157,1.1542624063036668,3,0.0,-6.938775510204087,중립,2393848.42526,2.807,2365581.05415,1779458.10794,2712955.59141,2432824.35459,2800010.40681,1.329382829297695,1.02476522932124,1.0527310292636796,2,-0.2085195114685634,-7.125034654837814,중립,,0.0,,39.2,관찰,39.2
2026-10-04T02:14:12+09:00,HBAR,KRW-HBAR,HBARUSDT,139.0,-0.7142857100000001,6657484085.5446615,1791047650004,False,False,,12644755557.042625,11932059053.340208,10810733173.71919,30198576119.93635,98265617186.31361,1.0597295488160452,0.7165335512768347,0.3959041915140066,3,-4.761904761904767,8.52713178294573,중립,13287377.94269,-0.631,23028997.51965,30306452.45712,47139510.31394,87862955.48141,200128977.21502,0.7598711050801236,0.41792659034545293,0.3058377910578836,1,-0.009764671418799331,6.822449405382858,중립,,0.0,,39.1,관찰,39.1
2026-10-04T02:14:12+09:00,ATOM,KRW-ATOM,ATOMUSDT,2356.0,4.71111111,1486785803.0895042,1791047652403,False,False,,2091370056.1590054,1836599915.570257,1508391280.0048594,1966515423.853107,3303458517.173811,1.138718366710609,1.1812298502138392,1.0490614323888585,3,-3.6402569593147804,-11.799294394355153,중립,3336239.94446,1.638,3634029.91276,2389658.23021,3732390.11574,6888410.09964,5923038.9605,1.520732072402105,0.8379481617709905,0.7829488356924352,2,-4.118329466357307,-12.354188759278895,중립,,0.0,,38.9,관찰,38.9
2026-10-04T02:14:12+09:00,CHZ,KRW-CHZ,CHZUSDT,23.8,3.03030303,6396329180.584644,1791047586447,False,False,,3650836020.8539796,1131943849.6126337,1930884415.9779475,2600327853.7637496,3446057572.2463756,3.2252801427414837,1.9339936656753618,1.6067476679955357,2,5.000000000000004,2.666666666666684,고수준 유지형,5456641.24741,4.874,2501972.76347,1082302.75768,1413649.17036,1962803.26276,2331703.91361,2.3117124535773823,1.6834111695339056,1.5946393558245748,2,4.388133498145841,1.7469879518072107,고수준 유지형,,0.0,,38.7,관찰,38.7
2026-10-04T02:14:12+09:00,XTZ,KRW-XTZ,XTZUSDT,429.0,0.0,462739986.2066074,1791047516409,False,False,,730023120.7599479,587869555.5952792,611478281.3015581,364886446.08907735,413796077.65273345,1.2418114083501457,1.4000903739939092,1.5099440667636739,2,1.6587677725118377,-1.6055045871559592,고수준 유지형,582023.00872,-2.497,1076723.52845,651664.51005,948873.93806,718316.60531,1047005.08173,1.6522666369653716,1.3930023701075807,1.3756716305618246,2,1.1858974358974317,-1.6817190906259771,중립,,0.0,,38.2,관찰,38.2
2026-10-04T02:14:12+09:00,MOC,KRW-MOC,,30.6,-0.32573290000000005,154556844.16824907,1791047436316,False,False,,225180053.70261124,120043223.0762675,133781573.05789398,152436790.5075433,475606468.01536703,1.8758247898721179,1.662820663632209,0.7280940988969449,2,1.320132013201314,-0.9677419354838679,고수준 유지형,,,,,,,,,,,,,,NO_DATA,,0.0,,37.8,관찰,37.8
2026-10-04T02:14:12+09:00,ZBT,KRW-ZBT,ZBTUSDT,117.0,-1.6806722699999999,1045692008.354397,1791047101710,False,False,,1206043273.1749878,840315363.292076,1180986424.1273835,1701217551.4054873,2107295997.255689,1.435226970562708,0.9719572929517848,0.8040617084400862,2,0.8474576271186418,-3.2520325203251987,중립,645892.288,-0.461,792369.3897,477964.80252,410463.07928,534171.21766,572019.41538,1.6577986193174634,1.6709613903188323,1.5542749347742635,3,0.11507479861909697,-3.2258064516129004,가속형,EARLY,5.0,Binance 연속가속 우위,37.7,관찰,37.7
2026-10-04T02:14:12+09:00,DOGE,KRW-DOGE,DOGEUSDT,127.0,0.0,19140244109.5893,1791047641332,False,False,,40397602253.02564,23886764932.82384,35146304524.99178,29422330175.083595,42470461673.928345,1.6912127852655987,1.3701007203861153,1.3197469243989126,2,0.0,-3.053435114503822,중립,58789284.17426,-1.498,106607464.22099,51416954.06312,82317736.86043,64180754.30915,105119995.1064,2.0733912804348065,1.615954693616445,1.433502326808916,2,-1.0224731068271375,-4.097007223942207,고수준 유지형,,0.0,,37.6,관찰,37.6
2026-10-04T02:14:12+09:00,SOL,KRW-SOL,SOLUSDT,162800.0,0.8674101599999999,17706230551.84526,1791047652086,False,False,,47416712257.472244,26313761670.150043,39774856430.66171,32338537959.32132,43435367501.069084,1.8019739196490894,1.445232621427266,1.3433675583048281,2,-0.18552875695733162,-2.3593466424682408,고수준 유지형,157675740.64087,0.067,388241664.34585,253033335.63552,348023503.90991,288801539.90648,303030487.60797,1.5343498648932559,1.3088880432355297,1.2840617254336584,2,-0.4196391103650887,-2.7379293384703574,중립,,0.0,,37.6,관찰,37.6
2026-10-04T02:14:12+09:00,SENT,KRW-SENT,SENTUSDT,29.5,0.68259386,324442221.4471369,1791047452955,False,False,,315894914.07653916,167714413.8347954,318951121.46773565,92858382.24644414,262597152.72390565,1.8835287132071237,1.6352815018191706,1.3908032099472132,2,5.776173285198571,-3.934426229508192,고수준 유지형,934515.25909,3.679,717985.35721,740800.55103,1019744.80597,666782.53124,1074908.37446,0.9692019750953507,0.8873774664171078,0.8252387170799089,1,4.878048780487787,-4.188948306595375,중립,,0.0,,37.5,관찰,37.5
2026-10-04T02:14:12+09:00,GLM,KRW-GLM,GLMUSDT,176.0,0.57142857,274187654.67083853,1791045592591,False,False,,437058796.18883455,201655240.27369574,381468830.0808924,213378009.7229215,459247010.5102493,2.1673565020955485,1.6461681913484894,1.157847868543033,2,2.941176470588225,-0.5681818181818232,고수준 유지형,102939.19637,-0.154,123516.0729,80496.20375,156825.44703,137495.90712,116667.78159,1.5344335154438882,0.988609553874904,0.9587992368396846,2,3.51999999999999,-0.9188361408882129,중립,,0.0,,37.5,관찰,37.5
2026-10-04T02:14:12+09:00,ONT,KRW-ONT,ONTUSDT,81.9,0.36764706,1292278036.8964694,1791047545922,False,False,,732123970.6985826,378087626.8658462,558940002.3622552,358233980.4707746,1141716028.8431633,1.936387013686529,1.6956975298653092,1.2244242738155877,2,5.836575875486383,0.24570024570023108,고수준 유지형,1307907.19586,1.991,915507.92179,450375.02855,591467.29846,351858.79333,600810.53292,2.032767946165918,1.9706691235922755,1.8453322054671155,2,5.535055350553497,-0.09980039920158834,고수준 유지형,,0.0,,37.3,관찰,37.3
2026-10-04T02:14:12+09:00,AAVE,KRW-AAVE,AAVEUSDT,244300.0,-0.12264922,4646286447.970539,1791047588034,False,False,,13567831437.31573,10041403583.838585,6154306787.054549,22120412717.777035,4260627050.174973,1.3511887381115575,1.0623072229346437,1.468156177895294,3,9.147701918786266,16.58722592945663,중립,32412848.74719,-1.294,59250834.98634,39199996.43478,40773036.81145,74898658.72893,22323603.03165,1.5115010299789209,1.1477404468954202,1.536873964767742,2,8.658034849951601,16.179324621555182,중립,,0.0,,37.0,관찰,37.0
2026-10-04T02:14:12+09:00,BCH,KRW-BCH,BCHUSDT,427900.0,0.84845628,3012653620.109231,1791047558560,False,False,,7381220739.561106,3669594423.279302,4946931325.562694,5432749600.374084,9596574726.524368,2.011454097688796,1.5761426599072876,1.1226726278897399,2,1.5314668581000168,-5.711111111111111,고수준 유지형,9422604.5291,1.548,21124510.3944,10589204.7762,15230245.9353,20406146.0071,24410486.7015,1.9949099900191616,1.3709618843643852,1.159841645051565,2,1.267468313292186,-6.257521058965088,중립,,0.0,,37.0,관찰,37.0
2026-10-04T02:14:12+09:00,THETA,KRW-THETA,THETAUSDT,312.0,2.29508197,587421476.7903469,1791047561098,False,False,,488239485.4476173,204880088.352734,374340754.17849594,404639248.95016,488070319.47640103,2.383049955577111,1.4887466917551635,1.4129519473555139,2,0.9933774834437026,-3.785488958990535,고수준 유지형,952953.4239,-0.434,1037410.95613,505495.68459,843712.80381,725635.94284,685287.02229,2.052264713142761,1.499983719998718,1.5005655542742133,2,0.5840071877807773,-4.19341035515618,고수준 유지형,,0.0,,36.8,관찰,36.8
2026-10-04T02:14:12+09:00,PYUSD,KRW-PYUSD,,1362.0,0.36845984,106297097.5532,1791045488958,False,False,,146143402.83452135,61855433.98058847,81694276.65649675,145719010.48992598,904390454.4623022,2.3626606981754295,1.5156502465783694,0.584376420418522,2,-0.07363770250368162,-0.36710719530103075,고수준 유지형,,,,,,,,,,,,,,NO_DATA,,0.0,,36.8,관찰,36.8
2026-10-04T02:14:12+09:00,MET2,KRW-MET2,,405.0,0.74626866,518444629.4376772,1791047506828,False,False,,1591189905.7723372,800844888.4518642,1326629080.7692537,1236367304.518391,2474926328.772637,1.9868890077431987,1.4190829259938116,1.1894716351213677,2,-9.459459459459463,-22.69230769230769,고수준 유지형,,,,,,,,,,,,,,NO_DATA,,0.0,,36.7,관찰,36.7
2026-10-04T02:14:12+09:00,XRP,KRW-XRP,XRPUSDT,2029.0,0.49529470000000003,120428872847.25119,1791047655122,False,False,,263766369583.37878,129618805967.86353,180321013274.34146,287684769613.08856,275989666698.4003,2.0349390477240976,1.3240738810058204,1.2728514986843151,2,-0.24703557312253377,-1.7039922103213256,중립,156868379.26083,-0.28,311030027.74261,169889610.42734,227000051.15465,285945986.80544,283162448.44635,1.8307772144526415,1.3664929261256284,1.3647568535990802,2,-0.39581376626861564,-2.109843739698025,중립,,0.0,,36.6,관찰,36.6
2026-10-04T02:14:12+09:00,GRVT,KRW-GRVT,,288.0,-1.70648464,632027343.2603095,1791047623487,False,False,,1270189543.8249483,617109705.947298,627673226.7992601,1128022625.5272768,1244394396.9878218,2.058288067070888,1.605933793516124,1.4736658138843328,2,5.776173285198549,7.326007326007322,고수준 유지형,,,,,,,,,,,,,,NO_DATA,,0.0,,36.6,관찰,36.6
2026-10-04T02:14:12+09:00,CHIP,KRW-CHIP,CHIPUSDT,60.1,-0.16611295999999998,1021267691.5371413,1791047376232,False,False,,2220274117.737307,1489428210.3125777,1794685753.2066138,1556453050.3835177,2336803613.221547,1.490688911600077,1.3760417600006805,1.1275776468125347,2,0.5008347245408995,-4.897314375987349,중립,1472525.44348,-1.293,3046835.45241,2318953.76838,3144342.84593,1932589.57785,2746399.66829,1.3138836547562962,1.2358906180735154,1.1776668452588017,2,0.27266530334015826,-5.219072164948447,중립,,0.0,,36.5,관찰,36.5
2026-10-04T02:14:12+09:00,NEO,KRW-NEO,NEOUSDT,3439.0,-0.23208587,468275739.0381806,1791047650999,False,True,거래량급등,1805026284.1120336,273991712.79060096,297909430.1065034,511586101.39160067,1053985227.2233016,6.587886420825913,4.99782427608645,3.469264757622077,2,1.2929767851895368,-5.716630196936546,일회성 폭증형,545165.9573,-1.4,1545053.13557,456729.62246,830744.75813,432207.2272,947114.21632,3.3828616748091798,2.6953590628132282,2.292564131732439,2,1.2370311252992927,-6.00222304557243,고수준 유지형,,0.0,,36.5,관찰,36.5
2026-10-04T02:14:12+09:00,ALT,KRW-ALT,ALTUSDT,10.9,0.9259259299999999,233300199.34380046,1791047582630,False,False,,359109371.1594401,111243706.47318831,144877587.15920928,476207535.42511225,371176465.46272284,3.228132022425842,1.4710988707966288,1.3839553362448371,2,4.854368932038833,0.0,고수준 유지형,519615.3907,0.252,770118.08422,318953.25048,533337.13638,656924.15507,752242.4751,2.414517121430905,1.5308322233004021,1.3402387541704184,2,3.547963206307503,-1.8679950186799577,고수준 유지형,,0.0,,36.2,관찰,36.2
2026-10-04T02:14:12+09:00,TRX,KRW-TRX,TRXUSDT,458.0,0.65934066,2381388143.339004,1791047409971,False,False,,3579381331.044195,2606326074.707076,2686183392.1002235,2784883479.4634333,3797993611.610182,1.3733436371527228,1.3294071570568198,1.2160712973485146,2,0.22026431718060735,0.8869179600886845,중립,22141999.36545,0.208,25682082.7323,35090235.10203,36499167.989,22580827.2263,27789365.75602,0.7318868812826582,0.8181592838551366,0.9117192385512656,1,0.08971291866028963,0.38992201559688855,감소형,,0.0,,35.9,관찰,35.9
2026-10-04T02:14:12+09:00,AI,KRW-AI,AIUSDT,27.8,-0.35842294,433662680.0228277,1791046134255,False,False,,499145220.98408264,329932034.4430802,434186136.50312585,354489478.8781454,648116812.3988975,1.5128728613050004,1.3386603097049996,1.05625411881244,2,0.3597122302158251,-2.7874564459930307,중립,5240334.45155,8.466,3220484.30119,262906.04823,313301.17978,307451.42178,496476.30434,12.249563381564354,10.933467245373572,8.832557650390857,2,8.947368421052637,5.076142131979711,일회성 폭증형,,0.0,,35.9,관찰,35.9
2026-10-04T02:14:12+09:00,XAUT,KRW-XAUT,XAUTUSDT,5630000.0,-0.17730496,339463750.31929,1791047583266,False,False,,683720937.89683,214279877.8308,405538119.04278,905787481.32044,1843915966.6392,3.1907846169144762,1.3444909860435306,0.8978233121960755,2,-0.721703925365258,-2.422145328719727,중립,11644978.673056,-0.006,51835126.323116,17421441.26334,22303745.3119,36879282.981282,83240257.592052,2.975363836985912,2.029977883400257,1.5485778015392677,2,-1.0283931118688083,-2.7999859202853417,고수준 유지형,,0.0,,35.8,관찰,35.8
2026-10-04T02:14:12+09:00,AUCTION,KRW-AUCTION,AUCTIONUSDT,5105.0,0.19627084999999997,290461993.3756128,1791046791472,False,False,,395511365.1792677,187178740.64918137,255744298.9929453,406402155.5190228,558622356.9054862,2.1130143509222155,1.3970315519871892,1.040835754234285,2,1.4940239043824688,-2.859866539561484,중립,372798.78525,0.24,456370.36588,402692.40192,430261.9526,345828.50851,392069.92487,1.1332976825588674,1.1614616572561727,1.2118671967507395,2,1.2472885032537961,-3.4892737141380303,중립,,0.0,,35.7,관찰,35.7
2026-10-04T02:14:12+09:00,NEWT,KRW-NEWT,NEWTUSDT,68.6,1.47928994,350340185.3199027,1791047644982,False,False,,391353437.3351179,256033714.01773062,277902803.98266816,212108095.8201602,511271208.2365861,1.5285230651617083,1.5737132743213427,1.0566210864737908,2,3.0487804878048808,-2.4531024531024626,고수준 유지형,352888.91247,1.755,480037.028017,449470.447546,424109.915466,276408.169247,339787.142862,1.0680057624208357,1.2522829955722192,1.3205164185990104,4,2.5588113908378007,-2.758755625122289,연속 가속형,,0.0,,35.6,관찰,35.6
2026-10-04T02:14:12+09:00,HIVE,KRW-HIVE,HIVEUSDT,76.0,-0.5235602100000001,302297683.12600243,1791047198255,False,False,,632383468.9882694,362618277.8490702,562468352.5936468,488977820.6557203,1464039042.206188,1.7439371030587751,1.3416293758683437,0.7653933173863193,2,0.9247027741083214,-5.44554455445544,중립,104698.2017,-1.232,193512.8681,134819.0026,263184.0476,159754.3724,373922.4531,1.4353530612753544,1.0408442465791041,0.7537816484062744,2,0.7168458781361853,-5.7046979865771785,중립,,0.0,,35.4,관찰,35.4
2026-10-04T02:14:12+09:00,TAO,KRW-TAO,TAOUSDT,399200.0,0.45294413999999994,2484403455.436384,1791047515775,False,False,,3519390578.329691,2626274629.748786,2691113317.937377,2961503923.60242,3503286700.489166,1.34006951842136,1.2753121914304852,1.0880312067975,2,-2.7410670582476704,-8.242900023089362,중립,41117706.69411,-4.233,54856268.57279,33475328.2155,42066408.70719,44100848.50993,58979693.42493,1.6387074151939167,1.375503589489475,1.2153728615068713,2,-2.893249085467242,-8.69293308317699,중립,,0.0,,35.3,관찰,35.3
2026-10-04T02:14:12+09:00,AVNT,KRW-AVNT,AVNTUSDT,174.0,-1.6949152499999998,1003681044.8600425,1791047510650,False,False,,1668182121.9803803,920569402.5075862,1090231106.9395337,1231249650.3027768,5581408326.980525,1.8121198873613802,1.543636316326213,0.8325178220686569,2,4.7337278106508895,1.724137931034475,고수준 유지형,473737.64504,0.0,782325.04596,645981.49476,738519.51255,688065.24818,2611917.82875,1.2110641749120932,1.1324005356466271,0.7091211726415753,2,4.662379421221874,0.9302325581395321,중립,,0.0,,35.3,관찰,35.3
2026-10-04T02:14:12+09:00,NXPC,KRW-NXPC,NXPCUSDT,319.0,-0.62305296,175814972.72345978,1791047607754,False,False,,414175057.2746518,226889713.36251467,269249118.2353886,393698045.44696426,1028665328.4578537,1.8254466063558406,1.3963516278965191,0.8964505158186635,2,2.5559105431310014,-5.029585798816571,중립,248170.68107,-0.127,532028.96438,229396.24429,177800.8445,269820.53928,895431.21774,2.3192575189130618,2.3575263434277565,1.4915630051405306,3,2.2471910112359605,-5.96184419713831,가속형,,0.0,,35.3,관찰,35.3
2026-10-04T02:14:12+09:00,HOLO,KRW-HOLO,HOLOUSDT,89.5,-0.33407571999999996,474973302.86783946,1791047559843,False,False,,839299669.3977962,398122897.7809946,547939699.268775,849021297.8397475,1228893103.8026485,2.108142169354677,1.4026636946393856,1.0100759183745973,2,2.9816513761467878,-3.440860215053765,고수준 유지형,367909.32566,-1.347,612641.23072,324141.46921,392291.39815,486486.4676,637294.38531,1.8900427403291955,1.5278860674569799,1.2318360233992256,2,2.488335925349938,-3.7956204379562153,고수준 유지형,,0.0,,35.2,관찰,35.2
2026-10-04T02:14:12+09:00,ME,KRW-ME,MEUSDT,106.0,1.9230769200000002,2877090299.3521876,1791047652740,False,False,,1503408308.3081434,640644072.372829,693039485.1545814,2172479974.030692,1450251751.6714628,2.346713835562066,1.2863703829924136,1.2603957214042105,2,-0.952380952380949,-3.703703703703709,중립,971174.1927826,-0.051,535082.5572407,242123.5032707,380105.2637768,721229.2165214,385998.0796171,2.209957108717631,1.1948625795186798,1.2770730361518798,2,0.39113428943937656,-3.581267217630857,중립,,0.0,,35.1,관찰,35.1
2026-10-04T02:14:12+09:00,PENGU,KRW-PENGU,PENGUUSDT,12.5,2.45901639,7282667829.7899,1791047487931,False,False,,9382752302.941484,5535974238.357682,9289384136.138597,6215696977.941231,8979812491.575188,1.6948692134313468,1.3377778080681493,1.230862440151869,2,-10.294117647058831,-12.230215827338142,중립,20185773.959536,-3.83,27061504.860802,16689694.60289,21556778.915288,13784255.156226,18922352.236561,1.621449972854267,1.5603186165321552,1.523568786812344,2,-10.470364055761728,-12.89881939701435,고수준 유지형,,0.0,,34.9,관찰,34.9
2026-10-04T02:14:12+09:00,XEC,KRW-XEC,XECUSDT,0.0109,0.9259259299999999,767731810.8329364,1791047595376,False,False,,1178236751.0657222,895692632.6321021,1236648739.3220181,839296198.0461569,1209586130.9773533,1.3154476302917997,1.18948228710032,1.195501132422487,2,-3.57142857142857,-9.999999999999998,중립,281761.86949284,-0.735,500543.8824241,343590.70301369,562561.6931557,377684.06894514,470270.6228853,1.4568027540726454,1.169644022487195,1.1698115033487169,2,-3.725961538461542,-9.59367945823928,중립,,0.0,,34.8,관찰,34.8
2026-10-04T02:14:12+09:00,PRL,KRW-PRL,,157.0,-1.25786164,556579030.409461,1791047424100,False,False,,895362777.7067995,513359560.53143734,722503201.1526929,904378007.3383466,1985983643.3387537,1.744124092633839,1.2550402608895397,0.7264154268477947,2,0.6329113924050667,-4.216867469879515,중립,,,,,,,,,,,,,,NO_DATA,,0.0,,34.8,관찰,34.8
2026-10-04T02:14:12+09:00,BLEND,KRW-BLEND,,89.8,0.33519552999999996,293485335.9762628,1791047462146,False,False,,414374185.6612481,293377527.87546426,418762677.7923398,278383287.1697727,828099345.0700777,1.412426468591506,1.2550157224666534,0.8215601142053885,2,-1.2141280353200834,-4.4823906083244385,중립,,,,,,,,,,,,,,NO_DATA,,0.0,,34.8,관찰,34.8
2026-10-04T02:14:12+09:00,BAT,KRW-BAT,BATUSDT,129.0,0.78125,1996353752.5458453,1791047577243,False,True,거래량급등,2843825060.092779,84508705.49946734,405337643.625914,243079346.94842562,472578165.0133614,33.65126756214132,11.640300273247892,10.215280919736587,2,4.918032786885251,-3.759398496240607,일회성 폭증형,1204886.8176,-1.242,3152315.2906,258660.4332,475630.7069,574440.3281,606847.9931,12.187079607040571,7.226039949056067,6.2537754577766655,2,4.751381215469608,-3.0674846625766916,일회성 폭증형,,0.0,,34.7,관찰,34.7
2026-10-04T02:14:12+09:00,XPL,KRW-XPL,XPLUSDT,130.0,1.5625,7771895054.069131,1791047616408,False,False,,11963772158.872643,7252075637.625768,10836728294.743868,10535134486.510292,13244734939.071503,1.6497031686764676,1.253891618665045,1.1390906617601948,2,-2.2900763358778664,-11.111111111111116,중립,13720892.125848,-1.547,22523661.065391,10125389.836221,18161016.275551,21128380.687403,25285011.627886,2.224473470129352,1.3674243596514135,1.1188573501845314,2,-2.546972860125263,-12.09039548022599,중립,,0.0,,34.5,관찰,34.5
2026-10-04T02:14:12+09:00,YGG,KRW-YGG,YGGUSDT,37.2,-1.5873015899999998,833094660.2025696,1791047439994,False,True,거래량급등,1138463871.4555748,82467192.24871556,140027335.5129033,176617028.28265986,458022210.0193718,13.805051929281689,8.5574861530389,5.011411544724574,2,7.082152974504252,-1.5625,일회성 폭증형,1890351.031038,-1.296,2201008.573177,287406.421907,354851.26365,281510.826328,502236.963736,7.658174645412795,7.147922487698966,6.159688037627263,2,6.2811183454615005,-1.8741159830268694,일회성 폭증형,,0.0,,34.5,관찰,34.5
2026-10-04T02:14:12+09:00,BARD,KRW-BARD,BARDUSDT,184.0,-0.5405405400000001,490109133.8850423,1791047407382,False,False,,627224382.1420399,377945360.3002588,553904503.967953,666532154.9272028,1039384849.1692346,1.659563651327116,1.1772361824823998,0.9983315817904258,2,0.0,-9.756097560975608,중립,318607.73699,-2.448,593848.78734,492044.2098,494333.10267,738662.43881,509575.42298,1.20690128145473,1.0327567006488236,1.1182266630658602,2,-0.07352941176471672,-9.70099667774087,중립,,0.0,,34.4,관찰,34.4
2026-10-04T02:14:12+09:00,TFUEL,KRW-TFUEL,TFUELUSDT,13.9,-2.11267606,139358218.35278124,1791047143942,False,False,,258135848.79965788,157237331.23127395,226281451.5412189,272299810.6979654,433314997.9011818,1.641695688792736,1.1808258474358997,0.5077022229874704,2,-1.388888888888895,-5.960264900662249,중립,110724.68432,-0.965,230776.97025,179569.49963,227151.50704,227293.73385,266161.31036,1.285167975215792,1.0919792025374218,0.6457802056793192,2,-2.083333333333326,-7.014388489208622,중립,,0.0,,34.4,관찰,34.4
2026-10-04T02:14:12+09:00,BIRB,KRW-BIRB,,86.1,-0.57736721,587762031.7697403,1791047368617,False,False,,774724808.1809583,438834009.3445742,673677589.3022734,899203667.3209085,4273147890.4985576,1.7654165166871587,1.1553197730618239,0.5357384703490989,2,-3.563474387527843,-9.033613445378164,중립,,,,,,,,,,,,,,NO_DATA,,0.0,,34.2,관찰,34.2
2026-10-04T02:14:12+09:00,HYPER,KRW-HYPER,HYPERUSDT,96.3,-0.61919505,286878333.55982643,1791046963154,False,False,,352611897.0742001,278938763.13762057,328061042.15125453,311882711.6163261,771847948.7914499,1.2641193827199673,1.1512197389339758,0.8372769472146354,2,-1.0214504596527063,-7.714285714285706,중립,353787.88387,-1.391,471361.18147,607143.87783,472478.66727,453164.4098,749052.23898,0.7763582878488333,0.9225571367824277,0.8739782426742714,1,-1.1111111111111072,-7.412223667100126,중립,,0.0,,34.2,관찰,34.2
2026-10-04T02:14:12+09:00,MNT,KRW-MNT,,866.0,-2.5871766000000003,241249657.23823664,1791047359999,False,False,,387052927.17542714,205262261.06233197,533214760.04291594,294337042.54377264,531992807.0108681,1.8856507044804052,1.1242670122285205,0.942332129136031,2,-1.3318534961154316,-3.1590413943355156,중립,,,,,,,,,,,,,,NO_DATA,,0.0,,34.0,관찰,34.0
2026-10-04T02:14:12+09:00,DOS,KRW-DOS,,292.0,-0.34129693,619888320.3909049,1791047465623,False,False,,1168466346.3163924,845918372.4131896,918425954.92722,1302023647.03011,2289337513.910077,1.3812991707261961,1.1431762489851807,0.8398373125359145,2,0.6872852233676952,-4.56026058631922,중립,,,,,,,,,,,,,,NO_DATA,,0.0,,33.9,관찰,33.9
2026-10-04T02:14:12+09:00,T,KRW-T,TUSDT,7.37,-0.9408602199999999,2470883139.7811594,1791047607438,False,False,,1089391982.6319387,797120448.607119,880027443.9393383,1259362871.725729,3527431156.6495466,1.3666591849895864,1.1129453321468865,0.3227968691659312,2,0.8130081300813163,-7.347447073474456,중립,458589.759288,-4.248,334917.6675,269155.332495,375798.242745,404006.117108,489263.634452,1.2443285607437171,0.9578566362745099,0.5461688311155133,2,0.5524861878452914,-7.614213197969555,중립,,0.0,,33.6,관찰,33.6
2026-10-04T02:14:12+09:00,SAHARA,KRW-SAHARA,SAHARAUSDT,12.6,0.0,2170294067.4560003,1791047514499,False,False,,2727305070.9030786,1844238570.2247522,2448638610.1829057,3080808847.913265,7075726463.627898,1.4788244400347346,1.1096099266071349,0.7426893624425717,2,0.8000000000000007,-5.97014925373135,중립,748019.72573,-0.323,1009658.72518,636914.20449,1138853.20015,1372588.333,2060199.42345,1.585235056876255,0.9620819335398589,0.8096772900547318,2,0.7658643326039272,-7.437185929648249,중립,,0.0,,33.6,관찰,33.6
2026-10-04T02:14:12+09:00,KAT,KRW-KAT,KATUSDT,6.48,-0.9174311900000001,338505010.9320741,1791047615769,False,False,,553633599.7121161,511207143.20382804,630932144.4739393,403636264.2801938,1025208328.5463567,1.0829926910692087,1.0744773373033125,0.8270612945087737,2,-0.9090909090909038,-7.234042553191489,중립,484313.80114,-2.444,767846.31064,638270.97887,667691.11249,572486.77842,802395.99511,1.2030099065437712,1.2262984470744664,1.247534688690194,2,-1.437371663244369,-8.3969465648855,중립,,0.0,,33.6,관찰,33.6
2026-10-04T02:14:12+09:00,HOME,KRW-HOME,HOMEUSDT,7.63,-2.80254777,485922292.16554403,1791047077620,False,False,,395467578.68552095,261337316.75921202,457415627.35630924,411528077.0335535,967375977.9678823,1.513245730038211,1.0496528861914651,0.6173656888915219,2,-1.505646173149311,-6.7695961995249405,중립,747918.53851,-3.59,777574.79456,506828.47722,702602.8484,482045.90645,719029.6995,1.5341971288295952,1.3791048081831128,1.2263137003233882,2,-2.0408163265306034,-7.246376811594201,중립,,0.0,,33.4,관찰,33.4
2026-10-04T02:14:12+09:00,ETC,KRW-ETC,ETCUSDT,12010.0,-0.08319468000000001,2896785689.78601,1791047632428,False,False,,5003071536.096998,3512252661.1302266,5049267182.042468,5986224715.533039,7023346064.081847,1.424462309179953,1.0317210717938476,0.9758102175731803,2,-2.593192868719607,-7.609531129900082,중립,3411803.8244,-1.117,5961794.3396,4627298.453,7486323.4127,6335141.6734,6282322.8597,1.288396328906516,0.9694624239122595,1.0693955678782654,2,-2.860286028602854,-7.924921793534933,중립,,0.0,,33.3,관찰,33.3
2026-10-04T02:14:12+09:00,GAS,KRW-GAS,GASUSDT,1934.0,-1.0741687999999998,630962655.1045959,1791047650676,False,False,,1200059435.4386399,907499787.0226144,979758789.1358341,1319662120.1314473,2580051255.4184575,1.3223798535268803,1.1226277938462854,0.7958294306335505,2,2.088772845953013,-3.8366945400885366,중립,234491.6766,-0.973,438199.2478,287903.367,336636.6885,259084.1658,552150.103,1.5220358565657204,1.4877339390560682,1.181821051420549,2,1.9886363636363757,-4.202801867911954,고수준 유지형,,0.0,,33.2,관찰,33.2
2026-10-04T02:14:12+09:00,WLFI,KRW-WLFI,WLFIUSDT,74.2,-1.59151194,1907606576.0836492,1791047588033,False,False,,2210035819.167984,1986271934.5487258,2983070927.662493,1592597043.6922023,3466032872.7944937,1.1126552113671668,1.0103883230535537,0.7933958989852057,2,-1.8229166666666519,-5.037783375314864,중립,3741769.14946,-3.02,8127576.44885,5365768.60936,8404925.86272,5504137.5826,6544122.69873,1.5147087100760042,1.2650034655233109,1.317932295644274,2,-2.123893805309729,-5.631399317406139,중립,,0.0,,33.1,관찰,33.1
2026-10-04T02:14:12+09:00,TREE,KRW-TREE,TREEUSDT,62.5,-1.57480315,1291057762.6068232,1791047548447,False,False,,1446208606.0240786,1050244259.5318342,1424135763.0641716,1246333037.3475018,2524996315.048991,1.3770211956871374,1.1660737466646003,0.8877486163893317,2,3.420195439739415,-6.20384047267356,중립,400777.11254,-0.216,508662.15876,460842.57954,536510.33621,388365.91382,701387.91214,1.1037655402149085,1.101223743025507,0.990929169401431,2,3.5476718403547602,-6.412825651302612,중립,,0.0,,33.1,관찰,33.1
2026-10-04T02:14:12+09:00,JUP,KRW-JUP,JUPUSDT,448.0,4.18604651,1962112464.0911272,1791047417799,False,False,,3226208295.868921,1324858994.9273396,2594503071.957283,3013990629.5411963,5136339493.234394,2.435133329827193,1.395951614086522,1.034075587953121,2,-3.803131991051456,-14.682539682539685,중립,3120693.93261,1.412,3923360.29652,3562594.99422,5722364.78769,6902047.03762,10598449.74157,1.101264753048076,0.7271313974711572,0.5791356890892382,2,-4.334646862685676,-15.161290322580644,중립,,0.0,,33.0,관찰,33.0
2026-10-04T02:14:12+09:00,LSK,KRW-LSK,LSKUSDT,375.0,-0.26595745,1551578001.3123398,1791047632744,False,False,,2341746148.415004,2162649187.7377563,3691893922.090325,8914575427.550499,3282389100.1855855,1.0828136905850145,0.4756708010342738,0.5504864831196364,2,-3.589743589743588,-7.616707616707618,중립,2834485.05795,-1.484,3774666.78172,4225621.59977,3511030.89704,4991777.23076,6362879.34369,0.8932808327952163,0.889662007610571,0.8006598089235412,1,-1.9095477386934623,-6.632653061224481,중립,,0.0,,33.0,관찰,33.0
2026-10-04T02:14:12+09:00,STEEM,KRW-STEEM,STEEMUSDT,85.6,-1.04046243,777300168.6821738,1791047396570,False,False,,643281553.9088463,627499493.7064334,1114493610.1376076,861256915.7967217,1864858108.9765108,1.0251507138423226,0.7413212896058478,0.42590847965669565,2,-0.11547344110853786,-5.567685589519645,중립,523393.132086,-1.574,347213.742695,308923.672649,497177.940025,707719.120451,571833.016026,1.1239467008716593,0.6880875689519236,0.5565192990432793,2,-0.48445069542116803,-5.701169850436849,중립,,0.0,,33.0,관찰,33.0
2026-10-04T02:14:12+09:00,VTHO,KRW-VTHO,VTHOUSDT,0.889,-2.8415300500000003,758792198.926703,1791047622841,False,False,,1136002541.2024934,1105796104.2251985,1456425584.3714652,1537656722.442391,2198760936.602741,1.0273164617436048,0.8312460229140722,0.6069798777787607,2,-2.2435897435897467,-11.165048543689316,중립,808912.543298,-5.072,2274135.810905,60449746.297602,16426085.509167,17559804.567635,16763983.51243,0.03762027055844259,0.07224399278325992,0.06070486556849195,1,-2.604920405209843,-10.86092715231789,감소형,,0.0,,33.0,관찰,33.0
2026-10-04T02:14:12+09:00,ELSA,KRW-ELSA,,73.6,-0.13568521,604477888.8507296,1791047281347,False,False,,503784771.0766363,432702251.08452934,746174283.5783622,5179491245.1649065,12785566159.191805,1.164275826654345,0.2376953277262047,0.1232388976931023,2,-3.407601572739183,-5.994897959183676,중립,,,,,,,,,,,,,,NO_DATA,,0.0,,33.0,관찰,33.0
2026-10-04T02:14:12+09:00,DOOD,KRW-DOOD,,2.36,-0.8403361300000001,507952059.87141275,1791047584849,False,False,,612392373.3353777,450009218.0362208,3201816011.455294,556007733.0980675,3001424968.476454,1.3608440645011117,0.4366088521906294,0.38857915545462607,2,-0.4184100418410108,-6.299212598425208,중립,,,,,,,,,,,,,,NO_DATA,,0.0,,33.0,관찰,33.0
2026-10-04T02:14:12+09:00,FF,KRW-FF,FFUSDT,156.0,-1.8867924500000002,448937448.9902606,1791047651344,False,False,,893778999.885415,733522880.2518207,1659792039.549592,1418967683.5098915,2907244678.2037406,1.2184746024262771,0.7033416141099474,0.5986384365029627,2,-7.017543859649122,-10.169491525423723,중립,972478.574174,-1.75,1714267.550741,645658.354215,1541857.865809,1557441.041549,1812023.614317,2.6550691082209092,1.3732607058011823,1.3651702422037775,2,-7.269264344099691,-10.821949171945366,중립,,0.0,,33.0,관찰,33.0
2026-10-04T02:14:12+09:00,KMNO,KRW-KMNO,KMNOUSDT,54.2,-1.4545454500000001,162364999.05140474,1791047104353,False,False,,665952646.768466,547712889.8510478,914586196.4124576,1203395424.147983,1959045896.533412,1.2158790839294906,0.7494699533282227,0.38689014558426493,2,-8.026755852842804,-16.413373860182368,중립,282894.00638,-1.478,636957.43171,1380945.22854,1039244.68757,1154620.00501,2269163.18841,0.4612474257095781,0.5345381537184828,0.3955215550502451,1,-7.949125596184425,-16.776180698151954,감소형,,0.0,,33.0,관찰,33.0
2026-10-04T02:14:12+09:00,BABY,KRW-BABY,BABYUSDT,18.3,-1.0810810800000001,116366715.76670694,1791046487933,False,False,,206521339.24519622,180291260.19919565,777763209.1843685,280282245.46619403,424252990.13042885,1.1454872466752972,0.5003195094726377,0.490639563800863,2,-1.0695187165775333,-2.631578947368418,중립,774742.51328,-3.528,952916.3005,1456749.56528,2973278.57097,102749882.88358,30785849.60607,0.6541387230940009,0.026672432121828182,0.03014021206553686,1,-1.1560693641618491,-3.1847133757961887,감소형,,0.0,,33.0,관찰,33.0
2026-10-04T02:14:12+09:00,ORDER,KRW-ORDER,,53.3,-0.9293680299999999,104962081.72864078,1791047597920,False,False,,194795637.41117793,130137176.73741879,244518903.22202173,391919553.76967627,1197897697.5439727,1.4968484970610838,0.7623343170858433,0.4157936008068079,2,-0.5545286506469571,-6.7590987868284325,중립,,,,,,,,,,,,,,NO_DATA,,0.0,,33.0,관찰,33.0
2026-10-04T02:14:12+09:00,AXS,KRW-AXS,AXSUSDT,1625.0,-3.3888228300000005,22374019137.911427,1791047646005,False,True,"거래량급등,입금량급등",31725038697.108288,997139546.4232591,2059369222.2195618,2489002444.4799623,3809294294.7387547,31.816047022611873,17.162550472552365,12.500272325632915,2,8.028259473346179,5.852737570799249,일회성 폭증형,9080224.03381,-0.829,11376883.30399,1439375.17004,1993346.53018,1862509.38923,2384477.9048,7.904043046451774,6.44554493192384,5.919678534634165,2,7.85340314136127,5.3708439897698135,일회성 폭증형,,0.0,,32.9,관찰,32.9
2026-10-04T02:14:12+09:00,XLM,KRW-XLM,XLMUSDT,292.0,-0.34129693,17221428091.789104,1791047645672,False,False,,28379871911.20964,27602178806.80511,39282468285.45715,67284609576.76048,105177172307.78835,1.0281750621879457,0.6345687368877412,0.5496224924696225,2,-2.98013245033113,0.3424657534246478,중립,11798169.3587,-2.634,20741726.4953,20943946.5748,34053817.5974,43584007.2257,70734760.8849,0.9903447003754624,0.6312037063601144,0.5585714618221602,1,-3.058929374718844,-0.13901760889712955,중립,,0.0,,32.9,관찰,32.9
2026-10-04T02:14:12+09:00,SLX,KRW-SLX,,85.1,-1.95852535,2262983770.948084,1791047652762,False,False,,3150621995.48467,2651501273.293359,4241935840.7780137,3498388339.785306,7015259727.114234,1.1882408004923817,0.9095481855833304,0.6565446051505568,2,0.3468208092485492,-10.607621009268797,중립,,,,,,,,,,,,,,NO_DATA,,0.0,,32.9,관찰,32.9
2026-10-04T02:14:12+09:00,1INCH,KRW-1INCH,1INCHUSDT,141.0,1.43884892,206898338.72079372,1791047334109,False,False,,344797449.4842711,183767769.8207312,243767056.21062717,464705448.3838373,736676280.518855,1.8762672574229273,1.1593203962136645,0.9118609221310866,2,0.7246376811594235,-1.4184397163120588,중립,916836.78037,0.875,797039.09199,369538.0347,469497.71937,912519.08213,1006533.56184,2.1568526569587236,1.3651398326515036,1.242765918487513,2,0.49407114624506754,-1.5488867376573179,중립,,0.0,,32.9,관찰,32.9
2026-10-04T02:14:12+09:00,CP,KRW-CP,,17.1,-2.84090909,1772993256.614216,1791047311310,False,False,,1750419517.321939,1501656959.477723,1559368626.9336069,2482848400.520668,4133863892.8922143,1.165658712047481,0.9472182384275089,0.7348828106846707,2,0.5714285714285783,-2.7624309392265234,중립,,,,,,,,,,,,,,NO_DATA,,0.0,,32.8,관찰,32.8
2026-10-04T02:14:12+09:00,AZTEC,KRW-AZTEC,,23.1,0.0,494542534.51840717,1791047488262,False,False,,913407795.613291,877013063.8506675,1431427574.9944558,4379794921.130774,15295850150.397793,1.0414985058521553,0.40970796591526576,0.17688414374858583,2,0.43478260869564966,-5.714285714285705,중립,,,,,,,,,,,,,,NO_DATA,,0.0,,32.8,관찰,32.8
2026-10-04T02:14:12+09:00,PYTH,KRW-PYTH,PYTHUSDT,106.0,-1.85185185,1413521691.1875343,1791046880334,False,False,,1507347160.5077894,1237064928.8290472,1621571823.7009432,2475514151.4164877,2667062232.7613816,1.2184866981352223,0.8477528219491748,0.6284369140710209,2,0.9345794392523255,-4.424778761061942,중립,2435112.530323,0.268,2801134.336004,1834466.470557,2740094.074432,4457764.302143,5875734.123815,1.5269476880400492,0.9303698826421528,0.5512914231551427,2,0.10158730158729146,-5.5588834311728785,중립,,0.0,,32.7,관찰,32.7
2026-10-04T02:14:12+09:00,POLYX,KRW-POLYX,POLYXUSDT,58.0,0.34602076,614585899.2271018,1791047550983,False,False,,616791789.2878394,430565165.0466332,813322960.3824418,628701100.2485245,1143821095.0945725,1.4325166998148506,0.9881373568161789,0.7722337121106558,2,0.0,-6.168831168831179,중립,379646.21373,-1.392,334584.13251,408786.34013,248437.87227,253360.48335,406309.34367,0.8184816850866332,1.1023163492806816,1.0110817944421604,1,-0.23474178403755097,-6.593406593406581,중립,,0.0,,32.7,관찰,32.7
2026-10-04T02:14:12+09:00,ONDO,KRW-ONDO,ONDOUSDT,673.0,0.44776119000000003,37839833106.77307,1791047644657,False,False,,52234856741.40611,42533096162.8736,67599947785.99202,78403311211.69446,171542275731.96045,1.228099091149659,0.831163677110267,0.6043296469751133,2,-1.9033674963396807,-15.723270440251568,중립,22994860.63291,-1.158,32179246.58289,27012004.85743,42640122.3001,37004235.9351,83243111.42036,1.1912942690752806,0.9051287419657084,0.7280785943747142,2,-1.8525896414342546,-16.164709885996253,중립,,0.0,,32.6,관찰,32.6
2026-10-04T02:14:12+09:00,TOKAMAK,KRW-TOKAMAK,,492.0,-1.20481928,448879627.0725582,1791047643329,False,False,,236183686.81840667,183531915.4556941,200033968.95660233,403869399.9760191,1114295636.9996495,1.2868807380557366,0.899821324371598,0.5277853183233002,2,1.0141987829614507,-4.780114722753348,중립,,,,,,,,,,,,,,NO_DATA,,0.0,,32.6,관찰,32.6
2026-10-04T02:14:12+09:00,MIRA,KRW-MIRA,MIRAUSDT,71.1,0.56577086,1386049802.5440037,1791047544965,False,False,,2103113394.722244,1050364459.9126416,4645017923.221279,1814693886.4941995,2149928583.427451,2.002270140496908,0.8401166589589314,0.956610575278842,2,-0.42253521126760507,-6.108897742363872,중립,475326.719546,-0.095,538385.025269,666290.409576,1470776.720173,1112040.096835,946189.929052,0.8080335804497115,0.49710734770213133,0.5803560652576435,1,-0.574052812858783,-6.580366774541535,중립,,0.0,,32.5,관찰,32.5
2026-10-04T02:14:12+09:00,ANKR,KRW-ANKR,ANKRUSDT,6.72,-0.14858841,302315848.63419956,1791047448365,False,False,,428250745.32702565,339816666.95248264,374801148.7818206,508964198.0687297,431293025.037231,1.2602405560846401,1.0499927438357157,0.4427521357364233,2,2.5914634146341653,-4.131054131054124,중립,378587.654612,-1.002,315832.236174,336000.561961,353546.982769,408070.55089,376590.529807,0.9399753212634776,0.8632298540839904,0.6546274231853338,1,2.2774327122153215,-4.633204633204624,중립,,0.0,,32.5,관찰,32.5
2026-10-04T02:14:12+09:00,MLK,KRW-MLK,,58.5,-0.6791171500000001,147591821.23024365,1791047505538,False,False,,203411972.1710319,171434548.555658,287491933.1429051,266604678.08332956,433732083.0954142,1.186528467480941,0.8410885022450907,0.6377416267273411,2,1.551724137931032,-3.7581699346405317,중립,,,,,,,,,,,,,,NO_DATA,,0.0,,32.5,관찰,32.5
2026-10-04T02:14:12+09:00,LINK,KRW-LINK,LINKUSDT,18930.0,0.79872204,9519921888.838892,1791047653090,False,False,,13190276763.003939,7490512140.887117,13116878135.121498,26678862393.85493,42800223611.44052,1.7609312307238028,0.8368358255259055,0.6661915448263127,2,-5.199394245330646,-1.1578947368421022,중립,37331178.23284,-1.562,58096372.30917,35591436.30333,58459687.83252,82775025.89427,126167499.84316,1.6323132287789803,0.9856523873749563,0.8752373107203767,2,-5.5658246046416,-1.6400456360524673,중립,,0.0,,32.4,관찰,32.4
2026-10-04T02:14:12+09:00,A,KRW-A,AUSDT,130.0,0.7751938,416334038.79604715,1791047471679,False,False,,395352107.0236959,361235900.1252551,609387045.342948,578454018.1742153,958351083.7494037,1.0944430132404097,0.7656535788139648,0.653815961654503,2,-1.526717557251911,-7.857142857142863,중립,394999.49794,-0.832,913671.72196,465148.54865,820497.76807,394384.47687,1254453.60009,1.9642579227899306,1.6315267412586048,1.2504085222160286,2,-2.0746887966805017,-8.968177434908398,고수준 유지형,,0.0,,32.4,관찰,32.4
2026-10-04T02:14:12+09:00,MOCA,KRW-MOCA,,14.1,0.7142857100000001,161080944.8637046,1791047581993,False,False,,207009207.68576095,184539999.82038543,258957351.59096947,907961364.1435826,412498783.62666845,1.121757927209521,0.45952393211084946,0.46024714339110184,2,-3.4482758620689613,-4.109589041095885,중립,,,,,,,,,,,,,,NO_DATA,,0.0,,32.4,관찰,32.4
2026-10-04T02:14:12+09:00,STRAX,KRW-STRAX,STRAXUSDT,15.5,-1.8987341800000002,416154726.9872194,1791047341731,False,False,,403155371.0434237,393354545.3045544,410660943.6760527,380996694.0882457,561699339.0882275,1.024916009884368,1.020636015739593,0.9427696848570818,2,2.5974025974025983,-2.4691358024691246,중립,136335.85124,-2.733,185554.56918,171146.26694,183348.09106,193542.41548,316683.9645,1.0841870669901974,1.0157415240682108,0.905161212946823,2,1.585903083700435,-4.2358803986711,중립,,0.0,,32.3,관찰,32.3
2026-10-04T02:14:12+09:00,VANA,KRW-VANA,VANAUSDT,1462.0,-0.0683527,324333402.8954491,1791047620576,False,False,,413840835.215915,272761378.5906982,291089516.09407747,723666198.0693655,742746115.2827972,1.5172266592658583,0.9642765231116205,0.7956660455563562,2,1.9512195121951237,-6.99300699300699,중립,230667.73424,-1.192,333519.34421,314351.00811,336246.39531,364224.39352,314543.89422,1.0609774920565627,0.985944562530082,1.0315396609371474,2,1.3195098963242335,-7.3275862068965525,중립,,0.0,,32.3,관찰,32.3
2026-10-04T02:14:12+09:00,TAIKO,KRW-TAIKO,,123.0,0.8196721299999999,252983055.89990106,1791047410640,False,False,,369377723.82231957,356222726.78254354,460731531.03238696,1199204088.136758,2385840105.142615,1.0369291346416718,0.5496260617089012,0.08683860860341869,2,-0.8130081300813052,-10.948905109489049,중립,,,,,,,,,,,,,,NO_DATA,,0.0,,32.3,관찰,32.3
2026-10-04T02:14:12+09:00,ZORA,KRW-ZORA,,10.6,0.9523809499999999,453569064.4935636,1791047628273,False,False,,911887211.6643176,671762194.5976688,1355523643.3036327,1154734763.0261993,1932534802.9477913,1.3574553897163926,0.8597246775195476,0.7192194552869045,2,-1.869158878504662,-10.256410256410254,중립,,,,,,,,,,,,,,NO_DATA,,0.0,,32.2,관찰,32.2
2026-10-04T02:14:12+09:00,BIO,KRW-BIO,BIOUSDT,42.5,0.9501187600000001,341353316.0161087,1791047623797,False,False,,494053343.2980934,345033977.37768203,559726635.9643859,1569892578.4131658,515876339.3650685,1.4318976555670961,0.5989364630293939,0.7557133532183077,2,0.23809523809523725,-2.995391705069117,중립,1235623.144915,0.128,2190565.248135,1325079.056886,1466652.987133,2551230.411058,2390358.416444,1.6531581544145255,1.2299722859104936,1.2396296305404537,2,0.680051813471505,-2.874101843174004,중립,,0.0,,32.2,관찰,32.2
2026-10-04T02:14:12+09:00,QUID,KRW-QUID,,87.7,1.15340254,1406769961.082557,1791047638018,False,False,,1141563897.0747378,975418907.4278814,1200671862.9489586,1928034536.8922777,2261428796.9831176,1.1703319347017482,0.8344510546884352,0.6385761654144547,2,-6.371490280777525,-12.512613521695249,중립,,,,,,,,,,,,,,NO_DATA,,0.0,,32.1,관찰,32.1
2026-10-04T02:14:12+09:00,SONIC,KRW-SONIC,,36.5,1.10803324,408086162.0672693,1791047632752,False,False,,584915570.0351167,494810634.1555543,1401528178.3618383,672087087.069634,1422114069.1775267,1.1820998371090707,0.6831992740719104,0.24092152305539166,2,-1.6348773841961872,-4.497354497354489,중립,,,,,,,,,,,,,,NO_DATA,,0.0,,32.1,관찰,32.1
2026-10-04T02:14:12+09:00,ENS,KRW-ENS,ENSUSDT,9345.0,1.24593716,2101199908.0406206,1791047596018,False,False,,3975809572.774059,2548280953.5301003,4503173753.456954,5507311284.451462,4911255041.911808,1.5601927908562914,0.9497293544965539,0.9582816186290279,2,-3.5023523261892286,-2.73972602739726,중립,989074.605,-1.714,1768446.609,980031.3414,1586633.5992,2844783.1725,1546528.025,1.8044796470220312,0.9803918869991317,1.0904712035205002,2,-3.8297872340425476,-3.2810271041369354,중립,,0.0,,32.0,관찰,32.0
2026-10-04T02:14:12+09:00,AGLD,KRW-AGLD,AGLDUSDT,288.0,0.0,465887578.62341744,1791046987301,False,False,,436430843.6908121,316931606.2349121,371515332.04418707,1082641896.3506818,779252246.4075727,1.3770505531951467,0.739258531515797,0.7806957508069263,2,2.857142857142847,-4.635761589403975,중립,351324.4754,0.712,318937.28686,176910.30406,252412.94355,434129.37834,397404.81249,1.8028191662133533,1.1081231694990594,1.1312021802802332,2,2.468538238141327,-5.1948051948051965,중립,,0.0,,32.0,관찰,32.0
2026-10-04T02:14:12+09:00,AERO,KRW-AERO,AEROUSDT,1091.0,1.2059369199999999,326231882.4251986,1791047653427,False,False,,472027574.7520653,454353842.93668145,716443653.962248,1500216637.6126738,1551135667.4078739,1.038898607528333,0.5301666906061235,0.470442956665933,2,-2.3550724637681153,-5.521472392638039,중립,5223902.09252,3.322,5808232.25438,5133076.84364,4976334.0563,7512942.46085,9573120.04884,1.1315303532961003,0.9887837569929911,0.9071466356937853,3,-2.25730849882817,-5.857193774503977,중립,,0.0,,32.0,관찰,32.0
2026-10-04T02:14:12+09:00,SEI,KRW-SEI,SEIUSDT,95.8,1.4830508500000001,4461055477.483092,1791047558879,False,False,,7322425506.520901,4896719792.037279,8855298915.788832,10308325634.27267,22898113694.215786,1.4953736005944516,0.9130075699343254,0.6395149142112229,2,-5.125628140703508,-11.775700934579437,중립,5318256.976568,0.028,8181325.677291,6039147.172132,9985784.965248,11845052.463651,33064035.195206,1.354715400055857,0.8806598705822407,0.5715036821568225,2,-5.45926027023339,-12.349740604833615,중립,,0.0,,31.8,관찰,31.8
2026-10-04T02:14:12+09:00,CC,KRW-CC,,167.0,1.82926829,1795473243.645764,1791047446659,False,False,,3857094598.8252015,2211843173.560329,2295551689.879947,6638049645.136911,6760360664.637764,1.7438372868979526,1.0382074745938312,0.9783738272669802,2,-2.3809523809523836,-11.827956989247312,중립,,,,,,,,,,,,,,NO_DATA,,0.0,,31.8,관찰,31.8
2026-10-04T02:14:12+09:00,SIGN,KRW-SIGN,SIGNUSDT,16.8,-3.4482758600000003,521584887.19406164,1791047427075,False,False,,667339955.4262667,341166760.6888493,410324621.19826305,1594020023.5569654,1517995582.4492009,1.9560520904171368,0.853553669204928,0.6710154460797363,2,3.5714285714285587,-7.936507936507942,중립,376438.86863,-2.897,536682.36448,353994.21613,366494.25644,682299.41149,851254.482,1.5160766476560452,1.1477480749121831,0.8969400097431636,2,2.4077046548956593,-9.11680911680911,중립,,0.0,,31.8,관찰,31.8
2026-10-04T02:14:12+09:00,KNC,KRW-KNC,KNCUSDT,190.0,1.60427807,4740603935.084117,1791047637354,False,False,,184348526.2051518,135366073.7907144,159500921.75708655,243639387.35145375,267052209.22614554,1.3618517627257753,1.0269991149184219,0.8472473308038396,2,0.5376344086021501,-6.030150753768848,중립,1300148.6117,1.877,243919.50047,143136.04358,267147.28938,183209.9391,272241.37225,1.7041095615701523,1.232968486517269,1.1629238104897572,2,0.8017492711370311,-5.854322668481959,중립,,0.0,,31.7,관찰,31.7
2026-10-04T02:14:12+09:00,SUI,KRW-SUI,SUIUSDT,1599.0,2.5,33347941225.43933,1791047632435,False,False,,43190991215.27299,31207430798.98007,46134606090.508934,43139338689.81033,68654850783.94474,1.3839970196035674,1.0754606097648316,0.8265063450865038,2,-0.1280409731113985,-8.825248392752771,중립,87785977.50932,0.796,108698492.2591,87280951.6727,131998082.00301,118157184.10957,207344898.20534,1.2453861945354916,0.966391452931717,0.8107275332118167,2,-0.5553145336225751,-9.327531645569632,중립,,0.0,,31.6,관찰,31.6
2026-10-04T02:14:12+09:00,SPK,KRW-SPK,SPKUSDT,33.9,-4.2372881399999995,1959557152.033165,1791047614161,False,True,"거래량급등,입금량급등",8046322028.112417,570240640.5453111,1347506957.8134873,1224240360.120453,1063902503.6673146,14.110397358592087,7.68270483634212,6.928384364216632,2,10.971786833855802,7.272727272727275,일회성 폭증형,2251178.920823,-6.642,5678214.06119,1317168.535491,2419418.967939,2199648.652782,1784291.465908,4.310924462732733,2.8696031854703126,2.9474187783567487,2,10.572949946751864,6.858507266065628,일회성 폭증형,,0.0,,31.6,관찰,31.6
2026-10-04T02:14:12+09:00,ANIME,KRW-ANIME,ANIMEUSDT,4.56,0.21978022,271324590.8601218,1791047525953,False,False,,437038938.2228275,293419560.5482846,664850782.1371098,2432380708.495475,761722277.0631595,1.4894676326492187,0.38668585911011316,0.41319901504144324,2,3.409090909090895,-2.3605150214592308,중립,168679.227207,-0.298,281662.174777,175635.977156,248545.460683,630311.528097,249036.291593,1.6036701553852342,0.801320209453426,0.8304192905946176,2,3.70370370370372,-2.608695652173909,중립,,0.0,,31.6,관찰,31.6
2026-10-04T02:14:12+09:00,HUNT,KRW-HUNT,,140.0,1.44927536,130850146.10520963,1791047414902,False,False,,143855410.3323767,96300432.39724213,177420912.96059477,206763847.07823676,321356336.90950847,1.4938189450590302,0.898188409946781,0.7422246294425567,2,0.7299270072992803,-3.4965034965035002,중립,,,,,,,,,,,,,,NO_DATA,,0.0,,31.6,관찰,31.6
2026-10-04T02:14:12+09:00,ICP,KRW-ICP,ICPUSDT,4491.0,0.46979866,473680141.0443885,1791047076624,False,False,,480002046.60734427,473330201.17496794,1773193867.4018872,4055348517.790975,747370268.6390898,1.0140955413700932,0.22850448340340057,0.3096452381021467,2,-4.26215463696723,4.904951889227882,중립,7271238.9654,0.395,10392096.76331,8070357.63113,17526609.08151,29936724.28525,13291102.10455,1.2876872671942439,0.5613941686518648,0.6604081795820039,2,-4.505813953488369,4.351969504447273,중립,,0.0,,31.5,관찰,31.5
2026-10-04T02:14:12+09:00,POWR,KRW-POWR,POWRUSDT,93.5,0.32188841,290223301.83957267,1791047620250,False,False,,493462617.6938479,401781115.1468787,695436291.406475,769316265.6482794,701630819.0714033,1.2281876850121571,0.7931214288437569,0.7659751937878381,2,3.5555555555555562,-1.9978969505783262,중립,166258.0724,0.29,145130.0374,103569.9074,268061.8847,251590.2329,215772.3973,1.4012761143011314,0.6986115617463936,0.7273910000173632,2,2.556390977443601,-3.125000000000011,중립,,0.0,,31.5,관찰,31.5
2026-10-04T02:14:12+09:00,ARKM,KRW-ARKM,ARKMUSDT,181.0,1.68539326,161411073.70501214,1791047611905,False,False,,318910804.1195782,281906330.91360587,1396539107.3160887,3700722648.2636228,481778421.1870372,1.131265137203722,0.17785880585531746,0.25467572521007015,2,0.5649717514124353,-9.183673469387754,중립,825233.04219,-0.522,1403380.92505,917787.97415,1853791.13516,2880243.80584,1245034.93048,1.5290905574893012,0.7449176731748791,0.8991518703998822,2,1.230769230769213,-9.241379310344822,중립,,0.0,,31.5,관찰,31.5
2026-10-04T02:14:12+09:00,ELF,KRW-ELF,,106.0,1.9230769200000002,155716347.62673914,1791047365757,False,False,,217372293.09575072,179960800.26932043,218095407.93345535,1045164091.7712574,310517648.368578,1.207886899649491,0.45184846644617266,0.3644323003204614,2,-0.952380952380949,-1.8867924528301883,중립,,,,,,,,,,,,,,NO_DATA,,0.0,,31.5,관찰,31.5
2026-10-04T02:14:12+09:00,VIRTUAL,KRW-VIRTUAL,VIRTUALUSDT,1083.0,4.53667954,5603978961.654585,1791047635366,False,False,,8008111765.825606,4593157840.4735565,6096698651.869875,8676883140.341162,12911090364.270296,1.743487170255827,1.2404945671356968,0.95785788822066,2,-1.2392755004766443,-8.883025505716802,중립,7593185.21624,-0.075,10514308.52678,6367394.45121,8294525.83753,10586906.14719,16527186.92113,1.6512733123957728,1.2492828393581599,1.0376818231198035,2,-1.5153477528817572,-9.583828775267545,중립,,0.0,,31.3,관찰,31.3
2026-10-04T02:14:12+09:00,AVAX,KRW-AVAX,AVAXUSDT,15060.0,2.37933379,5557668442.757748,1791047654129,False,False,,10041682211.248976,9016897871.499283,13113317640.808268,32935927333.649796,12597075397.951035,1.113651541179017,0.5470702155046355,0.6783562892780916,2,-5.341055341055345,-2.194148936170215,중립,57904257.9141,0.561,67830708.39153,50077365.9725,68867752.34062,118483100.93423,56704299.97883,1.3545182953268602,0.8570679838296487,0.9895171328401314,2,-5.561385099685201,-0.9628610729023213,중립,,0.0,,31.1,관찰,31.1
2026-10-04T02:14:12+09:00,TIA,KRW-TIA,TIAUSDT,648.0,6.403940889999999,1157577804.0046191,1791047470097,False,True,"거래량급등,입금량급등",5024539769.035311,799191437.6802341,1104721466.4524794,625274971.4491115,1136705335.2782269,6.287029029765066,5.959865398942866,5.811178502680677,2,2.181208053691286,-12.121212121212121,일회성 폭증형,7777801.560825,4.047,13017915.666822,8191790.159367,7131898.26031,9776815.000043,6903543.689051,1.5891417399085241,1.5558949694125956,1.8124479894259367,3,1.474591651542645,-12.328498627989026,가속형,,0.0,,31.1,관찰,31.1
2026-10-04T02:14:12+09:00,RENDER,KRW-RENDER,RENDERUSDT,2715.0,1.11731844,1073796248.1479502,1791047502341,False,False,,962804491.8511869,583056949.4638827,1190497707.180217,975601602.689823,2077584571.631818,1.6513043755613919,1.0506545292748757,0.6871843464088085,2,3.9086687306501444,-3.5560344827586188,중립,5390697.8361,0.806,5593110.73675,3344765.40864,5351037.61841,6152809.43527,10813459.68891,1.6721982122579382,1.1300269471527669,0.814082532813167,2,3.4049240440021,-3.9416058394160625,중립,,0.0,,31.1,관찰,31.1
2026-10-04T02:14:12+09:00,IMX,KRW-IMX,IMXUSDT,249.0,3.31950207,4929015841.78886,1791047514176,False,True,거래량급등,2547533978.8847814,369512639.55338436,391313405.18300647,464607231.8458094,1568509875.4383714,6.894308086359068,6.236652849814862,3.228290069482269,2,7.589285714285721,-6.949806949806947,일회성 폭증형,3198742.344564,1.601,2046132.386088,591247.815162,784855.811645,938686.628492,3128121.173108,3.4607018133798366,2.6518157073678825,1.4350822205575133,2,7.9345850999394285,-6.652697747511782,고수준 유지형,,0.0,,30.8,관찰,30.8
2026-10-04T02:14:12+09:00,CASHCAT,KRW-CASHCAT,,216.0,2.85714286,6165773325.54334,1791047647013,False,False,,5684540918.640027,3660898042.074967,9606654205.562593,12090132984.640335,68873497797.75136,1.5527722578742116,0.6725228505562668,,2,-9.482758620689658,,중립,,,,,,,,,,,,,,NO_DATA,,0.0,,30.7,관찰,30.7
2026-10-04T02:14:12+09:00,ARB,KRW-ARB,ARBUSDT,274.0,3.0075187999999997,4473864972.23014,1791047627946,False,False,,6672245430.661567,5091088305.210691,6948402708.818792,10839677343.08904,15907654233.295643,1.3105735022966647,0.8748891559144798,0.5980159340548885,2,-3.971119133574008,-12.786885245901637,중립,14099384.04352,-0.64,18805800.71518,13461570.11871,18412094.49159,27439832.52973,32597447.93638,1.3969990535533552,0.9511730864957638,0.732559527882266,2,-3.734643734643728,-13.395225464190986,중립,,0.0,,30.6,관찰,30.6
2026-10-04T02:14:12+09:00,INJ,KRW-INJ,INJUSDT,10450.0,3.0571992100000003,1015874394.0217545,1791047401828,False,False,,730090139.7395271,598216115.2157673,642193745.9552627,1324480088.419186,1107672969.409521,1.220445456365205,0.8539432343163548,0.7980850610664989,2,-1.744186046511631,-3.886255924170612,중립,12188979.10726,1.547,12019218.02558,8847264.29564,12774018.803,14754616.20553,14115365.41038,1.3585236773703215,0.9912512066088351,0.9971857593976527,2,-2.15364412344059,-4.413085311096864,중립,,0.0,,30.6,관찰,30.6
2026-10-04T02:14:12+09:00,BSB,KRW-BSB,,136.0,3.03030303,603492944.6341695,1791046457011,False,False,,391572006.06269956,355926790.9362567,560464354.8204803,718623599.3159071,861941792.69393,1.1001476034795779,0.7184742655858468,0.6745267086519792,2,-1.4925373134328401,-8.333333333333337,중립,,,,,,,,,,,,,,NO_DATA,,0.0,,30.6,관찰,30.6
2026-10-04T02:14:12+09:00,WAL,KRW-WAL,WALUSDT,47.8,3.0172413799999998,604665238.8538612,1791047449051,False,False,,544189635.7424119,447165713.3554803,531205278.0928564,513464051.86685574,976268462.8910679,1.2169753169554864,1.0943360759238507,0.6700162300698634,2,2.65486725663715,-10.077519379844968,중립,336099.936837,2.325,471294.792631,550465.962733,390132.922401,345372.675666,508045.392743,0.8561742678713061,1.0994678428296079,1.0567452230634362,1,2.0989505247376306,-10.559495665878648,중립,,0.0,,30.4,관찰,30.4
2026-10-04T02:14:12+09:00,LPT,KRW-LPT,LPTUSDT,2413.0,4.188255610000001,1562296743.1249416,1791047530706,False,False,,253465698.7037671,204208861.3563764,397809519.5372839,78412867.03742911,443452878.4216685,1.241208128874632,1.1175223043082678,0.5877426147756211,2,1.0912265386294084,-5.237315875613746,중립,2307764.7688,2.834,1317913.00256,701828.62663,1428882.8693,890702.4435,1349845.56644,1.8778273677553996,1.30857243891113,1.0876119969053042,2,0.5306603773584939,-5.382907880133181,중립,,0.0,,30.2,관찰,30.2
2026-10-04T02:14:12+09:00,CFG,KRW-CFG,CFGUSDT,205.0,3.5353535399999996,1132503273.8216913,1791047622189,False,False,,1636319600.4206183,1401601713.2321749,2157065535.0309687,2279966409.0519123,3909259842.6960053,1.1674640412982733,0.8407718465280934,0.62619732314147,2,-4.807692307692313,-12.389380530973447,중립,1958906.42902,1.071,2423155.2748,1808612.59223,3343364.65702,3727145.36593,3970174.8659,1.3397867985715366,0.818714431533124,0.7341099756511708,2,-4.640522875816988,-12.319711538461531,중립,,0.0,,30.2,관찰,30.2
2026-10-04T02:14:12+09:00,MMT,KRW-MMT,MMTUSDT,255.0,3.6585365899999998,2001245572.642299,1791047640358,False,False,,1256159872.8957005,1174924933.2486851,1898077830.7149239,1831064978.318263,5028671809.963136,1.0691405360020743,0.7684395519654099,0.4201620599319912,2,0.0,-0.4048582995951455,중립,808118.09492,1.629,642641.45245,894345.41141,941104.39395,783404.40789,1916806.01565,0.7185606861188335,0.7361709359748759,0.4907896212042842,1,-0.27578599007170856,-1.1481683980317237,감소형,,0.0,,30.1,관찰,30.1
2026-10-04T02:14:12+09:00,W,KRW-W,WUSDT,19.0,4.3956044,1092913504.06503,1791047647018,False,False,,1158892309.628708,485512550.57148445,1096062470.8119147,3237780571.3968887,3166398493.2673864,2.38694614230797,0.7213987144037296,0.22625326640201018,2,-1.6216216216216273,-14.150943396226412,중립,1175624.436945,1.305,1599238.156814,1355665.700361,2771322.19652,3872966.647385,6107284.368465,1.1796700000510003,0.5997177163813739,0.2517961513286926,2,-1.8409425625920517,-14.987244897959185,중립,,0.0,,29.5,관찰,29.5
2026-10-04T02:14:12+09:00,MASK,KRW-MASK,MASKUSDT,658.0,-2.08333333,800240823.2888497,1791047353635,False,True,거래량급등,1235482936.5579689,172045512.06680274,317798895.19133025,298683080.4003672,762933287.9184737,7.181140162948563,4.700468744190584,2.6920624364151133,2,11.074380165289256,0.4484304932735439,일회성 폭증형,597118.3704,-0.412,982199.4233,297636.4224,338660.3864,334279.8687,514096.3849,3.299997410867952,3.0359252784538504,2.5222815916069368,2,10.290827740492169,0.0,고수준 유지형,,0.0,,29.5,관찰,29.5
2026-10-04T02:14:12+09:00,API3,KRW-API3,API3USDT,396.0,4.48548813,893447374.873027,1791047550974,False,False,,461812440.697937,451793886.16957325,1682133501.0405512,760299978.207192,800107789.9570355,1.0221750555619593,0.47868987027356297,0.5454566518420544,2,-1.558441558441559,-1.813471502590669,중립,1749751.775309,3.997,871105.333528,588694.611034,1177100.544084,1492582.054061,814564.524567,1.4797236414275408,0.8020299163713052,0.9189099128451671,2,-2.0042194092826926,-2.0386643233743285,중립,,0.0,,29.4,관찰,29.4
2026-10-04T02:14:12+09:00,MORPHO,KRW-MORPHO,MORPHOUSDT,3675.0,5.09007721,1606627655.5033228,1791047455635,False,False,,2503751064.843547,2501285809.4969273,2519819040.9005857,1782694528.9236295,2148589155.0947676,1.0009855952235684,1.1039792292170858,1.204661727422083,2,4.294661497166707,-5.2816901408450745,중립,3517486.88728,3.554,5184374.76504,4938890.67925,6083212.18676,6573219.99119,6294724.20312,1.049704296315236,0.8839351469334173,0.9265478236564594,2,3.7995149555375862,-5.692251193536535,중립,,0.0,,29.3,관찰,29.3
2026-10-04T02:14:12+09:00,COMP,KRW-COMP,COMPUSDT,34770.0,4.66586394,544369140.0184005,1791047168473,False,False,,555264389.7796187,406663210.246772,3955852672.5696416,816899303.5832723,303365820.4586935,1.3654158423691003,0.3216180030735829,0.36085496309179227,2,-1.0720667063728428,0.060240963855417995,중립,1430735.10236,3.813,1246673.63863,1422686.67769,3506527.12811,2091047.49318,1296606.91503,0.876281234779122,0.5327466822970538,0.5879852269560131,1,-1.6935483870967771,-0.3677973028197834,중립,,0.0,,29.3,관찰,29.3
2026-10-04T02:14:12+09:00,SHIB,KRW-SHIB,SHIBUSDT,0.0078,-0.12804097,6408928357.699782,1791047640992,False,True,입금량급등,8363100507.100563,5063731011.991006,6244131140.531029,7767983503.001731,10333046871.257227,1.6515688703243894,1.3152392808355846,1.1754800519795785,2,-0.12787723785167016,-2.7397260273972712,중립,3765351.19987812,-1.541,10067890.67176014,3602777.22595702,4684844.91015352,4724454.10178291,5349305.0658219,2.794480491112177,2.3212031241656903,2.195237474483878,2,-0.694444444444442,-3.5413153456998248,고수준 유지형,,0.0,,28.4,관찰,28.4
2026-10-04T02:14:12+09:00,ALGO,KRW-ALGO,ALGOUSDT,179.0,3.46820809,2567374251.4655523,1791047568071,False,False,,4327763056.448983,3633006013.3072085,4179109735.4296513,10291565037.981155,26834611515.894547,1.191234762782383,0.7171629527887112,0.45282097655519404,2,1.1695906432748648,6.790123456790131,중립,4482826.5328,0.997,6922238.6062,7303745.5915,5911362.6254,16019069.5566,28783071.3892,0.9477655703473582,0.71035744461486,0.5627030564541246,1,1.2738853503184933,6.443514644351467,중립,,0.0,,28.3,관찰,28.3
2026-10-04T02:14:12+09:00,OP,KRW-OP,OPUSDT,183.0,6.39534884,1016169547.8900588,1791047624442,False,False,,366738262.70692927,306557727.5404711,461909423.9619071,632186413.5002618,1025747529.5245478,1.1963106121946094,0.785501008679983,0.612614990126824,2,-1.7142857142857126,-14.427860696517413,중립,8778358.682929,2.189,9407002.454508,9639741.672416,10787735.610572,8225023.671284,7644161.509854,0.9758562806123756,0.984940456282101,1.1591738765157142,1,-1.318851823118683,-14.859437751004013,중립,,0.0,,27.9,관찰,27.9
2026-10-04T02:14:12+09:00,DEEP,KRW-DEEP,,32.8,5.12820513,1358738914.3296885,1791047490520,False,False,,1708119774.5703845,1177605845.5575104,4623360434.823575,826441924.2268783,2143454962.991837,1.450502119205866,0.7732071370144733,0.5661733876370557,2,3.31125827814569,-4.0000000000000036,중립,,,,,,,,,,,,,,NO_DATA,,0.0,,27.7,관찰,27.7
2026-10-04T02:14:12+09:00,MANA,KRW-MANA,MANAUSDT,141.0,2.9197080300000002,17395087454.129303,1791047643003,False,True,"거래량급등,입금량급등",24157608351.65415,156366517.8488429,273477437.438803,310867830.80433726,422434722.5933814,154.49348545963616,97.84213835361142,86.69843266099791,2,14.16666666666666,9.600000000000009,일회성 폭증형,10189263.2225,1.37,14813619.4595,407254.0169,620999.6871,634389.2821,691676.3621,36.374397414814055,26.729044509274523,27.154019427544974,2,13.559322033898313,8.884073672806082,일회성 폭증형,,0.0,,27.6,관찰,27.6
2026-10-04T02:14:12+09:00,WIF,KRW-WIF,WIFUSDT,349.0,2.94985251,122517271.42120494,1791047608392,False,False,,624327502.282399,98729025.27721097,676850766.7592312,123455997.29360946,143316344.78869298,6.323646977465996,2.0833236330256844,2.6435431089363797,2,4.307692307692301,2.108433734939763,일회성 폭증형,2080043.875298,2.19,4211066.522921,2450102.588036,5286775.369674,3165133.379396,3065609.806856,1.7187306945774001,1.1587953064921828,1.275622262285711,2,3.660565723793674,1.9222903885480536,중립,,0.0,,27.6,관찰,27.6
2026-10-04T02:14:12+09:00,ATH,KRW-ATH,,9.66,6.270627060000001,18841900856.21061,1791047618325,False,True,거래량급등,6872792327.649704,558695021.5622308,738919839.0840796,700897906.0643902,1785399226.7048416,12.301509879991245,10.316860280499661,6.671625154572441,2,10.315533980582515,4.123711340206171,일회성 폭증형,,,,,,,,,,,,,,NO_DATA,,0.0,,27.5,관찰,27.5
2026-10-04T02:14:12+09:00,ARX,KRW-ARX,,380.0,-3.3078880400000004,2815329218.1690483,1791047645664,False,False,,4101336479.8928137,3711601851.6386847,7976673040.7006035,13190893496.064827,20648252157.757217,1.1050044276926039,0.4945506717745917,0.23505904308701162,2,6.7934782608695565,15.249266862170096,중립,,,,,,,,,,,,,,NO_DATA,,0.0,,27.3,관찰,27.3
2026-10-04T02:14:12+09:00,IO,KRW-IO,IOUSDT,226.0,7.61904762,412011251.52204514,1791047611908,False,False,,141095857.77274114,119347795.08929835,1109472830.9646275,185195556.33408725,332933902.2441792,1.1822242519618436,0.2993512935639595,0.3654265737300221,2,-1.869158878504673,-9.482758620689658,중립,2555849.113288,5.366,1201534.674404,1405648.612581,1817437.712613,1748854.554095,2149356.062942,0.8547902111878348,0.7249893171954745,0.7126959759372452,1,-2.0952380952380945,-9.718969555035128,중립,,0.0,,26.9,관찰,26.9
2026-10-04T02:14:12+09:00,BIGTIME,KRW-BIGTIME,BIGTIMEUSDT,12.3,-1.6,4560547134.142867,1791047614481,False,True,거래량급등,1889365024.2438533,353060188.2044791,588738912.8402421,443623475.91557294,1115114065.3159738,5.3513964116214785,4.091239140311776,1.5614687885498457,2,4.166666666666674,-5.303030303030298,일회성 폭증형,1656494.01745,-2.606,790124.75662,290366.83941,257780.85506,278161.86357,499173.8812,2.721126001252293,2.8686274372554874,1.3178681738228064,3,3.153153153153143,-5.954825462012325,가속형,,0.0,,26.3,관찰,26.3
2026-10-04T02:14:12+09:00,JTO,KRW-JTO,JTOUSDT,778.0,10.19830028,3122420643.608037,1791047650004,False,False,,3323712585.4860406,2384883861.145883,3509540468.155938,2858144414.140831,2689276895.40845,1.3936580475197946,1.1392241579283122,0.9027545410039858,2,-5.107526881720426,-12.515489467162332,중립,3698826.06415,6.052,2853832.0662,2234465.50765,2828113.13049,2735541.90764,3366136.55285,1.2771877911874285,1.0978922611337556,0.8467241403254704,2,-5.669634744684715,-12.961099932930919,중립,,0.0,,26.0,관찰,26.0
2026-10-04T02:14:12+09:00,RAY,KRW-RAY,RAYUSDT,2873.0,9.69835815,3426009753.3999667,1791047589322,False,False,,1415229071.575498,779378702.2183571,1838221044.9935622,1305027137.1957245,1803307194.8220067,1.8158426289393215,1.0823581594270433,0.6383293227889656,2,0.7695267410542606,-10.978925900747793,중립,8680777.42675,9.018,6285659.81521,4938299.86762,8812087.3488,7018074.48803,10222327.47436,1.2728388278776916,0.9079622609501968,0.7411231915047167,2,0.6636358885927729,-11.409519429753978,중립,,0.0,,25.6,관찰,25.6
2026-10-04T02:14:12+09:00,SYRUP,KRW-SYRUP,SYRUPUSDT,344.0,4.87804878,1224571976.0859895,1791047655448,False,False,,1239628132.6970644,1201747667.153182,1717613584.2877884,5892271444.03353,1320170519.2875504,1.0315211475580537,0.42204260284262035,0.5682712911679466,2,2.8213166144200663,11.186440677966104,중립,1782238.99706,5.88,2347612.93295,2460129.20899,3153178.00538,7168794.44926,2374727.01817,0.9542640786391079,0.5509922377545773,0.6956528157098223,1,3.201024327784885,11.070280202112981,중립,,0.0,,25.6,관찰,25.6
2026-10-04T02:14:12+09:00,FLOCK,KRW-FLOCK,,85.8,-2.16647662,3795310650.345835,1791047358093,False,False,,5819233898.635085,6260049721.767917,8779976745.089445,11096578529.029034,15678719912.27088,0.9295826961884993,0.6679406793136636,0.5743669538444459,1,-0.7918552036199178,-9.494324045407643,중립,,,,,,,,,,,,,,NO_DATA,,0.0,,25.0,관찰,25.0
2026-10-04T02:14:12+09:00,G,KRW-G,GUSDT,6.4,-1.68970814,1672582712.134652,1791047610314,False,False,,3294096555.824665,3315674029.079162,3267911426.903149,3443820340.9609303,7267445874.393592,0.9934922814892966,0.9855280485892489,0.7532122577596441,1,-2.6905829596412634,-13.430851063829785,중립,633559.50705,-2.079,1116956.54078,841893.49184,1258474.55239,1105665.01192,2163928.95765,1.3267195335348607,1.0451762547838257,0.8201721641835286,2,-2.4439918533604943,-13.693693693693698,중립,,0.0,,25.0,관찰,25.0
2026-10-04T02:14:12+09:00,IOST,KRW-IOST,IOSTUSDT,1.14,-3.38983051,1237759267.9053476,1791047410311,False,False,,1063191818.1222485,1100504169.1031055,910350290.8432857,1297988552.8909307,2011608500.6384096,0.966095220692107,0.9639549056852037,0.6480475441553376,1,-2.4793388429752095,-11.27819548872181,중립,483702.315255,-4.005,703918.451909,545499.530465,502145.951664,533447.865566,931123.333897,1.2904107384088106,1.3356297772080483,1.0197964864909947,3,-3.146067415730325,-12.040816326530601,중립,,0.0,,25.0,관찰,25.0
2026-10-04T02:14:12+09:00,B3,KRW-B3,,1.05,-1.8691588799999999,835103446.9131312,1791046698641,False,False,,1006407068.6838939,1169858831.3805685,1931144527.0212042,4637694568.377155,4941007451.283248,0.8602807806273662,0.39014589206331374,0.18765420579278289,1,-4.464285714285721,-6.956521739130417,중립,,,,,,,,,,,,,,NO_DATA,,0.0,,25.0,관찰,25.0
2026-10-04T02:14:12+09:00,F,KRW-F,FUSDT,4.71,-0.63291139,685398061.6472708,1791047611907,False,False,,805786820.567434,864668641.8429292,707016261.9416915,2373976445.0606766,2148135714.4282126,0.9319024439813195,0.6126629347979257,0.5396749599292737,1,-0.42016806722687816,-7.78210116731517,중립,203168.460002,-1.228,262314.061287,258905.801124,328087.296951,741171.79676,500540.246878,1.0131640934587158,0.5925033758393103,0.6045945007169925,2,-0.797948133371329,-8.611184037805186,중립,,0.0,,25.0,관찰,25.0
2026-10-04T02:14:12+09:00,BFC,KRW-BFC,,37.3,-1.58311346,657991936.6480662,1791047489861,False,False,,474390696.4401142,581280975.474958,1274945908.868048,7794516346.997785,1749141432.275201,0.8161125453185442,0.1474676152090122,0.19121718612882238,1,-3.316326530612257,-6.650246305418728,중립,,,,,,,,,,,,,,NO_DATA,,0.0,,25.0,관찰,25.0
2026-10-04T02:14:12+09:00,GRT,KRW-GRT,GRTUSDT,38.4,-1.28534704,653867383.527754,1791047404137,False,False,,694034581.6548381,736466886.084879,1207999702.126848,1357947824.0735304,7040990001.6251135,0.9423839615442662,0.6304792448878961,0.1787388519800585,1,-2.015113350125952,-19.95884773662552,중립,978890.15652,-1.319,1262715.64492,1465101.20438,2539594.8624,3078667.60887,8903797.89491,0.8618624031876042,0.5347949234601996,0.25652150458586326,1,-2.1232876712328763,-20.544898526549904,중립,,0.0,,25.0,관찰,25.0
2026-10-04T02:14:12+09:00,EDGE,KRW-EDGE,,138.0,-1.42857143,454265755.08852786,1791047502342,False,False,,979218910.5155672,1072259492.1898253,2572931449.571768,3988499472.490327,5858490507.236139,0.9132294166179441,0.38482785810414394,0.13542296073091173,1,-6.666666666666665,-19.54022988505747,중립,,,,,,,,,,,,,,NO_DATA,,0.0,,25.0,관찰,25.0
2026-10-04T02:14:12+09:00,ERA,KRW-ERA,ERAUSDT,87.6,-2.01342282,411793702.50855774,1791047622830,False,False,,772934625.5683166,914872806.4648117,2685267103.1111236,728855634.7741921,1163599968.3941042,0.8448547383925828,0.535644782478761,0.5255109949820518,1,-0.8869179600886845,-7.549120992761116,중립,298377.84661,-3.709,519593.49439,458024.99823,1158640.45226,365917.20529,595964.86785,1.1344216940078082,0.7862373246459855,0.7147144395577433,2,-1.6516516516516533,-8.134642356241228,중립,,0.0,,25.0,관찰,25.0
2026-10-04T02:14:12+09:00,O,KRW-O,,693.0,-2.5316455700000002,404369474.11355793,1791047444323,False,False,,528636505.7869164,580512031.0454932,1603053598.987542,1221300498.0286026,652675738.3301406,0.9106383287782169,0.46577734856894193,0.5933186732365276,1,-7.901554404145072,-2.735978112175108,중립,,,,,,,,,,,,,,NO_DATA,,0.0,,25.0,관찰,25.0
2026-10-04T02:14:12+09:00,PROVE,KRW-PROVE,PROVEUSDT,294.0,-1.6722408000000002,293773086.78319144,1791047430002,False,False,,530628167.61793965,593618239.4372921,462360684.01245195,981135744.5345285,637196084.3189248,0.8938879103865431,0.7814407936245389,0.8365595572659288,1,-7.716049382716051,-6.853582554517135,중립,608591.72093,-2.388,1484075.94871,922087.23162,1253178.14936,1276475.37215,1337800.51449,1.609474567935022,1.289850010344134,1.3255623358021653,2,-8.095637583892623,-7.04285108188375,중립,,0.0,,25.0,관찰,25.0
2026-10-04T02:14:12+09:00,PIEVERSE,KRW-PIEVERSE,,1823.0,-1.88374596,235463325.35152686,1791047558880,False,False,,373765677.03629786,394828847.61964494,329172216.4205704,575568481.0440459,825287969.7126143,0.9466524021475804,0.8628218746355673,0.41503234025588126,1,-4.127966976264186,-11.650023775558726,중립,,,,,,,,,,,,,,NO_DATA,,0.0,,25.0,관찰,25.0
2026-10-04T02:14:12+09:00,IQ,KRW-IQ,IQUSDT,1.22,-0.8130081299999999,122146182.33846588,1791047606488,False,False,,192295308.81696016,197183029.29663217,277430850.6590055,503405784.1763918,903180331.987074,0.9752122659992246,0.5898510506563831,0.3660949567672999,1,-1.6000000000000014,-6.106870229007644,중립,46533.936254,-0.883,45092.251258,43814.762721,96470.291515,89264.398614,152656.793753,1.02915657777573,0.5893142070018225,0.43919072894897226,2,-2.614379084967311,-7.1651090342679025,중립,,0.0,,25.0,관찰,25.0
2026-10-04T02:14:12+09:00,TRUST,KRW-TRUST,,83.0,-1.19047619,577982295.5187938,1791047628585,False,False,,763364226.8282503,770487222.34593,717983131.2500188,1382969472.5107877,16130369458.779985,0.9907552061720218,0.7975415886007927,0.08484118372839815,1,0.35842293906809264,-6.562847608453848,중립,,,,,,,,,,,,,,NO_DATA,,0.0,,24.9,관찰,24.9
2026-10-04T02:14:12+09:00,MOODENG,KRW-MOODENG,,62.9,-0.31695721,498546615.44625723,1791047646701,False,False,,578816175.1271464,737239473.9847494,3134742272.8612466,361685744.7290208,601812231.8803312,0.785112837215116,0.4101523156546813,0.5438805547915208,1,0.15873015873015817,-4.3939393939393945,중립,,,,,,,,,,,,,,NO_DATA,,0.0,,24.9,관찰,24.9
2026-10-04T02:14:12+09:00,MTL,KRW-MTL,MTLUSDT,432.0,-0.46082948999999995,396292050.60607046,1791046807054,False,False,,397334974.2397306,510648117.8954468,1464936418.6454394,512420636.10434264,532677902.5713018,0.7780993610184683,0.4791006609732491,0.5616731312425586,1,0.23094688221709792,-6.060606060606055,중립,179658.53955,-1.914,182865.74211,347273.07638,584325.59576,472108.68539,326260.76522,0.5265762149378406,0.39082022573090014,0.45544326857210693,1,0.03135779241141279,-6.533841195429235,감소형,,0.0,,24.9,관찰,24.9
2026-10-04T02:14:12+09:00,NEAR,KRW-NEAR,NEARUSDT,6410.0,0.47021944,19071017152.36999,1791047647335,False,False,,44005156275.74692,53203180862.96155,53981237223.89639,47859905913.321304,52856478258.43534,0.8271151378917267,0.8514692148748904,0.7644810499277117,1,-3.8432554634513894,-12.48285322359396,중립,88604896.1634,-2.519,172968470.7215,230791674.2336,233188950.403,205643612.9107,231585436.0113,0.7494571513287209,0.7749202956947123,0.7786182756536214,1,-3.9705280392959508,-12.90142936699461,감소형,,0.0,,24.6,관찰,24.6
2026-10-04T02:14:12+09:00,UNI,KRW-UNI,UNIUSDT,12200.0,0.16420361,8501494159.572085,1791047442975,False,False,,7209774215.224235,7713943947.179135,6655654419.180832,8982019306.356514,9641048591.838934,0.9346417688011244,0.9262451513559993,0.8498059587495479,1,1.078838174273855,-7.164634146341465,중립,61088951.4988,0.222,55915701.09207,63970701.68659,68210697.91752,81224895.07486,115959384.26661,0.8740829726398242,0.7860457140149228,0.7087584730972815,1,0.7199910001125076,-7.510330578512403,중립,,0.0,,24.5,관찰,24.5
2026-10-04T02:14:12+09:00,LINEA,KRW-LINEA,LINEAUSDT,3.82,0.79155673,451887371.0198678,1791047655120,False,False,,434226596.5425455,551315240.3235275,709330455.6454579,823465791.6112721,1634726239.6158504,0.7876194321922408,0.6250528330133162,0.4679564649845211,1,-3.562340966921118,-7.560975609756094,중립,572415.741954,-1.087,1353509.353794,958884.230438,1025780.070951,1133657.205596,3289059.696665,1.4115461604533248,1.3021518314537066,0.9190831490799358,2,-3.6294503975112358,-7.804232804232802,중립,,0.0,,24.4,관찰,24.4
2026-10-04T02:14:12+09:00,LIT,KRW-LIT,,4884.0,0.97167666,3261406159.4925375,1791047646692,False,False,,4168518189.2755904,4777216737.238296,18666840932.308918,7723092419.460458,2644367223.389924,0.8725830161277981,0.4012415165362633,0.5837608729309732,1,-9.673202614379084,-23.525691699604746,중립,,,,,,,,,,,,,,NO_DATA,,0.0,,24.2,관찰,24.2
2026-10-04T02:14:12+09:00,LAYER,KRW-LAYER,LAYERUSDT,106.0,0.9523809499999999,525158228.5803317,1791047009854,False,False,,635704474.854492,708239292.6194296,815671339.7243128,941970506.8784773,2726176390.420811,0.897584307280288,0.7734003858616687,0.48581668514910265,1,-2.777777777777779,-7.8947368421052655,중립,360752.500025,0.258,408721.138576,417737.230004,491071.255861,612577.231097,913751.683328,0.9784168353203432,0.8059517070900871,0.6588442013533098,1,-2.6649746192893287,-9.445100354191261,중립,,0.0,,24.2,관찰,24.2
2026-10-04T02:14:12+09:00,ETHFI,KRW-ETHFI,ETHFIUSDT,962.0,1.15667718,885548527.6490074,1791047642653,False,False,,1280417257.2350612,1341932722.1885378,1217348496.7645085,5214060657.923823,1299908436.9530792,0.9541590543725977,0.4941570604441884,0.6209159362408052,1,-9.169054441260748,-2.6612077789150423,중립,5117686.23991,-1.993,9463294.0601,6067214.02894,7309627.98945,14579340.70261,7101277.38769,1.5597429091772668,1.0155135435917084,1.1300864493862328,2,-9.72204266321912,-3.161836083760916,중립,,0.0,,24.1,관찰,24.1
2026-10-04T02:14:12+09:00,ONG,KRW-ONG,ONGUSDT,123.0,-1.6,789771313.8990259,1791047558886,False,False,,1440638959.964392,1656503242.712172,2680023876.142253,1696940566.940832,2549483558.8006268,0.8696867732088781,0.7163238629865165,0.6807846787710645,1,2.4590163934426146,-4.580152671755721,중립,433785.63366,-1.865,647052.96049,1146217.05121,1953918.32815,744993.40856,587381.39226,0.5645117212372132,0.5048358555813311,0.663920495870963,1,1.8013040114929657,-3.9215686274509887,감소형,,0.0,,24.1,관찰,24.1
2026-10-04T02:14:12+09:00,ENA,KRW-ENA,ENAUSDT,320.0,1.26582278,15035622514.593325,1791047625715,False,False,,23119523394.410423,24151468039.281754,29920917833.593338,15244514401.196398,31121668550.107548,0.9572719702507153,1.00060115078711,0.8670352132540206,1,-6.508875739644971,-14.59459459459459,중립,27134667.614354,-2.274,54607448.865894,61551418.085873,102964877.643334,42776563.593053,71001695.818066,0.8871842528422144,0.7902942104870182,0.8171910689689492,1,-6.441223832528187,-14.715596330275238,중립,,0.0,,24.0,관찰,24.0
2026-10-04T02:14:12+09:00,KERNEL,KRW-KERNEL,KERNELUSDT,73.7,0.54570259,187416776.27442294,1791047623482,False,False,,472752058.1814472,509225202.15579224,940282904.6206737,550044436.4816182,920808640.2581806,0.9283752182336285,0.7092867748468493,0.5491159083273883,1,4.564907275320973,-4.057591623036661,중립,275528.83635,1.498,440361.15663,576545.71364,968629.41214,575816.28441,596640.42179,0.7637922652304466,0.6228613013438165,0.6800274725965721,1,3.868471953578334,-4.61811722912967,중립,,0.0,,23.0,관찰,23.0
2026-10-04T02:14:12+09:00,POL,KRW-POL,POLUSDT,149.0,2.75862069,1489119712.2010765,1791047653430,False,False,,2747930892.093382,3615694142.5386906,3927142077.146339,4227628880.0489774,5489951437.785447,0.7600009247917122,0.700379518262744,0.6974574549559845,1,-8.805031446540879,-12.121212121212121,중립,4511069.528601,0.831,9103411.697947,9173885.922247,13247575.536117,15849082.794271,18307078.584333,0.9923179528394726,0.713609791215881,0.6885266757172802,1,-8.840530431825899,-12.155963302752292,중립,,0.0,,22.8,관찰,22.8
2026-10-04T02:14:12+09:00,ZRX,KRW-ZRX,ZRXUSDT,169.0,1.80722892,372074432.3288117,1791047630504,False,False,,227371371.42836332,228396848.92218718,181250999.80146438,308480256.6529364,389159605.2078159,0.9955101066469914,0.949850185751173,0.8712289057143974,1,2.4691358024691468,-2.92397660818714,중립,183280.578,1.139,149144.6686,158579.4209,157666.5674,247091.2858,284457.5783,0.9405045607654884,0.7942559925842477,0.7688969302035632,1,1.7573221757322122,-3.338632750397452,중립,,0.0,,22.7,관찰,22.7
2026-10-04T02:14:12+09:00,EUL,KRW-EUL,EULUSDT,1904.0,3.08608554,389798560.6904825,1791047466580,False,False,,707092925.4918565,726573924.6238754,751837610.2869008,783865226.5347394,5880425340.432155,0.9731878636546121,0.9376742990190761,0.37007368211782843,1,-3.6515388628064693,-10.426770126091178,중립,308576.34325,1.375,530295.99541,571192.84601,632013.49955,630942.17462,2171678.31016,0.9284009754574482,0.8673714089815765,0.5647745705823618,1,-3.5435861091424603,-10.636900853578457,중립,,0.0,,22.5,관찰,22.5
2026-10-04T02:14:12+09:00,AXL,KRW-AXL,AXLUSDT,73.8,2.35783634,466064144.6349122,1791047433997,False,False,,507951765.1256788,520749337.6614583,563508559.562091,571799227.5223174,3456235139.3677144,0.9754246974307257,0.9201707311943617,0.23247867809914038,1,2.414772727272707,-3.4805890227577074,중립,346395.304847,3.03,471502.066228,656795.46332,731745.808803,456180.788142,1640523.647627,0.7178826477342423,0.7667855386739408,0.4440428672945468,1,1.7307692307692468,-4.1666666666666625,감소형,,0.0,,22.3,관찰,22.3
2026-10-04T02:14:12+09:00,PUMP,KRW-PUMP,PUMPUSDT,8.39,14.774281810000002,9657985610.286167,1791047654791,False,False,,9920118760.194832,4677429348.938793,9797798945.251717,22835625014.268757,15401523372.512354,2.1208484447649627,0.7976326897309826,0.7854504761756743,2,-8.625000000000005,4.577968526466369,중립,38495789.716028,4.569,55404798.609276,34874415.395584,55089451.523488,78454691.006376,94724451.395402,1.5886946915328557,0.9869125936905616,0.9007594201194095,2,-8.57530989981321,4.442289039767222,중립,,0.0,,22.0,관찰,22.0
2026-10-04T02:14:12+09:00,DOT,KRW-DOT,DOTUSDT,1630.0,3.68956743,2039402245.283749,1791047490195,False,False,,1926317716.1368618,2049593702.0500307,1675950447.9663336,2780749267.597658,4014464577.8655586,0.9398534520330216,0.8882097344035607,0.765942381274518,1,-2.8430160692212603,-8.604651162790699,중립,13433030.48337,-1.315,14387202.85176,10888002.07453,13438525.54572,12735964.23096,16657611.71083,1.3213813474021632,1.1645630501196558,1.0880339234883467,2,-3.1852472757753603,-8.911671924290221,중립,,0.0,,22.0,관찰,22.0
2026-10-04T02:14:12+09:00,ORCA,KRW-ORCA,ORCAUSDT,2363.0,-1.04690117,1040473402.37541,1791047369887,False,False,,859418854.4944104,1053387312.5792247,714907045.0583446,1043339764.4454974,1839671749.0359619,0.8158621660157636,0.9169957581724992,0.2723624727697267,1,9.541284403669724,-2.4111156518185517,중립,1377602.36472,0.461,1296068.37312,1446157.23108,966165.45954,1106594.38113,1926392.44626,0.8962153943330817,1.1049436630873337,0.6475218792425435,1,9.277708592777078,-3.3057851239669422,중립,,0.0,,21.7,관찰,21.7
2026-10-04T02:14:12+09:00,AKT,KRW-AKT,,926.0,3.11804009,1202786166.0904303,1791047651707,False,False,,1340017020.21614,1444975794.9592226,1980159999.6060953,1090297895.4221783,1545890848.1420207,0.9273629529925486,0.8902912403657847,0.8792524253088552,1,2.511415525114158,-5.87002096436059,중립,,,,,,,,,,,,,,NO_DATA,,0.0,,21.6,관찰,21.6
2026-10-04T02:14:12+09:00,BLUR,KRW-BLUR,BLURUSDT,29.3,3.9007092200000004,3047106268.999353,1791047578817,False,False,,1504365884.7915676,1526719648.344635,7252574095.049259,635363347.912123,1766536303.9048116,0.9853583049269689,0.47936930794243493,0.62604386857432,1,6.41509433962264,-1.7421602787456414,중립,945329.449426,2.761,617562.073731,676086.788144,3135425.185425,191462.618312,437942.213733,0.9134360921714464,0.4628273746605075,0.6661072456257169,1,5.9754851889683325,-1.983939537080781,중립,,0.0,,19.6,관찰,19.6
2026-10-04T02:14:12+09:00,FLUID,KRW-FLUID,,2259.0,3.43406593,698275035.9919263,1791047470098,False,False,,1069293089.8596888,146040617.99614674,282329685.1955641,1315557962.1226056,445290640.7329087,7.321888283764329,1.839455976132651,1.9715222110929196,2,10.136157337367635,6.74486803519061,일회성 폭증형,,,,,,,,,,,,,,NO_DATA,,0.0,,18.8,관찰,18.8
2026-10-04T02:14:12+09:00,UP2,KRW-UP2,,98.0,8.28729282,10288442032.447933,1791047615760,False,False,,1376823629.9641166,1770194365.5762312,1743814432.0797217,6040406810.521175,1456511938.019588,0.7777810486454321,0.4323101547265009,0.5547304756197273,1,-5.136268343815519,-5.433646812957161,중립,,,,,,,,,,,,,,NO_DATA,,0.0,,18.4,관찰,18.4
2026-10-04T02:14:12+09:00,ZETA,KRW-ZETA,,66.1,-0.45180723,909879171.4927552,1791047500438,False,False,,4510679275.00947,11405982480.784832,939996956.6822984,1051769004.1658117,1535499077.076099,0.39546608831009666,1.0100232799548743,1.2937060971378962,1,-7.002801120448177,-7.777777777777772,감소형,,,,,,,,,,,,,,NO_DATA,,0.0,,14.5,관찰,14.5
2026-10-04T02:14:12+09:00,TRUMP,KRW-TRUMP,TRUMPUSDT,2796.0,-2.7478260899999998,21202396579.68133,1791047636663,False,False,,39508000206.07998,63112984891.156975,23876405981.201538,19584911289.12464,27142323598.160007,0.625988459810837,1.1121255144476612,1.2879493355572955,1,4.621542940320222,-0.03477051460362146,감소형,21378508.998346,-2.603,33550306.888032,33501698.682096,18310299.854362,18227851.592759,23825142.746172,1.001450917650393,1.4370521992609127,1.5307795951722656,4,4.392892398815418,-0.47058823529411153,연속 가속형,,0.0,,13.7,관찰,13.7
2026-10-04T02:14:12+09:00,LA,KRW-LA,LAUSDT,90.3,-2.27272727,2111496300.1572316,1791047650339,False,False,,3216789488.372469,4807887697.098967,2695056914.0922995,3044543768.4845533,6647412190.950571,0.6690650221121947,0.9149446880370978,0.7857999512481165,1,-1.17647058823529,-6.854838709677413,감소형,649664.07724,-3.052,975392.79627,1457046.19462,903323.7108,825577.86939,1144764.21356,0.669431621228992,0.9184640162485113,0.9246845337625528,1,-1.0204081632652962,-7.240437158469948,감소형,,0.0,,13.0,관찰,13.0
2026-10-04T02:14:12+09:00,BERA,KRW-BERA,BERAUSDT,310.0,-2.51572327,1567817236.160251,1791047466266,False,False,,2624094989.5700636,3705595554.7890778,19253446402.490276,5065138101.314943,1962147803.3017795,0.7081439274123447,0.28091044777226093,0.42017623391975595,1,-0.31347962382445305,-1.2422360248447228,감소형,974243.8060995,-2.688,1206300.3450245,2533582.1086496,8859291.6821917,4525129.4716942,1004651.1138756,0.47612443303345653,0.22734641873022607,0.33634939532196534,1,-0.6811409110259681,-2.0159596808063784,감소형,,0.0,,13.0,관찰,13.0
2026-10-04T02:14:12+09:00,META2,KRW-META2,,7895.0,-1.12711334,806291652.9239098,1791047018445,False,False,,1445607736.9412858,8149322741.818998,1287005824.3900883,1691268972.1821597,6914874035.885461,0.17738992340099832,0.3897358073799321,0.1311932406970948,1,-2.3838630806846006,-11.277777777777775,감소형,,,,,,,,,,,,,,NO_DATA,,0.0,,13.0,관찰,13.0
2026-10-04T02:14:12+09:00,ENSO,KRW-ENSO,ENSOUSDT,1308.0,-1.35746606,788555064.5998998,1791047631478,False,False,,1105445476.0459547,2763481592.3614035,1143327151.2229965,696334428.7101974,3850046780.28065,0.4000191204824882,0.720450419204476,0.5620766878088648,1,-0.3007518796992459,-5.082319255547607,감소형,530974.35243,-2.725,649152.83711,1182119.01298,541845.61281,309438.0319,1202506.23714,0.5491433857184588,0.9577338280566452,0.8697081589640285,1,-0.30674846625766694,-5.523255813953498,감소형,,0.0,,13.0,관찰,13.0
2026-10-04T02:14:12+09:00,CYBER,KRW-CYBER,CYBERUSDT,425.0,-0.46838407,411835100.0672691,1791047596330,False,False,,927838078.9112206,7204739309.251772,548943020.5456606,267735457.19932258,280960683.82227117,0.12878163096335246,0.3470102556241268,0.5486306765749933,1,-2.733485193621865,-12.67893660531697,감소형,553510.58227,-0.635,734090.12904,1954936.95083,739412.46586,637733.79963,449406.25814,0.37550578228537257,0.6609289877076415,0.8845563195741324,1,-3.3950617283950657,-13.535911602209937,감소형,,0.0,,13.0,관찰,13.0
2026-10-04T02:14:12+09:00,IRYS,KRW-IRYS,,21.7,-0.4587156,372150571.7671019,1791047620577,False,False,,859692467.4340284,1153575064.5512717,1574453227.6806483,3538800383.9578795,42373621636.32119,0.7452418952627409,0.4115442651402035,0.08783813510618216,1,-1.3574660633484226,-3.964757709251099,감소형,,,,,,,,,,,,,,NO_DATA,,0.0,,13.0,관찰,13.0
2026-10-04T02:14:12+09:00,ARDR,KRW-ARDR,,40.7,0.0,291792315.83570474,1791047581678,False,False,,526360005.1724922,1322925120.3347976,3159017372.74492,3273884871.4973555,10956650434.700672,0.39787588661048656,0.20359917018390009,0.13479284104107497,1,-4.460093896713612,-3.782505910165468,감소형,,,,,,,,,,,,,,NO_DATA,,0.0,,13.0,관찰,13.0
2026-10-04T02:14:12+09:00,MBL,KRW-MBL,MBLUSDT,1.11,0.0,150041834.00676388,1791046894743,False,False,,264165154.21618268,493456162.0713652,184364796.74368623,277071232.6616316,1067697084.21981,0.5353366205972685,0.829931870552844,0.5655933590197937,1,-0.8928571428571397,-3.4782608695651973,감소형,551671.684034,-1.214,624082.564207,605782.843684,560202.892052,448567.584826,333294.087574,1.0302083836044487,1.1596072231106624,1.4784898421925374,5,-0.366300366300365,-4.225352112676061,중립,,0.0,,13.0,관찰,13.0
2026-10-04T02:14:12+09:00,CRO,KRW-CRO,,89.7,-1.64473684,1657586992.2286086,1791047593781,False,False,,2260271618.7490883,4282695343.1592464,2445928261.197923,4224391795.2317796,6181793882.307962,0.5277684816781147,0.619082016126969,0.593818545750932,1,-1.9354838709677358,0.5512679162072764,감소형,,,,,,,,,,,,,,NO_DATA,,0.0,,12.9,관찰,12.9
2026-10-04T02:14:12+09:00,CBK,KRW-CBK,,296.0,-0.67114094,280269892.3898011,1791046200933,False,False,,406875434.7029181,621178215.0314392,425404710.17478156,858608606.6668468,5728326972.039775,0.6550059626323587,0.6406843006008479,0.22710365092221135,1,0.33670033670034627,0.0,감소형,,,,,,,,,,,,,,NO_DATA,,0.0,,12.9,관찰,12.9
2026-10-04T02:14:12+09:00,CPOOL,KRW-CPOOL,,49.2,-0.80645161,1601061322.5168333,1791047564575,False,False,,2324270381.297625,3987822835.9904747,1564134317.0973244,2041328633.0846634,8660813458.839634,0.5828419357853281,0.9182864098952412,0.5674578687878755,1,-0.40160642570280514,0.8130081300812941,감소형,,,,,,,,,,,,,,NO_DATA,,0.0,,12.8,관찰,12.8
2026-10-04T02:14:12+09:00,QKC,KRW-QKC,QKCUSDT,3.79,0.0,425983539.4084875,1791047360945,False,False,,1458858107.1264794,10417798525.24314,318837072.4933537,391634324.2779166,919999238.174926,0.14003516228419588,0.39328434267410384,0.5550775710536652,1,0.5305039787798504,-5.955334987593053,감소형,80932.87137,0.179,189246.241027,917880.788186,129161.712138,109578.887512,143099.227163,0.20617736362148484,0.4908596097667018,0.6290843071130058,1,-0.5397625044980092,-7.62032085561497,감소형,,0.0,,12.8,관찰,12.8
2026-10-04T02:14:12+09:00,KAVA,KRW-KAVA,KAVAUSDT,93.1,-0.21436227000000002,270696570.80560344,1791046990629,False,False,,195325057.85598537,299152898.65656126,574573594.1017337,522799364.84567815,3075232259.915701,0.6529271778182764,0.4195949329383108,0.19936177628401233,1,0.43057050592032464,0.3225806451612856,감소형,349038.733069,-0.204,1083101.379483,314089.594487,752199.973002,838232.103283,1923729.608868,3.448383513793319,1.7060998508522565,1.302962429293153,2,0.14583637159106821,0.27745327102803863,고수준 유지형,,0.0,,12.8,관찰,12.8
2026-10-04T02:14:12+09:00,BTT,KRW-BTT,,0.000509,0.39447731999999996,494472887.4395695,1791047552876,False,False,,411975047.35047156,818345760.137258,691075120.4610466,1921823471.5873723,5528203155.845686,0.5034241850063139,0.36019735559320903,0.19779987001026006,1,0.0,-1.361867704280173,감소형,,,,,,,,,,,,,,NO_DATA,,0.0,,12.7,관찰,12.7
2026-10-04T02:14:12+09:00,CTC,KRW-CTC,,157.0,0.64102564,508638196.0925644,1791047510017,False,False,,868639025.124551,1652903677.7599518,718366176.1493086,695794281.3189025,889035879.9882836,0.525523076034139,0.8496454460936128,0.9025950154030474,1,-2.500000000000002,-3.703703703703709,감소형,,,,,,,,,,,,,,NO_DATA,,0.0,,12.5,관찰,12.5
2026-10-04T02:14:12+09:00,XCN,KRW-XCN,,6.52,0.7727975300000001,350235125.566022,1791046395524,False,False,,406937384.47960454,818027316.2458725,472502491.48481643,434619847.4553762,1218033140.6464708,0.4974618529209266,0.707655796567483,0.2722984636762115,1,0.0,-5.27086383601757,감소형,,,,,,,,,,,,,,NO_DATA,,0.0,,12.4,관찰,12.4
2026-10-04T02:14:12+09:00,CVC,KRW-CVC,CVCUSDT,40.5,-1.6990291300000002,712229222.6883003,1791047431950,False,False,,1160632236.5445912,3359238780.9891133,5806793875.287289,821673094.6464834,1347823108.8530328,0.3455045360612466,0.3486182709489653,0.44865103864876527,1,1.980198019801982,-1.1990407673860948,감소형,324308.43995,-2.45,393847.41007,813702.62442,1021088.00894,437045.02241,697193.7824,0.48401885191255334,0.5200826156632956,0.5857256629172819,1,1.0371361659417877,-2.043464158287378,감소형,,0.0,,12.3,관찰,12.3
2026-10-04T02:14:12+09:00,AWE,KRW-AWE,AWEUSDT,93.5,-2.50260688,362414108.50912744,1791047359043,False,False,,471655761.95284116,962733226.5568477,841607378.0821661,1524237212.027118,1175608786.4447358,0.48991324797180535,0.42509665202171526,0.31728447889863254,1,0.2089864158829613,3.4519956850054045,감소형,519835.88327,-3.709,325458.09288,670171.05027,495430.57281,304235.33428,410411.71818,0.48563436565766116,0.6642738663978643,0.6262707341479977,1,-0.014196479273131946,3.013017405294738,감소형,,0.0,,12.2,관찰,12.2
2026-10-04T02:14:12+09:00,PLUME,KRW-PLUME,PLUMEUSDT,24.3,-1.6194331999999998,1383625430.039266,1791047653079,False,False,,2597082183.7282786,9301796803.499865,2253554776.811264,2114446482.394919,3191720813.355228,0.27920220561592024,0.5699606179582799,0.666430052213612,1,3.347280334728042,-3.1372549019607843,감소형,1848207.30801,-1.921,3692516.85903,10376830.08146,4946952.12402,5110600.38841,7081169.45371,0.3558424711634548,0.5421035123616729,0.5992131056274916,1,3.8702333523050747,-2.7185501066098072,감소형,,0.0,,11.8,관찰,11.8
2026-10-04T02:14:12+09:00,CELO,KRW-CELO,CELOUSDT,134.0,-2.89855072,580755193.8351159,1791047632427,False,False,,903926902.7129964,1417865766.9625895,1986097048.4424932,13329453836.9909,1016320480.9025987,0.6375264314684922,0.16205780113355997,0.24616770243700217,1,0.7299270072992803,4.545454545454541,감소형,906546.427225,-1.096,981268.918535,1349159.499596,2118814.759226,11123129.519914,968375.361022,0.727318689027381,0.20175353422508632,0.3040123968655511,1,0.8300830083008304,3.352127114300374,감소형,,0.0,,11.7,관찰,11.7
2026-10-04T02:14:12+09:00,PENDLE,KRW-PENDLE,PENDLEUSDT,3226.0,0.97026604,303275324.1575961,1791047363819,False,False,,473421189.903823,632117890.8764998,967393944.6849976,845927371.3113129,1602450644.534154,0.7489444559896468,0.580780567237114,0.4836520178684983,1,1.6221374045801484,-10.479125805547774,감소형,2756912.4826,-1.611,4853024.1819,4423887.0171,3948198.4989,4144994.0716,7629198.4231,1.0970045489727072,1.1631365322725034,0.9801504120027713,3,1.1617900172117057,-10.777988614800748,중립,,0.0,,11.7,관찰,11.7
2026-10-04T02:14:12+09:00,DRV,KRW-DRV,,520.0,-4.23572744,3013282154.7011476,1791047605862,False,False,,11243685345.917162,18994324398.019337,6291549015.820265,14153095726.27984,5260805639.99834,0.5919497377379537,0.8552722541482058,0.8691947153531062,1,4.022988505747116,-7.179487179487176,감소형,,,,,,,,,,,,,,NO_DATA,,0.0,,11.6,관찰,11.6
2026-10-04T02:14:12+09:00,TOSHI,KRW-TOSHI,,0.169,1.19760479,1367687561.2197173,1791047643004,False,False,,600961879.3305691,816064116.9624174,7159982728.967835,660878646.584022,953485552.6823546,0.7364150277400882,0.20874159902783573,0.3016128140234451,1,1.8292682926829285,-5.1136363636363535,감소형,,,,,,,,,,,,,,NO_DATA,,0.0,,11.4,관찰,11.4
2026-10-04T02:14:12+09:00,HP,KRW-HP,,13.3,-1.48148148,147678522.83177763,1791046837012,False,False,,509480432.19100064,1911107783.089405,418651469.9022255,903489737.6223888,10241483531.33458,0.2665890624794584,0.4727261343032968,0.18686040921028663,1,3.053435114503822,3.053435114503822,감소형,,,,,,,,,,,,,,NO_DATA,,0.0,,11.3,관찰,11.3
2026-10-04T02:14:12+09:00,SAFE,KRW-SAFE,,150.0,1.3513513499999998,474172029.9576985,1791046754653,False,False,,471055110.8237681,1383537645.7414057,447841055.61715364,218396745.58798385,592718298.4574497,0.3404714806812073,0.6894244608971348,0.777446723582795,1,2.0689655172413834,-8.074534161490687,감소형,,,,,,,,,,,,,,NO_DATA,,0.0,,11.2,관찰,11.2
2026-10-04T02:14:12+09:00,SKR,KRW-SKR,,23.8,2.5862069,340087678.8324085,1791047630819,False,False,,513005867.6232964,721618251.0586721,501339276.1892216,517816750.39933735,1089782260.559643,0.7109103281003155,0.8840994623093643,0.646437906272991,1,-7.200000000000006,-9.019607843137257,감소형,,,,,,,,,,,,,,NO_DATA,,0.0,,10.9,관찰,10.9
2026-10-04T02:14:12+09:00,COW,KRW-COW,COWUSDT,220.0,2.8037383200000003,162046859.95286426,1791047636016,False,False,,344283260.7376391,536060185.9431351,1628941011.9207385,1147397001.667671,2296883565.9437156,0.642247400134582,0.31181329055153695,0.06900526347854945,1,-1.834862385321101,-0.92592592592593,감소형,327027.7243,1.245,715108.76221,532440.77604,1333798.75758,1101620.56137,1538842.08479,1.3430766282187916,0.7228529034274536,0.38834207988235364,2,-2.1065675340768197,-1.2499999999999956,중립,,0.0,,10.8,관찰,10.8
2026-10-04T02:14:12+09:00,FIL,KRW-FIL,FILUSDT,1450.0,3.12944523,2573286671.489333,1791047639655,False,False,,3070648134.033057,4112998272.945681,4501844335.646726,3059981427.6595926,5001038147.688715,0.7465717051794177,0.7890435327757204,0.6653054914750534,1,-2.089136490250698,-9.055627425614487,감소형,10993212.377851,2.328,11834175.280009,13754584.069804,15188427.267097,17034841.279719,19193415.495163,0.8603804535237854,0.7721658107015117,0.7573268319346934,1,-2.371056111845826,-9.413620825663948,중립,,0.0,,10.5,관찰,10.5
2026-10-04T02:14:12+09:00,ESP,KRW-ESP,ESPUSDT,137.0,-3.52112676,339729597.0315791,1791047429336,False,False,,531759763.4051878,1783114644.4079378,786055436.5627625,573618679.4053618,1771144421.0942655,0.29821961536396463,0.5075999094589718,0.16322552517703623,1,7.575757575757569,0.0,감소형,410111.7898,-4.316,640400.53305,1843602.83604,795247.35726,590886.14403,1313838.54862,0.34736360811071426,0.5948478137191359,0.39838015385457815,1,6.27113433753459,-0.37463976945245614,감소형,,0.0,,10.3,관찰,10.3
2026-10-04T02:14:12+09:00,PROM,KRW-PROM,PROMUSDT,8405.0,-3.22394934,1175032682.789671,1791047543360,False,False,,1566734282.1541624,2319516367.5695124,9218543471.440582,6162472099.968297,4624016925.502995,0.675457308281835,0.2655402031230574,0.2991818041704978,1,7.487623762376239,1.0471204188481575,감소형,893100.69672,-0.959,1631146.02042,1309004.65364,3303453.67863,5318482.55699,2120469.58337,1.2460964259250027,0.4927466708166695,0.5952031865528034,2,7.297433316557611,0.7720182763510275,중립,,0.0,,10.1,관찰,10.1
2026-10-04T02:14:12+09:00,CRV,KRW-CRV,CRVUSDT,515.0,2.18253968,596109001.0390891,1791047450664,False,False,,692825618.3347,1797950672.6504776,2697871689.106791,5004227155.934706,1210091610.1677065,0.3853418388355227,0.2187858969717311,0.30964866132329544,1,-2.3255813953488413,5.219206680584554,감소형,4643022.88024,1.494,6089550.29081,4669938.17999,8773749.69948,20499171.92628,9661166.20256,1.3039894868207955,0.5382177865088212,0.6550930353492801,2,-3.017580687483601,4.5544554455445585,중립,,0.0,,10.1,관찰,10.1
2026-10-04T02:14:12+09:00,SOMI,KRW-SOMI,SOMIUSDT,283.0,2.9090909099999998,457048148.8549715,1791047522137,False,False,,687016861.8086208,1697493215.1642423,17317693731.270782,256298340.3805838,209078903.37703896,0.4047243639451884,0.10694819598756662,0.1744840697979974,1,1.85185185185186,-6.779661016949157,감소형,461721.23536,2.462,634290.71438,998833.89234,4103252.39703,632159.50093,489960.56126,0.6350312291606635,0.33184349131997126,0.48049966467281263,1,0.7485029940119681,-7.172413793103449,감소형,,0.0,,10.0,관찰,10.0
2026-10-04T02:14:12+09:00,PUNDIX,KRW-PUNDIX,PUNDIXUSDT,167.0,3.08641975,413563787.2299524,1791047341371,False,False,,579945377.5693543,1449015823.849479,7636275731.85733,315763379.7543102,520959347.86331743,0.400233985042801,0.18506818060868235,0.27253189449106763,1,1.8867924528301883,-2.9940119760479056,감소형,216861.17197,0.742,331024.6518,495606.29635,1134251.81921,200779.07478,227601.63966,0.66791857617206,0.5424744786352551,0.7117563961664922,1,2.2184300341296925,-2.995951417004039,감소형,,0.0,,9.9,관찰,9.9
2026-10-04T02:14:12+09:00,MOVE,KRW-MOVE,MOVEUSDT,13.6,0.74074074,5242576829.090664,1791047623477,False,False,,5686600172.190113,14979745176.309935,982136464.7263615,1316580164.9749055,1841143555.3561778,0.37961928626017744,0.987344863686605,1.36661606426789,1,10.655737704918034,3.053435114503822,감소형,1324018.3251584,0.784,1420219.5779038,6161631.6041352,780677.5778592,843649.1309715,978988.4941604,0.2304940751327393,0.5472234197062364,0.675889481011536,1,11.01543278908521,2.8917910447761264,감소형,,0.0,,9.8,관찰,9.8
2026-10-04T02:14:12+09:00,RE,KRW-RE,REUSDT,681.0,-1.447178,1691358780.9614263,1791047636669,False,False,,3080352278.800411,9498351808.64271,2038267057.4670746,2749752111.1687074,2646655439.8827677,0.32430387301484737,0.6468442441469923,0.7535271331421659,1,6.635802469135799,4.06626506024097,감소형,906179.97534,-0.987,1845091.31552,3722112.14253,1623328.26144,2580097.57274,1429378.21038,0.4957108342968548,0.698409869819054,0.8312453798351147,1,6.4834242551405685,3.6772216547497294,감소형,,0.0,,9.8,관찰,9.8
2026-10-04T02:14:12+09:00,ARK,KRW-ARK,ARKUSDT,307.0,4.067796609999999,23363848120.392258,1791047649680,False,False,,15591642004.605211,41385144184.68402,111556201152.77808,2858627602.1073933,5848018396.910383,0.37674489993381316,0.30022422424911677,0.4143480431387524,1,-13.48973607038123,-11.940298507462687,감소형,6573270.183,4.172,3714857.6283,10940473.3871,42233158.828,1118463.7161,1982323.413,0.3395518179935631,0.2052706327459271,0.316674250756861,1,-13.990461049284574,-12.459546925566345,감소형,,0.0,,9.7,관찰,9.7
2026-10-04T02:14:12+09:00,IOTA,KRW-IOTA,IOTAUSDT,74.0,1.64835165,1099262491.3708434,1791047639335,False,False,,1769437098.599699,2990623695.14122,2162489715.336786,5414772188.6904,19649358940.08074,0.5916615659383868,0.5023059008338254,0.2812474648876748,1,2.390998593530247,5.050505050505061,감소형,682880.3177,0.184,1098341.3989,2548062.6844,1402804.8874,3319125.6049,9145048.1787,0.43104959922076236,0.453236215855113,0.3124093499065303,1,2.490421455938696,4.6966731898238745,감소형,,0.0,,9.7,관찰,9.7
2026-10-04T02:14:12+09:00,0G,KRW-0G,0GUSDT,404.0,-2.1791767600000003,1829022080.7910986,1791047618963,False,False,,3294006086.8511987,7336374346.476862,29780503326.061634,59501435461.2376,8162433428.363627,0.44899645673520944,0.10227893594945214,0.15283548048890516,1,-7.191011235955058,16.338028169014084,감소형,1520293.04888,-0.534,2705316.488352,4086895.046692,8920727.60616,29816546.45665,5348611.917574,0.6619490976509729,0.1895179669289882,0.2730506084107246,1,-7.659444613976197,15.496183206106862,감소형,,0.0,,9.4,관찰,9.4
2026-10-04T02:14:12+09:00,CARV,KRW-CARV,,60.6,3.06122449,275850511.98243415,1791047651686,False,False,,295921858.95242923,399325904.5771449,346255799.12193775,498073383.1644702,926083582.1919852,0.7410534993110138,0.7138358426179047,0.4862118964024943,1,3.157894736842093,-3.9215686274509887,감소형,,,,,,,,,,,,,,NO_DATA,,0.0,,9.4,관찰,9.4
2026-10-04T02:14:12+09:00,SPX,KRW-SPX,,598.0,3.28151986,138019655.0150855,1791047554751,False,False,,423400131.41011363,1114769355.3551073,996148338.848483,244668954.96398523,478079053.4389037,0.37980962553033265,0.5392288985332839,0.6460365923198692,1,2.841918294849033,-3.9800995024875663,감소형,,,,,,,,,,,,,,NO_DATA,,0.0,,9.4,관찰,9.4
2026-10-04T02:14:12+09:00,SOON,KRW-SOON,,508.0,1.19521912,23135379302.87996,1791047646030,False,False,,44194274572.17075,67970165555.52118,140715366205.5067,93994084071.06313,100084561806.51474,0.6502010729409041,0.43803023653255024,0.4300531231398153,1,-10.196779964221825,12.808988764044948,감소형,,,,,,,,,,,,,,NO_DATA,,0.0,,9.2,관찰,9.2
2026-10-04T02:14:12+09:00,MEW,KRW-MEW,,0.73,1.10803324,1193903412.0088174,1791047104688,False,False,,1586411516.51633,3321118402.332946,33008331574.9801,421626829.64375645,948006946.5910215,0.4776738810040445,0.1294991865013351,0.20840899258636086,1,9.893455098934535,4.941860465116288,감소형,,,,,,,,,,,,,,NO_DATA,,0.0,,7.6,관찰,7.6
2026-10-04T02:14:12+09:00,RED,KRW-RED,REDUSDT,241.0,5.24017467,817988591.6570922,1791047645007,False,False,,658061036.027988,1920902697.501612,4744350817.635605,883550296.2216319,607811882.480631,0.34257905769192964,0.26152264086044574,0.38215276002806836,1,4.566210045662111,-0.8658008658008698,감소형,860291.54435,3.198,567971.59148,1327479.93684,2408255.0052,620940.0312,477594.78407,0.4278570061345168,0.39110440528750795,0.5219580065860036,1,4.601990049751237,-1.4645577035735213,감소형,,0.0,,7.2,관찰,7.2
2026-10-04T02:14:12+09:00,KITE,KRW-KITE,KITEUSDT,208.0,2.4630541900000003,1184114031.3144138,1791047641679,False,False,,1721146228.5628748,3344920627.719736,1644216580.753953,1479690787.666232,2914959965.6232333,0.5145551778716484,0.7982031194475648,0.6620284649680771,1,11.538461538461542,-2.4038461538461564,감소형,4421432.98873,2.884,4455363.1885,4378345.41261,2575247.85127,2126076.63402,3837457.86767,1.017590612122146,1.4720898133743152,1.306430060931808,4,11.036539895600296,-3.059895833333326,연속 가속형,,0.0,,7.0,관찰,7.0
2026-10-04T02:14:12+09:00,JST,KRW-JST,JSTUSDT,188.0,3.86740331,489710207.9905623,1791047296535,False,False,,277489960.0602612,742492068.4423066,368742083.1948214,349886433.5934584,981678918.7474205,0.3737278441807662,0.5697475544425428,0.449628960115877,1,5.232558139534893,5.232558139534893,감소형,5633313.176865,6.81,4119501.759397,4688834.101273,4617421.392886,4612523.586671,5393721.612773,0.8785769917256342,0.8879015326288261,0.9232637526154034,1,4.345430213335422,4.832331540651702,중립,,0.0,,6.9,관찰,6.9
2026-10-04T02:14:12+09:00,FOLD,KRW-FOLD,,94.6,8.73563218,35069312395.587204,1791047644971,False,False,,3933878933.504821,5976135757.898439,31416455881.46384,29587061018.661278,7492553485.051548,0.6582646534268498,0.17619734250892286,0.19635966878897798,1,-3.0100334448160515,-7.051282051282048,감소형,,,,,,,,,,,,,,NO_DATA,,0.0,,6.0,관찰,6.0
2026-10-04T02:14:12+09:00,PROS,KRW-PROS,,980.0,-4.10958904,747775612.0791227,1791047038736,False,False,,2548081934.3669853,8646797577.465675,5652029405.178363,4430895402.688109,20150074274.72191,0.2946850451324909,0.40813449584748857,0.21200629999025503,1,11.816192560175054,14.0625,감소형,,,,,,,,,,,,,,NO_DATA,,0.0,,5.8,관찰,5.8
2026-10-04T02:14:12+09:00,MINA,KRW-MINA,MINAUSDT,215.0,-3.15315315,2054330717.5834787,1791047516095,False,False,,4593917601.107836,1802552404.645452,968972339.1486241,1577652060.3702743,1607538276.595507,2.548562576748732,3.168818703835502,3.3636152156301957,3,16.230366492146597,11.557788944723612,가속형,2786864.40938,-1.304,4278951.74903,1587275.43369,1464938.05725,2280109.3876,2426842.60626,2.69578401971645,2.4073664591377395,2.411340724939982,3,15.297450424929181,10.974778459441037,가속형,,0.0,,66.9,시동,66.9
2026-10-04T02:14:12+09:00,SUPER,KRW-SUPER,SUPERUSDT,356.0,11.94968553,5105641020.953567,1791047625396,False,False,,1742955203.7598386,1150546710.0138516,138609773.9109126,207680911.74512517,342618469.66427946,1.514893040491033,3.493275639963155,2.30035928899016,3,22.307692307692317,16.91176470588236,가속형,12100614.1248,15.0,7126708.2337,5138053.3043,1172732.2709,1215686.6408,1986060.8911,1.387044433294553,2.8406568293243,2.4848456149382727,3,21.863612701717862,16.87468796804792,가속형,,0.0,,49.4,시동,49.4
2026-10-04T02:14:12+09:00,WLD,KRW-WLD,WLDUSDT,817.0,7.78364116,72855511508.05583,1791047651698,False,False,,69621103245.10054,37926898195.00614,63374019074.428535,41578577596.16642,52648955047.52918,1.8356656240943952,1.4618144467249683,1.1564162337834836,2,15.372907153729077,2.7100271002709952,고수준 유지형,92659277.03556,5.565,91228255.01127,65990069.32665,79648404.22022,55256593.77921,80967882.63636,1.3824542986868418,1.3623269534516864,1.20665107471027,2,15.071325201571216,2.1846888195336867,중립,,0.0,,25.3,시동,25.3
2026-10-04T02:14:12+09:00,TRAC,KRW-TRAC,,603.0,2.72572402,20861186508.323414,1791047625389,False,False,,22182028643.37315,40691072330.110794,24290819687.977432,729845864.3978401,1716502797.8294106,0.5451325652816177,1.0126970930083368,1.610578923567386,1,15.324165029469539,16.00790513833992,감소형,,,,,,,,,,,,,,NO_DATA,,0.0,,5.1,시동,5.1
2026-10-04T02:14:12+09:00,MON,KRW-MON,,44.2,0.22675736999999999,1843449597.9257362,1791047623486,False,False,,4479816829.848371,8637520196.148613,3615856685.983057,2795614809.740239,8652974115.963469,0.5186461771569435,0.8930465751272808,0.8916737663117908,1,21.153846153846168,15.748031496062985,감소형,,,,,,,,,,,,,,NO_DATA,,0.0,,2.0,시동,2.0
2026-10-04T02:14:12+09:00,STX,KRW-STX,STXUSDT,530.0,5.78842315,4345194738.533485,1791047655778,False,False,,6938331846.006617,22017898075.975597,13200206905.736553,3295061519.5244155,5656939672.173287,0.315122352827005,0.5404644029296196,0.6633506676295139,1,16.783216783216794,9.388646288209612,감소형,2584875.99325,7.682,2656477.13396,9666873.63848,8093460.19765,1125506.85173,2295389.15276,0.27480209562123736,0.42197917125303436,0.5598434800395796,1,16.156516251183326,8.77659574468086,감소형,,0.0,,0.4,시동,0.4
2026-10-04T02:14:12+09:00,CAP,KRW-CAP,,94.4,-7.450980390000001,13641953597.05735,1791047639668,False,False,,45946444668.747314,29200885784.003063,15885017549.86421,11666947920.090324,22752317143.253166,1.5734606480299944,2.428764915958824,2.609238935981213,4,25.461254612546135,40.88397790055247,연속 가속형,,,,,,,,,,,,,,NO_DATA,,0.0,,61.5,이미 발동,61.5
2026-10-04T02:14:12+09:00,SAND,KRW-SAND,SANDUSDT,101.0,7.33262487,206514559824.8629,1791047654122,False,True,"거래량급등,입금량급등",229584594584.27567,2000674342.6598895,1989368887.534509,1339064738.0489335,3579969741.9514084,114.75360566629938,129.24372856717807,112.00048562901682,4,58.684654300168624,52.512155591572096,연속 가속형,65967074.69067,13.358,63483037.0873,1709138.47007,1766835.31453,1137560.92803,1544738.28348,37.143296578363234,41.28051984534267,42.597104156207806,2,58.13900320073158,51.955184534270636,일회성 폭증형,,0.0,,58.1,이미 발동,58.1
2026-10-04T02:14:12+09:00,ZAMA,KRW-ZAMA,ZAMAUSDT,118.0,15.68627451,2814268299.1560097,1791047583904,False,False,,3232163520.424805,1556129552.4022105,2168886571.857357,1654479620.8382125,1344622781.5337963,2.077052977649121,1.8024906089219646,1.6621992073160385,2,0.0,-8.92857142857143,고수준 유지형,5633784.09203,13.47,5707765.93013,3488827.44584,7135447.18061,6353615.44672,8948336.12325,1.636012677249433,1.0085645340259206,0.8051577274472493,2,-0.21339023739664897,-9.528415961305924,중립,,0.0,,32.7,이미 발동,32.7
2026-10-04T02:14:12+09:00,ZRO,KRW-ZRO,ZROUSDT,2815.0,18.27731092,22801541715.416485,1791047652083,False,False,,5658275844.746117,3044064496.8704634,10518166784.646025,3952799593.9476113,4431044441.147276,1.8587897367362838,0.9691577282925322,1.1773753723563334,2,5.030891438658425,6.8222621184919285,중립,35924495.83998,8.351,28453481.49194,24840241.80707,24841847.12459,14445033.19308,13850549.58304,1.1454591188336019,1.331112977591244,1.6293151227995313,2,4.676258992805771,6.269020085209975,중립,,0.0,,20.6,이미 발동,20.6
2026-10-04T02:14:12+09:00,POD,KRW-POD,,1003.0,32.84768212,149724568694.30798,1791047646356,False,False,,,,,,,,,,,,,NO_DATA,,,,,,,,,,,,,,NO_DATA,,0.0,,15.0,이미 발동,15.0
2026-10-04T02:14:12+09:00,BLAST,KRW-BLAST,,0.325,-7.14285714,11808589269.996843,1791047653078,True,True,"거래량급등,글로벌가격차이",13812113698.47939,732004621.9423101,1387771398.3093429,1513387424.9972043,2945084106.629026,18.86888864421396,11.405030827783179,5.844635824567168,2,-40.17094017094017,-44.79495268138801,일회성 폭증형,,,,,,,,,,,,,,NO_DATA,,0.0,,0,유의종목,0
2026-10-04T02:14:12+09:00,ICX,KRW-ICX,,20.2,-7.3394495399999995,3455484650.6672125,1791047505541,True,False,,17517441454.67985,57369923426.075386,385121084.0576574,646703746.5579331,2368889209.262423,0.30534190057360167,0.8998416303063108,1.4278102883723642,1,15.343915343915349,10.1010101010101,감소형,,,,,,,,,,,,,,NO_DATA,,0.0,,0,유의종목,0
2026-10-04T02:14:12+09:00,RVN,KRW-RVN,RVNUSDT,3.3,-2.36686391,1391241841.5462053,1791047611908,True,False,,5218216112.505917,11826452103.619108,1124976123.3973978,1281993468.0942023,5840504512.602642,0.4412325917177687,1.0998513690418688,1.2490035797397705,1,4.968944099378869,1.1976047904191711,감소형,539918.5101406,-1.943,651474.5322054,516341.8310093,581569.2936214,652248.0940935,967428.7159794,1.2617117054644873,1.1167118829570837,1.0257969576681931,2,1.7779705117086042,-3.772037720377208,중립,,0.0,,0,유의종목,0
2026-10-04T02:14:12+09:00,EGLD,KRW-EGLD,EGLDUSDT,6935.0,-1.84005662,1248401574.815621,1791047620891,True,True,글로벌가격차이,6069087298.317157,5033233383.488637,10289057855.29516,26908856037.09215,64963389785.34979,1.2058028777736804,0.4311334896021676,0.27996711848502775,2,-7.161629434954008,5.447761194029854,중립,534348.07408,-0.328,858019.37836,576906.69252,620963.71082,394219.44436,600079.5049,1.4872758272435094,1.6167794416870334,1.6104623173065717,2,-0.5538325210456385,-4.692144373673035,고수준 유지형,,0.0,,0,유의종목,0
2026-10-04T02:14:12+09:00,SOPH,KRW-SOPH,SOPHUSDT,5.26,1.34874759,1036706063.7898443,1791047632115,True,False,,1776107977.428242,2368617569.201894,972428809.7598357,1199294742.187595,4316474424.770483,0.7498500393318884,1.1735514557408264,0.848558725301502,1,1.5655577299412915,-1.1428571428571344,감소형,423041.81023,-0.526,715381.29874,1197379.58698,757090.55551,641273.01296,897236.45195,0.5974557329345461,0.8267936262160509,0.9353696067914209,1,6.232294617563738,0.0,감소형,,0.0,,0,유의종목,0
2026-10-04T02:14:12+09:00,MANTRA,KRW-MANTRA,MANTRAUSDT,6.78,-1.16618076,900547733.3269289,1791047579451,True,True,글로벌가격차이,1530228430.397484,1948538540.1058996,1709126477.1339016,4950163583.179074,15619143366.397055,0.7853211003536624,0.5333151372192819,0.2958591289096845,1,-2.832861189801694,-2.4182076813655695,중립,931244.62656,0.0,773501.99415,463892.91879,482623.78515,503319.77519,929807.34193,1.6674149632798279,1.6005294499435279,1.3384307271839788,2,1.3605442176870763,-5.696202531645578,고수준 유지형,,0.0,,0,유의종목,0
2026-10-04T02:14:12+09:00,ZIL,KRW-ZIL,ZILUSDT,4.53,0.8908686000000001,666313038.9782171,1791047598240,True,False,,1126152346.6733963,1433356946.9051814,456655704.05510837,906362299.6560632,1994243487.304348,0.7856747400603298,1.208155951788775,1.0714676463728812,1,2.0454545454545503,-3.2327586206896464,중립,212791.2514451,-0.768,347413.4578691,375536.6299999,412853.1015374,245325.0313339,457823.2343961,0.9251120399871312,1.0082475466563132,0.9130869640415424,1,-0.02845759817872162,-7.210776545166397,중립,,0.0,,0,유의종목,0
