scan_time_kst,coin,upbit_market,binance_symbol,upbit_price,upbit_price_24h_pct,upbit_24h_trade_krw,upbit_timestamp_ms,warning,caution_any,caution_types,upbit_D1_trade_krw,upbit_D2_trade_krw,upbit_D3_trade_krw,upbit_D4_trade_krw,upbit_D5_trade_krw,upbit_d1_vs_prev_x,upbit_d1_vs_3davg_x,upbit_d1_vs_5davg_x,upbit_rise_streak,upbit_price_3d_pct,upbit_price_5d_pct,upbit_supply_pattern,binance_24h_quote_usdt,binance_price_24h_pct,binance_D1_quote_usdt,binance_D2_quote_usdt,binance_D3_quote_usdt,binance_D4_quote_usdt,binance_D5_quote_usdt,binance_d1_vs_prev_x,binance_d1_vs_3davg_x,binance_d1_vs_5davg_x,binance_rise_streak,binance_price_3d_pct,binance_price_5d_pct,binance_supply_pattern,overseas_lead,overseas_lead_score,overseas_lead_reason,raw_signal_score,state,score
2026-10-06T16:31:16+09:00,AVNT,KRW-AVNT,AVNTUSDT,180.0,-0.55248619,4469696613.691011,1791271850639,False,False,,4269738516.086061,950649460.1493598,930964933.6978681,1668182121.9803803,920569402.5075862,4.491391091112836,3.608436565629963,3.8392806533891117,3,2.259887005649719,3.4285714285714253,가속형,2559362.72496,-0.526,2336733.34962,307749.34404,336352.68534,782325.04596,645981.49476,7.5929758905230385,4.914516956423492,4.1565157145839295,2,2.9185867895545226,4.199066874028001,일회성 폭증형,,0.0,,74.5,발사 전,74.5
2026-10-06T16:31:16+09:00,BREV,KRW-BREV,BREVUSDT,122.0,1.66666667,325383981.4025261,1791271869675,False,False,,648684984.7783673,118651448.61771955,41762927.07389666,221508583.48514745,208676007.7924672,5.467147618807006,5.095412327475233,4.120636080743801,3,3.4482758620689724,-0.8264462809917328,가속형,187696.0299,0.669,296942.77224,95346.60575,81715.58558,319742.56122,243739.21739,3.1143507406922035,1.7931155290837206,1.542816166927652,3,4.347826086956541,0.22573363431150906,가속형,,0.0,,73.5,발사 전,73.5
2026-10-06T16:31:16+09:00,CELO,KRW-CELO,CELOUSDT,140.0,-2.0979021,959190907.6768742,1791271794073,False,False,,2339459945.8653436,562559822.2468047,531899320.581939,903926902.7129964,1417865766.9625895,4.158597634153443,3.512024042228251,2.1652247995100105,3,3.6231884057970953,5.147058823529416,가속형,1009641.218239,-2.108,1376863.748484,522608.710952,783223.513999,981268.918535,1349159.499596,2.6345977777061216,1.8060378559192853,1.1962169495918562,2,4.69152945844078,5.171383021123943,고수준 유지형,,0.0,,67.4,발사 전,67.4
2026-10-06T16:31:16+09:00,LA,KRW-LA,LAUSDT,93.2,-2.30607966,4588323923.245166,1791271852622,False,True,거래량급등,9434001785.357718,1675010629.093362,1496691711.9080462,3216789488.372469,4807887697.098967,5.632204131423385,4.4301544264238295,3.3956178058767823,3,3.2467532467532534,1.5974440894568787,가속형,1198638.13182,-1.571,1889941.22469,403930.30807,328285.87211,975392.79627,1457046.19462,4.678879467401783,3.3203290403504253,2.3229486675963487,3,3.6818851251841034,2.1770682148040565,가속형,,0.0,,66.5,발사 전,66.5
2026-10-06T16:31:16+09:00,ZKP,KRW-ZKP,ZKPUSDT,67.5,-3.57142857,8795050654.155853,1791271880112,False,True,"거래량급등,입금량급등",32228585566.882862,607648774.7703199,450822905.7630455,1921883271.5101266,308348977.8760194,53.03818077978463,32.44102070270376,40.778828258813554,3,3.857566765578624,4.6337817638266054,가속형,1128546.48858,-6.015,4142288.96713,120741.64347,125577.07136,573340.79705,206976.1094,34.30704476172888,15.16101103113816,15.316679774551314,2,4.444444444444451,5.2953156822810765,일회성 폭증형,,0.0,,65.6,발사 전,65.6
2026-10-06T16:31:16+09:00,EUL,KRW-EUL,EULUSDT,1936.0,-1.07307103,944216883.9386231,1791271780746,False,True,거래량급등,6505684835.942459,828905584.5389547,416338674.06521887,707092925.4918565,726573924.6238754,7.848523350896452,9.996764220246183,9.48143593248333,3,5.955603681645916,2.9458179905313076,가속형,468825.80298,-1.919,1385546.36146,775315.75426,382943.66093,530295.99541,571192.84601,1.787073658502444,2.4616539429422737,2.39567861790226,3,6.392358559882427,3.576537911301858,가속형,,0.0,,65.3,발사 전,65.3
2026-10-06T16:31:16+09:00,PENDLE,KRW-PENDLE,PENDLEUSDT,3291.0,-0.75392039,976323454.326228,1791271710064,False,False,,1096636640.637982,469508998.6137738,258756511.33243966,473421189.903823,632117890.8764998,2.3357095260704344,2.737743475337213,1.95744183565495,3,3.7871674491392726,2.2194821208384674,가속형,4185678.5814,-2.093,4649812.0037,2920950.4785,1670936.5648,4853024.1819,4423887.0171,1.591883203061979,1.4769261116908607,1.30488097159152,3,4.2960442364951,2.72308336824465,고수준 유지형,,0.0,,62.9,발사 전,62.9
2026-10-06T16:31:16+09:00,TREE,KRW-TREE,TREEUSDT,61.2,-3.0110935,1449810886.238304,1791271860658,False,False,,2361639712.070336,1024592560.3821844,1010502925.6560144,1446208606.0240786,1050244259.5318342,2.3049549678453825,2.03513365935637,1.9826771086278798,3,-0.6299212598425141,0.9600000000000053,가속형,308198.06539,-3.632,460629.6711,239256.08305,253560.73452,508662.15876,460842.57954,1.9252579296123356,1.3798482503986684,1.1522471522621773,2,-0.21413276231262435,1.9693654266958571,중립,,0.0,,59.0,발사 전,59.0
2026-10-06T16:31:16+09:00,BIRB,KRW-BIRB,,85.9,-1.4908256899999999,444995160.57511574,1791271855340,False,False,,1093760753.8208194,523157377.552861,448029856.9952635,774724808.1809583,438834009.3445742,2.0906916364957566,1.879408687927598,1.9132236698376992,3,0.6928406466512715,-1.6910935738444155,가속형,,,,,,,,,,,,,,NO_DATA,,0.0,,57.4,발사 전,57.4
2026-10-06T16:31:16+09:00,ADA,KRW-ADA,ADAUSDT,366.0,0.0,27013129864.77988,1791271876254,False,False,,35381792481.9244,15442820750.08312,8245941298.147485,23853696745.677475,16184194925.979229,2.291148298262412,2.232643833292322,2.2395775872582666,3,10.24096385542168,9.253731343283578,가속형,61710265.43328,-0.295,87700036.28922,52225328.09752,17370962.88558,60139277.87691,35642723.99314,1.679262524219251,2.0279720602416735,2.184409850756285,3,10.638297872340408,9.651257096512555,가속형,,0.0,,56.4,발사 전,56.4
2026-10-06T16:31:16+09:00,ORDER,KRW-ORDER,,52.6,-1.12781955,269894100.48475057,1791271082682,False,False,,289140897.93450344,182618669.92485848,95007464.1863828,194795637.41117793,130137176.73741879,1.5833041498630742,1.8361192182319777,1.706696128512194,3,-1.1152416356877248,-3.2727272727272716,가속형,,,,,,,,,,,,,,NO_DATA,,0.0,,56.2,발사 전,56.2
2026-10-06T16:31:16+09:00,POL,KRW-POL,POLUSDT,147.0,-0.67567568,3720881154.2868485,1791271850318,False,False,,3514971992.4725127,1247692016.670652,1093034932.3380268,2747930892.093382,3615694142.5386906,2.817179196074271,2.0722391457024756,1.391352430503177,3,2.0689655172413834,-4.516129032258065,가속형,7818668.570994,-0.529,8091017.204621,2726567.634552,3032618.648812,9103411.697947,9173885.922247,2.9674735011480573,1.6331634378044266,1.0850504647585564,2,1.7437523312196834,-4.373356704645048,고수준 유지형,,0.0,,55.8,발사 전,55.8
2026-10-06T16:31:16+09:00,LIT,KRW-LIT,,5260.0,-3.3088235299999997,8846098793.544344,1791271855652,False,False,,8929323488.028978,3485638072.879171,3335528834.31915,4168518189.2755904,4777216737.238296,2.5617471755044465,2.4375557833483303,1.2965949633625575,3,12.466404796361385,1.1152416356877248,가속형,,,,,,,,,,,,,,NO_DATA,,0.0,,54.4,관찰,54.4
2026-10-06T16:31:16+09:00,HYPER,KRW-HYPER,HYPERUSDT,97.4,-0.51072523,360002419.880702,1791271814846,False,False,,395790077.5480641,186550910.95606884,153254039.7232726,352611897.0742001,278938763.13762057,2.121619645380715,1.7148199621318636,1.5229529213026964,3,1.031991744066052,-0.6091370558375608,가속형,390139.4963,-0.414,358528.5648,222706.71189,198493.40239,471361.18147,607143.87783,1.6098687002171965,1.205055271297876,0.9089633465546403,3,1.96629213483146,0.13793103448276334,중립,,0.0,,54.0,관찰,54.0
2026-10-06T16:31:16+09:00,XAUT,KRW-XAUT,XAUTUSDT,5606000.0,0.25035765,567182418.18513,1791271656080,False,False,,703784468.67383,398211416.88374,306201148.94285,683720937.89683,214279877.8308,1.7673638646058802,1.5210016906573915,1.7524936943561196,3,-0.8510638297872353,-1.201413427561837,가속형,26481549.353037,-0.424,23497058.268151,4592553.733544,4308773.103049,51835126.323116,17421441.26334,5.116338236073004,1.1606073640667418,1.1694542479171157,3,-0.13592040809922157,-0.5429085278475076,중립,,0.0,,53.7,관찰,53.7
2026-10-06T16:31:16+09:00,NCT,KRW-NCT,,13.7,0.0,440370490.1546834,1791271853277,False,False,,400048797.49365884,274292801.4488055,123477379.44245784,396366876.72003603,290152790.2099427,1.4584735559249615,1.5112585176303452,1.4878662163488308,3,0.0,-1.4388489208633115,가속형,,,,,,,,,,,,,,NO_DATA,,0.0,,52.5,관찰,52.5
2026-10-06T16:31:16+09:00,PIEVERSE,KRW-PIEVERSE,,1815.0,0.94549499,535936395.72662765,1791271636448,False,False,,490734147.59571004,348409348.02121097,213521437.4593324,373765677.03629786,394828847.61964494,1.4084987971270921,1.5733760912456507,1.478384283110034,3,-3.229278794402579,-7.889344262295084,가속형,,,,,,,,,,,,,,NO_DATA,,0.0,,52.2,관찰,52.2
2026-10-06T16:31:16+09:00,ERA,KRW-ERA,ERAUSDT,87.0,-1.47225368,415970271.2822085,1791271844751,False,False,,671220130.987125,252577693.37566414,239459214.18718845,772934625.5683166,914872806.4648117,2.657479851115772,1.591862219995564,0.6898301702762605,3,-1.230425055928419,-2.5386313465783683,가속형,308035.5024,-1.679,675990.53632,208989.89488,179380.32626,519593.49439,458024.99823,3.2345608705538,2.2335381626745123,1.3387917429981968,3,0.15267175572519776,-1.2048192771084265,가속형,,0.0,,50.7,관찰,50.7
2026-10-06T16:31:16+09:00,GRT,KRW-GRT,GRTUSDT,39.5,-1.25,638374626.0608565,1791271810372,False,False,,993765510.1999106,343379465.07768404,423026219.15300304,694034581.6548381,736466886.084879,2.8940737908572585,2.0413683464089156,1.4593137973863737,2,2.8277634961439535,0.25062656641603454,고수준 유지형,2096133.00219,-4.416,2666339.32484,986223.5433,705099.21647,1262715.64492,1465101.20438,2.703585148574094,2.7078246382377094,1.9158220045409695,3,3.4639608117564613,1.1285909712722253,가속형,EARLY,5.0,Binance 연속가속 우위,47.6,관찰,47.6
2026-10-06T16:31:16+09:00,RE,KRW-RE,REUSDT,671.0,-1.75695461,2178115317.4237227,1791271866992,False,False,,5146744371.487244,1365550655.6649644,1722148867.0995028,3080352278.800411,9498351808.64271,3.768988246709164,2.50325931285863,1.4534990421720222,2,-1.157742402315487,3.9573820395738313,고수준 유지형,1053056.40619,-5.414,1810821.40883,539900.62381,767489.71551,1845091.31552,3722112.14253,3.3539902140717994,1.7232342076121354,1.0654495277187663,2,-0.512315270935948,4.729309271935289,고수준 유지형,,0.0,,46.4,관찰,46.4
2026-10-06T16:31:16+09:00,ICP,KRW-ICP,ICPUSDT,4670.0,-3.81050463,1048785441.5483255,1791271816128,False,False,,837035696.2151397,738896587.1051387,409218984.32359827,480002046.60734427,473330201.17496794,1.132818463128233,1.5423376424575792,1.0801459385356023,3,8.612975391498878,7.316534040671963,가속형,14967519.96328,4.387,14854017.78128,12661087.27971,5299845.96911,10392096.76331,8070357.63113,1.1732023840546677,1.5716857536840136,1.376646773220293,3,9.284627092846254,7.581660173808791,가속형,,0.0,,46.1,관찰,46.1
2026-10-06T16:31:16+09:00,AWE,KRW-AWE,AWEUSDT,89.2,-2.40700219,272604300.7663888,1791271867659,False,False,,547969093.785225,356080859.32238257,280107768.1226981,471655761.95284116,962733226.5568477,1.538889495009654,1.4838792316753857,0.9408212302914488,3,-4.692387904066731,-7.019328585961338,고수준 유지형,180844.60506,-3.374,364791.22937,137318.44272,326652.48322,325458.09288,670171.05027,2.65653485536411,1.3862851022956015,0.9329552733134582,2,-3.93298310379101,-6.765881218134218,중립,,0.0,,44.9,관찰,44.9
2026-10-06T16:31:16+09:00,SLX,KRW-SLX,,83.2,0.97087379,2697943023.256471,1791271870004,False,False,,3397558921.9753513,2142409508.1490586,1812294429.3610291,3150621995.48467,2651501273.293359,1.5858587767894492,1.4345122042318526,1.2135211198847364,3,-5.069124423963123,-1.904761904761898,고수준 유지형,,,,,,,,,,,,,,NO_DATA,,0.0,,44.8,관찰,44.8
2026-10-06T16:31:16+09:00,WCT,KRW-WCT,WCTUSDT,58.1,-0.68376068,567021514.4025729,1791271825737,False,False,,1341340896.9627316,231029021.43534464,382925050.23810124,569819482.0740287,342383233.1888593,5.805941126483613,3.3993179507595324,3.8590329884284538,2,-0.17064846416382506,2.0942408376963373,일회성 폭증형,337160.499801,-0.463,519909.355915,207380.859416,266731.839349,550604.62233,282862.713291,2.5070267206872594,1.522105692600467,1.552527454332628,2,0.6984866123399103,2.829291488349961,고수준 유지형,,0.0,,44.5,관찰,44.5
2026-10-06T16:31:16+09:00,BABY,KRW-BABY,BABYUSDT,18.1,-2.1621621600000003,249123732.54208204,1791270547809,False,False,,219196932.7178663,161711723.47948265,90694043.1757162,206521339.24519622,180291260.19919565,1.3554795410097595,1.4328872487569333,0.7734643009523248,3,0.0,-1.0695187165775333,고수준 유지형,545982.18688,-2.903,604463.31739,336302.32314,512097.80974,952916.3005,1456749.56528,1.7973807369102435,1.0067026084735955,0.4850183701411743,2,0.43859649122808264,0.0,중립,,0.0,,44.5,관찰,44.5
2026-10-06T16:31:16+09:00,XLM,KRW-XLM,XLMUSDT,291.0,0.0,24848375142.7706,1791271876251,False,True,입금량급등,28193994027.92959,11460810959.543312,10564368244.99492,28379871911.20964,27602178806.80511,2.460034820175854,1.6780457555644284,1.201895582420559,3,-0.6825938566552892,-5.519480519480524,가속형,18490857.2843,-4.072,23118495.3577,8162203.3302,7998712.6722,20741726.4953,20943946.5748,2.832384151980385,1.8794178784736804,1.2578015808319576,3,0.0,-4.772425983208128,가속형,,0.0,,44.4,관찰,44.4
2026-10-06T16:31:16+09:00,POKT,KRW-POKT,,11.9,-1.6528925600000002,225624090.7408731,1791271826059,False,False,,249250092.4322645,229509598.56954828,87783432.97963801,296835324.0473652,171594219.20944193,1.0860116264668307,1.217579794976971,1.1532839715974295,3,0.8333333333333304,0.0,중립,,,,,,,,,,,,,,NO_DATA,,0.0,,43.2,관찰,43.2
2026-10-06T16:31:16+09:00,MED,KRW-MED,,2.33,-2.91666667,166234274.2900878,1791271786145,False,False,,140615713.5507437,85958329.64655621,84018086.00287859,179683939.0267631,165762908.84760404,1.635859074145902,1.2064483005025881,1.087055471744615,3,-0.4149377593361092,0.0,중립,,,,,,,,,,,,,,NO_DATA,,0.0,,43.1,관찰,43.1
2026-10-06T16:31:16+09:00,SHIB,KRW-SHIB,SHIBUSDT,0.00789,-0.75471698,5776203243.966919,1791271845063,False,False,,6958255194.149682,4657747188.402546,4100227984.419696,8363100507.100563,5063731011.991006,1.4939100197355568,1.2192438122873344,1.2237979545983066,3,1.7925736235595346,1.532567049808442,중립,4827440.08198368,-2.349,6145461.89341102,3730735.18838556,2005355.83733107,10067890.67176014,3602777.22595702,1.6472522393288411,1.166565871382689,1.2754364416459738,3,2.7972027972027913,2.083333333333326,중립,,0.0,,42.9,관찰,42.9
2026-10-06T16:31:16+09:00,SKY,KRW-SKY,SKYUSDT,118.0,-0.8403361300000001,1247337076.4234393,1791271367067,False,False,,1142178481.3693247,712143955.0224568,537143638.2548276,1400071356.5628707,624767159.462247,1.6038589856924463,1.2933451106407112,1.48206192384887,3,0.8474576271186418,12.264150943396235,중립,9135946.75886,-8.14,8925376.77308,4305503.01112,3248732.30309,13114453.19515,3614469.94956,2.073016033208678,1.2954924695446541,1.6180951405632753,3,0.8281573498964745,12.833054447161807,중립,,0.0,,42.8,관찰,42.8
2026-10-06T16:31:16+09:00,POWR,KRW-POWR,POWRUSDT,89.7,-1.21145374,1671520706.6698945,1791271477405,False,False,,1249941766.8925343,239875232.0254592,301779041.19678646,493462617.6938479,401781115.1468787,5.210799615859763,3.622610483497137,2.930923561975966,2,-2.5751072961373467,-0.219780219780219,일회성 폭증형,297380.7649,-2.924,241311.628,45598.5236,141928.847,145130.0374,103569.9074,5.292093009783326,2.1762175336855867,1.7131572368690082,2,-1.4662756598240456,0.29850746268655914,일회성 폭증형,,0.0,,42.7,관찰,42.7
2026-10-06T16:31:16+09:00,FF,KRW-FF,FFUSDT,152.0,-3.7974683500000004,838405173.2845434,1791271868331,False,False,,787688745.858708,682080593.853289,386336437.03109926,893778999.885415,733522880.2518207,1.1548323657895105,1.2042967168010488,0.9042437899913951,3,-0.6289308176100628,-10.73446327683616,중립,881207.618609,-4.582,797983.658894,1592115.777589,566993.50731,1714267.550741,645658.354215,0.5012095666198448,0.6180526910406966,0.6583053450747425,1,-0.5733846812152277,-10.788604776165256,감소형,,0.0,,42.6,관찰,42.6
2026-10-06T16:31:16+09:00,BTC,KRW-BTC,BTCUSDT,115568000.0,-0.37069605,86036216471.47865,1791271877234,False,False,,108438489244.53793,48500327620.66657,39508958234.91915,184986638991.9129,92081396132.22375,2.2358300358847676,1.1916495380483867,1.1229584549584,3,0.8239895697522925,1.9852294707227047,중립,1159617268.5156996,-1.113,1391807556.3811734,683674414.6744858,583778209.308663,2268231876.268694,1409485416.762407,2.035775402014784,1.1809375720164257,1.0701555619387055,3,1.477625892990142,2.5629965703461544,중립,,0.0,,42.4,관찰,42.4
2026-10-06T16:31:16+09:00,MNT,KRW-MNT,,868.0,-1.47559591,264097410.72487408,1791271846329,False,False,,314956914.4991768,236209727.85477528,206724823.73559764,387052927.17542714,205262261.06233197,1.3333782539761287,1.1384156600802737,1.0040294648845132,3,-0.8998875140607376,-6.969376979936637,중립,,,,,,,,,,,,,,NO_DATA,,0.0,,42.1,관찰,42.1
2026-10-06T16:31:16+09:00,CYBER,KRW-CYBER,CYBERUSDT,451.0,1.3483146099999999,821704743.1833075,1791271877865,False,False,,690450613.610679,249554203.51298526,247668978.84759808,927838078.9112206,7204739309.251772,2.766736059305658,1.4535177519199753,0.37611390206088546,3,4.215456674473073,0.22522522522523403,고수준 유지형,1762258.98123,4.389,1431867.01116,356554.23861,391968.88681,734090.12904,1954936.95083,4.0158462755681334,2.8973173014324303,1.7140050365422332,2,5.111821086261981,1.5432098765432167,일회성 폭증형,,0.0,,42.0,관찰,42.0
2026-10-06T16:31:16+09:00,KMNO,KRW-KMNO,KMNOUSDT,54.0,-2.52707581,391593573.9810562,1791271855969,False,False,,380385312.8572815,261180255.5770573,72261095.7793402,665952646.768466,547712889.8510478,1.4564091455414574,1.1418479005406927,0.7726091348869185,3,0.727272727272732,-5.621805792163547,중립,689807.49579,0.1,926426.47098,308649.22881,241922.30889,636957.43171,1380945.22854,3.0015512254861156,2.3403887269552923,1.28395046894912,3,1.1596348383913213,-4.93855784836541,가속형,,0.0,,41.9,관찰,41.9
2026-10-06T16:31:16+09:00,VIRTUAL,KRW-VIRTUAL,VIRTUALUSDT,1136.0,-2.06896552,6290604610.099492,1791271861354,False,False,,9298253504.28612,7523471257.762381,4031241610.6148586,8008111765.825606,4593157840.4735565,1.2358993854987614,1.4259065873385326,1.5367651986598703,3,11.969111969111967,6.1299176578225145,고수준 유지형,8428590.92239,-3.763,12209416.21662,9919208.76998,4726684.20392,10514308.52678,6367394.45121,1.2308861018805453,1.4558010852524395,1.532994183632854,3,12.79589689637033,6.467229394240315,고수준 유지형,,0.0,,41.6,관찰,41.6
2026-10-06T16:31:16+09:00,STX,KRW-STX,STXUSDT,506.0,-1.3645224200000001,5717685020.842952,1791271873623,False,False,,6889045063.377171,5241288855.367424,4549894833.170034,6938331846.006617,22017898075.975597,1.3143799652107202,1.2353696164994623,0.6630760942381708,3,2.39520958083832,1.988071570576544,중립,2064266.45625,-4.542,2419632.59798,2612769.50721,2896535.58892,2656477.13396,9666873.63848,0.9260796221415498,0.888940898667585,0.4666400072806547,1,3.0154849225753955,1.9628932508738872,중립,,0.0,,41.6,관찰,41.6
2026-10-06T16:31:16+09:00,ENSO,KRW-ENSO,ENSOUSDT,1350.0,-1.45985401,930787481.2997775,1791271804300,False,False,,1096363743.70473,739083485.7784156,669181125.1437963,1105445476.0459547,2763481592.3614035,1.48340987831709,1.308460847639445,0.8537968446471904,3,3.318250377073917,3.1626506024096335,중립,419044.25393,0.301,441701.83476,461241.83402,322075.75166,649152.83711,1182119.01298,0.9576361079616366,0.9250491201759775,0.6996846568389082,1,3.897435897435897,3.790983606557363,중립,,0.0,,41.6,관찰,41.6
2026-10-06T16:31:16+09:00,SIGN,KRW-SIGN,SIGNUSDT,17.3,1.16959064,509266883.4896108,1791271839646,False,False,,544683892.2854615,445329694.83837694,393877168.0249116,667339955.4262667,341166760.6888493,1.2231025655792909,1.0846338507498832,1.2060998176267475,3,-1.724137931034464,0.588235294117645,중립,400818.61966,-1.768,384372.60572,336881.67677,309943.05953,536682.36448,353994.21613,1.140972134208485,0.9743226858546336,1.0093841894908204,3,-0.15673981191223207,1.757188498402562,중립,,0.0,,41.6,관찰,41.6
2026-10-06T16:31:16+09:00,IRYS,KRW-IRYS,,21.2,-2.75229358,375478520.31529295,1791271839972,False,False,,528786891.82375103,355925093.15634495,264987271.52200043,859692467.4340284,1153575064.5512717,1.48566904101778,1.0714274606330967,0.6282169010706252,3,0.0,-3.111111111111109,중립,,,,,,,,,,,,,,NO_DATA,,0.0,,41.6,관찰,41.6
2026-10-06T16:31:16+09:00,MOODENG,KRW-MOODENG,,61.7,-1.75159236,477901792.9950281,1791271798856,False,False,,748064391.2524743,216705098.72454405,301484232.633217,578816175.1271464,737239473.9847494,3.4519925726498304,2.045744675383084,0.7527332564105673,2,-0.47543581616482644,-1.7214397496087663,고수준 유지형,,,,,,,,,,,,,,NO_DATA,,0.0,,41.4,관찰,41.4
2026-10-06T16:31:16+09:00,VET,KRW-VET,VETUSDT,11.8,0.0,584995576.3847373,1791271594896,False,False,,686762554.1335176,566447351.7058812,412473788.39593613,891949908.8863151,850833237.6705239,1.2124031510877433,1.1012451464866417,0.9991362758508279,3,1.7241379310344973,-1.6666666666666607,중립,1421031.6715855,-0.544,1426474.6066332,1352930.4963185,942137.4189567,1839879.2892138,1406459.1958593,1.0543591193448762,1.0349403772927868,1.0407728362128617,3,2.394300397103488,-1.027319936780302,중립,,0.0,,41.2,관찰,41.2
2026-10-06T16:31:16+09:00,AUCTION,KRW-AUCTION,AUCTIONUSDT,5160.0,-0.76923077,292524190.74331343,1791271793759,False,False,,302983460.2670195,227003512.01031995,226548193.9459564,395511365.1792677,187178740.64918137,1.3347082500346752,1.0705334052338664,1.1725492160463242,3,2.060843964671255,2.4630541871921263,중립,424087.72752,0.875,387648.90583,242976.98617,181806.78484,456370.36588,402692.40192,1.5954140840267876,1.3197994185155575,1.1307595399376553,3,3.29405463310124,3.266398929049541,중립,,0.0,,41.2,관찰,41.2
2026-10-06T16:31:16+09:00,PLUME,KRW-PLUME,PLUMEUSDT,25.8,-3.0075187999999997,3648059589.2348948,1791271861352,False,False,,3859407509.7282667,1110614119.3291106,1222050195.4575624,2597082183.7282786,9301796803.499865,3.475021109995992,2.3486446073185814,1.170574627846891,2,7.692307692307709,3.90625,고수준 유지형,4665198.67854,1.596,4540212.76145,2029146.63867,1193490.3803,3692516.85903,10376830.08146,2.2374985991282883,1.9696797099024728,1.0207801183489749,3,7.9452054794520555,4.564755838641177,가속형,,0.0,,41.1,관찰,41.1
2026-10-06T16:31:16+09:00,B3,KRW-B3,,1.08,-5.2631578900000004,2841114723.0985327,1791271868984,False,False,,6434129674.505938,6921515289.980912,651313910.7947844,1006407068.6838939,1169858831.3805685,0.9295839718536085,2.2498959601136708,2.754279826228197,1,6.542056074766345,1.7857142857142572,중립,,,,,,,,,,,,,,NO_DATA,,0.0,,41.1,관찰,41.1
2026-10-06T16:31:16+09:00,ZORA,KRW-ZORA,,10.4,-0.9523809499999999,624250698.696268,1791271807498,False,False,,564948343.3896139,421199603.08900577,334305812.3334594,911887211.6643176,671762194.5976688,1.3412841304844056,1.0164642704040396,0.7645433137730916,3,0.0,-3.669724770642202,중립,,,,,,,,,,,,,,NO_DATA,,0.0,,41.1,관찰,41.1
2026-10-06T16:31:16+09:00,SUI,KRW-SUI,SUIUSDT,1610.0,-2.008521,31231338681.48338,1791271880118,False,False,,41411566391.55418,29865930333.027576,27724113677.18818,43190991215.27299,31207430798.98007,1.386582166695766,1.2327190219538653,1.1624425151623021,3,5.320512820512824,3.7247474747474696,중립,91034744.96125,-4.425,107933633.18854,79347458.72761,67593013.47748,108698492.2591,87280951.6727,1.3602657844287462,1.2666335910266844,1.1363396798108418,3,5.906988918942502,4.251481576913174,중립,,0.0,,41.0,관찰,41.0
2026-10-06T16:31:16+09:00,MON,KRW-MON,,39.1,-8.0,2868230350.286229,1791271847941,False,False,,1953070781.9567327,1812554601.71979,1331230562.183218,4479816829.848371,8637520196.148613,1.0775238329943926,0.7685622033616986,0.4912896457133167,3,-3.6281179138322073,-1.620370370370372,중립,,,,,,,,,,,,,,NO_DATA,,0.0,,41.0,관찰,41.0
2026-10-06T16:31:16+09:00,MBL,KRW-MBL,MBLUSDT,1.09,0.0,157887969.43995416,1791271873288,False,False,,161425043.44325426,131169684.51907279,106058390.48584303,264165154.21618268,493456162.0713652,1.2306581664438034,0.9658589348764677,0.6844602324200734,3,-1.8018018018018056,-0.909090909090915,중립,275703.743641,-2.801,205082.247035,243474.667171,439632.84775,624082.564207,605782.843684,0.842314518458564,0.4706635637224379,0.414613158115242,1,-1.3480392156862697,-1.7094017094017033,중립,,0.0,,41.0,관찰,41.0
2026-10-06T16:31:16+09:00,ENA,KRW-ENA,ENAUSDT,327.0,-3.2544378700000003,27673215261.43424,1791271880113,False,False,,27460952627.0528,7419341326.511031,10431815940.880327,23119523394.410423,24151468039.281754,3.7012655731214887,2.0107759146400137,1.4446583863660138,2,6.962025316455689,-6.111111111111112,고수준 유지형,63007596.117553,-2.026,62929656.12413,25918252.218208,21866381.19204,54607448.865894,61551418.085873,2.428005391502475,1.8437848335112823,1.178862510694004,3,7.314974182444067,-5.851264628161578,가속형,,0.0,,40.9,관찰,40.9
2026-10-06T16:31:16+09:00,ENS,KRW-ENS,ENSUSDT,9160.0,-1.07991361,1891644907.021847,1791271877548,False,False,,1970928751.5811164,1302952400.6823697,1278869146.1448681,3975809572.774059,2548280953.5301003,1.5126636633455839,0.9016649681726603,0.724122390252868,3,0.3250270855904569,-2.577590741714886,중립,1021640.706,-2.59,1116012.99,616716.3157,460087.4765,1768446.609,980031.3414,1.8096050997666187,1.1767115360349114,1.0310702584168792,3,1.179941002949847,-1.859799713876964,중립,,0.0,,40.9,관찰,40.9
2026-10-06T16:31:16+09:00,ETC,KRW-ETC,ETCUSDT,11970.0,-1.64338537,2474704011.4488444,1791271855649,False,False,,2882529985.502245,1786217082.5223155,1550658917.7257023,5003071536.096998,3512252661.1302266,1.6137624109113473,1.0368878124018204,0.8527454808437167,3,1.2479201331114798,0.3297609233305909,중립,3359270.7882,-2.215,3523448.3054,2475022.3856,2377765.761,5961794.3396,4627298.453,1.4236026008895424,0.9774159039138441,0.7683655142204847,3,1.925254813137034,1.237345331833506,중립,,0.0,,40.8,관찰,40.8
2026-10-06T16:31:16+09:00,USDC,KRW-USDC,USDCUSDT,1356.0,0.44444444,1263281611.9733844,1791271763372,False,False,,1353689810.8937788,1303716414.7863557,607819168.119504,2055045355.979472,1581488631.3213503,1.0383314926011822,1.023821143511711,0.9857502999606818,3,-0.7352941176470562,-0.7352941176470562,중립,3826683531.52552,-0.017,4112421799.83264,824550090.01457,1328136568.42923,4452872767.65104,4435066737.89797,4.987473592732217,1.8677093950226749,1.4748561922749677,2,-0.015996960577480124,-0.05896344266556053,일회성 폭증형,,0.0,,40.8,관찰,40.8
2026-10-06T16:31:16+09:00,WET,KRW-WET,,88.4,-0.5624297,196380327.60878223,1791271644675,False,False,,205656154.30152056,174897498.2124096,156769704.30327937,518085931.6663031,331411611.9415198,1.1758667585499432,0.726056119226299,0.7586952448963077,3,0.679501698754259,0.0,중립,,,,,,,,,,,,,,NO_DATA,,0.0,,40.8,관찰,40.8
2026-10-06T16:31:16+09:00,ETH,KRW-ETH,ETHUSDT,3652000.0,-0.35470668,39391879597.60029,1791271875277,False,False,,49982685382.4237,29032389094.45153,24715635658.61988,134249371464.81076,69919574478.80243,1.7216180597405966,0.7976070901188798,0.7405303258251685,3,0.8808147536471189,0.35596933187294066,중립,624284910.852649,-0.939,733041779.987097,265059874.296777,212257992.57391,1151282504.890507,709347817.568287,2.765570541116077,1.3503161230296925,1.1937953660028047,3,1.5510063366796611,0.8924017408721507,중립,,0.0,,40.6,관찰,40.6
2026-10-06T16:31:16+09:00,XRP,KRW-XRP,XRPUSDT,2025.0,-0.73529412,88663837342.11339,1791271877547,False,False,,111816609989.57098,62788972100.2783,49434688175.49766,263766369583.37878,129618805967.86353,1.7808319876775842,0.892177460382053,0.8150732187559887,3,1.0401188707280795,0.591715976331364,중립,120202107.18713,-1.696,149790145.02408,87591204.07582,69979683.25064,311030027.74261,169889610.42734,1.7101048741654454,0.9589619239347933,0.8653482144408773,3,1.549134505287264,1.1879194630872503,중립,,0.0,,40.5,관찰,40.5
2026-10-06T16:31:16+09:00,ATOM,KRW-ATOM,ATOMUSDT,2430.0,-0.7758268700000001,1794158608.6405027,1791271863989,False,False,,1943257282.0683393,1521947080.1418889,951095189.1783506,2091370056.1590054,1836599915.570257,1.2768231612147594,1.277222877885581,1.2284474277330169,3,8.844444444444456,3.4643008027038347,중립,4661340.96092,1.699,4540174.0464,3234011.26635,2054670.37005,3634029.91276,2389658.23021,1.403883187928462,1.5265003316712913,1.508888835067316,3,9.61887477313974,3.839541547277925,가속형,,0.0,,40.5,관찰,40.5
2026-10-06T16:31:16+09:00,GRVT,KRW-GRVT,,299.0,-0.9933774799999999,783343240.075176,1791271748325,False,False,,871413566.1732167,634397236.3310195,421553966.7511367,1270189543.8249483,617109705.947298,1.3736087048754504,1.1238531898792499,1.2201514850882134,3,3.0716723549488067,7.092198581560294,중립,,,,,,,,,,,,,,NO_DATA,,0.0,,40.5,관찰,40.5
2026-10-06T16:31:16+09:00,AI,KRW-AI,AIUSDT,28.6,-1.03806228,440862836.7077693,1791271840926,False,False,,422780521.4253645,329370615.1238314,304801627.6642094,499145220.98408264,329932034.4430802,1.2836012139893365,1.1191405804817984,1.1140839607139703,3,3.584229390680993,3.584229390680993,중립,1334398.14302,5.5,1069441.69834,720990.96846,2484801.34624,3220484.30119,262906.04823,1.4832941675043072,0.49925101062206084,0.7636159698330552,2,0.0,8.37696335078535,중립,,0.0,,40.5,관찰,40.5
2026-10-06T16:31:16+09:00,HOLO,KRW-HOLO,HOLOUSDT,88.9,-1.00222717,335264548.3376246,1791271591517,False,False,,394625762.8896851,336095040.5998998,304271444.07694113,839299669.3977962,398122897.7809946,1.1741493185538028,0.8000975662036656,0.8134169220420107,3,0.0,2.277904328018221,중립,279976.085,-1.205,284939.26779,162493.51448,181691.5684,612641.23072,324141.46921,1.7535424026112183,0.8933886863476829,0.8514498860437199,2,0.7587253414264028,2.786377708978316,중립,,0.0,,40.5,관찰,40.5
2026-10-06T16:31:16+09:00,NXPC,KRW-NXPC,NXPCUSDT,315.0,-2.17391304,162618087.55476505,1791271651685,False,False,,211877229.01703063,195964028.10164368,94813827.11869138,414175057.2746518,226889713.36251467,1.0812047040956567,0.9016654528051361,0.8820193380691675,3,0.31152647975076775,1.8987341772152,중립,172826.96896,-1.52,209537.91393,141382.98778,107264.79856,532028.96438,229396.24429,1.4820588899709275,0.8052164243526456,0.8819872403976619,3,0.33812341504648735,2.239448751076667,중립,,0.0,,40.5,관찰,40.5
2026-10-06T16:31:16+09:00,MIRA,KRW-MIRA,MIRAUSDT,70.1,-2.09497207,1052901617.8364137,1791271793131,False,False,,1530127023.7877398,1494317029.1395252,971697771.7698917,2103113394.722244,1050364459.9126416,1.023964121367763,1.0046514071878916,0.7453482618806723,3,1.2729844413012614,0.8450704225352101,중립,455410.619363,-2.135,569533.183614,408657.620881,370598.205251,538385.025269,666290.409576,1.3936683289698064,1.296711125057566,0.8242855643972754,3,2.290223248652823,1.8589497891912776,중립,,0.0,,40.4,관찰,40.4
2026-10-06T16:31:16+09:00,SKR,KRW-SKR,,23.7,-2.8688524600000003,327927727.8432725,1791271735230,False,False,,447927560.72524613,369271705.3859757,285770120.15002865,513005867.6232964,721618251.0586721,1.2130026595377963,1.1504518951115041,0.936692979384133,3,5.1724137931034475,-0.40816326530612734,중립,,,,,,,,,,,,,,NO_DATA,,0.0,,40.4,관찰,40.4
2026-10-06T16:31:16+09:00,NEO,KRW-NEO,NEOUSDT,3445.0,-1.1761331,325019748.1113217,1791271725057,False,False,,420367174.0485988,403456686.73438877,314199508.15500283,1805026284.1120336,273991712.79060096,1.0419140092858168,0.4999049752170907,0.6791982790090242,3,1.1314186248912117,0.7223345853799579,중립,392167.59156,-1.242,345105.07211,537560.012,347936.07893,1545053.13557,456729.62246,0.641984270418537,0.4259593696116404,0.4640974729852572,1,1.852581789515173,1.6922471467926137,감소형,,0.0,,40.4,관찰,40.4
2026-10-06T16:31:16+09:00,SOL,KRW-SOL,SOLUSDT,162300.0,-0.61236987,17715749787.06976,1791271874963,False,False,,21566254206.477856,17631041486.353455,11198942660.843275,47416712257.472244,26313761670.150043,1.223197972914435,0.8485451261527933,0.757586206958057,3,1.1771995043370564,1.6179215930304913,중립,158683004.51486,-1.415,193703786.97465,150940704.45927,105210732.07242,388241664.34585,253033335.63552,1.283310473927987,0.9017963726374283,0.7776458157317259,3,1.7951959544879825,2.2519471723670748,중립,,0.0,,40.2,관찰,40.2
2026-10-06T16:31:16+09:00,NEAR,KRW-NEAR,NEARUSDT,6970.0,-2.51748252,31422950333.43,1791271877218,False,False,,37210684141.99549,19351726394.627514,15467911584.772303,44005156275.74692,53203180862.96155,1.9228612157479674,1.416204805617969,1.0002376676263298,3,12.06896551724137,-1.5829318651066737,고수준 유지형,134934169.1476,-0.039,148850669.8928,82000722.216,72232865.4934,172968470.7215,230791674.2336,1.8152360841494664,1.364759169975408,0.9406845794178028,3,12.830349531116791,-0.8799850215315597,중립,,0.0,,40.1,관찰,40.1
2026-10-06T16:31:16+09:00,ARKM,KRW-ARKM,ARKMUSDT,181.0,-0.54945055,405956496.01427525,1791271868654,False,False,,204848899.8107498,202628362.49773714,156724213.33078757,318910804.1195782,281906330.91360587,1.0109586697816673,0.9060590879597115,0.43460799703108544,3,2.2471910112359605,1.1111111111111072,중립,1136995.5281,-0.299,1196750.70665,602863.37819,532583.65878,1403380.92505,917787.97415,1.9851109719801707,1.4141376153323293,1.1267975228406284,3,2.5075987841945313,1.8113207547169718,고수준 유지형,,0.0,,40.0,관찰,40.0
2026-10-06T16:31:16+09:00,CRO,KRW-CRO,,91.1,-2.3579849900000003,1710798883.9435573,1791271871628,False,False,,1638489560.4942827,1358028298.808142,1228980470.1387343,2260271618.7490883,4282695343.1592464,1.2065209259131673,1.0140673302002434,0.7077155968203895,3,2.3026315789473673,2.414928649835346,중립,,,,,,,,,,,,,,NO_DATA,,0.0,,39.8,관찰,39.8
2026-10-06T16:31:16+09:00,HP,KRW-HP,,13.4,1.51515152,142071637.99677518,1791271858339,False,False,,223427063.82678565,138179097.74691433,125320017.13008949,509480432.19100064,1911107783.089405,1.6169382161982961,0.8671396209936039,0.36004813525149354,3,-2.2222222222222254,0.7633587786259444,중립,,,,,,,,,,,,,,NO_DATA,,0.0,,39.6,관찰,39.6
2026-10-06T16:31:16+09:00,VVV,KRW-VVV,,37700.0,-2.8350515499999998,1148321803.5759752,1791271872278,False,False,,1035697372.2479391,1005448709.178948,722702576.3393958,4302311743.646523,1010091793.4748545,1.0300847400696274,0.5152327610196965,0.6527869885341759,3,2.6998411858125904,3.743315508021383,중립,,,,,,,,,,,,,,NO_DATA,,0.0,,39.2,관찰,39.2
2026-10-06T16:31:16+09:00,BIO,KRW-BIO,BIOUSDT,42.2,-2.98850575,1036683988.0663036,1791271802669,False,False,,965027373.2667061,176832664.10975978,242096316.3707632,494053343.2980934,345033977.37768203,5.457291378405717,3.171016617077604,2.6544660236593063,2,3.325415676959609,3.08056872037914,일회성 폭증형,3011273.730784,0.193,2760014.264862,753767.093885,946485.602543,2190565.248135,1325079.056886,3.661627427427984,2.1280982334720826,2.0650906237722433,2,3.441621100032166,3.6082474226803996,고수준 유지형,,0.0,,38.8,관찰,38.8
2026-10-06T16:31:16+09:00,WAL,KRW-WAL,WALUSDT,49.1,-1.60320641,516979620.4233871,1791271535963,False,False,,562955627.9547884,464380234.0294989,447541666.8739779,544189635.7424119,447165713.3554803,1.2122730183193537,1.1598471967021304,1.156212093244071,3,7.543103448275867,7.77537796976242,중립,403437.944622,-0.495,468709.137083,597876.555805,254076.146464,471294.792631,550465.962733,0.7839563744925825,1.0626337224657003,1.0352052621961931,1,8.3113069016153,8.694370763336279,중립,,0.0,,38.7,관찰,38.7
2026-10-06T16:31:16+09:00,IQ,KRW-IQ,IQUSDT,1.21,-0.8196721299999999,168082680.11298388,1791271837698,False,False,,201041169.66478026,99517255.31326328,109276181.54687741,192295308.81696016,197183029.29663217,2.0201639306865635,1.5037158621246614,1.1478849313687853,2,-0.8130081300813052,-2.400000000000002,고수준 유지형,40376.452315,-1.322,39672.283591,23984.216206,32275.817134,45092.251258,43814.762721,1.6540996482960073,1.1742887814030447,0.8209054896572516,2,1.118568232662187,-0.8771929824561542,중립,,0.0,,37.8,관찰,37.8
2026-10-06T16:31:16+09:00,QUID,KRW-QUID,,83.9,-3.45224396,1102987044.164247,1791271826689,False,False,,1489365024.321297,1003384362.1651896,1134881574.9609132,1141563897.0747378,975418907.4278814,1.484341475192434,1.362294783214746,1.3649071644038175,2,0.23068050749712743,-7.454739084132056,중립,,,,,,,,,,,,,,NO_DATA,,0.0,,37.6,관찰,37.6
2026-10-06T16:31:16+09:00,ID,KRW-ID,IDUSDT,51.3,-0.7736943900000001,664644153.6903646,1791271807809,False,False,,535680144.92989624,473317481.0254116,527650925.26038206,934414839.423865,865318248.9650791,1.1317565194705677,0.8303473941671049,0.7955221289096803,2,2.7833001988071704,1.3725490196078383,중립,486282.1332,2.426,529437.0457,301900.6405,243241.539,505435.2718,326918.2381,1.7536797696856825,1.511845828343832,1.5768477908849354,3,3.5230352303522894,2.4128686327077764,가속형,EARLY,5.0,Binance 연속가속 우위,36.7,관찰,36.7
2026-10-06T16:31:16+09:00,DOOD,KRW-DOOD,,2.33,-0.42735042999999995,412154201.0469207,1791271741700,False,False,,607527202.2138863,303243249.6398356,354963369.2146146,612392373.3353777,450009218.0362208,2.0034319079994396,1.434427083481713,0.6171016300646821,2,-1.6806722689075682,-6.024096385542177,고수준 유지형,,,,,,,,,,,,,,NO_DATA,,0.0,,36.5,관찰,36.5
2026-10-06T16:31:16+09:00,ARB,KRW-ARB,ARBUSDT,273.0,-3.1914893600000003,5628189026.835306,1791271870982,False,False,,6304200425.618201,2801204221.661904,2906688229.9004183,6672245430.661567,5091088305.210691,2.250532244977852,1.527656756069769,1.290805943939925,2,6.015037593984962,1.8050541516245522,고수준 유지형,18481722.77351,-2.563,18164143.09089,7778850.95217,8786080.86864,18805800.71518,13461570.11871,2.3350676343558048,1.5406078801795673,1.3506064342709445,2,6.1255742725880635,2.464268112370638,고수준 유지형,,0.0,,36.2,관찰,36.2
2026-10-06T16:31:16+09:00,CRV,KRW-CRV,CRVUSDT,492.0,-2.5742574300000003,422508932.0782781,1791271791529,False,False,,734678962.4045687,433535898.00270635,445742246.1737448,692825618.3347,1797950672.6504776,1.694620827915806,1.401966549391852,0.6053789609156994,2,0.1984126984126977,-5.959031657355684,고수준 유지형,3258651.23787,-4.34,3206360.94292,2191612.22487,3531158.24143,6089550.29081,4669938.17999,1.463014718815137,0.8143262468529007,0.6347719049866035,2,0.9469696969697017,-5.448555499239738,중립,,0.0,,36.1,관찰,36.1
2026-10-06T16:31:16+09:00,CVC,KRW-CVC,CVCUSDT,41.9,-1.17924528,919087699.9923185,1791271732252,False,False,,1067725354.0032743,522681019.3229241,548016985.0863615,1160632236.5445912,3359238780.9891133,2.0427857804869123,1.435545489062385,0.4684089484694512,2,2.9126213592232997,-0.7025761124121899,고수준 유지형,393448.64589,0.649,472426.98759,184667.12773,289763.34228,393847.41007,813702.62442,2.5582624985684017,1.6322896106018694,0.8738716485376398,2,3.874172185430469,0.159642401021709,고수준 유지형,,0.0,,35.5,관찰,35.5
2026-10-06T16:31:16+09:00,ANKR,KRW-ANKR,ANKRUSDT,6.69,-2.47813411,385833361.30744714,1791271296319,False,False,,372449920.2865385,180203576.88757962,268722185.92496014,428250745.32702565,339816666.95248264,2.066828676319184,1.2738026503120128,1.1699059190641103,2,1.9316493313521477,1.179941002949847,중립,485873.99397,-0.403,446808.352693,136791.034608,311648.321935,315832.236174,336000.561961,3.2663569946189237,1.753859584540835,1.536671038316445,2,2.8340080971660075,1.8036072144288706,고수준 유지형,,0.0,,35.1,관찰,35.1
2026-10-06T16:31:16+09:00,A,KRW-A,AUSDT,137.0,0.0,1825419995.462488,1791271763377,False,True,"거래량급등,입금량급등",1861311922.8162313,297290234.8595898,326358162.10379684,395352107.0236959,361235900.1252551,6.260925198889661,5.479816493318907,4.6775482147785725,2,6.20155038759691,1.4814814814814836,일회성 폭증형,1558712.93275,4.303,1731236.98376,330618.66215,234292.55109,913671.72196,465148.54865,5.236355904720668,3.512627413475102,3.131500367701962,3,7.733050847457634,3.039513677811545,가속형,,0.0,,34.5,관찰,34.5
2026-10-06T16:31:16+09:00,DOT,KRW-DOT,DOTUSDT,1656.0,-0.5405405400000001,1737806060.1895058,1791271538029,False,False,,2066797884.5462449,1173611974.6591537,1676378337.0102031,1926317716.1368618,2049593702.0500307,1.7610572567193639,1.2981561527317584,1.2154986003741448,2,5.916030534351147,0.18050541516245744,중립,11933609.28491,-0.812,13916594.17864,7997545.4185,10096468.35713,14387202.85176,10888002.07453,1.7401081769974072,1.285351562253805,1.2248853006707925,2,6.493506493506485,0.5723630417007186,중립,,0.0,,34.4,관찰,34.4
2026-10-06T16:31:16+09:00,PEPE,KRW-PEPE,PEPEUSDT,0.00583,-1.6863406399999998,3763121750.4527426,1791271836398,False,False,,4574508717.405985,1442217650.2282224,2397440355.3234954,7786664166.0110035,4322788763.379305,3.1718573938421124,1.1803841274745395,1.1204690007802531,2,2.4179620034542326,1.7152658662092701,중립,24192911.80776461,-3.579,27716101.41400485,14859176.57596254,11662217.99186094,52840076.97040139,30224003.06822363,1.8652515011390847,1.047716261183057,0.9134093406384622,3,3.294117647058825,2.570093457943945,중립,,0.0,,33.8,관찰,33.8
2026-10-06T16:31:16+09:00,PYTH,KRW-PYTH,PYTHUSDT,105.0,-1.8691588799999999,1020656821.3568236,1791271862688,False,False,,1145357932.5253918,549838218.0447361,1083010231.567132,1507347160.5077894,1237064928.8290472,2.083081704648262,1.094222852392703,0.9546507247449519,2,-0.92592592592593,0.9433962264151052,중립,2683442.564536,-2.169,2878236.529793,1391927.444255,1750971.08347,2801134.336004,1834466.470557,2.067806437521257,1.4526685479935246,1.368166074090983,2,0.6215907649372188,2.6397515527950333,고수준 유지형,,0.0,,33.5,관찰,33.5
2026-10-06T16:31:16+09:00,ONDO,KRW-ONDO,ONDOUSDT,661.0,-2.07407407,31956977812.99312,1791271873957,False,False,,37997592249.62797,22027325070.80855,31445338053.714085,52234856741.40611,42533096162.8736,1.7250207243721944,1.0783790679552747,0.8802236145526482,2,0.746268656716409,-0.7352941176470562,중립,23467294.3003,-3.371,26833027.63938,12753030.55886,16000108.91762,32179246.58289,27012004.85743,2.104051073627994,1.3211214614130655,1.0274199818323986,2,1.3395575400852344,-0.10004001600639745,중립,,0.0,,33.4,관찰,33.4
2026-10-06T16:31:16+09:00,SAFE,KRW-SAFE,,157.0,-2.48447205,1665512816.1556745,1791271876571,False,True,거래량급등,7428267362.302567,317102033.3419842,335078613.58296394,471055110.8237681,1383537645.7414057,23.425480070294668,19.839826085640986,12.570620405998735,2,8.783783783783793,2.547770700636942,일회성 폭증형,,,,,,,,,,,,,,NO_DATA,,0.0,,33.4,관찰,33.4
2026-10-06T16:31:16+09:00,TRUST,KRW-TRUST,,79.3,-1.24533001,365441458.69877124,1791271862034,False,False,,482499527.6535446,187184913.8839556,424612036.4916116,763364226.8282503,770487222.34593,2.5776624709866733,1.0526028562731125,0.8424609145136598,2,-4.404761904761911,-3.369434416365824,중립,,,,,,,,,,,,,,NO_DATA,,0.0,,33.4,관찰,33.4
2026-10-06T16:31:16+09:00,BERA,KRW-BERA,BERAUSDT,318.0,-0.9345794399999999,1512971979.4109244,1791271832518,False,False,,1543975981.061052,731378097.7193445,928245743.6865474,2624094989.5700636,3705595554.7890778,2.111050338909014,1.0812866404044237,0.2833736259444526,2,0.9433962264151052,-7.22543352601156,중립,1121027.1201839,0.949,1026764.834405,470672.6300765,779211.5934178,1206300.3450245,2533582.1086496,2.1814840481336604,1.254097327495453,0.37069842864480573,2,1.543077582511776,-6.732283464566935,중립,,0.0,,33.3,관찰,33.3
2026-10-06T16:31:16+09:00,SAHARA,KRW-SAHARA,SAHARAUSDT,12.5,-0.79365079,1430589987.2191741,1791271836407,False,False,,1800526553.1199396,1001692818.4109429,1538963057.320325,2727305070.9030786,1844238570.2247522,1.797483739552255,1.0253644083695876,0.9416154364267009,2,0.0,-0.7874015748031482,중립,434955.18456,-1.178,589300.07515,234159.72054,370361.53878,1009658.72518,636914.20449,2.5166586029014915,1.0952311653137092,0.869187641433427,2,1.520086862106429,0.10706638115633993,중립,,0.0,,33.2,관찰,33.2
2026-10-06T16:31:16+09:00,0G,KRW-0G,0GUSDT,415.0,0.0,1662857028.5793622,1791271847281,False,False,,1997400851.144756,1034919312.5555382,1463052953.5578542,3294006086.8511987,7336374346.476862,1.9300063559665837,1.0345692245840652,0.232749254601147,2,0.4842615012106588,-2.1226415094339646,중립,1422442.167183,0.098,1780025.028509,739898.4977,906904.759025,2705316.488352,4086895.046692,2.4057692156995443,1.2270055509312556,0.5126876274158756,2,1.586252478519512,-1.1575562700964603,중립,,0.0,,33.1,관찰,33.1
2026-10-06T16:31:16+09:00,LINK,KRW-LINK,LINKUSDT,18730.0,-0.05336179,5881711635.287417,1791271877546,False,False,,5994024628.44764,3890665840.033407,6678665876.74546,13190276763.003939,7490512140.887117,1.5406166643178414,0.7568337626709621,0.6755048568239265,2,-0.21299254526091493,-4.04505888376856,중립,23749520.95243,-2.781,23232611.27447,13716812.86517,20880664.27139,58096372.30917,35591436.30333,1.693732465612526,0.7519143313194302,0.6220411406232784,2,0.43497172683775176,-3.5639704858694166,중립,,0.0,,33.0,관찰,33.0
2026-10-06T16:31:16+09:00,DATA,KRW-DATA,,279.0,-3.125,4525358544.862131,1791271870983,False,False,,4576369438.591596,3910960384.914904,10098339284.40305,9591973056.525984,8381058452.140626,1.1701395535079473,0.5817105066855609,0.5981051030456553,2,-0.34602076124568004,-2.0408163265306145,중립,,,,,,,,,,,,,,NO_DATA,,0.0,,33.0,관찰,33.0
2026-10-06T16:31:16+09:00,HBAR,KRW-HBAR,HBARUSDT,135.0,-2.17391304,3894164608.2564635,1791271846961,False,False,,4791211507.244737,4372496980.393501,4689941486.501719,12644755557.042625,11932059053.340208,1.0957609642107868,0.6621599505621744,0.5389440932771092,2,-1.4285714285714235,-7.38255033557047,중립,12383170.45526,-3.966,14749127.29143,8247355.51962,8202843.54671,23028997.51965,30306452.45712,1.7883462470294442,1.120777161154371,0.6307080260798449,3,-0.6835937500000111,-2.9209621993127266,중립,,0.0,,33.0,관찰,33.0
2026-10-06T16:31:16+09:00,2Z,KRW-2Z,2ZUSDT,57.5,-2.37691002,3845207612.253703,1791271877864,False,False,,4112510087.7652497,3901947184.702299,6452428210.537172,8978861365.530071,3082835864.707654,1.053963545147015,0.6381513047174138,0.7991960559614714,2,-6.3593004769475385,-27.64127764127765,중립,3534913.19959,-5.693,3846077.5854,1980420.43268,6532934.29076,9783090.1664,2969425.32324,1.9420510523592727,0.6306270330476699,0.8145407431617826,2,-5.394822710463343,-27.237744687970544,중립,,0.0,,33.0,관찰,33.0
2026-10-06T16:31:16+09:00,CP,KRW-CP,,16.7,-2.33918129,1225731677.0983348,1791271562896,False,False,,1057301066.5681438,785119017.7392651,1329841425.8794234,1750419517.321939,1501656959.477723,1.3466761633320534,0.8205928606647404,0.7632393593906451,2,-2.840909090909094,-1.724137931034464,중립,,,,,,,,,,,,,,NO_DATA,,0.0,,33.0,관찰,33.0
2026-10-06T16:31:16+09:00,ONG,KRW-ONG,ONGUSDT,120.0,-1.6393442599999999,750360068.2321479,1791271845071,False,False,,691372173.0597999,515211711.52310616,580561456.2356304,1440638959.964392,1656503242.712172,1.3419185891871819,0.8177363987930781,0.5029668881505648,2,-2.400000000000002,-6.153846153846154,중립,506914.40453,-1.066,494883.54732,227209.67731,291841.55315,647052.96049,1146217.05121,2.1780918540929552,1.2731715171613327,0.5799997153981205,2,-1.7694311767259996,-5.935550935550927,중립,,0.0,,33.0,관찰,33.0
2026-10-06T16:31:16+09:00,GAS,KRW-GAS,GASUSDT,1922.0,-1.3853258099999999,622922657.3304482,1791271632786,False,False,,599881049.3072895,454040222.8804355,492903510.657849,1200059435.4386399,907499787.0226144,1.3212068426485177,0.8382116868413484,0.7434830548992551,2,-0.3069053708439906,0.15416238437822027,중립,105968.6993,-1.185,139237.9706,114161.2316,146141.1039,438199.2478,287903.367,1.2196607258746497,0.5980142662333747,0.526204038167268,2,0.20891364902506648,0.41870202372644716,중립,,0.0,,33.0,관찰,33.0
2026-10-06T16:31:16+09:00,LAYER,KRW-LAYER,LAYERUSDT,105.0,-0.94339623,510073112.19421726,1791271861674,False,False,,450127902.3611871,296480525.6022977,359675037.0616995,635704474.854492,708239292.6194296,1.5182376699000921,1.0453018654230448,0.7992978746085361,2,0.952380952380949,-0.9345794392523366,중립,260677.336094,-0.896,333739.109916,202898.272511,246571.300383,408721.138576,417737.230004,1.6448592971529936,1.1666606458988689,0.9443668973346099,2,2.2164276401564376,0.2557544757033181,중립,,0.0,,33.0,관찰,33.0
2026-10-06T16:31:16+09:00,QTUM,KRW-QTUM,QTUMUSDT,1330.0,-1.11524164,408367223.9062648,1791271840294,False,False,,331615851.37192327,209963176.94684097,214519398.80699444,609027260.3794923,180775865.09825966,1.579400046208496,0.9625912781225139,1.007040671538208,2,-0.4441154700222105,-1.3206162876008842,중립,209381.3105,-1.206,191360.762,128552.1227,90389.3271,323443.8089,149858.9319,1.4885850033497734,1.058440060439644,0.993340836180793,3,0.30211480362538623,-0.7968127490039834,중립,,0.0,,33.0,관찰,33.0
2026-10-06T16:31:16+09:00,F,KRW-F,FUSDT,4.58,-1.07991361,388492997.20446867,1791271877217,False,False,,509540427.30297107,300451795.34230345,472418491.08864534,805786820.567434,864668641.8429292,1.6959140707495317,0.9683048175137877,0.8087065238613999,2,-2.320675105485237,-4.73251028806585,중립,168295.810569,-1.882,254490.184454,166143.215532,107032.661852,262314.061287,258905.801124,1.5317518903140763,1.4257421068579013,1.133603698777263,3,-1.2640045963803526,-3.6174985978687624,고수준 유지형,,0.0,,33.0,관찰,33.0
2026-10-06T16:31:16+09:00,POLYX,KRW-POLYX,POLYXUSDT,57.2,-0.86655113,343321108.5538655,1791271881077,False,False,,403936468.61209923,315475592.3388891,486207549.4567816,616791789.2878394,430565165.0466332,1.2804048186973018,0.8543044217994393,0.7586051564680539,2,-0.17301038062282892,-2.368866328257191,중립,181041.92518,-0.939,192497.33369,156109.23778,240695.89774,334584.13251,408786.34013,1.2330938029514988,0.7895822735073446,0.693127844439444,2,0.23529411764704466,-1.61662817551963,중립,,0.0,,33.0,관찰,33.0
2026-10-06T16:31:16+09:00,HOME,KRW-HOME,HOMEUSDT,7.78,0.38709677000000003,310375263.6916164,1791271815177,False,False,,348538844.1842277,293881733.93353343,321342491.15006423,395467578.68552095,261337316.75921202,1.1859833529601262,1.034555270611003,1.0076611138070208,2,-1.273885350318471,-4.202719406674904,중립,494370.5899,1.056,482767.21901,417482.75429,510113.08239,777574.79456,506828.47722,1.1563764348326848,0.8493587858575743,0.8281872210264032,2,-0.520833333333337,-4.020100502512558,중립,,0.0,,33.0,관찰,33.0
2026-10-06T16:31:16+09:00,ARDR,KRW-ARDR,,40.0,-1.71990172,277845260.27526194,1791271836722,False,False,,289664275.0929747,258515362.17687017,276347116.38465613,526360005.1724922,1322925120.3347976,1.1204915354113199,0.8188601717344747,0.2612805827578638,2,0.0,-2.631578947368407,중립,,,,,,,,,,,,,,NO_DATA,,0.0,,33.0,관찰,33.0
2026-10-06T16:31:16+09:00,STRAX,KRW-STRAX,STRAXUSDT,15.4,0.0,273488252.4726799,1791271863682,False,False,,293566684.5032824,156747419.2711624,378643397.8916593,403155371.0434237,393354545.3045544,1.8728645477437302,0.9383662355424894,0.8423423065782356,2,-2.5316455696202556,-1.9108280254776955,중립,150836.87187,-0.787,143073.98999,141532.31966,125536.47654,185554.56918,171146.26694,1.0108927087021786,0.948298304506765,0.8863266525163342,3,-1.5611448395490002,-1.1324041811846652,중립,,0.0,,33.0,관찰,33.0
2026-10-06T16:31:16+09:00,BFC,KRW-BFC,,36.9,-0.80645161,246700246.6608687,1791271567099,False,False,,283418129.06149775,280082436.53502566,616176355.9003713,474390696.4401142,581280975.474958,1.011909681191505,0.6203295547733702,0.43915244385209246,2,-1.846965699208436,-3.626943005181338,중립,,,,,,,,,,,,,,NO_DATA,,0.0,,33.0,관찰,33.0
2026-10-06T16:31:16+09:00,O,KRW-O,,682.0,-0.4379562,221506854.93084282,1791271561939,False,False,,208226466.94402292,176888205.13734385,242385808.3907158,528636505.7869164,580512031.0454932,1.17716422518023,0.6590067185703395,0.33247334006899065,2,-3.656821378340369,-9.63060686015831,중립,,,,,,,,,,,,,,NO_DATA,,0.0,,33.0,관찰,33.0
2026-10-06T16:31:16+09:00,KERNEL,KRW-KERNEL,KERNELUSDT,73.1,-0.67934783,499489970.73266006,1791271715839,False,False,,213010784.47732392,160561779.57571867,162034057.17175606,472752058.1814472,509225202.15579224,1.3266593397270552,0.803462682816405,0.47444197827277645,2,0.4092769440654731,-1.9973368841544659,중립,442308.30405,-1.46,434286.10793,169928.72718,193476.9099,440361.15663,576545.71364,2.555695644503797,1.6209407181109212,0.9244292171010593,2,1.4897579143389184,-1.6245487364620947,고수준 유지형,,0.0,,32.9,관찰,32.9
2026-10-06T16:31:16+09:00,USDT,KRW-USDT,,1354.0,0.22205774000000003,47612694204.93686,1791271877540,False,False,,54774518938.8202,37055247273.333,43892751489.19913,131256174943.20087,60350850647.97362,1.4781852225889467,0.7743653385645975,0.7935258653175332,2,-0.6617647058823506,-0.6617647058823506,중립,,,,,,,,,,,,,,NO_DATA,,0.0,,32.8,관찰,32.8
2026-10-06T16:31:16+09:00,BARD,KRW-BARD,BARDUSDT,180.0,-3.2258064500000003,336643588.2813933,1791271834454,False,False,,340963844.6427497,286083780.485731,309857287.63911986,627224382.1420399,377945360.3002588,1.1918321411435486,0.8362658818601012,0.7910937856056611,2,0.540540540540535,-2.617801047120416,중립,275675.36058,-3.782,302627.66605,134487.47891,183652.36244,593848.78734,492044.2098,2.2502293038931946,0.9954981559957633,0.7970741032813695,2,1.0301692420897846,-1.7179670722977658,중립,,0.0,,32.8,관찰,32.8
2026-10-06T16:31:16+09:00,VTHO,KRW-VTHO,VTHOUSDT,1.01,12.09766926,18681006616.744072,1791271880436,False,False,,1041028937.9026288,869766260.3462062,647582541.5200278,1136002541.2024934,1105796104.2251985,1.1969065545129933,1.1770347797573946,0.9980005376036472,3,-1.5300546448087426,-3.5331905781584627,중립,5041899.495744,15.184,652848.382767,252381.278322,288777.412881,2274135.810905,60449746.297602,2.5867544023375024,0.6956803797380721,0.0409611717769308,2,-0.8915304606240793,-2.6277372262773713,중립,,0.0,,32.7,관찰,32.7
2026-10-06T16:31:16+09:00,XPL,KRW-XPL,XPLUSDT,123.0,-4.65116279,6141783379.386343,1791271859341,False,False,,5059803708.565746,2436294108.451076,3986808885.005697,11963772158.872643,7252075637.625768,2.076844372366282,0.825556871406405,0.693585950355651,2,0.78125,-0.7692307692307665,중립,9226017.667272,-5.702,8153434.516505,4563683.976695,8134345.026167,22523661.065391,10125389.836221,1.7865905172534935,0.694467059988193,0.6419208736310281,2,1.5638389031705335,-0.16845651716149712,중립,,0.0,,32.7,관찰,32.7
2026-10-06T16:31:16+09:00,HUNT,KRW-HUNT,,136.0,-2.15827338,103572722.53730266,1791271873272,False,False,,122781674.21814421,98587051.9578188,119508349.36478376,143855410.3323767,96300432.39724213,1.2454137919721673,1.0176659667379018,0.9657625622233186,2,0.7246376811594235,0.7246376811594235,중립,,,,,,,,,,,,,,NO_DATA,,0.0,,32.7,관찰,32.7
2026-10-06T16:31:16+09:00,MMT,KRW-MMT,MMTUSDT,241.0,-3.21285141,1043719962.4315283,1791271800145,False,False,,797150299.9118913,551023305.3492824,2095556959.4130497,1256159872.8957005,1174924933.2486851,1.4466725675179821,0.6127620121719769,0.5713730502643517,2,1.2195121951219523,-3.488372093023251,중립,650110.89236,-5.576,536695.30352,331251.80599,881889.44847,642641.45245,894345.41141,1.620203403619185,0.8676047602797736,0.7269865847463888,2,1.9911504424778848,-2.947368421052632,중립,,0.0,,32.6,관찰,32.6
2026-10-06T16:31:16+09:00,STEEM,KRW-STEEM,STEEMUSDT,85.6,0.70588235,3366397734.6374955,1791271765435,False,False,,381332710.55041605,313551559.8454122,701716869.5092161,643281553.9088463,627499493.7064334,1.216172264422545,0.6897580074133434,0.560693837399331,2,-1.7341040462427793,-3.9548022598870025,중립,915035.747603,0.878,353276.92963,221675.371205,656475.613218,347213.742695,308923.672649,1.5936679285101911,0.8649104755795215,0.8695121418210939,2,-0.8793969849246297,-3.041474654377896,중립,,0.0,,32.4,관찰,32.4
2026-10-06T16:31:16+09:00,SONIC,KRW-SONIC,,36.9,-2.12201592,553298382.1065954,1791271861690,False,True,거래량급등,1866686932.3280404,362273441.7691847,413112739.4765956,584915570.0351167,494810634.1555543,5.1527015704269115,4.1167783484149405,2.8659701550712176,2,4.432132963988922,1.8918918918918948,일회성 폭증형,,,,,,,,,,,,,,NO_DATA,,0.0,,32.4,관찰,32.4
2026-10-06T16:31:16+09:00,XEC,KRW-XEC,XECUSDT,0.0108,-1.8181818200000002,506384491.7626227,1791271761053,False,False,,537724020.4410108,291713761.54229665,615905790.3372707,1178236751.0657222,895692632.6321021,1.8433275742565345,0.7733859993352308,0.6373859902782221,2,1.8518518518518379,-2.6548672566371723,중립,287123.89019009,-2.083,273068.79091905,207223.46300429,187355.2936349,500543.8824241,343590.70301369,1.3177503500817223,0.9151889774728706,0.7579874965728827,3,1.7478152309613026,-1.6887816646562137,중립,,0.0,,32.4,관찰,32.4
2026-10-06T16:31:16+09:00,UNI,KRW-UNI,UNIUSDT,11950.0,-2.68729642,3899817851.3848386,1791271861349,False,False,,4445360046.261664,2433921206.509129,7438763878.909842,7209774215.224235,7713943947.179135,1.8264190452728162,0.7806885357708916,0.7066882703393613,2,0.8210180623973828,1.655629139072845,중립,50168151.93955,-3.208,48243371.53267,17963681.97351,51677110.1026,55915701.09207,63970701.68659,2.6856059689662564,1.1527091187880452,0.9358998596161556,2,1.4520272534346068,2.2630038279666698,중립,,0.0,,32.3,관찰,32.3
2026-10-06T16:31:16+09:00,LPT,KRW-LPT,LPTUSDT,2437.0,1.5839933300000002,2158664067.226604,1791271705889,False,True,입금량급등,1988902598.2912946,265830705.6295757,1496375654.5283198,253465698.7037671,204208861.3563764,7.481839216357307,2.9601580121339492,3.7989644766345987,2,3.583765112262527,-0.9905076351630182,일회성 폭증형,2056698.87947,3.333,1820993.94049,624151.38051,2004731.19906,1317913.00256,701828.62663,2.917551730802948,1.3841562624132022,1.4981421799275625,2,4.046920821114375,-0.39303761931498427,중립,,0.0,,32.2,관찰,32.2
2026-10-06T16:31:16+09:00,KAVA,KRW-KAVA,KAVAUSDT,93.6,0.97087379,337427899.57479155,1791271658403,False,False,,138320397.5772932,88589770.29842503,207771750.67104703,195325057.85598537,299152898.65656126,1.5613585757288309,0.8439546869941829,0.5065148432219649,2,-0.6430868167202508,-0.7494646680942241,중립,375684.914124,0.072,326995.631368,254285.453938,229164.351833,1083101.379483,314089.594487,1.2859391927614083,0.6262080060569123,0.6209939416717907,3,0.1310615989515096,0.14564520827264893,중립,,0.0,,32.2,관찰,32.2
2026-10-06T16:31:16+09:00,AGLD,KRW-AGLD,AGLDUSDT,288.0,-0.34602076,327934034.3607041,1791271394261,False,False,,364302714.1428033,297429418.95265245,407423404.04846334,436430843.6908121,316931606.2349121,1.2248375275910295,0.9576130582822262,0.9955091562469981,2,0.3472222222222321,3.214285714285725,중립,141348.02621,1.044,117846.67138,177624.40835,283458.30696,318937.28686,176910.30406,0.6634598953753531,0.4532448054619866,0.48723417194183005,1,0.7085498346717012,3.2945736434108586,감소형,,0.0,,32.2,관찰,32.2
2026-10-06T16:31:16+09:00,XCN,KRW-XCN,,6.39,-1.38888889,170185807.97007772,1791271773117,False,False,,212164060.50692862,117428771.09678999,263402018.34498197,406937384.47960454,818027316.2458725,1.8067468349136824,0.8079688956618235,0.5104274323989785,2,0.15455950540959051,3.1847133757961776,중립,,,,,,,,,,,,,,NO_DATA,,0.0,,32.2,관찰,32.2
2026-10-06T16:31:16+09:00,SNT,KRW-SNT,,11.5,-1.70940171,157102817.31052196,1791271632786,False,False,,178017161.64184588,96355973.93032642,118994864.30291563,361373609.5536154,156808640.3338312,1.847494808890287,0.9260080563168865,1.005494326513729,2,0.0,3.539823008849541,중립,,,,,,,,,,,,,,NO_DATA,,0.0,,32.2,관찰,32.2
2026-10-06T16:31:16+09:00,FIL,KRW-FIL,FILUSDT,1619.0,0.9981285100000001,10375855272.788948,1791271853271,False,False,,7752174429.219243,1542510384.5349863,2027518886.8339262,3070648134.033057,4112998272.945681,5.02568702742073,3.5021311634170518,2.5407768539217037,2,14.011379800853474,12.966878083157152,일회성 폭증형,28084886.130551,11.924,21611153.513178,4125022.164054,8103619.532305,11834175.280009,13754584.069804,5.2390393684427945,2.694342088177236,2.0385638901305554,2,14.620222544750838,13.543563692130768,일회성 폭증형,,0.0,,32.1,관찰,32.1
2026-10-06T16:31:16+09:00,BCH,KRW-BCH,BCHUSDT,426600.0,-0.46663556,1947702639.447521,1791271857991,False,False,,2396828440.195377,2102441546.505242,2164422326.676155,7381220739.561106,3669594423.279302,1.1400214403960367,0.6173105329884065,0.5913828091012868,2,1.0134338911147678,2.855771538276941,중립,8477586.6143,-1.159,9870239.004,7757139.24,8211234.5341,21124510.3944,10589204.7762,1.2724070947577835,0.7982856463112674,0.7844438632604126,2,1.6688061617458283,3.4617896799477466,중립,,0.0,,32.0,관찰,32.0
2026-10-06T16:31:16+09:00,ONT,KRW-ONT,ONTUSDT,81.5,-1.33171913,384441601.1908999,1791271759725,False,False,,484865436.21660346,484607020.4092527,978932376.5414402,732123970.6985826,378087626.8658462,1.0005332481711315,0.6624860304551751,0.7738800869602374,2,1.225490196078427,2.608695652173898,중립,647846.06017,-0.017,646954.77499,359522.28894,927062.8306,915507.92179,450375.02855,1.7994844683968092,0.8813725344673786,0.9971758089019237,2,1.914751914751922,3.465179175118327,중립,,0.0,,32.0,관찰,32.0
2026-10-06T16:31:16+09:00,UP2,KRW-UP2,,92.6,-4.73251029,2158753083.859658,1791271876246,False,False,,4693002119.790124,2161817310.5041633,10501892710.835117,1376823629.9641166,1770194365.5762312,2.1708597192681633,1.0027401172222112,1.336691666397813,2,7.4033149171270685,1.7801047120418856,중립,,,,,,,,,,,,,,NO_DATA,,0.0,,31.7,관찰,31.7
2026-10-06T16:31:16+09:00,SPX,KRW-SPX,,584.0,-4.5751634,529317631.7712354,1791271780102,False,False,,857434705.3645791,197835208.49781525,218998877.85113645,423400131.41011363,1114769355.3551073,4.33408548394988,3.0614131889964726,1.4527119086769484,2,5.699481865284972,0.8237232289950658,일회성 폭증형,,,,,,,,,,,,,,NO_DATA,,0.0,,31.6,관찰,31.6
2026-10-06T16:31:16+09:00,JST,KRW-JST,JSTUSDT,187.0,1.63043478,379549571.1130119,1791271864325,False,False,,410686444.8100264,398501844.36229086,441391846.81197846,277489960.0602612,742492068.4423066,1.0305760202119871,1.1026287462402466,0.9213927221635791,2,1.6574585635359185,1.6574585635359185,중립,4213577.284972,-1.704,4235855.951218,4029713.829408,5099513.980678,4119501.759397,4688834.101273,1.0511555238254433,0.9591536899450716,0.9390065963834489,2,2.5424368162957567,2.0343818031679506,중립,,0.0,,31.6,관찰,31.6
2026-10-06T16:31:16+09:00,CTC,KRW-CTC,,159.0,1.9230769200000002,417083848.18997264,1791271737991,False,False,,441925923.0466579,368093937.6263437,369373673.1481876,868639025.124551,1652903677.7599518,1.200579194257912,0.8254606135773896,0.5555495238872307,2,0.0,-0.6369426751592355,중립,,,,,,,,,,,,,,NO_DATA,,0.0,,31.5,관찰,31.5
2026-10-06T16:31:16+09:00,TAO,KRW-TAO,TAOUSDT,407800.0,-1.33075248,1964290758.735875,1791271875603,False,False,,2342450171.553623,2090062924.256172,2431689797.147409,3519390578.329691,2626274629.748786,1.120755812836244,0.8739242981646616,0.8767618715590949,2,4.00100654252642,0.9526135808500147,중립,33652947.88402,-0.66,37129496.18829,18281909.97441,26088793.43479,54856268.57279,33475328.2155,2.03094185674592,1.1225626091370335,1.0622466807985824,2,4.760273972602724,1.6616816218012698,중립,,0.0,,31.4,관찰,31.4
2026-10-06T16:31:16+09:00,MEW,KRW-MEW,,0.72,-0.55248619,365295771.9646785,1791271765774,False,False,,558146149.0088938,453788525.71936154,903369607.9465176,1586411516.51633,3321118402.332946,1.229969726810745,0.5688462125987176,0.0710597446163947,2,0.27700831024930483,6.784660766961648,중립,,,,,,,,,,,,,,NO_DATA,,0.0,,31.4,관찰,31.4
2026-10-06T16:31:16+09:00,ARX,KRW-ARX,,385.0,-3.26633166,1828777209.9066255,1791271802993,False,False,,2121924223.6700199,996548765.2159966,1698402695.8411922,4101336479.8928137,3711601851.6386847,2.1292728441744684,0.9366543510692155,0.57397197943156,2,1.2722646310432628,5.57029177718833,중립,,,,,,,,,,,,,,NO_DATA,,0.0,,31.3,관찰,31.3
2026-10-06T16:31:16+09:00,CKB,KRW-CKB,CKBUSDT,1.81,-1.63043478,175546791.68450448,1791271542258,False,False,,202404691.84089413,169795296.77033475,289683196.9127498,4768391088.225902,188220215.88725707,1.1920512269233634,0.11614943066367672,0.1806720281774498,2,3.370786516853941,2.2222222222222143,중립,239096.985099,0.3,232301.841666,269134.864757,270782.847169,1515578.062884,251944.737651,0.8631428777380579,0.33904498055337456,0.43161568537309924,1,4.144282425172685,3.037205770690954,중립,,0.0,,31.3,관찰,31.3
2026-10-06T16:31:16+09:00,ZK,KRW-ZK,ZKUSDT,17.2,-1.71428571,621078328.2205324,1791271814853,False,False,,1344349283.225447,494598048.9239172,733278390.5199794,6753607805.822647,267601713.31819445,2.718064266833056,0.5053004836873741,0.7936097365232258,2,1.744186046511631,5.421686746987953,중립,1578546.058938,-2.306,1665250.661895,2106462.260647,2184114.260127,6446179.750056,1613044.742712,0.7905437913630212,0.4652943458591526,0.5924373602916242,1,2.7005559968228843,6.419753086419755,중립,,0.0,,31.2,관찰,31.2
2026-10-06T16:31:16+09:00,AVAX,KRW-AVAX,AVAXUSDT,15210.0,1.06312292,7605962210.845522,1791271873610,False,False,,5677841654.983336,2882654176.004517,4244853912.5901937,10041682211.248976,9016897871.499283,1.9696575823233398,0.9920983265649451,0.7223826337379086,2,2.3113528212100665,0.9389671361502261,중립,46530438.2374,1.521,35657009.14241,18646057.63219,33069293.56592,67830708.39153,50077365.9725,1.912308212587137,0.8948101492799034,0.7475540490841225,2,3.0462962962962914,1.7555088232604987,중립,,0.0,,31.1,관찰,31.1
2026-10-06T16:31:16+09:00,RENDER,KRW-RENDER,RENDERUSDT,2792.0,0.0,1288265032.3930106,1791271877228,False,False,,1042242601.0395665,950711029.5139761,990429191.2889012,962804491.8511869,583056949.4638827,1.096276963960735,1.0767174008147775,1.1141023426754089,2,3.985102420856612,7.508663842895658,중립,9426261.66084,1.625,8878658.5344,2944198.08782,3937965.8411,5593110.73675,3344765.40864,3.0156457784313373,2.1351013358044955,2.0968839336537557,2,4.6099290780141855,7.889237199582033,고수준 유지형,,0.0,,31.1,관찰,31.1
2026-10-06T16:31:16+09:00,GLM,KRW-GLM,GLMUSDT,180.0,0.0,271523308.2216671,1791271696301,False,False,,238463663.05070415,130346445.48176046,176890705.92629507,437058796.18883455,201655240.27369574,1.8294604211825067,0.9611646972711552,0.8982223404266185,2,2.857142857142847,5.263157894736836,중립,195738.45083,2.144,147455.95754,55219.2938,69731.09676,123516.0729,80496.20375,2.670370216505739,1.780392679397619,1.5176982846800415,2,2.7047913446677008,4.976303317535535,고수준 유지형,,0.0,,30.8,관찰,30.8
2026-10-06T16:31:16+09:00,APT,KRW-APT,APTUSDT,1108.0,-3.14685315,7198759737.660604,1791271832193,False,False,,6797270502.45591,3343561940.5330114,3928791615.1194787,11061025687.665052,5291317569.483258,2.0329428984265587,1.1122778423296118,1.1481935977853883,2,5.9259259259259345,8.952380952380956,중립,14156690.663953,0.925,12375664.787072,5037273.002895,6269202.109424,12316027.745348,8663261.215613,2.4568183578613882,1.571679113975255,1.3963693455889632,2,6.475998488093748,9.653561697158409,고수준 유지형,,0.0,,30.6,관찰,30.6
2026-10-06T16:31:16+09:00,WLD,KRW-WLD,WLDUSDT,754.0,-3.2092426200000004,25443064293.801575,1791271874951,False,False,,27074495489.910954,25069245616.062458,64888089318.21112,69621103245.10054,37926898195.00614,1.079988440998946,0.5089878519705376,0.5189083559972161,2,2.770448548812654,7.152682255845932,중립,30236320.08491,-3.449,39765795.4915,32339559.28793,81274531.36695,91228255.01127,65990069.32665,1.2296331912705338,0.5823863522287998,0.5673034487420922,2,3.341717570966596,7.4537642443489815,중립,,0.0,,30.5,관찰,30.5
2026-10-06T16:31:16+09:00,PENGU,KRW-PENGU,PENGUUSDT,12.8,-2.29007634,4137679439.1746993,1791271870639,False,False,,4930195694.830554,2918949294.5231686,4150286175.55276,9382752302.941484,5535974238.357682,1.689030948252884,0.8990152003850511,0.7881416267828826,2,7.377049180327866,0.0,중립,16893863.284778,-4.453,21219232.490166,7180425.182528,8438801.43407,27061504.860802,16689694.60289,2.9551498624062513,1.4914856251750415,1.3110073733131804,2,8.278256973227283,0.5304212168486533,고수준 유지형,,0.0,,30.4,관찰,30.4
2026-10-06T16:31:16+09:00,GEOD,KRW-GEOD,,407.0,-3.0952381,1378018102.9461663,1791271873600,False,False,,2333830027.9181156,2375495268.646774,554931067.9542477,1008721601.238327,916023298.0157992,0.9824603983520483,1.7774123222177625,2.123654719810291,1,10.817941952506605,14.441416893732972,중립,,,,,,,,,,,,,,NO_DATA,,0.0,,29.9,관찰,29.9
2026-10-06T16:31:16+09:00,SYRUP,KRW-SYRUP,SYRUPUSDT,332.0,-1.7751479300000002,615416704.8855057,1791271857015,False,False,,914048451.686204,902913355.4980508,1110496823.3417513,1239628132.6970644,1201747667.153182,1.0123324083317065,0.8429489887449593,0.7404320170462416,2,3.0487804878048808,9.385113268608425,중립,978755.6039,-3.153,1345495.81983,1684593.3802,1974369.67781,2347612.93295,2460129.20899,0.7987065814483129,0.6720113864479501,0.5789627124706493,1,3.4325889164598777,10.663716814159274,중립,,0.0,,29.9,관찰,29.9
2026-10-06T16:31:16+09:00,SUN,KRW-SUN,SUNUSDT,23.1,-0.8583690999999999,182991200.052431,1791271828653,False,False,,113322543.2222731,144090216.20403624,119867962.02177428,498204373.13762385,271599920.40288025,0.7864693815283395,0.44605659128574404,0.44065077531322416,1,0.8658008658008587,-0.42735042735041473,중립,649991.80465,-0.638,754435.70473,526426.48523,284300.14932,479391.09823,461039.81255,1.4331264210621564,1.7543415276626968,1.6822026035079827,3,0.8797653958944274,-0.11614401858304202,가속형,EARLY,5.0,Binance 연속가속 우위,29.7,관찰,29.7
2026-10-06T16:31:16+09:00,AXL,KRW-AXL,AXLUSDT,73.1,-3.30687831,456089865.40366673,1791271693768,False,False,,290306880.95797753,275546623.53340274,385599998.93207,507951765.1256788,520749337.6614583,1.0535671866898615,0.744950683465064,0.6441655119395604,2,4.854368932038833,8.776978417266168,중립,633094.826604,0.186,484660.142167,227164.719388,319730.637608,471502.066228,656795.46332,2.133518547566336,1.4277141647688478,1.0067978530236894,2,5.6710775047258855,9.607843137254912,고수준 유지형,,0.0,,29.4,관찰,29.4
2026-10-06T16:31:16+09:00,AAVE,KRW-AAVE,AAVEUSDT,245100.0,-1.52671756,4243961246.490289,1791271856984,False,False,,4603676928.26495,2551073227.544985,4109643173.635948,13567831437.31573,10041403583.838585,1.8046039911975713,0.6827494931945275,0.6319520498948926,2,1.7579721995093944,14.806273062730636,중립,29605443.97579,0.271,28897141.42952,16311248.0958,24126674.12241,59250834.98634,39199996.43478,1.7716082337660448,0.8696208752074123,0.80420943587993,2,2.500139205969165,15.41789453884257,중립,,0.0,,29.1,관찰,29.1
2026-10-06T16:31:16+09:00,SC,KRW-SC,SCUSDT,1.46,5.79710145,3515418001.4172173,1791271813568,False,False,,403011933.97701955,290193711.58740175,426510131.9093271,1442095706.4036486,586079796.8239911,1.388768666875949,0.5600500528114583,0.602850607275102,2,-1.4285714285714346,-3.4965034965035002,중립,512268.011116,4.497,413658.797357,305398.624557,376105.144358,437069.848036,318755.071037,1.3544880824431944,1.1094275542218175,1.194315194270302,2,0.3910068426197233,-1.4395393474088358,중립,,0.0,,28.4,관찰,28.4
2026-10-06T16:31:16+09:00,MINA,KRW-MINA,MINAUSDT,185.0,-8.41584158,5101304363.861407,1791271881072,False,True,입금량급등,6115613012.173465,1066143826.3222744,1739126897.9787982,4593917601.107836,1802552404.645452,5.736198870343442,2.4795745465103396,3.0064819303041785,2,-9.009009009009006,2.538071065989844,일회성 폭증형,4736914.22363,-19.799,2664049.45456,1179313.16838,1846533.36305,4278951.74903,1587275.43369,2.2589838950238756,1.0940956966681243,1.2861091178425346,2,-8.353808353808356,3.1098825155494225,중립,,0.0,,28.3,관찰,28.3
2026-10-06T16:31:16+09:00,JUP,KRW-JUP,JUPUSDT,474.0,0.63694268,2214196880.080827,1791271839637,False,False,,2058850700.8076384,1554050830.039491,1698429375.308351,3226208295.868921,1324858994.9273396,1.3248284168126725,0.9533645739045638,0.9900176419239952,2,9.534883720930232,5.369127516778516,중립,5134591.77852,3.216,5186534.86295,2549202.60941,2634368.73068,3923360.29652,3562594.99422,2.0345714553267293,1.7085452279338698,1.4100058403257367,2,10.583016476552597,5.725537715843676,고수준 유지형,,0.0,,28.0,관찰,28.0
2026-10-06T16:31:16+09:00,JTO,KRW-JTO,JTOUSDT,770.0,-2.28426396,3805702744.7892313,1791271848608,False,False,,3214033552.110702,2806784917.2868385,3371997966.290048,3323712585.4860406,2384883861.145883,1.14509435059154,1.0146914237132434,1.0437261459438312,2,11.614730878186963,9.292649098474337,중립,2726296.8858,-1.198,2928654.92399,3033368.59139,3246271.49685,2853832.0662,2234465.50765,0.9654794119985213,0.9619523247463925,1.031503397240855,1,12.309766904257359,9.979249198264473,중립,,0.0,,27.2,관찰,27.2
2026-10-06T16:31:16+09:00,FOLD,KRW-FOLD,,92.3,-7.2361809,5298321562.691552,1791271877214,False,False,,11350472210.5998,7031721109.75667,36463191759.46196,3933878933.504821,5976135757.898439,1.6141812272461669,0.7179482195842928,0.6690808231364009,2,14.367816091954033,5.402542372881358,중립,,,,,,,,,,,,,,NO_DATA,,0.0,,26.8,관찰,26.8
2026-10-06T16:31:16+09:00,ELF,KRW-ELF,,101.0,-1.94174757,145887579.70183897,1791271767848,False,True,글로벌가격차이,216628160.20962334,111310743.48910443,247491882.16854674,217372293.09575072,179960800.26932043,1.9461567986995596,1.127929140051678,1.111790386365717,2,-0.9615384615384581,-0.9615384615384581,중립,,,,,,,,,,,,,,NO_DATA,,0.0,,26.6,관찰,26.6
2026-10-06T16:31:16+09:00,MEGA,KRW-MEGA,MEGAUSDT,64.0,-5.46528804,7477692862.066341,1791271880436,False,False,,8169465127.522542,2565724519.825799,6146016159.752802,32280695431.60297,30684214498.22025,3.1840772711160787,0.5978760402552029,0.5630876748186675,2,7.120253164556956,19.400352733686077,중립,3552355.302739,-8.155,3867534.391399,2693873.302789,4307054.645643,10148017.728505,16133569.371924,1.435677909348927,0.6765782219370444,0.5493783183391013,2,8.029354629829477,19.736842105263165,중립,,0.0,,26.2,관찰,26.2
2026-10-06T16:31:16+09:00,CAP,KRW-CAP,,107.0,7.000000000000001,18869734148.049786,1791271873280,False,False,,10909666296.040758,4341537065.917943,11200953468.718998,45946444668.747314,29200885784.003063,2.512858034009229,0.5322746081041411,0.5118312373622531,2,-1.9607843137254943,6.269925611052085,중립,,,,,,,,,,,,,,NO_DATA,,0.0,,26.0,관찰,26.0
2026-10-06T16:31:16+09:00,ANIME,KRW-ANIME,ANIMEUSDT,4.53,-2.15982721,587192703.2821283,1791271841881,False,False,,453643236.96713644,497672187.64255726,268135275.71113983,437038938.2228275,293419560.5482846,0.9115302165387557,1.1314243523675933,1.0495574525800737,1,1.758241758241752,1.5350877192982448,중립,154644.63616,-1.471,127257.261279,102252.487835,130410.465967,281662.174777,175635.977156,1.2445395116874711,0.7422771368215584,0.6779774688455461,2,1.7857142857142794,2.0895522388059584,중립,,0.0,,25.3,관찰,25.3
2026-10-06T16:31:16+09:00,POD,KRW-POD,,1010.0,-7.08371665,37012290073.065796,1791271874955,False,False,,,,,,,,,,,,,NO_DATA,,,,,,,,,,,,,,NO_DATA,,0.0,,25.0,관찰,25.0
2026-10-06T16:31:16+09:00,TRUMP,KRW-TRUMP,TRUMPUSDT,2713.0,-2.3749550200000002,11456213758.852776,1791271873605,False,False,,13035028938.39628,13386676124.921307,15469432842.075308,39508000206.07998,63112984891.156975,0.9737315534309235,0.5720119414733682,0.4195280098158078,1,-3.339130434782611,-0.5368647100930546,중립,12924811.632545,-3.33,12139146.289077,14414480.214338,11848951.028962,33550306.888032,33501698.682096,0.8421494295023043,0.6088473986907466,0.5437431658437509,1,-2.7423167848699914,0.194836824159772,중립,,0.0,,25.0,관찰,25.0
2026-10-06T16:31:16+09:00,G,KRW-G,GUSDT,6.25,-2.34375,1723320087.0163724,1791271834448,False,False,,1416122068.452043,1420758260.9338999,1071047762.9943345,3294096555.824665,3315674029.079162,0.9967368182122627,0.7342616206886715,0.5724254974663842,1,-1.6897081413210335,-0.7751937984496138,중립,549930.71557,-3.138,385290.31735,387919.44417,312774.25143,1116956.54078,841893.49184,0.9932224928151635,0.6359149460745607,0.4916903007532852,1,-1.2526096033402934,0.21186440677964935,중립,,0.0,,25.0,관찰,25.0
2026-10-06T16:31:16+09:00,RAY,KRW-RAY,RAYUSDT,2854.0,-4.86666667,1320903468.0231454,1791271753667,False,False,,1446473905.010322,1215644563.091806,3360280935.6529393,1415229071.575498,779378702.2183571,1.1898822640488245,0.7243047502944014,0.8401180075870589,2,14.547537227949592,13.421550094517954,중립,7653330.23012,0.821,6686152.92396,6834444.25219,8031272.22988,6285659.81521,4938299.86762,0.9783023574766182,0.9483287749204035,0.957853164258517,1,15.406976744186052,14.268092105263142,중립,,0.0,,25.0,관찰,25.0
2026-10-06T16:31:16+09:00,SPK,KRW-SPK,SPKUSDT,32.8,-3.2448377600000002,771246091.5008413,1791271806861,False,False,,642709092.8911489,776917009.555213,1386042756.336613,8046322028.112417,570240640.5453111,0.8272557879239915,0.18886022715190473,0.26499032537015743,1,-4.23728813559322,0.0,중립,1132848.623747,-2.148,1228734.628063,1244928.897451,1617832.70636,5678214.06119,1317168.535491,0.9869918118045473,0.43159049138779726,0.5003984142482019,1,-3.324729360095535,0.5771543086172448,중립,,0.0,,25.0,관찰,25.0
2026-10-06T16:31:16+09:00,IN,KRW-IN,,48.7,-1.8145161300000001,612021424.9918555,1791271846643,False,False,,618411049.6955235,623358432.4905313,369063531.05256236,1284315748.6678302,1197525625.316245,0.9920633418316949,0.8148646807826477,0.6762915040896453,1,-1.7821782178217838,-3.125,중립,,,,,,,,,,,,,,NO_DATA,,0.0,,25.0,관찰,25.0
2026-10-06T16:31:16+09:00,ZBT,KRW-ZBT,ZBTUSDT,119.0,0.0,579183662.5280763,1791271875935,False,False,,514464073.767092,593329842.6128178,558015578.3677182,1206043273.1749878,840315363.292076,0.8670793828632849,0.654704175483525,0.5874633933728549,1,0.0,0.0,중립,404519.77619,1.503,415205.74607,254418.628,273246.75009,792369.3897,477964.80252,1.6319785596438323,0.9436245685372442,0.940033434903422,2,1.0344827586207028,0.5720823798627039,중립,,0.0,,25.0,관찰,25.0
2026-10-06T16:31:16+09:00,DOS,KRW-DOS,,289.0,0.0,528302195.271764,1791271598018,False,False,,397609146.85606664,439343949.19352615,430404877.6578312,1168466346.3163924,845918372.4131896,0.9050065389222516,0.5852313613750276,0.5228177847091304,1,-1.3651877133105783,-0.6872852233676952,중립,,,,,,,,,,,,,,NO_DATA,,0.0,,25.0,관찰,25.0
2026-10-06T16:31:16+09:00,PRL,KRW-PRL,,155.0,-0.64102564,381169689.5261199,1791271554854,False,False,,468851380.7272711,493520482.74092966,342744111.2639745,895362777.7067995,513359560.53143734,0.9500140260103278,0.8122729896510256,0.7899796792091489,1,-1.8867924528301883,-1.8867924528301883,중립,,,,,,,,,,,,,,NO_DATA,,0.0,,25.0,관찰,25.0
2026-10-06T16:31:16+09:00,COW,KRW-COW,COWUSDT,210.0,-1.4084507,199008965.43411225,1791268945942,False,False,,202437410.82944134,236479564.30950212,120725938.94999734,344283260.7376391,536060185.9431351,0.8560461087643635,0.8657476265589925,0.35311027340561985,1,-0.4672897196261627,-5.752212389380529,중립,279329.48262,-2.457,275144.41868,245349.00779,156679.7855,715108.76221,532440.77604,1.1214409267776726,0.7388823802191117,0.4611291339660296,3,-0.18987341772152,-5.000000000000004,중립,,0.0,,25.0,관찰,25.0
2026-10-06T16:31:16+09:00,KAT,KRW-KAT,KATUSDT,6.42,-1.98473282,280282295.18843526,1791271848972,False,False,,285579607.254911,345969269.5939652,216568984.1277997,553633599.7121161,511207143.20382804,0.8254479005897594,0.7675689179305074,0.6322857866129444,1,0.1529051987767538,-4.796511627906974,중립,401498.77263,-2.669,393359.21628,251048.76847,205391.55618,767846.31064,638270.97887,1.5668637559040879,0.9638900032266314,0.7773133370978906,3,0.8333333333333304,-4.158415841584162,중립,,0.0,,24.9,관찰,24.9
2026-10-06T16:31:16+09:00,TRX,KRW-TRX,TRXUSDT,455.0,0.22026431999999999,1657206786.9374666,1791271843799,False,False,,1588717032.014298,1619388548.1418867,1898759656.661378,3579381331.044195,2606326074.707076,0.9810598165815229,0.671522544847544,0.641126727556665,1,-0.219780219780219,-1.089324618736387,중립,24164003.11544,0.358,23153628.51717,12645789.77636,19976257.08452,25682082.7323,35090235.10203,1.8309357443576457,1.1913544724220535,0.8912540924366045,2,0.4182850313713793,-0.38529934795493714,중립,,0.0,,24.8,관찰,24.8
2026-10-06T16:31:16+09:00,MOCA,KRW-MOCA,,13.8,-2.12765957,156909758.43441615,1791271608357,False,False,,130500539.93643324,142417580.20838875,267045671.31030774,207009207.68576095,184539999.82038543,0.9163232498788547,0.635067494036186,0.6155861168376868,1,0.7142857142857117,-2.758620689655178,중립,,,,,,,,,,,,,,NO_DATA,,0.0,,24.8,관찰,24.8
2026-10-06T16:31:16+09:00,MOC,KRW-MOC,,30.7,0.0,167275902.01666042,1791271863680,False,False,,66252674.39099875,70779903.06038383,116713356.68587719,225180053.70261124,120043223.0762675,0.9360379362836538,0.4816352710377556,0.4970207224777196,1,0.0,1.320132013201314,중립,,,,,,,,,,,,,,NO_DATA,,0.0,,24.7,관찰,24.7
2026-10-06T16:31:16+09:00,T,KRW-T,TUSDT,7.33,-2.78514589,4944687808.158627,1791271739698,False,False,,623463303.5961863,821810707.7498016,2322515492.4140644,1089391982.6319387,797120448.607119,0.7586458751593661,0.44178422607085677,0.5273874383629013,1,1.3440860215053752,0.13280212483399723,중립,1095547.428132,-0.733,406840.376207,99662.843709,396538.793442,334917.6675,269155.332495,4.0821670450715875,1.468526987390235,1.3781175094723064,2,2.3809523809523947,0.7207207207207134,일회성 폭증형,,0.0,,24.5,관찰,24.5
2026-10-06T16:31:16+09:00,ALGO,KRW-ALGO,ALGOUSDT,171.0,-1.15606936,1810860562.220389,1791271832511,False,False,,1994444028.8969197,2466330653.874582,2390075252.950801,4327763056.448983,3633006013.3072085,0.8086685480568744,0.6514832327907831,0.5867294125425693,1,0.0,2.3668639053254337,중립,4005624.9471,-3.797,3879786.6424,4155448.4322,3746532.8731,6922238.6062,7303745.5915,0.9336625651123631,0.785158342002919,0.6918472911749812,1,0.3144654088050203,2.986279257465685,중립,,0.0,,24.5,관찰,24.5
2026-10-06T16:31:16+09:00,CFG,KRW-CFG,CFGUSDT,201.0,-3.8277512,1575629872.9569836,1791271740690,False,False,,1815748648.9370987,2033802057.0429645,950759922.236608,1636319600.4206183,1401601713.2321749,0.8927853340738069,1.178832621623842,1.1099320311712173,1,5.555555555555558,2.450980392156854,중립,2457773.10027,-4.118,2712671.70281,1780987.15314,1440954.15612,2423155.2748,1808612.59223,1.5231281696936319,1.4416077718509244,1.2562068874814718,3,6.3742289239205,3.743315508021383,고수준 유지형,,0.0,,24.5,관찰,24.5
2026-10-06T16:31:16+09:00,JPYC,KRW-JPYC,,8.53,0.58962264,1058888913.5919355,1791271833482,False,False,,610218024.3982232,641664357.7939078,477043895.1854716,1265839473.169068,1058681871.7023259,0.9509925508348328,0.7677154259149872,0.7090804846807252,1,-0.46948356807510194,-1.1655011655011593,중립,,,,,,,,,,,,,,NO_DATA,,0.0,,24.5,관찰,24.5
2026-10-06T16:31:16+09:00,RED,KRW-RED,REDUSDT,225.0,-3.43347639,393706195.15979314,1791271810054,False,False,,402164242.25551546,480457023.3268088,773353626.8115404,658061036.027988,1920902697.501612,0.8370451939089705,0.6310531901781503,0.23443999756141745,1,1.7467248908296984,-2.9166666666666674,중립,422359.96367,-3.882,518460.68362,321357.83735,951692.33221,567971.59148,1327479.93684,1.6133438284728363,0.8448471841969749,0.4648406871808287,2,2.021403091557672,-2.7762039660056637,중립,,0.0,,24.4,관찰,24.4
2026-10-06T16:31:16+09:00,CASHCAT,KRW-CASHCAT,,206.0,-3.7383177599999997,1483683932.486647,1791271714224,False,False,,1802063686.1095088,1840004486.2479036,5212029574.204098,5684540918.640027,3660898042.074967,0.9793800501998977,0.4244619190954526,0.34649570631564425,1,1.904761904761898,-6.550218340611358,중립,,,,,,,,,,,,,,NO_DATA,,0.0,,24.3,관찰,24.3
2026-10-06T16:31:16+09:00,BSV,KRW-BSV,,27010.0,-0.66200809,474784747.3859721,1791271767185,False,False,,505075385.1015281,618480951.5492165,447560746.2431008,2574539048.030524,807172019.9391148,0.8166385461611683,0.4162045182058211,0.47511013864113216,1,1.911544227886064,0.44329516069450126,중립,,,,,,,,,,,,,,NO_DATA,,0.0,,24.2,관찰,24.2
2026-10-06T16:31:16+09:00,ALT,KRW-ALT,ALTUSDT,10.6,-2.75229358,203484554.33811867,1791271557743,False,False,,210932261.35146916,240853925.02156833,163587741.3224632,359109371.1594401,111243706.47318831,0.8757684199357777,0.8287550575838624,1.0343139404229007,1,0.92592592592593,2.8301886792452935,중립,316030.36687,-1.264,366689.41022,267579.43501,297039.59599,770118.08422,318953.25048,1.3703945903252843,0.8241834426539338,0.8383283014759884,2,1.6497461928933976,3.891050583657596,중립,,0.0,,24.2,관찰,24.2
2026-10-06T16:31:16+09:00,LSK,KRW-LSK,LSKUSDT,348.0,1.1627907,11482348793.964819,1791271860327,False,False,,1351595139.7339742,1458292855.2658813,1020611024.5242027,2341746148.415004,2162649187.7377563,0.9268338213777687,0.8411283531220528,0.6330541856514815,1,-8.510638297872342,-9.234828496042214,중립,3721484.00703,-4.508,2744580.22126,1620688.22043,1707245.23386,3774666.78172,4225621.59977,1.693465891010061,1.1592572283647822,0.9247703609730318,2,-11.168032786885252,-8.960448022401124,중립,,0.0,,24.1,관찰,24.1
2026-10-06T16:31:16+09:00,KAITO,KRW-KAITO,KAITOUSDT,457.0,-2.35042735,952497010.44656,1791271877865,False,False,,969938106.0829109,1010203582.4556446,1615189901.1756525,2034155763.4715042,1605494160.9923124,0.9601412259152212,0.624484078595797,0.6167266944999861,1,2.6315789473684292,-1.2658227848101222,중립,1073136.43409,-3.372,1106858.15422,1103907.42479,2945404.46091,2365581.05415,1779458.10794,1.0026729863064026,0.5176352113426923,0.5073929755683402,2,3.373134328358196,-1.085404170237081,중립,,0.0,,24.1,관찰,24.1
2026-10-06T16:31:16+09:00,ME,KRW-ME,MEUSDT,103.0,-2.83018868,745891080.2857189,1791271608994,False,False,,663689354.1198916,793162082.6138486,2740138898.20079,1503408308.3081434,640644072.372829,0.8367638452064143,0.39531129316110464,0.5209171318758513,1,1.9230769230769162,1.9230769230769162,중립,383207.6468627,-2.114,325601.9697544,236197.8013823,938575.1823168,535082.5572407,242123.5032707,1.378513973664785,0.5712797870200844,0.6980921929778131,2,1.6103896103896176,2.812089356110392,중립,,0.0,,23.9,관찰,23.9
2026-10-06T16:31:16+09:00,PROM,KRW-PROM,PROMUSDT,8435.0,1.38221154,528266707.2506251,1791271871948,False,False,,577090614.4841491,591756973.7949591,993325070.0146778,1566734282.1541624,2319516367.5695124,0.9752155699716489,0.5492933801981746,0.196424601542982,1,-4.2026482440990165,-4.9142857142857155,중립,764600.81656,3.235,750287.73147,524358.0167,686033.69898,1631146.02042,1309004.65364,1.430869191610473,0.7921285597633138,0.5032788618267067,2,-3.564727954971858,-4.386916757091919,중립,,0.0,,23.9,관찰,23.9
2026-10-06T16:31:16+09:00,BLEND,KRW-BLEND,,91.4,-0.9750812600000001,146656812.07180524,1791271768178,False,False,,239617959.166723,280241436.2697295,302901525.83053875,414374185.6612481,293377527.87546426,0.8550411472202605,0.7206431279034319,0.7007777280227665,1,3.1284916201117285,-0.7526881720430145,중립,,,,,,,,,,,,,,NO_DATA,,0.0,,23.9,관찰,23.9
2026-10-06T16:31:16+09:00,DOGE,KRW-DOGE,DOGEUSDT,128.0,-1.53846154,15741081047.631392,1791271872947,False,False,,18898472017.390926,20265390641.826797,7705251501.350028,40397602253.02564,23886764932.82384,0.9325491105207409,0.8292653490356692,0.7416906249116711,1,2.3622047244094446,1.5625,중립,43361044.2356,-2.085,53876318.57131,56229379.40938,27911884.49271,106607464.22099,51416954.06312,0.9581524665079717,0.8473396247740086,0.8301860034883274,1,2.6794361347250772,0.9094754653130366,중립,,0.0,,23.8,관찰,23.8
2026-10-06T16:31:16+09:00,HIVE,KRW-HIVE,HIVEUSDT,78.3,0.12787724,1730980713.5222273,1791271677620,False,False,,349249542.3939234,359269454.3397132,240983752.35335177,632383468.9882694,362618277.8490702,0.9721103149049924,0.8500060462687692,0.8093010382811437,1,2.3560209424083656,1.6905071521456483,중립,425292.0724,1.22,172853.6098,123307.4352,82227.82,193512.8681,134819.0026,1.4018101140424986,1.2994944697688797,1.0843319447167215,3,3.0249110320284656,2.1164021164021163,중립,,0.0,,23.7,관찰,23.7
2026-10-06T16:31:16+09:00,NEWT,KRW-NEWT,NEWTUSDT,67.5,-1.7467248899999999,153429043.2815157,1791271834774,False,False,,191043198.81663635,195851305.48198268,200583562.55343786,391353437.3351179,256033714.01773062,0.9754502189632397,0.7275172689702927,0.7227041341684055,1,1.6272189349112454,3.1531531531531654,중립,268881.479952,-2.538,300837.528127,206811.144927,198614.465178,480037.028017,449470.447546,1.454648530828401,1.0192554101380966,0.855117037880994,3,2.4144869215291687,3.9199673336055563,중립,,0.0,,23.7,관찰,23.7
2026-10-06T16:31:16+09:00,INJ,KRW-INJ,INJUSDT,10220.0,-1.73076923,503159720.3774613,1791271262466,False,False,,543745269.5734411,717279083.737277,915339432.4807373,730090139.7395271,598216115.2157673,0.7580665349118177,0.6904092066565981,0.7545481323866741,1,2.564102564102555,2.970297029702973,중립,7277387.68791,-1.125,8011305.64509,6665001.3697,9228838.4477,12019218.02558,8847264.29564,1.2019960988320995,0.8610277337032932,0.8086617781522454,2,3.0868339820158353,3.6152704707945515,중립,,0.0,,23.4,관찰,23.4
2026-10-06T16:31:16+09:00,DEEP,KRW-DEEP,,31.6,-2.16718266,725614866.9752928,1791271746705,False,False,,805785837.822624,877784318.1611962,1217385803.8748221,1708119774.5703845,1177605845.5575104,0.9179770259630562,0.6355964386582338,0.41949414039649774,1,3.525641025641013,2.8662420382165488,중립,,,,,,,,,,,,,,NO_DATA,,0.0,,23.1,관찰,23.1
2026-10-06T16:31:16+09:00,MOVE,KRW-MOVE,MOVEUSDT,13.2,-2.94117647,1541520649.8046958,1791271867657,False,False,,1876798476.421831,2260715803.3211474,4733943181.427153,5686600172.190113,14979745176.309935,0.8301788635549344,0.443993404723133,0.32761743721808173,1,0.7407407407407307,7.9365079365079305,중립,379165.0178646,-5.081,425017.4162746,461671.7810592,1176994.3032342,1420219.5779038,6161631.6041352,0.9206051435491575,0.4168355373923748,0.21248331969126552,1,1.2994862496222392,8.537506745817591,중립,,0.0,,23.0,관찰,23.0
2026-10-06T16:31:16+09:00,AERO,KRW-AERO,AEROUSDT,1132.0,-1.04895105,482191854.7678204,1791271848610,False,False,,583644267.251472,637003405.0396292,554237047.8745093,472027574.7520653,454353842.93668145,0.9162341404048889,1.0527063423513394,1.0296943775515353,1,6.1224489795918435,1.9607843137254832,중립,4965271.93696,-3.121,5620529.06165,6653853.79821,5912047.07339,5808232.25438,5133076.84364,0.8447028191635376,0.9176806910748163,0.986627411345885,1,6.73902069661787,2.6331755854871908,중립,,0.0,,23.0,관찰,23.0
2026-10-06T16:31:16+09:00,SEI,KRW-SEI,SEIUSDT,99.2,-1.78217822,3481697830.619737,1791271839637,False,False,,4366553110.437951,4398860626.25655,3365618062.9720993,7322425506.520901,4896719792.037279,0.9926554809157269,0.8682801429205359,0.7570589798096368,1,6.991525423728806,0.0,중립,6284944.885775,-2.9,6840139.747436,6366002.273597,3548456.99152,8181325.677291,6039147.172132,1.0744796268461112,1.133988898940648,1.0023440790299034,3,6.828352822289596,0.5981511691136365,중립,,0.0,,22.6,관찰,22.6
2026-10-06T16:31:16+09:00,ASTR,KRW-ASTR,ASTRUSDT,10.2,-1.9230769200000002,198380108.08300707,1791271876572,False,False,,224196735.0290988,285736502.8635318,217003643.4261034,419058642.4737693,346350348.422462,0.7846275599452391,0.7296496950159566,0.7055486687713314,1,4.0000000000000036,4.417670682730912,중립,258584.4425723,-0.879,307749.0317922,454175.0334831,165770.5542218,417171.5192388,411403.0075911,0.6776000640811346,0.8902052518421323,0.77503994879482,1,3.200108020523884,4.3983062423166075,감소형,,0.0,,22.6,관찰,22.6
2026-10-06T16:31:16+09:00,1INCH,KRW-1INCH,1INCHUSDT,143.0,-2.05479452,340589270.41937083,1791271578713,False,False,,275482359.8448655,320849444.27130646,166792442.70339194,344797449.4842711,183767769.8207312,0.8586032008580352,0.9928015692412341,1.093206384884818,1,5.035971223021574,5.797101449275366,중립,699411.08646,-0.659,616891.78665,1030985.13557,766717.85919,797039.09199,369538.0347,0.5983517757595403,0.7132405834862886,0.8982697996890266,1,5.3097345132743445,5.621301775147924,감소형,,0.0,,22.4,관찰,22.4
2026-10-06T16:31:16+09:00,THETA,KRW-THETA,THETAUSDT,319.0,1.5923566900000001,483055221.41716903,1791271484431,False,False,,269908678.84063774,351322147.577438,444110648.73616225,488239485.4476173,204880088.352734,0.76826548141587,0.6307887519476209,0.7244341484784662,1,2.9508196721311553,2.614379084967311,중립,850344.80519,1.691,738399.47914,721137.1306,681398.03786,1037410.95613,505495.68459,1.02393767815788,0.9078882583082583,0.9743591309373006,3,3.9303260384100147,3.652561247216024,중립,,0.0,,22.1,관찰,22.1
2026-10-06T16:31:16+09:00,XTZ,KRW-XTZ,XTZUSDT,449.0,-1.53508772,390676130.17380506,1791271440082,False,False,,457983385.7970629,464300392.4791598,319984641.79282963,730023120.7599479,587869555.5952792,0.9863945695837842,0.9073121298499587,0.8438493809813081,1,6.2937062937062915,5.8004640371229765,중립,750062.34118,-0.06,913718.56574,789523.19138,329452.86638,1076723.52845,651664.51005,1.157304276449334,1.2484201911936013,1.2034526779926613,3,6.620209059233462,6.317119393556547,중립,,0.0,,21.5,관찰,21.5
2026-10-06T16:31:16+09:00,TIA,KRW-TIA,TIAUSDT,628.0,-2.78637771,563098926.9606555,1791271824454,False,False,,629094155.6933221,695284096.916693,872950791.504209,5024539769.035311,799191437.6802341,0.9048015889952081,0.2862652775406954,0.3701996520016078,1,6.075533661740562,7.3089700996677776,중립,4278731.137625,-2.679,4927511.102219,4044206.224218,5764685.766488,13017915.666822,8191790.159367,1.2184124223714132,0.6475952979689609,0.6457990863666906,2,6.885758998435065,8.118498417005892,중립,,0.0,,21.3,관찰,21.3
2026-10-06T16:31:16+09:00,OP,KRW-OP,OPUSDT,181.0,-3.2085561499999997,345301768.9391483,1791271773787,False,False,,415722297.78539586,499036285.1200512,980934633.4656436,366738262.70692927,306557727.5404711,0.8330502413975512,0.6753455855367653,0.794826514319758,1,8.720930232558132,5.649717514124286,중립,6013625.07338,-0.89,6658942.268643,4194462.682557,7295557.859818,9407002.454508,9639741.672416,1.587555492229012,0.9559652017853809,0.8056893880803374,2,8.962264150943389,6.944444444444442,중립,,0.0,,20.7,관찰,20.7
2026-10-06T16:31:16+09:00,ZKC,KRW-ZKC,ZKCUSDT,57.1,-2.89115646,2008608237.2400439,1791271822534,False,False,,4394743738.456893,798528969.4007913,1123470855.0493581,8911325503.485468,1116531910.1765485,5.503549535284447,1.2170068576610398,1.6890207936681616,2,1.9064124783362058,2.4390243902439046,일회성 폭증형,628281.08802,-1.405,869993.20398,270171.92242,207344.15397,1799118.19089,404485.69372,3.2201466243688284,1.1464202438884763,1.406888893626601,3,2.8436018957346043,3.3333333333333215,중립,,0.0,,19.0,관찰,19.0
2026-10-06T16:31:16+09:00,SOON,KRW-SOON,,455.0,-1.51515152,5083556693.314275,1791271876574,False,False,,5449237182.522016,12644457571.514025,20888741684.938396,44194274572.17075,67970165555.52118,0.4309585564823508,0.21032089095819806,0.09512901083705035,1,-7.968127490039844,-31.25,감소형,,,,,,,,,,,,,,NO_DATA,,0.0,,13.0,관찰,13.0
2026-10-06T16:31:16+09:00,CPOOL,KRW-CPOOL,,46.1,-6.86868687,2193349456.9807954,1791271854276,False,False,,1635682434.4463763,2703873543.0437984,1340916354.6625786,2324270381.297625,3987822835.9904747,0.6049404339394732,0.7704507554302024,0.6860498458978264,1,-0.20161290322581182,-0.4024144869215318,감소형,,,,,,,,,,,,,,NO_DATA,,0.0,,13.0,관찰,13.0
2026-10-06T16:31:16+09:00,OPEN,KRW-OPEN,OPENUSDT,162.0,-1.8181818200000002,1664583998.662124,1791271876573,False,False,,2354556016.2854977,6502676238.372361,5625867885.031413,1533634902.2190304,615964525.9791826,0.3620903040491602,0.5170235315763979,0.7863082454259315,1,-4.6242774566473965,-6.25,감소형,1820418.04654,-2.617,2243482.99931,5673132.90728,5790810.99741,1158512.71746,770020.58379,0.3954575075142465,0.533212289762941,0.7920669958900828,1,-4.176516942474395,-5.955143078112912,감소형,,0.0,,13.0,관찰,13.0
2026-10-06T16:31:16+09:00,KITE,KRW-KITE,KITEUSDT,187.0,-2.0942408400000003,976217800.7782867,1791271809411,False,False,,1229015481.8253994,4320170320.339766,1273542651.3768756,1721146228.5628748,3344920627.719736,0.2844831084642843,0.5040488606172089,0.49943751647678625,1,-5.911330049261087,-1.546391752577314,감소형,1103534.12635,-4.782,1206794.37853,3818731.52805,4579787.32736,4455363.1885,4378345.41261,0.3160196965054096,0.2816567884490032,0.30463104453685347,1,-5.305574210879794,-0.5641748942172287,감소형,,0.0,,13.0,관찰,13.0
2026-10-06T16:31:16+09:00,PROVE,KRW-PROVE,PROVEUSDT,289.0,-1.02739726,530141302.2867017,1791271813893,False,False,,324462879.7352819,494431260.53521997,199678787.1916903,530628167.61793965,593618239.4372921,0.6562345580335112,0.794772815129124,0.7113176689389181,1,-2.341137123745818,-11.515151515151512,감소형,1044797.66589,0.187,818500.09328,572162.69515,454474.28441,1484075.94871,922087.23162,1.430537328312569,0.9780091750799865,0.8733502795609425,3,-1.2323140118667197,-10.615448161916563,중립,,0.0,,13.0,관찰,13.0
2026-10-06T16:31:16+09:00,MET2,KRW-MET2,,390.0,-2.98507463,489032492.4467217,1791271809091,False,False,,514883670.8346726,791165917.6762142,428887714.17607176,1591189905.7723372,800844888.4518642,0.650791015299258,0.5494547134856839,0.5212726483352945,1,0.0,-6.944444444444442,감소형,,,,,,,,,,,,,,NO_DATA,,0.0,,13.0,관찰,13.0
2026-10-06T16:31:16+09:00,BTT,KRW-BTT,,0.000504,-0.59171598,263088272.5562616,1791271864009,False,False,,215164139.2932532,378806334.5416653,456376598.4042485,411975047.35047156,818345760.137258,0.5680056526868535,0.5175706911856983,0.3902738687175058,1,0.0,0.19762845849800037,감소형,,,,,,,,,,,,,,NO_DATA,,0.0,,13.0,관찰,13.0
2026-10-06T16:31:16+09:00,WAXP,KRW-WAXP,WAXPUSDT,8.31,-1.7730496500000001,179686184.50299597,1791271812593,False,False,,282277184.87787384,536617414.4422168,1477037421.2531338,917837503.8122447,319216426.6780694,0.5260306081778671,0.28887387601901915,0.3802101853565229,1,-3.0927835051546393,-0.704225352112664,감소형,244586.61231,-0.808,247847.56171,271805.84947,672322.52042,532034.00562,231260.13265,0.9118551429017558,0.5036997944573091,0.6132333143275125,1,-1.8779342723004633,0.0,중립,,0.0,,13.0,관찰,13.0
2026-10-06T16:31:16+09:00,CBK,KRW-CBK,,291.0,-0.34246575,167125668.53361878,1791271863357,False,False,,169131688.93947423,286335253.5495114,259362976.72387668,406875434.7029181,621178215.0314392,0.5906771410186451,0.5326570379531155,0.42300760673287774,1,-2.0134228187919434,-1.016949152542368,감소형,,,,,,,,,,,,,,NO_DATA,,0.0,,13.0,관찰,13.0
2026-10-06T16:31:16+09:00,ARK,KRW-ARK,ARKUSDT,290.0,-2.02702703,2670573641.9992304,1791271878833,False,False,,5110274495.852327,9225575300.408625,23367381481.659386,15591642004.605211,41385144184.68402,0.5539247504300333,0.3181685408532891,0.12704165338058665,1,0.3389830508474523,-22.30971128608924,감소형,1165874.3405,-1.016,1275177.3705,1699911.8694,6600153.7547,3714857.6283,10940473.3871,0.7501432241602536,0.3183983810080388,0.09780684365185424,1,0.6931608133086797,-9.0187891440501,중립,,0.0,,12.9,관찰,12.9
2026-10-06T16:31:16+09:00,MTL,KRW-MTL,MTLUSDT,434.0,-0.4587156,673779462.5806592,1791271758026,False,False,,147587123.3111198,199792347.68591157,289535854.4496258,397334974.2397306,510648117.8954468,0.7387025830595761,0.4993568941741714,0.25781682459753474,1,0.4608294930875667,-2.67857142857143,감소형,349925.22379,-0.062,202685.80956,71524.7212,115580.40495,182865.74211,347273.07638,2.8337867825201672,1.6435278581249881,0.7786207469856368,2,1.222570532915368,-1.9435165502581064,고수준 유지형,,0.0,,12.8,관찰,12.8
2026-10-06T16:31:16+09:00,TFUEL,KRW-TFUEL,TFUELUSDT,14.3,0.0,173678751.0098929,1791271740353,False,False,,209993523.50505984,554176402.3421249,184476794.1832461,258135848.79965788,157237331.23127395,0.37892902443619164,0.6320099257408653,0.7606764202536398,1,0.7042253521126751,0.0,감소형,102555.8751,-0.38,100001.83976,287725.88272,132549.42642,230776.97025,179569.49963,0.347559415978286,0.46080096603161974,0.47269977923382533,1,2.224371373307532,0.8587786259542041,감소형,,0.0,,12.8,관찰,12.8
2026-10-06T16:31:16+09:00,DKA,KRW-DKA,,5.58,-1.76056338,122331787.90562885,1791271844116,False,False,,93158395.24619354,286914352.74263215,64798318.84749182,147992456.755398,127683618.55945624,0.32469060664162197,0.5592802032348506,0.5499192128559518,1,0.7092198581560183,-1.0452961672474004,감소형,,,,,,,,,,,,,,NO_DATA,,0.0,,12.8,관찰,12.8
2026-10-06T16:31:16+09:00,IOST,KRW-IOST,IOSTUSDT,1.15,-3.3613445399999997,672388952.7432033,1791271878518,False,False,,636604182.3736615,861569244.0571847,1091389873.466738,1063191818.1222485,1100504169.1031055,0.738889168531425,0.633195283614622,0.6331843038519568,1,0.8474576271186418,-3.25203252032521,감소형,379126.230847,-0.235,362891.039428,235239.296966,290245.6068,703918.451909,545499.530465,1.542646335490664,0.8855296459527455,0.7968450948508737,2,1.2761020881670415,-2.783964365256131,중립,,0.0,,12.7,관찰,12.7
2026-10-06T16:31:16+09:00,BORA,KRW-BORA,,38.2,-1.54639175,212498120.83529988,1791271837371,False,False,,260813777.16648418,1430891074.4634185,170146286.10943392,527745634.2992205,216907502.72514647,0.18227367674670056,0.3675533548437015,0.4850874469518676,1,0.2583979328165231,1.041666666666674,감소형,,,,,,,,,,,,,,NO_DATA,,0.0,,12.7,관찰,12.7
2026-10-06T16:31:16+09:00,BLUR,KRW-BLUR,BLURUSDT,28.2,-1.05263158,628853774.9892277,1791271614729,False,False,,800232497.8958299,1155062231.264308,2847802593.0821857,1504365884.7915676,1526719648.344635,0.6928046612864412,0.4359173640036634,0.2800654912797938,1,1.0638297872340496,-1.041666666666674,감소형,264438.766706,-3.44,258576.8193,325211.161345,850093.014932,617562.073731,676086.788144,0.7951043815058026,0.43267614519294934,0.23069179932592335,1,1.6867469879518149,-0.4247286455875354,중립,,0.0,,12.6,관찰,12.6
2026-10-06T16:31:16+09:00,TOSHI,KRW-TOSHI,,0.166,-1.7751479300000002,311034894.51929104,1791271839966,False,False,,374911241.53929037,1289754609.6096926,1286285332.7931154,600961879.3305691,816064116.9624174,0.29068416483717513,0.35402363225722505,0.16807567720307806,1,1.1976047904191711,-0.588235294117645,감소형,,,,,,,,,,,,,,NO_DATA,,0.0,,12.6,관찰,12.6
2026-10-06T16:31:16+09:00,MLK,KRW-MLK,,58.5,-1.34907251,154819073.97481588,1791271755671,False,False,,132949765.08968677,229812512.1549092,93715211.8370148,203411972.1710319,171434548.555658,0.5785140410460751,0.75691639512715,0.6742789644030254,1,0.679117147707986,1.0221465076660996,감소형,,,,,,,,,,,,,,NO_DATA,,0.0,,12.5,관찰,12.5
2026-10-06T16:31:16+09:00,AZTEC,KRW-AZTEC,,22.8,-2.9787234,354224777.79457164,1791271719024,False,False,,370186787.53708345,539473851.8479086,253944629.54070473,913407795.613291,877013063.8506675,0.6861996856178463,0.6506581118272831,0.46097407133267987,1,1.7316017316017174,-0.8438818565400852,감소형,,,,,,,,,,,,,,NO_DATA,,0.0,,12.4,관찰,12.4
2026-10-06T16:31:16+09:00,ELSA,KRW-ELSA,,73.9,-1.4666666700000002,322661661.66766673,1791271641686,False,False,,369425620.24320245,702534954.2594742,442148503.8233178,503784771.0766363,432702251.08452934,0.5258466045046903,0.672307079460506,0.653308406124076,1,1.7639077340569909,-1.055408970976246,감소형,,,,,,,,,,,,,,NO_DATA,,0.0,,12.4,관찰,12.4
2026-10-06T16:31:16+09:00,VANA,KRW-VANA,VANAUSDT,1466.0,-1.1463250200000001,314890776.80128735,1791271710072,False,False,,316590646.12269664,456549502.6199587,336251548.9765071,413840835.215915,272761378.5906982,0.693442100595679,0.7871199804584347,0.8940749418220801,1,1.36705399863295,0.7472826086956541,감소형,162884.06787,-2.078,242904.60389,188389.90725,209425.08756,333519.34421,314351.00811,1.2893716411657716,0.9964167861261491,0.8788589060886497,2,1.9534883720930374,1.2003693444136765,중립,,0.0,,12.4,관찰,12.4
2026-10-06T16:31:16+09:00,PROS,KRW-PROS,,967.0,-3.7810945300000003,2141867498.9441543,1791271866323,False,False,,5087579516.14981,15326250758.06848,530123745.2789107,2548081934.3669853,8646797577.465675,0.3319519950742984,0.8292958067032644,0.7778392540521932,1,-1.6634050880626194,3.182751540041062,감소형,,,,,,,,,,,,,,NO_DATA,,0.0,,12.3,관찰,12.3
2026-10-06T16:31:16+09:00,BIGTIME,KRW-BIGTIME,BIGTIMEUSDT,12.4,-0.8,711165105.533387,1791271806211,False,False,,811663428.6751593,2603079767.9925003,4397476207.06238,1889365024.2438533,353060188.2044791,0.31180889600671574,0.2739046034512071,0.4127779373249271,1,0.0,3.3057851239669533,감소형,395254.26495,-1.94,445337.50253,518951.18518,1514205.27612,790124.75662,290366.83941,0.8581491193155927,0.4732126927739357,0.6604580937379175,1,1.091703056768556,4.75113122171944,중립,,0.0,,12.3,관찰,12.3
2026-10-06T16:31:16+09:00,CHZ,KRW-CHZ,CHZUSDT,22.7,-1.30434783,1549509609.8962476,1791271719652,False,False,,1809978179.748648,2779292375.5296054,5937314472.620069,3650836020.8539796,1131943849.6126337,0.6512370543252936,0.43905070730950463,0.5865023899971296,1,-0.43290043290044045,3.603603603603611,감소형,1208962.23489,-1.703,1239490.93475,1408386.82443,5161631.60294,2501972.76347,1082302.75768,0.8800784793280388,0.40988496637921634,0.5357438751263529,1,0.769686204854958,4.674046740467408,중립,,0.0,,12.2,관찰,12.2
2026-10-06T16:31:16+09:00,WAVES,KRW-WAVES,,402.0,-2.42718447,458013288.614936,1791271629363,False,False,,522412467.8300607,776333163.3952507,724722575.0105822,3349165146.5957913,2882477103.787814,0.6729230341588376,0.3231270164079666,0.2679965583322358,1,1.4778325123152802,1.4778325123152802,감소형,,,,,,,,,,,,,,NO_DATA,,0.0,,12.2,관찰,12.2
2026-10-06T16:31:16+09:00,TRAC,KRW-TRAC,,558.0,-5.902192240000001,1281029111.2622194,1791271875272,False,False,,1908548795.8421776,3935705977.0837984,21029278564.46849,22182028643.37315,40691072330.110794,0.48493175225867263,0.12144239901409541,0.08510512041416426,1,1.0221465076660996,2.772963604852685,감소형,,,,,,,,,,,,,,NO_DATA,,0.0,,12.0,관찰,12.0
2026-10-06T16:31:16+09:00,LINEA,KRW-LINEA,LINEAUSDT,3.87,-1.0230179000000001,210637512.73649833,1791271874957,False,False,,264618273.58420038,375239054.55073905,335865225.06738585,434226596.5425455,551315240.3235275,0.7051991800294317,0.6931226925565193,0.549918641456207,1,3.16622691292876,-1.7587939698492372,감소형,580067.247154,-1.279,640000.50583,450576.506078,364834.276925,1353509.353794,958884.230438,1.4204036322284601,0.8852338474414295,0.7704195200007878,3,4.088952654232414,-0.6164383561643727,중립,,0.0,,11.9,관찰,11.9
2026-10-06T16:31:16+09:00,ZETA,KRW-ZETA,,68.2,-0.8720930199999999,398933282.73325616,1791271877549,False,False,,499737175.84009546,1764022671.0869906,569886464.6100688,4510679275.00947,11405982480.784832,0.28329407780919136,0.21903603804359814,0.13020385321418582,1,3.6144578313252795,-2.824858757062143,감소형,,,,,,,,,,,,,,NO_DATA,,0.0,,11.7,관찰,11.7
2026-10-06T16:31:16+09:00,MASK,KRW-MASK,MASKUSDT,662.0,0.15128592999999999,260020000.7587301,1791271610336,False,False,,335672456.83305824,623567135.4294308,675340843.4640515,1235482936.5579689,172045512.06680274,0.5383100515743044,0.39734098017779335,0.5549707959437333,1,-1.6369047619047672,5.254777070063699,감소형,402284.732,-0.609,380667.0469,326320.7029,424866.1626,982199.4233,297636.4224,1.1665427400622335,0.6588266839762486,0.8032024351389795,2,-0.6085192697768749,5.831533477321815,중립,,0.0,,11.7,관찰,11.7
2026-10-06T16:31:16+09:00,PUNDIX,KRW-PUNDIX,PUNDIXUSDT,164.0,-2.38095238,188444576.50475386,1791271576334,False,False,,164005260.63818887,394182439.91099614,346476886.88698053,579945377.5693543,1449015823.849479,0.41606434998783864,0.3725685515790126,0.07880400521935453,1,3.703703703703698,-1.7543859649122862,감소형,154971.298,-1.38,198789.7864,130153.40705,139419.47341,331024.6518,495606.29635,1.5273498474276015,0.9929600558895244,0.4456259567283773,2,4.006677796327218,-0.5586592178770888,중립,,0.0,,11.7,관찰,11.7
2026-10-06T16:31:16+09:00,TOKAMAK,KRW-TOKAMAK,,506.0,-1.171875,171650382.9322075,1791271843166,False,False,,409384955.0526688,2068849170.057277,443516147.3716972,236183686.81840667,183531915.4556941,0.19788052264889605,0.4468375361909565,0.6535279988210402,1,2.8112449799196693,1.9920318725099584,감소형,,,,,,,,,,,,,,NO_DATA,,0.0,,11.6,관찰,11.6
2026-10-06T16:31:16+09:00,TAIKO,KRW-TAIKO,,122.0,-3.17460317,276449575.35669667,1791271420693,False,False,,372822525.5114206,548439123.018974,218291500.9466728,369377723.82231957,356222726.78254354,0.6797883481746475,0.9844726330124662,0.9544561563000509,1,3.2786885245901676,2.4390243902439046,감소형,,,,,,,,,,,,,,NO_DATA,,0.0,,11.3,관찰,11.3
2026-10-06T16:31:16+09:00,FLOCK,KRW-FLOCK,,90.3,1.68918919,2694896883.0606694,1791271866010,False,False,,2437561891.869028,3978950182.014581,3084698120.6526027,5819233898.635085,6260049721.767917,0.6126143279921306,0.5676280789766035,0.43648065479807435,1,1.2542759407069504,-1.442841287458374,감소형,,,,,,,,,,,,,,NO_DATA,,0.0,,11.2,관찰,11.2
2026-10-06T16:31:16+09:00,OPG,KRW-OPG,OPGUSDT,180.0,-1.6393442599999999,402525419.6125205,1791271880437,False,False,,367169226.70787,715873533.1614984,306028182.3350754,596797559.6774409,225609811.47142154,0.5128967753373248,0.680489388620499,0.9108496342775658,1,1.104972375690605,6.3953488372092915,감소형,576039.86732,-3.202,700107.43537,588940.80174,1114158.22886,1047054.2437,646875.65915,1.188756889150086,0.7637109995785955,0.9108294226845512,2,1.6566265060240948,7.398568019093088,중립,,0.0,,11.2,관찰,11.2
2026-10-06T16:31:16+09:00,DRV,KRW-DRV,,550.0,-0.72202166,2152029189.50636,1791271834137,False,False,,3302037940.7962365,16084033966.887653,2669554280.9844375,11243685345.917162,18994324398.019337,0.20529911510969026,0.33023380579626105,0.2986477904686367,1,2.02578268876612,5.523809523809531,감소형,,,,,,,,,,,,,,NO_DATA,,0.0,,11.1,관찰,11.1
2026-10-06T16:31:16+09:00,META2,KRW-META2,,8065.0,-2.1831413,1773181893.2937584,1791271875273,False,False,,2805123393.0849586,27389551554.99147,669845922.919582,1445607736.9412858,8149322741.818998,0.10241582040702499,0.28521839321752485,0.36017299880585896,1,3.2561051972448407,3.2561051972448407,감소형,,,,,,,,,,,,,,NO_DATA,,0.0,,11.1,관찰,11.1
2026-10-06T16:31:16+09:00,ETHFI,KRW-ETHFI,ETHFIUSDT,989.0,-1.29740519,679662991.8197771,1791271864323,False,False,,684175578.4474899,954708948.1590344,669978475.3860552,1280417257.2350612,1341932722.1885378,0.7166326237611849,0.7065241913387005,0.6260315349259056,1,5.362776025236604,-6.17977528089888,감소형,4487919.1009,-4.674,4467545.24119,3564432.16855,3293118.05204,9463294.0601,6067214.02894,1.2533680064410888,0.8211974511286358,0.7521705893513326,3,6.1148503508520635,-5.641156246020628,중립,,0.0,,11.1,관찰,11.1
2026-10-06T16:31:16+09:00,FCT2,KRW-FCT2,,13.2,2.3255814,487303782.09782976,1791271611354,False,False,,49947626.0337178,98569118.56828557,198286256.97091028,1081251278.4378188,791665436.4731266,0.5067269217702872,0.10873097351988595,0.10504690538329334,1,-2.2727272727272596,0.0,감소형,,,,,,,,,,,,,,NO_DATA,,0.0,,11.1,관찰,11.1
2026-10-06T16:31:16+09:00,GMT,KRW-GMT,GMTUSDT,11.9,-1.6528925600000002,426755352.7867935,1791271868339,False,False,,578297520.663897,1905107600.6402328,969498049.0319927,1722530829.47944,1170444683.0441892,0.3035511067561505,0.37738548112712117,0.4591287650078962,1,3.418803418803429,3.418803418803429,감소형,473163.540432,-2.431,547280.779444,1832195.312087,1230031.675674,1599412.63769,568523.396255,0.2987022048542458,0.35220275916827365,0.4920999503088926,1,4.171494785631502,4.292343387470998,감소형,,0.0,,11.1,관찰,11.1
2026-10-06T16:31:16+09:00,WLFI,KRW-WLFI,WLFIUSDT,76.3,2.69179004,2094105286.3255327,1791271850308,False,False,,768852610.3566173,1443978824.102513,1390391307.4364738,2210035819.167984,1986271934.5487258,0.5324542143715217,0.4572506363700941,0.3838984903260019,1,-1.458885941644572,-1.196808510638303,감소형,4975759.24128,2.174,3305233.34243,2979743.44731,2239412.21772,8127576.44885,5365768.60936,1.1092342011570961,0.7429309244154318,0.6094297576417665,3,-0.5424954792043413,-0.36231884057971175,중립,,0.0,,10.8,관찰,10.8
2026-10-06T16:31:16+09:00,ZRX,KRW-ZRX,ZRXUSDT,173.0,0.0,227507740.5539187,1791271732584,False,False,,314404869.8239708,729612828.0714984,310862183.32813406,227371371.42836332,228396848.92218718,0.4309201506982834,0.743950231074544,0.937126530483365,1,4.216867469879526,3.592814371257491,감소형,234117.9017,-0.078,226994.6716,643049.4204,154966.958,149144.6686,158579.4209,0.3529972415787283,0.7189738397254845,0.8983433891758384,1,5.345394736842102,4.742436631234659,감소형,,0.0,,10.7,관찰,10.7
2026-10-06T16:31:16+09:00,CC,KRW-CC,,173.0,1.16959064,1461747520.4240212,1791271852619,False,False,,1352348849.3920774,1948975805.460683,1558749000.156801,3857094598.8252015,2211843173.560329,0.6938766738935582,0.5508684361939543,0.5695436499366796,1,4.268292682926833,0.0,감소형,,,,,,,,,,,,,,NO_DATA,,0.0,,10.6,관찰,10.6
2026-10-06T16:31:16+09:00,BSB,KRW-BSB,,136.0,-2.85714286,213812176.8521097,1791271731595,False,False,,211395736.66282874,850705225.5955215,503508799.55644625,391572006.06269956,355926790.9362567,0.2484946962854787,0.3632674329208816,0.3970354386842891,1,6.060606060606055,1.449275362318847,감소형,,,,,,,,,,,,,,NO_DATA,,0.0,,10.6,관찰,10.6
2026-10-06T16:31:16+09:00,YGG,KRW-YGG,YGGUSDT,38.6,-0.77120823,5248036171.70331,1791271829617,False,False,,393443293.8405938,969223214.2987968,738108813.7443101,1138463871.4555748,82467192.24871556,0.40593672132093733,0.4147626615561958,0.6411441536711084,1,2.910052910052907,7.162534435261714,감소형,2392504.155434,1.898,1227790.461046,1088010.912533,1646586.116024,2201008.573177,287406.421907,1.1284725611690594,0.7462855990446118,1.100592106518176,2,3.711711711711718,7.99249530956847,중립,,0.0,,10.4,관찰,10.4
2026-10-06T16:31:16+09:00,KNC,KRW-KNC,KNCUSDT,196.0,1.03092784,183527114.48645496,1791271782788,False,False,,268794095.6240298,451774653.466318,4826644753.3289585,184348526.2051518,135366073.7907144,0.5949738294560382,0.1476142308738317,0.23342405254913018,1,3.743315508021383,3.1914893617021267,감소형,223419.04034,1.334,223383.39723,137783.64834,1228991.44215,243919.50047,143136.04358,1.621262028704385,0.4160628560195137,0.552661646092386,2,3.976861894432404,4.354136429608135,중립,,0.0,,10.2,관찰,10.2
2026-10-06T16:31:16+09:00,MORPHO,KRW-MORPHO,MORPHOUSDT,3634.0,-0.65609623,1557664076.6322017,1791271623898,False,False,,845314763.2687933,1240482048.1522958,1558034398.0803704,2503751064.843547,2501285809.4969273,0.6814405452524637,0.4782754330121782,0.4094179371188154,1,4.6039462396339825,7.810197465369884,감소형,3426319.42244,-0.556,2421249.88916,3034009.92204,3613469.76071,5184374.76504,4938890.67925,0.7980362462137256,0.6139147248246237,0.5297222393291963,1,5.412772585669767,8.496993987975943,중립,,0.0,,9.7,관찰,9.7
2026-10-06T16:31:16+09:00,W,KRW-W,WUSDT,19.1,-2.55102041,844962570.1156687,1791271871965,False,False,,1226404529.323825,5862107655.315313,849023329.5481235,1158892309.628708,485512550.57148445,0.2092088036308604,0.46749716618327947,0.6487815543662456,1,7.692307692307709,6.521739130434789,감소형,1140403.312944,-3.496,1250118.208218,3412193.270868,992979.810152,1599238.156814,1355665.700361,0.36636793668489726,0.6245998943281711,0.6169524029186153,1,8.402100525131285,7.195845697329362,감소형,,0.0,,8.9,관찰,8.9
2026-10-06T16:31:16+09:00,AXS,KRW-AXS,AXSUSDT,1758.0,0.74498567,8267109936.683143,1791271873277,False,False,,20058740584.903965,90328656211.74347,20471633605.13922,31725038697.108288,997139546.4232591,0.22206397644047055,0.4222142294434684,0.6889163153629446,1,3.745541022592147,11.075747931253987,감소형,4735087.04274,-1.294,6771332.30942,16870970.691,7619251.70117,11376883.30399,1439375.17004,0.40135997112674965,0.566368446351523,0.86149644388053,1,4.61165048543688,11.754537597234215,감소형,,0.0,,8.7,관찰,8.7
2026-10-06T16:31:16+09:00,QKC,KRW-QKC,QKCUSDT,3.96,5.31914894,3644236014.778908,1791271877877,False,False,,189079142.77467272,268914128.57563114,336677077.0877267,1458858107.1264794,10417798525.24314,0.7031208950462224,0.27476452185569517,0.07385278048550126,1,-0.7915567282322011,-0.2652519893899252,감소형,282315.991208,4.799,60151.553411,64643.056496,81545.456811,189246.241027,917880.788186,0.9305183985958658,0.5379724608181691,0.21754988448573215,1,1.302460202604916,0.6470165348669843,중립,,0.0,,8.7,관찰,8.7
2026-10-06T16:31:16+09:00,IOTA,KRW-IOTA,IOTAUSDT,77.7,-1.27064803,1595539686.213357,1791271874952,False,False,,3134825485.9328523,16201168500.466282,822079509.974763,1769437098.599699,2990623695.14122,0.19349378940430312,0.5004328228367042,0.6545669135605536,1,8.10439560439562,7.8082191780821875,감소형,1045682.1659,-3.529,1670609.1387,6576502.3709,538259.0777,1098341.3989,2548062.6844,0.25402699557931974,0.6102233844089214,0.6867038808518159,1,8.785046728971956,8.178438661710041,감소형,,0.0,,8.4,관찰,8.4
2026-10-06T16:31:16+09:00,IMX,KRW-IMX,IMXUSDT,248.0,-2.7450980400000002,517742276.45121884,1791271873952,False,False,,704247050.0531129,1787908807.3594327,4848886217.94718,2547533978.8847814,369512639.55338436,0.3938942786982616,0.23003761616065369,0.3540653949528116,1,5.809128630705396,11.842105263157897,감소형,575703.091695,-1.398,617285.052439,892686.791008,2914787.677865,2046132.386088,591247.815162,0.691491191151128,0.3163613825119689,0.4269085560173394,1,5.387205387205385,12.455089820359277,감소형,,0.0,,8.4,관찰,8.4
2026-10-06T16:31:16+09:00,IO,KRW-IO,IOUSDT,227.0,-2.15517241,165891269.86751598,1791271442783,False,False,,248776486.3622785,696260048.4954176,447881196.1269405,141095857.77274114,119347795.08929835,0.3573039798849177,0.5806939884446347,0.49477083112915216,1,10.476190476190483,4.035874439461873,감소형,1212975.691721,-2.709,1399729.314416,3901791.564048,3175063.732444,1201534.674404,1405648.612581,0.3587401560127983,0.5072469354561593,0.6084998474899466,1,11.608300907911806,5.453431372549011,감소형,,0.0,,8.4,관찰,8.4
2026-10-06T16:31:16+09:00,MANA,KRW-MANA,MANAUSDT,140.0,-2.0979021,1445985213.6380272,1791271875929,False,False,,1737670714.923269,7415099355.465024,16943381724.915022,24157608351.65415,156366517.8488429,0.23434220252795174,0.10744914121886667,0.177509201956844,1,4.379562043795615,17.21311475409837,감소형,2238417.2193,-0.29,2343323.8498,2829502.4575,9496670.1195,14813619.4595,407254.0169,0.8281752304503874,0.25902820257227727,0.41595428227219367,1,4.676616915422871,17.01890989988877,중립,,0.0,,7.7,관찰,7.7
2026-10-06T16:31:16+09:00,SUPER,KRW-SUPER,SUPERUSDT,326.0,2.19435737,475862990.1734643,1791271860340,False,False,,371737102.10398257,1552780143.695631,5601548564.234786,1742955203.7598386,1150546710.0138516,0.23940098900237405,0.12534289310995878,0.18246663587410036,1,0.3144654088050425,17.712177121771223,감소형,1633199.8936,-2.117,1756084.6024,1979370.5081,11946205.8082,7126708.2337,5138053.3043,0.8871934765187885,0.25024618086876466,0.3208858864091305,1,1.1960700555318171,19.345088161209055,중립,,0.0,,7.2,관찰,7.2
2026-10-06T16:31:16+09:00,ESP,KRW-ESP,ESPUSDT,156.0,1.2987013,2552617163.5665026,1791271879489,False,False,,2413849017.462226,11584184625.874586,275019950.7486227,531759763.4051878,1783114644.4079378,0.20837452918961782,0.5844215876720118,0.8067604707060579,1,8.450704225352123,8.450704225352123,감소형,1643385.59814,5.343,1504112.83968,5439391.35402,282278.01279,640400.53305,1843602.83604,0.2765222690896069,0.7092563568248905,0.8355328255958016,1,9.584418088901758,8.032319391634978,감소형,,0.0,,7.1,관찰,7.1
2026-10-06T16:31:16+09:00,EDGE,KRW-EDGE,,154.0,-3.75,2009900600.5722282,1791271852305,False,False,,4285109634.6157045,29362500355.48917,408597902.9340027,979218910.5155672,1072259492.1898253,0.14593817225155437,0.41805516454420294,0.6229170420777446,1,14.28571428571428,5.263157894736836,감소형,,,,,,,,,,,,,,NO_DATA,,0.0,,6.8,관찰,6.8
2026-10-06T16:31:16+09:00,ZAMA,KRW-ZAMA,ZAMAUSDT,113.0,-3.41880342,1314131539.701301,1791271825098,False,False,,1440532662.9610527,2469095435.6665506,3236298962.1312323,3232163520.424805,1556129552.4022105,0.5834252666593142,0.4835323058519093,0.5688150995714436,1,14.705882352941169,9.345794392523366,감소형,3179743.28898,0.469,3509795.37276,5233795.52842,7373777.68472,5707765.93013,3488827.44584,0.6706023102548585,0.5748944115047435,0.6063998297780251,1,14.782143811815018,9.331635900700185,감소형,,0.0,,5.8,관찰,5.8
2026-10-06T16:31:16+09:00,BAT,KRW-BAT,BATUSDT,144.0,0.6993007,520031418.3237677,1791271845062,False,False,,721159811.4277694,4127481109.9279046,1819851401.6534905,2843825060.092779,84508705.49946734,0.17472152923805048,0.2460972194667759,0.38851390301192856,1,11.71875,17.21311475409837,감소형,1061800.4802,2.323,1387887.6391,4388975.8185,984766.1015,3152315.2906,258660.4332,0.31622130002400695,0.4883456461121955,0.7493711826699737,1,11.814345991561193,18.04008908685968,감소형,,0.0,,4.6,관찰,4.6
2026-10-06T16:31:16+09:00,CARV,KRW-CARV,,67.2,-1.75438596,38021767832.06303,1791271877862,False,True,"거래량급등,입금량급등",60319041286.37627,411761392.7189648,206979056.8236832,295921858.95242923,399325904.5771449,146.49027896489847,197.84036379159787,181.6571565485103,3,16.326530612244916,17.728055077452677,가속형,,,,,,,,,,,,,,NO_DATA,,0.0,,58.4,시동,58.4
2026-10-06T16:31:16+09:00,AKT,KRW-AKT,,1008.0,-2.79652845,6467572983.637003,1791271879468,False,False,,13446954933.579714,17176634377.980618,935987312.4574096,1340017020.21614,1444975794.9592226,0.7828631987892738,2.0737991077089477,2.9388686671668687,1,15.478841870824045,18.24401368301025,중립,,,,,,,,,,,,,,NO_DATA,,0.0,,33.9,시동,33.9
2026-10-06T16:31:16+09:00,CHIP,KRW-CHIP,CHIPUSDT,72.7,2.68361582,5228133181.284261,1791271878206,False,False,,2929529595.6014876,2967260573.5881934,728460359.0957423,2220274117.737307,1489428210.3125777,0.9872842384243056,1.4855639181406481,1.5921167842481694,1,17.607973421926904,19.999999999999996,중립,4776519.65564,8.64,3559302.63111,3467006.91632,763617.47613,3046835.45241,2318953.76838,1.0266211510440153,1.4672575487821762,1.3968176232378404,3,18.78540675277589,21.17429496070273,고수준 유지형,,0.0,,19.1,시동,19.1
2026-10-06T16:31:16+09:00,BEAM,KRW-BEAM,,3.34,-1.47492625,11423844931.74807,1791271870318,False,False,,22724708160.131466,50893666353.02065,223206660.577595,585577280.1471372,320970427.43676424,0.4465134817071929,1.318585948887642,2.173813501373859,1,15.306122448979597,25.09225092250924,감소형,,,,,,,,,,,,,,NO_DATA,,0.0,,10.5,시동,10.5
2026-10-06T16:31:16+09:00,PUMP,KRW-PUMP,PUMPUSDT,8.53,-2.29095074,4088066491.7133913,1791271866342,False,False,,6480707199.913941,10704000442.160408,11673626017.31161,9920118760.194832,4677429348.938793,0.6054472096607956,0.6019652909981797,0.6927833226162018,1,19.425444596443242,8.447204968944089,감소형,24672514.151331,-2.022,30308201.10609,42312961.433968,37759950.394913,55404798.609276,34874415.395584,0.716286454054695,0.6711406845023069,0.6721963504110956,1,20.096582466567625,9.130801687763723,감소형,,0.0,,4.3,시동,4.3
2026-10-06T16:31:16+09:00,ATH,KRW-ATH,,9.85,-3.4313725500000003,1171279242.4201274,1791271834780,False,False,,1327119688.1647084,9106214000.776157,17753811652.827282,6872792327.649704,558695021.5622308,0.14573781025260255,0.11802628131177023,0.1894238210179004,1,12.211221122112214,25.615763546798043,감소형,,,,,,,,,,,,,,NO_DATA,,0.0,,3.1,시동,3.1
2026-10-06T16:31:16+09:00,SENT,KRW-SENT,SENTUSDT,35.0,3.8575667700000005,920588760.0218797,1791271876896,False,False,,422815601.1469798,1574548402.2677085,253566995.3502988,315894914.07653916,167714413.8347954,0.26853134558329805,0.5916234621271043,0.803625428860087,1,15.017064846416384,17.013888888888907,감소형,2337400.49063,11.078,1344323.17983,3527577.28671,790733.61119,717985.35721,740800.55103,0.3810896461134052,0.8007808387757194,0.9889322545304028,1,16.511627906976756,17.716165413533822,감소형,,0.0,,0.9,시동,0.9
2026-10-06T16:31:16+09:00,ZRO,KRW-ZRO,ZROUSDT,2851.0,-2.56322625,6409864905.887261,1791271876899,False,False,,6153323374.855066,9993690912.163496,25736991147.491062,5658275844.746117,3044064496.8704634,0.6157208011472267,0.44601195727622917,0.5598899192187122,1,22.941176470588243,23.616392057456693,감소형,23920663.4597,9.969,25183691.72105,13989121.04907,36364951.30287,28453481.49194,24840241.80707,1.8002340270494848,0.9586780895752561,0.9799891717748673,2,24.16953035509737,24.526134405514078,중립,,0.0,,0,시동,0
2026-10-06T16:31:16+09:00,ORCA,KRW-ORCA,ORCAUSDT,3375.0,3.40073529,37958716989.920746,1791271878522,False,True,"거래량급등,입금량급등",31729464950.25717,6441430818.199152,963421459.3672208,859418854.4944104,1053387312.5792247,4.925841143959978,11.518062915614347,15.813235898055012,4,36.68341708542713,45.38975501113587,연속 가속형,16987514.85542,22.792,13744645.86346,7161192.31785,1256261.5906,1296068.37312,1446157.23108,1.9193236619550174,4.245003655225604,5.667500242243999,3,37.60683760683761,46.098003629764065,가속형,,0.0,,61.3,이미 발동,61.3
2026-10-06T16:31:16+09:00,FLUID,KRW-FLUID,,2672.0,-5.248226949999999,39460177213.36365,1791271879788,False,True,"거래량급등,입금량급등",27724738941.870705,1022128299.9108783,574073063.894377,1069293089.8596888,146040617.99614674,27.1245194407474,31.204047981135737,44.80599690149166,3,29.120879120879128,40.929535232383806,가속형,,,,,,,,,,,,,,NO_DATA,,0.0,,53.0,이미 발동,53.0
2026-10-06T16:31:16+09:00,API3,KRW-API3,API3USDT,508.0,18.13953488,12665718299.417892,1791271879468,False,True,거래량급등,3591323591.554529,658449402.3797809,770016846.746852,461812440.697937,451793886.16957325,5.454213457518066,5.6996731924558075,4.46215169254063,2,13.456464379947231,9.414758269720092,일회성 폭증형,11412078.301562,27.731,6093507.576184,954315.743477,1842517.521882,871105.333528,588694.611034,6.385211202722718,4.983868250711461,5.607109081939012,2,13.598851811984215,9.588092765662859,일회성 폭증형,,0.0,,20.2,이미 발동,20.2
2026-10-06T16:31:16+09:00,SAND,KRW-SAND,SANDUSDT,88.5,-6.1505832400000005,35077041689.458015,1791271878520,False,False,,44054569457.363266,63451260250.983315,180751874901.55615,229584594584.27567,2000674342.6598895,0.6943056652161695,0.2789513110554922,0.46103619663785855,1,0.2125398512221155,57.95644891122276,감소형,15151744.7528,-10.303,18351155.72156,26656079.60105,59433145.30251,63483037.0873,1709138.47007,0.6884416611975129,0.3680727056734904,0.5995219620983849,1,0.9252566141390695,59.09298085688239,감소형,,0.0,,5.9,이미 발동,5.9
2026-10-06T16:31:16+09:00,RVN,KRW-RVN,RVNUSDT,3.35,-1.75953079,13313726349.602985,1791271870322,True,True,거래량급등,12788599064.172958,1167252495.3460958,1172438736.1500592,5218216112.505917,11826452103.619108,10.956154829535043,5.076246035612733,3.117750699404502,2,0.887573964497057,3.963414634146356,일회성 폭증형,9324705.9071756,2.112,8747567.6429274,334059.7542911,386703.2029598,651474.5322054,516341.8310093,26.185637541075245,19.124024179794077,17.70656144541453,2,4.431188751597781,3.767993226079591,일회성 폭증형,,0.0,,0,유의종목,0
2026-10-06T16:31:16+09:00,ZIL,KRW-ZIL,ZILUSDT,4.74,1.0660980800000002,9607576549.44631,1791271877552,True,True,거래량급등,16489935912.692007,394531383.6298132,549336472.0975242,1126152346.6733963,1433356946.9051814,41.7962590478339,23.89822460703656,20.82045341959272,2,4.454342984409809,6.108597285067874,일회성 폭증형,952211.165406,0.748,2041152.8008087,169819.1243629,193262.2973372,347413.4578691,375536.6299999,12.019569694911382,8.618582031356771,6.80890572124124,2,3.1881582692855126,2.574985851726108,일회성 폭증형,,0.0,,0,유의종목,0
2026-10-06T16:31:16+09:00,MANTRA,KRW-MANTRA,MANTRAUSDT,6.91,0.58224163,4437084766.619142,1791271876569,True,True,글로벌가격차이,1005128549.3465364,4032899503.9046497,692801900.9790127,1530228430.397484,1948538540.1058996,0.24923223312987886,0.48200439062374734,0.5069445364165452,1,0.1457725947521915,-1.8571428571428572,감소형,480205.97867,0.219,442990.55898,302596.77323,596675.18886,773501.99415,463892.91879,1.463963261244985,0.7944717646891238,0.8456307765201538,2,2.0134228187919323,2.7027027027026973,중립,,0.0,,0,유의종목,0
2026-10-06T16:31:16+09:00,BLAST,KRW-BLAST,,0.306,-4.07523511,4434143003.909664,1791271870318,True,True,글로벌가격차이,5702696462.626582,37972340323.40995,8535818712.640915,13812113698.47939,732004621.9423101,0.15018027369545273,0.28362088916892847,0.4566537483837124,1,-8.857142857142852,-44.80968858131488,감소형,,,,,,,,,,,,,,NO_DATA,,0.0,,0,유의종목,0
2026-10-06T16:31:16+09:00,ICX,KRW-ICX,,20.0,-0.99009901,2284280927.3181734,1791271817097,True,False,,1329686480.2790043,6259587337.315711,3176827492.0588474,17517441454.67985,57369923426.075386,0.2124239839824987,0.14799587112130203,0.07848564128518622,1,-7.339449541284415,6.8783068783068835,감소형,,,,,,,,,,,,,,NO_DATA,,0.0,,0,유의종목,0
2026-10-06T16:31:16+09:00,EGLD,KRW-EGLD,EGLDUSDT,6720.0,-3.30935252,1303823758.209724,1791271863353,True,True,글로벌가격차이,862054268.767453,1438004529.3910868,1145528156.3051655,6069087298.317157,5033233383.488637,0.5994795225940519,0.29888782947599185,0.1797825778699328,1,-1.6277423920736056,-5.82655826558266,감소형,486237.91405,-2.796,436055.89769,256616.7123,311642.52209,858019.37836,576906.69252,1.6992498024845126,0.9171894476828263,0.8308520114831861,2,2.29449766094898,1.9991115059973419,중립,,0.0,,0,유의종목,0
2026-10-06T16:31:16+09:00,SOPH,KRW-SOPH,SOPHUSDT,5.24,-1.5037593999999999,879211799.3075255,1791271863359,True,False,,1756726314.3516705,1923324709.8212464,756262245.3354429,1776107977.428242,2368617569.201894,0.913379995266083,1.1827961794497373,1.126577273860574,1,2.5048169556840083,3.70370370370372,중립,230879.12951,-1.305,303604.74502,260361.1229,290032.997,715381.29874,1197379.58698,1.1660909341545938,0.7195701714910969,0.47139998993347515,2,1.866666666666661,3.8043478260869623,중립,,0.0,,0,유의종목,0
