scan_time_kst,coin,upbit_market,binance_symbol,upbit_price,upbit_price_24h_pct,upbit_24h_trade_krw,upbit_timestamp_ms,warning,caution_any,caution_types,upbit_D1_trade_krw,upbit_D2_trade_krw,upbit_D3_trade_krw,upbit_D4_trade_krw,upbit_D5_trade_krw,upbit_d1_vs_prev_x,upbit_d1_vs_3davg_x,upbit_d1_vs_5davg_x,upbit_rise_streak,upbit_price_3d_pct,upbit_price_5d_pct,upbit_supply_pattern,binance_24h_quote_usdt,binance_price_24h_pct,binance_D1_quote_usdt,binance_D2_quote_usdt,binance_D3_quote_usdt,binance_D4_quote_usdt,binance_D5_quote_usdt,binance_d1_vs_prev_x,binance_d1_vs_3davg_x,binance_d1_vs_5davg_x,binance_rise_streak,binance_price_3d_pct,binance_price_5d_pct,binance_supply_pattern,overseas_lead,overseas_lead_score,overseas_lead_reason,raw_signal_score,state,score
2026-10-02T03:51:17+09:00,LIT,KRW-LIT,,5330.0,-0.9293680299999999,6024462517.778979,1790880662306,False,True,거래량급등,18666840932.308918,7723092419.460458,2644367223.389924,1892470249.719269,2210687164.039057,2.417016386502468,4.567768599628524,5.021801969469356,4,-14.940711462450595,-17.925247902364603,연속 가속형,,,,,,,,,,,,,,NO_DATA,,0.0,,79.0,발사 전,79.0
2026-10-02T03:51:17+09:00,SOMI,KRW-SOMI,SOMIUSDT,284.0,-6.8852459,2620093370.925808,1790880665437,False,True,"거래량급등,입금량급등",17317693731.270782,256298340.3805838,209078903.37703896,206529955.53623167,420368634.5193351,67.56849734397541,77.32181058398065,69.77443550956215,4,3.3898305084745672,8.92857142857142,연속 가속형,1399845.45623,-6.446,4103252.39703,632159.50093,489960.56126,376117.86315,684427.35608,6.490849842474106,8.21615644811321,8.075576765702847,4,3.310344827586209,7.976934166266214,연속 가속형,,0.0,,75.8,발사 전,75.8
2026-10-02T03:51:17+09:00,RED,KRW-RED,REDUSDT,244.0,1.66666667,2027034397.7471616,1790880580076,False,True,거래량급등,4744350817.635605,883550296.2216319,607811882.480631,453305584.49506223,884460140.9396214,5.369644306525727,7.3190149609440445,4.713053789387246,4,3.8961038961038863,2.127659574468077,연속 가속형,1600509.61856,1.246,2408255.0052,620940.0312,477594.78407,606508.8524,554588.43753,3.878401913540536,4.237290312612865,3.2450195470699854,3,3.397773872290566,1.9053117782909856,가속형,,0.0,,75.8,발사 전,75.8
2026-10-02T03:51:17+09:00,COMP,KRW-COMP,COMPUSDT,32570.0,-3.15194767,412154873.794805,1790880680506,False,False,,3955852672.5696416,816899303.5832723,303365820.4586935,2210952578.26587,385799337.338533,4.842521783551005,3.562528504062401,4.178076557068131,3,1.2951807228915646,2.5617566331198605,가속형,1530486.59327,-2.567,3506527.12811,2091047.49318,1296606.91503,2284364.44862,871656.12567,1.6769237138547162,1.8546449949937622,2.1921256682600614,3,1.1851246424193107,2.0189534404614795,가속형,,0.0,,75.0,발사 전,75.0
2026-10-02T03:51:17+09:00,BERA,KRW-BERA,BERAUSDT,325.0,-6.06936416,4510546753.26395,1790880632001,False,True,"거래량급등,입금량급등",19253446402.490276,5065138101.314943,1962147803.3017795,1239795580.2880137,1679268793.045924,3.8011690929990545,6.986787212989036,8.210501486495684,4,7.453416149068315,7.78816199376946,연속 가속형,3208508.4914848,-6.39,8859291.6821917,4525129.4716942,1004651.1138756,1009596.458614,1076542.7388063,1.9577984978349796,4.064282402895514,5.214683956873774,3,6.677866442671143,7.218235542422957,가속형,,0.0,,74.7,발사 전,74.7
2026-10-02T03:51:17+09:00,O,KRW-O,,730.0,-3.6939314000000003,569393226.9459202,1790880487728,False,False,,1603053598.987542,1221300498.0286026,652675738.3301406,397370220.7605367,313539216.55735785,1.3125791740649881,2.1173171454706314,2.5477857711614886,5,3.69357045143639,2.0188425302826385,연속 가속형,,,,,,,,,,,,,,NO_DATA,,0.0,,72.9,발사 전,72.9
2026-10-02T03:51:17+09:00,MIRA,KRW-MIRA,MIRAUSDT,69.8,-1.69014085,1248028893.66261,1790880570610,False,False,,4645017923.221279,1814693886.4941995,2149928583.427451,1332521515.9384596,1415426338.547616,2.5596702329752,2.630673020567548,2.5701383435664185,2,-5.710491367861881,-6.946264744429875,고수준 유지형,699942.03185,-1.898,1470776.720173,1112040.096835,946189.929052,443105.520745,542084.995988,1.3225932449369475,1.7639897080022378,1.9192840896400218,4,-6.184825602301336,-7.41660752306601,연속 가속형,YES,9.0,Binance D2 선행→Upbit D1 확산,62.9,발사 전,62.9
2026-10-02T03:51:17+09:00,PROM,KRW-PROM,PROMUSDT,8940.0,2.17142857,2565042760.185363,1790880586390,False,False,,9218543471.440582,6162472099.968297,4624016925.502995,3859100346.707132,21579936425.72203,1.495916463700989,1.8883248540927908,1.1489036814180524,4,1.8033740546829602,8.225108225108224,연속 가속형,1468944.02454,0.612,3303453.67863,5318482.55699,2120469.58337,1651019.69972,6768657.92465,0.6211271059427131,1.0902521163148926,0.8272786132399423,1,1.6385694028674846,7.552517505835277,감소형,,0.0,,60.7,발사 전,60.7
2026-10-02T03:51:17+09:00,API3,KRW-API3,API3USDT,384.0,-2.29007634,483802961.0145811,1790880231267,False,False,,1682133501.0405512,760299978.207192,800107789.9570355,538929203.3822637,709501841.3636439,2.2124602778590994,2.403806807348411,2.4299510309163392,2,1.81347150259068,2.8795811518324665,고수준 유지형,654720.59873,-1.398,1177100.544084,1492582.054061,814564.524567,666942.564764,611330.942317,0.7886337242775755,1.1873556783252601,1.3648683893728115,1,1.5465729349736446,2.2654867256637123,중립,YES,9.9,Binance D2 선행→Upbit D1 확산,60.0,발사 전,60.0
2026-10-02T03:51:17+09:00,BABY,KRW-BABY,BABYUSDT,18.8,0.53475936,186894612.1024123,1790880532458,False,False,,777763209.1843685,280282245.46619403,424252990.13042885,442023890.03166485,896033971.0459964,2.774928564921097,2.0350364629251168,1.7222648583088547,2,-1.5789473684210575,3.888888888888875,고수준 유지형,1620041.50121,1.172,2973278.57097,102749882.88358,30785849.60607,20114796.07821,51266665.08328,0.02893705070534096,0.058052749938771214,0.05559633601813276,1,-2.7600849256900206,2.921348314606731,감소형,YES,11.7,Binance D2 선행→Upbit D1 확산,55.3,발사 전,55.3
2026-10-02T03:51:17+09:00,MTL,KRW-MTL,MTLUSDT,432.0,-3.57142857,532518754.45533466,1790880501047,False,False,,1464936418.6454394,512420636.10434264,532677902.5713018,516382810.0673916,1062766943.3135656,2.8588552361641013,2.8145128082855804,2.0464714674537263,2,-3.0303030303030276,-6.2761506276150625,고수준 유지형,438760.32609,-4.051,584325.59576,472108.68539,326260.76522,277589.73054,363763.66787,1.237692958936563,1.62922238872147,1.678106587198902,4,-3.515968356284793,-6.793093688083784,연속 가속형,,0.0,,52.7,관찰,52.7
2026-10-02T03:51:17+09:00,CYBER,KRW-CYBER,CYBERUSDT,434.0,-2.2522522499999997,7310650891.09591,1790880627331,False,False,,548943020.5456606,267735457.19932258,280960683.82227117,153565741.99416873,197573201.34109342,2.050318722398378,2.3450355223110098,2.486535992298773,2,-9.202453987730063,-7.883817427385898,고수준 유지형,2068921.14965,0.949,739412.46586,637733.79963,449406.25814,367992.66023,505566.2667,1.1594374742078777,1.5244227348752393,1.3707010038138476,4,-10.497237569060768,-8.988764044943808,연속 가속형,,0.0,,51.2,관찰,51.2
2026-10-02T03:51:17+09:00,FOLD,KRW-FOLD,,90.3,-4.34322034,6560985781.295338,1790880675160,False,False,,31416455881.46384,29587061018.661278,7492553485.051548,25698031405.360714,14492592348.077728,1.0618309085058741,1.501320514326091,1.9891003821523796,3,0.8547008547008739,18.444165621079044,가속형,,,,,,,,,,,,,,NO_DATA,,0.0,,50.6,관찰,50.6
2026-10-02T03:51:17+09:00,ZRO,KRW-ZRO,ZROUSDT,2472.0,4.43599493,2506443433.391512,1790880680819,False,False,,10518166784.646025,3952799593.9476113,4431044441.147276,2083116976.6755073,2688053191.834902,2.6609410709187165,3.014676401149688,2.5868694945473094,2,6.238779174147213,8.03286170698312,고수준 유지형,23344065.29072,7.669,24841847.12459,14445033.19308,13850549.58304,9339634.48358,11748239.91274,1.7197500893587885,1.9802075502716006,1.9270578083070908,4,5.964698721850281,7.33662145499383,연속 가속형,,0.0,,49.6,관찰,49.6
2026-10-02T03:51:17+09:00,ERA,KRW-ERA,ERAUSDT,91.9,1.4348785899999998,989842724.7587095,1790880662304,False,False,,2685267103.1111236,728855634.7741921,1163599968.3941042,1861528691.5905914,725638871.1664078,3.6842235622463844,2.145933673878298,2.5712496028754623,2,-6.308169596690805,-5.230125523012552,고수준 유지형,543704.58575,1.049,1158640.45226,365917.20529,595964.86785,1056425.17058,425282.69015,3.166400583273322,1.722196344285734,1.9651170473879371,2,-6.872370266479666,-5.949008498583563,고수준 유지형,,0.0,,48.9,관찰,48.9
2026-10-02T03:51:17+09:00,WIF,KRW-WIF,WIFUSDT,343.0,1.179941,109554227.15856317,1790880499453,False,False,,676850766.7592312,123455997.29360946,143316344.78869298,138501509.18271646,228640162.0043103,5.482526419105502,5.01032152441995,3.0925139978241414,2,2.108433734939763,-0.5865102639296182,일회성 폭증형,2679319.498351,2.227,5286775.369674,3165133.379396,3065609.806856,2538309.51993,2552676.392501,1.6703167721427497,1.808670404939042,1.7239306158890773,4,1.7995910020449868,-1.7758484609313396,연속 가속형,,0.0,,41.8,관찰,41.8
2026-10-02T03:51:17+09:00,ZAMA,KRW-ZAMA,ZAMAUSDT,106.0,-0.9345794399999999,1842336264.7642388,1790880623436,False,False,,2168886571.857357,1654479620.8382125,1344622781.5337963,2998433097.140991,2571693775.362149,1.3109176713573114,1.0848889041341083,0.9618709309429613,3,-4.46428571428571,-12.295081967213118,중립,3627205.32098,0.258,7135447.18061,6353615.44672,8948336.12325,9518791.19307,8136590.46947,1.1230530460091999,0.8624375888422523,0.7995082192984933,2,-5.018137847642079,-12.944696885736462,중립,,0.0,,41.7,관찰,41.7
2026-10-02T03:51:17+09:00,ONG,KRW-ONG,ONGUSDT,124.0,-4.61538462,1987210478.7961507,1790880640673,False,False,,2680023876.142253,1696940566.940832,2549483558.8006268,1997772770.5581977,5347414116.075403,1.5793268947383816,1.2876069992589996,0.7527478362553003,2,-0.7633587786259555,-0.7633587786259555,중립,1506313.02828,-5.586,1953918.32815,744993.40856,587381.39226,440460.03624,944929.66237,2.6227323701114815,3.30643039154787,2.2884736157200294,4,0.3337505214851655,-0.41407867494824835,연속 가속형,EARLY,5.0,Binance 연속가속 우위,40.3,관찰,40.3
2026-10-02T03:51:17+09:00,SPK,KRW-SPK,SPKUSDT,32.7,-3.5398230099999997,691679299.7463636,1790880383218,False,False,,1347506957.8134873,1224240360.120453,1063902503.6673146,1600890459.0084813,3010280144.735454,1.1006882322364426,1.039466761507164,0.49675164541288913,3,2.7272727272727337,4.629629629629628,중립,1364163.227689,-4.01,2419418.967939,2199648.652782,1784291.465908,1911992.369416,2890252.318085,1.0999115540016111,1.231061739336271,0.8497891521294049,3,2.712938948581778,4.1840654751962525,중립,,0.0,,39.3,관찰,39.3
2026-10-02T03:51:17+09:00,JTO,KRW-JTO,JTOUSDT,738.0,2.35783634,2993842818.2999887,1790880674213,False,False,,3509540468.155938,2858144414.140831,2689276895.40845,6966882506.618098,4522920033.734624,1.2279087266522601,0.8413269774436642,0.6915539001354565,3,-10.656753407682773,-6.967741935483874,중립,2634309.27478,2.605,2828113.13049,2735541.90764,3366136.55285,5687937.90967,7103124.16441,1.0338401771844405,0.719645077930119,0.5272197981469198,2,-11.116700201207252,-7.648083623693369,중립,,0.0,,39.1,관찰,39.1
2026-10-02T03:51:17+09:00,WAVES,KRW-WAVES,,411.0,1.23152709,3058627837.7362204,1790880328542,False,False,,2013928443.3012526,667226187.7585667,1683639596.49608,1296331374.3627748,2025617903.8091538,3.0183594113215246,1.6565557240656756,1.2532017108038995,2,0.4950495049504955,-3.562945368171022,고수준 유지형,,,,,,,,,,,,,,NO_DATA,,0.0,,38.4,관찰,38.4
2026-10-02T03:51:17+09:00,TIA,KRW-TIA,TIAUSDT,585.0,-2.82392027,798737360.0629658,1790880576593,False,False,,1104721466.4524794,625274971.4491115,1136705335.2782269,657274427.7845945,576569801.7672564,1.7667770451329956,1.3699113004013803,1.435074850664139,2,-13.131313131313128,-9.880239520958078,중립,8180543.228027,-1.74,7131898.26031,9776815.000043,6903543.689051,3908474.913296,4994412.127718,0.7294705136876001,1.0391892612336397,1.0607459193629802,1,-13.328106624852998,-10.63055780113178,감소형,,0.0,,38.1,관찰,38.1
2026-10-02T03:51:17+09:00,XTZ,KRW-XTZ,XTZUSDT,435.0,0.92807425,530109662.1978533,1790880544169,False,False,,611478281.3015581,364886446.08907735,413796077.65273345,439354285.68350655,437934536.6863368,1.6758043162619471,1.5060586262332911,1.343143112526758,2,-1.1467889908256867,-4.222222222222227,고수준 유지형,629589.1158,1.332,948873.93806,718316.60531,1047005.08173,547586.59345,905842.30577,1.320968958597998,1.2307543010641695,0.9517915446838057,2,-1.401432575521644,-4.667268894911181,중립,,0.0,,38.0,관찰,38.0
2026-10-02T03:51:17+09:00,BAT,KRW-BAT,BATUSDT,122.0,0.0,124889341.24932718,1790880598391,False,False,,405337643.625914,243079346.94842562,472578165.0133614,186442715.045811,247003997.79325888,1.6675116529415182,1.3479798524288586,1.4077509512702007,2,-8.270676691729328,-0.8130081300813052,중립,278203.7047,0.562,475630.7069,574440.3281,606847.9931,604750.3074,392407.3565,0.8279897556516975,0.7989144791445414,0.9518928873572439,1,-8.179959100204492,-2.285092491838947,중립,,0.0,,37.8,관찰,37.8
2026-10-02T03:51:17+09:00,XEC,KRW-XEC,XECUSDT,0.011,-2.65486726,866856273.1003164,1790880259901,False,False,,1236648739.3220181,839296198.0461569,1209586130.9773533,746570673.74713,726006029.491558,1.4734354119569226,1.3271359648289698,1.3928583104787304,2,-5.833333333333346,-8.870967741935488,중립,327371.34823084,-1.946,562561.6931557,377684.06894514,470270.6228853,385314.01100303,601111.05504357,1.489503369117256,1.3684650194962342,1.2597476361976876,2,-6.433408577878097,-9.694989106753816,중립,,0.0,,37.6,관찰,37.6
2026-10-02T03:51:17+09:00,TOSHI,KRW-TOSHI,,0.169,-0.5882352900000001,1061291182.11732,1790880681136,False,True,거래량급등,7159982728.967835,660878646.584022,953485552.6823546,372061558.5677266,401168339.80022264,10.834035516167244,10.813365715879632,12.955283630258656,2,-3.409090909090895,-2.857142857142847,일회성 폭증형,,,,,,,,,,,,,,NO_DATA,,0.0,,37.0,관찰,37.0
2026-10-02T03:51:17+09:00,IO,KRW-IO,IOUSDT,216.0,-3.13901345,152802457.61018294,1790880581657,False,True,거래량급등,1109472830.9646275,185195556.33408725,332933902.2441792,183613644.38910028,294453668.74039084,5.990817776227695,4.743072612783007,4.403160297842604,2,-3.879310344827591,-1.3274336283185861,일회성 폭증형,1346872.697039,-2.033,1817437.712613,1748854.554095,2149356.062942,1308206.766022,2559451.696468,1.0392160447862346,1.0472293588255357,0.9372654672131319,2,-4.449648711943787,-2.857142857142858,중립,,0.0,,37.0,관찰,37.0
2026-10-02T03:51:17+09:00,BLUR,KRW-BLUR,BLURUSDT,28.4,-1.38888889,2267253023.511081,1790880673273,False,True,거래량급등,7252574095.049259,635363347.912123,1766536303.9048116,833666587.5044135,969628729.7145889,11.41484493696725,6.724548556827384,6.936810717917492,2,0.34843205574912606,0.6993006993006867,일회성 폭증형,2072336.836416,-1.971,3135425.185425,191462.618312,437942.213733,194688.630196,419150.937922,16.37617417471871,11.414088313109568,10.372009461937123,2,0.09447331128955572,0.14177693761814325,일회성 폭증형,,0.0,,36.7,관찰,36.7
2026-10-02T03:51:17+09:00,AKT,KRW-AKT,,894.0,1.9384264500000001,1520786899.780045,1790880677364,False,False,,1980159999.6060953,1090297895.4221783,1545890848.1420207,1558882023.970281,1255817342.83686,1.816164195051803,1.4160619279158464,1.3175549810191125,2,-8.071278825995808,-8.263598326359833,고수준 유지형,,,,,,,,,,,,,,NO_DATA,,0.0,,36.4,관찰,36.4
2026-10-02T03:51:17+09:00,PENGU,KRW-PENGU,PENGUUSDT,13.0,-0.76335878,7156873293.430584,1790880667000,False,False,,9289384136.138597,6215696977.941231,8979812491.575188,8093676872.226272,4925815426.15655,1.494504022494262,1.1966133981446114,1.2746331132106141,2,-5.755395683453246,-5.755395683453246,중립,17913415.998358,-2.24,21556778.915288,13784255.156226,18922352.236561,17856512.377635,9256111.232219,1.5638696956034908,1.2790021074548952,1.3709831221436604,2,-6.185969362864663,-6.523429904724864,중립,,0.0,,35.9,관찰,35.9
2026-10-02T03:51:17+09:00,MEW,KRW-MEW,,0.688,1.47492625,4032499633.6335316,1790880645215,False,True,"거래량급등,입금량급등",33008331574.9801,421626829.64375645,948006946.5910215,360970585.49299365,302168948.6895216,78.28802451416506,57.219892030132975,59.995555276781936,2,-1.4534883720930036,-1.8813314037626538,일회성 폭증형,,,,,,,,,,,,,,NO_DATA,,0.0,,35.8,관찰,35.8
2026-10-02T03:51:17+09:00,MORPHO,KRW-MORPHO,MORPHOUSDT,3460.0,1.9746537000000002,1744611576.125675,1790880493143,False,False,,2519819040.9005857,1782694528.9236295,2148589155.0947676,1439537297.7488236,1728046598.0643027,1.413488962925142,1.4075049509869133,1.1851887948733282,2,-8.098591549295776,-7.874015748031493,고수준 유지형,4172314.82165,1.925,6083212.18676,6573219.99119,6294724.20312,4086786.04356,4444928.23317,0.9254539167886133,1.0763743394464456,1.0543501857012398,1,-8.373117884686,-8.406754772393544,중립,,0.0,,35.6,관찰,35.6
2026-10-02T03:51:17+09:00,PUNDIX,KRW-PUNDIX,PUNDIXUSDT,164.0,-4.0935672499999995,1539991627.1402738,1790880624412,False,True,거래량급등,7636275731.85733,315763379.7543102,520959347.86331743,717939962.2576756,562540462.0794573,24.183538122118463,14.735561189423969,14.112796592964207,2,2.39520958083832,2.39520958083832,일회성 폭증형,572069.44823,-2.979,1134251.81921,200779.07478,227601.63966,267168.10405,256525.27618,5.649253142803032,4.892187819421797,4.8403599723571995,2,1.4574898785425061,1.2934518997574695,일회성 폭증형,,0.0,,35.6,관찰,35.6
2026-10-02T03:51:17+09:00,SAFE,KRW-SAFE,,149.0,-5.0955414,1386059940.708114,1790880595561,False,False,,447841055.61715364,218396745.58798385,592718298.4574497,387007161.44240797,293923422.0594258,2.0505848400416538,1.1213573713078928,1.301237573375899,2,-2.4844720496894457,-1.2578616352201255,중립,,,,,,,,,,,,,,NO_DATA,,0.0,,35.5,관찰,35.5
2026-10-02T03:51:17+09:00,DOOD,KRW-DOOD,,2.47,-0.80321285,471470654.1419418,1790879696915,False,False,,3201816011.455294,556007733.0980675,3001424968.476454,670634296.0259807,394752858.1263822,5.758581798161005,2.2718296658537183,3.0594571278352576,2,-1.9685039370078705,-2.734374999999989,일회성 폭증형,,,,,,,,,,,,,,NO_DATA,,0.0,,35.5,관찰,35.5
2026-10-02T03:51:17+09:00,SENT,KRW-SENT,SENTUSDT,29.6,2.77777778,165926685.13145462,1790880505852,False,False,,318951121.46773565,92858382.24644414,262597152.72390565,293535332.5065201,568315142.5595218,3.4348123858247526,1.4743710772437169,0.917376818132073,2,-5.573770491803276,-11.111111111111105,고수준 유지형,783937.96995,1.358,1019744.80597,666782.53124,1074908.37446,847931.40606,2132161.79776,1.529351412481674,1.181343860074651,0.7857693142476038,2,-5.169340463458116,-11.480865224625614,중립,,0.0,,34.6,관찰,34.6
2026-10-02T03:51:17+09:00,DOGE,KRW-DOGE,DOGEUSDT,129.0,0.78125,21566785327.100185,1790880650590,False,False,,35146304524.99178,29422330175.083595,42470461673.928345,22124702805.776806,19016903217.669945,1.1945452421968792,1.1214818472043262,1.2326063173332906,2,-2.2900763358778664,-4.477611940298509,중립,52255828.74031,0.98,82317736.86043,64180754.30915,105119995.1064,68807221.60588,50746561.78344,1.2825922310591211,1.0371480195388498,1.0473073011662484,2,-2.41486068111455,-4.455895725977566,중립,,0.0,,34.5,관찰,34.5
2026-10-02T03:51:17+09:00,BTC,KRW-BTC,BTCUSDT,115220000.0,1.3012132900000002,86523746061.09013,1790880675169,False,False,,117747705920.11533,95436693181.98767,134347415261.73451,72287952928.79047,62950265085.00601,1.2337781412394802,1.1694001628463402,1.1937256694022185,2,-0.6203582350371328,0.07302673834430617,중립,1421167999.7575316,0.977,1557658297.3238585,1126045075.038149,1746910498.4279687,813976178.3611975,677578219.0470139,1.3833001287902145,1.2674427427780723,1.3234664266851317,2,-1.004356473150858,-0.5664566666416904,중립,,0.0,,34.3,관찰,34.3
2026-10-02T03:51:17+09:00,ENA,KRW-ENA,ENAUSDT,335.0,-6.94444444,22792901151.86845,1790880680504,False,False,,29920917833.593338,15244514401.196398,31121668550.107548,32886600909.365326,42380982587.99021,1.9627334165032588,1.1326132550572339,0.8299015182875532,2,-2.7027027027026973,-0.8264462809917328,중립,62756393.711977,-6.143,102964877.643334,42776563.593053,71001695.818066,55822219.623208,77584468.569489,2.4070394859875024,1.821307549888948,1.3918318846257927,2,-2.7889908256880758,-1.1567164179104417,고수준 유지형,,0.0,,34.1,관찰,34.1
2026-10-02T03:51:17+09:00,FF,KRW-FF,FFUSDT,170.0,-3.95480226,747037224.6121459,1790880466885,False,False,,1659792039.549592,1418967683.5098915,2907244678.2037406,745571393.9605957,889832595.3579551,1.16971799910482,0.9817800518561014,1.1590346598800578,2,0.0,-2.7472527472527486,중립,725220.111802,-2.851,1541857.865809,1557441.041549,1812023.614317,721604.379432,578409.318016,0.9899943719702538,1.1306515625909173,1.2418172033500252,1,-0.6105472029306225,-2.7190558004033583,중립,,0.0,,33.8,관찰,33.8
2026-10-02T03:51:17+09:00,SOL,KRW-SOL,SOLUSDT,160900.0,0.12445551,28764098484.022423,1790880661053,False,False,,39774856430.66171,32338537959.32132,43435367501.069084,34621983468.677864,24603800499.52651,1.2299522161668084,1.080878739684353,1.0300273145691838,2,-2.782819116757407,-2.6060606060606006,중립,273300946.48943,-0.177,348023503.90991,288801539.90648,303030487.60797,318882945.21313,221338928.92664,1.205061108824445,1.146429500991679,1.0782573924981314,2,-3.172391179604883,-3.2992222677036387,중립,,0.0,,33.7,관찰,33.7
2026-10-02T03:51:17+09:00,TRUMP,KRW-TRUMP,TRUMPUSDT,2801.0,0.25053686000000003,61751081951.04417,1790880674214,False,False,,23876405981.201538,19584911289.12464,27142323598.160007,19658973401.580322,27361577859.25581,1.2191224983725064,1.0789773928935034,0.9873353018793132,2,-2.851182197496527,-2.6141512722202886,중립,33816451.027177,1.878,18310299.854362,18227851.592759,23825142.746172,15720694.684865,17592642.604479,1.0045232023743136,0.9507943925903866,0.9443812058927881,2,-3.3882352941176475,-3.2516493873704033,중립,,0.0,,33.4,관찰,33.4
2026-10-02T03:51:17+09:00,FIL,KRW-FIL,FILUSDT,1387.0,-2.25510923,4462610166.808357,1790880655361,False,False,,4501844335.646726,3059981427.6595926,5001038147.688715,6401116537.707158,18443857953.829006,1.4711998886509363,0.9338546464618231,0.6243535904374091,2,-8.214747736093141,-0.14074595355383357,중립,14396706.255947,-1.106,15188427.267097,17034841.279719,19193415.495163,12959961.239863,32737197.186611,0.891609555833064,0.926345446944877,0.7895717461199618,1,-8.554649837847329,-0.6380952380952487,중립,,0.0,,33.0,관찰,33.0
2026-10-02T03:51:17+09:00,CHIP,KRW-CHIP,CHIPUSDT,58.3,-1.18644068,1677839816.198346,1790880634676,False,False,,1794685753.2066138,1556453050.3835177,2336803613.221547,2667956317.825542,3073121789.3010616,1.1530612842863421,0.8205887043840333,0.6454187099452876,2,-6.793048973143756,-13.362701908957408,중립,2625761.98381,-1.268,3144342.84593,1932589.57785,2746399.66829,2793611.35308,3399045.61955,1.6270101432649098,1.2623488185324172,0.9774058272424515,2,-7.0876288659793785,-14.217727543129099,중립,,0.0,,33.0,관찰,33.0
2026-10-02T03:51:17+09:00,TREE,KRW-TREE,TREEUSDT,61.8,-1.1199999999999999,1104992523.3705342,1790880544796,False,False,,1424135763.0641716,1246333037.3475018,2524996315.048991,1899662970.9883165,1822910803.6530046,1.1426606856984847,0.753379134648955,0.7714019414594522,2,-7.68094534711965,-3.9938556067588227,중립,464549.65879,0.665,536510.33621,388365.91382,701387.91214,479485.17256,497174.69671,1.381455779506597,1.0256761463027626,1.0880993104489425,2,-8.416833667334679,-4.791666666666671,중립,,0.0,,33.0,관찰,33.0
2026-10-02T03:51:17+09:00,RAY,KRW-RAY,RAYUSDT,2576.0,-2.60869565,804682369.0201012,1790880633035,False,False,,1838221044.9935622,1305027137.1957245,1803307194.8220067,5359480776.789576,1455817016.1238296,1.4085692110154724,0.6512498282165998,0.7902158582632578,2,-10.095173351461595,-5.366726296958857,중립,5072869.97475,-4.716,8812087.3488,7018074.48803,10222327.47436,11415519.83473,6064212.77023,1.2556275035025435,0.9225409754243858,1.0270480453180346,2,-10.526557829386075,-5.9960380731507,중립,,0.0,,33.0,관찰,33.0
2026-10-02T03:51:17+09:00,ZORA,KRW-ZORA,,10.8,-0.9174311900000001,798583333.3547354,1790880544173,False,False,,1355523643.3036327,1154734763.0261993,1932534802.9477913,1224867180.991769,1317407655.3298965,1.1738831173240412,0.9430524049990636,0.9551291995059727,2,-6.837606837606824,-11.382113821138217,중립,,,,,,,,,,,,,,NO_DATA,,0.0,,33.0,관찰,33.0
2026-10-02T03:51:17+09:00,MET2,KRW-MET2,,411.0,-4.86111111,763778004.0647702,1790880609104,False,False,,1326629080.7692537,1236367304.518391,2474926328.772637,849874054.7980781,846374243.0733413,1.073005631838528,0.8725588521335704,0.9973985989883404,2,-16.92307692307692,-10.927835051546387,중립,,,,,,,,,,,,,,NO_DATA,,0.0,,33.0,관찰,33.0
2026-10-02T03:51:17+09:00,KAT,KRW-KAT,KATUSDT,6.7,-2.61627907,540627437.3769978,1790880646186,False,False,,630932144.4739393,403636264.2801938,1025208328.5463567,776008678.4990764,590267839.1414254,1.5631205625170552,0.8584682064960312,0.9019543839647792,2,-2.4113475177305,-1.4326647564469996,중립,653756.69739,-1.984,667691.11249,572486.77842,802395.99511,396609.88487,510257.38691,1.1662996206353506,1.130726299074342,1.1361760054199799,2,-3.62595419847328,-2.6974951830443183,중립,,0.0,,33.0,관찰,33.0
2026-10-02T03:51:17+09:00,KERNEL,KRW-KERNEL,KERNELUSDT,73.5,-2.1304926799999997,538314295.0408894,1790880584500,False,False,,940282904.6206737,550044436.4816182,920808640.2581806,1384304288.8559883,1270990714.9728947,1.709467167116955,0.9879836214468666,0.8220716632768069,2,-1.7015706806282838,-0.13297872340426453,중립,574532.38318,-1.463,968629.41214,575816.28441,596640.42179,520187.0384,399044.15988,1.6821848189522621,1.7167748651720622,1.693804719762855,2,-1.598579040852588,-0.3597122302158251,고수준 유지형,,0.0,,33.0,관찰,33.0
2026-10-02T03:51:17+09:00,POLYX,KRW-POLYX,POLYXUSDT,58.6,-0.8460236899999999,533892456.61826855,1790880618891,False,False,,813322960.3824418,628701100.2485245,1143821095.0945725,977146160.995729,3132571496.227811,1.2936560156502612,0.8873684259130564,0.5836162488909619,2,-4.058441558441562,-4.523424878836824,중립,416345.0569,0.0,248437.87227,253360.48335,406309.34367,337690.85346,695559.81833,0.9805707227310593,0.7472859431868747,0.5404585205328483,1,-4.83516483516484,-5.664488017429203,중립,,0.0,,33.0,관찰,33.0
2026-10-02T03:51:17+09:00,SONIC,KRW-SONIC,,36.3,-1.8918918900000001,515216123.5001708,1790880600924,False,False,,1401528178.3618383,672087087.069634,1422114069.1775267,8148590703.687558,781674966.1993244,2.0853371613976983,0.4104920408987313,0.5917405787190282,2,-2.116402116402105,-0.5376344086021612,중립,,,,,,,,,,,,,,NO_DATA,,0.0,,33.0,관찰,33.0
2026-10-02T03:51:17+09:00,HIVE,KRW-HIVE,HIVEUSDT,76.9,0.0,435786723.6983979,1790879848832,False,False,,562468352.5936468,488977820.6557203,1464039042.206188,1252997828.2207923,7128125470.1953945,1.1502942032000052,0.5263248052088895,0.22930014071207974,2,-4.82673267326732,-1.662404092071612,중립,167285.836,-0.527,263184.0476,159754.3724,373922.4531,351933.6781,718556.7261,1.6474293857887548,0.8915343027103636,0.6432091717029962,2,-4.865771812080533,-1.903114186851207,중립,,0.0,,33.0,관찰,33.0
2026-10-02T03:51:17+09:00,A,KRW-A,AUSDT,131.0,-2.96296296,372305154.4073004,1790880437198,False,False,,609387045.342948,578454018.1742153,958351083.7494037,515992381.3725983,421954743.427924,1.0534753432370771,0.8905706241871115,0.9883134092438891,2,-3.57142857142857,-2.877697841726623,중립,586393.68375,-1.336,820497.76807,394384.47687,1254453.60009,719008.46776,353520.72727,2.0804514786733317,1.0395493363785844,1.2379850825172278,2,-4.821600771456125,-3.613281250000011,중립,,0.0,,33.0,관찰,33.0
2026-10-02T03:51:17+09:00,ZKP,KRW-ZKP,ZKPUSDT,66.4,-0.7473841600000001,342939704.04767215,1790880552050,False,False,,662928196.724206,638797732.8230119,884164508.5251579,1282796947.367905,554386175.5434818,1.037774811432964,0.7088222674885697,0.8450504915285524,2,-5.641748942172075,-4.564907275320951,중립,201758.76047,0.412,325579.42405,244578.30746,403453.25469,433158.51732,331786.96839,1.3311868392222292,0.9033918186049188,0.935784793057949,2,-5.9386973180076685,-5.029013539651849,중립,,0.0,,33.0,관찰,33.0
2026-10-02T03:51:17+09:00,AI,KRW-AI,AIUSDT,27.7,-0.71684588,342936379.7406567,1790880162086,False,False,,434186136.50312585,354489478.8781454,648116812.3988975,596083938.2082591,636133196.8618762,1.224820939332803,0.8147659787279341,0.7696076496479729,2,-2.7874564459930307,-4.452054794520555,중립,262364.68327,-1.571,313301.17978,307451.42178,496476.30434,442940.7781,542451.00564,1.0190266090367468,0.7538112769381184,0.5861454342131651,2,-3.0456852791878153,-4.02010050251257,중립,,0.0,,33.0,관찰,33.0
2026-10-02T03:51:17+09:00,BLEND,KRW-BLEND,,91.5,-1.61290323,306120739.5498723,1790880198745,False,False,,418762677.7923398,278383287.1697727,828099345.0700777,703250963.5124041,496851075.13511527,1.5042665888809497,0.6941839596312608,0.7611448163074112,2,-0.7470651013874119,-2.1052631578947323,중립,,,,,,,,,,,,,,NO_DATA,,0.0,,33.0,관찰,33.0
2026-10-02T03:51:17+09:00,HOME,KRW-HOME,HOMEUSDT,8.04,-0.61804697,271419021.63008016,1790880366704,False,False,,457415627.35630924,411528077.0335535,967375977.9678823,1105206277.8784149,2251639081.4195375,1.1115052723827015,0.5524097959361048,0.2988244677076382,2,-3.9192399049881255,-8.06818181818183,중립,529251.80168,-0.505,702602.8484,482045.90645,719029.6995,759867.80352,860520.30048,1.457543439325684,1.0748951423181023,0.8189918472914327,2,-3.8647342995169143,-8.435582822085896,중립,,0.0,,33.0,관찰,33.0
2026-10-02T03:51:17+09:00,HYPER,KRW-HYPER,HYPERUSDT,97.5,-1.01522843,263299295.58257222,1790880652851,False,False,,328061042.15125453,311882711.6163261,771847948.7914499,414976004.8280189,391849242.9942492,1.0518731238775132,0.6566882961709654,0.693790079588937,2,-6.190476190476191,-4.3689320388349495,중립,625034.78737,-0.83,472478.66727,453164.4098,749052.23898,414802.20092,457223.40317,1.0426208613304917,0.8765735798769272,0.9125845686949308,2,-5.721716514954489,-4.855643044619429,중립,,0.0,,33.0,관찰,33.0
2026-10-02T03:51:17+09:00,BORA,KRW-BORA,,38.4,0.0,215370393.45518243,1790879851383,False,False,,342626617.23798704,297763206.693273,534661856.1702951,358360261.2094626,721981630.8988461,1.1506680796560873,0.8631949276953982,0.7100269544112204,2,-2.2900763358778553,-1.7902813299232823,중립,,,,,,,,,,,,,,NO_DATA,,0.0,,33.0,관찰,33.0
2026-10-02T03:51:17+09:00,QTUM,KRW-QTUM,QTUMUSDT,1349.0,-1.027146,195936692.2818896,1790880631644,False,False,,432201182.2891913,399733775.14135724,799380323.8407555,724737288.899015,1804277968.0302393,1.0812225765419814,0.6739624250787969,0.34707234261838404,2,-2.0129403306973437,-3.6067892503536036,중립,154972.4347,0.0,270973.8461,198762.598,256197.9625,296237.011,703306.8482,1.3633040060182753,1.0821674205851717,0.55696044107587,2,-2.1442495126705707,-4.471931493815406,중립,,0.0,,33.0,관찰,33.0
2026-10-02T03:51:17+09:00,MLK,KRW-MLK,,58.5,-0.3407155,152444499.08650282,1790880490898,False,False,,287491933.1429051,266604678.08332956,433732083.0954142,435520315.5903159,344391630.55574757,1.0783454184290309,0.7593171861745351,0.811769962537318,2,-4.084967320261434,-3.1353135313531344,중립,,,,,,,,,,,,,,NO_DATA,,0.0,,33.0,관찰,33.0
2026-10-02T03:51:17+09:00,DKA,KRW-DKA,,5.65,-1.56794425,135299594.18809158,1790880343715,False,False,,219630170.3136484,185799284.69219807,407930381.26711607,267430080.20628577,339462835.9896932,1.182082970219696,0.7651199604657802,0.7438041892157551,2,-3.0405405405405372,-2.2146507666098825,중립,,,,,,,,,,,,,,NO_DATA,,0.0,,33.0,관찰,33.0
2026-10-02T03:51:17+09:00,PLUME,KRW-PLUME,PLUMEUSDT,25.4,-0.78125,9408857172.341202,1790880604379,False,False,,2253554776.811264,2114446482.394919,3191720813.355228,2623513162.1985455,3407720479.381135,1.0657894610124086,0.8525771456095584,0.7119197744532829,2,0.39215686274509665,-1.9157088122605415,중립,11097576.7379,1.965,4946952.12402,5110600.38841,7081169.45371,3295830.61703,4838217.88938,0.9679786616145674,0.9582411691988151,0.8416678297130377,1,0.4264392324093924,-2.33281493001557,중립,,0.0,,32.9,관찰,32.9
2026-10-02T03:51:17+09:00,PENDLE,KRW-PENDLE,PENDLEUSDT,3248.0,0.12330456000000001,632500459.4632226,1790880656310,False,False,,967393944.6849976,845927371.3113129,1602450644.534154,846343734.0356897,846850447.0221015,1.143589837015669,0.8808579462468042,0.9709451557110136,2,-9.106192210703279,-6.079907353792702,중립,4465134.2369,1.362,3948198.4989,4144994.0716,7629198.4231,4610249.7756,4088013.7924,0.9525221099715505,0.7229172224049788,0.7292857639733427,1,-9.41176470588234,-6.502154328241283,중립,,0.0,,32.9,관찰,32.9
2026-10-02T03:51:17+09:00,ONT,KRW-ONT,ONTUSDT,79.8,-0.8695652200000001,436395779.679549,1790880402270,False,False,,558940002.3622552,358233980.4707746,1141716028.8431633,552688551.3363923,2928897578.1057897,1.5602651697857417,0.8169095325557486,0.4886069929973834,2,-1.1056511056511176,0.24906600249066102,중립,523549.86124,-0.458,591467.29846,351858.79333,600810.53292,486092.97467,1133616.28373,1.680979158890245,1.2332835620208975,0.9674546925835927,2,-1.5968063872255578,-0.42080457835381724,중립,,0.0,,32.9,관찰,32.9
2026-10-02T03:51:17+09:00,ATH,KRW-ATH,,8.14,0.24630542000000002,584002199.5302317,1790880376341,False,False,,738919839.0840796,700897906.0643902,1785399226.7048416,1366851252.7325058,1837788426.3344338,1.0542474627056404,0.5753112248656844,0.5194933405184738,2,-6.9873997709049345,-5.029239766081883,중립,,,,,,,,,,,,,,NO_DATA,,0.0,,32.8,관찰,32.8
2026-10-02T03:51:17+09:00,KAVA,KRW-KAVA,KAVAUSDT,93.2,-0.21413276,311993633.15043336,1790880638682,False,False,,574573594.1017337,522799364.84567815,3075232259.915701,427000849.6386993,550013606.4540145,1.0990326934910077,0.4282501553138693,0.5365572286447147,2,0.43010752688172893,0.43010752688172893,중립,336587.623976,0.263,752199.973002,838232.103283,1923729.608868,328051.907362,512856.563704,0.8973647872181839,0.7302880170999538,0.8315164841946521,1,0.2628504672897103,0.029137529137512885,중립,,0.0,,32.8,관찰,32.8
2026-10-02T03:51:17+09:00,MNT,KRW-MNT,,922.0,-2.63991552,216051617.4987311,1790879123676,False,False,,533214760.04291594,294337042.54377264,531992807.0108681,488890096.72619236,852527066.4546248,1.8115788465993652,1.216256098192707,0.9874159631730055,2,3.1590413943355156,3.9517014270032957,중립,,,,,,,,,,,,,,NO_DATA,,0.0,,32.8,관찰,32.8
2026-10-02T03:51:17+09:00,STEEM,KRW-STEEM,STEEMUSDT,86.4,-2.37288136,642483490.6460743,1790880572496,False,False,,1114493610.1376076,861256915.7967217,1864858108.9765108,3083767269.9115906,20901412604.131207,1.2940315365788668,0.575481681181667,0.14872782459168976,2,-3.384279475982521,1.1428571428571344,중립,307796.229318,-2.219,497177.940025,707719.120451,571833.016026,1033858.397974,1538584.647403,0.7025074293713715,0.6447337374250174,0.4835061316221732,1,-3.598400710795202,0.38550501156515704,감소형,,0.0,,32.7,관찰,32.7
2026-10-02T03:51:17+09:00,RENDER,KRW-RENDER,RENDERUSDT,2607.0,0.38505967999999996,537026870.4743336,1790880623438,False,False,,1190497707.180217,975601602.689823,2077584571.631818,2178690076.2046256,1927558030.264963,1.2202703479554622,0.6826409782114781,0.6420743994684631,2,-6.716954022988508,-1.3297872340425565,중립,3674380.51183,0.209,5351037.61841,6152809.43527,10813459.68891,8690161.87486,8232516.04732,0.869690126877005,0.6256954779030125,0.6055108929320326,1,-6.86131386861315,-1.6949152542372947,중립,,0.0,,32.7,관찰,32.7
2026-10-02T03:51:17+09:00,MOODENG,KRW-MOODENG,,64.1,0.31298905,699992770.7268564,1790880529584,False,True,"거래량급등,입금량급등",3134742272.8612466,361685744.7290208,601812231.8803312,485690246.9347231,752950731.6651403,8.667032965896492,6.489306679283627,2.5705484491125667,2,-3.1818181818181857,-5.891016200294564,일회성 폭증형,,,,,,,,,,,,,,NO_DATA,,0.0,,32.6,관찰,32.6
2026-10-02T03:51:17+09:00,BOUNTY,KRW-BOUNTY,,20.0,0.0,113097889.30914883,1790878319173,False,False,,145825864.18382862,143158066.76006585,441451198.7906743,199431661.9274251,214269109.43335652,1.0186353272584634,0.5579780049985582,0.6293113748059912,2,-0.990099009900991,2.0408163265306145,중립,,,,,,,,,,,,,,NO_DATA,,0.0,,32.6,관찰,32.6
2026-10-02T03:51:17+09:00,SUI,KRW-SUI,SUIUSDT,1593.0,0.56818182,31548293207.775414,1790880677998,False,False,,46134606090.508934,43139338689.81033,68654850783.94474,72150280824.74692,37959648415.27883,1.0694323902884977,0.7524217392723327,0.734045558459655,2,-7.422559906487436,-2.0408163265306145,중립,92791794.18706,1.217,131998082.00301,118157184.10957,207344898.20534,125595106.63793,88530369.46325,1.117139706719864,0.8778468492084293,0.9135446016722183,2,-7.8876582278481155,-2.5608837559628617,중립,,0.0,,32.5,관찰,32.5
2026-10-02T03:51:17+09:00,WAL,KRW-WAL,WALUSDT,46.6,0.64794816,433764823.59129405,1790880286843,False,False,,531205278.0928564,513464051.86685574,976268462.8910679,1592914804.3924878,867718883.0473788,1.034552031756648,0.5169633984330635,0.49218902200681663,2,-10.271317829457372,-8.858267716535428,중립,538384.532901,1.46,390132.922401,345372.675666,508045.392743,435918.807438,538127.607544,1.1295998493473363,0.9077524959752149,0.727685203211526,2,-10.874704491725762,-9.80861244019139,중립,,0.0,,32.5,관찰,32.5
2026-10-02T03:51:17+09:00,STRAX,KRW-STRAX,STRAXUSDT,15.8,0.63694268,419569324.5700225,1790879956066,False,False,,410660943.6760527,380996694.0882457,561699339.0882275,391431958.26539236,776249906.7352434,1.077859598385219,0.9234367608888009,0.7037419594091009,2,-3.0864197530864224,-2.484472049689457,중립,170884.69874,1.578,183348.09106,193542.41548,316683.9645,160260.04183,306685.61418,0.9473276987128776,0.8203660138189489,0.7366747043640722,1,-4.651162790697672,-3.529411764705881,중립,,0.0,,32.5,관찰,32.5
2026-10-02T03:51:17+09:00,NEWT,KRW-NEWT,NEWTUSDT,67.0,0.6006006,276155784.82276815,1790879965898,False,False,,277902803.98266816,212108095.8201602,511271208.2365861,594594206.7364419,298333441.3888942,1.3101942333134384,0.632568412885824,0.6609271187782491,2,-3.8961038961038974,-3.8961038961038974,중립,467597.537235,1.561,424109.915466,276408.169247,339787.142862,327835.303644,316093.962223,1.53436100177999,1.3477632241652822,1.2501246653445766,2,-4.167481901780468,-4.410616705698667,중립,,0.0,,32.5,관찰,32.5
2026-10-02T03:51:17+09:00,WLFI,KRW-WLFI,WLFIUSDT,75.8,0.7978723400000001,2590417825.389278,1790880678620,False,False,,2983070927.662493,1592597043.6922023,3466032872.7944937,3899726003.1758885,5502014510.796696,1.8730858125585121,0.9989793733630257,0.9155197279798445,2,-5.289672544080604,-2.9677419354838697,중립,5933689.71057,0.54,8404925.86272,5504137.5826,6544122.69873,5015620.26881,6955342.23556,1.52701958055884,1.4776696024136857,1.3629404029553838,2,-5.802047781569963,-3.83275261324042,고수준 유지형,,0.0,,32.4,관찰,32.4
2026-10-02T03:51:17+09:00,BIGTIME,KRW-BIGTIME,BIGTIMEUSDT,11.9,-1.6528925600000002,362016507.54071045,1790880036636,False,False,,588738912.8402421,443623475.91557294,1115114065.3159738,3549424260.235683,1147267740.7328522,1.3271139712008535,0.3457636635576836,0.37143828814255286,2,-8.333333333333325,2.5423728813559254,중립,287098.73241,0.573,257780.85506,278161.86357,499173.8812,1672254.7728,282942.66406,0.9267296808828323,0.31570279180667216,0.39952404237831635,1,-9.24024640657084,0.9132420091324311,중립,,0.0,,32.4,관찰,32.4
2026-10-02T03:51:17+09:00,SPX,KRW-SPX,,596.0,-1.8121911000000002,1293441337.7456481,1790879606022,False,False,,996148338.848483,244668954.96398523,478079053.4389037,443239479.26344657,699051316.2309495,4.071412897460219,2.5630163686633285,1.990749484639352,2,0.6633499170812573,-3.189792663476876,일회성 폭증형,,,,,,,,,,,,,,NO_DATA,,0.0,,32.2,관찰,32.2
2026-10-02T03:51:17+09:00,PEPE,KRW-PEPE,PEPEUSDT,0.00602,3.25900515,4447432846.574651,1790880634337,False,False,,4464254870.896714,3269241175.923696,4399875758.608813,4019480391.440557,3898243059.6748586,1.3655324372437518,1.1457974159936428,1.1027049632651316,2,-1.3536379018612599,-4.269293924466333,중립,31443216.15813047,3.991,42132381.67599123,31210276.95431895,39878458.28349142,23148639.9622677,23566775.67035119,1.349952188430063,1.3412634292881809,1.3178338622771966,2,-1.834862385321101,-4.677060133630306,중립,,0.0,,32.1,관찰,32.1
2026-10-02T03:51:17+09:00,GLM,KRW-GLM,GLMUSDT,173.0,1.16959064,243804005.75506616,1790880568080,False,False,,381468830.0808924,213378009.7229215,459247010.5102493,631626652.215151,437786224.91856146,1.7877607471184236,0.8774429923439655,0.8466937799895283,2,-2.840909090909094,-2.285714285714291,중립,81166.56526,1.025,156825.44703,137495.90712,116667.78159,152633.20042,85849.98299,1.1405826567123203,1.15653868960549,1.3112710754381407,3,-3.0627871362940318,-1.8604651162790753,중립,,0.0,,32.1,관찰,32.1
2026-10-02T03:51:17+09:00,MASK,KRW-MASK,MASKUSDT,635.0,1.11464968,184510930.94951272,1790879930482,False,False,,317798895.19133025,298683080.4003672,762933287.9184737,743216568.9113666,581026626.8983643,1.0640003269195544,0.528246501882398,0.5286677293723535,2,-6.128550074738415,-1.7214397496087663,중립,318595.3478,1.965,338660.3864,334279.8687,514096.3849,462372.4748,360586.2425,1.013104341930717,0.7751151209890429,0.7572034389845518,2,-6.085192697768759,-2.320675105485226,중립,,0.0,,32.1,관찰,32.1
2026-10-02T03:51:17+09:00,CTC,KRW-CTC,,159.0,1.27388535,1686546563.782836,1790880611314,False,False,,718366176.1493086,695794281.3189025,889035879.9882836,855797958.4094466,966598404.0661058,1.032440471898706,0.8830097920440833,0.9115421483746299,2,-3.0864197530864224,-0.6329113924050667,중립,,,,,,,,,,,,,,NO_DATA,,0.0,,32.0,관찰,32.0
2026-10-02T03:51:17+09:00,FCT2,KRW-FCT2,,13.1,1.5503876,737549226.4416589,1790880641644,False,False,,207624266.51391056,166839381.10557035,2269860482.9498725,288300257.7328749,205599583.94292477,1.244455985979311,0.22857716392796457,0.33826554293423666,2,-0.7692307692307665,-1.5267175572518998,중립,,,,,,,,,,,,,,NO_DATA,,0.0,,31.8,관찰,31.8
2026-10-02T03:51:17+09:00,XCN,KRW-XCN,,6.4,1.9108280299999998,778020221.974376,1790880624740,False,False,,472502491.48481643,434619847.4553762,1218033140.6464708,4529084564.505775,1035243575.9021567,1.0871627107027821,0.22930567051597117,0.3016044454469404,2,-8.052708638360173,-8.052708638360173,중립,,,,,,,,,,,,,,NO_DATA,,0.0,,31.5,관찰,31.5
2026-10-02T03:51:17+09:00,XPL,KRW-XPL,XPLUSDT,133.0,2.30769231,9639583223.815248,1790880668566,False,False,,10836728294.743868,10535134486.510292,13244734939.071503,10645900593.455856,13516830536.158382,1.028627428403477,0.9443560700676639,0.7492098094587407,2,-9.722222222222221,-15.58441558441559,중립,11425180.952531,5.902,18161016.275551,21128380.687403,25285011.627886,25954950.195166,40452468.312541,0.8595555212794334,0.7528574917793905,0.5233330573907645,1,-10.564971751412433,-17.171012470567714,중립,,0.0,,31.2,관찰,31.2
2026-10-02T03:51:17+09:00,NEAR,KRW-NEAR,NEARUSDT,6645.0,-8.53406745,54217647161.50541,1790880677679,False,False,,53981237223.89639,47859905913.321304,52856478258.43534,79909839221.04,31254861439.00797,1.1279010310145905,0.896568109711956,0.9505571977058058,2,-0.3429355281207136,8.513816280806562,중립,233533764.9381,-9.874,233188950.403,205643612.9107,231585436.0113,209530185.3042,128880615.4841,1.1339469634014914,1.0816495755889446,1.1262248897518992,2,-0.8539075552255304,7.898989898989894,중립,,0.0,,31.1,관찰,31.1
2026-10-02T03:51:17+09:00,WLD,KRW-WLD,WLDUSDT,673.0,-7.427785420000001,41148184481.487625,1790880677989,False,False,,63374019074.428535,41578577596.16642,52648955047.52918,105492502626.24637,77697669029.96974,1.5241988239701512,0.951942838215086,0.9602610919836491,2,-1.490514905149054,8.6696562032885,중립,68917391.80512,-5.947,79648404.22022,55256593.77921,80967882.63636,96159565.92176,77863222.94531,1.4414280499893442,1.0282341689960182,1.0910646248367313,2,-1.7257205801358477,8.163265306122458,중립,,0.0,,31.1,관찰,31.1
2026-10-02T03:51:17+09:00,BEAM,KRW-BEAM,,2.78,2.58302583,307936838.48199546,1790880658525,False,False,,245801421.7692941,159437802.2857255,359039145.16258943,359994157.64910626,560232484.8565059,1.5416759278254348,0.8394177805382743,0.5039852849027928,2,-7.823129251700678,-5.574912891986072,중립,,,,,,,,,,,,,,NO_DATA,,0.0,,30.9,관찰,30.9
2026-10-02T03:51:17+09:00,SLX,KRW-SLX,,86.6,3.0952381,3745071717.3468285,1790880650600,False,False,,4241935840.7780137,3498388339.785306,7015259727.114234,6586882409.107595,4607809296.074293,1.2125400123641903,0.7441761844867304,0.8392973936082673,2,-13.491246138002055,-12.408759124087599,중립,,,,,,,,,,,,,,NO_DATA,,0.0,,30.5,관찰,30.5
2026-10-02T03:51:17+09:00,ENSO,KRW-ENSO,ENSOUSDT,1372.0,3.3132530100000004,2787874607.9196405,1790880472593,False,False,,1143327151.2229965,696334428.7101974,3850046780.28065,1380392368.329186,989498714.8799146,1.6419224787445197,0.578726588576707,0.6925650194959011,2,-4.9391553328561155,-5.413105413105413,중립,1284980.34815,4.782,541845.61281,309438.0319,1202506.23714,496106.43939,531882.46992,1.751063401880433,0.8095098553068564,0.8702599221893293,2,-5.4263565891472965,-6.063522617901828,중립,,0.0,,30.3,관찰,30.3
2026-10-02T03:51:17+09:00,ARK,KRW-ARK,ARKUSDT,331.0,-13.123359579999999,47579678532.868416,1790880681450,False,True,"거래량급등,입금량급등",111556201152.77808,2858627602.1073933,5848018396.910383,26498691902.278065,55885811049.05972,39.02439095968231,9.506189214733137,3.8795880755826166,2,13.731343283582099,11.403508771929815,일회성 폭증형,12563076.6645,-2.282,42233158.828,1118463.7161,1982323.413,2379822.6635,8592370.0907,37.75997220121176,23.117769970610112,7.645821677914348,2,-3.1148867313915862,-5.745769382133014,일회성 폭증형,,0.0,,29.7,관찰,29.7
2026-10-02T03:51:17+09:00,ESP,KRW-ESP,ESPUSDT,145.0,2.11267606,1933795015.703992,1790880681132,False,False,,786055436.5627625,573618679.4053618,1771144421.0942655,11375178549.93428,11264305851.511736,1.3703449081846881,0.17187874189054644,0.14977336747058814,2,0.0,8.3969465648855,중립,1978184.41327,1.253,795247.35726,590886.14403,1313838.54862,3493980.78611,2611907.3122,1.345855483826719,0.44191002475800334,0.4605947769496761,2,1.056676272814605,7.820026647535094,중립,,0.0,,29.5,관찰,29.5
2026-10-02T03:51:17+09:00,COW,KRW-COW,COWUSDT,225.0,-0.44247788,598035999.2708629,1790880313691,False,False,,1628941011.9207385,1147397001.667671,2296883565.9437156,19336877656.45499,336694762.9016514,1.419683866659206,0.21451161471674862,0.3476858644217286,2,4.629629629629628,9.708737864077666,중립,586068.55508,0.852,1333798.75758,1101620.56137,1538842.08479,4700499.39913,425902.24064,1.2107605870402944,0.5450779132290048,0.8156085732332085,2,3.750000000000009,9.354413702239794,중립,,0.0,,29.2,관찰,29.2
2026-10-02T03:51:17+09:00,MMT,KRW-MMT,MMTUSDT,255.0,-1.1627907,1354550866.6297612,1790880491220,False,False,,1898077830.7149239,1831064978.318263,5028671809.963136,5015776659.559391,591563442.2212769,1.0365977467704115,0.4794936671289863,0.7300212940590057,2,4.453441295546567,10.729613733905573,중립,899853.75274,-0.583,941104.39395,783404.40789,1916806.01565,2011355.28126,460386.72111,1.201300866412974,0.5992303532928966,0.8475697737544782,2,3.88190267905959,9.953703703703699,중립,,0.0,,29.1,관찰,29.1
2026-10-02T03:51:17+09:00,JST,KRW-JST,JSTUSDT,182.0,0.55248619,861633034.3862909,1790880659465,False,False,,368742083.1948214,349886433.5934584,981678918.7474205,642966590.6786553,423463884.27158016,1.0538907708072838,0.5602473302573056,0.6047406149890857,2,5.232558139534893,10.365853658536594,중립,4919218.618138,0.427,4617421.392886,4612523.586671,5393721.612773,2996951.766365,3086817.294195,1.001061849576044,1.0652968047074547,1.081839184078613,2,5.354318253717172,9.143793527242927,중립,,0.0,,28.4,관찰,28.4
2026-10-02T03:51:17+09:00,PROS,KRW-PROS,,951.0,-2.3613963,8724512643.556957,1790880578176,False,False,,5652029405.178363,4430895402.688109,20150074274.72191,21214689552.952564,301890985.82830775,1.2755953123491526,0.37025535826970213,0.5719006950579737,2,8.705357142857139,8.948545861297541,중립,,,,,,,,,,,,,,NO_DATA,,0.0,,28.0,관찰,28.0
2026-10-02T03:51:17+09:00,CVC,KRW-CVC,CVCUSDT,42.0,-1.6393442599999999,3656390686.2899146,1790880661992,False,True,거래량급등,5806793875.287289,821673094.6464834,1347823108.8530328,1599159088.7926528,5467877829.353356,7.067036651340766,4.622439643522412,1.8319650743236318,2,2.3980815347721895,1.4251781472684133,일회성 폭증형,907333.36138,-0.225,1021088.00894,437045.02241,697193.7824,393017.29296,1048380.37939,2.336345128264837,2.00573042811404,1.2949329303158468,2,1.5893610120013113,0.6750241080038633,고수준 유지형,,0.0,,28.0,관찰,28.0
2026-10-02T03:51:17+09:00,KITE,KRW-KITE,KITEUSDT,205.0,5.67010309,3059024937.9541373,1790880631000,False,False,,1644216580.753953,1479690787.666232,2914959965.6232333,3615246971.318374,4620954677.440816,1.1111893068870227,0.6158193165323292,0.5634616388258498,2,-6.730769230769229,7.777777777777772,중립,4164402.22198,7.117,2575247.85127,2126076.63402,3837457.86767,4134543.50921,3781137.72426,1.2112676514395926,0.765070694192571,0.8018728362470057,2,-7.682291666666652,6.536438767843733,중립,,0.0,,26.8,관찰,26.8
2026-10-02T03:51:17+09:00,TRAC,KRW-TRAC,,600.0,3.98613518,40275709691.23604,1790880652205,False,True,거래량급등,24290819687.977432,729845864.3978401,1716502797.8294106,1435285095.374523,1057475282.7733263,33.282122805503036,18.773656561807048,13.919727017508027,2,14.03162055335969,12.6953125,일회성 폭증형,,,,,,,,,,,,,,NO_DATA,,0.0,,26.1,관찰,26.1
2026-10-02T03:51:17+09:00,THETA,KRW-THETA,THETAUSDT,304.0,-0.65359477,260956948.6258968,1790880268781,False,False,,374340754.17849594,404639248.95016,488070319.47640103,255798144.71392927,311815069.75217295,0.9251222049015912,0.9778099438833416,1.0370394607609013,1,-3.4700315457413256,-4.374999999999996,중립,483432.1946,-1.158,843712.80381,725635.94284,685287.02229,696601.75341,713257.57624,1.1627219022639228,1.2010005809960136,1.1274504943753434,3,-3.936670945656817,-5.234276065850563,중립,,0.0,,25.2,관찰,25.2
2026-10-02T03:51:17+09:00,BSB,KRW-BSB,,137.0,-0.72463768,361232808.0917309,1790880542905,False,False,,560464354.8204803,718623599.3159071,861941792.69393,405612041.3579212,373641532.7804729,0.7799136506983819,0.8465472601863544,1.0175554279557923,1,-4.1666666666666625,-10.389610389610393,중립,,,,,,,,,,,,,,NO_DATA,,0.0,,25.1,관찰,25.1
2026-10-02T03:51:17+09:00,ONDO,KRW-ONDO,ONDOUSDT,672.0,-1.17647059,47334593105.193954,1790880665123,False,False,,67599947785.99202,78403311211.69446,171542275731.96045,72093255782.74284,51648941979.017944,0.8622078167523742,0.6297372131916198,0.6079816396181433,1,-14.465408805031444,-8.479138627187076,중립,28342294.32754,1.895,42640122.3001,37004235.9351,83243111.42036,31087976.78357,23617885.69497,1.152303816646411,0.8452776483485182,0.8538933952235517,2,-14.956610515569169,-8.994901675163868,중립,,0.0,,25.0,관찰,25.0
2026-10-02T03:51:17+09:00,ZETA,KRW-ZETA,,70.6,-0.28248587999999997,11222662302.352839,1790880555824,False,False,,939996956.6822984,1051769004.1658117,1535499077.076099,2499920976.7806897,3068877780.0882287,0.8937294719270008,0.5543318398202073,0.4033189716139594,1,-1.6666666666666718,-5.09383378016085,중립,,,,,,,,,,,,,,NO_DATA,,0.0,,25.0,관찰,25.0
2026-10-02T03:51:17+09:00,FLOCK,KRW-FLOCK,,86.0,-4.55049945,5663589656.991043,1790880654741,False,False,,8779976745.089445,11096578529.029034,15678719912.27088,8842480695.776299,11641525936.892641,0.7912327860448806,0.739516355972062,0.7456591062630199,1,-7.017543859649134,-8.434959349593507,중립,,,,,,,,,,,,,,NO_DATA,,0.0,,25.0,관찰,25.0
2026-10-02T03:51:17+09:00,SEI,KRW-SEI,SEIUSDT,97.5,-3.4653465299999997,5563395932.310651,1790880664177,False,False,,8855298915.788832,10308325634.27267,22898113694.215786,10291383553.012356,9321732754.902367,0.8590433820160979,0.6107408368400136,0.6047517730932419,1,-5.607476635514019,0.0,중립,5907924.293287,-1.443,9985784.965248,11845052.463651,33064035.195206,10643171.503871,14069172.026541,0.8430342538280393,0.5392643854139323,0.5439277190968065,1,-6.921422244717201,-1.6577540106951894,중립,,0.0,,25.0,관찰,25.0
2026-10-02T03:51:17+09:00,ETC,KRW-ETC,ETCUSDT,12060.0,-0.57708162,4058069548.138603,1790880677676,False,False,,5049267182.042468,5986224715.533039,7023346064.081847,4064383601.5935335,5783833070.050384,0.843481062269621,0.8871876548293384,0.7917450622451843,1,-6.764027671022288,-5.603112840466928,중립,5566565.6658,0.454,7486323.4127,6335141.6734,6282322.8597,3143511.7325,5422341.8775,1.1817136535609905,1.4249732922394587,1.2937889615180718,4,-7.299270072992692,-6.421052631578938,연속 가속형,,0.0,,25.0,관찰,25.0
2026-10-02T03:51:17+09:00,POL,KRW-POL,POLUSDT,147.0,-5.16129032,3775285944.4103856,1790880534035,False,False,,3927142077.146339,4227628880.0489774,5489951437.785447,2439214404.6058927,3602430986.3148084,0.9289230887032929,0.9691227416789061,0.9714170491170635,1,-6.060606060606055,-1.273885350318471,중립,10709353.98035,-3.895,13247575.536117,15849082.794271,18307078.584333,9530285.679891,11368259.391063,0.835857551384969,0.909726683773037,0.9720761493571783,1,-6.5366972477064245,-1.9085281980742885,중립,,0.0,,25.0,관찰,25.0
2026-10-02T03:51:17+09:00,ENS,KRW-ENS,ENSUSDT,9425.0,-0.8416622800000001,2525875178.377967,1790880680193,False,False,,4503173753.456954,5507311284.451462,4911255041.911808,3274452696.9403462,2963833783.013102,0.8176719130023677,0.9865991741762378,1.0210316026930508,1,0.15806111696523573,-2.0103092783505194,중립,1049655.9539,-0.288,1586633.5992,2844783.1725,1546528.025,1150658.9331,952863.6632,0.5577344574228706,0.8588824344826758,0.9485507299371907,1,-0.28530670470755526,-2.781641168289295,감소형,,0.0,,25.0,관찰,25.0
2026-10-02T03:51:17+09:00,SAHARA,KRW-SAHARA,SAHARAUSDT,12.6,-0.7874015700000001,2056221131.997325,1790880643943,False,False,,2448638610.1829057,3080808847.913265,7075726463.627898,3911595547.3575625,4091737000.1330953,0.7948038099934212,0.5221671524260876,0.5629942626925822,1,-5.223880597014929,-4.511278195488733,중립,814351.84394,-0.108,1138853.20015,1372588.333,2060199.42345,1026390.15343,1653134.63841,0.8297121378416961,0.766185980801547,0.7530320984300802,1,-6.130653266331665,-5.177664974619289,중립,,0.0,,25.0,관찰,25.0
2026-10-02T03:51:17+09:00,ATOM,KRW-ATOM,ATOMUSDT,2328.0,-1.64765526,1898409442.3930004,1790880619518,False,False,,1508391280.0048594,1966515423.853107,3303458517.173811,1352849862.5475645,1836383640.010355,0.7670376045408185,0.6832695500025598,0.7477708109925695,1,-7.212857702861619,-2.3917525773195836,중립,2596212.22402,-0.754,3732390.11574,6888410.09964,5923038.9605,4273829.47847,4112897.81137,0.5418362237078569,0.6553694937964389,0.7187154755535048,1,-7.476139978791085,-2.622767857142849,감소형,,0.0,,25.0,관찰,25.0
2026-10-02T03:51:17+09:00,CFG,KRW-CFG,CFGUSDT,198.0,-2.94117647,1670782983.380755,1790880672334,False,False,,2157065535.0309687,2279966409.0519123,3909259842.6960053,3317633450.915733,4083906565.855541,0.9460953137147095,0.6806870835886842,0.6171316028683842,1,-9.734513274336287,-5.116279069767438,중립,2129241.00862,-0.684,3343364.65702,3727145.36593,3970174.8659,3654737.03126,2120588.16306,0.8970309254857198,0.8835485708543577,0.986579771745955,1,-10.096153846153832,-5.91194968553459,중립,,0.0,,25.0,관찰,25.0
2026-10-02T03:51:17+09:00,KAITO,KRW-KAITO,KAITOUSDT,464.0,-2.10970464,1610377980.4360445,1790880585444,False,False,,1598554152.4847195,1686293984.324753,2504874792.559625,1416279118.6572537,2665275256.7620263,0.9479688401573896,0.8552308548898141,0.8033724597413372,1,-3.2653061224489743,-1.2499999999999956,중립,2004987.26318,-0.843,2712955.59141,2432824.35459,2800010.40681,1510200.046,2064985.68967,1.1151465112109213,1.2070035238878156,1.2598446091453321,2,-2.938730246742449,-1.5189873417721378,중립,,0.0,,25.0,관찰,25.0
2026-10-02T03:51:17+09:00,ARDR,KRW-ARDR,,41.1,-1.6746411499999998,1436699908.4513724,1790880629324,False,False,,3159017372.74492,3273884871.4973555,10956650434.700672,812298186.8629528,1498862910.8178852,0.9649140078954885,0.6300044551185369,0.8625198274258404,1,-1.1820330969267157,-7.317073170731714,중립,,,,,,,,,,,,,,NO_DATA,,0.0,,25.0,관찰,25.0
2026-10-02T03:51:17+09:00,JUP,KRW-JUP,JUPUSDT,446.0,-0.22371365,1240668661.555828,1790880523889,False,False,,2594503071.957283,3013990629.5411963,5136339493.234394,3529787836.045504,3701969898.403964,0.860819886607355,0.6663896069639916,0.6457669002828806,1,-11.309523809523814,-3.0368763557483747,중립,3470916.47297,0.799,5722364.78769,6902047.03762,10598449.74157,7087091.53458,5451753.66575,0.8290822645078954,0.6982016350686888,0.7496289933869489,1,-11.263440860215058,-3.3947907521217457,중립,,0.0,,25.0,관찰,25.0
2026-10-02T03:51:17+09:00,VTHO,KRW-VTHO,VTHOUSDT,0.91,-2.56959315,1231373557.3237588,1790880582297,False,False,,1456425584.3714652,1537656722.442391,2198760936.602741,3059187680.823201,4298064701.475723,0.9471721243855394,0.6429562245883825,0.477732567780631,1,-9.320388349514563,-13.518518518518519,중립,61650990.584027,-0.299,16426085.509167,17559804.567635,16763983.51243,76111215.052677,20951947.94085,0.9354366926977313,0.4462195420800498,0.32232918598932414,1,-9.27152317880796,-14.160401002506273,중립,,0.0,,25.0,관찰,25.0
2026-10-02T03:51:17+09:00,JPYC,KRW-JPYC,,8.56,-0.23310023000000002,1135702435.735832,1790880294319,False,False,,859653062.0279824,921894373.7899803,1899004136.411753,1022664404.4608597,1250263158.2683022,0.9324854196624295,0.6709813897531429,0.6819449617971399,1,0.1166861143523823,-0.34843205574912606,중립,,,,,,,,,,,,,,NO_DATA,,0.0,,25.0,관찰,25.0
2026-10-02T03:51:17+09:00,ZKC,KRW-ZKC,ZKCUSDT,56.9,-0.8710801400000001,1100639471.3092875,1790880610056,False,False,,1059881170.4734648,1257073907.30738,2608535424.32849,2417817042.4090457,3455438784.1736565,0.843133537584678,0.5060365670161453,0.46816369645433914,1,-7.119741100323617,-1.5437392795883298,중립,429761.06743,-0.476,410784.48121,291629.10686,796276.27337,776929.46989,825262.65865,1.408585328237493,0.6608378449977484,0.6608692942278296,2,-7.8947368421052655,-2.552204176334094,중립,,0.0,,25.0,관찰,25.0
2026-10-02T03:51:17+09:00,VET,KRW-VET,VETUSDT,11.9,-0.8333333300000001,906629617.0571738,1790880590810,False,False,,715076914.9281629,932049539.7281693,1247643267.6484022,774775244.77991,1110578197.936596,0.7672091283224215,0.726097120332262,0.7254010885568221,1,-3.2258064516129115,-6.976744186046513,중립,1454327.0956031,-1.017,1311552.0791592,1749419.1301142,1829585.245505,1805608.0399451,3105022.6978709,0.7497071779897498,0.7307222755911678,0.6206056365597145,1,-3.8323743350342054,-6.9928601427971415,감소형,,0.0,,25.0,관찰,25.0
2026-10-02T03:51:17+09:00,ID,KRW-ID,IDUSDT,49.9,-2.15686275,885709633.8101543,1790880186466,False,False,,566144790.6956267,682789129.7698361,1557882123.1473405,955521246.9697388,834450945.4440094,0.8291649149225188,0.5313930159547564,0.5422197698445556,1,-5.904059040590415,-3.5916824196597363,중립,333562.6064,-2.151,301287.2875,318518.3322,535159.3276,271982.9593,333821.0311,0.9459025024368753,0.8029612541857111,0.8499601037367622,1,-6.75,-4.846938775510202,중립,,0.0,,25.0,관찰,25.0
2026-10-02T03:51:17+09:00,BSV,KRW-BSV,,26810.0,-0.9604728499999999,850283779.9015952,1790880534039,False,False,,867597760.6033612,1037673342.4501705,1890427629.9000912,1100154631.3252623,1168562143.96585,0.8360991124189197,0.6461340932375798,0.5972163518141756,1,-6.590752242926157,-7.673942701227832,중립,,,,,,,,,,,,,,NO_DATA,,0.0,,25.0,관찰,25.0
2026-10-02T03:51:17+09:00,EUL,KRW-EUL,EULUSDT,1875.0,-1.3677012100000001,753596317.6010573,1790880586391,False,False,,751837610.2869008,783865226.5347394,5880425340.432155,1410705228.3242621,2036415440.3273146,0.9591414248729667,0.2793206198541898,0.3415598763014291,1,-7.807953443258975,-3.6004056795131856,중립,648577.11814,-2.222,632013.49955,630942.17462,2171678.31016,688931.24688,1280823.66631,1.0016979764122524,0.5430366336713445,0.5927381207209468,2,-8.20748522652659,-4.180945853324203,중립,,0.0,,25.0,관찰,25.0
2026-10-02T03:51:17+09:00,BLAST,KRW-BLAST,,0.563,-2.5951557100000002,742444837.8790221,1790880606273,False,False,,1387771398.3093429,1513387424.9972043,2945084106.629026,5237812604.019222,4104984173.507495,0.9169967817803868,0.4293721323226147,0.16856826613350215,1,-8.83280757097793,-13.731343283582099,중립,,,,,,,,,,,,,,NO_DATA,,0.0,,25.0,관찰,25.0
2026-10-02T03:51:17+09:00,LAYER,KRW-LAYER,LAYERUSDT,104.0,-2.8037383200000003,696577858.7078604,1790880293039,False,False,,815671339.7243128,941970506.8784773,2726176390.420811,1350579788.9927747,1026309590.0710856,0.8659202530950809,0.4875766647856335,0.6072761879706792,1,-6.140350877192979,-1.834862385321101,중립,412494.761997,-0.778,491071.255861,612577.231097,913751.683328,666666.772354,423824.055424,0.8016479081039174,0.6717814250454857,0.8318436146203912,1,-7.674144037780395,-2.736318407960192,중립,,0.0,,25.0,관찰,25.0
2026-10-02T03:51:17+09:00,SKR,KRW-SKR,,23.3,-4.89795918,686790278.3053201,1790880632668,False,False,,501339276.1892216,517816750.39933735,1089782260.559643,1137387348.1673708,797704642.9124533,0.9681789470939123,0.5479145000364772,0.5714998682732487,1,-3.9215686274509776,-11.552346570397109,중립,,,,,,,,,,,,,,NO_DATA,,0.0,,25.0,관찰,25.0
2026-10-02T03:51:17+09:00,POWR,KRW-POWR,POWRUSDT,89.5,-1.64835165,424513163.43284225,1790879934322,False,False,,695436291.406475,769316265.6482794,701630819.0714033,652975185.9377671,1639108515.52632,0.9039667071389059,0.9822905965262175,0.7473592858125198,1,-4.311251314405884,-5.2083333333333375,중립,114387.6544,-2.671,268061.8847,251590.2329,215772.3973,158612.349,210354.5347,1.0654701560157425,1.2846929682840589,1.2938092009426805,4,-4.829545454545459,-5.63380281690139,연속 가속형,,0.0,,25.0,관찰,25.0
2026-10-02T03:51:17+09:00,BARD,KRW-BARD,BARDUSDT,187.0,-2.0942408400000003,382657016.7205627,1790880542586,False,False,,553904503.967953,666532154.9272028,1039384849.1692346,503596149.607618,634597802.23686,0.8310244297643062,0.7520722423028537,0.8056568052059384,1,-6.829268292682922,-4.020100502512558,중립,501741.7399,-1.295,494333.10267,738662.43881,509575.42298,420699.74066,447061.10581,0.6692273448564415,0.8885888279064222,0.8479395969720787,1,-7.176079734219276,-5.03059143439838,감소형,,0.0,,25.0,관찰,25.0
2026-10-02T03:51:17+09:00,BREV,KRW-BREV,BREVUSDT,117.0,-3.3057851200000004,211666430.4243182,1790880629675,False,False,,196518570.3082608,204934693.68146637,600571775.5594938,312734147.50547904,291500795.6545754,0.9589326569258844,0.5272172214957775,0.5961182003793895,1,-1.6260162601625994,-3.200000000000003,중립,240350.43936,-2.176,221796.12801,182834.37635,331395.3849,228717.56897,163942.35967,1.2130986110916882,0.8956064002988833,0.9512508036153218,2,-1.9911504424778736,-3.800217155266017,중립,,0.0,,25.0,관찰,25.0
2026-10-02T03:51:17+09:00,CKB,KRW-CKB,CKBUSDT,1.76,-2.22222222,170090211.57125068,1790879988690,False,False,,185349835.186103,203798998.8212613,381061750.4729305,198866818.33452657,225247524.08964974,0.9094737278305334,0.7094933603531614,0.6995078954603938,1,-6.735751295336778,-7.692307692307687,중립,244181.938918,-0.845,383632.235106,264105.11686,426768.185946,298509.582669,328533.915645,1.4525740344113072,1.1632470322805895,1.0699438833380015,2,-7.253521126760565,-9.046961325966851,중립,,0.0,,25.0,관찰,25.0
2026-10-02T03:51:17+09:00,MANA,KRW-MANA,MANAUSDT,122.0,0.0,156187302.19929293,1790880637674,False,False,,273477437.438803,310867830.80433726,422434722.5933814,230051015.77932343,216139077.0996889,0.8797225390971121,0.8516419501276924,0.6653136175764279,1,-2.400000000000002,-2.400000000000002,중립,364767.4526,1.243,620999.6871,634389.2821,691676.3621,373383.5429,420515.2525,0.9788937244404937,1.0962369898679274,0.868623876815385,1,-2.600216684723722,-3.3333333333333437,중립,,0.0,,25.0,관찰,25.0
2026-10-02T03:51:17+09:00,HUNT,KRW-HUNT,,138.0,0.0,102154069.03466877,1790880450713,False,False,,177420912.96059477,206763847.07823676,321356336.90950847,167241175.71379066,451084632.30524045,0.8580847931962738,0.765447679045961,0.6474052411854638,1,-3.4965034965035002,-2.8169014084507005,중립,,,,,,,,,,,,,,NO_DATA,,0.0,,25.0,관찰,25.0
2026-10-02T03:51:17+09:00,USDT,KRW-USDT,,1359.0,-0.07352941,71065443110.84808,1790880672959,False,False,,72578772368.23082,83961507289.44925,99235751784.747,46114573562.700485,43538457052.93687,0.8644291260520426,0.9495206357251808,1.0430066870223231,1,0.4431314623338345,0.5173688100517326,중립,,,,,,,,,,,,,,NO_DATA,,0.0,,24.9,관찰,24.9
2026-10-02T03:51:17+09:00,ETH,KRW-ETH,ETHUSDT,3672000.0,0.54764513,66194166188.07187,1790880681449,False,False,,79562019962.6668,90415076982.755,102509171733.25249,52618705914.91758,33503538009.07183,0.8799640791971207,0.9720745612382514,1.0966296636819515,1,0.3296703296703285,0.27457440966502933,중립,705710469.255971,0.817,732267196.250156,853836574.439267,779141918.865414,413981188.407887,232408625.067851,0.8576198515869993,1.0732021780285073,1.257383700964193,1,-0.09819054172167663,-0.20805391568614606,중립,,0.0,,24.9,관찰,24.9
2026-10-02T03:51:17+09:00,VVV,KRW-VVV,,37430.0,0.0802139,828199652.1346736,1790880547013,False,False,,892334392.6737078,1026920297.1880865,1360192201.9195788,3446086691.2242074,885237193.7668076,0.8689422101375327,0.45892538393992655,0.5169429036639699,1,-5.864585955197588,-8.62448082091376,중립,,,,,,,,,,,,,,NO_DATA,,0.0,,24.9,관찰,24.9
2026-10-02T03:51:17+09:00,AXL,KRW-AXL,AXLUSDT,69.6,0.14388489000000002,532847302.9237323,1790880553311,False,False,,563508559.562091,571799227.5223174,3456235139.3677144,5812403481.727314,358943771.528814,0.9855007359905836,0.17179374583660464,0.2635742223453054,1,-6.961178045515403,-3.472222222222221,중립,732024.099939,0.394,731745.808803,456180.788142,1640523.647627,1823949.653141,426730.79741,1.6040697631817458,0.5599161202765808,0.7595919970894374,2,-7.608695652173914,-4.494382022471921,중립,,0.0,,24.9,관찰,24.9
2026-10-02T03:51:17+09:00,APT,KRW-APT,APTUSDT,1053.0,0.28571429,6442955265.766334,1790880681447,False,False,,5975148176.608398,6798076540.487979,6947541358.002651,6418606050.97403,6027131145.979233,0.8789468816688979,0.888972696134983,0.8964411902098647,1,-10.409556313993173,-11.092294665537683,중립,10570773.595852,-0.604,12027958.603911,14324996.870259,12703345.379531,9963255.46664,9326794.654447,0.8396482535282768,0.9754614031095544,1.010054334484484,1,-10.860513532269255,-11.657496561210445,중립,,0.0,,24.8,관찰,24.8
2026-10-02T03:51:17+09:00,LINEA,KRW-LINEA,LINEAUSDT,3.87,-2.7638191,625150201.9349948,1790880631316,False,False,,709330455.6454579,823465791.6112721,1634726239.6158504,920766905.2231573,1380578315.800216,0.8613963844903793,0.6297772204275163,0.5963119239747992,1,-2.9268292682926744,0.75949367088608,중립,1099411.501732,-1.551,1025780.070951,1133657.205596,3289059.696665,955986.056151,1093619.568089,0.9048414863748115,0.5721342555346371,0.6948228952638333,1,-3.439153439153453,-0.2050580997949525,중립,,0.0,,24.8,관찰,24.8
2026-10-02T03:51:17+09:00,CASHCAT,KRW-CASHCAT,,230.0,0.43668122000000004,3681523346.7981844,1790880631976,False,False,,,,,,,,,,,,,NO_DATA,,,,,,,,,,,,,,NO_DATA,,0.0,,24.7,관찰,24.7
2026-10-02T03:51:17+09:00,USDC,KRW-USDC,USDCUSDT,1360.0,0.0,1581957456.8020623,1790880558333,False,False,,1318222080.6696765,1530278582.0070238,1761778859.9772894,1153356903.4482853,1200605612.706693,0.8614262109979829,0.8896057678115464,0.9957876505664381,1,0.2949852507374562,0.7407407407407307,중립,4364039837.66074,0.011,2901145994.44802,3048582782.34266,3449242220.57328,1131292993.26282,875062768.7218,0.9516375973948973,1.1408183734611788,1.2641529082800183,1,0.04599264117741697,0.052995230429275786,중립,,0.0,,24.7,관찰,24.7
2026-10-02T03:51:17+09:00,ASTR,KRW-ASTR,ASTRUSDT,10.0,0.40160643,352584566.18408793,1790880499459,False,False,,320662130.92639095,344815440.1984187,441332219.1243052,289142569.1020807,253700353.68204862,0.9299529358136368,0.8946295310321838,0.9709203239148406,1,-5.142857142857138,-2.3529411764705688,중립,449211.8662098,2.225,536855.1701247,372884.7603166,595716.3735668,352918.9245235,421552.236138,1.4397348115511075,1.2187219559237303,1.2634893696494984,2,-4.823192927717102,-2.542598509052174,중립,,0.0,,24.7,관찰,24.7
2026-10-02T03:51:17+09:00,MOC,KRW-MOC,,30.2,-0.330033,105103282.06815483,1790874982964,False,False,,133781573.05789398,152436790.5075433,475606468.01536703,664498369.9833472,514560835.8465426,0.8776199801403837,0.31050815720148306,0.27032588417200626,1,-2.2580645161290325,1.3377926421404673,중립,,,,,,,,,,,,,,NO_DATA,,0.0,,24.7,관찰,24.7
2026-10-02T03:51:17+09:00,LA,KRW-LA,LAUSDT,94.4,0.53248136,4587820246.612924,1790880665746,False,False,,2695056914.0922995,3044543768.4845533,6647412190.950571,3273346362.0892315,2722968081.139513,0.8852087928543022,0.6236006335813934,0.7032933394485064,1,-5.342741935483863,-7.029702970297025,중립,1308956.1169,1.754,903323.7108,825577.86939,1144764.21356,943480.23966,1226975.31185,1.0941714213674896,0.9300399380469416,0.8637814042955932,2,-5.874316939890711,-7.7643908969210145,중립,,0.0,,24.6,관찰,24.6
2026-10-02T03:51:17+09:00,BCH,KRW-BCH,BCHUSDT,418800.0,0.50395968,3522673904.035811,1790880561470,False,False,,4946931325.562694,5432749600.374084,9596574726.524368,9227583177.172312,5935642055.974839,0.9105759862781199,0.6118172307907559,0.5819810332183989,1,-7.399999999999995,-10.251992246392415,중립,10113229.1351,0.065,15230245.9353,20406146.0071,24410486.7015,20430272.4248,10751602.9987,0.7463558248579066,0.7002744070769854,0.7193323787388479,1,-7.882069795427194,-10.806874453830472,감소형,,0.0,,24.6,관찰,24.6
2026-10-02T03:51:17+09:00,WAXP,KRW-WAXP,WAXPUSDT,8.46,-0.70422535,317460665.5612594,1790880613843,False,False,,461411473.4810164,490177241.35227627,1185790009.8443406,3247008281.521007,42462153497.91535,0.9413155784387249,0.2811784074983838,0.03285964910076383,1,-1.9562715765247374,2.0359281437125842,중립,234338.02937,-0.64,313403.46394,340659.97417,394939.74408,559065.29223,1877779.88597,0.9199891026340589,0.7262190483323674,0.294357218083801,1,-2.336448598130836,1.9512195121951237,중립,,0.0,,24.6,관찰,24.6
2026-10-02T03:51:17+09:00,SHIB,KRW-SHIB,SHIBUSDT,0.00788,0.6385696,5420063861.944927,1790880670135,False,False,,6244131140.531029,7767983503.001731,10333046871.257227,6164235630.590132,7257317016.724076,0.8038290938849381,0.7719838479351376,0.7495967068437471,1,-2.49066002490661,-2.7329192546583836,중립,3655273.11797241,1.222,4684844.91015352,4724454.10178291,5349305.0658219,4569829.53060953,4734969.35211526,0.9916161336789278,0.9597739338427601,0.9097106586124895,1,-2.866779089376059,-3.3557046979865723,중립,,0.0,,24.5,관찰,24.5
2026-10-02T03:51:17+09:00,2Z,KRW-2Z,2ZUSDT,76.6,-5.8968059,4534888473.123206,1790880643300,False,True,입금량급등,3312971312.419256,2620478011.3151684,4444744136.350129,11479689720.476973,46377199389.2875,1.2642622064042959,0.5359375125600635,0.2482067607285173,2,-11.52173913043477,2.3899371069182385,중립,3403464.40965,-7.938,2343001.5204,2261295.6006,3628614.58169,3276419.57963,14791129.08431,1.0361323481009383,0.7668286810279111,0.4466538939063321,2,-12.090013237240772,1.5287922541192378,중립,,0.0,,24.5,관찰,24.5
2026-10-02T03:51:17+09:00,G,KRW-G,GUSDT,6.49,0.62015504,4138622198.72025,1790880652848,False,False,,3267911426.903149,3443820340.9609303,7267445874.393592,4572135501.858091,3901990047.0562687,0.9489204149341027,0.6414628406755936,0.5311681313698435,1,-14.228723404255316,-18.147208121827408,중립,1091075.92567,1.274,1258474.55239,1105665.01192,2163928.95765,1439318.94913,1610028.53919,1.1382060016574502,0.8017611967673188,0.7106435365714546,2,-14.954954954954957,-18.760757314974175,중립,,0.0,,24.5,관찰,24.5
2026-10-02T03:51:17+09:00,OPEN,KRW-OPEN,OPENUSDT,177.0,0.56818182,655732989.1994864,1790880521674,False,False,,694076503.2066075,808856955.7477189,1860351222.7360988,1359552016.0778334,1503851136.4397848,0.8580954868157042,0.5168412635804398,0.5119186040116865,1,-6.8783068783068835,-6.8783068783068835,중립,685440.43826,1.962,769727.57567,729862.16025,1424430.76676,762584.16012,830978.09412,1.054620471633089,0.7916626782796913,0.8656997302386378,2,-6.777217015140591,-7.1120689655172376,중립,,0.0,,24.5,관찰,24.5
2026-10-02T03:51:17+09:00,PRL,KRW-PRL,,160.0,0.62893082,565368343.1027907,1790880232530,False,False,,722503201.1526929,904378007.3383466,1985983643.3387537,2036659418.3975313,1606130806.212406,0.7988951470404227,0.43992294188934117,0.467300187937614,1,-4.216867469879515,-2.4539877300613466,중립,,,,,,,,,,,,,,NO_DATA,,0.0,,24.5,관찰,24.5
2026-10-02T03:51:17+09:00,AXS,KRW-AXS,AXSUSDT,1582.0,0.70019096,1098802049.5890088,1790880672961,False,False,,2059369222.2195618,2489002444.4799623,3809294294.7387547,3334933511.6849756,15160232801.627638,0.8273873843662835,0.6413329180083822,0.19184518513829116,1,-1.1327879169288901,-2.179327521793273,중립,1422016.55179,1.837,1993346.53018,1862509.38923,2384477.9048,1929666.95195,5486527.02845,1.0702477752362316,0.9681680975476384,0.46719217428212634,2,-1.3640238704177299,-2.691337258200166,중립,,0.0,,24.4,관찰,24.4
2026-10-02T03:51:17+09:00,TFUEL,KRW-TFUEL,TFUELUSDT,14.4,0.6993007,136659033.27325645,1790880450086,False,False,,226281451.5412189,272299810.6979654,433314997.9011818,1453063754.9459515,310399583.1067175,0.8310011342321865,0.3144721803828087,0.3909232254981763,1,-5.298013245033106,-3.378378378378377,중립,167407.34853,1.836,227151.50704,227293.73385,266161.31036,886631.35062,144985.08439,0.9993742598724967,0.49377671113404603,0.6069278873457167,1,-5.755395683453235,-3.4990791896869267,중립,,0.0,,24.4,관찰,24.4
2026-10-02T03:51:17+09:00,TRX,KRW-TRX,TRXUSDT,457.0,-0.43572985,2795537589.6237617,1790880609414,False,False,,2686183392.1002235,2784883479.4634333,3797993611.610182,2841601413.3366075,2250078551.362814,0.9645586294395964,0.8550658980790968,0.8253313843690386,1,1.7738359201773912,0.4376367614879584,중립,34528392.78902,-0.474,36499167.989,22580827.2263,27789365.75602,18884655.34943,13548453.23128,1.6163786925613264,1.5810806983862917,1.6629783890220613,2,1.1997600479904058,-0.23654642223537303,고수준 유지형,,0.0,,24.3,관찰,24.3
2026-10-02T03:51:17+09:00,KMNO,KRW-KMNO,KMNOUSDT,56.2,-4.25894378,649176806.3615788,1790880660728,False,False,,914586196.4124576,1203395424.147983,1959045896.533412,3981742006.335139,15492312873.99916,0.760004715042019,0.3840548966403956,0.17239549474001362,1,-10.790273556231,3.7102473498233257,중립,1465365.23918,-6.139,1039244.68757,1154620.00501,2269163.18841,2208147.23103,4322522.20685,0.9000750749689281,0.5535817788470763,0.3864635141332368,1,-11.437371663244356,3.3796740172579165,중립,,0.0,,24.2,관찰,24.2
2026-10-02T03:51:17+09:00,TAO,KRW-TAO,TAOUSDT,414700.0,1.2945774300000001,2490328771.495947,1790880523892,False,False,,2691113317.937377,2961503923.60242,3503286700.489166,4391027473.88628,6108682892.241184,0.9086982112331171,0.7436878437854415,0.6059727911379589,1,-5.472177326252603,-4.7242262043285965,중립,34737533.73326,0.695,42066408.70719,44100848.50993,58979693.42493,47054426.2516,58668835.2636,0.9538684657670041,0.8405718377669151,0.7942177819270192,1,-5.909943714821775,-5.3178099433606185,중립,,0.0,,24.0,관찰,24.0
2026-10-02T03:51:17+09:00,AVNT,KRW-AVNT,AVNTUSDT,167.0,-4.57142857,884152350.90891,1790880548274,False,False,,1090231106.9395337,1231249650.3027768,5581408326.980525,1195438873.5401845,5782477902.048407,0.8854671403735503,0.4084232972884525,0.3507078707688676,1,0.5747126436781658,3.5502958579881616,중립,701863.69284,-5.547,738519.51255,688065.24818,2611917.82875,831675.04443,3607849.00092,1.0733277323676156,0.5362395611088737,0.3767233646455676,2,-0.31007751937985883,3.21027287319422,중립,,0.0,,24.0,관찰,24.0
2026-10-02T03:51:17+09:00,GRT,KRW-GRT,GRTUSDT,38.8,-2.75689223,748980794.8068111,1790880629000,False,False,,1207999702.126848,1357947824.0735304,7040990001.6251135,9071361149.54614,731855728.3630054,0.8895774054875889,0.20743772682515105,0.31112717759378156,1,-17.901234567901238,4.724409448818889,중립,1663940.71172,-0.902,2539594.8624,3078667.60887,8903797.89491,8625115.02899,1125552.21867,0.8249006339895646,0.36970786430190933,0.5202525434998408,1,-18.710036141228812,3.2850582832921305,중립,,0.0,,24.0,관찰,24.0
2026-10-02T03:51:17+09:00,QKC,KRW-QKC,QKCUSDT,3.83,1.59151194,9998265484.705523,1790880618263,False,False,,318837072.4933537,391634324.2779166,919999238.174926,1092759978.830193,796124737.5694954,0.8141193269543362,0.3978180780545793,0.2736797664105696,1,-6.451612903225811,-7.823960880195591,중립,873243.065602,0.503,129161.712138,109578.887512,143099.227163,204419.918211,144058.958426,1.1787098324378908,0.8477068561584438,0.5045946203192438,2,-7.018716577540096,-7.482540738277354,중립,,0.0,,23.7,관찰,23.7
2026-10-02T03:51:17+09:00,META,KRW-META,,12.0,1.6949152499999998,117038446.85566878,1790879707693,False,False,,60190957.05480884,68520019.92707613,143207589.626448,213348513.98260647,132784484.93596867,0.8784433676299034,0.42480125597804413,0.42177069410771245,1,-2.4793388429751984,-4.8387096774193505,중립,,,,,,,,,,,,,,NO_DATA,,0.0,,23.6,관찰,23.6
2026-10-02T03:51:17+09:00,META2,KRW-META2,,8170.0,2.31684408,7996495949.598358,1790880542580,False,False,,1287005824.3900883,1691268972.1821597,6914874035.885461,37052125116.073135,23733103758.412453,0.7609705171434258,0.08456337990465392,0.08827994177487347,1,-11.277777777777775,-0.3121098626716612,중립,,,,,,,,,,,,,,NO_DATA,,0.0,,23.1,관찰,23.1
2026-10-02T03:51:17+09:00,CPOOL,KRW-CPOOL,,49.9,0.40241449,3970870460.984546,1790880669823,False,False,,1564134317.0973244,2041328633.0846634,8660813458.839634,4225574305.575965,26946587683.036934,0.7662334676282633,0.314341646527914,0.1736226709897781,1,1.0162601626016343,5.7446808510638325,중립,,,,,,,,,,,,,,NO_DATA,,0.0,,23.1,관찰,23.1
2026-10-02T03:51:17+09:00,STX,KRW-STX,STXUSDT,517.0,2.7833002,26858307622.60327,1790880643309,False,False,,13200206905.736553,3295061519.5244155,5656939672.173287,8127510943.64809,9516321270.439722,4.006057801203594,2.318603740165199,2.045696836659654,2,9.825327510917026,14.318181818181808,일회성 폭증형,12270008.76303,7.564,8093460.19765,1125506.85173,2295389.15276,2543947.18361,3073574.50456,7.190947069944232,4.070581543767977,3.6456184712425954,2,9.899527186761237,13.939950980392158,일회성 폭증형,,0.0,,22.0,관찰,22.0
2026-10-02T03:51:17+09:00,IMX,KRW-IMX,IMXUSDT,234.0,2.6315789499999998,362339480.0082386,1790880590492,False,False,,391313405.18300647,464607231.8458094,1568509875.4383714,1151696682.1553848,734383159.4712043,0.8422456181501558,0.3686056055903974,0.4240266017249466,1,-11.969111969111967,4.587155963302747,중립,606333.325698,4.681,784855.811645,938686.628492,3128121.173108,1686061.242208,922221.479567,0.8361212228045378,0.40928576976201075,0.5058219821622416,1,-12.519643792561542,3.4696406443618377,중립,,0.0,,21.9,관찰,21.9
2026-10-02T03:51:17+09:00,DEEP,KRW-DEEP,,31.2,-0.63694268,1163930388.1788082,1790880619529,False,False,,4623360434.823575,826441924.2268783,2143454962.991837,6313913085.301114,1404081062.7881067,5.594295617503488,1.4940074544315647,1.3355540393552916,2,-3.384615384615386,0.9646302250803762,일회성 폭증형,,,,,,,,,,,,,,NO_DATA,,0.0,,20.4,관찰,20.4
2026-10-02T03:51:17+09:00,OP,KRW-OP,OPUSDT,176.0,-0.56497175,345020082.1273831,1790880503275,False,False,,461909423.9619071,632186413.5002618,1025747529.5245478,566818697.8174865,816831250.957464,0.730653829468475,0.622868469260961,0.5006853138435783,1,-11.940298507462687,-10.606060606060607,감소형,10397444.688794,-0.464,10787735.610572,8225023.671284,7644161.509854,4279659.367694,7384000.545402,1.3115750229674337,1.606206586848279,1.4665207772957072,4,-13.25301204819278,-11.475409836065575,연속 가속형,EARLY,5.0,Binance 연속가속 우위,18.0,관찰,18.0
2026-10-02T03:51:17+09:00,MBL,KRW-MBL,MBLUSDT,1.11,0.9090909100000001,502496689.1422882,1790879878188,False,False,,184364796.74368623,277071232.6616316,1067697084.21981,312702944.4419855,319658586.47516066,0.6654057693850828,0.3336977256483072,0.4012362497785374,1,-4.347826086956507,-5.172413793103436,감소형,615747.722083,-0.122,560202.892052,448567.584826,333294.087574,162693.17996,171838.523289,1.2488706518312143,1.7792600101062912,2.060746066757379,4,-3.8732394366197243,-3.8732394366197243,연속 가속형,EARLY,5.0,Binance 연속가속 우위,17.3,관찰,17.3
2026-10-02T03:51:17+09:00,LPT,KRW-LPT,LPTUSDT,2347.0,-3.13660751,214252306.94464138,1790879924855,False,False,,397809519.5372839,78412867.03742911,443452878.4216685,1032380302.4272715,479214082.84828466,5.073268387794008,0.7678504701587011,0.8416527764125419,2,-0.8592471358428777,2.7565733672603843,일회성 폭증형,800764.26937,-2.384,1428882.8693,890702.4435,1349845.56644,1687486.65687,1307100.89314,1.6042202193644255,1.0912960224409713,1.0708460058301608,2,-1.1653718091010012,2.2975301550832716,중립,,0.0,,14.4,관찰,14.4
2026-10-02T03:51:17+09:00,ARKM,KRW-ARKM,ARKMUSDT,179.0,-0.5555555600000001,323662797.282757,1790880528941,False,False,,1396539107.3160887,3700722648.2636228,481778421.1870372,400168560.4425198,452927091.0845152,0.37736929785087897,0.914230712731069,1.26701045865512,1,-8.163265306122447,-3.7433155080213942,감소형,977440.68752,-0.151,1853791.13516,2880243.80584,1245034.93048,907056.99484,1637970.36515,0.6436229917068971,1.105127658920732,1.123345825189138,1,-8.620689655172399,-4.401154401154395,감소형,,0.0,,14.3,관찰,14.3
2026-10-02T03:51:17+09:00,DATA,KRW-DATA,,292.0,-0.68027211,7177963013.736917,1790880652851,False,False,,6274903338.891525,9227613555.574533,18046195994.053455,8772959290.434776,9075113051.978819,0.6800136677917951,0.5222301643789107,0.5104276222306003,1,-7.547169811320753,-7.2555205047318605,감소형,,,,,,,,,,,,,,NO_DATA,,0.0,,13.0,관찰,13.0
2026-10-02T03:51:17+09:00,ARB,KRW-ARB,ARBUSDT,273.0,-1.44404332,5261145792.524936,1790880669822,False,False,,6948402708.818792,10839677343.08904,15907654233.295643,16999696218.708061,9514963647.431482,0.6410156399395804,0.47649427120154336,0.5383535308903366,1,-9.180327868852455,-9.771986970684043,감소형,13706965.86697,-1.281,18412094.49159,27439832.52973,32597447.93638,36445864.16164,22155430.97217,0.6709987924175997,0.5724967162697889,0.6020586336434306,1,-10.30061892130858,-10.498456109395683,감소형,,0.0,,13.0,관찰,13.0
2026-10-02T03:51:17+09:00,LSK,KRW-LSK,LSKUSDT,377.0,-0.52770449,2246080301.3693767,1790880527352,False,False,,3691893922.090325,8914575427.550499,3282389100.1855855,3218280270.2533245,4661539319.073166,0.41414130735609966,0.7184888667947434,0.6294586671220862,1,-6.8796068796068806,-9.330143540669855,감소형,3926654.40839,0.305,3511030.89704,4991777.23076,6362879.34369,4480916.85822,8177758.14141,0.7033628975677355,0.6651538534998312,0.48300876102431456,1,-8.896683673469386,-16.118614210217263,감소형,,0.0,,13.0,관찰,13.0
2026-10-02T03:51:17+09:00,CC,KRW-CC,,164.0,-4.0935672499999995,2159647170.533314,1790880387682,False,False,,2295551689.879947,6638049645.136911,6760360664.637764,1805957812.103909,4761875245.716115,0.3458171921871188,0.4529392484078423,0.4795310316431335,1,-8.064516129032262,-1.7241379310344862,감소형,,,,,,,,,,,,,,NO_DATA,,0.0,,13.0,관찰,13.0
2026-10-02T03:51:17+09:00,UP2,KRW-UP2,,91.6,-4.08376963,1812423315.0919495,1790880592703,False,False,,1743814432.0797217,6040406810.521175,1456511938.019588,1398915526.0265374,3320237954.492803,0.2886915545228423,0.5880778727179723,0.5330647642605888,1,-0.2089864158829724,-0.6243496357960399,감소형,,,,,,,,,,,,,,NO_DATA,,0.0,,13.0,관찰,13.0
2026-10-02T03:51:17+09:00,CP,KRW-CP,,17.1,-1.7241379300000002,1554120441.9589324,1790880614493,False,False,,1559368626.9336069,2482848400.520668,4133863892.8922143,2231776752.114995,3243233227.9681396,0.6280563189466574,0.5286897974027764,0.536117145667954,1,-3.8674033149171394,-5.434782608695654,감소형,,,,,,,,,,,,,,NO_DATA,,0.0,,13.0,관찰,13.0
2026-10-02T03:51:17+09:00,IRYS,KRW-IRYS,,21.9,-2.66666667,1249826357.1949909,1790880372678,False,False,,1574453227.6806483,3538800383.9578795,42373621636.32119,295724527.42604685,392244077.4361227,0.4449115680042235,0.1022191980404487,0.16655726993694753,1,-0.8810572687224627,-3.0172413793103425,감소형,,,,,,,,,,,,,,NO_DATA,,0.0,,13.0,관찰,13.0
2026-10-02T03:51:17+09:00,CHZ,KRW-CHZ,CHZUSDT,22.1,-0.45045045,1208147746.1709132,1790880594924,False,False,,1930884415.9779475,2600327853.7637496,3446057572.2463756,2251736423.884769,2164912543.588663,0.7425542179933808,0.6980679908920853,0.7302327951968446,1,-1.333333333333342,-3.056768558951961,감소형,1211976.18195,0.933,1413649.17036,1962803.26276,2331703.91361,1054489.51777,2165420.0321,0.7202194927942979,0.7928491553801288,0.7347758522468144,1,-2.048192771084334,-3.444180522565321,감소형,,0.0,,13.0,관찰,13.0
2026-10-02T03:51:17+09:00,GMT,KRW-GMT,GMTUSDT,11.7,0.0,1149668441.7338789,1790880597455,False,False,,530189362.52776253,915451455.7126865,1255834302.9223845,817101758.9552699,554838614.0873101,0.5791561739502677,0.5322496089348638,0.6115223090726986,1,-4.87804878048782,-3.3057851239669422,감소형,534265.419965,-0.233,330503.86213,388160.127668,564739.650448,530674.933593,327583.309601,0.8514626788578492,0.6683260226563386,0.7071464426921119,1,-4.540420819490598,-3.7946428571428603,중립,,0.0,,13.0,관찰,13.0
2026-10-02T03:51:17+09:00,B3,KRW-B3,,1.08,-3.57142857,1083963719.3517978,1790880644255,False,False,,1931144527.0212042,4637694568.377155,4941007451.283248,14135762584.19652,4878575540.299883,0.41640183469368913,0.24429957318628936,0.15489825607418506,1,-2.608695652173898,-2.608695652173898,감소형,,,,,,,,,,,,,,NO_DATA,,0.0,,13.0,관찰,13.0
2026-10-02T03:51:17+09:00,IOST,KRW-IOST,IOSTUSDT,1.19,-3.2520325199999998,1064356805.280095,1790880398924,False,False,,910350290.8432857,1297988552.8909307,2011608500.6384096,2882587196.5004644,1967976181.589408,0.7013546373854516,0.44104806353536913,0.4568029604791915,1,-7.518796992481214,-6.818181818181824,감소형,556624.215129,-2.685,502145.951664,533447.865566,931123.333897,939052.572782,1138678.630271,0.941321512517839,0.6267361275034226,0.5534458241514812,1,-8.3673469387755,-7.51802265705458,중립,,0.0,,13.0,관찰,13.0
2026-10-02T03:51:17+09:00,GAS,KRW-GAS,GASUSDT,1919.0,-1.38746146,944710641.7326804,1790880422360,False,False,,979758789.1358341,1319662120.1314473,2580051255.4184575,1752705454.3112159,12145465293.972284,0.7424315468252157,0.5200032863593939,0.24744479112680062,1,-4.27939006394491,-3.567888999008917,감소형,307143.0462,-0.704,336636.6885,259084.1658,552150.103,418141.0687,1684242.4825,1.2993333168799928,0.821482288357684,0.5152350716315512,2,-4.402935290193466,-4.018754186202278,중립,,0.0,,13.0,관찰,13.0
2026-10-02T03:51:17+09:00,QUID,KRW-QUID,,90.0,-4.15335463,927369271.0411031,1790880655362,False,False,,1200671862.9489586,1928034536.8922777,2261428796.9831176,2572799367.912117,3557051525.6104727,0.6227439602219336,0.5326642497776273,0.4892926059068951,1,-5.247225025227031,-0.42417815482501675,감소형,,,,,,,,,,,,,,NO_DATA,,0.0,,13.0,관찰,13.0
2026-10-02T03:51:17+09:00,ZBT,KRW-ZBT,ZBTUSDT,118.0,-0.8403361300000001,881954051.6059053,1790879634162,False,False,,1180986424.1273835,1701217551.4054873,2107295997.255689,1669878160.7951381,1524275724.480649,0.6942007053428841,0.6467152150268131,0.6857751281835307,1,-3.2520325203251987,-3.2520325203251987,감소형,480302.58039,0.232,410463.07928,534171.21766,572019.41538,554381.57508,499475.38229,0.7684110744080932,0.7415451323457382,0.7241910906405804,1,-2.7808676307007674,-3.3185840707964487,중립,,0.0,,13.0,관찰,13.0
2026-10-02T03:51:17+09:00,F,KRW-F,FUSDT,4.8,-1.2345679,870584847.6329764,1790880661990,False,False,,707016261.9416915,2373976445.0606766,2148135714.4282126,1371685684.647897,1931243672.5285752,0.2978194090395117,0.35987810269656884,0.3725730740353318,1,-5.447470817120614,-6.358381502890175,감소형,255081.31261,-0.142,328087.296951,741171.79676,500540.246878,340633.654587,386546.634428,0.44266025553754096,0.622027090513216,0.7047046246316433,1,-6.379627198739824,-7.28029121164846,감소형,,0.0,,13.0,관찰,13.0
2026-10-02T03:51:17+09:00,T,KRW-T,TUSDT,7.34,-2.52324037,823955517.1600002,1790880526089,False,False,,880027443.9393383,1259362871.725729,3527431156.6495466,10410323084.293438,5415883989.6512375,0.698787826524868,0.17372257594943277,0.19368445834368428,1,-6.226650062266492,-0.9210526315789447,감소형,260312.221182,-2.722,375798.242745,404006.117108,489263.634452,1527840.209048,813472.954541,0.9301795859802306,0.46565201357144625,0.5151515871253585,1,-6.091370558375631,-0.8928571428571397,중립,,0.0,,13.0,관찰,13.0
2026-10-02T03:51:17+09:00,INJ,KRW-INJ,INJUSDT,10100.0,0.0,639056243.456751,1790880523892,False,False,,642193745.9552627,1324480088.419186,1107672969.409521,901449146.6057216,1413060366.293055,0.48486477944847295,0.5779277549381893,0.5395842598819593,1,-4.265402843601896,-8.597285067873306,감소형,9524591.32482,1.341,12774018.803,14754616.20553,14115365.41038,9774427.57151,13087085.27086,0.8657642208417676,0.9916584886352735,0.9197118533622254,1,-4.900577293136621,-9.454012458776095,중립,,0.0,,13.0,관찰,13.0
2026-10-02T03:51:17+09:00,ME,KRW-ME,MEUSDT,103.0,-0.9615384600000001,631171819.3038591,1790880627660,False,False,,693039485.1545814,2172479974.030692,1450251751.6714628,1007617610.4761986,1000264784.6709626,0.3190084573570345,0.44901978328480485,0.5182810173757333,1,-3.703703703703709,-1.8867924528301883,감소형,264011.8680912,-0.655,380105.2637768,721229.2165214,385998.0796171,365500.6937628,383397.3535293,0.5270242179179963,0.7742881232309724,0.7044966776574232,1,-4.708239418983218,-2.871729419272495,감소형,,0.0,,13.0,관찰,13.0
2026-10-02T03:51:17+09:00,BFC,KRW-BFC,,38.2,-1.03626943,604171983.4395057,1790880569649,False,False,,1274945908.868048,7794516346.997785,1749141432.275201,1004614797.0265989,2098615287.4534564,0.16356959843430427,0.36260323185030224,0.4791285960619163,1,-4.926108374384242,-4.926108374384242,감소형,,,,,,,,,,,,,,NO_DATA,,0.0,,13.0,관찰,13.0
2026-10-02T03:51:17+09:00,SC,KRW-SC,SCUSDT,1.38,-3.4965034999999998,600437529.4305241,1790880681450,False,False,,597672930.021626,874035496.0454645,2479596004.6933637,10782846319.552984,1376351611.1847699,0.6838085326348542,0.1268363175649835,0.15671088007253017,1,-9.493670886075956,-3.378378378378377,감소형,315145.094586,-4.076,294453.672906,353987.362288,585321.343984,1694167.148409,614723.260837,0.8318197322152872,0.33543539696702623,0.22222445165731416,1,-10.557939914163095,-5.013673655423901,중립,,0.0,,13.0,관찰,13.0
2026-10-02T03:51:17+09:00,AERO,KRW-AERO,AEROUSDT,1076.0,-4.09982175,507979411.2749505,1790880664177,False,False,,716443653.962248,1500216637.6126738,1551135667.4078739,794691964.5867388,5832876685.539823,0.477560130983709,0.5588419714436124,0.1861022315767664,1,-1.6652059596844904,-2.1795989537925053,감소형,5115776.67822,-1.161,4976334.0563,7512942.46085,9573120.04884,4818271.80995,13183278.97201,0.6623681842675775,0.6815547074404478,0.5310453899273936,1,-2.091006296780318,-2.921427730003523,감소형,,0.0,,13.0,관찰,13.0
2026-10-02T03:51:17+09:00,ELSA,KRW-ELSA,,74.5,-1.71503958,486230435.934935,1790880515362,False,False,,746174283.5783622,5179491245.1649065,12785566159.191805,1295423297.4916577,2422830825.4513936,0.14406323869644946,0.1162236231476955,0.1679415452439298,1,-3.316326530612257,-2.445302445302455,감소형,,,,,,,,,,,,,,NO_DATA,,0.0,,13.0,관찰,13.0
2026-10-02T03:51:17+09:00,BIRB,KRW-BIRB,,87.1,-1.80383315,462532024.88107705,1790880565554,False,False,,673677589.3022734,899203667.3209085,4273147890.4985576,945575304.2637004,688635563.5130193,0.7491935517894754,0.3303460164639259,0.4233825694139471,1,-6.827731092436973,-4.726100966702463,감소형,,,,,,,,,,,,,,NO_DATA,,0.0,,13.0,관찰,13.0
2026-10-02T03:51:17+09:00,BIO,KRW-BIO,BIOUSDT,41.4,-1.8957346,406083786.74882907,1790880126380,False,False,,559726635.9643859,1569892578.4131658,515876339.3650685,278258437.18871534,642930172.4192992,0.35653817570763524,0.7103047705286107,0.6396147027941371,1,-2.7649769585253337,-5.3811659192825045,감소형,1372921.227242,-1.206,1466652.987133,2551230.411058,2390358.416444,1102242.56681,1604753.479124,0.5748806461290089,0.7280082243094854,0.6592100472713867,1,-3.0303030303030165,-6.110102843315179,감소형,,0.0,,13.0,관찰,13.0
2026-10-02T03:51:17+09:00,PIEVERSE,KRW-PIEVERSE,,1888.0,-3.2786885199999998,376283825.67862624,1790880520729,False,False,,329172216.4205704,575568481.0440459,825287969.7126143,2377992513.77992,816502260.2305021,0.5719079957670236,0.2613273667535467,0.30667536972645737,1,-7.180218735140276,-9.79667282809612,감소형,,,,,,,,,,,,,,NO_DATA,,0.0,,13.0,관찰,13.0
2026-10-02T03:51:17+09:00,TAIKO,KRW-TAIKO,,121.0,-1.6260162599999999,364088386.34040344,1790880391862,False,False,,460731531.03238696,1199204088.136758,2385840105.142615,16866060178.749851,329731957.3937258,0.384197765493145,0.06758532781181123,0.10895617227264096,1,-10.21897810218978,-2.3809523809523836,감소형,,,,,,,,,,,,,,NO_DATA,,0.0,,13.0,관찰,13.0
2026-10-02T03:51:17+09:00,SIGN,KRW-SIGN,SIGNUSDT,16.7,-1.76470588,357797034.76283926,1790880608788,False,False,,410324621.19826305,1594020023.5569654,1517995582.4492009,1109105485.6723983,586277738.0114946,0.2574149729202566,0.2916224947968223,0.32317162444602543,1,-10.052910052910047,-5.555555555555558,감소형,387458.83119,0.245,366494.25644,682299.41149,851254.482,737698.21107,288424.60207,0.5371457900566744,0.48408662654073725,0.5714964797632827,1,-10.826210826210826,-6.357516828721021,감소형,,0.0,,13.0,관찰,13.0
2026-10-02T03:51:17+09:00,WCT,KRW-WCT,WCTUSDT,56.6,-1.22164049,352641755.33340913,1790880617321,False,False,,211766808.1518971,417221597.22118676,863406033.019258,734146555.6611935,672667242.9781916,0.5075643484477401,0.31532090737572455,0.3388362224355253,1,-3.535353535353536,-3.3726812816188834,감소형,288966.722354,-0.384,366816.622704,453315.968836,555394.801332,884896.550629,714658.11011,0.8091853098532833,0.581139424222775,0.5808782318466688,1,-3.7968892955169253,-4.343870821014328,중립,,0.0,,13.0,관찰,13.0
2026-10-02T03:51:17+09:00,ANKR,KRW-ANKR,ANKRUSDT,6.7,-1.179941,348525471.2275129,1790880104881,False,False,,374801148.7818206,508964198.0687297,431293025.037231,3181360754.9715753,1174035776.8162823,0.7363998297012004,0.2728063232269581,0.21560589166341815,1,-3.4188034188034067,-1.5965166908563089,감소형,364480.393501,0.204,353546.982769,408070.55089,376590.529807,938096.641569,384982.544994,0.866386907846978,0.6156646025141039,0.5619844867494489,1,-3.6679536679536717,-1.7716535433070946,중립,,0.0,,13.0,관찰,13.0
2026-10-02T03:51:17+09:00,ANIME,KRW-ANIME,ANIMEUSDT,4.55,-0.21929825000000003,326151709.20096725,1790880629317,False,False,,664850782.1371098,2432380708.495475,761722277.0631595,1136106584.7464838,493091298.7290356,0.2733333560059135,0.4606133523165225,0.6375374679658197,1,-2.145922746781126,-2.564102564102566,감소형,175989.517635,0.604,248545.460683,630311.528097,249036.291593,392374.113016,156442.574613,0.39432161653998943,0.5863202976002917,0.77997629150207,1,-2.898550724637672,-3.458213256484144,감소형,,0.0,,13.0,관찰,13.0
2026-10-02T03:51:17+09:00,VANA,KRW-VANA,VANAUSDT,1462.0,-0.67934783,307057264.0047993,1790880368348,False,False,,291089516.09407747,723666198.0693655,742746115.2827972,570330580.8217007,520481662.09814745,0.40224279767475846,0.4287573806101062,0.490423867773724,1,-6.420851875397327,-5.580500320718407,감소형,326981.56231,0.28,336246.39531,364224.39352,314543.89422,287243.71728,409379.6077,0.9231847215404487,1.0442304864618275,1.0056325648813436,1,-6.637931034482758,-6.395851339671566,중립,,0.0,,13.0,관찰,13.0
2026-10-02T03:51:17+09:00,ZK,KRW-ZK,ZKUSDT,16.4,-1.20481928,276742478.33071655,1790880678940,False,False,,220752687.26523867,577623494.3710495,639002411.6098866,534990852.2840566,442941868.8835585,0.38217401026183534,0.37808388088938716,0.3991838745715384,1,-7.262569832402221,-4.046242774566466,감소형,1515207.996893,-0.083,1704433.016156,1775158.325031,2115466.599644,2083114.360618,2158381.224657,0.9601583093306538,0.8559628742179369,0.7594229545159388,1,-7.954545454545459,-5.813953488372103,중립,,0.0,,13.0,관찰,13.0
2026-10-02T03:51:17+09:00,NEO,KRW-NEO,NEOUSDT,3459.0,-0.05778677000000001,273114370.97220474,1790880255179,False,False,,297909430.1065034,511586101.39160067,1053985227.2233016,463981165.2367272,960346995.8905385,0.5823251047988587,0.4403573167124232,0.39324495996005876,1,-5.3336980306345705,-5.152096464784872,감소형,871572.21712,-0.745,830744.75813,432207.2272,947114.21632,702909.55116,562238.30755,1.9220982571528826,1.1969057615401646,1.2295972312023185,2,-5.8540200074101545,-5.923731951129218,중립,,0.0,,13.0,관찰,13.0
2026-10-02T03:51:17+09:00,NCT,KRW-NCT,,13.9,0.0,272646503.00735366,1790880415061,False,False,,260081013.94670597,487096482.7687506,859890383.8053346,392299666.82538277,465134700.00733536,0.5339414739116062,0.4485994842466343,0.5163342069131027,1,-5.442176870748295,-3.472222222222221,감소형,,,,,,,,,,,,,,NO_DATA,,0.0,,13.0,관찰,13.0
2026-10-02T03:51:17+09:00,ZRX,KRW-ZRX,ZRXUSDT,167.0,0.0,236284567.99264106,1790879979822,False,False,,181250999.80146438,308480256.6529364,389159605.2078159,197601107.59548363,220507742.40611386,0.587561102833837,0.6073817195102963,0.6487590514457513,1,-2.3391812865497075,-2.3391812865497075,감소형,162638.3633,1.073,157666.5674,247091.2858,284457.5783,122066.4043,147548.105,0.6380903595589286,0.7236668497017626,0.7373053433263551,1,-2.782193958664536,-3.1670625494853444,감소형,,0.0,,13.0,관찰,13.0
2026-10-02T03:51:17+09:00,IQ,KRW-IQ,IQUSDT,1.22,-2.4,221946002.75969598,1790880641641,False,False,,277430850.6590055,503405784.1763918,903180331.987074,745103716.3790227,640841967.8301753,0.5511077929168066,0.386808795296281,0.39411842979866973,1,-4.580152671755733,-5.30303030303031,감소형,42935.199464,-0.33,96470.291515,89264.398614,152656.793753,131149.891013,113470.413058,1.0807252724813612,0.7757526311687203,0.43374920683964974,2,-5.295950155763229,-6.076210092687939,중립,,0.0,,13.0,관찰,13.0
2026-10-02T03:51:17+09:00,GAME2,KRW-GAME2,,1.39,-0.7142857100000001,206203850.44438812,1790879183936,False,False,,330253759.6888787,901436683.2455019,12823381020.944473,359450489.8094554,121854175.78458758,0.3663637899667499,0.07034524374427546,0.11512455460038931,1,-2.0979020979021046,0.0,감소형,,,,,,,,,,,,,,NO_DATA,,0.0,,13.0,관찰,13.0
2026-10-02T03:51:17+09:00,POKT,KRW-POKT,,12.0,-0.8264462800000001,197231460.31832194,1790880600292,False,False,,294887658.9728771,478784223.43993694,941122357.673878,640579899.9761405,530477166.2463315,0.6159093063973327,0.4293466543156656,0.4946403477808819,1,-5.468750000000011,-3.200000000000003,감소형,,,,,,,,,,,,,,NO_DATA,,0.0,,13.0,관찰,13.0
2026-10-02T03:51:17+09:00,ELF,KRW-ELF,,103.0,-0.9615384600000001,186623523.9795133,1790880363529,False,False,,218095407.93345535,1045164091.7712574,310517648.368578,1228603256.108883,207462018.09065077,0.20867097296066242,0.25317881918987695,0.35864843033476795,1,-1.8867924528301883,0.0,감소형,,,,,,,,,,,,,,NO_DATA,,0.0,,13.0,관찰,13.0
2026-10-02T03:51:17+09:00,AUCTION,KRW-AUCTION,AUCTIONUSDT,5015.0,-1.18226601,172230453.56501904,1790880464023,False,False,,255744298.9929453,406402155.5190228,558622356.9054862,492022561.2306101,512985859.35526645,0.6292887365873592,0.5265669935111779,0.4925319059650108,1,-3.241182078169691,-4.154863078375826,감소형,382608.63375,-0.568,430261.9526,345828.50851,392069.92487,312069.56161,381556.56009,1.2441483047588557,1.2293573365655717,1.19150750539607,2,-3.4634272421814494,-4.816513761467888,중립,,0.0,,13.0,관찰,13.0
2026-10-02T03:51:17+09:00,TOKAMAK,KRW-TOKAMAK,,494.0,-1.5936255,170880644.97002655,1790879940809,False,False,,200033968.95660233,403869399.9760191,1114295636.9996495,335766775.29606783,2982323009.404212,0.4952936988256103,0.3236914663730083,0.19882548039353587,1,-4.015296367112809,-2.9013539651837505,감소형,,,,,,,,,,,,,,NO_DATA,,0.0,,13.0,관찰,13.0
2026-10-02T03:51:17+09:00,MED,KRW-MED,,2.4,0.0,162518073.3038659,1790878336149,False,False,,131350140.43629947,176237816.50688905,317489822.01285064,268928928.3342121,407686992.90178764,0.7453005435480136,0.5166813457522602,0.32242067226912324,1,-4.0000000000000036,-4.0000000000000036,감소형,,,,,,,,,,,,,,NO_DATA,,0.0,,13.0,관찰,13.0
2026-10-02T03:51:17+09:00,ORDER,KRW-ORDER,,54.3,-1.27272727,138872036.84537104,1790880544802,False,False,,244518903.22202173,391919553.76967627,1197897697.5439727,377982601.58873856,265090775.66663578,0.6239007491974256,0.37278014254555036,0.46858617571620215,1,-4.679376083188913,-2.9982363315696703,감소형,,,,,,,,,,,,,,NO_DATA,,0.0,,13.0,관찰,13.0
2026-10-02T03:51:17+09:00,KNC,KRW-KNC,KNCUSDT,187.0,-0.53191489,125871428.89999755,1790880233476,False,False,,159500921.75708655,243639387.35145375,267052209.22614554,282367681.0104984,146886638.6811493,0.6546598376025461,0.6033631769954355,0.6827587330999546,1,-5.527638190954775,-5.527638190954775,감소형,154927.66951,0.073,267147.28938,183209.9391,272241.37225,182999.15179,112069.98673,1.458148453584634,1.255292171296082,1.1753333831930106,2,-6.194690265486724,-6.130790190735702,중립,,0.0,,13.0,관찰,13.0
2026-10-02T03:51:17+09:00,ORBS,KRW-ORBS,,9.91,-0.8008008000000001,123166020.71010673,1790878982350,False,False,,128726539.26206863,199751560.26644647,283775764.26504093,171460058.11936706,177096651.04039443,0.6444332103857495,0.5895985602398414,0.621025317536038,1,-2.0588235294117574,-1.089108910891079,감소형,,,,,,,,,,,,,,NO_DATA,,0.0,,13.0,관찰,13.0
2026-10-02T03:51:17+09:00,ALT,KRW-ALT,ALTUSDT,10.4,-1.8867924500000002,119871726.97885537,1790879923868,False,False,,144877587.15920928,476207535.42511225,371176465.46272284,193897019.53793445,184067916.77096668,0.3042320341064669,0.41740198174351706,0.5261699851573843,1,-1.85185185185186,-3.6363636363636376,감소형,342262.28182,-0.261,533337.13638,656924.15507,752242.4751,611606.01679,1399402.72688,0.811870186632381,0.7917820005862696,0.6422198995812114,1,-3.9850560398505652,-4.697156983930784,중립,,0.0,,13.0,관찰,13.0
2026-10-02T03:51:17+09:00,BTT,KRW-BTT,,0.000507,0.19762845999999998,771543684.6615548,1790880486163,False,False,,691075120.4610466,1921823471.5873723,5528203155.845686,1454488743.0162747,975497707.2225146,0.35959344376736013,0.232828545421279,0.32807813428269794,1,-1.5564202334630295,-0.19723865877709912,감소형,,,,,,,,,,,,,,NO_DATA,,0.0,,12.8,관찰,12.8
2026-10-02T03:51:17+09:00,DRV,KRW-DRV,,527.0,0.38095238,18827178251.685753,1790880663868,False,False,,6291549015.820265,14153095726.27984,5260805639.99834,19978974108.44091,7341146050.198865,0.4445351842097663,0.4791385960025653,0.5763519607393953,1,-10.256410256410254,-13.223140495867769,감소형,,,,,,,,,,,,,,NO_DATA,,0.0,,12.7,관찰,12.7
2026-10-02T03:51:17+09:00,AVAX,KRW-AVAX,AVAXUSDT,14880.0,-0.20120723999999998,10251997722.91343,1790880611000,False,False,,13113317640.808268,32935927333.649796,12597075397.951035,6351590566.483566,11523853654.978065,0.3981463010883779,0.7582203197857051,0.9093814445499767,1,-0.8643617021276584,1.497617426820974,감소형,48853010.03378,0.156,68867752.34062,118483100.93423,56704299.97883,48613988.84509,48017776.27594,0.5812453573345325,0.9231544864181803,1.0725929493814819,1,0.29344337459880077,2.675553886594062,감소형,,0.0,,12.7,관찰,12.7
2026-10-02T03:51:17+09:00,VIRTUAL,KRW-VIRTUAL,VIRTUALUSDT,1072.0,-1.9213174699999997,4923683334.980809,1790880566810,False,False,,6096698651.869875,8676883140.341162,12911090364.270296,9524361457.04915,8324627812.860142,0.7026369438496508,0.5878728156581083,0.6118255662670021,1,-3.8698328935795945,1.3914656771799594,감소형,6976667.95503,-0.744,8294525.83753,10586906.14719,16527186.92113,8886474.3753,7069531.24163,0.7834702340996526,0.6911995915497675,0.7776892580056091,1,-4.2092746730083235,1.028342111863556,중립,,0.0,,12.7,관찰,12.7
2026-10-02T03:51:17+09:00,DOT,KRW-DOT,DOTUSDT,1605.0,-3.42960289,1933935476.4278204,1790880593349,False,False,,1675950447.9663336,2780749267.597658,4014464577.8655586,2054063317.6555839,3759517640.3333883,0.6026974339237061,0.5681652016566522,0.5372678021669435,1,-3.3720930232558177,1.3414634146341475,감소형,11635613.53385,-3.752,13438525.54572,12735964.23096,16657611.71083,12395495.1393,17276923.99882,1.0551635747415289,0.964739717686695,0.9254494609495009,2,-3.548895899053617,0.8244023083264551,중립,,0.0,,12.7,관찰,12.7
2026-10-02T03:51:17+09:00,IN,KRW-IN,,51.2,0.0,1226926336.8904452,1790880644887,False,False,,1097811322.2599995,1637709502.4694736,6392659609.067613,25811537238.671104,2474954558.2258844,0.6703333653524199,0.09731821643551525,0.14744166328007083,1,-8.243727598566297,1.5873015873016039,감소형,,,,,,,,,,,,,,NO_DATA,,0.0,,12.7,관찰,12.7
2026-10-02T03:51:17+09:00,DOS,KRW-DOS,,292.0,0.34364260999999996,870123727.3890824,1790880235376,False,False,,918425954.92722,1302023647.03011,2289337513.910077,1600798639.8116198,1730808432.9591353,0.7053834675139207,0.5306612220183796,0.5590440189167198,1,-5.211726384364823,-4.5901639344262275,감소형,,,,,,,,,,,,,,NO_DATA,,0.0,,12.7,관찰,12.7
2026-10-02T03:51:17+09:00,NXPC,KRW-NXPC,NXPCUSDT,317.0,0.3164557,254224560.96674642,1790880655676,False,False,,269249118.2353886,393698045.44696426,1028665328.4578537,391581005.8188522,621506456.0041522,0.683897523366444,0.445298854659047,0.4312806236479163,1,-6.508875739644971,-7.602339181286554,감소형,247008.61913,0.173,177800.8445,269820.53928,895431.21774,211012.40439,306837.95293,0.6589596365586212,0.38757278468511625,0.4564919731147163,1,-7.710651828298887,-10.31286210892237,감소형,,0.0,,12.7,관찰,12.7
2026-10-02T03:51:17+09:00,XAUT,KRW-XAUT,XAUTUSDT,5682000.0,0.38869258,217543540.52109,1790878942121,False,False,,405538119.04278,905787481.32044,1843915966.6392,438137192.50183,334279266.59118,0.4477188384758797,0.38164215039062416,0.4324441334516562,1,-2.076124567474047,-2.329594477998276,감소형,19143760.246938,0.503,22303745.3119,36879282.981282,83240257.592052,7518921.844691,4543273.962046,0.6047770864531238,0.5242247099198122,0.6878021350448662,1,-2.4022339813913107,-2.942700189957026,감소형,,0.0,,12.7,관찰,12.7
2026-10-02T03:51:17+09:00,XRP,KRW-XRP,XRPUSDT,2038.0,0.49309664999999997,136152369517.02797,1790880682393,False,False,,180321013274.34146,287684769613.08856,275989666698.4003,162509635787.9956,161531810895.23608,0.6268006940960337,0.7449392800079405,0.7038364042804063,1,-1.2658227848101222,-4.3396226415094326,감소형,176789147.86991,0.563,227000051.15465,285945986.80544,283162448.44635,173509013.61734,181135648.39195,0.793856398163415,0.9170268682765106,0.7760592241444543,1,-1.7604008703105412,-5.004781638508127,중립,,0.0,,12.6,관찰,12.6
2026-10-02T03:51:17+09:00,CARV,KRW-CARV,,58.4,0.51635112,387732516.213562,1790880384175,False,False,,346255799.12193775,498073383.1644702,926083582.1919852,873398090.2665765,490234582.44185376,0.6951903290274792,0.4521186096600975,0.5018848697943898,1,-5.065359477124187,-1.5254237288135575,감소형,,,,,,,,,,,,,,NO_DATA,,0.0,,12.6,관찰,12.6
2026-10-02T03:51:17+09:00,WET,KRW-WET,,89.5,0.67491564,380429674.6496621,1790880562094,False,False,,174163072.8193102,438326015.1595408,470795550.9405142,467907455.23551524,332892155.23609227,0.39733683786922563,0.37943224896681704,0.4037359880555903,1,-6.421052631578938,-6.910994764397904,감소형,,,,,,,,,,,,,,NO_DATA,,0.0,,12.5,관찰,12.5
2026-10-02T03:51:17+09:00,MOCA,KRW-MOCA,,13.9,-4.13793103,197509195.60676047,1790880592704,False,False,,258957351.59096947,907961364.1435826,412498783.62666845,484934326.20286804,191501365.7372173,0.28520745685608123,0.430305989063571,0.5984747844555564,1,-0.6849315068493178,2.1126760563380254,감소형,,,,,,,,,,,,,,NO_DATA,,0.0,,12.5,관찰,12.5
2026-10-02T03:51:17+09:00,HOLO,KRW-HOLO,HOLOUSDT,88.5,0.79726651,425697729.98059493,1790880523897,False,False,,547939699.268775,849021297.8397475,1228893103.8026485,1130659569.3609943,711058587.2146423,0.6453780378218479,0.5123207732350541,0.5774237371592317,1,-5.591397849462365,-3.833515881708649,감소형,343690.86239,0.935,392291.39815,486486.4676,637294.38531,646485.88537,450589.92182,0.806376794169228,0.6648004896671429,0.7085212517962487,1,-5.693430656934306,-4.296296296296298,중립,,0.0,,12.4,관찰,12.4
2026-10-02T03:51:17+09:00,AGLD,KRW-AGLD,AGLDUSDT,282.0,0.7142857100000001,293037528.9435451,1790880366374,False,False,,371515332.04418707,1082641896.3506818,779252246.4075727,244799300.08882564,391886313.2874657,0.3431562488912293,0.5290499193970593,0.6491349723385507,1,-7.284768211920534,-9.090909090909093,감소형,146024.35313,1.722,252412.94355,434129.37834,397404.81249,148869.71918,213964.41281,0.5814233178946855,0.7723743478769646,0.8972319130197125,1,-7.568293775190327,-9.829619921363042,감소형,,0.0,,12.4,관찰,12.4
2026-10-02T03:51:17+09:00,ADA,KRW-ADA,ADAUSDT,338.0,0.89552239,16520574454.824795,1790880651573,False,False,,15265457746.184877,23325980987.100357,27372354564.237602,13020394514.746384,16961662977.053387,0.65444011785086,0.7187270240800158,0.7263436191157556,1,-2.898550724637683,-4.285714285714281,감소형,37111998.02909,2.094,35362507.3654,42122114.97634,56126026.63776,28652083.37617,42377244.74393,0.8395235468414425,0.8359915997338397,0.7810782838048465,1,-3.3320266562132383,-4.714064914992255,중립,,0.0,,12.3,관찰,12.3
2026-10-02T03:51:17+09:00,TRUST,KRW-TRUST,,83.9,0.96269555,801837662.3429594,1790880572809,False,False,,717983131.2500188,1382969472.5107877,16130369458.779985,25986025236.140594,1005002350.3405551,0.5191605060858769,0.049516801796444444,0.07972214979421385,1,-7.563959955506128,-0.3597122302158362,감소형,,,,,,,,,,,,,,NO_DATA,,0.0,,12.2,관찰,12.2
2026-10-02T03:51:17+09:00,SUN,KRW-SUN,SUNUSDT,23.3,-0.42735042999999995,276274293.83151317,1790880017515,False,False,,252091877.87962645,506868115.28542954,1137859831.2689235,985362355.1879239,377744687.9281972,0.4973520138225059,0.28754740213212154,0.3780554432196064,1,2.183406113537112,0.0,감소형,486888.9852,-0.813,491246.85696,727709.09468,1595393.89484,950915.03817,385648.88753,0.6750593891863053,0.4501320879774768,0.5914063093230842,1,1.5929203539823078,-0.17391304347826875,감소형,,0.0,,12.2,관찰,12.2
2026-10-02T03:51:17+09:00,FLUID,KRW-FLUID,,2010.0,0.44977511,153011867.95110968,1790879697868,False,False,,282329685.1955641,1315557962.1226056,445290640.7329087,522627513.5447782,274944161.92958355,0.21460832082231882,0.3709209172381882,0.49839982159070334,1,-2.1994134897360684,1.987767584097866,감소형,,,,,,,,,,,,,,NO_DATA,,0.0,,12.2,관찰,12.2
2026-10-02T03:51:17+09:00,OPG,KRW-OPG,OPGUSDT,174.0,1.1627907,210088115.67265803,1790880504890,False,False,,171222417.62468308,349684736.0523854,565421743.9761583,801978487.778165,5097549420.003546,0.4896479599242006,0.2991507482184612,0.12231807324302774,1,-3.3707865168539297,-2.2727272727272707,감소형,610841.21893,3.135,446212.28128,622162.47918,949182.75921,784708.41184,2055370.71337,0.717195742610677,0.5681690838021967,0.45067639210932614,1,-4.628224582701057,-3.158705701078579,감소형,,0.0,,12.1,관찰,12.1
2026-10-02T03:51:17+09:00,ORCA,KRW-ORCA,ORCAUSDT,2280.0,1.55902004,1064292634.3730651,1790880578500,False,False,,714907045.0583446,1043339764.4454974,1839671749.0359619,11125809928.916687,766264200.6482804,0.6852101965444549,0.15309789934818976,0.22416739940860111,1,-8.255006129955046,-0.7954043305346881,감소형,1492240.84129,4.032,966165.45954,1106594.38113,1926392.44626,4562602.29677,453713.15118,0.8730981071432867,0.3816025763426936,0.536882396767099,1,-8.92561983471074,-1.2544802867383464,중립,,0.0,,11.8,관찰,11.8
2026-10-02T03:51:17+09:00,GRVT,KRW-GRVT,,280.0,-0.70921986,526410237.822554,1790879609841,False,False,,627673226.7992601,1128022625.5272768,1244394396.9878218,692425510.2193677,836577317.3919842,0.5564367350396575,0.6143936141207691,0.6070606248215122,1,3.296703296703307,-0.35335689045936647,감소형,,,,,,,,,,,,,,NO_DATA,,0.0,,11.8,관찰,11.8
2026-10-02T03:51:17+09:00,1INCH,KRW-1INCH,1INCHUSDT,140.0,1.44927536,187062873.8805822,1790880009669,False,False,,243767056.21062717,464705448.3838373,736676280.518855,261708655.09498495,306865123.6683576,0.5245625095604227,0.4998332137442593,0.5817559150496885,1,-2.127659574468088,-1.4285714285714235,감소형,363133.9094,2.189,469497.71937,912519.08213,1006533.56184,448626.07704,415697.09215,0.514507289287693,0.5948835649074751,0.6757802887441207,1,-1.839303000968051,-2.0289855072463725,감소형,,0.0,,11.8,관찰,11.8
2026-10-02T03:51:17+09:00,CRV,KRW-CRV,CRVUSDT,520.0,-3.16573557,1887622672.4198325,1790880611946,False,False,,2697871689.106791,5004227155.934706,1210091610.1677065,477144736.28523475,616903610.9507459,0.5391185501855729,1.2095433329991878,1.7824424210178247,1,12.10855949895615,11.874999999999991,감소형,5080315.09424,-1.243,8773749.69948,20499171.92628,9661166.20256,2874488.96753,3432043.37315,0.42800507898721646,0.7967727217598268,1.084828343148764,1,11.62659123055163,11.21758737316798,감소형,,0.0,,11.7,관찰,11.7
2026-10-02T03:51:17+09:00,PYTH,KRW-PYTH,PYTHUSDT,102.0,-3.7735849100000003,1207541069.563081,1790880575025,False,False,,1621571823.7009432,2475514151.4164877,2667062232.7613816,3991614836.613909,3468921211.4411983,0.6550444572385421,0.5325830556327177,0.5180419603896074,1,-6.194690265486724,6.000000000000005,감소형,1810887.331372,-2.625,2740094.074432,4457764.302143,5875734.123815,10497146.137928,5981839.472423,0.6146789934844117,0.39462447732162204,0.4153007075455543,1,-7.415838025637955,3.940820443846671,감소형,,0.0,,11.7,관찰,11.7
2026-10-02T03:51:17+09:00,CBK,KRW-CBK,,298.0,1.01694915,610637190.3792739,1790880515360,False,False,,425404710.17478156,858608606.6668468,5728326972.039775,1324405180.9486356,11160507175.796453,0.49545824124244436,0.16131451915616343,0.11028610994838244,1,-1.0067114093959773,2.076124567474058,감소형,,,,,,,,,,,,,,NO_DATA,,0.0,,11.7,관찰,11.7
2026-10-02T03:51:17+09:00,SNT,KRW-SNT,,11.5,1.7699115,161687730.69906852,1790880633042,False,False,,151689020.78504086,259219304.67705002,723669568.560577,393098547.9477693,381811145.2782115,0.5851764048747201,0.33072036513465203,0.3324768976100002,1,-5.833333333333323,-8.130081300813007,감소형,,,,,,,,,,,,,,NO_DATA,,0.0,,11.6,관찰,11.6
2026-10-02T03:51:17+09:00,PROVE,KRW-PROVE,PROVEUSDT,314.0,-4.848484849999999,598006717.0129726,1790880554571,False,False,,462360684.01245195,981135744.5345285,637196084.3189248,497179926.4486892,1392396108.7870903,0.4712504733295652,0.6556721079714584,0.5917536630754605,1,2.8037383177569986,3.4482758620689724,감소형,954199.50513,-4.76,1253178.14936,1276475.37215,1337800.51449,808369.55342,1128234.81915,0.9817487878745675,1.098429420727288,1.0893326522778908,1,2.7153160797624087,2.4978831498730036,중립,,0.0,,11.3,관찰,11.3
2026-10-02T03:51:17+09:00,LINK,KRW-LINK,LINKUSDT,19530.0,0.0,8038646429.85874,1790880677366,False,False,,13116878135.121498,26678862393.85493,42800223611.44052,8911153345.193707,13557068006.017862,0.4916580752762071,0.5019838532374495,0.5931231472068752,1,2.7894736842105194,3.8277511961722466,감소형,35207773.03979,0.279,58459687.83252,82775025.89427,126167499.84316,28895608.03183,44634687.22463,0.7062478954363794,0.7373883267504318,0.8014682403039081,1,2.4386765544780475,3.1299353912419337,감소형,,0.0,,11.2,관찰,11.2
2026-10-02T03:51:17+09:00,UNI,KRW-UNI,UNIUSDT,12360.0,2.3178807900000002,7454548506.457614,1790880627329,False,False,,6655654419.180832,8982019306.356514,9641048591.838934,9427454122.886324,9067287006.681377,0.7409975632618236,0.7118214499728752,0.6615838422112377,1,-7.926829268292678,-7.1483474250576435,감소형,62723051.37016,2.269,68210697.91752,81224895.07486,115959384.26661,65096632.36703,52524369.55824,0.839775759077982,0.78020200715174,0.824294457115115,1,-8.243801652892557,-7.8056881876686806,중립,,0.0,,11.1,관찰,11.1
2026-10-02T03:51:17+09:00,CRO,KRW-CRO,,93.0,2.0856202,4346880928.244627,1790880678621,False,False,,2445928261.197923,4224391795.2317796,6181793882.307962,1896859861.1642115,1553539679.0051122,0.579001281074054,0.5964201920987735,0.6902923806740546,1,0.4410143329658167,1.1098779134295134,감소형,,,,,,,,,,,,,,NO_DATA,,0.0,,10.9,관찰,10.9
2026-10-02T03:51:17+09:00,CELO,KRW-CELO,CELOUSDT,134.0,-1.47058824,1547043927.5633504,1790880362258,False,False,,1986097048.4424932,13329453836.9909,1016320480.9025987,610244573.5689971,1124444243.3423002,0.14900063218875673,0.39838751131350303,0.6065606915219616,1,3.0303030303030276,4.615384615384621,감소형,1465164.980138,-0.455,2118814.759226,11123129.519914,968375.361022,579154.163557,754747.986934,0.190487286463098,0.5016664291381652,0.7606140824900893,1,2.880574064582264,5.089005235602095,감소형,,0.0,,10.9,관찰,10.9
2026-10-02T03:51:17+09:00,W,KRW-W,WUSDT,18.4,0.0,791764517.9713006,1790880595242,False,False,,1096062470.8119147,3237780571.3968887,3166398493.2673864,17624755942.3373,1131367014.048889,0.33852277714392365,0.13684282767744924,0.2108052932607902,1,-13.20754716981133,9.523809523809511,감소형,1478530.118795,4.157,2771322.19652,3872966.647385,6107284.368465,17649365.554316,1820695.899841,0.7155553994742448,0.3009077801874849,0.4500870640290576,1,-14.030612244897956,8.885298869143776,감소형,,0.0,,10.9,관찰,10.9
2026-10-02T03:51:17+09:00,AZTEC,KRW-AZTEC,,24.0,1.26582278,921215771.8130177,1790880579131,False,False,,1431427574.9944558,4379794921.130774,15295850150.397793,3835294598.569169,606107054.9573615,0.3268252511295416,0.18265040807556612,0.2934493853365606,1,-3.2653061224489854,5.333333333333323,감소형,,,,,,,,,,,,,,NO_DATA,,0.0,,10.8,관찰,10.8
2026-10-02T03:51:17+09:00,ICP,KRW-ICP,ICPUSDT,4430.0,-2.07780725,546275258.482755,1790880540677,False,False,,1773193867.4018872,4055348517.790975,747370268.6390898,701595645.680755,1044431910.9403377,0.43724820681202003,0.9664385397702805,1.143026809652754,1,6.172260032856136,4.819277108433728,감소형,9827057.88161,-4.206,17526609.08151,29936724.28525,13291102.10455,9854553.13073,12833701.23801,0.5854551391297499,0.990532597058773,1.126726941679598,1,6.003811944091497,4.542606516290726,감소형,,0.0,,10.5,관찰,10.5
2026-10-02T03:51:17+09:00,XLM,KRW-XLM,XLMUSDT,300.0,-2.5974026,30594321397.11166,1790880673902,False,False,,39282468285.45715,67284609576.76048,105177172307.78835,18829612761.311474,21617357056.9015,0.5838254622053269,0.6160622388400877,0.7174572462766863,1,5.47945205479452,3.3557046979865834,감소형,22749923.8681,-2.439,34053817.5974,43584007.2257,70734760.8849,16351085.1393,14789143.2055,0.781337462180844,0.7818287864517686,0.8856900141381202,1,4.865616311399457,2.6769509981851236,중립,,0.0,,10.3,관찰,10.3
2026-10-02T03:51:17+09:00,GEOD,KRW-GEOD,,378.0,2.9972752,832007613.236633,1790880667935,False,False,,639672172.8855157,939603131.0176567,1045785396.0776638,3393315658.6610503,1220507833.774974,0.680789741720747,0.35678045350372595,0.44198731292360477,1,-0.27173913043477826,2.8011204481792618,감소형,,,,,,,,,,,,,,NO_DATA,,0.0,,10.0,관찰,10.0
2026-10-02T03:51:17+09:00,EDGE,KRW-EDGE,,145.0,-4.60526316,1174489143.5895422,1790880113715,False,False,,2572931449.571768,3988499472.490327,5858490507.236139,22661913821.031116,50292055955.15759,0.6450875742413698,0.23743631578667457,0.1325847748188647,1,-12.643678160919535,14.28571428571428,감소형,,,,,,,,,,,,,,NO_DATA,,0.0,,9.9,관찰,9.9
2026-10-02T03:51:17+09:00,ALGO,KRW-ALGO,ALGOUSDT,170.0,0.59171598,3605690757.299213,1790880528625,False,False,,4179109735.4296513,10291565037.981155,26834611515.894547,2848396924.686025,4804599451.429185,0.4060713526083343,0.31363259480461236,0.4164415425945386,1,4.320987654320985,7.643312101910826,감소형,7312005.1284,0.16,5911362.6254,16019069.5566,28783071.3892,3491556.6524,3382384.093,0.36902034818648166,0.36721329610638437,0.518472429877416,1,3.6820083682008287,6.443298969072164,감소형,,0.0,,9.3,관찰,9.3
2026-10-02T03:51:17+09:00,MINA,KRW-MINA,MINAUSDT,205.0,4.0609137099999995,1731539370.6514506,1790880652854,False,False,,968972339.1486241,1577652060.3702743,1607538276.595507,872124287.9060602,1109735214.3021643,0.6141863364481055,0.7164632980706279,0.7295663762906499,1,-1.005025125628145,3.141361256544495,감소형,1385733.19111,5.296,1464938.05725,2280109.3876,2426842.60626,1113391.81242,1391407.84778,0.6424858672205925,0.7550781050095545,0.7208808438977192,1,-1.363326516700747,2.842928216062557,감소형,,0.0,,9.1,관찰,9.1
2026-10-02T03:51:17+09:00,IOTA,KRW-IOTA,IOTAUSDT,73.9,1.23287671,3035129711.995666,1790880524834,False,False,,2162489715.336786,5414772188.6904,19649358940.08074,1239698535.8889723,1526513158.1693034,0.39936854958616436,0.24663591685002592,0.367900378957522,1,5.3391053391053545,6.259097525473067,감소형,2434772.8596,2.256,1402804.8874,3319125.6049,9145048.1787,1163520.2214,1256384.4243,0.4226429049051502,0.3088134104461057,0.44175975229955167,1,5.283757338551864,5.697445972495085,감소형,,0.0,,8.8,관찰,8.8
2026-10-02T03:51:17+09:00,HP,KRW-HP,,13.7,4.5801526699999995,1843171969.1068022,1790880365414,False,False,,418651469.9022255,903489737.6223888,10241483531.33458,157915355.2603152,156035331.02008945,0.46337158295117215,0.11111800279228624,0.1793826681829474,1,0.0,2.34375,감소형,,,,,,,,,,,,,,NO_DATA,,0.0,,8.8,관찰,8.8
2026-10-02T03:51:17+09:00,RE,KRW-RE,REUSDT,690.0,5.02283105,9070505079.930155,1790880630005,False,False,,2038267057.4670746,2749752111.1687074,2646655439.8827677,3506531385.8571577,2867501867.24106,0.7412548386409874,0.6868295082931869,0.7386027195037027,1,-1.0542168674698815,1.7027863777089758,감소형,3698676.9944,6.335,1623328.26144,2580097.57274,1429378.21038,1743439.12579,2337986.11263,0.629173205924947,0.8465247377077425,0.8513383147543112,1,-1.511746680286008,0.8577405857740583,감소형,,0.0,,8.6,관찰,8.6
2026-10-02T03:51:17+09:00,AWE,KRW-AWE,AWEUSDT,98.8,0.508647,875623377.0759519,1790880526408,False,False,,841607378.0821661,1524237212.027118,1175608786.4447358,2928508554.087917,4738631938.853953,0.5521498697455977,0.44858974513220945,0.3861028319937059,1,6.040992448759441,10.201793721973097,감소형,651205.38712,0.609,495430.57281,304235.33428,410411.71818,718133.10357,1023590.2836,1.628445209963795,1.0373480622095377,0.9405525620878838,2,6.1430451952610765,9.954545454545439,중립,,0.0,,8.2,관찰,8.2
2026-10-02T03:51:17+09:00,ETHFI,KRW-ETHFI,ETHFIUSDT,999.0,-6.46067416,1370713120.092086,1790880589856,False,False,,1217348496.7645085,5214060657.923823,1299908436.9530792,1237463121.7685735,1357545779.3831737,0.2334741723640097,0.47114460763149024,0.5793092930289905,1,9.314227226202654,9.65092402464065,감소형,6757778.5282,-6.029,7309627.98945,14579340.70261,7101277.38769,6812319.25748,6232584.83986,0.5013688985360928,0.769625247853169,0.9028901878073828,1,8.90306476216891,9.039155790058317,감소형,,0.0,,7.6,관찰,7.6
2026-10-02T03:51:17+09:00,SUPER,KRW-SUPER,SUPERUSDT,284.0,4.7970479699999995,229917983.54373705,1790880621810,False,False,,138609773.9109126,207680911.74512517,342618469.66427946,1948985384.0434065,665389665.6627365,0.6674170136590136,0.1663793287906508,0.20264636305041,1,-0.3676470588235281,8.400000000000007,감소형,2271586.6578,5.373,1172732.2709,1215686.6408,1986060.8911,4827810.9989,2746411.684,0.9646665773412355,0.4381556967552829,0.4775611376559435,1,-0.8986520219670502,7.065803667745407,중립,,0.0,,7.3,관찰,7.3
2026-10-02T03:51:17+09:00,AAVE,KRW-AAVE,AAVEUSDT,227400.0,4.88929889,8802210333.295294,1790880631973,False,False,,6154306787.054549,22120412717.777035,4260627050.174973,3630293912.715418,4811621061.948952,0.27821844309933014,0.6151982633499894,0.737330535771681,1,3.336510962821726,4.48192771084337,감소형,35062126.00521,5.429,40773036.81145,74898658.72893,22323603.03165,15568836.4205,17425951.4153,0.5443760609787957,1.0844748602232182,1.2696976709716792,1,3.1763488161469677,3.8211170420518137,감소형,,0.0,,6.9,관찰,6.9
2026-10-02T03:51:17+09:00,SYRUP,KRW-SYRUP,SYRUPUSDT,327.0,5.825242719999999,1209736149.3633986,1790880599026,False,False,,1717613584.2877884,5892271444.03353,1320170519.2875504,775206799.3220973,1087305985.161243,0.2915027932100839,0.6451010686601908,0.8590534325062124,1,4.745762711864399,2.3178807947019875,감소형,2486741.01249,6.275,3153178.00538,7168794.44926,2374727.01817,1716623.70662,1897914.05905,0.4398477355848147,0.8400898807184416,1.0364899268892611,1,3.8125861276986583,1.2091356918943141,감소형,,0.0,,6.2,관찰,6.2
2026-10-02T03:51:17+09:00,ARX,KRW-ARX,,382.0,1.3262599499999999,4150704917.3850317,1790880661992,False,False,,7976673040.7006035,13190893496.064827,20648252157.757217,41713138805.01888,2571272303.087813,0.6047105939472747,0.3167345540046285,0.5007312167671683,1,10.557184750733128,10.882352941176476,감소형,,,,,,,,,,,,,,NO_DATA,,0.0,,5.8,관찰,5.8
2026-10-02T03:51:17+09:00,SKY,KRW-SKY,SKYUSDT,115.0,8.49056604,591445411.4691693,1790880659464,False,False,,579216531.0750043,1067373307.0822468,1440338225.1071994,678908052.5319871,569418022.7821141,0.54265600163671,0.5452955858165023,0.6855968440441894,1,-4.504504504504503,2.9126213592232997,감소형,3343856.88433,7.707,3296730.23036,6366773.13907,7091214.80052,4456765.84562,2948962.05844,0.5178023715230973,0.5520695851954778,0.696772572020389,1,-5.589986632640665,1.422976501305473,감소형,,0.0,,5.6,관찰,5.6
2026-10-02T03:51:17+09:00,MON,KRW-MON,,47.4,9.72222222,10123743644.512316,1790880663868,False,True,소수계정집중,3615856685.983057,2795614809.740239,8652974115.963469,1418302383.849408,1560777392.6524596,1.2934030372800294,0.843060673862638,1.128983596375233,2,13.38582677165354,21.34831460674158,중립,,,,,,,,,,,,,,NO_DATA,,0.0,,8.5,시동,8.5
2026-10-02T03:51:17+09:00,0G,KRW-0G,0GUSDT,407.0,-4.00943396,7921885605.76854,1790880567121,False,False,,29780503326.061634,59501435461.2376,8162433428.363627,2982387898.327439,4988616669.185425,0.5005005861658958,1.2646319004045337,1.8991659383690058,1,19.436619718309856,20.7977207977208,감소형,4150827.154844,-5.866,8920727.60616,29816546.45665,5348611.917574,1365956.573586,2584348.675674,0.2991871516417826,0.7325859847615837,1.0967931693602169,1,18.70229007633588,19.75356180207932,감소형,,0.0,,8.2,시동,8.2
2026-10-02T03:51:17+09:00,HBAR,KRW-HBAR,HBARUSDT,141.0,-5.36912752,11707739454.534056,1790880671077,False,False,,10810733173.71919,30198576119.93635,98265617186.31361,8487655595.480886,8031553194.968876,0.35798817569356234,0.23681461609495424,0.3481710742167477,1,15.503875968992254,14.615384615384608,감소형,34169262.92546,-3.441,47139510.31394,87862955.48141,200128977.21502,11052489.19023,8082551.50232,0.5365117762731503,0.47290141728648816,0.7268731400282085,1,9.284373044022542,9.478524401713884,감소형,,0.0,,4.4,시동,4.4
2026-10-02T03:51:17+09:00,SOON,KRW-SOON,,582.0,-13.39285714,71485434392.81026,1790880675167,False,False,,140715366205.5067,93994084071.06313,100084561806.51474,111059257121.1353,2942006336.9793057,1.4970661993910224,1.383460050252428,2.2814729245506595,2,51.011235955056186,145.25547445255475,중립,,,,,,,,,,,,,,NO_DATA,,0.0,,27.5,이미 발동,27.5
2026-10-02T03:51:17+09:00,MEGA,KRW-MEGA,MEGAUSDT,73.6,29.80599647,25605991373.04615,1790880681452,False,False,,865028891.5158341,613436933.5047845,1160352554.0216484,904424928.8728448,680991238.7441318,1.410135002099751,0.9689615060904883,1.0975885979185849,2,-4.70588235294117,-9.856915739268679,중립,13264458.05072,30.118,1916675.220346,1380986.82187,2062441.294633,1415751.092026,1387680.45736,1.3879026142701507,1.183332701733938,1.169787440184901,2,-4.783599088838275,-10.165484633569754,중립,,0.0,,23.5,이미 발동,23.5
2026-10-02T03:51:17+09:00,CAP,KRW-CAP,,117.0,24.33581296,26826479975.179028,1790880678623,False,False,,15885017549.86421,11666947920.090324,22752317143.253166,8540514263.639539,5779228683.3535795,1.3615401096040232,1.1092946331700662,1.2486988520418212,2,29.972375690607713,33.47517730496452,중립,,,,,,,,,,,,,,NO_DATA,,0.0,,10.1,이미 발동,10.1
2026-10-02T03:51:17+09:00,MOVE,KRW-MOVE,MOVEUSDT,14.5,15.07936508,13804010278.397532,1790880672329,False,False,,982136464.7263615,1316580164.9749055,1841143555.3561778,1685799758.8939643,1606827041.1127176,0.7459754376180211,0.6083194201115968,0.5993290046335946,1,-3.8167938931297662,-5.263157894736848,감소형,5694353.6838218,16.815,780677.5778592,843649.1309715,978988.4941604,1741353.5408115,679238.6481968,0.9253581248406131,0.6571376371404828,0.8199086339196601,1,-3.969734660033164,-5.178589704226788,중립,,0.0,,3.0,이미 발동,3.0
2026-10-02T03:51:17+09:00,PUMP,KRW-PUMP,PUMPUSDT,7.85,-2.48447205,5590372276.623129,1790880599337,False,False,,9797798945.251717,22835625014.268757,15401523372.512354,10436854627.000069,7077553989.372783,0.42905762111304585,0.6038828741378212,0.8184837533975133,1,15.164520743919896,41.97530864197532,감소형,32624340.030332,-1.331,55089451.523488,78454691.006376,94724451.395402,44401920.944388,32172533.501279,0.7021817410384152,0.7595714076804845,0.98235211597708,1,14.936954413191073,41.27324749642347,감소형,,0.0,,0.7,이미 발동,0.7
2026-10-02T03:51:17+09:00,ICX,KRW-ICX,,22.5,19.04761905,54152265513.912025,1790880679258,True,False,,385121084.0576574,646703746.5579331,2368889209.262423,573091450.0530171,490681587.1460156,0.5955139213394947,0.32194618459122853,0.32715124990824884,1,-4.545454545454552,-4.060913705583758,감소형,,,,,,,,,,,,,,NO_DATA,,0.0,,0,유의종목,0
2026-10-02T03:51:17+09:00,RVN,KRW-RVN,RVNUSDT,3.4,3.6585365899999998,11427735094.76291,1790880505527,True,False,,1124976123.3973978,1281993468.0942023,5840504512.602642,815590032.0764959,729312151.3701749,0.8775209479575393,0.4251563304364384,0.5646427952113167,1,-1.7964071856287456,-3.529411764705881,중립,533417.3215689,2.142,581569.2936214,652248.0940935,967428.7159794,457867.6334544,441414.0288915,0.8916381648146783,0.8397932888030051,0.8726123825140012,1,-3.157031570315716,-4.178498985801227,중립,,0.0,,0,유의종목,0
2026-10-02T03:51:17+09:00,EGLD,KRW-EGLD,EGLDUSDT,7040.0,-4.60704607,5364240114.486896,1790880636676,True,True,글로벌가격차이,10289057855.29516,26908856037.09215,64963389785.34979,1194750422.935048,2725265739.736606,0.3823669739476233,0.33166616320679604,0.49248063671921233,1,10.149253731343277,5.503931379556826,감소형,693063.59281,1.126,620963.71082,394219.44436,600079.5049,471722.15588,489103.46102,1.5751727107933768,1.270712356001246,1.152261522273286,2,-4.416135881104033,-2.4485373781148567,중립,,0.0,,0,유의종목,0
2026-10-02T03:51:17+09:00,MANTRA,KRW-MANTRA,MANTRAUSDT,6.89,-1.5714285700000001,2145637593.4015737,1790880573441,True,True,글로벌가격차이,1709126477.1339016,4950163583.179074,15619143366.397055,1633788795.185256,4180910332.930153,0.3452666661242482,0.23093083461622524,0.1317216124452586,1,-0.42674253200569723,-6.914893617021267,감소형,444490.08319,1.134,482623.78515,503319.77519,929807.34193,509941.64063,835752.80688,0.9588810313837015,0.7451467425818632,0.4860149068832477,1,-6.329113924050633,-6.329113924050633,중립,,0.0,,0,유의종목,0
2026-10-02T03:51:17+09:00,SAND,KRW-SAND,SANDUSDT,60.7,1.67504188,1818048168.2105746,1790880680190,True,False,,1989368887.534509,1339064738.0489335,3579969741.9514084,1340190107.479589,2235041380.468845,1.485640560166712,0.9534897780375678,0.6890069400026221,2,-3.241491085899517,-3.241491085899517,중립,1571027.98238,4.074,1766835.31453,1137560.92803,1544738.28348,1293294.2342,1801513.63781,1.5531786219044652,1.3332615660964258,0.8947860494391503,2,-3.602811950790852,-3.5604395604395545,중립,,0.0,,0,유의종목,0
2026-10-02T03:51:17+09:00,SOPH,KRW-SOPH,SOPHUSDT,5.16,0.58479532,1735682283.4184177,1790880594611,True,False,,972428809.7598357,1199294742.187595,4316474424.770483,1608623818.9112577,1412164280.628409,0.8108338805738944,0.40947859488741173,0.470753574316518,1,-2.285714285714291,-4.823747680890533,중립,733393.59304,-0.274,757090.55551,641273.01296,897236.45195,331077.18013,607166.49403,1.1806056706104118,1.2148523164495573,1.2438124699956474,2,-1.866666666666661,-4.1666666666666625,중립,,0.0,,0,유의종목,0
2026-10-02T03:51:17+09:00,ZIL,KRW-ZIL,ZILUSDT,4.44,0.45248869,1411028778.851292,1790880628354,True,False,,456655704.05510837,906362299.6560632,1994243487.304348,464567523.5296199,753082291.889733,0.503833515834005,0.40710150288391317,0.20656492011639863,1,-4.741379310344818,-6.947368421052635,감소형,407634.5054926,-0.962,412853.1015374,245325.0313339,457823.2343961,410873.6653161,587220.3951316,1.6828820903134245,1.111790773678177,0.8082953290976471,2,-6.656101426307448,-8.040593286494936,중립,,0.0,,0,유의종목,0
