scan_time_kst,coin,upbit_market,binance_symbol,upbit_price,upbit_price_24h_pct,upbit_24h_trade_krw,upbit_timestamp_ms,warning,caution_any,caution_types,upbit_D1_trade_krw,upbit_D2_trade_krw,upbit_D3_trade_krw,upbit_D4_trade_krw,upbit_D5_trade_krw,upbit_d1_vs_prev_x,upbit_d1_vs_3davg_x,upbit_d1_vs_5davg_x,upbit_rise_streak,upbit_price_3d_pct,upbit_price_5d_pct,upbit_supply_pattern,binance_24h_quote_usdt,binance_price_24h_pct,binance_D1_quote_usdt,binance_D2_quote_usdt,binance_D3_quote_usdt,binance_D4_quote_usdt,binance_D5_quote_usdt,binance_d1_vs_prev_x,binance_d1_vs_3davg_x,binance_d1_vs_5davg_x,binance_rise_streak,binance_price_3d_pct,binance_price_5d_pct,binance_supply_pattern,overseas_lead,overseas_lead_score,overseas_lead_reason,raw_signal_score,state,score
2026-09-30T09:23:45+09:00,BFC,KRW-BFC,,38.3,-2.29591837,7981436488.060777,1790727803625,False,False,,7794516346.997785,1749141432.275201,1004614797.0265989,2098615287.4534564,657952625.2843801,4.4561955958352915,4.818993962076044,6.21475996658573,3,-5.995203836930452,-3.2098765432098664,가속형,,,,,,,,,,,,,,NO_DATA,,0.0,,76.0,발사 전,76.0
2026-09-30T09:23:45+09:00,O,KRW-O,,764.0,-1.03626943,1254885970.0801287,1790727782064,False,False,,1221300498.0286026,652675738.3301406,397370220.7605367,313539216.55735785,561088405.3306783,1.8712209238132222,2.686961958459663,2.3513289190093176,4,4.043126684636111,2.251655629139071,연속 가속형,,,,,,,,,,,,,,NO_DATA,,0.0,,75.3,발사 전,75.3
2026-09-30T09:23:45+09:00,ARKM,KRW-ARKM,ARKMUSDT,178.0,0.56497175,1081241272.3457012,1790727825341,False,False,,3700722648.2636228,481778421.1870372,400168560.4425198,452927091.0845152,475561840.4064704,7.681379002292257,8.317015193963494,8.979568391769577,3,-5.851063829787229,1.1428571428571344,가속형,1835488.54386,-1.431,2880243.80584,1245034.93048,907056.99484,1637970.36515,1580898.00127,2.313383934320281,2.2798388932147273,2.2406955416187526,3,-5.660377358490565,1.7214397496087663,가속형,,0.0,,75.3,발사 전,75.3
2026-09-30T09:23:45+09:00,CELO,KRW-CELO,CELOUSDT,132.0,-3.64963504,13532621338.367413,1790727824002,False,False,,13329453836.9909,1016320480.9025987,610244573.5689971,1124444243.3423002,291328478.15849984,13.115404134287399,14.53588744420081,18.45828361036701,3,3.7878787878787845,8.73015873015872,가속형,11229568.734172,-0.86,11123129.519914,968375.361022,579154.163557,754747.986934,502909.627459,11.486382210483875,14.49407744847078,17.10945431730881,3,3.412969283276457,8.449023861171367,가속형,,0.0,,72.8,발사 전,72.8
2026-09-30T09:23:45+09:00,SYRUP,KRW-SYRUP,SYRUPUSDT,314.0,-1.56739812,5666112526.49061,1790727792693,False,False,,5892271444.03353,1320170519.2875504,775206799.3220973,1087305985.161243,922174180.9328914,4.463265432721056,5.5540600948755525,4.932629131031063,3,6.333333333333324,7.770270270270263,가속형,6938062.54257,-0.514,7168794.44926,2374727.01817,1716623.70662,1897914.05905,2052788.08716,3.018786746606513,3.5908219329036313,3.4940454779309,3,6.4032697547683926,7.625172255397339,가속형,,0.0,,72.1,발사 전,72.1
2026-09-30T09:23:45+09:00,LIT,KRW-LIT,,5125.0,-4.2950513500000005,10279294683.641829,1790727826788,False,False,,7723092419.460458,2644367223.389924,1892470249.719269,2210687164.039057,4115182468.93631,2.92058241803493,3.4337447440834477,2.5615833933694008,3,-18.802122820318424,-22.61560693641619,가속형,,,,,,,,,,,,,,NO_DATA,,0.0,,71.8,발사 전,71.8
2026-09-30T09:23:45+09:00,AAVE,KRW-AAVE,AAVEUSDT,220300.0,-1.6956715800000002,22359257207.78558,1790727819661,False,False,,22120412717.777035,4260627050.174973,3630293912.715418,4811621061.948952,6910748721.960256,5.1918209355753415,5.224248660115763,4.438025559938107,3,5.8073654390934815,11.770573566084796,가속형,75935679.69596,9.115,74898658.72893,22323603.03165,15568836.4205,17425951.4153,30344939.85835,3.355133068024012,4.061867539227426,3.494175111761504,3,6.193780519146763,12.488940311713058,가속형,,0.0,,71.4,발사 전,71.4
2026-09-30T09:23:45+09:00,ETHFI,KRW-ETHFI,ETHFIUSDT,1043.0,-0.38204393999999997,5248337086.284663,1790727800303,False,False,,5214060657.923823,1299908436.9530792,1237463121.7685735,1357545779.3831737,1397917986.9397137,4.011098404857901,4.016049794110029,4.168283596495018,3,5.438066465256797,13.066954643628502,가속형,14602319.39506,10.083,14579340.70261,7101277.38769,6812319.25748,6232584.83986,5753531.01373,2.053058894429776,2.1710328649789226,2.43845246173823,5,5.987941901890914,13.833701250919784,연속 가속형,,0.0,,71.2,발사 전,71.2
2026-09-30T09:23:45+09:00,ALT,KRW-ALT,ALTUSDT,10.3,0.0,415257521.4939067,1790727803292,False,False,,476207535.42511225,371176465.46272284,193897019.53793445,184067916.77096668,151369530.6561429,1.2829680212387755,1.9070132860055875,2.156492824898385,5,-7.2072072072072,-2.8301886792452713,연속 가속형,648780.77087,-0.132,656924.15507,752242.4751,611606.01679,1399402.72688,732118.38666,0.8732877719815957,0.7132078516144637,0.7834106989246518,1,-6.7401960784313815,-2.933673469387754,중립,,0.0,,71.0,발사 전,71.0
2026-09-30T09:23:45+09:00,ICP,KRW-ICP,ICPUSDT,4653.0,-0.3426858,4091044823.310323,1790727790015,False,False,,4055348517.790975,747370268.6390898,701595645.680755,1044431910.9403377,1207825298.2587032,5.426157137847466,4.879303827941462,3.8567783288763016,3,7.481583793738489,11.219628394473569,가속형,29900825.63682,9.593,29936724.28525,13291102.10455,9854553.13073,12833701.23801,11860567.83825,2.25238840615043,2.496158399120407,2.3356621634444883,3,7.567229518449037,11.543450064850846,가속형,,0.0,,70.9,발사 전,70.9
2026-09-30T09:23:45+09:00,CRV,KRW-CRV,CRVUSDT,510.0,-1.1627907,4838672939.738744,1790727820641,False,False,,5004227155.934706,1210091610.1677065,477144736.28523475,616903610.9507459,259539870.064275,4.135411826581601,6.515524987779154,7.3358897804795165,3,9.090909090909083,9.090909090909083,가속형,20341981.98301,0.454,20499171.92628,9661166.20256,2874488.96753,3432043.37315,3971553.5212,2.121811331725994,3.851370040103573,4.09663555078615,3,9.57446808510638,10.176351546689787,가속형,,0.0,,70.8,발사 전,70.8
2026-09-30T09:23:45+09:00,BIO,KRW-BIO,BIOUSDT,41.8,-0.47619048,1503371798.868176,1790727815333,False,False,,1569892578.4131658,515876339.3650685,278258437.18871534,642930172.4192992,1368540983.820868,3.0431567773497075,3.277289407556006,2.2554570281991055,3,-4.109589041095885,0.23866348448686736,가속형,2549363.996108,3.396,2551230.411058,2390358.416444,1102242.56681,1604753.479124,3475737.284606,1.067300365295561,1.5015026499851114,1.1301430868460876,3,-4.069586828207528,0.32488628979858714,가속형,,0.0,,70.2,발사 전,70.2
2026-09-30T09:23:45+09:00,ME,KRW-ME,MEUSDT,104.0,-0.9523809499999999,2147639630.6703906,1790727633307,False,False,,2172479974.030692,1450251751.6714628,1007617610.4761986,1000264784.6709626,1055329044.3443562,1.4980019651945515,1.8846694909415007,2.010573586518299,4,-3.669724770642202,-0.9433962264150941,연속 가속형,718644.8973169,1.208,721229.2165214,385998.0796171,365500.6937628,383397.3535293,841582.6503155,1.8684787686944986,1.906507210890597,1.5666066415002253,3,-3.5947712418300637,-0.5188067444876765,가속형,,0.0,,69.1,발사 전,69.1
2026-09-30T09:23:45+09:00,BERA,KRW-BERA,BERAUSDT,332.0,4.07523511,6472631552.040249,1790727827681,False,False,,5065138101.314943,1962147803.3017795,1239795580.2880137,1679268793.045924,1778540360.0679815,2.581425360919114,3.113041136928815,3.016340049558778,3,-1.5432098765432056,3.9087947882736174,가속형,4905647.1654088,12.437,4525129.4716942,1004651.1138756,1009596.458614,1076542.7388063,878642.6444354,4.5041800175165285,4.392206215176966,4.708373059480141,2,-1.0947368421052595,3.8461538461538325,일회성 폭증형,,0.0,,68.9,발사 전,68.9
2026-09-30T09:23:45+09:00,AVAX,KRW-AVAX,AVAXUSDT,15440.0,-0.6435006400000001,32594038480.575058,1790727819994,False,True,입금량급등,32935927333.649796,12597075397.951035,6351590566.483566,11523853654.978065,8691757638.73907,2.6145693578214955,3.2425209085107425,3.5841871283084337,3,2.70984798413747,9.35960591133005,가속형,118117608.77378,6.8,118483100.93423,56704299.97883,48613988.84509,48017776.27594,49214793.68163,2.089490584990283,2.3181063278962055,2.3345536260463993,4,5.4786939679025926,12.040756343685688,연속 가속형,,0.0,,64.9,발사 전,64.9
2026-09-30T09:23:45+09:00,UP2,KRW-UP2,,94.5,-0.94339623,6032998704.249573,1790727821310,False,False,,6040406810.521175,1456511938.019588,1398915526.0265374,3320237954.492803,4140424663.944608,4.1471728812153,2.934294396384372,1.553779984422847,3,-4.312938816449341,0.5268703898840821,가속형,,,,,,,,,,,,,,NO_DATA,,0.0,,64.1,발사 전,64.1
2026-09-30T09:23:45+09:00,SIGN,KRW-SIGN,SIGNUSDT,16.7,-0.5952381,1600065442.8204892,1790727553451,False,False,,1594020023.5569654,1517995582.4492009,1109105485.6723983,586277738.0114946,1541002300.8490715,1.0500821227589499,1.4881719085044682,1.5198773940021206,4,-10.63829787234043,-4.545454545454552,연속 가속형,681989.70434,-1.906,682299.41149,851254.482,737698.21107,288424.60207,646766.98478,0.8015222544108731,1.0902966813164523,1.1290774538729587,1,-9.97109826589595,-3.6349574632637216,중립,,0.0,,63.5,발사 전,63.5
2026-09-30T09:23:45+09:00,AGLD,KRW-AGLD,AGLDUSDT,279.0,-0.35714286,1101948253.410466,1790727681556,False,False,,1082641896.3506818,779252246.4075727,244799300.08882564,391886313.2874657,363038766.0179357,1.3893343283150794,2.293833494605353,2.4044595298905,3,-7.8947368421052655,-5.0847457627118615,가속형,436426.89366,-5.127,434129.37834,397404.81249,148869.71918,213964.41281,212252.08316,1.0924109741396857,1.713129989559832,1.7170058323853132,3,-7.850133809099025,-4.396112910689487,가속형,,0.0,,63.4,발사 전,63.4
2026-09-30T09:23:45+09:00,ANIME,KRW-ANIME,ANIMEUSDT,4.37,-0.6818181799999999,952899833.0717553,1790727824341,False,False,,2432380708.495475,761722277.0631595,1136106584.7464838,493091298.7290356,390908613.1037221,3.193264503007032,3.052022499924198,3.5258224810095165,2,-7.1729957805907185,-4.967602591792641,고수준 유지형,383321.973308,-1.223,630311.528097,249036.291593,392374.113016,156442.574613,165124.054083,2.531002706734479,2.370028856863933,2.7060682236461,2,-7.163323782234965,-4.424778761061942,고수준 유지형,,0.0,,61.4,발사 전,61.4
2026-09-30T09:23:45+09:00,XRP,KRW-XRP,XRPUSDT,2019.0,-0.24703556999999998,288195470134.4192,1790727828342,False,False,,287684769613.08856,275989666698.4003,162509635787.9956,161531810895.23608,393270807788.19995,1.0423751477893866,1.438349261549618,1.132296291378222,4,-2.692307692307694,-3.296703296703296,연속 가속형,288629788.11951,-0.475,285945986.80544,283162448.44635,173509013.61734,181135648.39195,538764479.31241,1.0098301818421287,1.3449802398776853,0.9707345796251553,3,-2.409323032604438,-2.879854052645292,중립,,0.0,,61.2,발사 전,61.2
2026-09-30T09:23:45+09:00,ENS,KRW-ENS,ENSUSDT,9440.0,-1.30684788,5627857894.471944,1790727816012,False,False,,5507311284.451462,4911255041.911808,3274452696.9403462,2963833783.013102,5395225413.297055,1.121365361288105,1.4818487218468475,1.0761166597191145,4,-0.4682622268470382,-0.9834368530020732,연속 가속형,2859228.2322,3.259,2844783.1725,1546528.025,1150658.9331,952863.6632,1868628.2179,1.839464352739421,2.3381455226120704,1.7499932952616184,4,-0.14164305949008194,-0.4237288135593209,연속 가속형,,0.0,,61.2,발사 전,61.2
2026-09-30T09:23:45+09:00,FLUID,KRW-FLUID,,1959.0,-1.2102874399999999,1322475397.1879122,1790727827355,False,False,,1315557962.1226056,445290640.7329087,522627513.5447782,274944161.92958355,273941140.80621785,2.9543804467960846,3.1754715183669906,4.00835162485286,2,1.5881147540983687,3.9308176100628867,고수준 유지형,,,,,,,,,,,,,,NO_DATA,,0.0,,61.0,발사 전,61.0
2026-09-30T09:23:45+09:00,LSK,KRW-LSK,LSKUSDT,375.0,-3.8461538500000003,8735482298.871532,1790727826335,False,False,,8914575427.550499,3282389100.1855855,3218280270.2533245,4661539319.073166,9249159864.055618,2.7158801578540674,2.395917065032093,0.7853051649378155,3,-6.25,-10.550458715596333,가속형,4973214.05732,-2.31,4991777.23076,6362879.34369,4480916.85822,8177758.14141,12332084.70361,0.7845154624392324,0.7872822284651542,0.3476918054145835,1,-12.411971830985912,-26.909892262487755,중립,,0.0,,57.2,발사 전,57.2
2026-09-30T09:23:45+09:00,MOCA,KRW-MOCA,,14.4,-0.68965517,905404272.2464881,1790727600737,False,False,,907961364.1435826,412498783.62666845,484934326.20286804,191501365.7372173,166581706.18616933,2.201124949171564,2.5014214845324436,3.131066924542607,2,2.1126760563380254,3.571428571428581,고수준 유지형,,,,,,,,,,,,,,NO_DATA,,0.0,,54.1,관찰,54.1
2026-09-30T09:23:45+09:00,F,KRW-F,FUSDT,4.75,-0.21008403000000003,996284216.7580997,1790727798973,False,False,,2373976445.0606766,2148135714.4282126,1371685684.647897,1931243672.5285752,1663248314.4275296,1.1051333624386845,1.3065206967132161,1.3542409120986276,3,-8.285163776493265,-7.21247563352827,중립,357401.56054,0.433,741171.79676,500540.246878,340633.654587,386546.634428,358943.227689,1.4807436592419527,1.811092447568041,1.697076510870115,3,-7.8034682080924895,-7.070974576271183,가속형,,0.0,,45.2,관찰,45.2
2026-09-30T09:23:45+09:00,ELF,KRW-ELF,,104.0,-0.9523809499999999,967150002.6289062,1790727815003,False,False,,1045164091.7712574,310517648.368578,1228603256.108883,207462018.09065077,248771073.66511115,3.3658766168764402,1.7952152370203294,2.208073420667113,2,1.9417475728155331,0.0,고수준 유지형,,,,,,,,,,,,,,NO_DATA,,0.0,,44.7,관찰,44.7
2026-09-30T09:23:45+09:00,RED,KRW-RED,REDUSDT,216.0,-1.36986301,439419539.7670065,1790727726064,False,False,,883550296.2216319,607811882.480631,453305584.49506223,884460140.9396214,2204074590.0917773,1.453657491221863,1.362397921255409,0.9221910972862811,3,-5.1948051948051965,-0.4545454545454519,중립,459107.97166,-1.36,620940.0312,477594.78407,606508.8524,554588.43753,1451062.03742,1.3001398924595253,1.1367725048263093,0.8433266737139775,2,-4.682868998221689,-0.1242236024844745,중립,,0.0,,43.9,관찰,43.9
2026-09-30T09:23:45+09:00,PROVE,KRW-PROVE,PROVEUSDT,322.0,-0.61728395,976659884.0904016,1790727800330,False,False,,981135744.5345285,637196084.3189248,497179926.4486892,1392396108.7870903,398791095.8248659,1.5397705175530512,1.1648882820989435,1.3351942442982752,3,-2.114803625377648,1.8867924528301883,중립,1291014.51864,5.467,1276475.37215,1337800.51449,808369.55342,1128234.81915,1201165.02622,0.9541597258516689,1.1695029321460422,0.03711844159381999,1,-1.8930041152263377,2.1860265752250196,중립,,0.0,,43.6,관찰,43.6
2026-09-30T09:23:45+09:00,INJ,KRW-INJ,INJUSDT,10350.0,0.29069767,1286844616.6707766,1790727730782,False,False,,1324480088.419186,1107672969.409521,901449146.6057216,1413060366.293055,1204157289.1378722,1.195732066230018,1.1610836902471173,0.8355749768850133,3,-2.457466918714557,-5.839416058394164,중립,14489285.6836,2.186,14754616.20553,14115365.41038,9774427.57151,13087085.27086,17714271.38839,1.04528758388925,1.197068295328529,0.9392795396038441,3,-2.0704732510288038,-5.356698980860042,중립,,0.0,,42.1,관찰,42.1
2026-09-30T09:23:45+09:00,SOMI,KRW-SOMI,SOMIUSDT,270.0,0.0,255815130.91979322,1790727814325,False,False,,256298340.3805838,209078903.37703896,206529955.53623167,420368634.5193351,148701151.869303,1.2258450577311115,0.9197556479476413,1.144212950667261,3,-10.299003322259138,-0.7352941176470562,중립,627628.43634,-1.975,632159.50093,489960.56126,376117.86315,684427.35608,357866.81683,1.2902252771209097,1.2231353966256506,1.3724690352546358,3,-9.074410163339387,0.8048289738430636,중립,,0.0,,41.7,관찰,41.7
2026-09-30T09:23:45+09:00,POWR,KRW-POWR,POWRUSDT,87.8,-2.4444444400000003,845311524.6634742,1790727671252,False,False,,769316265.6482794,701630819.0714033,652975185.9377671,1639108515.52632,889592822.0878876,1.0964687478615274,0.7709314903319545,0.7442429783956939,3,-7.881269191402252,-4.051172707889128,중립,292139.3729,-3.846,251590.2329,215772.3973,158612.349,210354.5347,199611.0425,1.1659982279855774,1.2907815897184443,1.1595867225463694,3,-7.381615598885793,-3.3430232558139483,중립,,0.0,,41.0,관찰,41.0
2026-09-30T09:23:45+09:00,FOLD,KRW-FOLD,,96.0,7.023411370000001,28223962867.33847,1790727826671,False,False,,29587061018.661278,7492553485.051548,25698031405.360714,14492592348.077728,1701281137.632876,3.9488621706459157,1.8614779508513029,2.9043591862410882,2,2.3972602739726234,9.657701711491452,고수준 유지형,,,,,,,,,,,,,,NO_DATA,,0.0,,40.8,관찰,40.8
2026-09-30T09:23:45+09:00,PROM,KRW-PROM,PROMUSDT,8130.0,0.61881188,6236438352.20697,1790727811599,False,False,,6162472099.968297,4624016925.502995,3859100346.707132,21579936425.72203,3893344132.355357,1.3327096762946973,0.6149547043910752,0.5945540167057716,3,-5.3309900410076105,6.385780118499018,중립,5362345.67004,-5.856,5318482.55699,2120469.58337,1651019.69972,6768657.92465,4107157.00747,2.508162625250909,1.513778446970205,1.2417160797512623,3,-5.019120458891003,6.7896811178788985,가속형,,0.0,,39.1,관찰,39.1
2026-09-30T09:23:45+09:00,ETH,KRW-ETH,ETHUSDT,3625000.0,-0.32994226,91068389291.19579,1790727826675,False,False,,90415076982.755,102509171733.25249,52618705914.91758,33503538009.07183,83710519127.93227,0.8820193886458422,1.4379642436715787,1.3067287019111642,1,-0.8991825613078985,-0.8721722540201648,중립,856927487.84681,-0.575,853836574.439267,779141918.865414,413981188.407887,232408625.067851,632500185.266342,1.0958678435407805,1.796880185270258,1.5404215463825355,4,-0.6805546798796858,-0.37462100779376284,연속 가속형,EARLY,5.0,Binance 연속가속 우위,35.0,관찰,35.0
2026-09-30T09:23:45+09:00,DRV,KRW-DRV,,533.0,2.10727969,12975054411.492628,1790727829007,False,False,,14153095726.27984,5260805639.99834,19978974108.44091,7341146050.198865,7846768030.728816,2.6902905552474103,1.3031946188777215,1.1695457737307116,2,-7.446808510638303,-15.94202898550725,중립,,,,,,,,,,,,,,NO_DATA,,0.0,,34.6,관찰,34.6
2026-09-30T09:23:45+09:00,ZAMA,KRW-ZAMA,ZAMAUSDT,101.0,-0.98039216,1649850651.3974864,1790727812282,False,False,,1654479620.8382125,1344622781.5337963,2998433097.140991,2571693775.362149,2705082600.4775496,1.2304414617689028,0.7178045642790417,0.6687197767900509,2,-17.741935483870964,-15.702479338842979,중립,6308140.04374,-8.03,6353615.44672,8948336.12325,9518791.19307,8136590.46947,11666643.15932,0.7100331680893981,0.7164730318384704,0.567375625831257,1,-17.667728121225423,-15.439269200405992,감소형,,0.0,,33.0,관찰,33.0
2026-09-30T09:23:45+09:00,ANKR,KRW-ANKR,ANKRUSDT,6.55,-0.15243902,488494828.3302722,1790727769346,False,False,,508964198.0687297,431293025.037231,3181360754.9715753,1174035776.8162823,3396157630.458345,1.1800891007332979,0.3189871781070643,0.3029240390064434,2,-6.2857142857142945,-2.235469448584204,중립,406484.589007,-2.632,408070.55089,376590.529807,938096.641569,384982.544994,1037782.350401,1.0835921739697842,0.7202644377782761,0.676050899149673,2,-6.03112840466925,-1.8292682926829174,중립,,0.0,,33.0,관찰,33.0
2026-09-30T09:23:45+09:00,RE,KRW-RE,REUSDT,642.0,-0.9259259299999999,2859093687.848066,1790727826011,False,False,,2749752111.1687074,2646655439.8827677,3506531385.8571577,2867501867.24106,2027687767.8427677,1.0389535674845933,0.9144818776336759,1.0109228056011204,2,-2.9940119760479056,0.9345794392523255,중립,2598021.85371,2.893,2580097.57274,1429378.21038,1743439.12579,2337986.11263,1443077.61719,1.8050489044841964,1.4045670091727698,1.5237268160109014,2,-2.893235533822325,1.3611229264143043,고수준 유지형,,0.0,,32.8,관찰,32.8
2026-09-30T09:23:45+09:00,COMP,KRW-COMP,COMPUSDT,33580.0,0.0,822808136.2825035,1790727817675,False,False,,816899303.5832723,303365820.4586935,2210952578.26587,385799337.338533,1017042543.198578,2.6927862286796476,0.8450339378554451,0.2346988287581685,2,3.0693677102516803,2.503052503052494,중립,2098970.61382,5.865,2091047.49318,1296606.91503,2284364.44862,871656.12567,1454331.65298,1.6127073432518433,1.4088630801895414,0.9505073679052631,2,3.6356038445465977,3.3764068361817445,고수준 유지형,,0.0,,31.4,관찰,31.4
2026-09-30T09:23:45+09:00,AWE,KRW-AWE,AWEUSDT,94.9,-0.83594566,1534464796.1259305,1790727813619,False,False,,1524237212.027118,1175608786.4447358,2928508554.087917,4738631938.853953,531760012.6767444,1.2965513949897405,0.5171142471200483,0.785711151342915,2,-0.31249999999999334,7.891770011273946,중립,315923.38285,6.817,304235.33428,410411.71818,718133.10357,1023590.2836,177350.37928,0.7412930011578452,0.4240932646705595,0.629299136394122,1,-0.2548853016142716,8.653401203146704,감소형,,0.0,,31.3,관찰,31.3
2026-09-30T09:23:45+09:00,JTO,KRW-JTO,JTOUSDT,742.0,-0.2688172,2886422129.614769,1790727810917,False,False,,2858144414.140831,2689276895.40845,6966882506.618098,4522920033.734624,8337085133.595275,1.062792908763206,0.6047242545800854,0.5627630993501996,2,-9.046454767726164,11.377245508982025,중립,2751847.85147,-2.725,2735541.90764,3366136.55285,5687937.90967,7103124.16441,7928266.00227,0.812665162179444,0.5079237999365566,0.508735312542205,1,-8.466400532268793,12.306122448979595,중립,,0.0,,30.5,관찰,30.5
2026-09-30T09:23:45+09:00,SPK,KRW-SPK,SPKUSDT,32.0,0.31347962,1212491760.0258954,1790727819005,False,False,,1224240360.120453,1063902503.6673146,1600890459.0084813,3010280144.735454,6663872183.252292,1.1507072837035792,0.6471671837257992,0.4780434490267495,2,-6.997084548104948,10.380622837370247,중립,2230554.033312,4.652,2199648.652782,1784291.465908,1911992.369416,2890252.318085,5449222.658569,1.2327855032712556,1.0018841170302508,0.8434728017256177,2,-6.922802426549312,10.90376529503474,중립,,0.0,,30.5,관찰,30.5
2026-09-30T09:23:45+09:00,CC,KRW-CC,,169.0,0.5952381,6644324810.954765,1790727816332,False,False,,6638049645.136911,6760360664.637764,1805957812.103909,4761875245.716115,3969138686.9737163,0.9819076191983899,1.494137116408784,1.6673264068148868,1,-8.695652173913048,7.692307692307687,중립,,,,,,,,,,,,,,NO_DATA,,0.0,,30.1,관찰,30.1
2026-09-30T09:23:45+09:00,BSB,KRW-BSB,,134.0,0.0,761596323.8522741,1790727725277,False,False,,718623599.3159071,861941792.69393,405612041.3579212,373641532.7804729,394155605.7648663,0.8337263669161541,1.3135979064508168,1.5148597150076395,1,-10.666666666666668,-11.842105263157897,중립,,,,,,,,,,,,,,NO_DATA,,0.0,,30.1,관찰,30.1
2026-09-30T09:23:45+09:00,API3,KRW-API3,API3USDT,383.0,-0.51948052,1758119381.3826272,1790727785007,False,False,,760299978.207192,800107789.9570355,538929203.3822637,709501841.3636439,652410981.0954163,0.9502469389130916,1.1134277251582234,1.0501750648001569,1,0.7853403141361293,4.336043360433606,중립,1728636.43543,3.409,1492582.054061,814564.524567,666942.564764,611330.942317,726719.287029,1.8323681047298437,2.139556953032342,2.2286892715983733,4,1.6440314510364429,5.294335431321717,연속 가속형,EARLY,5.0,Binance 연속가속 우위,29.9,관찰,29.9
2026-09-30T09:23:45+09:00,MIRA,KRW-MIRA,MIRAUSDT,72.6,2.25352113,2622385978.749517,1790727827683,False,False,,1814693886.4941995,2149928583.427451,1332521515.9384596,1415426338.547616,2323943089.0602827,0.8440717056755369,1.1115187833937585,0.9357580143465031,1,-5.960264900662249,-7.792207792207795,중립,1472299.910081,3.621,1112040.096835,946189.929052,443105.520745,542084.995988,788155.845972,1.1752821105897495,1.7273242554493455,1.3407045845578205,3,-5.905653583003234,-7.488050982474769,가속형,EARLY,5.0,Binance 연속가속 우위,29.1,관찰,29.1
2026-09-30T09:23:45+09:00,USDT,KRW-USDT,,1358.0,0.14749262999999999,85940398719.59563,1790727826669,False,False,,83961507289.44925,99235751784.747,46114573562.700485,43538457052.93687,75080233054.15648,0.8460812336220396,1.333507044025687,1.179299541696192,1,-0.2941176470588225,-0.5865102639296182,중립,,,,,,,,,,,,,,NO_DATA,,0.0,,28.4,관찰,28.4
2026-09-30T09:23:45+09:00,W,KRW-W,WUSDT,18.2,-1.6216216200000002,3185868733.8525963,1790727656226,False,False,,3237780571.3968887,3166398493.2673864,17624755942.3373,1131367014.048889,836731873.5387086,1.0225436180194247,0.4430759361553348,0.6953688328802092,2,3.93258426966292,14.90683229813663,중립,3828555.069076,-2.888,3872966.647385,6107284.368465,17649365.554316,1820695.899841,1336199.940635,0.634155283055606,0.4542652714136825,0.7011494488147231,1,4.06130268199234,15.672913117546837,감소형,,0.0,,28.3,관찰,28.3
2026-09-30T09:23:45+09:00,CYBER,KRW-CYBER,CYBERUSDT,438.0,-0.22779043,289578222.63752764,1790727793349,False,False,,267735457.19932258,280960683.82227117,153565741.99416873,197573201.34109342,203995751.48431224,0.9529285505607804,1.2706958477572252,1.18067121681923,1,-11.491935483870963,-8.158995815899583,중립,651685.59437,-5.03,637733.79963,449406.25814,367992.66023,505566.2667,736506.54664,1.419058564670303,1.4461464447295866,1.0707523935110457,3,-10.497237569060768,-7.692307692307687,고수준 유지형,,0.0,,28.1,관찰,28.1
2026-09-30T09:23:45+09:00,ADA,KRW-ADA,ADAUSDT,329.0,-0.6042296100000001,23215151666.154907,1790727827354,False,False,,23325980987.100357,27372354564.237602,13020394514.746384,16961662977.053387,24403876608.524612,0.8521729810403708,1.220096945513626,1.1998021439477589,1,-4.335260115606932,-1.7804154302670572,중립,42180616.74197,-2.023,42122114.97634,56126026.63776,28652083.37617,42377244.74393,57092332.74667,0.7504916613498779,0.9937949146511172,0.931529248764114,1,-3.740157480314965,-1.291885345175614,중립,,0.0,,27.8,관찰,27.8
2026-09-30T09:23:45+09:00,VANA,KRW-VANA,VANAUSDT,1439.0,0.27874564,719409832.3458681,1790727824349,False,False,,723666198.0693655,742746115.2827972,570330580.8217007,520481662.09814745,410509430.81426674,0.9743116566740074,1.1840357218497417,1.3113515547324104,1,-8.656906429026101,-8.365261813537671,중립,355153.20721,-2.302,364224.39352,314543.89422,287243.71728,409379.6077,296423.7553,1.1579445673971727,1.0806058185158383,1.112943074914251,3,-8.138528138528144,-7.092819614711033,중립,,0.0,,27.8,관찰,27.8
2026-09-30T09:23:45+09:00,MINA,KRW-MINA,MINAUSDT,192.0,0.5235602100000001,1595328687.394233,1790727735182,False,False,,1577652060.3702743,1607538276.595507,872124287.9060602,1109735214.3021643,1473691638.4910636,0.9814087063055652,1.3185933888576191,1.064432748122054,1,-2.5510204081632626,-3.535353535353536,중립,2277956.7246,-5.171,2280109.3876,2426842.60626,1113391.81242,1391407.84778,2948998.69498,0.9395373979830814,1.3870284568937483,1.0469045971036304,1,-2.754820936639124,-2.6206896551724146,중립,,0.0,,27.5,관찰,27.5
2026-09-30T09:23:45+09:00,THETA,KRW-THETA,THETAUSDT,301.0,-0.33112583,410050474.8157832,1790727709693,False,False,,404639248.95016,488070319.47640103,255798144.71392927,311815069.75217295,344530206.5192967,0.8290593236324115,1.1498879236252206,1.1731126021408094,1,-4.430379746835444,-0.6578947368421018,중립,735374.05582,-0.763,725635.94284,685287.02229,696601.75341,713257.57624,920902.18724,1.0588788627795218,1.0390242316505924,0.8786154330202229,2,-4.010349288486415,-0.22411474675033682,중립,,0.0,,27.1,관찰,27.1
2026-09-30T09:23:45+09:00,USDC,KRW-USDC,USDCUSDT,1358.0,-0.07358352,1547788699.4746807,1790727759495,False,False,,1530278582.0070238,1761778859.9772894,1153356903.4482853,1200605612.706693,972971952.0326549,0.868598560676764,1.1154334848744236,1.1969805948388053,1,-0.14695077149154967,-0.512445095168379,중립,3019106865.57578,-0.005,3048582782.34266,3449242220.57328,1131292993.26282,875062768.7218,2970483318.24134,0.8838413156835276,1.6763970468989586,1.335881507880094,1,0.026996490456232536,0.01599616092138323,중립,,0.0,,26.9,관찰,26.9
2026-09-30T09:23:45+09:00,GRVT,KRW-GRVT,,278.0,0.36101083,1103489595.872549,1790727698736,False,False,,1128022625.5272768,1244394396.9878218,692425510.2193677,836577317.3919842,1268353984.1080494,0.9064832084247291,1.220188672061181,0.6922990102406772,1,-0.3597122302158251,-0.7168458781361964,중립,,,,,,,,,,,,,,NO_DATA,,0.0,,26.5,관찰,26.5
2026-09-30T09:23:45+09:00,ZRX,KRW-ZRX,ZRXUSDT,162.0,0.0,304522286.18034625,1790727786655,False,False,,308480256.6529364,389159605.2078159,197601107.59548363,220507742.40611386,281156652.29055727,0.792683137008026,1.1463853987936896,1.0671133635914807,1,-6.896551724137934,-1.8181818181818188,중립,247790.0154,-2.623,247091.2858,284457.5783,122066.4043,147548.105,268044.7154,0.868640193299431,1.3378653680442143,1.1711755830746122,1,-6.567630961688831,-1.483924154987637,중립,,0.0,,26.5,관찰,26.5
2026-09-30T09:23:45+09:00,KNC,KRW-KNC,KNCUSDT,185.0,-0.53763441,243318331.39641622,1790727452844,False,False,,243639387.35145375,267052209.22614554,282367681.0104984,146886638.6811493,228116197.21627834,0.9123286718258702,1.0497074660356291,1.1721121307890443,1,-6.5326633165829096,-6.060606060606055,중립,180613.78377,-1.658,183209.9391,272241.37225,182999.15179,112069.98673,385954.07387,0.6729687614553962,0.9688341866855201,0.7773050532410255,1,-6.02739726027397,-5.639614855570851,감소형,,0.0,,26.3,관찰,26.3
2026-09-30T09:23:45+09:00,APT,KRW-APT,APTUSDT,1063.0,-0.83955224,6895819002.773783,1790727797318,False,False,,6798076540.487979,6947541358.002651,6418606050.97403,6027131145.979233,7135695478.891968,0.9784866602711896,1.0516132980646653,1.0240111030625203,1,-7.745266781411364,-3.074141048824597,중립,14425801.11032,-5.005,14324996.870259,12703345.379531,9963255.46664,9326794.654447,13222754.047003,1.1276554673024146,1.3432456898783023,1.2686526892025871,4,-7.230895645028756,-2.359772671114402,연속 가속형,,0.0,,25.5,관찰,25.5
2026-09-30T09:23:45+09:00,ETC,KRW-ETC,ETCUSDT,12220.0,-0.9724473299999999,5969456357.361115,1790727816332,False,False,,5986224715.533039,7023346064.081847,4064383601.5935335,5783833070.050384,9029163429.900164,0.8523323015716456,1.0644345415953307,0.5121574469915521,1,-4.118104118104116,-3.8191738113795837,중립,6349025.6633,-2.384,6335141.6734,6282322.8597,3143511.7325,5422341.8775,7748461.4414,1.0084075293294497,1.279983778411006,0.689997074011432,3,-3.7076271186440635,-3.194888178913746,중립,,0.0,,25.5,관찰,25.5
2026-09-30T09:23:45+09:00,WET,KRW-WET,,87.7,-0.45402951,356439958.32575244,1790727814977,False,False,,438326015.1595408,470795550.9405142,467907455.23551524,332892155.23609227,446971916.58665293,0.9310326197515915,1.034116899295467,1.0435044036345558,1,-6.6737288135593325,-6.57476139978791,중립,,,,,,,,,,,,,,NO_DATA,,0.0,,25.5,관찰,25.5
2026-09-30T09:23:45+09:00,ZK,KRW-ZK,ZKUSDT,16.4,0.61349693,579505385.612676,1790727769735,False,False,,577623494.3710495,639002411.6098866,534990852.2840566,442941868.8835585,570491533.0336736,0.903945718946192,1.071700681112976,0.9768847525323037,1,-6.8571428571428505,-0.609756097560965,중립,1776798.141286,-3.148,1775158.325031,2115466.599644,2083114.360618,2158381.224657,3089775.049175,0.8391332320395563,0.8377389734560544,0.780152990045974,1,-6.376360808709169,-0.24855012427507095,중립,,0.0,,25.1,관찰,25.1
2026-09-30T09:23:45+09:00,XPL,KRW-XPL,XPLUSDT,128.0,-2.29007634,10683512865.269419,1790727820984,False,False,,10535134486.510292,13244734939.071503,10645900593.455856,13516830536.158382,24378451291.233715,0.7954205603188038,0.8448955992233901,0.7028356879594082,1,-13.815789473684214,-10.273972602739722,중립,21240703.479087,-2.96,21128380.687403,25285011.627886,25954950.195166,40452468.312541,60692175.01912,0.8356088974110343,0.6912799886367531,0.5724785299652267,1,-14.103828566305033,-13.561310114589919,중립,,0.0,,25.0,관찰,25.0
2026-09-30T09:23:45+09:00,UNI,KRW-UNI,UNIUSDT,11960.0,-0.74688797,8956630669.9769,1790727817323,False,False,,8982019306.356514,9641048591.838934,9427454122.886324,9067287006.681377,13183105191.479092,0.931643401731189,0.9577146469277205,0.8047812247282032,1,-8.642911296436695,-3.522818254603688,중립,81142958.99628,0.686,81224895.07486,115959384.26661,65096632.36703,52524369.55824,98946730.09729,0.7004598686735901,1.0432155250587172,0.954073322392819,1,-8.370271106071547,-2.8736888111888126,감소형,,0.0,,25.0,관찰,25.0
2026-09-30T09:23:45+09:00,SHIB,KRW-SHIB,SHIBUSDT,0.0078,-0.25575448,7781715384.762838,1790727820966,False,False,,7767983503.001731,10333046871.257227,6164235630.590132,7257317016.724076,10127354094.763533,0.7517611794261219,0.9810289788630652,0.8740115876009936,1,-3.0978934324659257,-0.7614213197969399,중립,4725454.67479299,1.413,4724454.10178291,5349305.0658219,4569829.53060953,4734969.35211526,6370535.16849092,0.8831902543694272,0.9671940607978532,0.8975300326231929,1,-2.866779089376059,-0.17331022530329143,중립,,0.0,,25.0,관찰,25.0
2026-09-30T09:23:45+09:00,CHZ,KRW-CHZ,CHZUSDT,21.8,-0.9090909100000001,2566545384.2714167,1790727827017,False,False,,2600327853.7637496,3446057572.2463756,2251736423.884769,2164912543.588663,2757985181.9071245,0.7545805022835641,0.9921499068906166,0.9733887886252989,1,-3.508771929824561,-1.7857142857142794,중립,1950365.1789,1.972,1962803.26276,2331703.91361,1054489.51777,2165420.0321,2105177.91638,0.8417892388923175,1.060666385910247,1.0070584074699567,1,-2.9976019184652314,-1.2210012210012167,중립,,0.0,,25.0,관찰,25.0
2026-09-30T09:23:45+09:00,MORPHO,KRW-MORPHO,MORPHOUSDT,3335.0,-0.53683269,1779904617.019446,1790727798323,False,False,,1782694528.9236295,2148589155.0947676,1439537297.7488236,1728046598.0643027,3531586622.0659103,0.8297047039898144,1.0060025389612826,0.5219038283011124,1,-9.792843691148779,-12.818512740509625,중립,6574708.99406,-2.425,6573219.99119,6294724.20312,4086786.04356,4444928.23317,7448499.70856,1.04424273075093,1.3300335073976246,0.9875329960339969,3,-9.310850439882701,-12.176073837415691,중립,,0.0,,25.0,관찰,25.0
2026-09-30T09:23:45+09:00,ZBT,KRW-ZBT,ZBTUSDT,117.0,-0.84745763,1689035871.6872704,1790727686902,False,False,,1701217551.4054873,2107295997.255689,1669878160.7951381,1524275724.480649,1607927902.5807061,0.8072988102387925,0.9626899748752195,0.992986299720351,1,-4.8387096774193505,-2.4793388429752095,중립,529713.87753,0.937,534171.21766,572019.41538,554381.57508,499475.38229,673894.20054,0.9338340680362099,0.9856306911389058,0.9004506276865468,1,-4.714912280701755,-1.1376564277588153,중립,,0.0,,25.0,관찰,25.0
2026-09-30T09:23:45+09:00,VVV,KRW-VVV,,36330.0,-0.68343357,1040957833.8466151,1790727825341,False,False,,1026920297.1880865,1360192201.9195788,3446086691.2242074,885237193.7668076,1912443219.3261023,0.7549817560627384,0.5412900261583069,0.5183586449341815,1,-9.163148745964733,-13.522458628841605,중립,,,,,,,,,,,,,,NO_DATA,,0.0,,25.0,관찰,25.0
2026-09-30T09:23:45+09:00,MTL,KRW-MTL,MTLUSDT,429.0,-0.92378753,509830486.8801362,1790727753710,False,False,,512420636.10434264,532677902.5713018,516382810.0673916,1062766943.3135656,954927968.0164298,0.9619708901586215,0.7279296224671564,0.5585761159127347,1,-8.067940552016983,-5.458515283842791,중립,473750.80698,-2.229,472108.68539,326260.76522,277589.73054,363763.66787,301303.61562,1.4470286829360364,1.4637301823452638,1.3174814580379155,3,-8.230215827338117,-4.976162097735393,고수준 유지형,,0.0,,25.0,관찰,25.0
2026-09-30T09:23:45+09:00,XTZ,KRW-XTZ,XTZUSDT,421.0,-0.23696682000000002,374126271.58030665,1790727819341,False,False,,364886446.08907735,413796077.65273345,439354285.68350655,437934536.6863368,620324737.3013345,0.8818025732841719,0.8478600735304782,0.84179598443855,1,-6.222222222222218,-7.048458149779735,중립,687462.0676,-1.339,718316.60531,1047005.08173,547586.59345,905842.30577,1765922.49347,0.6860679263591563,0.8618303191957347,0.6992895505309645,1,-5.138339920948621,-5.882352941176472,감소형,,0.0,,25.0,관찰,25.0
2026-09-30T09:23:45+09:00,ASTR,KRW-ASTR,ASTRUSDT,9.99,-1.08910891,339751183.24517626,1790727454208,False,False,,344815440.1984187,441332219.1243052,289142569.1020807,253700353.68204862,322340237.87975264,0.7813058400372493,1.05107950459848,1.0730701250777974,1,-1.9417475728155442,4.123711340206193,중립,370059.284474,-2.974,372884.7603166,595716.3735668,352918.9245235,421552.236138,381421.9157769,0.6259434470199046,0.8164242142079,0.8990877575913477,1,-1.5974440894568565,3.61648444070648,감소형,,0.0,,24.9,관찰,24.9
2026-09-30T09:23:45+09:00,TAO,KRW-TAO,TAOUSDT,405000.0,-0.88105727,2956193349.216535,1790727818999,False,False,,2961503923.60242,3503286700.489166,4391027473.88628,6108682892.241184,5240401253.689657,0.8453501459611923,0.6344721582487565,0.63510668137429,1,-6.584362139917699,1.1386138613861396,중립,43454697.40997,-2.614,44100848.50993,58979693.42493,47054426.2516,58668835.2636,56025376.05486,0.7477293615651299,0.8032797321570968,0.8191995844189165,1,-6.382316313823166,1.4849814377320136,감소형,,0.0,,24.7,관찰,24.7
2026-09-30T09:23:45+09:00,QUID,KRW-QUID,,92.9,0.32397408,1576044575.7868617,1790727826339,False,False,,1928034536.8922777,2261428796.9831176,2572799367.912117,3557051525.6104727,1950152431.75513,0.8525736204758656,0.6892993469424268,0.7907410294850962,1,-6.180344478216826,-2.2175290390707536,중립,,,,,,,,,,,,,,NO_DATA,,0.0,,24.7,관찰,24.7
2026-09-30T09:23:45+09:00,WIF,KRW-WIF,WIFUSDT,326.0,0.30769231,133045122.38273945,1790727687927,False,False,,123455997.29360946,143316344.78869298,138501509.18271646,228640162.0043103,460423420.99201286,0.8614230112806337,0.7255601445946245,0.3030093282669004,1,-2.6946107784431184,0.30864197530864335,중립,3175038.756891,2.704,3165133.379396,3065609.806856,2538309.51993,2552676.392501,4011763.215181,1.0324645270632367,1.1641376457748516,0.9237513951629066,3,-1.9175846593227241,1.4774166314900805,중립,,0.0,,24.7,관찰,24.7
2026-09-30T09:23:45+09:00,GEOD,KRW-GEOD,,357.0,-0.55710306,900011166.8684981,1790727823317,False,False,,939603131.0176567,1045785396.0776638,3393315658.6610503,1220507833.774974,637106243.2519096,0.8984664870457594,0.4980572772040505,0.6357940053274701,1,0.0,1.9886363636363535,중립,,,,,,,,,,,,,,NO_DATA,,0.0,,24.6,관찰,24.6
2026-09-30T09:23:45+09:00,CTC,KRW-CTC,,159.0,-0.625,700337018.38249,1790727773692,False,False,,695794281.3189025,889035879.9882836,855797958.4094466,966598404.0661058,533162724.42825633,0.7826391453718068,0.7698451066805694,0.9272940476882222,1,0.6289308176100628,2.564102564102555,중립,,,,,,,,,,,,,,NO_DATA,,0.0,,24.2,관찰,24.2
2026-09-30T09:23:45+09:00,CASHCAT,KRW-CASHCAT,,237.0,2.15517241,12881899952.90061,1790727826675,False,False,,,,,,,,,,,,,NO_DATA,,,,,,,,,,,,,,NO_DATA,,0.0,,23.3,관찰,23.3
2026-09-30T09:23:45+09:00,NEAR,KRW-NEAR,NEARUSDT,6695.0,0.9042954000000001,47656714414.386475,1790727825007,False,False,,47859905913.321304,52856478258.43534,79909839221.04,31254861439.00797,72064149364.41997,0.9054690643465896,0.8753730383276993,0.7740119667013623,1,-3.1386861313868586,5.905826017557869,중립,206894236.2587,2.925,205643612.9107,231585436.0113,209530185.3042,128880615.4841,259628294.889,0.8879816298148637,1.0823419505294056,0.9533521797229099,1,-3.017070265978561,6.425615334349821,중립,,0.0,,23.0,관찰,23.0
2026-09-30T09:23:45+09:00,WLD,KRW-WLD,WLDUSDT,652.0,-0.76103501,41207125518.50196,1790727826340,False,False,,41578577596.16642,52648955047.52918,105492502626.24637,77697669029.96974,52565565893.37676,0.7897322474611527,0.5289017752562699,0.6331158830962635,1,-7.7247191011236005,9.499999999999996,중립,55268133.22332,-1.618,55256593.77921,80967882.63636,96159565.92176,77863222.94531,54755881.21814,0.6824507691201016,0.6501013561015707,0.783449660203442,1,-7.496653279785814,9.90683935469212,감소형,,0.0,,22.9,관찰,22.9
2026-09-30T09:23:45+09:00,B3,KRW-B3,,1.11,-0.8928571399999999,4330183324.8646755,1790727826673,False,False,,4637694568.377155,4941007451.283248,14135762584.19652,4878575540.299883,33742862659.562485,0.9386131500717899,0.5807924440546773,0.3727018050384379,1,0.0,15.22633744855968,중립,,,,,,,,,,,,,,NO_DATA,,0.0,,21.7,관찰,21.7
2026-09-30T09:23:45+09:00,PYTH,KRW-PYTH,PYTHUSDT,106.0,-0.9345794399999999,2505979023.8766737,1790727828016,False,False,,2475514151.4164877,2667062232.7613816,3991614836.613909,3468921211.4411983,3047857447.5176573,0.9281801230612561,0.7332974954502969,0.7687844179147708,1,-3.6036036036036,14.806866952789699,중립,4467674.154552,-2.318,4457764.302143,5875734.123815,10497146.137928,5981839.472423,6176793.668346,0.7586735900923748,0.5982312936802258,0.659435215498484,1,-2.8976572133168954,15.266393442622949,중립,,0.0,,21.7,관찰,21.7
2026-09-30T09:23:45+09:00,AERO,KRW-AERO,AEROUSDT,1097.0,-0.63405797,1548589654.4217105,1790727761737,False,False,,1500216637.6126738,1551135667.4078739,794691964.5867388,5832876685.539823,9569737373.453264,0.9671730649580822,0.5502888646052427,0.4097750207018906,1,-6.202209005947323,16.578669482576558,중립,7529524.01705,-0.761,7512942.46085,9573120.04884,4818271.80995,13183278.97201,11766517.7364,0.784795596683274,0.8173743041521596,0.8607794457488558,1,-6.374870077376138,16.647482014388505,중립,,0.0,,21.4,관찰,21.4
2026-09-30T09:23:45+09:00,TIA,KRW-TIA,TIAUSDT,595.0,-0.16778523,662053008.6345803,1790727769374,False,False,,625274971.4491115,1136705335.2782269,657274427.7845945,576569801.7672564,853178412.7350194,0.5500765695764641,0.7913038150213892,0.7881264741534654,1,-11.177347242921009,-10.510510510510507,감소형,9760271.060195,-1.641,9776815.000043,6903543.689051,3908474.913296,4994412.127718,8034127.33786,1.4162023795907888,1.855602033186425,1.5625670720192688,3,-10.533793383397605,-9.783053622595162,가속형,EARLY,5.0,Binance 연속가속 우위,18.0,관찰,18.0
2026-09-30T09:23:45+09:00,MBL,KRW-MBL,MBLUSDT,1.11,-0.8928571399999999,276813455.5326547,1790727730450,False,False,,277071232.6616316,1067697084.21981,312702944.4419855,319658586.47516066,320329527.38805723,0.2595035958762533,0.4889323759686559,0.6177139828264218,1,-2.608695652173898,-0.8849557522123686,감소형,449947.109086,-0.122,448567.584826,333294.087574,162693.17996,171838.523289,242830.114059,1.345861212513727,2.01505059099262,2.057487771310145,3,-3.076923076923088,-0.36496350364964014,가속형,EARLY,5.0,Binance 연속가속 우위,18.0,관찰,18.0
2026-09-30T09:23:45+09:00,XLM,KRW-XLM,XLMUSDT,300.0,-0.66225166,65241247818.57056,1790727826679,False,False,,67284609576.76048,105177172307.78835,18829612761.311474,21617357056.9015,60852984549.24012,0.6397263598213133,1.3861288779687875,1.3941953028573069,1,2.7210884353741527,1.683501683501687,감소형,42279417.7238,-4.335,43584007.2257,70734760.8849,16351085.1393,14789143.2055,46785564.5863,0.6161610879920855,1.2834555631931432,1.2267323053898678,1,2.6789838337182514,2.1129995406522717,감소형,,0.0,,16.7,관찰,16.7
2026-09-30T09:23:45+09:00,POL,KRW-POL,POLUSDT,158.0,-0.62893082,4289237354.010608,1790727816660,False,True,입금량급등,4227628880.0489774,5489951437.785447,2439214404.6058927,3602430986.3148084,4454245326.758308,0.7700667169752472,1.0998378480051283,1.0712697609071404,1,-3.0487804878048808,6.711409395973145,중립,15890409.313289,0.994,15849082.794271,18307078.584333,9530285.679891,11368259.391063,13085919.904033,0.8657352248345334,1.2127660256311497,1.316153664017301,1,-2.3896448722203867,8.115062953772622,중립,,0.0,,16.7,관찰,16.7
2026-09-30T09:23:45+09:00,BABY,KRW-BABY,BABYUSDT,18.7,0.0,288152818.46074206,1790727779204,False,False,,280282245.46619403,424252990.13042885,442023890.03166485,896033971.0459964,215373224.33652237,0.6606488392221499,0.47712736707157494,0.6002837970414359,1,-1.5789473684210575,6.249999999999978,감소형,102707442.30922,3.681,102749882.88358,30785849.60607,20114796.07821,51266665.08328,62481594.10353,3.337568532242844,3.0171064143210757,2.89909614440653,3,-0.6460875807609456,7.95631825273011,가속형,EARLY,5.0,Binance 연속가속 우위,16.6,관찰,16.6
2026-09-30T09:23:45+09:00,CRO,KRW-CRO,,92.1,-0.96774194,4114324115.5875244,1790727823325,False,False,,4224391795.2317796,6181793882.307962,1896859861.1642115,1553539679.0051122,3860025378.5829763,0.6833601824418335,1.3157102260967626,1.406456093349601,1,0.6493506493506329,8.51808634772462,감소형,,,,,,,,,,,,,,NO_DATA,,0.0,,15.5,관찰,15.5
2026-09-30T09:23:45+09:00,ZRO,KRW-ZRO,ZROUSDT,2260.0,-0.26478376,4001672701.9771366,1790727819341,False,True,입금량급등,3952799593.9476113,4431044441.147276,2083116976.6755073,2688053191.834902,7174899630.116448,0.8920694988390054,1.2886461884291958,0.7578795396295048,1,4.3758636573007825,15.142276422764223,중립,14699724.7423,6.318,14445033.19308,13850549.58304,9339634.48358,11748239.91274,15071918.83523,1.0429213011711784,1.2403278294647855,1.0300557548365026,3,4.445835942391985,15.913829047949957,중립,,0.0,,14.4,관찰,14.4
2026-09-30T09:23:45+09:00,1INCH,KRW-1INCH,1INCHUSDT,137.0,-0.72463768,495056215.5564072,1790727781063,False,False,,464705448.3838373,736676280.518855,261708655.09498495,306865123.6683576,325141851.0759618,0.6308136432145426,1.0680837248290838,1.1342177803907638,1,-1.4285714285714235,0.7299270072992803,감소형,911627.62672,0.199,912519.08213,1006533.56184,448626.07704,415697.09215,690369.47943,0.9065957825210158,1.4632639693809362,1.4960076031217426,1,-1.3645224171539905,0.7968127490039834,중립,,0.0,,14.1,관찰,14.1
2026-09-30T09:23:45+09:00,LINK,KRW-LINK,LINKUSDT,19580.0,-1.16102978,25847888093.901207,1790727826344,False,False,,26678862393.85493,42800223611.44052,8911153345.193707,13557068006.017862,18627353208.430157,0.623334649745233,1.2262677198355703,1.3989624754502286,1,2.802283341982359,9.811529933481156,감소형,80872163.67214,-6.706,82775025.89427,126167499.84316,28895608.03183,44634687.22463,82230887.10534,0.6560724909122271,1.2435043539611046,1.25870788065047,1,3.258871765870208,10.483321987746752,감소형,,0.0,,13.7,관찰,13.7
2026-09-30T09:23:45+09:00,MANA,KRW-MANA,MANAUSDT,120.0,0.0,319797803.12843615,1790727814999,False,False,,310867830.80433726,422434722.5933814,230051015.77932343,216139077.0996889,875759419.9218636,0.7358955459340071,1.0736551337251674,0.7505587244180868,1,-4.0000000000000036,0.0,감소형,635859.4672,-2.227,634389.2821,691676.3621,373383.5429,420515.2525,1454653.434,0.9171764670024711,1.2810983252457895,0.9177516635852336,1,-3.066812705366939,0.5681818181818121,중립,,0.0,,13.6,관찰,13.6
2026-09-30T09:23:45+09:00,BTC,KRW-BTC,BTCUSDT,113302000.0,-0.25090899,95376072935.20746,1790727827683,False,False,,95436693181.98767,134347415261.73451,72287952928.79047,62950265085.00601,128171834220.45271,0.7103723804143065,1.0620376021794111,0.9512739421743472,1,-1.104000696530405,-1.3333680790813207,감소형,1127219716.8475313,0.079,1126045075.038149,1746910498.4279687,813976178.3611975,677578219.0470139,1520256978.6934962,0.6445923108547739,1.0431285605281215,0.8893437435741692,1,-0.9113013735134734,-0.8844661500784778,감소형,,0.0,,13.5,관찰,13.5
2026-09-30T09:23:45+09:00,GMT,KRW-GMT,GMTUSDT,11.5,0.87719298,896645904.6353496,1790727631000,False,False,,915451455.7126865,1255834302.9223845,817101758.9552699,554838614.0873101,791769948.2832922,0.7289587914443718,1.0451255171372527,1.1497412817272992,1,-5.785123966942141,-4.201680672268903,감소형,387899.728159,0.238,388160.127668,564739.650448,530674.933593,327583.309601,525726.124439,0.6873257922656539,0.8183289576231528,0.7997834290802165,1,-5.056179775280912,-2.537485582468302,감소형,,0.0,,13.4,관찰,13.4
2026-09-30T09:23:45+09:00,XAUT,KRW-XAUT,XAUTUSDT,5686000.0,0.08801267,901404214.12107,1790727810263,False,False,,905787481.32044,1843915966.6392,438137192.50183,334279266.59118,1166787719.07099,0.491230347645054,1.0386151305680644,1.0141648360892634,1,-2.3043852106620855,-2.337974901151796,감소형,35928298.443084,1.461,36879282.981282,83240257.592052,7518921.844691,4543273.962046,29956065.870609,0.44304623805973586,1.1609129146013346,1.195972810491152,1,-2.2380389536975076,-1.8114292953701927,감소형,,0.0,,13.3,관찰,13.3
2026-09-30T09:23:45+09:00,TRUMP,KRW-TRUMP,TRUMPUSDT,2747.0,-0.0363901,19973550767.06227,1790727826341,False,False,,19584911289.12464,27142323598.160007,19658973401.580322,27361577859.25581,27165574975.272278,0.7215635469931658,0.7922391625066141,0.7139562163879611,1,-4.583333333333329,-2.8975265017667895,감소형,18333998.429012,1.049,18227851.592759,23825142.746172,15720694.684865,17592642.604479,21577041.133215,0.7650678859285188,0.9570355169456192,0.8638105410492317,1,-4.208037825059119,-2.361445783132543,중립,,0.0,,13.0,관찰,13.0
2026-09-30T09:23:45+09:00,ARB,KRW-ARB,ARBUSDT,276.0,-0.36101083,10860420361.024952,1790727822003,False,False,,10839677343.08904,15907654233.295643,16999696218.708061,9514963647.431482,11271835402.889294,0.6814126824809259,0.7665548831929487,0.8261700252341666,1,-8.580858085808584,-6.418918918918914,감소형,27463927.78518,1.096,27439832.52973,32597447.93638,36445864.16164,22155430.97217,34270904.16426,0.8417785522131657,0.9026385103337861,0.8802586609337777,1,-8.374606033318333,-6.048014773776544,중립,,0.0,,13.0,관찰,13.0
2026-09-30T09:23:45+09:00,DATA,KRW-DATA,,292.0,-1.6835016800000002,8397596849.143178,1790727828015,False,False,,9227613555.574533,18046195994.053455,8772959290.434776,9075113051.978819,16345239650.771955,0.5113328902454123,0.771232900117343,0.6064064897197918,1,-5.414012738853502,-1.655629139072845,감소형,,,,,,,,,,,,,,NO_DATA,,0.0,,13.0,관찰,13.0
2026-09-30T09:23:45+09:00,FLOCK,KRW-FLOCK,,86.1,-2.60180995,6483000545.344137,1790727828671,False,False,,11096578529.029034,15678719912.27088,8842480695.776299,11641525936.892641,11614627205.163279,0.7077477364937392,0.9205538068518584,0.7238099777580195,1,-10.707070707070699,-9.426229508196716,감소형,,,,,,,,,,,,,,NO_DATA,,0.0,,13.0,관찰,13.0
2026-09-30T09:23:45+09:00,BCH,KRW-BCH,BCHUSDT,417000.0,-0.21536253,5490330486.820382,1790727805288,False,False,,5432749600.374084,9596574726.524368,9227583177.172312,5935642055.974839,12308245510.592625,0.5661134055840032,0.6582544619774253,0.43923399520308887,1,-8.675699300699302,-9.584595413241026,감소형,20380253.6095,-0.615,20406146.0071,24410486.7015,20430272.4248,10751602.9987,29865250.9969,0.8359581788201734,1.1012023177509478,0.8085570619845901,1,-8.449866111276416,-9.20625553260549,중립,,0.0,,13.0,관찰,13.0
2026-09-30T09:23:45+09:00,SLX,KRW-SLX,,86.1,-0.46242775,3525545278.1577106,1790727825018,False,False,,3498388339.785306,7015259727.114234,6586882409.107595,4607809296.074293,3562415701.9781637,0.498682654081061,0.5763422850619083,0.6536831711536447,1,-9.233997901364111,-11.463664278403273,감소형,,,,,,,,,,,,,,NO_DATA,,0.0,,13.0,관찰,13.0
2026-09-30T09:23:45+09:00,G,KRW-G,GUSDT,6.58,-1.6442451399999998,3405706286.4413815,1790727817995,False,False,,3443820340.9609303,7267445874.393592,4572135501.858091,3901990047.0562687,11576162194.883804,0.47386941719029846,0.6563170057841484,0.5014267535548455,1,-13.56589147286822,-12.89062499999999,감소형,1114186.77996,-1.829,1105665.01192,2163928.95765,1439318.94913,1610028.53919,2535529.78983,0.5109525467604714,0.6362591875065678,0.5114990570186547,1,-13.403880070546725,-12.633451957295371,감소형,,0.0,,13.0,관찰,13.0
2026-09-30T09:23:45+09:00,PEPE,KRW-PEPE,PEPEUSDT,0.00577,-0.17301038,3380152255.835274,1790727823997,False,False,,3269241175.923696,4399875758.608813,4019480391.440557,3898243059.6748586,4655450252.4479,0.7430303388742481,0.7962366172807687,0.7497857995470024,1,-2.857142857142858,-4.304635761589404,감소형,30946040.26326669,0.952,31210276.95431895,39878458.28349142,23148639.9622677,23566775.67035119,42050527.63656829,0.7826349938718455,1.0812639119675342,0.8701129416814818,1,-2.517162471395873,-3.8374717832957095,중립,,0.0,,13.0,관찰,13.0
2026-09-30T09:23:45+09:00,SAHARA,KRW-SAHARA,SAHARAUSDT,12.4,-0.8,3091219097.8838444,1790727776716,False,False,,3080808847.913265,7075726463.627898,3911595547.3575625,4091737000.1330953,3586700200.756401,0.4354053062607594,0.6129312536627707,0.6329601616996133,1,-6.716417910447758,-6.015037593984962,감소형,1382085.09754,-1.842,1372588.333,2060199.42345,1026390.15343,1653134.63841,1449471.35524,0.6662405189403803,0.8687773406132777,0.8817211842289812,1,-6.734693877551012,-5.870236869207002,감소형,,0.0,,13.0,관찰,13.0
2026-09-30T09:23:45+09:00,LA,KRW-LA,LAUSDT,92.5,-1.06951872,3066061657.6266017,1790727823669,False,False,,3044543768.4845533,6647412190.950571,3273346362.0892315,2722968081.139513,3471991488.9506016,0.45800436034781045,0.7223844337762771,0.7460814377278282,1,-8.333333333333337,-7.425742574257422,감소형,843858.33615,1.19,825577.86939,1144764.21356,943480.23966,1226975.31185,1088093.06814,0.7211772167672931,0.7470797665558997,0.7636673392475591,1,-8.042895442359255,-7.4224021592442675,감소형,,0.0,,13.0,관찰,13.0
2026-09-30T09:23:45+09:00,TRX,KRW-TRX,TRXUSDT,454.0,0.0,2771500750.481266,1790727816650,False,False,,2784883479.4634333,3797993611.610182,2841601413.3366075,2250078551.362814,4598805638.133217,0.7332512279510564,0.9398152099369425,0.8075641494862211,1,0.0,-2.3655913978494647,감소형,22668928.64066,-0.358,22580827.2263,27789365.75602,18884655.34943,13548453.23128,26937054.14437,0.8125708022468389,1.1248704478683884,0.9181429295273417,1,0.029913251570445887,-1.7337643255950663,중립,,0.0,,13.0,관찰,13.0
2026-09-30T09:23:45+09:00,PLUME,KRW-PLUME,PLUMEUSDT,23.8,-0.41841004,2152456203.516526,1790727710060,False,False,,2114446482.394919,3191720813.355228,2623513162.1985455,3407720479.381135,4489907543.75483,0.6624785205358086,0.6877773795999436,0.5236580788210825,1,-3.238866396761142,-3.238866396761142,감소형,5073468.89952,-2.992,5110600.38841,7081169.45371,3295830.61703,4838217.88938,9061975.44244,0.7217170019469638,1.0076622763745857,0.7369859227523827,1,-2.8207964601769886,-2.8745163073521263,감소형,,0.0,,13.0,관찰,13.0
2026-09-30T09:23:45+09:00,ONG,KRW-ONG,ONGUSDT,122.0,0.0,1666723308.0767686,1790727760298,False,False,,1696940566.940832,2549483558.8006268,1997772770.5581977,5347414116.075403,6209993635.70062,0.6656016906181331,0.5145013903087184,0.4496982825851579,1,-8.270676691729328,-3.1746031746031744,감소형,744251.0182,0.831,744993.40856,587381.39226,440460.03624,944929.66237,1551278.22566,1.2683299443545093,1.132914120661797,0.8706728967121594,3,-7.037189233614127,-2.384034519956857,중립,,0.0,,13.0,관찰,13.0
2026-09-30T09:23:45+09:00,WLFI,KRW-WLFI,WLFIUSDT,76.8,0.0,1577987037.726366,1790727811603,False,False,,1592597043.6922023,3466032872.7944937,3899726003.1758885,5502014510.796696,1831309784.0394216,0.4594869991547913,0.37129897982116916,0.459471470729558,1,-3.638644918444167,-0.3891050583657574,감소형,5531428.84036,-0.527,5504137.5826,6544122.69873,5015620.26881,6955342.23556,6814575.39247,0.8410810487505335,0.8918356338449531,0.8478982225670536,1,-3.4188034188034178,0.0,중립,,0.0,,13.0,관찰,13.0
2026-09-30T09:23:45+09:00,VTHO,KRW-VTHO,VTHOUSDT,0.932,-0.42735042999999995,1543259546.2758627,1790727813628,False,False,,1537656722.442391,2198760936.602741,3059187680.823201,4298064701.475723,4149435438.5427394,0.6993287432230773,0.4827295665445317,0.29125422238654325,1,-14.128440366972484,-9.126213592233013,감소형,17498230.297375,-2.557,17559804.567635,16763983.51243,76111215.052677,20951947.94085,123415999.189048,1.0474720733657918,0.462801847537732,0.35430705192651374,2,-13.190954773869358,-7.989347536617853,중립,,0.0,,13.0,관찰,13.0
2026-09-30T09:23:45+09:00,META2,KRW-META2,,8135.0,-0.55012225,1522327563.989316,1790727822983,False,False,,1691268972.1821597,6914874035.885461,37052125116.073135,23733103758.412453,3502073588.454111,0.2445842054974744,0.07494533536032805,0.07107747649621432,1,-5.1044083526682105,-1.2077294685990392,감소형,,,,,,,,,,,,,,NO_DATA,,0.0,,13.0,관찰,13.0
2026-09-30T09:23:45+09:00,CHIP,KRW-CHIP,CHIPUSDT,59.5,-0.6677796300000001,1508808521.8780386,1790727789332,False,False,,1556453050.3835177,2336803613.221547,2667956317.825542,3073121789.3010616,4268932407.2429996,0.6660606999994201,0.5780425256027774,0.4417061427272328,1,-9.5166163141994,-8.128834355828229,감소형,1966202.50172,0.83,1932589.57785,2746399.66829,2793611.35308,3399045.61955,5213498.55063,0.7036811139193353,0.6485884323643013,0.5026250273546898,1,-9.574686665296895,-7.928870292887035,감소형,,0.0,,13.0,관찰,13.0
2026-09-30T09:23:45+09:00,RAY,KRW-RAY,RAYUSDT,2576.0,-0.88495575,1323900010.7315435,1790727811614,False,False,,1305027137.1957245,1803307194.8220067,5359480776.789576,1455817016.1238296,1707500215.5006154,0.7236854269438744,0.4542592933727066,0.34339750136950453,1,-7.47597009611961,-9.379358437935847,감소형,7050408.10375,0.323,7018074.48803,10222327.47436,11415519.83473,6064212.77023,8179939.04153,0.6865436962015725,0.7600237456638573,0.6608027674636252,1,-7.1830439421864405,-9.156935346055251,감소형,,0.0,,13.0,관찰,13.0
2026-09-30T09:23:45+09:00,MOVE,KRW-MOVE,MOVEUSDT,12.1,-0.8196721299999999,1323837406.270187,1790727758763,False,False,,1316580164.9749055,1841143555.3561778,1685799758.8939643,1606827041.1127176,1743283169.4483628,0.7150882727991338,0.7693644673448867,0.7599931765300465,1,-7.57575757575758,-4.687500000000011,감소형,845803.3950004,0.056,843649.1309715,978988.4941604,1741353.5408115,679238.6481968,517529.7727365,0.8617559205279836,0.7444881086203374,0.9764770306891378,1,-7.662123089632377,-4.220222793487583,중립,,0.0,,13.0,관찰,13.0
2026-09-30T09:23:45+09:00,DOS,KRW-DOS,,291.0,0.0,1318717338.6578448,1790727767225,False,False,,1302023647.03011,2289337513.910077,1600798639.8116198,1730808432.9591353,1291286134.9064682,0.5687338101607905,0.6949136183171065,0.7030524231417326,1,-7.911392405063289,-4.90196078431373,감소형,,,,,,,,,,,,,,NO_DATA,,0.0,,13.0,관찰,13.0
2026-09-30T09:23:45+09:00,ZKC,KRW-ZKC,ZKCUSDT,56.5,-0.7029877,1315416761.957754,1790727798317,False,False,,1257073907.30738,2608535424.32849,2417817042.4090457,3455438784.1736565,1580692279.7088804,0.48190793024441525,0.4446256233336326,0.4374709556467627,1,-6.260296540362442,-0.698080279232105,감소형,295166.46195,-1.887,291629.10686,796276.27337,776929.46989,825262.65865,417812.66952,0.3662411107965926,0.36476916680798915,0.3838256228435602,1,-5.829596412556048,0.0,감소형,,0.0,,13.0,관찰,13.0
2026-09-30T09:23:45+09:00,GAS,KRW-GAS,GASUSDT,1908.0,-0.36553525,1298856256.5363667,1790727799992,False,False,,1319662120.1314473,2580051255.4184575,1752705454.3112159,12145465293.972284,1999638884.7185578,0.5114867843652245,0.24025567561263134,0.3283253835103387,1,-7.8884078884078885,-2.988855116514688,감소형,272958.3916,0.0,259084.1658,552150.103,418141.0687,1684242.4825,353208.402,0.4692277777226096,0.29280189993833083,0.37965370438835944,1,-7.672131147540984,-2.560553633217999,감소형,,0.0,,13.0,관찰,13.0
2026-09-30T09:23:45+09:00,T,KRW-T,TUSDT,7.24,-1.89701897,1287910444.9774358,1790727804953,False,False,,1259362871.725729,3527431156.6495466,10410323084.293438,5415883989.6512375,2105069605.701688,0.3570198299552095,0.19521335317742927,0.2547157029898931,1,-4.896907216494839,-3.149606299212604,감소형,406818.37378,-0.187,404006.117108,489263.634452,1527840.209048,813472.954541,412870.107776,0.8257431958140671,0.42818776447359413,0.4871955554367681,1,-4.569420035149385,-2.6881720430107503,중립,,0.0,,13.0,관찰,13.0
2026-09-30T09:23:45+09:00,BLAST,KRW-BLAST,,0.575,-1.70940171,1275978855.2821405,1790727824664,False,False,,1513387424.9972043,2945084106.629026,5237812604.019222,4104984173.507495,27362214893.855743,0.5138690000705763,0.3694829334524064,0.17248664210775644,1,-10.823170731707322,-6.250000000000011,감소형,,,,,,,,,,,,,,NO_DATA,,0.0,,13.0,관찰,13.0
2026-09-30T09:23:45+09:00,IOST,KRW-IOST,IOSTUSDT,1.21,0.0,1259853880.0480278,1790727789318,False,False,,1297988552.8909307,2011608500.6384096,2882587196.5004644,1967976181.589408,1804204618.5581985,0.6452490892134316,0.567453821834966,0.5802712024703087,1,-11.678832116788328,-4.7244094488189,감소형,547268.144504,-1.669,533447.865566,931123.333897,939052.572782,1138678.630271,994238.752473,0.5729078481293968,0.5318780210359481,0.5471858740673,1,-12.14215202369201,-3.991370010787487,감소형,,0.0,,13.0,관찰,13.0
2026-09-30T09:23:45+09:00,TREE,KRW-TREE,TREEUSDT,60.9,-0.81433225,1248656833.8475814,1790727797647,False,False,,1246333037.3475018,2524996315.048991,1899662970.9883165,1822910803.6530046,1736925099.6178071,0.49359796286408436,0.5984725354602376,0.6203865620068608,1,-8.494783904619963,-7.25075528700907,감소형,389235.47471,-1.969,388365.91382,701387.91214,479485.17256,497174.69671,398941.86128,0.5537105888167638,0.6943173814043677,0.7157585038286737,1,-8.333333333333337,-7.010309278350513,감소형,,0.0,,13.0,관찰,13.0
2026-09-30T09:23:45+09:00,MET2,KRW-MET2,,439.0,-1.12612613,1190052056.004204,1790727810936,False,False,,1236367304.518391,2474926328.772637,849874054.7980781,846374243.0733413,1242903949.3253098,0.4995572151561897,0.8892224002952743,0.7495247907797143,1,-7.1129707112970735,-1.1135857461024523,감소형,,,,,,,,,,,,,,NO_DATA,,0.0,,13.0,관찰,13.0
2026-09-30T09:23:45+09:00,ZORA,KRW-ZORA,,10.6,-0.9345794399999999,1180031867.1908507,1790727825686,False,False,,1154734763.0261993,1932534802.9477913,1224867180.991769,1317407655.3298965,1466478020.6642866,0.5975233984220233,0.7741567951132226,0.7383254338468088,1,-11.570247933884303,-11.570247933884303,감소형,,,,,,,,,,,,,,NO_DATA,,0.0,,13.0,관찰,13.0
2026-09-30T09:23:45+09:00,BSV,KRW-BSV,,26930.0,-0.8833272,973764962.5945936,1790727829010,False,False,,1037673342.4501705,1890427629.9000912,1100154631.3252623,1168562143.96585,2066862809.3949728,0.5489093187370582,0.7484760624000023,0.48649122296425246,1,-6.213324128408704,-6.083650190114065,감소형,,,,,,,,,,,,,,NO_DATA,,0.0,,13.0,관찰,13.0
2026-09-30T09:23:45+09:00,VET,KRW-VET,VETUSDT,11.9,0.0,937120273.7988633,1790727811613,False,False,,932049539.7281693,1247643267.6484022,774775244.77991,1110578197.936596,863791921.013069,0.7470481057337215,0.8924837392691782,0.8952986021140426,1,-7.03125,-5.5555555555555465,감소형,1778101.98833,-1.558,1749419.1301142,1829585.245505,1805608.0399451,3105022.6978709,2077075.8693211,0.9561834489058352,0.7786482515292795,0.8181293309689481,1,-6.040124450166284,-5.614829184179337,중립,,0.0,,13.0,관찰,13.0
2026-09-30T09:23:45+09:00,JPYC,KRW-JPYC,,8.56,0.0,888510666.258838,1790727821652,False,False,,921894373.7899803,1899004136.411753,1022664404.4608597,1250263158.2683022,1209124386.3152997,0.4854620145967338,0.662926270326873,0.6538841925189772,1,-0.34924330616995514,-0.8111239860950192,감소형,,,,,,,,,,,,,,NO_DATA,,0.0,,13.0,관찰,13.0
2026-09-30T09:23:45+09:00,PRL,KRW-PRL,,156.0,-1.26582278,860155762.1359015,1790727803301,False,False,,904378007.3383466,1985983643.3387537,2036659418.3975313,1606130806.212406,1197459194.4558792,0.45538039065515346,0.4820115509461379,0.5286968805672173,1,-5.389221556886225,-2.4691358024691357,감소형,,,,,,,,,,,,,,NO_DATA,,0.0,,13.0,관찰,13.0
2026-09-30T09:23:45+09:00,HOLO,KRW-HOLO,HOLOUSDT,86.8,-0.4587156,857617240.9058344,1790727795340,False,False,,849021297.8397475,1228893103.8026485,1130659569.3609943,711058587.2146423,825060671.44109,0.690882954109322,0.829497346793894,0.9171884930813516,1,-6.4377682403433445,-5.320304017372413,감소형,492848.32487,0.787,486486.4676,637294.38531,646485.88537,450589.92182,547524.64925,0.7633622370034809,0.8414924386449866,0.8041371582530652,1,-6.404657933042213,-4.59940652818992,중립,,0.0,,13.0,관찰,13.0
2026-09-30T09:23:45+09:00,OPEN,KRW-OPEN,OPENUSDT,174.0,-0.57142857,819046240.72646,1790727824015,False,False,,808856955.7477189,1860351222.7360988,1359552016.0778334,1503851136.4397848,1246557249.3883724,0.43478723042313383,0.5136953944843551,0.611347371573256,1,-8.854166666666663,-6.914893617021278,감소형,726099.68439,-0.774,729862.16025,1424430.76676,762584.16012,830978.09412,697840.877,0.5123886518613602,0.7255107833299392,0.8556751480637297,1,-8.321479374110963,-6.254545454545468,감소형,,0.0,,13.0,관찰,13.0
2026-09-30T09:23:45+09:00,LINEA,KRW-LINEA,LINEAUSDT,3.9,-0.76335878,818745741.692944,1790727512351,False,False,,823465791.6112721,1634726239.6158504,920766905.2231573,1380578315.800216,1188108829.6634636,0.5037331460494455,0.6276302144251772,0.7200121504783145,1,-1.2562814070351758,0.0,감소형,1131873.844593,-1.949,1133657.205596,3289059.696665,955986.056151,1093619.568089,909271.243243,0.34467516863421227,0.6370452935999881,0.767774289239614,1,-0.8567511994516774,0.5910987482614871,감소형,,0.0,,13.0,관찰,13.0
2026-09-30T09:23:45+09:00,CVC,KRW-CVC,CVCUSDT,40.4,0.0,793033142.8026742,1790727820321,False,False,,821673094.6464834,1347823108.8530328,1599159088.7926528,5467877829.353356,6612005577.792231,0.6096297720742515,0.2929364571758112,0.0890545889184157,1,-5.386416861826704,-2.4154589371980673,감소형,433673.92845,0.338,437045.02241,697193.7824,393017.29296,1048380.37939,1366992.46151,0.6268630521998183,0.6130834687092074,0.23876485430128525,1,-4.748247291268315,-1.9356955380577467,감소형,,0.0,,13.0,관찰,13.0
2026-09-30T09:23:45+09:00,ENSO,KRW-ENSO,ENSOUSDT,1321.0,-0.67669173,709458785.28934,1790727802644,False,False,,696334428.7101974,3850046780.28065,1380392368.329186,989498714.8799146,1338022387.9962344,0.1808638877524075,0.33585597348050333,0.3794479222747612,1,-6.8627450980392135,-5.135520684736095,감소형,294820.66019,-1.717,309438.0319,1202506.23714,496106.43939,531882.46992,573191.98687,0.25732758994743915,0.41619193710306046,0.39445361807947416,1,-6.857142857142861,-4.956268221574334,감소형,,0.0,,13.0,관찰,13.0
2026-09-30T09:23:45+09:00,ID,KRW-ID,IDUSDT,50.4,-0.1980198,694034686.9798895,1790727790666,False,False,,682789129.7698361,1557882123.1473405,955521246.9697388,834450945.4440094,1189977621.8235424,0.4382803548643453,0.6118448403768756,0.6180682866946553,1,-6.826568265682664,-2.6974951830443183,감소형,318309.2058,-1.33,318518.3322,535159.3276,271982.9593,333821.0311,312879.7005,0.5951841176504237,0.8374984379646814,0.8889716200226038,1,-6.516290726817042,-1.5831134564643912,감소형,,0.0,,13.0,관찰,13.0
2026-09-30T09:23:45+09:00,BARD,KRW-BARD,BARDUSDT,184.0,-0.5405405400000001,681120799.7436525,1790727757013,False,False,,666532154.9272028,1039384849.1692346,503596149.607618,634597802.23686,593484930.9725345,0.6412756116850774,0.9182659492509526,0.9256156875313054,1,-8.415841584158413,-3.645833333333337,감소형,738997.48595,-2.317,738662.43881,509575.42298,420699.74066,447061.10581,798908.81838,1.4495644913373134,1.6088934602113478,1.3345924562799447,3,-8.35579514824798,-3.064861012116893,가속형,,0.0,,13.0,관찰,13.0
2026-09-30T09:23:45+09:00,SONIC,KRW-SONIC,,36.4,-0.81743869,656718917.4893999,1790727770816,False,False,,672087087.069634,1422114069.1775267,8148590703.687558,781674966.1993244,817953896.4383346,0.47259717179953964,0.19476307013744845,0.25558838418107277,1,-1.0781671159029615,-2.1333333333333204,감소형,,,,,,,,,,,,,,NO_DATA,,0.0,,13.0,관찰,13.0
2026-09-30T09:23:45+09:00,WAVES,KRW-WAVES,,382.0,-0.5208333300000001,650745399.7942529,1790727773309,False,False,,667226187.7585667,1683639596.49608,1296331374.3627748,2025617903.8091538,2362317773.48922,0.39629989051526815,0.39988872705980266,0.17845143995639987,1,-7.021791767554475,-6.569343065693434,감소형,,,,,,,,,,,,,,NO_DATA,,0.0,,13.0,관찰,13.0
2026-09-30T09:23:45+09:00,OP,KRW-OP,OPUSDT,173.0,-1.14285714,647379195.2238725,1790727800649,False,False,,632186413.5002618,1025747529.5245478,566818697.8174865,816831250.957464,1571187955.011534,0.6163177539343345,0.7871508364984828,0.5666536765124986,1,-10.71428571428571,-2.2346368715083775,감소형,8216230.9877,-3.901,8225023.671284,7644161.509854,4279659.367694,7384000.545402,9247184.815962,1.075987688208997,1.277983179631146,1.120640527181692,3,-10.423905489923568,-1.9025875190258779,중립,,0.0,,13.0,관찰,13.0
2026-09-30T09:23:45+09:00,ZKP,KRW-ZKP,ZKPUSDT,64.8,-0.76569678,637552177.5867127,1790727731145,False,False,,638797732.8230119,884164508.5251579,1282796947.367905,554386175.5434818,562272310.009124,0.7224874179676888,0.704207421474268,0.6700892117965275,1,-7.112375533428161,-4.252199413489743,감소형,248175.87788,-1.646,244578.30746,403453.25469,433158.51732,331786.96839,326629.25086,0.6062122553650628,0.6279833219683262,0.6314912034796747,1,-7.156673114119927,-3.8076152304609145,감소형,,0.0,,13.0,관찰,13.0
2026-09-30T09:23:45+09:00,POLYX,KRW-POLYX,POLYXUSDT,57.3,-0.8650519000000001,620722645.682564,1790727720543,False,False,,628701100.2485245,1143821095.0945725,977146160.995729,3132571496.227811,1085720360.3985474,0.5496498560349972,0.3590157776819167,0.4055638325764892,1,-8.108108108108114,-4.304635761589404,감소형,254418.37237,-0.935,253360.48335,406309.34367,337690.85346,695559.81833,605478.5719,0.6235654859952633,0.527995666653135,0.49904442226821627,1,-7.792207792207795,-3.8374717832957095,감소형,,0.0,,13.0,관찰,13.0
2026-09-30T09:23:45+09:00,A,KRW-A,AUSDT,130.0,-0.76335878,607639075.6358033,1790727816653,False,False,,578454018.1742153,958351083.7494037,515992381.3725983,421954743.427924,608212345.2589536,0.6035930130230577,0.9151314106074351,0.8978935490054583,1,-5.755395683453235,-3.676470588235292,감소형,405073.52577,0.527,394384.47687,1254453.60009,719008.46776,353520.72727,592476.24542,0.3143874566916665,0.5084495824770316,0.5610409278341711,1,-5.39744847890089,-3.115577889447241,감소형,,0.0,,13.0,관찰,13.0
2026-09-30T09:23:45+09:00,MEGA,KRW-MEGA,MEGAUSDT,56.9,0.0,606660023.0049052,1790727744712,False,False,,613436933.5047845,1160352554.0216484,904424928.8728448,680991238.7441318,581382344.569024,0.5286642679232986,0.6702351825961835,0.7558470988170892,1,-6.721311475409841,-7.328990228013033,감소형,1370883.682749,-0.334,1380986.82187,2062441.294633,1415751.092026,1387680.45736,1945548.435377,0.6695884268142231,0.8514321270648114,0.7895316708236831,1,-6.244424620874211,-6.432227910082345,감소형,,0.0,,13.0,관찰,13.0
2026-09-30T09:23:45+09:00,AXL,KRW-AXL,AXLUSDT,70.1,-0.42613636,606295266.4700327,1790727738455,False,False,,571799227.5223174,3456235139.3677144,5812403481.727314,358943771.528814,490369345.40625334,0.16543990916859977,0.17817533131486898,0.27264119021186256,1,-2.896551724137919,-0.4243281471004168,감소형,476063.632497,-0.962,456180.788142,1640523.647627,1823949.653141,426730.79741,469318.104278,0.2780702300767567,0.3517015118962277,0.4541975443657466,1,-3.165735567970207,0.38610038610038533,감소형,,0.0,,13.0,관찰,13.0
2026-09-30T09:23:45+09:00,PIEVERSE,KRW-PIEVERSE,,1932.0,-0.30959752,584376332.869001,1790727724180,False,False,,575568481.0440459,825287969.7126143,2377992513.77992,816502260.2305021,771434779.5047857,0.697415329154105,0.4295519318372167,0.49513499505450637,1,-7.183908045977017,-12.029051293690419,감소형,,,,,,,,,,,,,,NO_DATA,,0.0,,13.0,관찰,13.0
2026-09-30T09:23:45+09:00,KERNEL,KRW-KERNEL,KERNELUSDT,69.4,-0.9985734700000001,561848963.6526387,1790727744699,False,False,,550044436.4816182,920808640.2581806,1384304288.8559883,1270990714.9728947,1592835717.4658628,0.5973493432114126,0.4614333010658906,0.16472774549790034,1,-5.5256064690027085,-6.657789613848209,감소형,579811.88757,0.0,575816.28441,596640.42179,520187.0384,399044.15988,767642.33837,0.965097675887388,1.1395746383524414,0.7150744233569415,1,-4.9632352941176405,-5.999999999999995,중립,,0.0,,13.0,관찰,13.0
2026-09-30T09:23:45+09:00,ESP,KRW-ESP,ESPUSDT,132.0,0.0,517390904.23781854,1790727800978,False,False,,573618679.4053618,1771144421.0942655,11375178549.93428,11264305851.511736,1257248227.1640294,0.323868947429461,0.07049617814953957,0.1069910247434574,1,-7.692307692307687,-0.7518796992481258,감소형,567091.88885,-0.472,590886.14403,1313838.54862,3493980.78611,2611907.3122,622218.02973,0.44974030077793165,0.2389115551613291,0.3429841719216116,1,-7.207378529999053,0.3496143958868769,감소형,,0.0,,13.0,관찰,13.0
2026-09-30T09:23:45+09:00,IQ,KRW-IQ,IQUSDT,1.25,0.0,513344190.69700223,1790727331214,False,False,,503405784.1763918,903180331.987074,745103716.3790227,640841967.8301753,727106329.7285781,0.5573701799604692,0.6597353495805482,0.6813220216494048,1,-4.580152671755733,-4.580152671755733,감소형,89722.581035,-1.502,89264.398614,152656.793753,131149.891013,113470.413058,625510.006986,0.5847391158917602,0.6740715669460429,0.3761763408685184,1,-4.672897196261683,-4.672897196261683,감소형,,0.0,,13.0,관찰,13.0
2026-09-30T09:23:45+09:00,POKT,KRW-POKT,,11.8,-0.8403361300000001,512420642.33158404,1790727816334,False,False,,478784223.43993694,941122357.673878,640579899.9761405,530477166.2463315,389865355.95711,0.508737487252266,0.6800334545775295,0.8144625536061231,1,-6.299212598425186,-3.25203252032521,감소형,,,,,,,,,,,,,,NO_DATA,,0.0,,13.0,관찰,13.0
2026-09-30T09:23:45+09:00,SKR,KRW-SKR,,24.9,-0.4,505491220.27501583,1790727731128,False,False,,517816750.39933735,1089782260.559643,1137387348.1673708,797704642.9124533,843480404.2992849,0.47515615654582183,0.5135586216042037,0.5465790217059644,1,-7.063197026022305,-11.347517730496449,감소형,,,,,,,,,,,,,,NO_DATA,,0.0,,13.0,관찰,13.0
2026-09-30T09:23:45+09:00,WAL,KRW-WAL,WALUSDT,45.0,-0.44247788,500239076.05593663,1790727816333,False,False,,513464051.86685574,976268462.8910679,1592914804.3924878,867718883.0473788,1445988189.5251055,0.5259455481602996,0.4481920311441642,0.47683284578340535,1,-9.78043912175648,-2.5862068965517127,감소형,333939.587573,-2.706,345372.675666,508045.392743,435918.807438,538127.607544,853179.019316,0.6798067271140678,0.6990916632812603,0.6312476425120486,1,-9.301060647266791,-2.314001171646163,감소형,,0.0,,13.0,관찰,13.0
2026-09-30T09:23:45+09:00,NEO,KRW-NEO,NEOUSDT,3382.0,-0.6171025600000001,499987907.01299155,1790727585931,False,False,,511586101.39160067,1053985227.2233016,463981165.2367272,960346995.8905385,797935834.793989,0.48538261085438716,0.6192753149738883,0.6149748427710948,1,-6.305066079295152,-4.410112359550567,감소형,422018.16736,-0.479,432207.2272,947114.21632,702909.55116,562238.30755,733648.08877,0.4563411885837123,0.5861067258870841,0.576300596989502,1,-6.071964017991016,-4.021447721179639,감소형,,0.0,,13.0,관찰,13.0
2026-09-30T09:23:45+09:00,HIVE,KRW-HIVE,HIVEUSDT,75.2,-0.6605019799999999,494276251.6226968,1790727824345,False,False,,488977820.6557203,1464039042.206188,1252997828.2207923,7128125470.1953945,1930753153.80951,0.33399233665167183,0.14900043404204819,0.11166469131823285,1,-7.457212713936423,-3.3205619412515874,감소형,162645.7538,-1.25,159754.3724,373922.4531,351933.6781,718556.7261,441699.4897,0.4272393141293285,0.3318047985919157,0.2325908659253833,1,-6.844741235392315,-3.124999999999989,감소형,,0.0,,13.0,관찰,13.0
2026-09-30T09:23:45+09:00,CARV,KRW-CARV,,57.0,0.0,489730812.167059,1790727821645,False,False,,498073383.1644702,926083582.1919852,873398090.2665765,490234582.44185376,661764432.6106302,0.5378276785617556,0.65257874039873,0.6253834149894549,1,-3.5532994923857864,-3.8785834738617186,감소형,,,,,,,,,,,,,,NO_DATA,,0.0,,13.0,관찰,13.0
2026-09-30T09:23:45+09:00,SUN,KRW-SUN,SUNUSDT,23.1,-0.43103448,475122862.19361615,1790727635607,False,False,,506868115.28542954,1137859831.2689235,985362355.1879239,377744687.9281972,326224635.72143286,0.44545742925135,0.6080065919426404,0.8173709938468305,1,-0.8547008547008517,-1.6949152542372947,감소형,710264.72047,-1.276,727709.09468,1595393.89484,950915.03817,385648.88753,493542.55529,0.45613130214026615,0.7445970977979204,0.8810524209562752,1,-0.5834305717619559,-1.388888888888895,감소형,,0.0,,13.0,관찰,13.0
2026-09-30T09:23:45+09:00,HOME,KRW-HOME,HOMEUSDT,7.97,0.0,430987637.4174147,1790727775982,False,False,,411528077.0335535,967375977.9678823,1105206277.8784149,2251639081.4195375,2917834491.75198,0.4254065496830195,0.28550440294558943,0.18163835817314214,1,-8.600917431192666,-6.892523364485992,감소형,502030.51629,0.341,482045.90645,719029.6995,759867.80352,860520.30048,1467973.66799,0.6704116767154484,0.6181613721099477,0.44355736140751306,1,-7.9812206572769995,-6.666666666666665,감소형,,0.0,,13.0,관찰,13.0
2026-09-30T09:23:45+09:00,XCN,KRW-XCN,,6.46,-0.15455950999999998,420231295.88156676,1790727689808,False,False,,434619847.4553762,1218033140.6464708,4529084564.505775,1035243575.9021567,616167530.56629,0.3568210362689326,0.19224271434909868,0.2081419440941242,1,-7.834757834757832,-6.367583212735173,감소형,,,,,,,,,,,,,,NO_DATA,,0.0,,13.0,관찰,13.0
2026-09-30T09:23:45+09:00,WCT,KRW-WCT,WCTUSDT,55.8,-0.71174377,417912237.7189288,1790727816660,False,False,,417221597.22118676,863406033.019258,734146555.6611935,672667242.9781916,437472528.51433104,0.4832275676395242,0.5513407883275703,0.6603879070620511,1,-6.489184692179695,-3.103448275862064,감소형,451224.539911,-1.036,453315.968836,555394.801332,884896.550629,714658.11011,549165.873911,0.81620491900323,0.631081113707897,0.6735964794320688,1,-6.244323342415992,-2.9612220916568677,중립,,0.0,,13.0,관찰,13.0
2026-09-30T09:23:45+09:00,AUCTION,KRW-AUCTION,AUCTIONUSDT,5010.0,-0.19920318999999997,402929245.38694894,1790727453870,False,False,,406402155.5190228,558622356.9054862,492022561.2306101,512985859.35526645,626187696.5127835,0.7275078601764274,0.7797278514261038,0.2538976207037587,1,-5.727699530516428,-3.5542747358309312,감소형,352072.69611,-1.425,345828.50851,392069.92487,312069.56161,381556.56009,374011.50177,0.8820582415870526,0.9555948267544035,0.6414611039612923,1,-5.725971370143146,-3.2528856243441706,중립,,0.0,,13.0,관찰,13.0
2026-09-30T09:23:45+09:00,NXPC,KRW-NXPC,NXPCUSDT,313.0,0.0,392257555.27545184,1790727558248,False,False,,393698045.44696426,1028665328.4578537,391581005.8188522,621506456.0041522,686056408.8823014,0.382727048881083,0.5784706855615094,0.5516975133005444,1,-8.74635568513119,-7.121661721068251,감소형,270461.96758,0.701,269820.53928,895431.21774,211012.40439,306837.95293,264367.4467,0.30133027968469367,0.5727532518108679,0.6570320390795814,1,-9.254901960784313,-8.501383946223806,감소형,,0.0,,13.0,관찰,13.0
2026-09-30T09:23:45+09:00,ORDER,KRW-ORDER,,54.1,0.0,388104517.34507465,1790727610032,False,False,,391919553.76967627,1197897697.5439727,377982601.58873856,265090775.66663578,376222869.586265,0.32717280830677076,0.6386622133306349,0.7679803745200401,1,-6.239168110918547,-1.9927536231884035,감소형,,,,,,,,,,,,,,NO_DATA,,0.0,,13.0,관찰,13.0
2026-09-30T09:23:45+09:00,AI,KRW-AI,AIUSDT,27.6,-0.71942446,373769139.8948257,1790727568693,False,False,,354489478.8781454,648116812.3988975,596083938.2082591,636133196.8618762,586004411.7189287,0.5469530678675979,0.5655742364625636,0.5913494931721407,1,-5.119453924914675,-0.7142857142857117,감소형,300683.64086,0.529,307451.42178,496476.30434,442940.7781,542451.00564,883235.46961,0.6192670608695339,0.6224267009724592,0.2843538657248661,1,-5.000000000000004,-5.940594059405935,감소형,,0.0,,13.0,관찰,13.0
2026-09-30T09:23:45+09:00,ONT,KRW-ONT,ONTUSDT,77.0,-0.12970169,348207745.9045061,1790727777433,False,False,,358233980.4707746,1141716028.8431633,552688551.3363923,2928897578.1057897,738193729.7565117,0.3137680223634532,0.23245332115842088,0.2934081222324342,1,-4.814814814814827,-1.9083969465648831,감소형,354948.37266,0.035,351858.79333,600810.53292,486092.97467,1133616.28373,484443.1094,0.5856401877975252,0.4753735517765897,0.5286862072752998,1,-4.449294828744121,-1.2150668286755706,감소형,,0.0,,13.0,관찰,13.0
2026-09-30T09:23:45+09:00,OPG,KRW-OPG,OPGUSDT,171.0,0.0,346510479.2403914,1790727719169,False,False,,349684736.0523854,565421743.9761583,801978487.778165,5097549420.003546,184430144.7257397,0.6184493960089555,0.16226796257754464,0.24978058307974632,1,-8.064516129032262,-1.1560693641618491,감소형,623831.35257,2.116,622162.47918,949182.75921,784708.41184,2055370.71337,539048.84836,0.6554717446593981,0.49257282670651104,0.6243408002124352,1,-8.23615160349852,-0.4743083003952431,감소형,,0.0,,13.0,관찰,13.0
2026-09-30T09:23:45+09:00,HYPER,KRW-HYPER,HYPERUSDT,97.5,-0.40858018,318677876.72666925,1790727826678,False,False,,311882711.6163261,771847948.7914499,414976004.8280189,391849242.9942492,473711409.81540173,0.40407273492747925,0.5926800663088219,0.6232977497273524,1,-4.951456310679603,-4.951456310679603,감소형,456442.18289,-1.646,453164.4098,749052.23898,414802.20092,457223.40317,514442.03721,0.6049837197163758,0.838635377820839,0.8567909497800074,1,-4.761904761904767,-4.635761589403975,감소형,,0.0,,13.0,관찰,13.0
2026-09-30T09:23:45+09:00,MASK,KRW-MASK,MASKUSDT,601.0,-0.66115702,312422229.11820394,1790727800326,False,False,,298683080.4003672,762933287.9184737,743216568.9113666,581026626.8983643,619798598.2168812,0.39149305074270685,0.42931167928863384,0.4613051868556992,1,-7.066052227342546,-5.3208137715179955,감소형,341263.5358,-3.913,334279.8687,514096.3849,462372.4748,360586.2425,564922.6117,0.6502280088295559,0.7500361087960552,0.7017562106350478,1,-6.6805845511482165,-4.282655246252675,감소형,,0.0,,13.0,관찰,13.0
2026-09-30T09:23:45+09:00,PUNDIX,KRW-PUNDIX,PUNDIXUSDT,159.0,0.0,308937925.0244164,1790727815664,False,False,,315763379.7543102,520959347.86331743,717939962.2576756,562540462.0794573,588240691.707069,0.6061190399008948,0.525851684792004,0.5223831975688756,1,-7.017543859649122,-4.216867469879515,감소형,217710.12106,-0.342,200779.07478,227601.63966,267168.10405,256525.27618,219586.51083,0.882151266923786,0.801731954017465,0.7850465627948356,1,-6.836248012718594,-3.855619360131257,중립,,0.0,,13.0,관찰,13.0
2026-09-30T09:23:45+09:00,BORA,KRW-BORA,,38.2,-0.26109661,303358155.03754115,1790727704854,False,False,,297763206.693273,534661856.1702951,358360261.2094626,721981630.8988461,500004948.32935196,0.5569187389317567,0.5531192240463567,0.6019119082774933,1,-3.5264483627204135,-0.26041666666667407,감소형,,,,,,,,,,,,,,NO_DATA,,0.0,,13.0,관찰,13.0
2026-09-30T09:23:45+09:00,TFUEL,KRW-TFUEL,TFUELUSDT,14.2,-1.38888889,276166690.2102199,1790727821327,False,False,,272299810.6979654,433314997.9011818,1453063754.9459515,310399583.1067175,425114840.38362044,0.6284107681868509,0.3718624763928195,0.4646422461478727,1,-3.9999999999999925,-2.0408163265306034,감소형,250183.04472,-2.15,227293.73385,266161.31036,886631.35062,144985.08439,346250.56559,0.8539698483696629,0.5254221718493052,0.608139093038059,1,-4.087193460490468,-1.9498607242339872,중립,,0.0,,13.0,관찰,13.0
2026-09-30T09:23:45+09:00,MNT,KRW-MNT,,901.0,0.0,274453414.6795554,1790727790350,False,False,,294337042.54377264,531992807.0108681,488890096.72619236,852527066.4546248,532304333.0492524,0.5532725981721021,0.47133897101069083,0.4690174353676969,1,-4.756871035940802,-2.699784017278617,감소형,,,,,,,,,,,,,,NO_DATA,,0.0,,13.0,관찰,13.0
2026-09-30T09:23:45+09:00,NEWT,KRW-NEWT,NEWTUSDT,65.0,-0.91463415,270673534.6718026,1790727526301,False,False,,212108095.8201602,511271208.2365861,594594206.7364419,298333441.3888942,486064066.39847547,0.4148641511649706,0.45315824363303187,0.4281306972492626,1,-5.611510791366914,-3.529411764705892,감소형,331263.927161,-0.765,276408.169247,339787.142862,327835.303644,316093.962223,436145.910972,0.8134744796958356,0.8429507735998736,0.7259373249473496,1,-4.9803921568627345,-2.6516673362796173,중립,,0.0,,13.0,관찰,13.0
2026-09-30T09:23:45+09:00,BLEND,KRW-BLEND,,90.6,0.0,262269837.1637655,1790727715502,False,False,,278383287.1697727,828099345.0700777,703250963.5124041,496851075.13511527,444289202.3914961,0.33617136497821354,0.4117687070987635,0.46584066360527443,1,-4.025423728813571,-3.6170212765957555,감소형,,,,,,,,,,,,,,NO_DATA,,0.0,,13.0,관찰,13.0
2026-09-30T09:23:45+09:00,MLK,KRW-MLK,,58.0,0.0,260217250.43026584,1790727723849,False,False,,266604678.08332956,433732083.0954142,435520315.5903159,344391630.55574757,290523472.05161804,0.614675945068792,0.659018637243961,0.7583970305080269,1,-6.451612903225811,-3.4941763727121433,감소형,,,,,,,,,,,,,,NO_DATA,,0.0,,13.0,관찰,13.0
2026-09-30T09:23:45+09:00,SNT,KRW-SNT,,11.3,0.0,257610876.82855767,1790727669930,False,False,,259219304.67705002,723669568.560577,393098547.9477693,381811145.2782115,523397839.59426653,0.35820119559905367,0.5189301185871553,0.5361825791241857,1,-7.377049180327855,-7.377049180327855,감소형,,,,,,,,,,,,,,NO_DATA,,0.0,,13.0,관찰,13.0
2026-09-30T09:23:45+09:00,SPX,KRW-SPX,,563.0,0.0,249012160.57718223,1790727609305,False,False,,244668954.96398523,478079053.4389037,443239479.26344657,699051316.2309495,636904174.199095,0.5117750991264728,0.4529872395337134,0.3871747544339381,1,-9.339774557165859,-5.536912751677847,감소형,,,,,,,,,,,,,,NO_DATA,,0.0,,13.0,관찰,13.0
2026-09-30T09:23:45+09:00,BAT,KRW-BAT,BATUSDT,122.0,-2.4,228405583.0576982,1790727502021,False,False,,243079346.94842562,472578165.0133614,186442715.045811,247003997.79325888,290559670.5074061,0.5143685530658255,0.8048763987295847,0.8149813219016581,1,-6.153846153846154,-1.6129032258064502,감소형,570823.1807,-0.77,574440.3281,606847.9931,604750.3074,392407.3565,319895.5469,0.9465967336656256,1.0743858519321916,1.1554847826550214,1,-4.936974789915971,-0.11037527593819041,중립,,0.0,,13.0,관찰,13.0
2026-09-30T09:23:45+09:00,SAFE,KRW-SAFE,,145.0,0.0,218197787.23490834,1790727814994,False,False,,218396745.58798385,592718298.4574497,387007161.44240797,293923422.0594258,228781778.53233784,0.3684663459123191,0.5144198264093456,0.5091918867574017,1,-8.227848101265822,-5.228758169934644,감소형,,,,,,,,,,,,,,NO_DATA,,0.0,,13.0,관찰,13.0
2026-09-30T09:23:45+09:00,HUNT,KRW-HUNT,,136.0,-0.7299270099999999,205396527.35172755,1790727747556,False,False,,206763847.07823676,321356336.90950847,167241175.71379066,451084632.30524045,223800197.50289848,0.6434098952791458,0.6601078296341173,0.6716016911322171,1,-3.5211267605633756,-2.8368794326241176,감소형,,,,,,,,,,,,,,NO_DATA,,0.0,,13.0,관찰,13.0
2026-09-30T09:23:45+09:00,CKB,KRW-CKB,CKBUSDT,1.77,-0.56179775,201873094.01580226,1790727706396,False,False,,203798998.8212613,381061750.4729305,198866818.33452657,225247524.08964974,315883686.7812772,0.5348188280989346,0.75933327114062,0.5384529978835976,1,-9.644670050761416,-6.315789473684208,감소형,258269.124187,-0.915,264105.11686,426768.185946,298509.582669,328533.915645,474851.217279,0.618849121273107,0.7518566764956436,0.6412851851059741,1,-9.279778393351801,-6.160458452722073,감소형,,0.0,,13.0,관찰,13.0
2026-09-30T09:23:45+09:00,BREV,KRW-BREV,BREVUSDT,118.0,0.0,199749494.51346722,1790727514017,False,False,,204934693.68146637,600571775.5594938,312734147.50547904,291500795.6545754,238577412.48295832,0.3412326419944541,0.5102927062838796,0.5486783979450826,1,-5.600000000000005,-2.4793388429752095,감소형,180724.80037,1.529,182834.37635,331395.3849,228717.56897,163942.35967,258923.4015,0.5517106896499813,0.7575431307427292,0.7735512546826402,1,-5.464480874316946,-1.5927189988623525,감소형,,0.0,,13.0,관찰,13.0
2026-09-30T09:23:45+09:00,ORBS,KRW-ORBS,,9.96,-0.4,194391319.85337973,1790727446285,False,False,,199751560.26644647,283775764.26504093,171460058.11936706,177096651.04039443,204319278.92087072,0.7039063423326118,0.9476892394181355,0.8705549937755961,1,-1.9607843137254832,0.0,감소형,,,,,,,,,,,,,,NO_DATA,,0.0,,13.0,관찰,13.0
2026-09-30T09:23:45+09:00,DKA,KRW-DKA,,5.67,-0.8741258700000001,191089954.3228122,1790727784008,False,False,,185799284.69219807,407930381.26711607,267430080.20628577,339462835.9896932,275775194.9614227,0.45546812207285736,0.5492560679972608,0.6010634631693818,1,-2.3890784982935287,-2.555366269165249,감소형,,,,,,,,,,,,,,NO_DATA,,0.0,,13.0,관찰,13.0
2026-09-30T09:23:45+09:00,GLM,KRW-GLM,GLMUSDT,169.0,-0.5882352900000001,174862886.93659547,1790727615508,False,False,,213378009.7229215,459247010.5102493,631626652.215151,437786224.91856146,510658644.7384,0.4646258001458659,0.41875503788836077,0.4159555493602963,1,-2.857142857142858,-1.1627906976744207,감소형,136711.30769,-0.4,137495.90712,116667.78159,152633.20042,85849.98299,105343.31453,1.1785250841847261,1.1614433353996374,1.1163468656884037,2,-2.874902874902885,-0.5568814638027053,중립,,0.0,,13.0,관찰,13.0
2026-09-30T09:23:45+09:00,MED,KRW-MED,,2.38,-0.41841004,169062552.34135327,1790727805303,False,False,,176237816.50688905,317489822.01285064,268928928.3342121,407686992.90178764,866593766.7482828,0.555097531598212,0.5318482999532541,0.43100149881234107,1,-5.158730158730151,-1.2396694214875992,감소형,,,,,,,,,,,,,,NO_DATA,,0.0,,13.0,관찰,13.0
2026-09-30T09:23:45+09:00,IO,KRW-IO,IOUSDT,212.0,-0.9345794399999999,122461903.81798501,1790727362050,False,False,,185195556.33408725,332933902.2441792,183613644.38910028,294453668.74039084,263662915.3313798,0.5562532234949801,0.6850626835944681,0.7322370133101754,1,-6.550218340611358,-0.46511627906976605,감소형,1705547.231674,-0.191,1748854.554095,2149356.062942,1308206.766022,2559451.696468,1929557.542863,0.8136644198919741,0.871954628015181,0.9262142628632389,1,-6.417112299465244,0.0,중립,,0.0,,13.0,관찰,13.0
2026-09-30T09:23:45+09:00,MVL,KRW-MVL,,1.53,0.0,103558413.84226418,1790727821322,False,False,,102798875.03030649,284846586.38647974,203450499.01969174,103655202.53699721,177544188.166818,0.3608920729379183,0.5209822334879253,0.6164030010275321,1,-2.547770700636942,-2.547770700636942,감소형,,,,,,,,,,,,,,NO_DATA,,0.0,,13.0,관찰,13.0
2026-09-30T09:23:45+09:00,STX,KRW-STX,STXUSDT,424.0,-1.16550117,3413690683.958443,1790727822012,False,False,,3295061519.5244155,5656939672.173287,8127510943.64809,9516321270.439722,5667517324.351759,0.582481290322567,0.42424279362186607,0.49322070623307546,1,-8.13704496788008,0.2336448598130758,감소형,1150051.46495,-0.032,1125506.85173,2295389.15276,2543947.18361,3073574.50456,2061839.04223,0.49033378517829046,0.426710299542963,0.4747181161620215,1,-7.501459427904267,1.0200828817341634,감소형,,0.0,,12.9,관찰,12.9
2026-09-30T09:23:45+09:00,KAT,KRW-KAT,KATUSDT,6.61,0.15151515,396659926.96061224,1790727813292,False,False,,403636264.2801938,1025208328.5463567,776008678.4990764,590267839.1414254,702462335.4967556,0.39371145653148354,0.5063418213882203,0.4393879177636829,1,-5.1724137931034475,-3.2258064516129115,감소형,584994.11936,-0.205,572486.77842,802395.99511,396609.88487,510257.38691,656576.01203,0.7134716298546805,1.0047956733926158,0.9130407222960467,1,-5.436893203883497,-2.6000000000000023,감소형,,0.0,,12.9,관찰,12.9
2026-09-30T09:23:45+09:00,QTUM,KRW-QTUM,QTUMUSDT,1316.0,0.07604562999999999,392249825.03512603,1790727650868,False,False,,399733775.14135724,799380323.8407555,724737288.899015,1804277968.0302393,2498255308.2854114,0.5000545587871991,0.36029411057763805,0.297103138828205,1,-6.205420827389441,-3.5923753665689118,감소형,193564.1207,-1.324,198762.598,256197.9625,296237.011,703306.8482,978108.6181,0.7758164665341553,0.4748490363988647,0.4020351914793252,1,-5.910852713178305,-2.9970029970029843,중립,,0.0,,12.9,관찰,12.9
2026-09-30T09:23:45+09:00,PYUSD,KRW-PYUSD,,1359.0,0.0736377,149977294.84754908,1790727585558,False,False,,145719010.48992598,904390454.4623022,56762622.14386304,143889127.62964725,169623701.76420486,0.16112400321226522,0.3956021134704915,0.49807643050003714,1,-0.22042615723733006,-0.7309941520467822,감소형,,,,,,,,,,,,,,NO_DATA,,0.0,,12.9,관찰,12.9
2026-09-30T09:23:45+09:00,TAIKO,KRW-TAIKO,,122.0,-0.8130081299999999,1190946476.8840911,1790727642906,False,False,,1199204088.136758,2385840105.142615,16866060178.749851,329731957.3937258,362138934.0388908,0.50263388797594,0.1837238193466333,0.29216965755784763,1,-1.6000000000000014,0.8196721311475308,감소형,,,,,,,,,,,,,,NO_DATA,,0.0,,12.8,관찰,12.8
2026-09-30T09:23:45+09:00,LAYER,KRW-LAYER,LAYERUSDT,106.0,-1.85185185,1005045614.1246122,1790727803293,False,False,,941970506.8784773,2726176390.420811,1350579788.9927747,1026309590.0710856,670782290.8856579,0.3455280847520931,0.5537674112557645,0.7305671781745545,1,-2.7027027027026973,0.9345794392523255,감소형,626427.515435,-3.23,612577.231097,913751.683328,666666.772354,423824.055424,334884.443716,0.6703979234992111,0.9169208232575036,1.1553701765650415,1,-3.9024390243902585,1.025641025641022,감소형,,0.0,,12.8,관찰,12.8
2026-09-30T09:23:45+09:00,TOKAMAK,KRW-TOKAMAK,,494.0,0.20283976,391231629.67049146,1790727816981,False,False,,403869399.9760191,1114295636.9996495,335766775.29606783,2982323009.404212,194135864.6856406,0.36244366985361004,0.273353529680949,0.4175943170545189,1,-7.5046904315197,-2.7613412228796874,감소형,,,,,,,,,,,,,,NO_DATA,,0.0,,12.8,관찰,12.8
2026-09-30T09:23:45+09:00,YGG,KRW-YGG,YGGUSDT,35.4,0.28328612,180303713.97929025,1790727431645,False,False,,176617028.28265986,458022210.0193718,278737695.7942525,177976937.57138267,250310838.7989945,0.38560799982863264,0.5792388146160727,0.6486145880491148,1,-7.105263157894748,-5.107526881720448,감소형,280661.206132,-0.534,281510.826328,502236.963736,360617.937555,385825.765874,406438.397931,0.5605139538793,0.676339837070933,0.6682606207877694,1,-6.616595135908431,-4.253758709204247,감소형,,0.0,,12.8,관찰,12.8
2026-09-30T09:23:45+09:00,CFX,KRW-CFX,CFXUSDT,74.1,-0.13477089,156136303.6677899,1790727726054,False,False,,158947864.652815,223408100.30914426,111867024.33442667,164835634.0395843,403867746.61056376,0.7114686729481543,0.953475976429751,0.7615506642496508,1,-3.25945241199479,0.8152173913043681,감소형,1514011.82058,1.344,1517963.76755,1904906.56298,1314412.74002,1692207.18844,1802144.94216,0.7968704591868937,0.9271845139360847,0.9667232442048466,1,-2.8479886080455707,1.186503522432325,중립,,0.0,,12.8,관찰,12.8
2026-09-30T09:23:45+09:00,SOL,KRW-SOL,SOLUSDT,161100.0,-0.37105751,32305870797.354023,1790727825350,False,False,,32338537959.32132,43435367501.069084,34621983468.677864,24603800499.52651,58077017703.67109,0.7445208782572258,0.9450080433492974,0.814944227644481,1,-2.177858439201452,1.3157894736842035,감소형,288583894.23882,0.118,288801539.90648,303030487.60797,318882945.21313,221338928.92664,481769969.76669,0.9530445011859733,1.02745590646638,0.8891029274004842,1,-1.8614611646487034,1.8028024606971949,중립,,0.0,,12.7,관찰,12.7
2026-09-30T09:23:45+09:00,CFG,KRW-CFG,CFGUSDT,206.0,-0.9615384600000001,2298598676.5103307,1790727828016,False,False,,2279966409.0519123,3909259842.6960053,3317633450.915733,4083906565.855541,3885777834.9190354,0.5832220166463897,0.6047228588728548,0.5723557556844454,1,-9.565217391304348,1.4634146341463428,감소형,3800088.12976,-4.046,3727145.36593,3970174.8659,3654737.03126,2120588.16306,3471573.13969,0.9387861975407202,1.1473434948126802,1.0906965811480889,1,-9.25266903914591,1.5936254980079667,중립,,0.0,,12.7,관찰,12.7
2026-09-30T09:23:45+09:00,ORCA,KRW-ORCA,ORCAUSDT,2155.0,-1.1467889900000001,1039580525.6156214,1790727782717,False,False,,1043339764.4454974,1839671749.0359619,11125809928.916687,766264200.6482804,1170744280.1362903,0.5671336557688815,0.2279403741525835,0.3143037003057334,1,-2.5915996425379784,1.3953488372093092,감소형,1102451.48692,-6.05,1106594.38113,1926392.44626,4562602.29677,453713.15118,948622.27348,0.5744387044697984,0.47816834497078514,0.5860900951639069,1,-2.251978088861828,1.7743979721166037,감소형,,0.0,,12.7,관찰,12.7
2026-09-30T09:23:45+09:00,STEEM,KRW-STEEM,STEEMUSDT,86.0,-0.6928406500000001,843367287.5457181,1790727826685,False,False,,861256915.7967217,1864858108.9765108,3083767269.9115906,20901412604.131207,10756260792.167986,0.4618350917161225,0.09995229984139384,0.05903951347100962,1,-8.067940552016994,1.1682242990654235,감소형,701339.854408,0.047,707719.120451,571833.016026,1033858.397974,1538584.647403,1289386.772879,1.237632491683239,0.6752452138078586,0.43353554667625854,2,-7.7156042688202975,1.6521048451151765,중립,,0.0,,12.7,관찰,12.7
2026-09-30T09:23:45+09:00,BLUR,KRW-BLUR,BLURUSDT,26.6,0.37735849,638465960.2938733,1790727808605,False,False,,635363347.912123,1766536303.9048116,833666587.5044135,969628729.7145889,1022404853.1101134,0.3596661707476344,0.5339439631991145,0.632166851107012,1,-7.986111111111116,-2.573529411764708,감소형,193209.168811,-0.963,191462.618312,437942.213733,194688.630196,419150.937922,268239.559108,0.43718694455138535,0.5461093402142332,0.6355413151231141,1,-7.51062824752008,-1.9529293940911407,감소형,,0.0,,12.7,관찰,12.7
2026-09-30T09:23:45+09:00,KITE,KRW-KITE,KITEUSDT,181.0,-0.54945055,1469125605.890811,1790727820003,False,False,,1479690787.666232,2914959965.6232333,3615246971.318374,4620954677.440816,1959462780.5447605,0.5076195917324946,0.39808160947764565,0.5013942589002984,1,-12.5,1.6759776536312776,감소형,2092046.05859,-3.476,2126076.63402,3837457.86767,4134543.50921,3781137.72426,2178491.51505,0.5540325672190105,0.5426830948883555,0.685792014593063,1,-12.123197903014427,2.1325209444021276,감소형,,0.0,,12.6,관찰,12.6
2026-09-30T09:23:45+09:00,AKT,KRW-AKT,,880.0,0.456621,1102367569.731936,1790727756270,False,False,,1090297895.4221783,1545890848.1420207,1558882023.970281,1255817342.83686,2063637006.7302861,0.7052877612495011,0.7501034321118085,0.6749744414692423,1,-8.079748163693601,-5.297297297297298,감소형,,,,,,,,,,,,,,NO_DATA,,0.0,,12.6,관찰,12.6
2026-09-30T09:23:45+09:00,RENDER,KRW-RENDER,RENDERUSDT,2572.0,-0.46439628,968074322.2756773,1790727712987,False,False,,975601602.689823,2077584571.631818,2178690076.2046256,1927558030.264963,2111280360.4229527,0.46958454351802703,0.4732994827680352,0.4646473468372511,1,-4.543775397118576,1.852581789515173,감소형,6204895.55743,-1.917,6152809.43527,10813459.68891,8690161.87486,8232516.04732,10297191.31111,0.5689954567991001,0.6655010356751906,0.6779001741631231,1,-4.070351758793967,2.9110512129379984,감소형,,0.0,,12.6,관찰,12.6
2026-09-30T09:23:45+09:00,ATH,KRW-ATH,,8.17,-0.84951456,714472234.8923115,1790727824344,False,False,,700897906.0643902,1785399226.7048416,1366851252.7325058,1837788426.3344338,1420991113.4247174,0.3925720900854076,0.42137822127219643,0.40762567381292547,1,-5.069124423963123,1.980198019801982,감소형,,,,,,,,,,,,,,NO_DATA,,0.0,,12.6,관찰,12.6
2026-09-30T09:23:45+09:00,BEAM,KRW-BEAM,,2.78,0.36101083,164683667.7389186,1790727706341,False,False,,159437802.2857255,359039145.16258943,359994157.64910626,560232484.8565059,999873776.6124752,0.444068019974604,0.3738968175870853,0.09976978578811367,1,-5.782312925170063,0.36231884057971175,감소형,,,,,,,,,,,,,,NO_DATA,,0.0,,12.6,관찰,12.6
2026-09-30T09:23:45+09:00,CP,KRW-CP,,17.6,0.57142857,2432936788.9097676,1790727734456,False,False,,2482848400.520668,4133863892.8922143,2231776752.114995,3243233227.9681396,2451448370.5874968,0.600612033886672,0.7751735843375778,0.8374655224465655,1,-3.8461538461538436,-1.1299435028248594,감소형,,,,,,,,,,,,,,NO_DATA,,0.0,,12.5,관찰,12.5
2026-09-30T09:23:45+09:00,FF,KRW-FF,FFUSDT,172.0,0.58479532,1444178978.2538786,1790727781723,False,False,,1418967683.5098915,2907244678.2037406,745571393.9605957,889832595.3579551,1198618355.500902,0.48807989714392036,0.9370971347541012,0.8705705477278178,1,-4.469273743016755,-8.064516129032262,감소형,1551288.148449,3.082,1557441.041549,1812023.614317,721604.379432,578409.318016,1538592.615785,0.8595037223816981,1.5013711779686472,1.086614155455871,1,-4.182191468329388,-7.529170030087318,중립,,0.0,,12.5,관찰,12.5
2026-09-30T09:23:45+09:00,NCT,KRW-NCT,,14.0,0.71942446,481602354.65015846,1790727716220,False,False,,487096482.7687506,859890383.8053346,392299666.82538277,465134700.00733536,314112406.86464876,0.5664634608578452,0.8509103754332582,1.0125744934245724,1,-4.794520547945202,-3.472222222222221,감소형,,,,,,,,,,,,,,NO_DATA,,0.0,,12.5,관찰,12.5
2026-09-30T09:23:45+09:00,STRAX,KRW-STRAX,STRAXUSDT,15.5,0.64935065,380246701.16978806,1790727700558,False,False,,380996694.0882457,561699339.0882275,391431958.26539236,776249906.7352434,807317559.5505037,0.6782929364073929,0.660924311865023,0.5970531021444024,1,-4.93827160493826,-1.9108280254776955,감소형,193130.38487,0.265,193542.41548,316683.9645,160260.04183,306685.61418,267258.44312,0.611153191117765,0.7409460174082209,0.6667979130225089,1,-5.4954204829308795,-1.5611448395490002,감소형,,0.0,,12.5,관찰,12.5
2026-09-30T09:23:45+09:00,AHT,KRW-AHT,,1.63,0.61728395,156180217.6551084,1790727617779,False,False,,156258786.39481947,396359507.10894114,343667660.808783,239721415.9712518,163901230.7816942,0.3942349901849864,0.47846597269241853,0.6103968497266603,1,-3.5714285714285587,-1.2195121951219412,감소형,,,,,,,,,,,,,,NO_DATA,,0.0,,12.5,관찰,12.5
2026-09-30T09:23:45+09:00,DOT,KRW-DOT,DOTUSDT,1612.0,-0.37082818,2762357587.002206,1790727806315,False,False,,2780749267.597658,4014464577.8655586,2054063317.6555839,3759517640.3333883,2988179751.944406,0.6926824769932702,0.8488206299369401,0.9023915732650994,1,-4.203670811130844,2.5348542458808687,감소형,12784494.20415,1.02,12735964.23096,16657611.71083,12395495.1393,17276923.99882,13539404.31128,0.7645732444753573,0.8246895586460833,0.8738180233042782,1,-4.022526146419958,3.2006920415225126,중립,,0.0,,12.4,관찰,12.4
2026-09-30T09:23:45+09:00,ZETA,KRW-ZETA,,70.7,-0.98039216,1103224347.3931305,1790727825679,False,False,,1051769004.1658117,1535499077.076099,2499920976.7806897,3068877780.0882287,3497202941.3979015,0.6849688286160307,0.4441405873246298,0.35437927104503214,1,-4.289544235924914,2.8818443804034644,감소형,,,,,,,,,,,,,,NO_DATA,,0.0,,12.4,관찰,12.4
2026-09-30T09:23:45+09:00,CBK,KRW-CBK,,293.0,-1.34680135,851485687.4991055,1790727774401,False,False,,858608606.6668468,5728326972.039775,1324405180.9486356,11160507175.796453,214565846.56875736,0.14988819787308835,0.14142601288556134,0.22928757686588294,1,-4.5016077170418,2.768166089965396,감소형,,,,,,,,,,,,,,NO_DATA,,0.0,,12.4,관찰,12.4
2026-09-30T09:23:45+09:00,SC,KRW-SC,SCUSDT,1.42,0.0,834651734.9396073,1790727810595,False,False,,874035496.0454645,2479596004.6933637,10782846319.552984,1376351611.1847699,3556456943.0561314,0.3524910890286545,0.17912039063477475,0.22819393165908625,1,-2.73972602739726,2.898550724637694,감소형,332407.694459,-2.334,353987.362288,585321.343984,1694167.148409,614723.260837,3376942.058417,0.6047743960242058,0.36692618834085944,0.2658426448882,1,-3.240740740740744,3.465346534653446,감소형,,0.0,,12.4,관찰,12.4
2026-09-30T09:23:45+09:00,BOUNTY,KRW-BOUNTY,,19.8,-1.0,144552299.84909493,1790727745732,False,False,,143158066.76006585,441451198.7906743,199431661.9274251,214269109.43335652,160304521.96869004,0.3242896772106128,0.5022197401990823,0.6454701546857272,1,-0.990099009900991,2.564102564102555,감소형,,,,,,,,,,,,,,NO_DATA,,0.0,,12.4,관찰,12.4
2026-09-30T09:23:45+09:00,VIRTUAL,KRW-VIRTUAL,VIRTUALUSDT,1035.0,-1.33460439,8706887945.087149,1790727823330,False,False,,8676883140.341162,12911090364.270296,9524361457.04915,8324627812.860142,10386867643.913097,0.6720488274447577,0.8462477903372879,0.881776670091968,1,-2.599814298978642,3.2480314960629864,감소형,10668975.92273,-6.679,10586906.14719,16527186.92113,8886474.3753,7069531.24163,10257922.45009,0.6405752048253684,0.9777585255623047,1.066975220184877,1,-2.3523460225116977,3.6097691894793282,감소형,,0.0,,12.3,관찰,12.3
2026-09-30T09:23:45+09:00,XEC,KRW-XEC,XECUSDT,0.0113,0.8928571399999999,763230302.8627521,1790727812285,False,False,,839296198.0461569,1209586130.9773533,746570673.74713,726006029.491558,917789131.0954138,0.6938705533668778,0.9387530697309114,0.7764852194468833,1,-7.438016528925617,-9.677419354838712,감소형,355903.04689391,-1.891,377684.06894514,470270.6228853,385314.01100303,601111.05504357,398455.12504319,0.8031206938419752,0.777823546430767,0.688788618396421,1,-5.988700564971749,-8.470847084708467,중립,,0.0,,12.3,관찰,12.3
2026-09-30T09:23:45+09:00,PENGU,KRW-PENGU,PENGUUSDT,13.5,-0.73529412,6405692871.039611,1790727826001,False,False,,6215696977.941231,8979812491.575188,8093676872.226272,4925815426.15655,8224441236.762701,0.6921856089726556,0.8476218276831868,0.8068869121054726,1,0.7407407407407307,2.2556390977443552,감소형,14207041.441651,5.632,13784255.156226,18922352.236561,17856512.377635,9256111.232219,18798727.771286,0.7284641456780739,0.8982901523972098,0.8092675145484425,1,0.6155398587285532,2.5295629820051513,감소형,,0.0,,12.2,관찰,12.2
2026-09-30T09:23:45+09:00,IN,KRW-IN,,50.8,-1.16731518,1635630185.7406702,1790727825344,False,False,,1637709502.4694736,6392659609.067613,25811537238.671104,2474954558.2258844,911806275.5038447,0.25618593865790673,0.1416738388403412,0.22097628277843642,1,-3.383458646616544,3.420523138832987,감소형,,,,,,,,,,,,,,NO_DATA,,0.0,,12.2,관찰,12.2
2026-09-30T09:23:45+09:00,TRUST,KRW-TRUST,,83.2,-0.59737157,1355091622.993536,1790727823334,False,False,,1382969472.5107877,16130369458.779985,25986025236.140594,1005002350.3405551,525975307.1376437,0.08573699914591963,0.0962146104213085,0.1560475294434672,1,1.0869565217391353,1.7010935601458055,감소형,,,,,,,,,,,,,,NO_DATA,,0.0,,12.2,관찰,12.2
2026-09-30T09:23:45+09:00,QKC,KRW-QKC,QKCUSDT,3.81,1.06100796,397483174.6505582,1790727668286,False,False,,391634324.2779166,919999238.174926,1092759978.830193,796124737.5694954,2624484363.3786063,0.4256898354120728,0.4182810653036325,0.3091525099428186,1,-6.683168316831678,-4.071246819338425,감소형,104688.993401,-1.272,109578.887512,143099.227163,204419.918211,144058.958426,678699.223329,0.7657545724351258,0.6687373989907155,0.3850399155483532,1,-6.24156545209178,-3.339130434782611,중립,,0.0,,12.2,관찰,12.2
2026-09-30T09:23:45+09:00,SKY,KRW-SKY,SKYUSDT,110.0,-1.78571429,1072907254.4585217,1790727723101,False,False,,1067373307.0822468,1440338225.1071994,678908052.5319871,569418022.7821141,468139735.9796117,0.7410574047653327,1.1909705204718133,1.4425054405723226,1,5.660377358490565,12.00000000000001,감소형,6370752.14205,3.649,6366773.13907,7091214.80052,4456765.84562,2948962.05844,2793431.14192,0.897839554740765,1.3175412089595733,1.5321031671472267,1,4.682702149437068,11.577798990863219,중립,,0.0,,12.1,관찰,12.1
2026-09-30T09:23:45+09:00,MOC,KRW-MOC,,30.1,-0.66006601,135561996.77972528,1790727818668,False,False,,152436790.5075433,475606468.01536703,664498369.9833472,514560835.8465426,667347466.1016918,0.3205103394485754,0.27637629688654386,0.29819772468150574,1,-0.9803921568627527,4.123711340206193,감소형,,,,,,,,,,,,,,NO_DATA,,0.0,,12.1,관찰,12.1
2026-09-30T09:23:45+09:00,FIL,KRW-FIL,FILUSDT,1427.0,-0.6267409500000001,2974542512.776727,1790727796969,False,False,,3059981427.6595926,5001038147.688715,6401116537.707158,18443857953.829006,3146047633.4990187,0.6118692434037515,0.30757690797577797,0.4229125772177223,1,-6.813757300454249,6.37037037037036,감소형,16501438.357579,-0.085,17034841.279719,19193415.495163,12959961.239863,32737197.186611,14256010.626851,0.8875356907691603,0.7875492656432923,0.8910516923677617,1,-6.607851786501984,6.842955187727084,중립,,0.0,,11.6,관찰,11.6
2026-09-30T09:23:45+09:00,AXS,KRW-AXS,AXSUSDT,1550.0,-0.44958253,2471665147.0040803,1790727809269,False,False,,2489002444.4799623,3809294294.7387547,3334933511.6849756,15160232801.627638,28879221532.56968,0.6534025076292145,0.33477641377009937,0.23410714665919788,1,-2.198492462311563,6.207366984993179,감소형,1870488.0342,2.703,1862509.38923,2384477.9048,1929666.95195,5486527.02845,9670079.85353,0.7810973569856666,0.5701168484303336,0.4452820329572672,1,-2.051282051282055,6.505576208178421,중립,,0.0,,11.6,관찰,11.6
2026-09-30T09:23:45+09:00,AVNT,KRW-AVNT,AVNTUSDT,168.0,-0.59171598,1139576049.3736012,1790727806637,False,False,,1231249650.3027768,5581408326.980525,1195438873.5401845,5782477902.048407,1752719222.1020172,0.22059838273270863,0.2941040956215667,0.3981271006176731,1,-4.519774011299438,6.2893081761006275,감소형,679743.79935,0.406,688065.24818,2611917.82875,831675.04443,3607849.00092,2062373.80492,0.26343296125410315,0.2927338523659688,0.35319308652592124,1,-3.7896365042536795,7.426597582037986,감소형,,0.0,,11.6,관찰,11.6
2026-09-30T09:23:45+09:00,ERA,KRW-ERA,ERAUSDT,91.8,1.7738359200000002,1130446253.6688514,1790727795992,False,False,,728855634.7741921,1163599968.3941042,1861528691.5905914,725638871.1664078,742092960.1718245,0.626379902519328,0.5829651894345803,0.7049450437310316,1,-5.252100840336138,-3.426124197002145,감소형,483814.91441,-1.608,365917.20529,595964.86785,1056425.17058,425282.69015,504428.99915,0.6139912351043126,0.5283563675691437,0.6163384746815344,1,-4.447632711621219,-2.631578947368418,감소형,,0.0,,11.6,관찰,11.6
2026-09-30T09:23:45+09:00,CPOOL,KRW-CPOOL,,48.2,-3.21285141,2024328052.8386002,1790727815680,False,False,,2041328633.0846634,8660813458.839634,4225574305.575965,26946587683.036934,3169764996.98009,0.23569710198540153,0.15374161308468465,0.17862474831236155,1,-2.734375000000011,6.638115631691632,감소형,,,,,,,,,,,,,,NO_DATA,,0.0,,11.5,관찰,11.5
2026-09-30T09:23:45+09:00,TOSHI,KRW-TOSHI,,0.172,4.87804878,1905762015.0228877,1790727828016,False,False,,660878646.584022,953485552.6823546,372061558.5677266,401168339.80022264,375750547.4203052,0.6931186788565721,1.148212311730977,1.2452184096020855,1,-7.86516853932584,-6.818181818181812,감소형,,,,,,,,,,,,,,NO_DATA,,0.0,,11.5,관찰,11.5
2026-09-30T09:23:45+09:00,BIGTIME,KRW-BIGTIME,BIGTIMEUSDT,12.1,0.8333333300000001,462518315.66504806,1790727826022,False,False,,443623475.91557294,1115114065.3159738,3549424260.235683,1147267740.7328522,1669694652.512611,0.3978278901807859,0.22899429412611924,0.2716353918045576,1,-3.2258064516129115,5.263157894736836,감소형,284543.73335,-1.991,278161.86357,499173.8812,1672254.7728,282942.66406,493566.22312,0.5572444273352337,0.3399997321389819,0.44079835829676306,1,-1.9867549668874163,5.588585017835901,감소형,,0.0,,11.2,관찰,11.2
2026-09-30T09:23:45+09:00,JUP,KRW-JUP,JUPUSDT,446.0,-0.22371365,2963392402.251311,1790727818986,False,False,,3013990629.5411963,5136339493.234394,3529787836.045504,3701969898.403964,4706453927.904771,0.5867973940412693,0.7310721869476161,0.6605531692184026,1,-3.2467532467532423,8.495145631067968,감소형,6753599.85545,0.306,6902047.03762,10598449.74157,7087091.53458,5451753.66575,8128637.36874,0.6512317561452686,0.8949248892256045,0.9169142684783897,1,-2.6556506344054154,9.419568822553902,감소형,,0.0,,11.1,관찰,11.1
2026-09-30T09:23:45+09:00,MOODENG,KRW-MOODENG,,64.5,2.38095238,1377870779.1986144,1790727829007,False,False,,361685744.7290208,601812231.8803312,485690246.9347231,752950731.6651403,3895280204.393586,0.6009943393788332,0.5895598040788871,0.26339115518414835,1,-5.120481927710852,-5.829596412556059,감소형,,,,,,,,,,,,,,NO_DATA,,0.0,,11.1,관찰,11.1
2026-09-30T09:23:45+09:00,TRAC,KRW-TRAC,,515.0,1.17878193,1032343497.6461997,1790727806956,False,False,,729845864.3978401,1716502797.8294106,1435285095.374523,1057475282.7733263,3786212820.2565055,0.42519351865942817,0.5201712275177895,0.23203459478836988,1,2.208835341365467,1.3944223107569709,감소형,,,,,,,,,,,,,,NO_DATA,,0.0,,11.0,관찰,11.0
2026-09-30T09:23:45+09:00,IMX,KRW-IMX,IMXUSDT,225.0,0.44642856999999997,465167755.72907853,1790727786333,False,False,,464607231.8458094,1568509875.4383714,1151696682.1553848,734383159.4712043,695058425.5296264,0.29620931249537696,0.4034695317514079,0.41707244780220537,1,-0.8849557522123908,7.692307692307687,감소형,945786.793946,-5.118,938686.628492,3128121.173108,1686061.242208,922221.479567,1083131.136842,0.3000800085884625,0.49091032240389987,0.6130362565678009,1,-0.24169184290030454,8.761528326745726,감소형,,0.0,,11.0,관찰,11.0
2026-09-30T09:23:45+09:00,SUPER,KRW-SUPER,SUPERUSDT,260.0,0.0,204433637.00930458,1790727813963,False,False,,207680911.74512517,342618469.66427946,1948985384.0434065,665389665.6627365,255317218.9796544,0.6061579574172544,0.21070142059967328,0.24968022543672133,1,-6.810035842293905,9.243697478991585,감소형,1211038.0051,-0.052,1215686.6408,1986060.8911,4827810.9989,2746411.684,1502376.7698,0.6121094505449325,0.3814803080024204,0.47504194328446386,1,-6.155349291646317,10.085959885386831,감소형,,0.0,,11.0,관찰,11.0
2026-09-30T09:23:45+09:00,WAXP,KRW-WAXP,WAXPUSDT,8.32,-0.59737157,511231586.3335034,1790727819654,False,False,,490177241.35227627,1185790009.8443406,3247008281.521007,42462153497.91535,22824305048.547558,0.4133760929699704,0.03135799628635005,0.03506230945505031,1,-7.513812154696153,9.698558322411532,감소형,344727.64853,2.0,340659.97417,394939.74408,559065.29223,1877779.88597,2151077.76048,0.8625618952672311,0.36089602514274177,0.33261969456296164,1,-7.5187969924811915,9.625668449197855,중립,,0.0,,10.9,관찰,10.9
2026-09-30T09:23:45+09:00,ENA,KRW-ENA,ENAUSDT,335.0,-0.88757396,14927330350.05216,1790727825347,False,False,,15244514401.196398,31121668550.107548,32886600909.365326,42380982587.99021,58634115789.54371,0.4898360245901313,0.42986995700642994,0.3911553255833739,1,-7.901907356948223,10.457516339869288,감소형,42938050.384185,-2.876,42776563.593053,71001695.818066,55822219.623208,77584468.569489,122704831.401416,0.6024724212596727,0.6278103092503382,0.5698827841505266,1,-7.863501483679524,10.596616206589493,감소형,,0.0,,10.7,관찰,10.7
2026-09-30T09:23:45+09:00,DEEP,KRW-DEEP,,29.9,-0.9933774799999999,738732271.4592018,1790727793694,False,False,,826441924.2268783,2143454962.991837,6313913085.301114,1404081062.7881067,6620882322.359408,0.38556533190383885,0.25141596785148745,0.23326412969305116,1,-0.983606557377048,11.029411764705888,감소형,,,,,,,,,,,,,,NO_DATA,,0.0,,10.6,관찰,10.6
2026-09-30T09:23:45+09:00,SUI,KRW-SUI,SUIUSDT,1553.0,-0.57618438,42427386080.032646,1790727826356,False,False,,43139338689.81033,68654850783.94474,72150280824.74692,37959648415.27883,92344810108.28906,0.6283509205426555,0.7239570124052254,0.7229210554989495,1,-1.388888888888884,12.94287780187997,감소형,117664418.15045,-0.72,118157184.10957,207344898.20534,125595106.63793,88530369.46325,182822564.77106,0.5698581693220892,0.8410355126667001,0.8703344135537009,1,-0.9198762035763308,13.647569273247218,감소형,,0.0,,10.2,관찰,10.2
2026-09-30T09:23:45+09:00,MMT,KRW-MMT,MMTUSDT,243.0,-1.2195121999999998,1814470069.805039,1790727719161,False,False,,1831064978.318263,5028671809.963136,5015776659.559391,591563442.2212769,533076983.26801175,0.3641249712678478,0.5164713033923413,0.763598518632013,1,5.128205128205132,5.128205128205132,감소형,773402.47878,-0.334,783404.40789,1916806.01565,2011355.28126,460386.72111,379828.81436,0.40870302028155053,0.5355332137234665,0.7417834239558501,1,5.529685681024432,5.961426066627706,감소형,,0.0,,10.1,관찰,10.1
2026-09-30T09:23:45+09:00,KMNO,KRW-KMNO,KMNOUSDT,59.3,-0.8361204000000001,1196049224.7310247,1790727750080,False,False,,1203395424.147983,1959045896.533412,3981742006.335139,15492312873.99916,3889318693.153313,0.614276279222159,0.16843975633895897,0.2219721957019103,1,-12.18795888399412,15.667311411992246,감소형,1141663.43834,1.044,1154620.00501,2269163.18841,2208147.23103,4322522.20685,3491120.48963,0.5088307491093406,0.39362794295445136,0.39970102378242484,1,-12.010391686650678,16.02108036890646,감소형,,0.0,,9.6,관찰,9.6
2026-09-30T09:23:45+09:00,2Z,KRW-2Z,2ZUSDT,87.2,-1.35746606,2613916747.1848035,1790727810912,False,False,,2620478011.3151684,4444744136.350129,11479689720.476973,46377199389.2875,1816024776.7233481,0.5895677975891351,0.126183434114639,0.19115304283786969,1,-10.344827586206884,16.010498687664043,감소형,2248805.77415,-4.201,2261295.6006,3628614.58169,3276419.57963,14791129.08431,2270920.13317,0.6231842896764248,0.31267679566185036,0.4065745265433582,1,-10.283981251723183,16.338934572756525,감소형,,0.0,,9.5,관찰,9.5
2026-09-30T09:23:45+09:00,JST,KRW-JST,JSTUSDT,172.0,0.0,338576783.46632856,1790727700887,False,False,,349886433.5934584,981678918.7474205,642966590.6786553,423463884.27158016,650766518.5410441,0.3564163668095249,0.5125015802428994,0.5793914860190303,1,2.9940119760478945,10.967741935483865,감소형,4648102.286289,-1.772,4612523.586671,5393721.612773,2996951.766365,3086817.294195,5250594.680957,0.8551653047402323,1.2056268355036395,1.1874827860390444,1,3.5036258453515767,11.733661711672095,중립,,0.0,,9.5,관찰,9.5
2026-09-30T09:23:45+09:00,COW,KRW-COW,COWUSDT,217.0,-0.4587156,1189632179.8632057,1790727798977,False,False,,1147397001.667671,2296883565.9437156,19336877656.45499,336694762.9016514,307617798.7079198,0.49954513092449354,0.15667362604153776,0.25301269808148524,1,3.809523809523818,11.22448979591837,감소형,1110829.373,3.159,1101620.56137,1538842.08479,4700499.39913,425902.24064,409844.50155,0.7158762892297257,0.495835084309414,0.7165187933519971,1,4.601425793907965,12.239221140472868,감소형,,0.0,,9.2,관찰,9.2
2026-09-30T09:23:45+09:00,ELSA,KRW-ELSA,,75.0,-1.7038007899999998,3056478957.873053,1790727828019,False,True,거래량급등,5179491245.1649065,12785566159.191805,1295423297.4916577,2422830825.4513936,531986137.5683196,0.40510456718737203,0.9415076915442959,1.464826902111058,1,-4.625000000000002,-3.2953105196451338,감소형,,,,,,,,,,,,,,NO_DATA,,0.0,,7.3,관찰,7.3
2026-09-30T09:23:45+09:00,PROS,KRW-PROS,,924.0,1.0940919,4386870863.84355,1790727822325,False,False,,4430895402.688109,20150074274.72191,21214689552.952564,301890985.82830775,3316880068.8205247,0.21989474293137612,0.31902455974835325,0.4856053197442601,1,8.8095238095238,8.293838862559234,감소형,,,,,,,,,,,,,,NO_DATA,,0.0,,7.2,관찰,7.2
2026-09-30T09:23:45+09:00,DOGE,KRW-DOGE,DOGEUSDT,126.0,-0.7874015700000001,30090974208.357323,1790727825000,False,True,입금량급등,29422330175.083595,42470461673.928345,22124702805.776806,19016903217.669945,29534661002.031883,0.6927716115020548,1.0556728586682451,1.009147232586657,1,-3.053435114503822,-3.053435114503822,감소형,64404819.95606,-0.575,64180754.30915,105119995.1064,68807221.60588,50746561.78344,104142521.4922,0.6105475389737961,0.8569859118255667,0.7514898910077871,1,-2.9360074433991468,-1.9835055851341488,감소형,,0.0,,5.5,관찰,5.5
2026-09-30T09:23:45+09:00,ATOM,KRW-ATOM,ATOMUSDT,2328.0,-0.29978587,1983432962.824339,1790727776684,False,True,입금량급등,1966515423.853107,3303458517.173811,1352849862.5475645,1836383640.010355,1626712318.3985448,0.5952898798727791,0.9086440961053135,1.0707047031899124,1,-8.251473477406678,-3.9884868421052655,감소형,6915292.79623,-0.869,6888410.09964,5923038.9605,4273829.47847,4112897.81137,4767523.86585,1.1629857823961547,1.4441347215178302,1.5747539293898707,4,-7.659346545259771,-3.4173669467787104,연속 가속형,,0.0,,5.4,관찰,5.4
2026-09-30T09:23:45+09:00,ONDO,KRW-ONDO,ONDOUSDT,680.0,-0.43923864999999995,77202157678.76851,1790727827019,False,True,입금량급등,78403311211.69446,171542275731.96045,72093255782.74284,51648941979.017944,182249626730.641,0.4570494991811919,0.7965536787361247,0.5682751369103797,1,-6.693989071038253,-4.07303370786517,감소형,36766219.41769,-3.512,37004235.9351,83243111.42036,31087976.78357,23617885.69497,74727385.76855,0.4445321096689488,0.804737466816237,0.5577914607401219,1,-6.656749721085897,-3.831417624521072,감소형,,0.0,,5.0,관찰,5.0
2026-09-30T09:23:45+09:00,IRYS,KRW-IRYS,,21.6,-2.26244344,2987207657.143703,1790727805981,False,True,"거래량급등,입금량급등",3538800383.9578795,42373621636.32119,295724527.42604685,392244077.4361227,664229774.6971644,0.08351423001626425,0.2465399232218855,0.40136594268149833,1,-3.4934497816593746,-2.212389380530977,감소형,,,,,,,,,,,,,,NO_DATA,,0.0,,5.0,관찰,5.0
2026-09-30T09:23:45+09:00,KAITO,KRW-KAITO,KAITOUSDT,452.0,-0.87719298,1705630227.938747,1790727796645,False,True,입금량급등,1686293984.324753,2504874792.559625,1416279118.6572537,2665275256.7620263,1676299452.973401,0.6732049000347842,0.7680765744159085,0.7687088572279063,1,-6.938775510204087,-4.602510460251041,감소형,2450113.7833,0.331,2432824.35459,2800010.40681,1510200.046,2064985.68967,1959004.14913,0.8688626116078161,1.144823296515994,1.0316609220076831,1,-6.724090025006946,-4.085714285714282,중립,,0.0,,5.0,관찰,5.0
2026-09-30T09:23:45+09:00,BIRB,KRW-BIRB,,89.4,-0.44543430000000006,843111364.0638562,1790727826690,False,True,거래량급등,899203667.3209085,4273147890.4985576,945575304.2637004,688635563.5130193,1149334179.1552646,0.21043120677388877,0.4566526450054855,0.44612357998291735,1,-4.569606801275238,-4.772004241781547,감소형,,,,,,,,,,,,,,NO_DATA,,0.0,,5.0,관찰,5.0
2026-09-30T09:23:45+09:00,EUL,KRW-EUL,EULUSDT,1910.0,-0.36515389,796234723.1894988,1790727719818,False,True,"거래량급등,입금량급등",783865226.5347394,5880425340.432155,1410705228.3242621,2036415440.3273146,894530364.2578365,0.13330077012373612,0.25211300778512286,0.32217811734978763,1,-7.391304347826089,-1.9938650306748462,감소형,632565.16474,-0.071,630942.17462,2171678.31016,688931.24688,1280823.66631,558929.24953,0.2905320606961879,0.4570462498798653,0.5645477045451393,1,-7.109940750493737,-1.7409470752089096,감소형,,0.0,,5.0,관찰,5.0
2026-09-30T09:23:45+09:00,FCT2,KRW-FCT2,,12.6,-0.7874015700000001,135613055.5399499,1790727624011,False,True,거래량급등,166839381.10557035,2269860482.9498725,288300257.7328749,205599583.94292477,138354121.38492206,0.07350204224391302,0.18110041556678833,0.26858238269908785,1,-2.3076923076923106,-2.3076923076923106,감소형,,,,,,,,,,,,,,NO_DATA,,0.0,,5.0,관찰,5.0
2026-09-30T09:23:45+09:00,PENDLE,KRW-PENDLE,PENDLEUSDT,3150.0,0.19083969,815168667.188361,1790727721278,False,True,입금량급등,845927371.3113129,1602450644.534154,846343734.0356897,846850447.0221015,840140410.6259723,0.5278960535831237,0.7700411446728386,0.7807856610018212,1,-10.120068610634647,-11.111111111111116,감소형,4121633.6684,-2.197,4144994.0716,7629198.4231,4610249.7756,4088013.7924,6596483.8093,0.5433066282624943,0.761599213740521,0.6488948858255804,1,-9.501557632398761,-10.408635312259062,감소형,,0.0,,4.8,관찰,4.8
2026-09-30T09:23:45+09:00,AZTEC,KRW-AZTEC,,22.5,-2.17391304,4498336737.921967,1790727819668,False,True,"거래량급등,입금량급등",4379794921.130774,15295850150.397793,3835294598.569169,606107054.9573615,272637604.19872695,0.2863387701936182,0.6657150090561159,1.0808991629699332,1,-1.2875536480686733,3.139013452914785,감소형,,,,,,,,,,,,,,NO_DATA,,0.0,,4.7,관찰,4.7
2026-09-30T09:23:45+09:00,ARDR,KRW-ARDR,,42.2,-0.93896714,3185181320.1762233,1790727822002,False,True,거래량급등,3273884871.4973555,10956650434.700672,812298186.8629528,1498862910.8178852,1771026807.208894,0.29880344280480786,0.7402618427704728,1.0176598540849244,1,-2.517162471395884,1.670644391408116,감소형,,,,,,,,,,,,,,NO_DATA,,0.0,,4.7,관찰,4.7
2026-09-30T09:23:45+09:00,KAVA,KRW-KAVA,KAVAUSDT,93.3,0.43057051,537359638.2141136,1790727727193,False,True,"거래량급등,입금량급등",522799364.84567815,3075232259.915701,427000849.6386993,550013606.4540145,779215901.1626651,0.17000321298008536,0.38704407812611025,0.5033940167028221,1,-0.6417112299465177,-3.6307053941908696,감소형,855168.16277,0.586,838232.103283,1923729.608868,328051.907362,512856.563704,920190.918395,0.43573280746884663,0.9095933128104179,0.9603005924886223,1,-0.14562399883498722,-2.9440905874026924,감소형,,0.0,,4.7,관찰,4.7
2026-09-30T09:23:45+09:00,GAME2,KRW-GAME2,,1.42,0.0,715912190.8114368,1790727826024,False,True,거래량급등,901436683.2455019,12823381020.944473,359450489.8094554,121854175.78458758,137201729.71968195,0.07029633462291904,0.2032599727231953,0.33164202537838827,1,0.0,2.158273381294973,감소형,,,,,,,,,,,,,,NO_DATA,,0.0,,4.5,관찰,4.5
2026-09-30T09:23:45+09:00,BTT,KRW-BTT,,0.000504,-0.59171598,1108875231.599176,1790727795677,False,True,거래량급등,1921823471.5873723,5528203155.845686,1454488743.0162747,975497707.2225146,652159722.7495574,0.34763980581198056,0.7244700993746236,0.9495506265344148,1,1.603206412825653,-0.7827788649706457,감소형,,,,,,,,,,,,,,NO_DATA,,0.0,,4.4,관찰,4.4
2026-09-30T09:23:45+09:00,MEW,KRW-MEW,,0.734,11.71993912,5829289955.437978,1790727828474,False,False,,421626829.64375645,948006946.5910215,360970585.49299365,302168948.6895216,718124770.5072286,0.44475078074048113,0.7850809991677357,0.6967175673452374,1,-4.782608695652158,-2.377414561664193,감소형,,,,,,,,,,,,,,NO_DATA,,0.0,,3.6,관찰,3.6
2026-09-30T09:23:45+09:00,HP,KRW-HP,,13.0,-0.76335878,863175975.3636966,1790727801315,False,True,거래량급등,903489737.6223888,10241483531.33458,157915355.2603152,156035331.02008945,210304575.67215872,0.0882186389167248,0.2567842456299823,0.4154567077737562,1,1.5503875968992276,3.9682539682539764,감소형,,,,,,,,,,,,,,NO_DATA,,0.0,,3.6,관찰,3.6
2026-09-30T09:23:45+09:00,MON,KRW-MON,,36.1,-0.8241758199999999,2736591247.2199283,1790727817009,False,True,"거래량급등,입금량급등",2795614809.740239,8652974115.963469,1418302383.849408,1560777392.6524596,1586101106.285417,0.32308137898884265,0.7210114831614817,0.9505361466231161,1,0.0,6.74486803519061,감소형,,,,,,,,,,,,,,NO_DATA,,0.0,,3.5,관찰,3.5
2026-09-30T09:23:45+09:00,DOOD,KRW-DOOD,,2.45,2.51046025,1361476291.5238824,1790727813265,False,True,거래량급등,556007733.0980675,3001424968.476454,670634296.0259807,394752858.1263822,609833974.1386179,0.18524792021714315,0.4101549688053896,0.5362453826033405,1,-7.36434108527132,-6.274509803921557,감소형,,,,,,,,,,,,,,NO_DATA,,0.0,,3.0,관찰,3.0
2026-09-30T09:23:45+09:00,IOTA,KRW-IOTA,IOTAUSDT,69.6,-2.10970464,5261042981.06726,1790727821319,False,True,"거래량급등,입금량급등",5414772188.6904,19649358940.08074,1239698535.8889723,1526513158.1693034,1559266960.454715,0.2755699158024618,0.7246889597952518,1.075659116061947,1,2.155172413793105,8.384146341463406,감소형,3355811.8555,-5.872,3319125.6049,9145048.1787,1163520.2214,1256384.4243,993385.2837,0.3629423858729004,0.8609958869604466,1.23919413784071,1,1.7543859649122862,8.750000000000014,감소형,,0.0,,2.8,관찰,2.8
2026-09-30T09:23:45+09:00,ALGO,KRW-ALGO,ALGOUSDT,168.0,-1.75438596,10006220913.598484,1790727820966,False,True,"거래량급등,입금량급등",10291565037.981155,26834611515.894547,2848396924.686025,4804599451.429185,5397254106.955454,0.38351831670398157,0.8952402616795192,1.1776945391315987,1,6.211180124223592,10.322580645161295,감소형,15644802.2015,-8.13,16019069.5566,28783071.3892,3491556.6524,3382384.093,5331410.7496,0.5565448294239609,1.3477631969944952,1.7708466257202766,1,6.260575296108284,10.954063604240272,감소형,,0.0,,1.4,관찰,1.4
2026-09-30T09:23:45+09:00,SEI,KRW-SEI,SEIUSDT,99.4,-0.10050250999999999,10072876872.433395,1790727822658,False,True,입금량급등,10308325634.27267,22898113694.215786,10291383553.012356,9321732754.902367,20394772206.696033,0.4501823063651143,0.7274542962240369,0.7493078627541532,1,1.7382413087934534,16.784037558685448,감소형,11804970.48336,-3.466,11845052.463651,33064035.195206,10643171.503871,14069172.026541,22171877.136968,0.3582458218943715,0.615046463187156,0.6806877513338815,1,2.033143016293004,17.232000000000003,감소형,,0.0,,0.7,관찰,0.7
2026-09-30T09:23:45+09:00,GRT,KRW-GRT,GRTUSDT,39.6,-0.25188917,1286103727.5509164,1790727814650,False,True,입금량급등,1357947824.0735304,7040990001.6251135,9071361149.54614,731855728.3630054,1211123677.7500463,0.19286319448829012,0.24185427674664325,0.357220866480822,1,5.585106382978733,11.204481792717091,감소형,3059102.37937,-4.98,3078667.60887,8903797.89491,8625115.02899,1125552.21867,2674194.94095,0.34577015844328296,0.49510949555627776,0.659130608256206,1,5.758783049619698,11.238095238095248,감소형,,0.0,,0.6,관찰,0.6
2026-09-30T09:23:45+09:00,HBAR,KRW-HBAR,HBARUSDT,145.0,-1.36054422,29506859489.801365,1790727825001,False,True,거래량급등,30198576119.93635,98265617186.31361,8487655595.480886,8031553194.968876,10266904064.419823,0.3073157935056698,0.7892657203500829,1.136228599082109,1,14.84375,14.84375,감소형,87284353.03813,-15.844,87862955.48141,200128977.21502,11052489.19023,8082551.50232,17135320.24943,0.43903165200814176,1.2021528610104417,1.7481336750509902,1,9.529411764705875,10.011816521645711,감소형,,0.0,,0,관찰,0
2026-09-30T09:23:45+09:00,0G,KRW-0G,0GUSDT,442.0,-0.6741573,58729559773.21135,1790727826335,False,False,,59501435461.2376,8162433428.363627,2982387898.327439,4988616669.185425,2769289982.2243867,7.289668697875826,11.06424473378435,12.4889953123473,3,24.301675977653623,26.780626780626783,가속형,29269592.287939,9.577,29816546.45665,5348611.917574,1365956.573586,2584348.675674,1551855.682323,5.574632617984754,9.619360809986107,11.400888951402143,3,24.69558599695587,27.75828460038985,가속형,,0.0,,62.1,시동,62.1
2026-09-30T09:23:45+09:00,EDGE,KRW-EDGE,,148.0,-1.3333333299999999,3760709633.1952353,1790727825684,False,False,,3988499472.490327,5858490507.236139,22661913821.031116,50292055955.15759,14228712507.995514,0.6808066800763635,0.15182241963314855,0.2120752383420601,1,-22.27979274611399,27.118644067796605,감소형,,,,,,,,,,,,,,NO_DATA,,0.0,,7.0,시동,7.0
2026-09-30T09:23:45+09:00,ARK,KRW-ARK,ARKUSDT,339.0,-0.58651026,2799201322.2970166,1790727792676,False,False,,2858627602.1073933,5848018396.910383,26498691902.278065,55885811049.05972,52682106069.79903,0.4888198716368025,0.09719639284106722,0.09308889437284873,1,-3.9436619718309807,28.67924528301886,감소형,1113652.6545,3.398,1118463.7161,1982323.413,2379822.6635,8592370.0907,13545476.7111,0.5642185875246988,0.2590132356155172,0.1808871677447364,1,-3.7490436113236547,29.623905203503355,감소형,,0.0,,6.7,시동,6.7
2026-09-30T09:23:45+09:00,ARX,KRW-ARX,,368.0,0.0,13136260908.761955,1790727826343,False,False,,13190893496.064827,20648252157.757217,41713138805.01888,2571272303.087813,1526690452.5326693,0.6388382607536697,0.609441820153994,0.9252031558286413,1,19.09385113268609,6.666666666666665,감소형,,,,,,,,,,,,,,NO_DATA,,0.0,,4.9,시동,4.9
2026-09-30T09:23:45+09:00,CAP,KRW-CAP,,82.2,1.10701107,14065512455.684721,1790727826673,False,False,,11666947920.090324,22752317143.253166,8540514263.639539,5779228683.3535795,14867271133.308311,0.5127806476427378,0.9441299910246894,0.8881300538977966,1,15.8119658119658,18.686131386861305,감소형,,,,,,,,,,,,,,NO_DATA,,0.0,,2.5,시동,2.5
2026-09-30T09:23:45+09:00,PUMP,KRW-PUMP,PUMPUSDT,7.84,-2.0,23185983507.26169,1790727827353,False,False,,22835625014.268757,15401523372.512354,10436854627.000069,7077553989.372783,4101793198.247136,1.4826861253883696,2.0812679727840955,2.838140883815738,5,33.5559265442404,52.091254752851725,연속 가속형,79191589.402648,16.771,78454691.006376,94724451.395402,44401920.944388,32172533.501279,30642050.637338,0.8282411758595232,1.3739963595418325,1.7393366333232614,1,34.02366863905324,52.84194134440696,중립,,0.0,,60.8,이미 발동,60.8
2026-09-30T09:23:45+09:00,SOON,KRW-SOON,,563.0,0.71556351,95730109398.63705,1790727828422,False,False,,93994084071.06313,100084561806.51474,111059257121.1353,2942006336.9793057,307195966.51245296,0.9391466813110914,1.317145830951834,2.1895173116229656,1,79.16666666666667,107.03703703703704,중립,,,,,,,,,,,,,,NO_DATA,,0.0,,17.9,이미 발동,17.9
2026-09-30T09:23:45+09:00,EGLD,KRW-EGLD,EGLDUSDT,8035.0,5.5847569,25449953637.99829,1790727826977,True,True,"거래량급등,글로벌가격차이",26908856037.09215,64963389785.34979,1194750422.935048,2725265739.736606,8669285212.33961,0.41421570096640026,1.1719305542497667,0.7925374876977088,1,11.257309941520477,-1.040312093628093,감소형,394242.76691,-0.377,394219.44436,600079.5049,471722.15588,489103.46102,739418.72465,0.6569453566418578,0.7576747084513282,0.5989881704725216,1,-4.202037351443111,3.9373704812341703,감소형,,0.0,,0,유의종목,0
2026-09-30T09:23:45+09:00,MANTRA,KRW-MANTRA,MANTRAUSDT,7.03,-0.42492918,3722718578.619026,1790727824004,True,True,글로벌가격차이,4950163583.179074,15619143366.397055,1633788795.185256,4180910332.930153,38492457450.42491,0.3169292621917301,0.6928524716620119,0.3933835072172788,1,-2.6206896551724146,-3.683492496589369,감소형,508916.47114,-2.232,503319.77519,929807.34193,509941.64063,835752.80688,2186291.42177,0.541316197982756,0.6635720229170202,0.39644181874944256,1,-8.695652173913048,-6.9620253164556996,감소형,,0.0,,0,유의종목,0
2026-09-30T09:23:45+09:00,SAND,KRW-SAND,SANDUSDT,59.1,-0.33726813,1321415726.8479514,1790727823333,True,False,,1339064738.0489335,3579969741.9514084,1340190107.479589,2235041380.468845,5942227861.32193,0.37404359102739837,0.5614369302934381,0.4426136340923953,1,-2.9459901800327426,0.8503401360544283,감소형,1146638.79186,0.672,1137560.92803,1544738.28348,1293294.2342,1801513.63781,4095841.40309,0.7364101350989326,0.7355639258059227,0.5321378172122522,1,-2.6485644335633163,2.3876404494381998,감소형,,0.0,,0,유의종목,0
2026-09-30T09:23:45+09:00,RVN,KRW-RVN,RVNUSDT,3.21,-0.31055901,1257136819.2595942,1790727784346,True,True,거래량급등,1281993468.0942023,5840504512.602642,815590032.0764959,729312151.3701749,1294438833.3449526,0.21950046701066944,0.5207540440988773,0.6006413933846505,1,-4.4510385756676545,-4.733727810650878,감소형,661617.1248498,0.744,652248.0940935,967428.7159794,457867.6334544,441414.0288915,813387.625776,0.6742079114668215,1.048231319116559,0.9442322975084269,1,-5.762157744176544,-3.635603844546609,감소형,,0.0,,0,유의종목,0
2026-09-30T09:23:45+09:00,SOPH,KRW-SOPH,SOPHUSDT,5.06,-0.97847358,1062896713.794153,1790727745764,True,False,,1199294742.187595,4316474424.770483,1608623818.9112577,1412164280.628409,1791869991.560728,0.2778412714101426,0.49035784322042614,0.436349687558781,1,-4.664179104477617,-4.307116104868902,감소형,634820.05857,1.441,641273.01296,897236.45195,331077.18013,607166.49403,566674.12096,0.7147201961827293,1.048128504097301,0.9544230045505703,1,-8.785529715762275,-7.8328981723237545,감소형,,0.0,,0,유의종목,0
2026-09-30T09:23:45+09:00,ZIL,KRW-ZIL,ZILUSDT,4.38,-0.45454544999999996,790604288.45772,1790727814322,True,False,,906362299.6560632,1994243487.304348,464567523.5296199,753082291.889733,6935308182.743683,0.45448928650192466,0.8465682520220678,0.3709404910404436,1,-6.976744186046513,-5.172413793103436,감소형,241910.2968481,-1.379,245325.0313339,457823.2343961,410873.6653161,587220.3951316,852608.2694845,0.5358509854955273,0.5055061139861382,0.4513198773629425,1,-6.9139072847682055,-6.092998396579363,감소형,,0.0,,0,유의종목,0
2026-09-30T09:23:45+09:00,ICX,KRW-ICX,,18.7,-1.05820106,599557283.3856351,1790727829010,True,True,글로벌가격차이,646703746.5579331,2368889209.262423,573091450.0530171,490681587.1460156,1806613109.393738,0.27299873038777134,0.565191417149693,0.5335780933817742,1,-3.571428571428581,-5.025125628140703,감소형,,,,,,,,,,,,,,NO_DATA,,0.0,,0,유의종목,0
