scan_time_kst,coin,upbit_market,binance_symbol,upbit_price,upbit_price_24h_pct,upbit_24h_trade_krw,upbit_timestamp_ms,warning,caution_any,caution_types,upbit_D1_trade_krw,upbit_D2_trade_krw,upbit_D3_trade_krw,upbit_D4_trade_krw,upbit_D5_trade_krw,upbit_d1_vs_prev_x,upbit_d1_vs_3davg_x,upbit_d1_vs_5davg_x,upbit_rise_streak,upbit_price_3d_pct,upbit_price_5d_pct,upbit_supply_pattern,binance_24h_quote_usdt,binance_price_24h_pct,binance_D1_quote_usdt,binance_D2_quote_usdt,binance_D3_quote_usdt,binance_D4_quote_usdt,binance_D5_quote_usdt,binance_d1_vs_prev_x,binance_d1_vs_3davg_x,binance_d1_vs_5davg_x,binance_rise_streak,binance_price_3d_pct,binance_price_5d_pct,binance_supply_pattern,overseas_lead,overseas_lead_score,overseas_lead_reason,raw_signal_score,state,score
2026-09-30T05:44:03+09:00,FCT2,KRW-FCT2,,12.7,0.79365079,174398713.71088392,1790713745238,False,True,거래량급등,2269860482.9498725,288300257.7328749,205599583.94292477,138354121.38492206,203811181.51823166,7.873251660610778,10.770326240241575,10.694183939786686,4,-3.8167938931297662,-0.7874015748031482,연속 가속형,,,,,,,,,,,,,,NO_DATA,,0.0,,78.4,발사 전,78.4
2026-09-30T05:44:03+09:00,LAYER,KRW-LAYER,LAYERUSDT,108.0,-1.8181818200000002,1014107943.8171132,1790714484095,False,False,,2726176390.420811,1350579788.9927747,1026309590.0710856,670782290.8856579,672995809.8412343,2.0185230170324986,2.683533548545898,2.6387868809311468,4,0.917431192660545,6.796116504854366,연속 가속형,617393.371293,-1.003,913751.683328,666666.772354,423824.055424,334884.443716,311872.887143,1.3706273077050823,1.92318128762734,2.075159990358132,5,0.4975124378109319,8.310991957104562,연속 가속형,,0.0,,76.8,발사 전,76.8
2026-09-30T05:44:03+09:00,MMT,KRW-MMT,MMTUSDT,250.0,0.80645161,1869110295.4829895,1790714361334,False,False,,5028671809.963136,5015776659.559391,591563442.2212769,533076983.26801175,820621231.7090731,1.0025709179812001,2.456838879336453,3.0432839623461683,4,6.4377682403433445,7.826086956521738,연속 가속형,797707.18133,2.856,1916806.01565,2011355.28126,460386.72111,379828.81436,512169.90532,0.9529922602481395,2.0165790774728904,2.0787536233268162,1,5.729166666666652,9.466746554823246,중립,,0.0,,74.3,발사 전,74.3
2026-09-30T05:44:03+09:00,ORDER,KRW-ORDER,,54.6,-1.6216216200000002,382550290.9414705,1790714595382,False,False,,1197897697.5439727,377982601.58873856,265090775.66663578,376222869.586265,334430854.7156139,3.1691873978033978,3.5256610664144277,3.2409722542037764,3,-2.1164021164021163,4.12757973733584,가속형,,,,,,,,,,,,,,NO_DATA,,0.0,,74.3,발사 전,74.3
2026-09-30T05:44:03+09:00,SUN,KRW-SUN,SUNUSDT,23.2,-1.2765957399999999,684225411.1083138,1790714606252,False,False,,1137859831.2689235,985362355.1879239,377744687.9281972,326224635.72143286,273408579.08883953,1.1547628395565366,2.0206686091127404,2.196486357118433,5,0.42735042735042583,0.42735042735042583,연속 가속형,920649.35734,-0.872,1595393.89484,950915.03817,385648.88753,493542.55529,704271.45937,1.677745992859967,2.6152476559347,2.2202044141669486,3,0.28985507246375164,1.1695906432748426,가속형,,0.0,,71.9,발사 전,71.9
2026-09-30T05:44:03+09:00,BTT,KRW-BTT,,0.000506,0.0,1945063724.6072214,1790714404129,False,True,거래량급등,5528203155.845686,1454488743.0162747,975497707.2225146,652159722.7495574,1509297891.038131,3.800787859231874,5.380864026788571,1.773785278173739,4,-0.19723865877709912,0.7968127490040056,연속 가속형,,,,,,,,,,,,,,NO_DATA,,0.0,,70.7,발사 전,70.7
2026-09-30T05:44:03+09:00,ENSO,KRW-ENSO,ENSOUSDT,1330.0,-1.4084507,721067227.5019454,1790714569854,False,False,,3850046780.28065,1380392368.329186,989498714.8799146,1338022387.9962344,1617665543.691993,2.789095961853738,3.114997270172903,2.4798653228497862,3,-3.917378917378922,-0.44280442804428555,가속형,312187.93727,-1.505,1202506.23714,496106.43939,531882.46992,573191.98687,1118675.56938,2.423887580694521,2.253036318398876,1.3898327331607856,2,-4.523580365736279,0.6085192697768749,고수준 유지형,,0.0,,70.3,발사 전,70.3
2026-09-30T05:44:03+09:00,XAUT,KRW-XAUT,XAUTUSDT,5675000.0,1.03257967,932881089.94539,1790714626751,False,False,,1843915966.6392,438137192.50183,334279266.59118,1166787719.07099,682561611.69144,4.208535587015929,2.8525866240423166,2.6331343927226856,3,-3.0716134598792078,-4.6187807777211765,가속형,40795662.214685,1.576,83240257.592052,7518921.844691,4543273.962046,29956065.870609,28922590.27496,11.070770425792725,5.943148593193518,4.3298066945079565,3,-3.570911840342772,-3.667801999771536,가속형,,0.0,,68.2,발사 전,68.2
2026-09-30T05:44:03+09:00,SKY,KRW-SKY,SKYUSDT,112.0,3.7037037,1011587891.5631858,1790714219708,False,False,,1440338225.1071994,678908052.5319871,569418022.7821141,468139735.9796117,542916176.2963797,2.1215512464986372,2.5173904699359078,2.1414368388044838,4,4.854368932038833,12.38293444328824,연속 가속형,6300920.4011,6.233,7091214.80052,4456765.84562,2948962.05844,2793431.14192,3487512.6418,1.5911122652963858,2.085823380697746,1.6448444415225858,4,2.8067885117493363,12.548234957839078,연속 가속형,,0.0,,67.5,발사 전,67.5
2026-09-30T05:44:03+09:00,DOOD,KRW-DOOD,,2.42,1.2552301300000002,553077831.6257622,1790714420152,False,True,거래량급등,3001424968.476454,670634296.0259807,394752858.1263822,609833974.1386179,507619830.13701385,4.475501754476596,5.374976922966163,4.299201045609748,3,-6.640625,-4.016064257028118,가속형,,,,,,,,,,,,,,NO_DATA,,0.0,,67.0,발사 전,67.0
2026-09-30T05:44:03+09:00,SAFE,KRW-SAFE,,146.0,-2.01342282,229243117.69369957,1790714122837,False,False,,592718298.4574497,387007161.44240797,293923422.0594258,228781778.53233784,642112008.6655991,1.5315434893978166,1.9546342004150496,1.5226778912990782,4,-6.2893081761006275,2.758620689655178,연속 가속형,,,,,,,,,,,,,,NO_DATA,,0.0,,66.6,발사 전,66.6
2026-09-30T05:44:03+09:00,POKT,KRW-POKT,,12.0,-0.8264462800000001,497005556.89394885,1790714457119,False,False,,941122357.673878,640579899.9761405,530477166.2463315,389865355.95711,437220023.1756466,1.4691724759221008,1.8087811622817531,1.6067718266104,4,-3.200000000000003,0.0,연속 가속형,,,,,,,,,,,,,,NO_DATA,,0.0,,66.5,발사 전,66.5
2026-09-30T05:44:03+09:00,IMX,KRW-IMX,IMXUSDT,225.0,-5.85774059,444511354.8425432,1790714643125,False,False,,1568509875.4383714,1151696682.1553848,734383159.4712043,695058425.5296264,1420214291.307391,1.3619122983865217,1.8230443855684877,1.705925851601093,4,9.633027522935777,19.500000000000007,연속 가속형,1064438.91383,-2.627,3128121.173108,1686061.242208,922221.479567,1083131.136842,836509.928384,1.855283245234636,2.5422138721773884,2.831441263711176,3,8.364312267657992,20.288858321870705,가속형,YES,6.9,Binance D2 선행→Upbit D1 확산,66.4,발사 전,66.4
2026-09-30T05:44:03+09:00,ALT,KRW-ALT,ALTUSDT,10.3,0.98039216,457154294.4310254,1790711054757,False,False,,371176465.46272284,193897019.53793445,184067916.77096668,151369530.6561429,203614084.65303737,1.9142969105314434,2.103640450191397,1.303946727163582,4,-7.272727272727275,0.990099009900991,연속 가속형,648581.02098,3.36,752242.4751,611606.01679,1399402.72688,732118.38666,697349.20714,1.22994616542219,0.8226842279192924,0.830942771060436,2,-6.922126081582192,2.0325203252032464,중립,,0.0,,66.3,발사 전,66.3
2026-09-30T05:44:03+09:00,BREV,KRW-BREV,BREVUSDT,118.0,2.60869565,203703952.37716922,1790714550816,False,False,,600571775.5594938,312734147.50547904,291500795.6545754,238577412.48295832,424146050.858519,1.9203907867111694,2.1377419476769366,1.3862894411599775,4,-7.9999999999999964,-0.8620689655172376,연속 가속형,179790.35921,2.976,331395.3849,228717.56897,163942.35967,258923.4015,198807.07642,1.4489284159166096,1.5258004751079006,1.339017154289302,3,-7.491856677524433,0.4716981132075526,가속형,,0.0,,65.9,발사 전,65.9
2026-09-30T05:44:03+09:00,AHT,KRW-AHT,,1.64,-1.20481928,148549098.68610734,1790713195411,False,False,,396359507.10894114,343667660.808783,239721415.9712518,163901230.7816942,136327190.98387405,1.153322096632991,1.5911868644550848,1.6716956777160341,5,0.60606060606061,3.105590062111796,연속 가속형,,,,,,,,,,,,,,NO_DATA,,0.0,,65.2,발사 전,65.2
2026-09-30T05:44:03+09:00,HP,KRW-HP,,12.9,-5.14705882,991179459.1217242,1790714522651,False,True,거래량급등,10241483531.33458,157915355.2603152,156035331.02008945,210304575.67215872,107713490.87238023,64.85426014748236,58.60589835488156,58.01375597280089,3,6.25,9.677419354838701,가속형,,,,,,,,,,,,,,NO_DATA,,0.0,,63.7,발사 전,63.7
2026-09-30T05:44:03+09:00,MEGA,KRW-MEGA,MEGAUSDT,56.9,-0.5244755200000001,633649258.861558,1790714580686,False,False,,1160352554.0216484,904424928.8728448,680991238.7441318,581382344.569024,730792229.8956327,1.2829727675327989,1.6065442368026357,1.3548725743937795,4,-9.062003179650235,-4.666666666666663,연속 가속형,1358671.920501,0.119,2062441.294633,1415751.092026,1387680.45736,1945548.435377,1934186.230112,1.4567824148251645,1.3028742811616167,1.0347732031294414,3,-9.262841177734792,-3.253895508707605,중립,,0.0,,63.6,발사 전,63.6
2026-09-30T05:44:03+09:00,GAME2,KRW-GAME2,,1.42,-5.9602649,979623282.5617926,1790714537328,False,True,거래량급등,12823381020.944473,359450489.8094554,121854175.78458758,137201729.71968195,148620032.5038228,35.67495770486262,62.198456401279756,59.33530478252195,3,7.857142857142874,10.21897810218977,가속형,,,,,,,,,,,,,,NO_DATA,,0.0,,63.0,발사 전,63.0
2026-09-30T05:44:03+09:00,VANA,KRW-VANA,VANAUSDT,1443.0,-2.5,701549984.4847906,1790714093753,False,False,,742746115.2827972,570330580.8217007,520481662.09814745,410509430.81426674,515170172.2216138,1.3023080652850314,1.4841844921257124,1.3257195248806535,4,-5.0673508659397015,-1.2016021361815787,연속 가속형,349673.92861,-1.576,314543.89422,287243.71728,409379.6077,296423.7553,328720.89863,1.0950418592215485,0.9502386154681943,0.73045960246405,2,-5.7044079515989665,0.18365472910928382,중립,,0.0,,62.5,발사 전,62.5
2026-09-30T05:44:03+09:00,CRO,KRW-CRO,,93.9,-0.9493670900000001,4410704422.487616,1790714645039,False,False,,6181793882.307962,1896859861.1642115,1553539679.0051122,3860025378.5829763,1525639968.9601104,3.2589618289006554,2.5368404508679507,2.6936307693592876,3,5.2164261931187506,12.455516014234869,가속형,,,,,,,,,,,,,,NO_DATA,,0.0,,62.2,발사 전,62.2
2026-09-30T05:44:03+09:00,BIRB,KRW-BIRB,,89.9,0.8978675599999999,914331082.3359389,1790714490890,False,True,거래량급등,4273147890.4985576,945575304.2637004,688635563.5130193,1149334179.1552646,3021273209.924191,4.519098448564039,4.605437833896465,2.3893949651857826,3,-4.29645542427497,-7.380457380457384,가속형,,,,,,,,,,,,,,NO_DATA,,0.0,,62.2,발사 전,62.2
2026-09-30T05:44:03+09:00,WCT,KRW-WCT,WCTUSDT,56.1,-0.53191489,414087991.23631597,1790714613661,False,False,,863406033.019258,734146555.6611935,672667242.9781916,437472528.51433104,451220702.5853356,1.1760676752636259,1.4044555126400864,1.3863924750929042,4,-4.890387858347389,0.3558718861209842,연속 가속형,442351.952931,1.051,555394.801332,884896.550629,714658.11011,549165.873911,660777.316205,0.6276381131073634,0.7754309493148679,0.7493506702733901,1,-5.253581987718903,1.65934602244997,감소형,,0.0,,62.1,발사 전,62.1
2026-09-30T05:44:03+09:00,BLEND,KRW-BLEND,,90.8,0.8888888899999999,275830834.0768053,1790714272908,False,False,,828099345.0700777,703250963.5124041,496851075.13511527,444289202.3914961,515476211.5431836,1.17753033843582,1.5107706567693213,1.3385463063466452,4,-5.263157894736848,-4.559915164369032,연속 가속형,,,,,,,,,,,,,,NO_DATA,,0.0,,62.1,발사 전,62.1
2026-09-30T05:44:03+09:00,MBL,KRW-MBL,MBLUSDT,1.12,0.0,272001511.021054,1790713019629,False,False,,1067697084.21981,312702944.4419855,319658586.47516066,320329527.38805723,222326450.02686757,3.414413273674484,3.3621510611819874,2.991178455652871,2,-3.44827586206895,1.81818181818183,고수준 유지형,376048.667429,-0.364,333294.087574,162693.17996,171838.523289,242830.114059,179429.759492,2.0486051576098285,1.731812241038104,1.339657546738589,2,-3.169014084507038,2.739726027397249,고수준 유지형,,0.0,,60.6,발사 전,60.6
2026-09-30T05:44:03+09:00,TREE,KRW-TREE,TREEUSDT,61.5,-1.6,1298821168.3721888,1790714580324,False,False,,2524996315.048991,1899662970.9883165,1822910803.6530046,1736925099.6178071,2060314882.9458199,1.3291812040402826,1.3874879580728778,1.0824796825678142,4,-3.9938556067588227,-5.873493975903621,연속 가속형,418506.06691,0.0,701387.91214,479485.17256,497174.69671,398941.86128,635977.87179,1.4627937468748993,1.5296314984851778,1.1376118427151913,2,-4.374999999999996,-5.165289256198335,고수준 유지형,,0.0,,60.5,발사 전,60.5
2026-09-30T05:44:03+09:00,SLX,KRW-SLX,,87.4,-1.9079685700000002,3597959517.835091,1790714633824,False,False,,7015259727.114234,6586882409.107595,4607809296.074293,3562415701.9781637,4986684453.448385,1.0650349120267164,1.4261452871943878,0.9028281200673731,4,-7.090719499478637,-11.782178217821793,연속 가속형,,,,,,,,,,,,,,NO_DATA,,0.0,,60.4,발사 전,60.4
2026-09-30T05:44:03+09:00,BSB,KRW-BSB,,137.0,3.0075187999999997,832711366.9986268,1790714170705,False,False,,861941792.69393,405612041.3579212,373641532.7804729,394155605.7648663,336563707.6749792,2.125039951497232,2.203685996640127,2.0523107986122247,3,-13.636363636363635,-8.904109589041099,가속형,,,,,,,,,,,,,,NO_DATA,,0.0,,58.5,발사 전,58.5
2026-09-30T05:44:03+09:00,MET2,KRW-MET2,,452.0,0.8928571399999999,1162313687.0480292,1790714603963,False,False,,2474926328.772637,849874054.7980781,846374243.0733413,1242903949.3253098,2833595948.7933507,2.912109523523054,2.5261634518590967,0.4520165783079021,3,-7.628865979381438,-4.680851063829783,가속형,,,,,,,,,,,,,,NO_DATA,,0.0,,57.5,발사 전,57.5
2026-09-30T05:44:03+09:00,LA,KRW-LA,LAUSDT,92.8,0.8695652200000001,3021666167.5507846,1790714628998,False,False,,6647412190.950571,3273346362.0892315,2722968081.139513,3471991488.9506016,4287843837.590035,2.030769572061975,2.1062095707190096,1.530764198445552,3,-8.910891089108908,-6.882591093117407,가속형,801867.53364,1.788,1144764.21356,943480.23966,1226975.31185,1088093.06814,1002037.29086,1.2133420133658934,1.0539332204436702,0.8625025923561225,2,-9.638554216867467,-5.988857938718661,중립,,0.0,,56.8,발사 전,56.8
2026-09-30T05:44:03+09:00,YGG,KRW-YGG,YGGUSDT,35.6,0.0,177787249.682441,1790714158547,False,False,,458022210.0193718,278737695.7942525,177976937.57138267,250310838.7989945,196446736.3572445,1.64320153653511,1.9434471375568294,1.6255357139972917,3,-5.319148936170215,0.0,가속형,288248.074856,0.81,502236.963736,360617.937555,385825.765874,406438.397931,451176.125515,1.3927120961901702,1.3069080432687827,1.0639170794073456,2,-5.503597122302151,1.506955177743441,중립,,0.0,,56.7,발사 전,56.7
2026-09-30T05:44:03+09:00,HYPER,KRW-HYPER,HYPERUSDT,97.9,-1.6080402,356128041.3827068,1790714560597,False,False,,771847948.7914499,414976004.8280189,391849242.9942492,473711409.81540173,449491196.5298366,1.8599821189934385,1.8082604918519538,1.569705457371001,3,-3.398058252427183,0.0,가속형,406404.44805,-0.826,749052.23898,414802.20092,457223.40317,514442.03721,509024.91747,1.8058058450959487,1.6207783362567252,1.3853036764554965,2,-3.937007874015752,0.8264462809917328,고수준 유지형,,0.0,,55.3,발사 전,55.3
2026-09-30T05:44:03+09:00,GMT,KRW-GMT,GMTUSDT,11.5,0.0,916252637.5521291,1790714279469,False,False,,1255834302.9223845,817101758.9552699,554838614.0873101,791769948.2832922,561574738.2633239,1.5369374611652644,1.7412233382787181,1.5872578515983282,3,-4.958677685950407,1.7699115044247815,가속형,410547.870159,1.074,564739.650448,530674.933593,327583.309601,525726.124439,477933.709214,1.0641913056348082,1.2241604681139482,1.1057334684596707,3,-5.580357142857128,3.5495716034271707,중립,,0.0,,54.5,관찰,54.5
2026-09-30T05:44:03+09:00,ETH,KRW-ETH,ETHUSDT,3652000.0,0.0,90123359734.01556,1790714645044,False,False,,102509171733.25249,52618705914.91758,33503538009.07183,83710519127.93227,73617700334.64021,1.9481507564820364,1.8107667194093722,1.397630447444446,3,0.27457440966502933,-0.9224091155724312,가속형,824819515.836254,0.451,779141918.865414,413981188.407887,232408625.067851,632500185.266342,713406122.987247,1.8820708299859796,1.8276988317176153,1.3477672990780978,3,-0.1077422063374689,0.14899188366712668,가속형,,0.0,,54.4,관찰,54.4
2026-09-30T05:44:03+09:00,A,KRW-A,AUSDT,129.0,-0.76923077,571284720.0114576,1790714459054,False,False,,958351083.7494037,515992381.3725983,421954743.427924,608212345.2589536,716662038.5041709,1.8572969647344038,1.8594804138396002,1.439335550661337,3,-6.474820143884896,3.1746031746031855,가속형,448756.09688,0.635,1254453.60009,719008.46776,353520.72727,592476.24542,595297.70272,1.744699341300008,2.2602693714039033,2.162941739039233,3,-6.933593750000011,3.925845147219187,가속형,,0.0,,54.4,관찰,54.4
2026-09-30T05:44:03+09:00,MEW,KRW-MEW,,0.646,0.46656299,443011867.12720656,1790714602316,False,False,,948006946.5910215,360970585.49299365,302168948.6895216,718124770.5072286,696537551.3472297,2.626272014093021,2.0589982888263236,0.8289797456407937,3,-6.9464544138929,-1.8320610687022953,가속형,,,,,,,,,,,,,,NO_DATA,,0.0,,54.1,관찰,54.1
2026-09-30T05:44:03+09:00,FF,KRW-FF,FFUSDT,168.0,0.0,1424194029.101798,1790714586033,False,False,,2907244678.2037406,745571393.9605957,889832595.3579551,1198618355.500902,2408375112.317738,3.8993511577207745,3.077510680377807,1.8295348583476636,2,-7.692307692307687,-6.145251396648044,고수준 유지형,1531093.703093,2.281,1812023.614317,721604.379432,578409.318016,1538592.615785,2515856.141719,2.511103959406825,1.915049233001827,0.9567215140633094,3,-8.21692686935086,-6.041140934465094,가속형,,0.0,,53.8,관찰,53.8
2026-09-30T05:44:03+09:00,USDT,KRW-USDT,,1357.0,-0.14716702999999998,78694476765.22873,1790714630586,False,False,,99235751784.747,46114573562.700485,43538457052.93687,75080233054.15648,92011396310.42532,2.1519390534929133,1.8072078991343983,1.1655006173250704,3,0.44345898004434225,-1.0196649672250535,가속형,,,,,,,,,,,,,,NO_DATA,,0.0,,53.1,관찰,53.1
2026-09-30T05:44:03+09:00,TIA,KRW-TIA,TIAUSDT,608.0,-0.32786885,766655883.3704942,1790714581053,False,False,,1136705335.2782269,657274427.7845945,576569801.7672564,853178412.7350194,743116126.490192,1.7294227300301328,1.6339621510277536,1.315813411552709,3,-8.682634730538918,-3.4810126582278444,가속형,10282773.75542,0.313,6903543.689051,3908474.913296,4994412.127718,8034127.33786,7443907.012376,1.766301138473797,1.2228029453045712,0.9110603854083353,2,-9.337105901374299,-2.6898047722342833,중립,,0.0,,52.7,관찰,52.7
2026-09-30T05:44:03+09:00,CAP,KRW-CAP,,80.9,5.06493506,11634313077.485397,1790714645370,False,False,,22752317143.253166,8540514263.639539,5779228683.3535795,14867271133.308311,13743323410.678299,2.664045330398789,2.338606862694691,1.7768351332551995,3,9.219858156028371,5.6241426611796985,가속형,,,,,,,,,,,,,,NO_DATA,,0.0,,52.1,관찰,52.1
2026-09-30T05:44:03+09:00,BTC,KRW-BTC,BTCUSDT,113493000.0,-0.00352432,95454340453.7028,1790714644406,False,False,,134347415261.73451,72287952928.79047,62950265085.00601,128171834220.45271,103868241728.45888,1.8585035240115,1.5300943998400642,1.281214508385613,3,-0.14077443536253398,-2.080098008765574,가속형,1104879969.5016146,0.17,1746910498.4279687,813976178.3611975,677578219.0470139,1520256978.6934962,1572042147.6733966,2.1461445001315345,1.7400596653789016,1.3496763493759614,3,-0.7134126888719172,-1.0635255030948865,가속형,,0.0,,51.6,관찰,51.6
2026-09-30T05:44:03+09:00,ID,KRW-ID,IDUSDT,51.1,-0.7766990300000001,676342533.6666576,1790714454237,False,False,,1557882123.1473405,955521246.9697388,834450945.4440094,1189977621.8235424,985741626.155564,1.6304002952188443,1.5683641204669845,1.350370446718226,3,-2.6465028355387443,3.206412825651306,가속형,344403.801,0.267,535159.3276,271982.9593,333821.0311,312879.7005,337655.8608,1.9676207986608225,1.747585157658751,1.3979658287769787,2,-3.57142857142857,3.8461538461538325,고수준 유지형,,0.0,,51.6,관찰,51.6
2026-09-30T05:44:03+09:00,SNT,KRW-SNT,,11.4,0.88495575,287243687.6560528,1790714341749,False,False,,723669568.560577,393098547.9477693,381811145.2782115,523397839.59426653,395290027.1079964,1.8409367634111191,1.6721837090213594,1.0436236636209846,3,-8.130081300813007,-5.042016806722682,가속형,,,,,,,,,,,,,,NO_DATA,,0.0,,50.9,관찰,50.9
2026-09-30T05:44:03+09:00,JST,KRW-JST,JSTUSDT,173.0,-2.25988701,364576022.7995179,1790714604606,False,False,,981678918.7474205,642966590.6786553,423463884.27158016,650766518.5410441,320554317.893869,1.5267961554755938,1.7150255721416259,2.045965490637791,3,7.92682926829269,16.447368421052634,가속형,4737089.381093,-0.125,5393721.612773,2996951.766365,3086817.294195,5250594.680957,2693348.122049,1.7997358760681825,1.4276200417892448,1.604394284132965,2,6.603850880786566,17.491421347299973,고수준 유지형,,0.0,,50.6,관찰,50.6
2026-09-30T05:44:03+09:00,XEC,KRW-XEC,XECUSDT,0.0114,-1.7241379300000002,701251838.5246066,1790713888638,False,False,,1209586130.9773533,746570673.74713,726006029.491558,917789131.0954138,1804505048.3327699,1.6201897201591,1.5180765809192318,0.44066858905439443,3,-6.451612903225811,-4.132231404958686,가속형,351165.81750233,1.079,470270.6228853,385314.01100303,601111.05504357,398455.12504319,886503.58374443,1.2204866925578834,1.0187248526861403,0.6239755288567499,2,-7.4074074074074066,-2.7459954233409523,중립,,0.0,,50.1,관찰,50.1
2026-09-30T05:44:03+09:00,1INCH,KRW-1INCH,1INCHUSDT,138.0,0.0,428989067.9757863,1790714147815,False,False,,736676280.518855,261708655.09498495,306865123.6683576,325141851.0759618,418180490.8950451,2.814871675724613,2.472854639404641,2.017551208842935,2,-1.4285714285714235,2.2222222222222143,고수준 유지형,947704.58336,1.594,1006533.56184,448626.07704,415697.09215,690369.47943,488621.53171,2.243591296522552,1.9422492852206539,1.789258974887326,3,-2.0289855072463725,3.258655804480659,가속형,,0.0,,49.4,관찰,49.4
2026-09-30T05:44:03+09:00,ASTR,KRW-ASTR,ASTRUSDT,10.1,-1.94174757,392923769.2095622,1790714534777,False,False,,441332219.1243052,289142569.1020807,253700353.68204862,322340237.87975264,300161724.2520527,1.5263481281737332,1.5303079365957282,1.1641984894415243,3,0.9803921568627638,8.53530031612224,가속형,376808.8474771,-1.213,595716.3735668,352918.9245235,421552.236138,381421.9157769,322074.4432977,1.6879694801606842,1.5461197554769168,1.4596598835696943,2,1.4643237486688054,10.559907165651294,고수준 유지형,,0.0,,48.8,관찰,48.8
2026-09-30T05:44:03+09:00,TOSHI,KRW-TOSHI,,0.165,0.0,669321350.8184083,1790714629330,False,False,,953485552.6823546,372061558.5677266,401168339.80022264,375750547.4203052,551199581.3500766,2.56270912897547,2.4895607828074535,1.7405003626218798,2,-5.714285714285705,-4.06976744186045,고수준 유지형,,,,,,,,,,,,,,NO_DATA,,0.0,,48.6,관찰,48.6
2026-09-30T05:44:03+09:00,BOUNTY,KRW-BOUNTY,,19.9,0.0,176503517.66643998,1790714447223,False,False,,441451198.7906743,199431661.9274251,214269109.43335652,160304521.96869004,93487629.62447628,2.2135462068772322,2.3072149538730145,2.2483606353076846,2,1.5306122448979442,3.1088082901554293,고수준 유지형,,,,,,,,,,,,,,NO_DATA,,0.0,,48.5,관찰,48.5
2026-09-30T05:44:03+09:00,AGLD,KRW-AGLD,AGLDUSDT,281.0,-4.745762709999999,1035063383.138794,1790714608237,False,False,,779252246.4075727,244799300.08882564,391886313.2874657,363038766.0179357,472344061.63764673,3.183229062030898,2.338401250792002,1.9370338030316427,2,-4.2207792207792245,2.430555555555558,고수준 유지형,427507.5953,-3.22,397404.81249,148869.71918,213964.41281,212252.08316,291713.70059,2.669480500661747,2.073105572803608,1.5694135365547333,2,-4.718217562254257,4.154727793696278,고수준 유지형,,0.0,,47.9,관찰,47.9
2026-09-30T05:44:03+09:00,SIGN,KRW-SIGN,SIGNUSDT,17.0,-1.1627907,1559480294.772242,1790714533822,False,False,,1517995582.4492009,1109105485.6723983,586277738.0114946,1541002300.8490715,489528796.0384107,1.3686665534152613,1.4071212199000236,1.6061091157680965,3,-4.444444444444451,0.5847953216374213,고수준 유지형,687401.65283,0.08,851254.482,737698.21107,288424.60207,646766.98478,497346.44753,1.153933233436057,1.5265580848034583,1.5028984913422025,3,-5.310396409872853,1.0375099760574713,가속형,,0.0,,47.2,관찰,47.2
2026-09-30T05:44:03+09:00,O,KRW-O,,761.0,5.4016620500000005,1228987274.7180629,1790714439979,False,False,,652675738.3301406,397370220.7605367,313539216.55735785,561088405.3306783,672369495.7150644,1.6424877965967566,1.539332182288445,1.2447885926109639,3,-2.826379542395696,-3.9893617021276584,가속형,,,,,,,,,,,,,,NO_DATA,,0.0,,47.2,관찰,47.2
2026-09-30T05:44:03+09:00,NCT,KRW-NCT,,14.1,1.43884892,583652033.1105508,1790714527948,False,False,,859890383.8053346,392299666.82538277,465134700.00733536,314112406.86464876,373800609.8509307,2.191922289314821,2.2019361150000334,2.0366755110472194,2,-3.472222222222221,-2.1126760563380254,고수준 유지형,,,,,,,,,,,,,,NO_DATA,,0.0,,46.6,관찰,46.6
2026-09-30T05:44:03+09:00,DOGE,KRW-DOGE,DOGEUSDT,128.0,0.7874015700000001,29845423722.21963,1790714640841,False,True,입금량급등,42470461673.928345,22124702805.776806,19016903217.669945,29534661002.031883,32631455221.62486,1.9195946741865033,1.8027463869286349,1.2583986167726253,3,-5.223880597014929,-0.78125,가속형,64384032.64261,0.309,105119995.1064,68807221.60588,50746561.78344,104142521.4922,98207104.29953,1.527746545391928,1.4097684156483021,1.0223514617081535,3,-5.062140042437102,1.3373597929249303,고수준 유지형,,0.0,,45.1,관찰,45.1
2026-09-30T05:44:03+09:00,BLUR,KRW-BLUR,BLURUSDT,26.7,-1.11111111,689112855.1021057,1790714646013,False,False,,1766536303.9048116,833666587.5044135,969628729.7145889,1022404853.1101134,433045591.72313356,2.1189961675121824,1.8755029168919848,2.0500244883577508,2,-5.594405594405593,1.5037593984962294,고수준 유지형,207320.849797,0.0,437942.213733,194688.630196,419150.937922,268239.559108,186274.266864,2.2494493555792543,1.4894657413907728,1.556480322742758,2,-5.860113421550106,2.892561983471076,고수준 유지형,,0.0,,44.9,관찰,44.9
2026-09-30T05:44:03+09:00,KAT,KRW-KAT,KATUSDT,6.64,0.0,417279804.4406796,1790714356422,False,False,,1025208328.5463567,776008678.4990764,590267839.1414254,702462335.4967556,1499218082.5611184,1.3211299782487895,1.4867149524333931,0.9057250197770166,3,-4.871060171919783,-1.0432190760059634,고수준 유지형,539891.30966,0.411,802395.99511,396609.88487,510257.38691,656576.01203,769216.82778,2.02313665322035,1.539670808821318,1.15231538850262,2,-5.394990366088626,0.20408163265306367,고수준 유지형,,0.0,,44.9,관찰,44.9
2026-09-30T05:44:03+09:00,ME,KRW-ME,MEUSDT,104.0,0.97087379,2136576310.3346477,1790714611117,False,False,,1450251751.6714628,1007617610.4761986,1000264784.6709626,1055329044.3443562,889174117.4091609,1.4392878177129873,1.420324826070968,1.3284108742545648,3,-2.8301886792452824,1.980198019801982,고수준 유지형,696106.5361995,4.03,385998.0796171,365500.6937628,383397.3535293,841582.6503155,325404.7888718,1.0560802926070565,0.7280781468100519,0.7568936571999922,2,-3.3694958519464024,3.6413415468856902,중립,,0.0,,44.8,관찰,44.8
2026-09-30T05:44:03+09:00,PYUSD,KRW-PYUSD,,1360.0,-0.14684288,135239491.20774892,1790714424908,False,False,,904390454.4623022,56762622.14386304,143889127.62964725,169623701.76420486,188151862.18501136,15.932851942078253,7.327440563827254,5.2116194342625235,2,0.8142116950407008,-0.8733624454148492,일회성 폭증형,,,,,,,,,,,,,,NO_DATA,,0.0,,44.7,관찰,44.7
2026-09-30T05:44:03+09:00,PROS,KRW-PROS,,916.0,0.32858708000000003,4747536842.632989,1790714555725,False,False,,20150074274.72191,21214689552.952564,301890985.82830775,3316880068.8205247,638858680.2266619,0.9498170701214674,2.434224684966469,3.814313822554688,1,2.1252796420581754,14.267834793491874,중립,,,,,,,,,,,,,,NO_DATA,,0.0,,44.3,관찰,44.3
2026-09-30T05:44:03+09:00,CHZ,KRW-CHZ,CHZUSDT,21.9,1.86046512,2709268773.5504255,1790714320872,False,False,,3446057572.2463756,2251736423.884769,2164912543.588663,2757985181.9071245,2736395827.3068814,1.5304000662302761,1.4409337816384273,1.2429111428625055,3,-6.113537117903922,-1.826484018264829,고수준 유지형,1948264.32518,2.673,2331703.91361,1054489.51777,2165420.0321,2105177.91638,2088439.12614,2.2112158293816058,1.3136144307796798,1.1042948892546194,2,-5.878859857482189,0.06313131313131493,중립,,0.0,,44.3,관찰,44.3
2026-09-30T05:44:03+09:00,CARV,KRW-CARV,,56.9,-0.3502627,524434888.5156915,1790713639639,False,False,,926083582.1919852,873398090.2665765,490234582.44185376,661764432.6106302,1030663475.7849114,1.0603224262939803,1.371706683731188,0.39921488132014216,3,-3.220338983050841,-3.5472972972973027,중립,,,,,,,,,,,,,,NO_DATA,,0.0,,44.0,관찰,44.0
2026-09-30T05:44:03+09:00,CRV,KRW-CRV,CRVUSDT,528.0,2.12765957,5188503551.246975,1790714590230,False,False,,1210091610.1677065,477144736.28523475,616903610.9507459,259539870.064275,847104212.1523826,2.53611015305075,2.6819639710987855,2.043862822138728,2,7.708333333333339,15.919282511210753,고수준 유지형,21336082.17979,7.425,9661166.20256,2874488.96753,3432043.37315,3971553.5212,5080269.04276,3.361003055392374,2.819931551182676,2.2382162331664706,2,6.90529875986472,16.671793294370964,고수준 유지형,,0.0,,43.8,관찰,43.8
2026-09-30T05:44:03+09:00,HOLO,KRW-HOLO,HOLOUSDT,88.1,1.49769585,883475599.1987473,1790714606250,False,False,,1228893103.8026485,1130659569.3609943,711058587.2146423,825060671.44109,732718547.5869237,1.0868816194578994,1.3824465953742835,1.0653931805101864,3,-4.928806133625407,-2.4719101123595544,중립,492635.09363,2.528,637294.38531,646485.88537,450589.92182,547524.64925,743002.48209,0.9857823654498822,1.1625213579647036,0.6474408899374501,1,-5.481481481481499,-1.2383900928792713,중립,,0.0,,43.2,관찰,43.2
2026-09-30T05:44:03+09:00,IQ,KRW-IQ,IQUSDT,1.25,-2.34375,499573418.32554346,1790713382089,False,False,,903180331.987074,745103716.3790227,640841967.8301753,727106329.7285781,678098441.7231289,1.2121538413152138,1.2822878841074334,0.9811176865535419,3,-3.0303030303030276,1.5873015873015817,중립,92902.934975,-0.644,152656.793753,131149.891013,113470.413058,625510.006986,163683.027893,1.1639871949101976,0.5263239027987379,0.5674948899399193,3,-3.913491246138001,1.5233949945593128,중립,,0.0,,42.9,관찰,42.9
2026-09-30T05:44:03+09:00,TRX,KRW-TRX,TRXUSDT,454.0,-0.21978022,2936120652.6312585,1790714641817,False,False,,3797993611.610182,2841601413.3366075,2250078551.362814,4598805638.133217,3754011560.0374436,1.3365680330059306,1.1757904920162057,1.0865694994240611,3,-0.4376367614879695,-3.1914893617021267,중립,22194266.14485,-0.179,27789365.75602,18884655.34943,13548453.23128,26937054.14437,35810580.52973,1.471531528737101,1.4042086705085355,1.0294091968828365,3,-0.7687758722649263,-1.9286966686148488,고수준 유지형,,0.0,,42.8,관찰,42.8
2026-09-30T05:44:03+09:00,ZBT,KRW-ZBT,ZBTUSDT,118.0,1.7241379300000002,1743949907.4002438,1790714324719,False,False,,2107295997.255689,1669878160.7951381,1524275724.480649,1607927902.5807061,1656790508.8743086,1.2619459591304958,1.3164890293526155,1.1219962290776462,3,-5.691056910569103,-1.6949152542372836,중립,561056.4878,3.325,572019.41538,554381.57508,499475.38229,673894.20054,666362.16756,1.0318153436059898,0.993232294062448,0.7267316975041961,3,-5.752212389380529,-0.6993006993006978,중립,,0.0,,42.8,관찰,42.8
2026-09-30T05:44:03+09:00,MASK,KRW-MASK,MASKUSDT,613.0,-2.6984127,261253441.3996727,1790714426477,False,False,,762933287.9184737,743216568.9113666,581026626.8983643,619798598.2168812,530394547.8678803,1.0265289013079826,1.1773408734257336,1.0936327261566012,3,-1.4084507042253502,0.4784688995215225,중립,299555.021,-1.957,514096.3849,462372.4748,360586.2425,564922.6117,479760.1577,1.1118663262175656,1.111254343201846,0.9703119832972139,3,-2.320675105485226,1.3129102844638973,중립,,0.0,,42.8,관찰,42.8
2026-09-30T05:44:03+09:00,XRP,KRW-XRP,XRPUSDT,2032.0,0.049236829999999995,290078785411.11536,1790714647322,False,False,,275989666698.4003,162509635787.9956,161531810895.23608,393270807788.19995,277058018201.3417,1.6982972447150568,1.1542657955917808,0.9025209917348919,3,-4.198113207547172,-1.455604075691408,중립,277043234.18945,0.436,283162448.44635,173509013.61734,181135648.39195,538764479.31241,296261421.47513,1.6319754377189977,0.9508379823406858,0.8380840534333895,2,-4.571246413771124,-0.2798134576948663,중립,,0.0,,42.2,관찰,42.2
2026-09-30T05:44:03+09:00,SAHARA,KRW-SAHARA,SAHARAUSDT,12.6,-0.7874015700000001,3208360180.988747,1790714565093,False,False,,7075726463.627898,3911595547.3575625,4091737000.1330953,3586700200.756401,5670755424.691838,1.8089105527302871,1.831502969143397,1.49449296850567,2,-4.511278195488733,-0.7812500000000111,고수준 유지형,1418222.1425,0.763,2060199.42345,1026390.15343,1653134.63841,1449471.35524,1594377.95334,2.0072283590847073,1.496876734729065,1.326971606389229,2,-5.2791878172588795,-0.4268943436499528,고수준 유지형,,0.0,,42.1,관찰,42.1
2026-09-30T05:44:03+09:00,WET,KRW-WET,,89.0,-0.78037904,456322532.64944446,1790714175511,False,False,,470795550.9405142,467907455.23551524,332892155.23609227,446971916.58665293,381692459.15717155,1.0061723652245407,1.1319272977412604,0.7807731201865101,3,-6.073298429319374,-3.4445640473627637,중립,,,,,,,,,,,,,,NO_DATA,,0.0,,42.1,관찰,42.1
2026-09-30T05:44:03+09:00,MOVE,KRW-MOVE,MOVEUSDT,12.3,0.0,1337255429.1871028,1790714626744,False,False,,1841143555.3561778,1685799758.8939643,1606827041.1127176,1743283169.4483628,1784735854.5757542,1.0921484272628754,1.0968088586909834,0.9601110063961046,3,-7.518796992481203,-1.5999999999999903,중립,1159574.2502074,1.236,978988.4941604,1741353.5408115,679238.6481968,517529.7727365,402751.1714395,0.562199732114235,0.9996063882716042,1.0800873253703143,1,-7.522259748234572,-0.22084805653709294,감소형,,0.0,,41.8,관찰,41.8
2026-09-30T05:44:03+09:00,G,KRW-G,GUSDT,6.61,-2.2189349099999998,3611517416.398162,1790714618898,False,False,,7267445874.393592,4572135501.858091,3901990047.0562687,11576162194.883804,7022479748.427598,1.589507981869772,1.0873827798269153,0.9449285561713084,3,-14.213197969543145,-13.994910941475835,중립,1191349.79099,-2.016,2163928.95765,1439318.94913,1610028.53919,2535529.78983,3059278.32221,1.5034394975192902,1.1623866648508374,0.867839358763488,2,-14.28571428571429,-12.78458844133099,중립,,0.0,,41.7,관찰,41.7
2026-09-30T05:44:03+09:00,SOL,KRW-SOL,SOLUSDT,161600.0,0.12391574,33803946909.559643,1790714630276,False,False,,43435367501.069084,34621983468.677864,24603800499.52651,58077017703.67109,37671346854.87487,1.2545603443073847,1.1108524318771618,1.0498281659603146,3,-2.1818181818181848,2.281368821292773,중립,294533731.47024,0.269,303030487.60797,318882945.21313,221338928.92664,481769969.76669,299095253.78508,0.9502875338956595,0.8895290781861821,0.8697430562504229,1,-2.668849774866966,3.3915992695016994,중립,,0.0,,41.5,관찰,41.5
2026-09-30T05:44:03+09:00,BCH,KRW-BCH,BCHUSDT,418800.0,-0.71123755,5494649142.060809,1790714608226,False,False,,9596574726.524368,9227583177.172312,5935642055.974839,12308245510.592625,24775409951.055656,1.0399878865643701,1.0479862708527803,0.32119595044762367,3,-9.153564505707513,-8.996763754045311,중립,13497433.4761,0.162,24410486.7015,20430272.4248,10751602.9987,29865250.9969,40731044.2192,1.1948194421464726,1.199588979834903,0.5759817678042218,3,-9.583454704340234,-8.029629629629632,중립,,0.0,,41.4,관찰,41.4
2026-09-30T05:44:03+09:00,CC,KRW-CC,,172.0,-3.37078652,5632159256.39915,1790714627076,False,False,,6760360664.637764,1805957812.103909,4761875245.716115,3969138686.9737163,2608936747.0009675,3.7433657748416964,1.924754330287928,2.094678969316278,2,2.298850574712641,17.88079470198676,고수준 유지형,,,,,,,,,,,,,,NO_DATA,,0.0,,41.1,관찰,41.1
2026-09-30T05:44:03+09:00,BARD,KRW-BARD,BARDUSDT,185.0,-2.11640212,680744923.9804575,1790714579346,False,False,,1039384849.1692346,503596149.607618,634597802.23686,593484930.9725345,829416272.3279619,2.0639253298085816,1.800654023357517,1.3556270188794022,2,-5.025125628140703,0.5319148936170137,고수준 유지형,759431.33257,-0.582,509575.42298,420699.74066,447061.10581,798908.81838,591125.71265,1.211256803202613,0.9172341113423849,0.8194628265545664,2,-5.438477226376614,1.9794721407624616,중립,,0.0,,41.1,관찰,41.1
2026-09-30T05:44:03+09:00,ZK,KRW-ZK,ZKUSDT,16.5,-2.36686391,480439340.4319301,1790714585048,False,False,,639002411.6098866,534990852.2840566,442941868.8835585,570491533.0336736,769030034.2945448,1.1944174538345274,1.2380374626839556,0.8865242595593174,3,-2.3121387283237094,9.740259740259738,중립,1780985.367182,-0.246,2115466.599644,2083114.360618,2158381.224657,3089775.049175,1930251.303285,1.015530707117012,0.8656616452146723,0.8759522088502216,2,-3.488372093023262,11.16071428571428,중립,,0.0,,40.8,관찰,40.8
2026-09-30T05:44:03+09:00,PEPE,KRW-PEPE,PEPEUSDT,0.00578,0.8726003499999999,3422300677.4698224,1790714590888,False,False,,4399875758.608813,4019480391.440557,3898243059.6748586,4655450252.4479,4828118137.286753,1.094637945735052,1.0498246176369601,0.8371516928413879,3,-5.911330049261087,-3.6974789915966477,중립,31225717.57692411,2.158,39878458.28349142,23148639.9622677,23566775.67035119,42050527.63656829,50701723.87102505,1.722712796453413,1.347762108353583,0.886113145705568,2,-6.23608017817372,-2.995391705069117,중립,,0.0,,40.7,관찰,40.7
2026-09-30T05:44:03+09:00,VIRTUAL,KRW-VIRTUAL,VIRTUALUSDT,1092.0,-2.93333333,8251819175.492826,1790714633814,False,False,,12911090364.270296,9524361457.04915,8324627812.860142,10386867643.913097,8054190802.801289,1.355585927990434,1.3717760084642472,1.3954056502829086,3,4.359925788497221,17.1875,중립,10308541.05856,-1.299,16527186.92113,8886474.3753,7069531.24163,10257922.45009,6870656.4331,1.8598137149944864,1.8914204935874928,1.9393478089541238,3,3.7496864810634634,18.42255940452333,가속형,,0.0,,40.6,관찰,40.6
2026-09-30T05:44:03+09:00,BAT,KRW-BAT,BATUSDT,123.0,-1.6,284806889.65568596,1790714144032,False,False,,472578165.0133614,186442715.045811,247003997.79325888,290559670.5074061,294733966.6536725,2.5347097358952526,1.9581795515214706,1.2374155935399573,2,1.6260162601626105,4.166666666666674,고수준 유지형,569424.9629,0.665,606847.9931,604750.3074,392407.3565,319895.5469,561810.1474,1.003468680667594,1.3822858213861924,0.9148653058922371,4,-0.10881392818279378,5.034324942791768,연속 가속형,,0.0,,40.4,관찰,40.4
2026-09-30T05:44:03+09:00,PENGU,KRW-PENGU,PENGUUSDT,13.4,3.8759689899999996,6415288573.564899,1790714608219,False,False,,8979812491.575188,8093676872.226272,4925815426.15655,8224441236.762701,8292785129.560726,1.1094849267320914,1.2681002522511906,0.9713457956453698,3,-7.194244604316546,-3.007518796992481,중립,13417624.441395,5.852,18922352.236561,17856512.377635,9256111.232219,18798727.771286,20331306.149912,1.059689139535498,1.23644926585634,0.8918282164299947,3,-7.942834921252184,-2.84219166837677,중립,,0.0,,40.0,관찰,40.0
2026-09-30T05:44:03+09:00,NXPC,KRW-NXPC,NXPCUSDT,314.0,0.64102564,434475560.7930073,1790714596349,False,False,,1028665328.4578537,391581005.8188522,621506456.0041522,686056408.8823014,840251522.1155685,2.6269540993357596,1.8162064075790003,1.1590813384774905,2,-8.771929824561408,-5.167173252279634,고수준 유지형,292957.55653,1.76,895431.21774,211012.40439,306837.95293,264367.4467,375679.60783,4.243500377755209,3.4342016244254596,2.680306871792229,2,-11.239860950173819,-5.819672131147535,일회성 폭증형,,0.0,,39.8,관찰,39.8
2026-09-30T05:44:03+09:00,APT,KRW-APT,APTUSDT,1091.0,-3.19432121,6015548940.583146,1790714609332,False,False,,6947541358.002651,6418606050.97403,6027131145.979233,7135695478.891968,6664399163.751749,1.0824065697174787,1.0644075139465394,0.9934333373134683,3,-4.572396274343782,8.67888138862103,중립,14055001.884284,-2.242,12703345.379531,9963255.46664,9326794.654447,13222754.047003,11241370.277064,1.27501953774704,1.1721546976251422,1.0162456593061526,3,-4.883081155433288,9.980119284294231,중립,,0.0,,39.6,관찰,39.6
2026-09-30T05:44:03+09:00,ATOM,KRW-ATOM,ATOMUSDT,2352.0,-0.16977929,1949374055.4702,1790714625761,False,True,입금량급등,3303458517.173811,1352849862.5475645,1836383640.010355,1626712318.3985448,1063871956.418247,2.4418515377257286,2.0578253825856363,2.23026980637084,2,-2.8453608247422713,0.5548442168160417,고수준 유지형,6921941.73738,-0.23,5923038.9605,4273829.47847,4112897.81137,4767523.86585,2794095.53677,1.3858856536832171,1.3508269434108984,1.5172087410284751,3,-3.18080357142857,2.17903415783276,중립,,0.0,,39.5,관찰,39.5
2026-09-30T05:44:03+09:00,MANA,KRW-MANA,MANAUSDT,122.0,0.0,302961078.40563786,1790714023442,False,False,,422434722.5933814,230051015.77932343,216139077.0996889,875759419.9218636,326525213.0659894,1.8362654090543211,0.9586630620219738,0.9655455197924891,3,-2.400000000000002,7.017543859649122,중립,665370.8315,-0.224,691676.3621,373383.5429,420515.2525,1454653.434,515985.6943,1.8524554047772952,0.9228289470748462,0.9783252796974614,2,-3.118279569892468,9.212121212121204,중립,,0.0,,39.5,관찰,39.5
2026-09-30T05:44:03+09:00,TRAC,KRW-TRAC,,498.0,-1.96850394,870224609.8826389,1790713835435,False,False,,1716502797.8294106,1435285095.374523,1057475282.7733263,3786212820.2565055,7731615583.871035,1.1959315980923684,0.8201195053351799,0.5826162267984627,3,-0.78125,7.3995771670190225,중립,,,,,,,,,,,,,,NO_DATA,,0.0,,39.4,관찰,39.4
2026-09-30T05:44:03+09:00,UNI,KRW-UNI,UNIUSDT,12230.0,2.2575250799999997,9485734464.890352,1790714628344,False,False,,9641048591.838934,9427454122.886324,9067287006.681377,13183105191.479092,14485210789.19492,1.0226566436885736,0.9130401569092857,0.6535648118786733,3,-8.07071483474251,-5.6037884767166535,중립,85856692.66144,2.817,115959384.26661,65096632.36703,52524369.55824,98946730.09729,93147164.54675,1.7813422914537873,1.6063249568665718,1.147821267238368,3,-8.584181025534566,-4.706773425665444,가속형,,0.0,,39.2,관찰,39.2
2026-09-30T05:44:03+09:00,CP,KRW-CP,,17.3,-0.57471264,2359797679.7599897,1790714634784,False,False,,4133863892.8922143,2231776752.114995,3243233227.9681396,2451448370.5874968,2763263527.8686366,1.8522748249683407,1.5645816996726394,1.327225436468411,2,-5.434782608695654,-1.6949152542372947,고수준 유지형,,,,,,,,,,,,,,NO_DATA,,0.0,,39.2,관찰,39.2
2026-09-30T05:44:03+09:00,ZRX,KRW-ZRX,ZRXUSDT,163.0,-2.39520958,330809768.4022918,1790714363586,False,False,,389159605.2078159,197601107.59548363,220507742.40611386,281156652.29055727,356970795.0249217,1.9694201613711528,1.6695787391148496,1.2684278665404616,2,-2.3391812865497075,3.0864197530864113,고수준 유지형,247410.4483,-1.073,284457.5783,122066.4043,147548.105,268044.7154,232768.9433,2.330351089894437,1.5872000250273024,1.374717547519637,2,-2.8503562945368155,4.692832764505117,고수준 유지형,,0.0,,39.0,관찰,39.0
2026-09-30T05:44:03+09:00,JPYC,KRW-JPYC,,8.54,-0.35005834,971600907.58946,1790713706548,False,False,,1899004136.411753,1022664404.4608597,1250263158.2683022,1209124386.3152997,1668314310.229142,1.8569181914695587,1.6361078159097031,1.171116921199315,2,-0.464576074332157,-0.810185185185186,고수준 유지형,,,,,,,,,,,,,,NO_DATA,,0.0,,38.9,관찰,38.9
2026-09-30T05:44:03+09:00,ADA,KRW-ADA,ADAUSDT,332.0,-0.89552239,23257893357.182117,1790714633495,False,False,,27372354564.237602,13020394514.746384,16961662977.053387,24403876608.524612,15449326377.489492,2.1022676796188287,1.50989525235024,1.4416331784474437,2,-4.285714285714281,2.4464831804281273,고수준 유지형,41700085.82028,-0.285,56126026.63776,28652083.37617,42377244.74393,57092332.74667,41843522.36475,1.9588811710788243,1.3142046299912666,1.217837121621329,2,-4.443585780525494,3.7332214765100735,중립,,0.0,,38.7,관찰,38.7
2026-09-30T05:44:03+09:00,USDC,KRW-USDC,USDCUSDT,1357.0,0.0,1474065792.7527258,1790714473520,False,False,,1761778859.9772894,1153356903.4482853,1200605612.706693,972971952.0326549,1303531410.828122,1.5275227075937685,1.5886506423467626,1.2418476966417042,2,0.5185185185185182,-1.093294460641403,고수준 유지형,3061928685.19382,-0.013,3449242220.57328,1131292993.26282,875062768.7218,2970483318.24134,2984297405.54443,3.048938021462631,2.0791764601820377,1.503450733639462,3,0.035996760291578944,0.033996260411361945,가속형,,0.0,,38.7,관찰,38.7
2026-09-30T05:44:03+09:00,ENS,KRW-ENS,ENSUSDT,9695.0,5.89841617,5192988140.814468,1790714640216,False,False,,4911255041.911808,3274452696.9403462,2963833783.013102,5395225413.297055,9044053917.629648,1.4998705116433328,1.26649332213118,0.5678021168598663,3,-5.61855670103093,-1.240560949298808,중립,2745854.5627,7.681,1546528.025,1150658.9331,952863.6632,1868628.2179,2609304.2228,1.3440368648887864,1.1680281771814907,0.706849397615351,3,-6.1196105702364445,0.0,중립,,0.0,,38.4,관찰,38.4
2026-09-30T05:44:03+09:00,THETA,KRW-THETA,THETAUSDT,301.0,-0.66006601,395999833.0298375,1790714611825,False,False,,488070319.47640103,255798144.71392927,311815069.75217295,344530206.5192967,324425685.50521815,1.908029161127155,1.6052420318368348,1.2178028960727005,2,-5.312499999999998,3.412969283276457,고수준 유지형,699795.89022,0.045,685287.02229,696601.75341,713257.57624,920902.18724,1113380.07981,0.9837572457080215,0.8820555221853811,0.7411366726236605,1,-5.318699873364285,4.666355576294912,중립,,0.0,,38.2,관찰,38.2
2026-09-30T05:44:03+09:00,DATA,KRW-DATA,,298.0,-0.99667774,8852111274.425547,1790714626755,False,False,,18046195994.053455,8772959290.434776,9075113051.978819,16345239650.771955,23844881873.41723,2.0570249327076393,1.5833092738413215,1.0796463636890088,2,-5.047318611987384,-2.9032258064516148,고수준 유지형,,,,,,,,,,,,,,NO_DATA,,0.0,,38.1,관찰,38.1
2026-09-30T05:44:03+09:00,OPEN,KRW-OPEN,OPENUSDT,176.0,-0.56497175,921040949.2237611,1790714617930,False,False,,1860351222.7360988,1359552016.0778334,1503851136.4397848,1246557249.3883724,645051369.9364836,1.3683560472390157,1.3579336836481655,1.4341966739194738,2,-6.349206349206349,-3.2786885245901676,중립,728360.52679,1.407,1424430.76676,762584.16012,830978.09412,697840.877,548998.15831,1.8678997561867166,1.8649238285571752,1.7068947239529004,2,-6.896551724137934,-2.336096458176351,고수준 유지형,,0.0,,38.0,관찰,38.0
2026-09-30T05:44:03+09:00,JUP,KRW-JUP,JUPUSDT,452.0,1.5730337099999998,3621496910.559851,1790714640841,False,False,,5136339493.234394,3529787836.045504,3701969898.403964,4706453927.904771,5739589855.251501,1.455141139301093,1.2907308829423532,1.2351090055043425,2,-3.470715835141003,11.250000000000004,중립,7092908.13368,1.092,10598449.74157,7087091.53458,5451753.66575,8128637.36874,6371430.71717,1.4954582835366317,1.5384239042394767,1.5807772763936674,3,-4.097161252560733,12.84435261707988,가속형,EARLY,5.0,Binance 연속가속 우위,37.8,관찰,37.8
2026-09-30T05:44:03+09:00,LINEA,KRW-LINEA,LINEAUSDT,3.93,-1.9950124699999998,905858091.0390598,1790714646981,False,False,,1634726239.6158504,920766905.2231573,1380578315.800216,1188108829.6634636,594235649.3743852,1.7753963900555894,1.4054286566353416,1.493733169388779,2,1.5189873417721378,4.973821989528804,고수준 유지형,1352923.501716,-1.694,3289059.696665,955986.056151,1093619.568089,909271.243243,1134813.949149,3.4404891949025314,3.334771783994047,2.6836886798243342,2,0.7860560492139346,6.616052060737521,고수준 유지형,,0.0,,37.1,관찰,37.1
2026-09-30T05:44:03+09:00,CYBER,KRW-CYBER,CYBERUSDT,440.0,-4.34782609,248390334.37998515,1790714613294,False,False,,280960683.82227117,153565741.99416873,197573201.34109342,203995751.48431224,297731945.10968703,1.8295791767993408,1.5183379084976136,0.9606592832768941,2,-4.56431535269709,0.0,고수준 유지형,598813.72495,-3.284,449406.25814,367992.66023,505566.2667,736506.54664,918498.72857,1.2212370155945922,0.8373689123527337,0.5977000386063264,2,-4.494382022471899,1.1904761904761862,중립,,0.0,,37.1,관찰,37.1
2026-09-30T05:44:03+09:00,NEO,KRW-NEO,NEOUSDT,3415.0,-0.43731778,552080921.7215512,1790714429607,False,False,,1053985227.2233016,463981165.2367272,960346995.8905385,797935834.793989,883157518.4904234,2.271612095903827,1.4228533097207898,1.1454530327379708,2,-6.001644286105778,0.5865102639296182,고수준 유지형,432631.77795,0.803,947114.21632,702909.55116,562238.30755,733648.08877,803931.75427,1.34741975657749,1.4215271211362261,1.1760155706535065,3,-6.627175120325813,1.693548387096766,고수준 유지형,,0.0,,37.0,관찰,37.0
2026-09-30T05:44:03+09:00,ZORA,KRW-ZORA,,10.8,0.0,1263480480.2294645,1790714609709,False,False,,1932534802.9477913,1224867180.991769,1317407655.3298965,1466478020.6642866,1878670248.1246493,1.5777504964930378,1.4462364270573667,1.0567904188002073,2,-12.195121951219512,-9.243697478991598,고수준 유지형,,,,,,,,,,,,,,NO_DATA,,0.0,,36.9,관찰,36.9
2026-09-30T05:44:03+09:00,ORBS,KRW-ORBS,,9.97,1.11561866,218482888.52516547,1790714591246,False,False,,283775764.26504093,171460058.11936706,177096651.04039443,204319278.92087072,310613852.3240799,1.6550546370833603,1.5398160006018637,1.0715735324039413,2,-2.3762376237623783,-2.3762376237623783,고수준 유지형,,,,,,,,,,,,,,NO_DATA,,0.0,,36.8,관찰,36.8
2026-09-30T05:44:03+09:00,FLOCK,KRW-FLOCK,,87.0,-1.47225368,11072678611.94208,1790714609711,False,False,,15678719912.27088,8842480695.776299,11641525936.892641,11614627205.163279,28876594592.805668,1.773113275753034,1.465363291610707,0.9962234058464927,2,-10.264227642276435,-9.897959183673477,고수준 유지형,,,,,,,,,,,,,,NO_DATA,,0.0,,36.7,관찰,36.7
2026-09-30T05:44:03+09:00,ELSA,KRW-ELSA,,76.5,-1.29032258,5288740530.794366,1790713992909,False,True,거래량급등,12785566159.191805,1295423297.4916577,2422830825.4513936,531986137.5683196,643727038.1422617,9.869797913893192,9.024595346748821,11.624568386813172,2,-0.2574002574002643,1.3071895424836555,일회성 폭증형,,,,,,,,,,,,,,NO_DATA,,0.0,,36.7,관찰,36.7
2026-09-30T05:44:03+09:00,KAVA,KRW-KAVA,KAVAUSDT,93.0,0.3236246,557383108.7865936,1790714613314,False,True,"거래량급등,입금량급등",3075232259.915701,427000849.6386993,550013606.4540145,779215901.1626651,361282503.93662614,7.201934756143378,5.253124535533561,6.201397207748138,2,-0.3225806451612856,-2.728226652675758,일회성 폭증형,761557.816418,0.117,1923729.608868,328051.907362,512856.563704,920190.918395,679596.629644,5.8641012769518674,3.2770375488974097,3.2131746450919114,2,-0.3205128205128416,-1.4688940092166036,일회성 폭증형,,0.0,,36.7,관찰,36.7
2026-09-30T05:44:03+09:00,CKB,KRW-CKB,CKBUSDT,1.78,-1.11111111,213232287.4665329,1790714197664,False,False,,381061750.4729305,198866818.33452657,225247524.08964974,315883686.7812772,771389511.3674283,1.9161655708290268,1.5448490486471238,1.0123170285148764,2,-7.692307692307687,3.4482758620689724,고수준 유지형,270282.4886,0.153,426768.185946,298509.582669,328533.915645,474851.217279,530523.268623,1.4296632695346954,1.161911877532679,0.9763677711161349,2,-8.632596685082882,4.091266719118791,중립,,0.0,,36.7,관찰,36.7
2026-09-30T05:44:03+09:00,XLM,KRW-XLM,XLMUSDT,304.0,-3.4920634899999996,72714287771.35468,1790714642472,False,False,,105177172307.78835,18829612761.311474,21617357056.9015,60852984549.24012,34825542466.10956,5.585732093433811,3.1148238801649737,2.9063389082017252,2,5.7046979865771785,13.309352517985618,일회성 폭증형,46618842.8832,-1.538,70734760.8849,16351085.1393,14789143.2055,46785564.5863,28982143.9193,4.325997955627317,2.723158464904241,2.445389567332753,3,5.49001814882033,15.042058386937175,가속형,,0.0,,36.5,관찰,36.5
2026-09-30T05:44:03+09:00,DKA,KRW-DKA,,5.72,-0.86655113,181532260.0234334,1790714499884,False,False,,407930381.26711607,267430080.20628577,339462835.9896932,275775194.9614227,254989420.3100747,1.5253720933428787,1.3864680601145176,1.0717320709281304,2,-1.7035775127768438,-0.5172413793103514,중립,,,,,,,,,,,,,,NO_DATA,,0.0,,36.5,관찰,36.5
2026-09-30T05:44:03+09:00,BFC,KRW-BFC,,38.8,2.9177718799999997,7714780217.96227,1790714534132,False,False,,1749141432.275201,1004614797.0265989,2098615287.4534564,657952625.2843801,760647213.9787546,1.7411065788123061,1.395152722361167,1.4085752384981067,2,-7.14285714285714,-5.7499999999999885,중립,,,,,,,,,,,,,,NO_DATA,,0.0,,35.9,관찰,35.9
2026-09-30T05:44:03+09:00,VET,KRW-VET,VETUSDT,12.1,0.0,934645658.9768343,1790714311720,False,False,,1247643267.6484022,774775244.77991,1110578197.936596,863791921.013069,1208455392.947247,1.6103292871764632,1.3614885019639096,0.8875065158543307,2,-6.2015503875969,0.0,중립,1812960.0055762,1.576,1829585.245505,1805608.0399451,3105022.6978709,2077075.8693211,1874288.7073794,1.0132792970730398,0.7854874345910428,0.7226110089357144,2,-6.667366652666951,1.0458110719563596,중립,,0.0,,35.9,관찰,35.9
2026-09-30T05:44:03+09:00,F,KRW-F,FUSDT,4.78,-0.20876826999999998,2402876159.467678,1790714474160,False,False,,2148135714.4282126,1371685684.647897,1931243672.5285752,1663248314.4275296,1650657542.8913343,1.5660553569016982,1.2976594011392246,1.0566039230578108,2,-7.707129094412335,-6.809338521400776,중립,762748.440989,0.085,500540.246878,340633.654587,386546.634428,358943.227689,597008.545865,1.469438618696905,1.3825506192802883,0.9163129751829813,2,-8.476339053562143,-5.907511360598772,중립,,0.0,,35.7,관찰,35.7
2026-09-30T05:44:03+09:00,BSV,KRW-BSV,,27160.0,-1.6654598100000002,1039441359.4469845,1790714267554,False,False,,1890427629.9000912,1100154631.3252623,1168562143.96585,2066862809.3949728,4438864970.851167,1.718329020369486,1.3080795263756875,0.15739369826796068,2,-5.798090040927695,-8.905013192612133,중립,,,,,,,,,,,,,,NO_DATA,,0.0,,35.5,관찰,35.5
2026-09-30T05:44:03+09:00,DOS,KRW-DOS,,294.0,2.43902439,1388380703.3885443,1790714629005,False,False,,2289337513.910077,1600798639.8116198,1730808432.9591353,1291286134.9064682,2347559901.2211156,1.4301221009155054,1.4856524330530816,1.0520852380985906,2,-5.9016393442623,-5.280528052805278,고수준 유지형,,,,,,,,,,,,,,NO_DATA,,0.0,,35.2,관찰,35.2
2026-09-30T05:44:03+09:00,IRYS,KRW-IRYS,,22.3,-3.46320346,4254123254.58205,1790714639258,False,True,"거래량급등,입금량급등",42373621636.32119,295724527.42604685,392244077.4361227,664229774.6971644,358642660.6908418,143.28747772508572,94.01051416020096,93.16024027225117,2,-0.4310344827586077,8.450704225352123,일회성 폭증형,,,,,,,,,,,,,,NO_DATA,,0.0,,35.1,관찰,35.1
2026-09-30T05:44:03+09:00,SHIB,KRW-SHIB,SHIBUSDT,0.00783,1.29366106,7861730510.509154,1790714631233,False,False,,10333046871.257227,6164235630.590132,7257317016.724076,10127354094.763533,10556722104.474813,1.6762900528946838,1.3163728131116035,1.0728276970110895,2,-3.9751552795031064,-0.2580645161290307,중립,4668507.68288379,1.767,5349305.0658219,4569829.53060953,4734969.35211526,6370535.16849092,5294558.73740545,1.170569937016535,1.0237686256020229,0.8163347241483063,2,-4.697986577181201,0.7092198581560183,중립,,0.0,,34.9,관찰,34.9
2026-09-30T05:44:03+09:00,ARDR,KRW-ARDR,,42.5,-2.29885057,3409291345.468967,1790714587004,False,True,거래량급등,10956650434.700672,812298186.8629528,1498862910.8178852,1771026807.208894,1046520920.4602914,13.488458563492063,8.052042696204573,9.275729104353749,2,-3.5476718403547713,9.571788413098226,일회성 폭증형,,,,,,,,,,,,,,NO_DATA,,0.0,,34.9,관찰,34.9
2026-09-30T05:44:03+09:00,DOT,KRW-DOT,DOTUSDT,1628.0,1.2437810900000001,2852153469.0392647,1790714611485,False,False,,4014464577.8655586,2054063317.6555839,3759517640.3333883,2988179751.944406,2591438912.4337125,1.9544015724147634,1.3682937006007103,1.266584529495355,2,-1.9512195121951237,6.349206349206349,중립,12780835.85768,2.129,16657611.71083,12395495.1393,17276923.99882,13539404.31128,13005945.5901,1.3438439952283092,1.1564620778155075,1.1517900603529896,2,-2.5556471558120464,7.2595281306715,중립,,0.0,,34.9,관찰,34.9
2026-09-30T05:44:03+09:00,TOKAMAK,KRW-TOKAMAK,,495.0,-1.0,428917891.98868346,1790714631561,False,False,,1114295636.9996495,335766775.29606783,2982323009.404212,194135864.6856406,209145573.5551036,3.3186596143025207,0.9517859171672016,1.354258284885289,2,-3.2882011605415817,-0.7936507936507908,중립,,,,,,,,,,,,,,NO_DATA,,0.0,,34.8,관찰,34.8
2026-09-30T05:44:03+09:00,IO,KRW-IO,IOUSDT,215.0,0.46728971999999996,206351849.78950477,1790713491184,False,False,,332933902.2441792,183613644.38910028,294453668.74039084,263662915.3313798,189923379.67554346,1.8132307288594012,1.3465835264730999,1.1472214624140114,2,-5.309734513274334,5.940594059405946,중립,1834698.277393,1.085,2149356.062942,1308206.766022,2559451.696468,1929557.542863,1494302.5987,1.6429788614209435,1.1122697830945094,1.1316093704351056,2,-6.369047619047629,6.499661475964791,중립,,0.0,,34.8,관찰,34.8
2026-09-30T05:44:03+09:00,MIRA,KRW-MIRA,MIRAUSDT,70.8,0.85470085,1836213340.7254295,1790714355766,False,False,,2149928583.427451,1332521515.9384596,1415426338.547616,2323943089.0602827,2474564894.384905,1.613428794741309,1.271672798582011,1.0165953600151254,2,-7.99475753604193,-2.364394993045904,중립,1091249.336947,2.133,946189.929052,443105.520745,542084.995988,788155.845972,1427686.406082,2.1353602804613145,1.6006854875356364,1.1557362705851886,2,-8.410220014194469,-1.4697461347585428,고수준 유지형,,0.0,,34.6,관찰,34.6
2026-09-30T05:44:03+09:00,GRVT,KRW-GRVT,,275.0,-1.43369176,1229769227.4520285,1790714055754,False,False,,1244394396.9878218,692425510.2193677,836577317.3919842,1268353984.1080494,4105181033.295554,1.7971527314087323,1.3345395107708324,0.7098380018673481,2,-1.4134275618374548,4.8872180451127845,중립,,,,,,,,,,,,,,NO_DATA,,0.0,,34.6,관찰,34.6
2026-09-30T05:44:03+09:00,HUNT,KRW-HUNT,,137.0,-1.43884892,189640148.6596503,1790714008847,False,False,,321356336.90950847,167241175.71379066,451084632.30524045,223800197.50289848,375851535.13567114,1.9215144568193174,1.1448037519409207,0.8312583877939979,2,-2.1126760563380254,0.0,중립,,,,,,,,,,,,,,NO_DATA,,0.0,,34.2,관찰,34.2
2026-09-30T05:44:03+09:00,CELO,KRW-CELO,CELOUSDT,139.0,3.73134328,12923620041.57924,1790714527617,False,False,,1016320480.9025987,610244573.5689971,1124444243.3423002,291328478.15849984,568359220.1189625,1.6654314104895334,1.5049039562136406,1.6241103364967835,2,3.076923076923066,8.943089430894302,고수준 유지형,10830139.185141,7.69,968375.361022,579154.163557,754747.986934,502909.627459,445392.719867,1.6720511082481289,1.5816133791935434,1.6956666206429492,2,3.0366492146596924,10.388153466457272,고수준 유지형,,0.0,,34.1,관찰,34.1
2026-09-30T05:44:03+09:00,PENDLE,KRW-PENDLE,PENDLEUSDT,3189.0,-1.33044554,943973199.672963,1790714607556,False,True,입금량급등,1602450644.534154,846343734.0356897,846850447.0221015,840140410.6259723,1281369647.4021833,1.8933804080914713,1.8976379785693007,1.3510493950260165,2,-6.427330631152284,-4.5763212282255665,고수준 유지형,4284905.4538,-0.677,7629198.4231,4610249.7756,4088013.7924,6596483.8093,9014925.6728,1.6548340750381794,1.4964349985452572,1.1595999827877936,3,-6.698002350176258,-3.4846029173419724,고수준 유지형,,0.0,,33.9,관찰,33.9
2026-09-30T05:44:03+09:00,MINA,KRW-MINA,MINAUSDT,198.0,-2.4630541900000003,1592087935.473941,1790714610076,False,False,,1607538276.595507,872124287.9060602,1109735214.3021643,1473691638.4910636,2347674969.4345565,1.8432444766045328,1.3956137916716187,0.8393702481874882,2,6.282722513089012,0.995024875621886,중립,2525648.39381,-0.878,2426842.60626,1113391.81242,1391407.84778,2948998.69498,3009125.85164,2.1796842577683084,1.334946278654578,0.8294664836606291,2,6.041222459132922,1.7041581458759447,중립,,0.0,,33.7,관찰,33.7
2026-09-30T05:44:03+09:00,AI,KRW-AI,AIUSDT,27.7,-0.35971223,347174885.5872383,1790714614010,False,False,,648116812.3988975,596083938.2082591,636133196.8618762,586004411.7189287,530954130.03510886,1.0872911864510921,1.0693693739524588,1.0110413559605942,2,-4.794520547945202,1.090909090909098,중립,322579.28217,0.0,496476.30434,442940.7781,542451.00564,883235.46961,3041037.50173,1.120863846561252,0.7970711710159486,0.39827410182305995,2,-5.025125628140703,1.0695187165775444,중립,,0.0,,33.4,관찰,33.4
2026-09-30T05:44:03+09:00,ATH,KRW-ATH,,8.29,0.7290401,700513239.5674328,1790714160828,False,False,,1785399226.7048416,1366851252.7325058,1837788426.3344338,1420991113.4247174,2186292856.8161902,1.3062132570282292,1.157938867237032,0.4552883961607137,2,-3.7426900584795364,1.9826517967781898,중립,,,,,,,,,,,,,,NO_DATA,,0.0,,33.2,관찰,33.2
2026-09-30T05:44:03+09:00,AUCTION,KRW-AUCTION,AUCTIONUSDT,5025.0,-1.47058824,401055403.5288944,1790714253906,False,False,,558622356.9054862,492022561.2306101,512985859.35526645,626187696.5127835,5813449819.581058,1.1353592313090313,1.027385397224494,0.3396147581814155,2,-3.682719546742208,0.2949852507374562,중립,352854.17687,0.9,392069.92487,312069.56161,381556.56009,374011.50177,1235923.616,1.2563542655274345,1.101693822654097,0.6574586521036411,2,-4.459734964322115,1.160280626011878,중립,,0.0,,33.2,관찰,33.2
2026-09-30T05:44:03+09:00,MORPHO,KRW-MORPHO,MORPHOUSDT,3339.0,-2.99244625,1863948191.0071256,1790714591247,False,False,,2148589155.0947676,1439537297.7488236,1728046598.0643027,3531586622.0659103,8231004960.029654,1.4925553915516971,0.9621739658785456,0.6331311265319655,2,-6.543578604398592,-2.1046643913538166,중립,6570924.46944,-2.998,6294724.20312,4086786.04356,4444928.23317,7448499.70856,11006076.30725,1.5402627238191957,1.181722136308258,0.9165947252735596,2,-6.864904552129236,-1.2071651090342694,중립,,0.0,,33.0,관찰,33.0
2026-09-30T05:44:03+09:00,ONG,KRW-ONG,ONGUSDT,122.0,0.0,1789044618.3833013,1790714646990,False,False,,2549483558.8006268,1997772770.5581977,5347414116.075403,6209993635.70062,2762881478.364678,1.2761629332290256,0.5642455785667992,0.6361199764075742,2,-6.870229007633588,0.0,중립,686250.51439,1.21,587381.39226,440460.03624,944929.66237,1551278.22566,754212.99859,1.3335634199056934,0.600048838418813,0.6339234882816643,2,-7.318840579710151,1.3011993663724741,중립,,0.0,,33.0,관찰,33.0
2026-09-30T05:44:03+09:00,GAS,KRW-GAS,GASUSDT,1911.0,-0.3649635,1402473129.8608224,1790714612277,False,False,,2580051255.4184575,1752705454.3112159,12145465293.972284,1999638884.7185578,1619003174.0239973,1.4720392688184878,0.4868691942434439,0.6633668267111889,2,-4.955401387512392,-0.5702436495593544,중립,263624.0815,1.288,552150.103,418141.0687,1684242.4825,353208.402,404369.5972,1.3204876160972034,0.6745625252768075,0.8344787557276844,2,-5.425318151373082,0.28409090909091717,중립,,0.0,,33.0,관찰,33.0
2026-09-30T05:44:03+09:00,POWR,KRW-POWR,POWRUSDT,90.0,-2.9126213599999997,797894749.4478314,1790714392828,False,False,,701630819.0714033,652975185.9377671,1639108515.52632,889592822.0878876,1285140919.4390612,1.0745137551647688,0.661567083150345,0.22776906212874917,2,-3.4374999999999933,-0.7494646680942241,중립,253776.1704,-0.896,215772.3973,158612.349,210354.5347,199611.0425,300476.8309,1.360375775659183,1.1384845631033222,0.5408461135364838,2,-4.22535211267604,-0.1468428781203901,중립,,0.0,,33.0,관찰,33.0
2026-09-30T05:44:03+09:00,WAVES,KRW-WAVES,,383.0,-0.77720207,712948737.0429024,1790714613280,False,False,,1683639596.49608,1296331374.3627748,2025617903.8091538,2362317773.48922,11326988386.6373,1.2987725436512638,0.8885787285472765,0.3677382451589922,2,-8.313539192399055,-1.5306122448979553,중립,,,,,,,,,,,,,,NO_DATA,,0.0,,33.0,관찰,33.0
2026-09-30T05:44:03+09:00,SPX,KRW-SPX,,565.0,-0.52816901,256485212.20456484,1790714613323,False,False,,478079053.4389037,443239479.26344657,699051316.2309495,636904174.199095,902396799.4358153,1.0786021458046828,0.806115790988209,0.5601935322788575,2,-9.40988835725678,-4.377104377104379,중립,,,,,,,,,,,,,,NO_DATA,,0.0,,33.0,관찰,33.0
2026-09-30T05:44:03+09:00,ETC,KRW-ETC,ETCUSDT,12430.0,-1.34920635,6116887669.4501915,1790714611116,False,False,,7023346064.081847,4064383601.5935335,5783833070.050384,9029163429.900164,32540528088.281086,1.728022438956841,1.1161526694333028,0.5440812953329439,2,-1.945525291828798,4.651162790697683,중립,6015055.5263,-0.974,6282322.8597,3143511.7325,5422341.8775,7748461.4414,23310380.4808,1.9985046643054003,1.1552411805043976,0.6286705294387228,2,-2.3157894736842155,6.178489702517154,중립,,0.0,,32.9,관찰,32.9
2026-09-30T05:44:03+09:00,BORA,KRW-BORA,,38.1,-0.78125,313008060.1647052,1790714300233,False,False,,534661856.1702951,358360261.2094626,721981630.8988461,500004948.32935196,358469586.4965401,1.4919674808970622,1.0149579367442392,0.8376991318590128,2,-1.7902813299232823,1.5873015873015817,중립,,,,,,,,,,,,,,NO_DATA,,0.0,,32.8,관찰,32.8
2026-09-30T05:44:03+09:00,MNT,KRW-MNT,,903.0,-0.11061947,296184132.34916663,1790714362297,False,False,,531992807.0108681,488890096.72619236,852527066.4546248,532304333.0492524,732090609.2035265,1.0881644168562814,0.8517692860138047,0.7566479803669701,2,-0.7683863885839748,0.8928571428571397,중립,,,,,,,,,,,,,,NO_DATA,,0.0,,32.8,관찰,32.8
2026-09-30T05:44:03+09:00,ZKC,KRW-ZKC,ZKCUSDT,56.5,-2.5862069,1434326409.9690924,1790714533504,False,False,,2608535424.32849,2417817042.4090457,3455438784.1736565,1580692279.7088804,4305029227.44298,1.0788804026831649,1.0498605787690132,0.8648216273954592,2,-0.5145797598627766,3.2028469750889688,중립,332822.8082,-1.185,796276.27337,776929.46989,825262.65865,417812.66952,982698.06784,1.0249016213566196,1.18258571583801,0.9587839130089514,2,-1.1600928074245953,4.1564792176039145,중립,,0.0,,32.7,관찰,32.7
2026-09-30T05:44:03+09:00,POLYX,KRW-POLYX,POLYXUSDT,58.1,-0.17182131,637169335.4966277,1790714515246,False,False,,1143821095.0945725,977146160.995729,3132571496.227811,1085720360.3985474,1411692152.519149,1.1705731862355155,0.660476224265355,0.7112431159888108,2,-5.977382875605808,1.5706806282722585,중립,249458.56737,0.943,406309.34367,337690.85346,695559.81833,605478.5719,493417.63061,1.203199137634114,0.7438251533641306,0.780763466408226,2,-6.535947712418311,3.125,중립,,0.0,,32.7,관찰,32.7
2026-09-30T05:44:03+09:00,QTUM,KRW-QTUM,QTUMUSDT,1324.0,-0.82397004,419038169.60613966,1790714540588,False,False,,799380323.8407555,724737288.899015,1804277968.0302393,2498255308.2854114,900537802.3521221,1.1029932309059667,0.47702643818611845,0.5488406847045484,2,-5.586987270155586,1.520912547528508,중립,194556.2278,0.412,256197.9625,296237.011,703306.8482,978108.6181,238104.7797,0.8648411676689514,0.3886395088733318,0.4810743585003988,1,-6.279733587059944,3.0334728033472924,중립,,0.0,,32.7,관찰,32.7
2026-09-30T05:44:03+09:00,MED,KRW-MED,,2.36,-2.0746888,175602520.16066146,1790714563804,False,False,,317489822.01285064,268928928.3342121,407686992.90178764,866593766.7482828,183815613.4134162,1.1805714765586295,0.6172002894063303,0.7966199444052188,2,-3.599999999999992,1.26050420168069,중립,,,,,,,,,,,,,,NO_DATA,,0.0,,32.7,관찰,32.7
2026-09-30T05:44:03+09:00,MTL,KRW-MTL,MTLUSDT,437.0,-0.45558087,494731934.0319677,1790714221007,False,False,,532677902.5713018,516382810.0673916,1062766943.3135656,954927968.0164298,1520091374.1976013,1.0315562257035311,0.630617480363897,0.5255438536514714,2,-8.158995815899583,1.620370370370372,중립,401456.68687,-0.341,326260.76522,277589.73054,363763.66787,301303.61562,522791.25206,1.1753344210008037,1.0383228269586189,0.9162461489027686,2,-8.095103311633178,3.0793650793650817,중립,,0.0,,32.6,관찰,32.6
2026-09-30T05:44:03+09:00,HIVE,KRW-HIVE,HIVEUSDT,75.5,-0.39577835999999994,456280858.90204495,1790714601938,False,False,,1464039042.206188,1252997828.2207923,7128125470.1953945,1930753153.80951,10119001102.891792,1.1684290341389225,0.42592802066306534,0.3393315208361943,2,-3.069053708439906,2.0188425302826385,중립,170674.57,0.722,373922.4531,351933.6781,718556.7261,441699.4897,1548123.382,1.0624798829106432,0.7418164635440828,0.568975500262639,2,-3.287197231833905,3.3271719038816983,중립,,0.0,,32.6,관찰,32.6
2026-09-30T05:44:03+09:00,ONT,KRW-ONT,ONTUSDT,77.3,0.0,408491152.64927614,1790714442185,False,False,,1141716028.8431633,552688551.3363923,2928897578.1057897,738193729.7565117,743208674.072926,2.065749373824574,0.8116888086147463,0.9333506816086603,2,-3.735990037359904,2.1136063408190076,중립,349588.13785,1.116,600810.53292,486092.97467,1133616.28373,484443.1094,622708.49006,1.2359992104964688,0.8566069769198964,0.8307308948029763,2,-4.039723952196594,3.5603996366939006,중립,,0.0,,32.5,관찰,32.5
2026-09-30T05:44:03+09:00,ARKM,KRW-ARKM,ARKMUSDT,178.0,-1.65745856,3685496784.5666075,1790714100958,False,False,,481778421.1870372,400168560.4425198,452927091.0845152,475561840.4064704,250199123.4451362,1.2039387118624976,1.0878162900039896,1.080282006043366,2,-3.208556149732622,7.738095238095233,중립,2911377.0831,-0.229,1245034.93048,907056.99484,1637970.36515,1580898.00127,1056159.66352,1.3726093702630202,0.905276868677855,0.9099077314072129,2,-3.607503607503615,9.688013136288998,중립,,0.0,,32.4,관찰,32.4
2026-09-30T05:44:03+09:00,TRUMP,KRW-TRUMP,TRUMPUSDT,2778.0,1.68374817,19562998921.041756,1790714620195,False,False,,27142323598.160007,19658973401.580322,27361577859.25581,27165574975.272278,35829199609.617615,1.3806582390501694,1.0976037559277125,0.8137164097300613,2,-4.775182990589055,1.072881982981877,중립,18193039.546497,2.505,23825142.746172,15720694.684865,17592642.604479,21577041.133215,26792867.109435,1.5155273493804002,1.3021485785410587,0.944997241081787,2,-5.27803958529689,2.186070157600395,중립,,0.0,,32.2,관찰,32.2
2026-09-30T05:44:03+09:00,API3,KRW-API3,API3USDT,384.0,2.67379679,734060637.7490333,1790714639248,False,False,,800107789.9570355,538929203.3822637,709501841.3636439,652410981.0954163,918922735.4122962,1.4846250396817287,1.2627684664161976,0.3153113617255026,2,-2.0942408376963373,3.3149171270718147,중립,1452139.999295,5.093,814564.524567,666942.564764,611330.942317,726719.287029,529007.402933,1.2213413382233844,1.218804167715593,0.7052280871798987,3,-2.8318584070796238,4.491815759421414,중립,,0.0,,32.2,관찰,32.2
2026-09-30T05:44:03+09:00,MOODENG,KRW-MOODENG,,63.5,0.0,374820505.08068883,1790714502783,False,False,,601812231.8803312,485690246.9347231,752950731.6651403,3895280204.393586,1130209833.6030025,1.2390865076630104,0.35166817551108037,0.3525635670077306,2,-6.480117820324017,3.420195439739415,중립,,,,,,,,,,,,,,NO_DATA,,0.0,,32.2,관찰,32.2
2026-09-30T05:44:03+09:00,STRAX,KRW-STRAX,STRAXUSDT,15.6,0.64516129,360086927.80182743,1790713836740,False,False,,561699339.0882275,391431958.26539236,776249906.7352434,807317559.5505037,653944520.1811264,1.4349858953197512,0.8532144345549146,0.7843912096872121,2,-3.7267080745341685,1.9736842105263275,중립,184074.99539,1.238,316683.9645,160260.04183,306685.61418,267258.44312,400394.33918,1.9760631588748163,1.2939888167687572,1.1068834801706717,2,-4.117647058823537,3.539019963702361,중립,,0.0,,32.0,관찰,32.0
2026-09-30T05:44:03+09:00,LIT,KRW-LIT,,6130.0,1.32231405,1620828719.4465227,1790714646014,False,False,,2644367223.389924,1892470249.719269,2210687164.039057,4115182468.93631,4212133790.0804925,1.3973097985462082,0.965292477970461,0.7689753982997303,2,-7.704042715484361,-17.066483893077454,중립,,,,,,,,,,,,,,NO_DATA,,0.0,,31.9,관찰,31.9
2026-09-30T05:44:03+09:00,RED,KRW-RED,REDUSDT,219.0,-0.45454544999999996,898046057.2719122,1790714556404,False,False,,607811882.480631,453305584.49506223,884460140.9396214,2204074590.0917773,640842412.1753476,1.3408435794094034,0.5148271759877059,0.5622161893462003,2,-6.382978723404253,5.263157894736836,중립,620834.94701,0.875,477594.78407,606508.8524,554588.43753,1451062.03742,591737.59609,0.7874489913545737,0.5485057275061166,0.6266931114449871,1,-6.812933025404155,6.675479180436228,중립,,0.0,,31.8,관찰,31.8
2026-09-30T05:44:03+09:00,CFX,KRW-CFX,CFXUSDT,73.6,0.68399453,161170638.4121382,1790713556227,False,False,,223408100.30914426,111867024.33442667,164835634.0395843,403867746.61056376,139601863.77749023,1.9970862873876518,0.9847978930888474,0.967066008916832,2,-4.193971166448229,2.9577464788732355,중립,1478805.95616,2.188,1904906.56298,1314412.74002,1692207.18844,1802144.94216,1137405.78343,1.4492453587683691,1.18839657223731,1.1465943005904562,2,-4.216331613591895,4.30065865943432,중립,,0.0,,31.8,관찰,31.8
2026-09-30T05:44:03+09:00,OP,KRW-OP,OPUSDT,178.0,-2.1978022,625071312.0898432,1790714013640,False,False,,1025747529.5245478,566818697.8174865,816831250.957464,1571187955.011534,1597657854.4682693,1.809657185752956,1.041425177547067,0.7919402241015732,2,-8.080808080808078,7.692307692307687,중립,8114684.959697,-2.534,7644161.509854,4279659.367694,7384000.545402,9247184.815962,8142861.952457,1.786161199547264,1.0966790116180578,0.9047647454833235,2,-8.265027322404372,9.186991869918693,중립,,0.0,,31.6,관찰,31.6
2026-09-30T05:44:03+09:00,CTC,KRW-CTC,,159.0,3.24675325,645712409.0657848,1790714575220,False,False,,889035879.9882836,855797958.4094466,966598404.0661058,533162724.42825633,507150679.77491117,1.0388385146893921,1.132260979906281,1.1155053692113348,2,-2.5316455696202556,2.6666666666666616,중립,,,,,,,,,,,,,,NO_DATA,,0.0,,31.5,관찰,31.5
2026-09-30T05:44:03+09:00,XPL,KRW-XPL,XPLUSDT,132.0,-1.49253731,9641116171.050306,1790714612258,False,False,,13244734939.071503,10645900593.455856,13516830536.158382,24378451291.233715,13161432831.54337,1.244115969598023,0.8185668917728931,0.9177346669275904,2,-12.987012987012992,7.200000000000006,중립,20732320.684722,-1.936,25285011.627886,25954950.195166,40452468.312541,60692175.01912,32149657.542321,0.9741884086757072,0.596815715761099,0.7023706127791346,1,-14.232144414406545,9.289921102344723,중립,,0.0,,31.4,관찰,31.4
2026-09-30T05:44:03+09:00,SOMI,KRW-SOMI,SOMIUSDT,271.0,-1.4545454500000001,270540209.66093165,1790714011096,False,False,,209078903.37703896,206529955.53623167,420368634.5193351,148701151.869303,135297929.99869627,1.0123417827413426,0.8087118602882098,0.9139188428751845,2,-1.7857142857142905,8.695652173913038,중립,641138.24938,1.009,489960.56126,376117.86315,684427.35608,357866.81683,394628.36187,1.3026782539828432,1.0362868097643685,0.9352415812462616,2,-2.787121576165308,9.528965890633456,중립,,0.0,,31.1,관찰,31.1
2026-09-30T05:44:03+09:00,CFG,KRW-CFG,CFGUSDT,211.0,-2.31481481,2156208820.911218,1790714586371,False,False,,3909259842.6960053,3317633450.915733,4083906565.855541,3885777834.9190354,4720810978.725211,1.1783278353481068,1.0390227051444065,1.0259319977776653,2,0.46511627906977715,10.769230769230775,중립,3598842.92862,-3.07,3970174.8659,3654737.03126,2120588.16306,3471573.13969,3869004.77242,1.0863093108866577,1.28805618570426,1.238217372585218,3,-0.3144654088050314,11.462728551336143,중립,,0.0,,30.9,관찰,30.9
2026-09-30T05:44:03+09:00,WIF,KRW-WIF,WIFUSDT,325.0,2.84810127,111585620.0234767,1790714093728,False,False,,143316344.78869298,138501509.18271646,228640162.0043103,460423420.99201286,1066283524.2519665,1.0347637771919482,0.5195350050761464,0.29319640074385706,2,-7.331378299120239,-1.2499999999999956,중립,3176508.860258,5.144,3065609.806856,2538309.51993,2552676.392501,4011763.215181,4963595.593394,1.207736795999781,1.010335371395727,0.7188157922031316,2,-7.458563535911611,0.3852739726027288,중립,,0.0,,30.7,관찰,30.7
2026-09-30T05:44:03+09:00,LSK,KRW-LSK,LSKUSDT,394.0,3.6842105299999997,8453797477.163515,1790714625435,False,False,,3282389100.1855855,3218280270.2533245,4661539319.073166,9249159864.055618,36347301996.22043,1.0199202134521412,0.5748834790395198,0.25450592267628297,2,-9.090909090909093,-5.000000000000004,중립,4953278.97979,-0.725,6362879.34369,4480916.85822,8177758.14141,12332084.70361,40430871.73278,1.4199949575091182,0.7638278410798051,0.42302814404861444,2,-10.099823840281852,-14.157555368657126,중립,,0.0,,30.1,관찰,30.1
2026-09-30T05:44:03+09:00,CPOOL,KRW-CPOOL,,48.0,-3.8076152299999997,2060262407.8527486,1790714583057,False,False,,8660813458.839634,4225574305.575965,26946587683.036934,3169764996.98009,14137399776.086727,2.049618071420738,0.7565807354787916,0.3217066024167011,2,6.170212765957439,3.526970954356834,중립,,,,,,,,,,,,,,NO_DATA,,0.0,,30.1,관찰,30.1
2026-09-30T05:44:03+09:00,MON,KRW-MON,,37.1,-4.3814433,3049178575.205921,1790714598297,False,True,"거래량급등,입금량급등",8652974115.963469,1418302383.849408,1560777392.6524596,1586101106.285417,1487307911.1657581,6.100937440772307,5.686285607163304,4.96794288480551,2,8.988764044943798,17.933130699088153,일회성 폭증형,,,,,,,,,,,,,,NO_DATA,,0.0,,29.9,관찰,29.9
2026-09-30T05:44:03+09:00,PLUME,KRW-PLUME,PLUMEUSDT,24.3,-2.01612903,2019791213.866538,1790714567299,False,False,,3191720813.355228,2623513162.1985455,3407720479.381135,4489907543.75483,6476327931.8389435,1.2165827331624728,0.9100878195050331,0.8242847464160683,2,-4.980842911877392,15.348837209302335,중립,5426148.3755,0.731,7081169.45371,3295830.61703,4838217.88938,9061975.44244,10395113.29038,2.1485234760307903,1.235373271421309,1.0748769299360537,2,-5.28771384136858,16.369426751592385,중립,,0.0,,29.6,관찰,29.6
2026-09-30T05:44:03+09:00,SYRUP,KRW-SYRUP,SYRUPUSDT,323.0,3.52564103,5896778177.81491,1790714645699,False,False,,1320170519.2875504,775206799.3220973,1087305985.161243,922174180.9328914,1867891821.5083742,1.7029914087982883,1.4222465961342508,1.006951744924158,2,3.31125827814569,13.454545454545453,고수준 유지형,7424195.56734,7.21,2374727.01817,1716623.70662,1897914.05905,2052788.08716,2216534.91004,1.3833707463156226,1.2570621911483197,1.2001566321095414,2,3.2691446484550024,15.184815184815182,중립,,0.0,,29.5,관찰,29.5
2026-09-30T05:44:03+09:00,AXS,KRW-AXS,AXSUSDT,1553.0,2.84768212,2406414670.973552,1790714511677,False,False,,3809294294.7387547,3334933511.6849756,15160232801.627638,28879221532.56968,1975789494.4618082,1.1422399521284934,0.2412249192832485,0.35855744476824236,2,-5.977584059775842,6.488011283497874,중립,1825551.5246,4.186,2384477.9048,1929666.95195,5486527.02845,9670079.85353,1443065.25115,1.2356940156903227,0.4186655196988988,0.5446409403634215,2,-6.3919259882254,7.744433688286545,중립,,0.0,,29.3,관찰,29.3
2026-09-30T05:44:03+09:00,BIO,KRW-BIO,BIOUSDT,41.8,3.7220843699999997,1552782941.5565817,1790714260621,False,False,,515876339.3650685,278258437.18871534,642930172.4192992,1368540983.820868,674603529.8236185,1.8539468005967428,0.6759003432268273,0.7085232665368862,2,-9.641255605381172,3.5989717223650297,중립,2501487.207751,6.226,2390358.416444,1102242.56681,1604753.479124,3475737.284606,2714109.142674,2.1686319222473287,1.1598551750420842,1.063600682534823,2,-9.981851179673317,5.1218650653479525,중립,,0.0,,29.2,관찰,29.2
2026-09-30T05:44:03+09:00,INJ,KRW-INJ,INJUSDT,10580.0,4.85629336,1402005309.9630456,1790714521674,False,False,,1107672969.409521,901449146.6057216,1413060366.293055,1204157289.1378722,3299221219.841468,1.2287692251751594,0.9443971524399973,0.5819245388961054,2,-8.687782805429867,-5.700934579439254,중립,14624350.14369,5.937,14115365.41038,9774427.57151,13087085.27086,17714271.38839,23851049.90338,1.444111719802676,1.0436297667178038,0.7732813498573388,2,-9.429583486014403,-4.972446494937843,중립,,0.0,,29.1,관찰,29.1
2026-09-30T05:44:03+09:00,IOTA,KRW-IOTA,IOTAUSDT,72.8,-4.21052632,6425504087.5290165,1790714646013,False,True,"거래량급등,입금량급등",19649358940.08074,1239698535.8889723,1526513158.1693034,1559266960.454715,1194717089.766715,15.850110628702511,13.628104893949416,13.558400581241942,2,10.625909752547313,19.309262166405027,일회성 폭증형,3923123.5181,-5.291,9145048.1787,1163520.2214,1256384.4243,993385.2837,833936.3691,7.859810264145016,8.037742208709076,8.481520902803814,2,9.82318271119842,20.73434125269977,일회성 폭증형,,0.0,,29.0,관찰,29.0
2026-09-30T05:44:03+09:00,PROVE,KRW-PROVE,PROVEUSDT,322.0,5.22875817,964968771.9030212,1790714609713,False,False,,637196084.3189248,497179926.4486892,1392396108.7870903,398791095.8248659,748567903.4606488,1.2816206979037914,0.8353503364955096,0.6321407674644628,2,-4.075235109717868,-3.4700315457413256,중립,1274298.52875,6.058,1337800.51449,808369.55342,1128234.81915,1201165.02622,167470680.70228,1.6549367907661987,1.2790619811059618,0.03236698769276705,2,-4.741744284504657,-2.891670263271462,중립,,0.0,,28.8,관찰,28.8
2026-09-30T05:44:03+09:00,UP2,KRW-UP2,,94.6,6.411698540000001,5908500358.503707,1790714597634,False,False,,1456511938.019588,1398915526.0265374,3320237954.492803,4140424663.944608,9121690269.55546,1.0411721872561146,0.49319908271130714,0.17911595068699335,2,-7.492195629552533,-3.683640303358604,중립,,,,,,,,,,,,,,NO_DATA,,0.0,,27.9,관찰,27.9
2026-09-30T05:44:03+09:00,KNC,KRW-KNC,KNCUSDT,186.0,-2.10526316,237333563.82785964,1790714304687,False,False,,267052209.22614554,282367681.0104984,146886638.6811493,228116197.21627834,114895018.94992566,0.9457605355912405,1.2187291749055575,1.21401953412142,1,-4.522613065326631,-1.5544041450777257,중립,186052.10423,-0.217,272241.37225,182999.15179,112069.98673,385954.07387,225229.87089,1.4876646672243028,1.199260321661824,1.1165365224151824,3,-4.904632152588562,-0.7818052594171898,중립,,0.0,,27.8,관찰,27.8
2026-09-30T05:44:03+09:00,EUL,KRW-EUL,EULUSDT,1932.0,0.41580042,760289966.3489338,1790714633809,False,True,"거래량급등,입금량급등",5880425340.432155,1410705228.3242621,2036415440.3273146,894530364.2578365,1943014679.1289468,4.168429536067822,4.063264386653099,1.6056666097063026,2,-2.4340770791075106,-1.3839056893900525,일회성 폭증형,630427.11789,1.493,2171678.31016,688931.24688,1280823.66631,558929.24953,887669.94263,3.15224243347213,2.5764526177409395,1.6660332250745344,2,-2.878684030157641,-0.0705218617771397,고수준 유지형,,0.0,,27.7,관찰,27.7
2026-09-30T05:44:03+09:00,0G,KRW-0G,0GUSDT,449.0,14.54081633,60069202693.17896,1790714646005,False,False,,8162433428.363627,2982387898.327439,4988616669.185425,2769289982.2243867,4918818100.313952,2.7368785371417395,2.279946808878713,1.4024478282455504,2,11.680911680911677,16.32047477744807,고수준 유지형,30908909.147576,22.601,5348611.917574,1365956.573586,2584348.675674,1551855.682323,2225640.132211,3.915652972431231,2.9162788861040334,2.139269357799309,2,11.513284559106673,17.86731786731788,고수준 유지형,,0.0,,27.6,관찰,27.6
2026-09-30T05:44:03+09:00,MLK,KRW-MLK,,58.2,-1.8549746999999999,269954821.8278264,1790713611645,False,False,,433732083.0954142,435520315.5903159,344391630.55574757,290523472.05161804,253517901.9892675,0.9958940319638641,1.2155766029090282,1.1543308901752074,1,-2.1452145214521545,0.0,중립,,,,,,,,,,,,,,NO_DATA,,0.0,,27.5,관찰,27.5
2026-09-30T05:44:03+09:00,TRUST,KRW-TRUST,,84.5,0.0,1415252845.7908888,1790714607886,False,False,,16130369458.779985,25986025236.140594,1005002350.3405551,525975307.1376437,665071344.8213401,0.6207324633990713,1.7585893552223262,2.790397897256233,1,1.318944844124692,2.5485436893203817,감소형,,,,,,,,,,,,,,NO_DATA,,0.0,,27.0,관찰,27.0
2026-09-30T05:44:03+09:00,MOCA,KRW-MOCA,,14.3,4.37956204,872771064.6478285,1790714446275,False,False,,412498783.62666845,484934326.20286804,191501365.7372173,166581706.18616933,194407096.8372007,0.8506281393949068,1.4679369057276221,1.346196225280651,1,-3.5211267605633756,0.0,중립,,,,,,,,,,,,,,NO_DATA,,0.0,,27.0,관찰,27.0
2026-09-30T05:44:03+09:00,BERA,KRW-BERA,BERAUSDT,328.0,10.43771044,1973098999.8294442,1790714637332,False,False,,1962147803.3017795,1239795580.2880137,1679268793.045924,1778540360.0679815,1736413044.9187348,1.582638165919222,1.2530733733407333,1.043408244189273,2,-7.476635514018692,-1.0000000000000009,중립,1502829.3660099,12.256,1004651.1138756,1009596.458614,1076542.7388063,878642.6444354,835973.725652,0.9951016619598795,1.0165851999890565,0.9256933011691058,1,-8.02026171380329,-0.4568296025582508,중립,,0.0,,26.9,관찰,26.9
2026-09-30T05:44:03+09:00,PRL,KRW-PRL,,158.0,0.63694268,926492491.9684098,1790714516536,False,False,,1985983643.3387537,2036659418.3975313,1606130806.212406,1197459194.4558792,1726664075.631089,0.9751181888336294,1.2309181643714062,1.0861060133569,1,-3.6809815950920255,0.0,중립,,,,,,,,,,,,,,NO_DATA,,0.0,,26.8,관찰,26.8
2026-09-30T05:44:03+09:00,POL,KRW-POL,POLUSDT,161.0,1.25786164,4029010935.8307323,1790714580001,False,True,입금량급등,5489951437.785447,2439214404.6058927,3602430986.3148084,4454245326.758308,3746017336.532518,2.2507047463392076,1.5691716650226686,1.3352030832202924,2,1.273885350318471,14.388489208633093,고수준 유지형,15810321.764243,1.38,18307078.584333,9530285.679891,11368259.391063,13085919.904033,7918305.896612,1.920937021117963,1.6160688653895752,1.661133327661419,2,0.5330123796423614,15.462085308056883,고수준 유지형,,0.0,,26.6,관찰,26.6
2026-09-30T05:44:03+09:00,KAITO,KRW-KAITO,KAITOUSDT,458.0,0.88105727,1727185608.9692707,1790714609680,False,True,입금량급등,2504874792.559625,1416279118.6572537,2665275256.7620263,1676299452.973401,2705624146.60792,1.7686307448594225,1.3051085702494467,0.9365753930287742,2,-5.41666666666667,1.1135857461024523,중립,2389199.28084,2.139,2800010.40681,1510200.046,2064985.68967,1959004.14913,3456613.44715,1.8540658995649375,1.5178429716517703,1.0559617239181076,2,-5.991561181434591,2.5782688766114337,고수준 유지형,,0.0,,26.5,관찰,26.5
2026-09-30T05:44:03+09:00,SKR,KRW-SKR,,24.8,-3.5019455300000004,635722228.5490648,1790714613649,False,False,,1089782260.559643,1137387348.1673708,797704642.9124533,843480404.2992849,868533605.7360632,0.9581452284620257,1.176628252377372,0.8235173620880452,1,-7.220216606498198,-8.865248226950351,중립,,,,,,,,,,,,,,NO_DATA,,0.0,,26.4,관찰,26.4
2026-09-30T05:44:03+09:00,ARB,KRW-ARB,ARBUSDT,281.0,2.18181818,10644402799.30831,1790714608612,False,False,,15907654233.295643,16999696218.708061,9514963647.431482,11271835402.889294,11907827161.115238,0.9357610882357631,1.2629634571852546,1.1191803449204325,1,-10.423452768729646,-7.4074074074074066,중립,27614670.29894,2.925,32597447.93638,36445864.16164,22155430.97217,34270904.16426,30392679.07667,0.8944073267630037,1.0529775815395408,0.9015617101167249,1,-10.895456550507276,-6.481481481481477,중립,,0.0,,26.0,관찰,26.0
2026-09-30T05:44:03+09:00,NEWT,KRW-NEWT,NEWTUSDT,65.7,-0.15197568,225513464.3386523,1790710972734,False,False,,511271208.2365861,594594206.7364419,298333441.3888942,486064066.39847547,586878954.509249,0.8598657747488124,1.1122718204578983,0.46856072102261054,1,-5.05050505050505,-2.2288261515601815,중립,260228.689594,0.457,339787.142862,327835.303644,316093.962223,436145.910972,483939.563382,1.0364568400204348,0.9437874792839069,0.6880913363420389,3,-5.503512880562067,-1.4250814332247508,중립,,0.0,,25.9,관찰,25.9
2026-09-30T05:44:03+09:00,CASHCAT,KRW-CASHCAT,,245.0,-0.40650406999999994,12831894878.481318,1790714631240,False,False,,,,,,,,,,,,,NO_DATA,,,,,,,,,,,,,,NO_DATA,,0.0,,25.0,관찰,25.0
2026-09-30T05:44:03+09:00,QUID,KRW-QUID,,92.4,-0.10810811000000001,1962171067.0737045,1790714405387,False,False,,2261428796.9831176,2572799367.912117,3557051525.6104727,1950152431.75513,1849882511.7334845,0.8789759610436769,0.8396390592718189,0.6449915280530883,1,-1.9088016967126142,-3.039832285115307,중립,,,,,,,,,,,,,,NO_DATA,,0.0,,25.0,관찰,25.0
2026-09-30T05:44:03+09:00,HOME,KRW-HOME,HOMEUSDT,8.03,-0.12437811,384454720.05393016,1790714625452,False,False,,967375977.9678823,1105206277.8784149,2251639081.4195375,2917834491.75198,4086170245.3798304,0.8752899773831221,0.4625141047503863,0.39337292528797474,1,-8.636363636363653,-2.1897810218978297,중립,474804.85891,-0.169,719029.6995,759867.80352,860520.30048,1467973.66799,1626470.62157,0.9462563042797416,0.6984573886595125,0.5491685579401824,1,-9.355828220858886,-0.8389261744966348,중립,,0.0,,25.0,관찰,25.0
2026-09-30T05:44:03+09:00,QKC,KRW-QKC,QKCUSDT,3.78,-1.30548303,377344949.58141273,1790714077486,False,False,,919999238.174926,1092759978.830193,796124737.5694954,2624484363.3786063,900630463.9158627,0.8419042205039312,0.6115160683159452,0.7217935332839869,1,-6.35696821515892,-2.2959183673469385,중립,108318.208253,-1.462,143099.227163,204419.918211,144058.958426,678699.223329,252677.580753,0.700025850784729,0.417938896383412,0.48193782047480216,1,-5.919521117392756,0.2835873803615607,감소형,,0.0,,25.0,관찰,25.0
2026-09-30T05:44:03+09:00,XTZ,KRW-XTZ,XTZUSDT,423.0,-0.47058824,360725477.2364056,1790714559000,False,False,,413796077.65273345,439354285.68350655,437934536.6863368,620324737.3013345,255899620.7051851,0.9418277939612857,0.8289109196038293,0.8643318946602985,1,-5.555555555555558,-4.921700223713643,중립,669766.85819,1.197,1047005.08173,547586.59345,905842.30577,1765922.49347,869689.13619,1.9120356382969075,0.9756671024859622,0.9619052330232977,2,-5.691056910569115,-3.57142857142857,중립,,0.0,,25.0,관찰,25.0
2026-09-30T05:44:03+09:00,SENT,KRW-SENT,SENTUSDT,28.2,-0.70422535,112922796.84137449,1790714037684,False,False,,262597152.72390565,293535332.5065201,568315142.5595218,521080633.07266086,1042542809.2756765,0.8946015134926654,0.5696534364839122,0.17930525645237508,1,-12.345679012345679,-1.388888888888895,중립,693980.6784,-1.195,1074908.37446,847931.40606,2132161.79776,1767046.56559,1698928.26228,1.2676831719851867,0.6792985418629851,0.4477850014367371,2,-13.103161397670549,-0.6657156443176437,중립,,0.0,,25.0,관찰,25.0
2026-09-30T05:44:03+09:00,AVNT,KRW-AVNT,AVNTUSDT,171.0,1.78571429,1262873418.4841282,1790714613663,False,False,,5581408326.980525,1195438873.5401845,5782477902.048407,1752719222.1020172,1150978016.5932298,4.6689198841691395,1.9178700137505087,2.275742935140595,2,-0.591715976331364,12.00000000000001,일회성 폭증형,702544.64836,2.278,2611917.82875,831675.04443,3607849.00092,2062373.80492,626823.00318,3.1405509233959448,1.2051486606982929,1.5799186838377086,2,-0.9630818619582704,12.591240875912412,중립,,0.0,,24.7,관찰,24.7
2026-09-30T05:44:03+09:00,FLUID,KRW-FLUID,,1994.0,5.5026455,1280415678.6020112,1790713926974,False,False,,445290640.7329087,522627513.5447782,274944161.92958355,273941140.80621785,124217697.37550235,0.8520229593590974,1.2467157666259059,1.4558462972411792,1,-3.669724770642202,1.3404825737265424,중립,,,,,,,,,,,,,,NO_DATA,,0.0,,24.6,관찰,24.6
2026-09-30T05:44:03+09:00,WLFI,KRW-WLFI,WLFIUSDT,77.2,-0.12936611,1765137736.6862974,1790714608594,False,False,,3466032872.7944937,3899726003.1758885,5502014510.796696,1831309784.0394216,2631666888.2063565,0.8887888200278172,0.9256700844848623,0.9291878394710391,1,-0.2580645161290307,3.7583892617449655,중립,5465828.88359,0.0,6544122.69873,5015620.26881,6955342.23556,6814575.39247,7127876.38296,1.304748435487651,1.0450788369223354,0.935026697527485,2,-0.6968641114982521,4.972375690607733,중립,,0.0,,24.2,관찰,24.2
2026-09-30T05:44:03+09:00,ZRO,KRW-ZRO,ZROUSDT,2159.0,1.8876828700000001,2976718926.323693,1790714602316,False,True,입금량급등,4431044441.147276,2083116976.6755073,2688053191.834902,7174899630.116448,9700905994.68138,2.127122235938415,1.1127620671503031,0.6056142125029826,2,-3.286170698311275,2.9640427599611163,중립,12487873.18753,2.053,13850549.58304,9339634.48358,11748239.91274,15071918.83523,20107382.00397,1.482986256838063,1.1491119012501854,0.7737995543175509,2,-3.760789149198529,4.066666666666663,중립,,0.0,,23.7,관찰,23.7
2026-09-30T05:44:03+09:00,TAO,KRW-TAO,TAOUSDT,414400.0,-0.83752094,2793245486.182446,1790714610413,False,False,,3503286700.489166,4391027473.88628,6108682892.241184,5240401253.689657,4071613239.594975,0.7978284630017541,0.6677119168732811,0.6481750505734568,1,-2.7461019315801694,5.743927125506065,중립,43629247.94552,-0.163,58979693.42493,47054426.2516,58668835.2636,56025376.05486,48442023.51155,1.2534356090023413,1.0939138834980937,1.108949781404085,2,-3.0207677784770404,7.311977715877438,중립,,0.0,,23.7,관찰,23.7
2026-09-30T05:44:03+09:00,AVAX,KRW-AVAX,AVAXUSDT,15530.0,7.77238029,31156878972.99235,1790714623814,False,True,입금량급등,12597075397.951035,6351590566.483566,11523853654.978065,8691757638.73907,6781883132.745587,1.9832946198427834,1.4224767212111515,1.3420473061345919,2,-1.9060585432266852,1.7655367231638408,고수준 유지형,115341539.58002,9.441,56704299.97883,48613988.84509,48017776.27594,49214793.68163,51208788.48539,1.1664194057294914,1.1663826787073117,1.090689859564644,3,-0.3379647014645104,3.4294621979735096,중립,,0.0,,23.5,관찰,23.5
2026-09-30T05:44:03+09:00,CHIP,KRW-CHIP,CHIPUSDT,60.4,1.00334448,1581179231.2335339,1790714581060,False,False,,2336803613.221547,2667956317.825542,3073121789.3010616,4268932407.2429996,5271834333.730741,0.8758777636682248,0.7003400075955,0.5830926223495739,1,-12.18795888399412,3.460207612456756,중립,1925639.84259,2.687,2746399.66829,2793611.35308,3399045.61955,5213498.55063,5072408.47591,0.9831001242395624,0.7223467177935821,0.7018070255740942,1,-12.82966488201468,4.567078972407224,중립,,0.0,,23.4,관찰,23.4
2026-09-30T05:44:03+09:00,CVC,KRW-CVC,CVCUSDT,40.6,-0.49019608,835340708.9105685,1790714608245,False,False,,1347823108.8530328,1599159088.7926528,5467877829.353356,6612005577.792231,31106248063.232674,0.8428324100453471,0.2955959328117987,0.14367490115250636,1,-3.087885985748229,7.36842105263158,중립,421874.44278,1.489,697193.7824,393017.29296,1048380.37939,1366992.46151,5646621.99966,1.7739519224436726,0.7447616775113862,0.3784643830097588,2,-3.567984570877536,8.499095840867987,중립,,0.0,,23.4,관찰,23.4
2026-09-30T05:44:03+09:00,KITE,KRW-KITE,KITEUSDT,181.0,-3.2085561499999997,1446912697.085339,1790714601594,False,False,,2914959965.6232333,3615246971.318374,4620954677.440816,1959462780.5447605,1645136779.0401716,0.8062962195250061,0.8577057392881167,0.9201028480582774,1,3.8888888888888973,2.1857923497267784,중립,2279547.81662,-2.551,3837457.86767,4134543.50921,3781137.72426,2178491.51505,1569254.41002,0.9281454794517896,1.140496986709281,1.293472801971469,1,3.155522163786628,3.3107599699021995,중립,,0.0,,23.2,관찰,23.2
2026-09-30T05:44:03+09:00,BEAM,KRW-BEAM,,2.79,1.08695652,172034463.9443306,1790714161165,False,False,,359039145.16258943,359994157.64910626,560232484.8565059,999873776.6124752,5711145321.3826,0.9973471444849177,0.5609693247098474,0.21974814229335865,1,-3.832752613240431,4.150943396226414,중립,,,,,,,,,,,,,,NO_DATA,,0.0,,23.2,관찰,23.2
2026-09-30T05:44:03+09:00,AKT,KRW-AKT,,917.0,2.45810056,986589765.3052546,1790714601241,False,False,,1545890848.1420207,1558882023.970281,1255817342.83686,2063637006.7302861,1652359300.9812148,0.9916663508665182,0.9506668235472961,0.7643844295752115,1,-6.380753138075312,-4.584221748400852,중립,,,,,,,,,,,,,,NO_DATA,,0.0,,23.0,관찰,23.0
2026-09-30T05:44:03+09:00,AAVE,KRW-AAVE,AAVEUSDT,225600.0,11.02362205,21823811014.551533,1790714530243,False,False,,4260627050.174973,3630293912.715418,4811621061.948952,6910748721.960256,5308166350.537992,1.1736314338769538,0.8325513671829529,0.7078945370901649,2,-2.0722891566265056,6.610703043022026,중립,73165644.64329,12.655,22323603.03165,15568836.4205,17425951.4153,30344939.85835,21513121.98949,1.4338645759201232,1.0573270762756273,0.9333797845049387,2,-2.701471162609037,7.547848611310992,중립,,0.0,,22.7,관찰,22.7
2026-09-30T05:44:03+09:00,AXL,KRW-AXL,AXLUSDT,70.8,0.14144272,584525608.0855268,1790714229536,False,False,,3456235139.3677144,5812403481.727314,358943771.528814,490369345.40625334,368343951.150007,0.5946309732683251,1.5564615012570626,2.1993063581356926,1,-1.8055555555555491,2.76162790697676,감소형,435195.855439,0.385,1640523.647627,1823949.653141,426730.79741,469318.104278,661310.189648,0.8994347211294322,1.8094020433001325,1.6693517279954069,1,-2.2471910112359494,4.191616766467066,중립,,0.0,,22.7,관찰,22.7
2026-09-30T05:44:03+09:00,ETHFI,KRW-ETHFI,ETHFIUSDT,1069.0,10.77720207,5034874381.203877,1790714598921,False,False,,1299908436.9530792,1237463121.7685735,1357545779.3831737,1397917986.9397137,961610344.5209469,1.0504623645634459,0.976658331132937,0.9633541908425158,2,-0.924024640657084,7.941834451901575,중립,14200536.2574,12.037,7101277.38769,6812319.25748,6232584.83986,5753531.01373,3994945.9606,1.042416997690283,1.1332768944434437,1.1807981658665336,5,-1.4440433212996373,9.469463294262791,중립,,0.0,,22.6,관찰,22.6
2026-09-30T05:44:03+09:00,ICP,KRW-ICP,ICPUSDT,4760.0,11.606096130000001,3663668653.284415,1790714526297,False,False,,747370268.6390898,701595645.680755,1044431910.9403377,1207825298.2587032,1556207005.9598398,1.0652435961370883,0.759046207130216,0.5362680831731448,2,-1.1816496756255845,6.041770263550483,중립,29827582.81541,14.934,13291102.10455,9854553.13073,12833701.23801,11860567.83825,16246236.6791,1.3487270227508967,1.1541147792176467,0.9805165135632904,2,-1.7857142857143016,7.179487179487176,중립,,0.0,,22.4,관찰,22.4
2026-09-30T05:44:03+09:00,RENDER,KRW-RENDER,RENDERUSDT,2620.0,-1.24387486,918248114.0225719,1790714611852,False,False,,2077584571.631818,2178690076.2046256,1927558030.264963,2111280360.4229527,2203188623.2684107,0.9535934432909623,1.0024487620899503,0.9990335301052555,1,0.7978723404255428,11.51744430432955,중립,6818612.24536,0.572,10813459.68891,8690161.87486,8232516.04732,10297191.31111,7348053.68967,1.2443335169845966,1.1917904082748236,1.2707436554183396,3,0.15408320493066618,12.456747404844283,중립,,0.0,,22.2,관찰,22.2
2026-09-30T05:44:03+09:00,RE,KRW-RE,REUSDT,648.0,3.3492822999999996,2719249920.2381797,1790714581036,False,False,,2646655439.8827677,3506531385.8571577,2867501867.24106,2027687767.8427677,2551831665.5209427,0.7547787681460616,0.9450404625264544,0.856087116611225,1,-2.941176470588236,2.2838499184339334,중립,2525679.95455,3.667,1429378.21038,1743439.12579,2337986.11263,1443077.61719,1512523.62555,0.8198612668694754,0.7762028083279028,0.6840854361314138,1,-3.47280334728034,3.3139274518584783,중립,,0.0,,21.8,관찰,21.8
2026-09-30T05:44:03+09:00,FIL,KRW-FIL,FILUSDT,1464.0,1.24481328,2962696719.87972,1790714615002,False,False,,5001038147.688715,6401116537.707158,18443857953.829006,3146047633.4990187,3185409877.1442676,0.7812759099493066,0.5359973771607058,0.6869437447707922,1,1.7593244194229474,12.529182879377432,중립,16763618.171524,3.712,19193415.495163,12959961.239863,32737197.186611,14256010.626851,16441816.358158,1.48097784707309,0.9604203980322472,0.93134759279915,2,1.2666666666666604,13.588291849161394,중립,,0.0,,20.6,관찰,20.6
2026-09-30T05:44:03+09:00,CBK,KRW-CBK,,296.0,-3.26797386,1000469998.6388696,1790714617602,False,False,,5728326972.039775,1324405180.9486356,11160507175.796453,214565846.56875736,295594897.2345304,4.325207311509254,1.3532037018367427,2.1478876153906103,2,5.882352941176472,7.746478873239426,일회성 폭증형,,,,,,,,,,,,,,NO_DATA,,0.0,,19.8,관찰,19.8
2026-09-30T05:44:03+09:00,BABY,KRW-BABY,BABYUSDT,19.2,6.07734807,220417919.97563422,1790713829608,False,False,,424252990.13042885,442023890.03166485,896033971.0459964,215373224.33652237,356897057.9758629,0.9597965171068854,0.819321167409198,0.8431825009655514,1,0.5555555555555536,7.100591715976345,중립,108277440.82226,7.137,30785849.60607,20114796.07821,51266665.08328,62481594.10353,12561297.49116,1.5305076664147623,0.6899405413641722,0.7394317039406579,2,0.3745318352059934,9.031733116354768,중립,,0.0,,18.4,관찰,18.4
2026-09-30T05:44:03+09:00,ANIME,KRW-ANIME,ANIMEUSDT,4.38,-1.79372197,2438144000.4682584,1790713328215,False,False,,761722277.0631595,1136106584.7464838,493091298.7290356,390908613.1037221,667551791.5967109,0.6704672671474162,1.1312110698416535,0.9890304761902348,1,-4.700854700854695,-1.978021978021971,감소형,630233.438072,0.932,249036.291593,392374.113016,156442.574613,165124.054083,201649.051487,0.6346909322808585,1.0464578236387858,1.0150303270183225,1,-5.187319884726227,-0.303030303030305,감소형,,0.0,,14.0,관찰,14.0
2026-09-30T05:44:03+09:00,ARX,KRW-ARX,,365.0,3.9886039900000005,13302059447.296877,1790714642140,False,False,,20648252157.757217,41713138805.01888,2571272303.087813,1526690452.5326693,4827116787.914237,0.49500595613947995,1.3521778425536535,1.947579808772539,1,3.2352941176470695,11.075949367088601,감소형,,,,,,,,,,,,,,NO_DATA,,0.0,,13.8,관찰,13.8
2026-09-30T05:44:03+09:00,ZKP,KRW-ZKP,ZKPUSDT,65.2,-1.51057402,633899984.5884976,1790714611837,False,False,,884164508.5251579,1282796947.367905,554386175.5434818,562272310.009124,1482892648.0525103,0.689247437280953,1.1054564669896687,0.877093472847893,1,-5.563480741797422,-0.4511278195488688,감소형,208314.28614,-1.031,403453.25469,433158.51732,331786.96839,326629.25086,441485.97847,0.9314217279766545,1.1088198760198977,1.0341542827777868,1,-5.609284332688591,1.0351966873705987,중립,,0.0,,13.8,관찰,13.8
2026-09-30T05:44:03+09:00,ERA,KRW-ERA,ERAUSDT,90.8,-2.7837259100000002,755821173.3181597,1790714334014,False,False,,1163599968.3941042,1861528691.5905914,725638871.1664078,742092960.1718245,676731388.6100804,0.6250776437938548,1.0485210998481367,1.0580592146477814,1,-2.3012552301255096,2.300109529025196,감소형,370607.80651,-1.182,595964.86785,1056425.17058,425282.69015,504428.99915,386374.36391,0.5641335368058323,0.9001870111096084,0.9599135584820265,1,-2.6912181303116123,3.619909502262453,감소형,,0.0,,13.2,관찰,13.2
2026-09-30T05:44:03+09:00,VTHO,KRW-VTHO,VTHOUSDT,0.937,-2.9015544,1583098588.080138,1790714572064,False,False,,2198760936.602741,3059187680.823201,4298064701.475723,4149435438.5427394,12691708850.139778,0.7187401251599814,0.5732564324775201,0.3403033426189383,1,-10.648148148148163,-1.025641025641022,감소형,17643972.915533,-2.542,16763983.51243,76111215.052677,20951947.94085,123415999.189048,10561752.233996,0.2202564168871506,0.22810296464953045,0.35860781167534006,1,-11.027568922305765,0.14104372355430161,감소형,,0.0,,13.0,관찰,13.0
2026-09-30T05:44:03+09:00,BLAST,KRW-BLAST,,0.576,-1.20068611,1498813248.8527954,1790714538935,False,False,,2945084106.629026,5237812604.019222,4104984173.507495,27362214893.855743,4219603536.204266,0.5622736682807482,0.24070969923640145,0.16909311445817754,1,-12.985074626865678,-10.307692307692317,감소형,,,,,,,,,,,,,,NO_DATA,,0.0,,13.0,관찰,13.0
2026-09-30T05:44:03+09:00,ZAMA,KRW-ZAMA,ZAMAUSDT,102.0,-7.27272727,1431055750.4352756,1790714640852,False,False,,1344622781.5337963,2998433097.140991,2571693775.362149,2705082600.4775496,2750667903.114675,0.4484418154321654,0.487464197465011,0.4350030886367211,1,-9.836065573770492,-12.698412698412698,감소형,6692647.2978,-6.108,8948336.12325,9518791.19307,8136590.46947,11666643.15932,17720900.90555,0.9400706394068913,0.9155236902240343,0.5812033648120299,1,-10.240496508921638,-12.053425996307954,중립,,0.0,,13.0,관찰,13.0
2026-09-30T05:44:03+09:00,RAY,KRW-RAY,RAYUSDT,2539.0,-1.39805825,1399071243.7158983,1790714583733,False,False,,1803307194.8220067,5359480776.789576,1455817016.1238296,1707500215.5006154,8675593003.523516,0.3364705033800345,0.6347588642984553,0.32503275943502796,1,-7.871198568872984,-5.226352594773642,감소형,7315445.84104,-1.455,10222327.47436,11415519.83473,6064212.77023,8179939.04153,17220642.34483,0.8954763008917132,1.1951432132715913,0.8225015569067513,1,-8.242740493791379,-3.964601769911502,중립,,0.0,,13.0,관찰,13.0
2026-09-30T05:44:03+09:00,VVV,KRW-VVV,,36910.0,-2.4577167,1126558162.740484,1790714645037,False,False,,1360192201.9195788,3446086691.2242074,885237193.7668076,1912443219.3261023,2301540555.914533,0.3947063216324301,0.6535440123859376,0.5761928712700043,1,-7.549474712924509,-9.01659052656889,감소형,,,,,,,,,,,,,,NO_DATA,,0.0,,13.0,관찰,13.0
2026-09-30T05:44:03+09:00,PIEVERSE,KRW-PIEVERSE,,1919.0,-3.7612838500000003,580571965.3595988,1790714636374,False,False,,825287969.7126143,2377992513.77992,816502260.2305021,771434779.5047857,1021020419.8879246,0.34705238344118416,0.6242833806625125,0.6555810896272156,1,-7.8558225508317925,-14.051724137931032,감소형,,,,,,,,,,,,,,NO_DATA,,0.0,,13.0,관찰,13.0
2026-09-30T05:44:03+09:00,IOST,KRW-IOST,IOSTUSDT,1.22,-0.8130081299999999,1366263610.3412547,1790714623811,False,False,,2011608500.6384096,2882587196.5004644,1967976181.589408,1804204618.5581985,2517950308.568976,0.6978482743143224,0.9068423579837643,0.6969412322466484,1,-6.818181818181824,0.8196721311475308,감소형,586364.828332,-0.111,931123.333897,939052.572782,1138678.630271,994238.752473,871373.421503,0.9915561288954151,0.9093090238939864,0.7544825616258605,1,-6.6941297631307854,2.488687782805421,중립,,0.0,,12.8,관찰,12.8
2026-09-30T05:44:03+09:00,PUNDIX,KRW-PUNDIX,PUNDIXUSDT,159.0,0.0,314161546.80044615,1790714359669,False,False,,520959347.86331743,717939962.2576756,562540462.0794573,588240691.707069,632654301.2978371,0.7256307981869103,0.8363356255631804,0.7990415643245224,1,-4.790419161676651,1.9230769230769162,감소형,176431.94679,1.472,227601.63966,267168.10405,256525.27618,219586.51083,307890.22815,0.8519042363582621,0.918637685739411,0.7862844733994729,1,-5.092966855295067,2.9824561403508865,중립,,0.0,,12.6,관찰,12.6
2026-09-30T05:44:03+09:00,ANKR,KRW-ANKR,ANKRUSDT,6.64,-2.35294118,479496897.1864309,1790714612175,False,False,,431293025.037231,3181360754.9715753,1174035776.8162823,3396157630.458345,218008019.4884472,0.1355687261695301,0.16691866534500996,0.2539487072317847,1,-1.3062409288824406,2.2556390977443552,감소형,391752.915418,-1.417,376590.529807,938096.641569,384982.544994,1037782.350401,280593.996057,0.4014410809286546,0.4785420795468817,0.6202089966548285,1,-1.7716535433070946,3.0991735537190035,감소형,,0.0,,12.5,관찰,12.5
2026-09-30T05:44:03+09:00,TFUEL,KRW-TFUEL,TFUELUSDT,14.3,-2.72108844,280165871.32076776,1790713488621,False,False,,433314997.9011818,1453063754.9459515,310399583.1067175,425114840.38362044,308316172.419269,0.29820783597846984,0.593967812761589,0.72439131971624,1,-0.6756756756756799,2.083333333333326,감소형,207316.91375,-2.043,266161.31036,886631.35062,144985.08439,346250.56559,224736.05933,0.3001938857382832,0.5795072606661569,0.740823693659071,1,-0.18416206261508972,3.336510962821748,감소형,,0.0,,12.5,관찰,12.5
2026-09-30T05:44:03+09:00,ZETA,KRW-ZETA,,70.1,-0.9887005600000001,1055681494.6590109,1790714527950,False,False,,1535499077.076099,2499920976.7806897,3068877780.0882287,3497202941.3979015,4238094682.1487226,0.6142190458569857,0.5081068131841336,0.29221775298551755,1,-5.09383378016085,2.608695652173898,감소형,,,,,,,,,,,,,,NO_DATA,,0.0,,12.4,관찰,12.4
2026-09-30T05:44:03+09:00,T,KRW-T,TUSDT,7.38,0.8196721299999999,1366117328.8453155,1790714625765,False,False,,3527431156.6495466,10410323084.293438,5415883989.6512375,2105069605.701688,3262242952.0365148,0.3388397389867327,0.5901583952446906,0.5655406675472573,1,-3.6842105263157787,-2.1390374331550777,감소형,407093.088812,2.439,489263.634452,1527840.209048,813472.954541,412870.107776,902794.912274,0.3202322020028921,0.532931456891955,0.4621499389456724,1,-3.9285714285714257,-1.1029411764705954,감소형,,0.0,,12.3,관찰,12.3
2026-09-30T05:44:03+09:00,WAL,KRW-WAL,WALUSDT,45.6,-1.93548387,508739819.2118207,1790714608239,False,False,,976268462.8910679,1592914804.3924878,867718883.0473788,1445988189.5251055,501219169.4550028,0.6128817813727339,0.749702807415949,0.8818744222947567,1,-8.464566929133854,3.3333333333333437,감소형,340230.401861,-0.707,508045.392743,435918.807438,538127.607544,853179.019316,400364.543347,1.1654587599211546,0.8341259647661136,0.8254597140435127,2,-8.585858585858597,5.232558139534871,중립,,0.0,,12.3,관찰,12.3
2026-09-30T05:44:03+09:00,GLM,KRW-GLM,GLMUSDT,170.0,-1.1627907,237713674.07507664,1790713278840,False,False,,459247010.5102493,631626652.215151,437786224.91856146,510658644.7384,525595074.9860031,0.727086181211074,0.8719485241391873,0.8274581727120861,1,-1.7142857142857126,2.9940119760478945,감소형,130252.0296,1.04,116667.78159,152633.20042,85849.98299,105343.31453,155335.40274,0.7643670005540463,1.0179650110361123,0.8295313358560704,1,-2.4031007751937894,4.049586776859515,중립,,0.0,,12.3,관찰,12.3
2026-09-30T05:44:03+09:00,KERNEL,KRW-KERNEL,KERNELUSDT,70.6,1.14613181,456323860.7027993,1790714588956,False,False,,920808640.2581806,1384304288.8559883,1270990714.9728947,1592835717.4658628,11526621996.95025,0.665177914762622,0.6502685774068199,0.13557217163069502,1,-7.180851063829796,-9.46822308690013,감소형,537023.36523,2.353,596640.42179,520187.0384,399044.15988,767642.33837,1742754.25646,1.1469728727289257,1.0610879988814366,0.5238967237310018,3,-7.5539568345323715,-8.540925266903908,중립,,0.0,,12.1,관찰,12.1
2026-09-30T05:44:03+09:00,B3,KRW-B3,,1.08,0.0,4561725181.189971,1790714601234,False,False,,4941007451.283248,14135762584.19652,4878575540.299883,33742862659.562485,4519018857.223932,0.3495395046325402,0.2809668089579284,0.2455493011969871,1,-6.0869565217391175,5.882352941176472,감소형,,,,,,,,,,,,,,NO_DATA,,0.0,,11.7,관찰,11.7
2026-09-30T05:44:03+09:00,TAIKO,KRW-TAIKO,,123.0,-3.1496063,1145714661.4742177,1790714619555,False,False,,2385840105.142615,16866060178.749851,329731957.3937258,362138934.0388908,578621501.5962641,0.14145805717855908,0.40765169237866594,0.6327654438312615,1,0.7936507936507908,4.958677685950419,감소형,,,,,,,,,,,,,,NO_DATA,,0.0,,11.6,관찰,11.6
2026-09-30T05:44:03+09:00,XCN,KRW-XCN,,6.66,1.83486239,469998866.4741297,1790714648718,False,False,,1218033140.6464708,4529084564.505775,1035243575.9021567,616167530.56629,3041938854.4936404,0.26893583533240684,0.5912308035584178,0.4797534715682512,1,-4.245973645680823,-9.54356846473029,감소형,,,,,,,,,,,,,,NO_DATA,,0.0,,11.5,관찰,11.5
2026-09-30T05:44:03+09:00,SONIC,KRW-SONIC,,36.2,1.9718309900000002,672590060.6930735,1790714204745,False,False,,1422114069.1775267,8148590703.687558,781674966.1993244,817953896.4383346,1977507359.3659985,0.17452270225500024,0.4376534790281567,0.5495629663048631,1,-4.569892473118287,0.56657223796035,감소형,,,,,,,,,,,,,,NO_DATA,,0.0,,11.3,관찰,11.3
2026-09-30T05:44:03+09:00,STX,KRW-STX,STXUSDT,437.0,2.34192037,3566924323.6162133,1790714582411,False,False,,5656939672.173287,8127510943.64809,9516321270.439722,5667517324.351759,4435230530.986427,0.6960236302842959,0.7280067157216958,0.825708603987808,1,-2.954545454545454,0.9456264775413725,감소형,1360330.43554,3.005,2295389.15276,2543947.18361,3073574.50456,2061839.04223,1879725.57724,0.9022943430384892,0.8967110284349561,0.9730578520750862,1,-3.7071078431372584,2.012333657903298,중립,,0.0,,10.9,관찰,10.9
2026-09-30T05:44:03+09:00,SC,KRW-SC,SCUSDT,1.43,-2.72108844,938953516.5704454,1790714587328,False,False,,2479596004.6933637,10782846319.552984,1376351611.1847699,3556456943.0561314,955904669.1379834,0.2299574649596006,0.473336178085992,0.5730430172482639,1,-0.6756756756756799,9.701492537313428,감소형,376306.591389,-3.829,585321.343984,1694167.148409,614723.260837,3376942.058417,386682.489163,0.34549208709050816,0.30883147576694947,0.40682091728381203,1,-1.3673655423883324,11.316872427983537,감소형,,0.0,,10.9,관찰,10.9
2026-09-30T05:44:03+09:00,GEOD,KRW-GEOD,,359.0,2.5714285699999997,900844596.4127626,1790714567295,False,False,,1045785396.0776638,3393315658.6610503,1220507833.774974,637106243.2519096,1092495234.6777556,0.3081898359229906,0.5974858446324193,0.6247682608699694,1,-1.9607843137254943,-0.2849002849002802,감소형,,,,,,,,,,,,,,NO_DATA,,0.0,,10.9,관찰,10.9
2026-09-30T05:44:03+09:00,MOC,KRW-MOC,,30.3,1.0,154369177.77931526,1790713640294,False,False,,475606468.01536703,664498369.9833472,514560835.8465426,667347466.1016918,233955230.8774019,0.7157375992168139,0.7727546838603343,0.9294434585038672,1,0.33444816053511683,5.633802816901423,감소형,,,,,,,,,,,,,,NO_DATA,,0.0,,10.8,관찰,10.8
2026-09-30T05:44:03+09:00,IN,KRW-IN,,50.9,-2.11538462,1777286899.1425226,1790714575856,False,False,,6392659609.067613,25811537238.671104,2474954558.2258844,911806275.5038447,1465270296.4348595,0.24766675266012694,0.6568183796072168,0.928236324883071,1,3.1746031746031855,5.263157894736836,감소형,,,,,,,,,,,,,,NO_DATA,,0.0,,10.7,관찰,10.7
2026-09-30T05:44:03+09:00,ELF,KRW-ELF,,105.0,2.94117647,1033337184.8216791,1790714094740,False,False,,310517648.368578,1228603256.108883,207462018.09065077,248771073.66511115,371333818.55757296,0.252740375564379,0.5529041121924873,0.6047972719308363,1,-1.9230769230769273,-0.9708737864077666,감소형,,,,,,,,,,,,,,NO_DATA,,0.0,,10.6,관찰,10.6
2026-09-30T05:44:03+09:00,ESP,KRW-ESP,ESPUSDT,134.0,0.0,577643299.836673,1790714632845,False,False,,1771144421.0942655,11375178549.93428,11264305851.511736,1257248227.1640294,1138982721.04665,0.15570256003625527,0.22234978086173,0.3438145468998866,1,2.2900763358778553,7.200000000000006,감소형,601993.16242,1.213,1313838.54862,3493980.78611,2611907.3122,622218.02973,571953.46213,0.3760291281059829,0.5858283996789783,0.8069909419232274,1,0.6764374295377573,6.969399978220636,감소형,,0.0,,10.6,관찰,10.6
2026-09-30T05:44:03+09:00,OPG,KRW-OPG,OPGUSDT,171.0,3.01204819,378492977.03907377,1790714102347,False,False,,565421743.9761583,801978487.778165,5097549420.003546,184430144.7257397,350458456.370961,0.7050335546314047,0.27880948837728653,0.37139563308436,1,-5.681818181818176,-2.92397660818714,감소형,603362.47482,2.922,949182.75921,784708.41184,2055370.71337,539048.84836,654244.29941,1.2095993172602004,0.842687314568204,0.7178953424213547,2,-5.0847457627118615,-1.2028869286287103,중립,,0.0,,10.6,관찰,10.6
2026-09-30T05:44:03+09:00,ORCA,KRW-ORCA,ORCAUSDT,2205.0,-4.25531915,1042883639.2772689,1790714615655,False,False,,1839671749.0359619,11125809928.916687,766264200.6482804,1170744280.1362903,1695147149.2328582,0.16535171468771348,0.4224980455220233,0.5050394522236625,1,1.7675651789659685,9.14691943127961,감소형,1203172.84012,-5.032,1926392.44626,4562602.29677,453713.15118,948622.27348,1549149.97573,0.42221353538171624,0.9688579510256032,0.960244807458193,1,1.4336917562723928,11.125654450261768,감소형,,0.0,,10.4,관찰,10.4
2026-09-30T05:44:03+09:00,STEEM,KRW-STEEM,STEEMUSDT,87.2,0.9259259299999999,791972685.3446848,1790714609702,False,False,,1864858108.9765108,3083767269.9115906,20901412604.131207,10756260792.167986,36332726731.825714,0.6047337382337464,0.1610346093784984,0.12774480344205988,1,-1.2571428571428456,8.542713567839222,감소형,694137.188947,2.138,571833.016026,1033858.397974,1538584.647403,1289386.772879,3728518.166524,0.5531057417017575,0.4442192247748293,0.34144784529387606,1,-1.8504240555127338,9.949904992226632,감소형,,0.0,,10.4,관찰,10.4
2026-09-30T05:44:03+09:00,DRV,KRW-DRV,,520.0,3.37972167,14346357504.58032,1790714630277,False,False,,5260805639.99834,19978974108.44091,7341146050.198865,7846768030.728816,20079111650.90578,0.2633171058455751,0.4487862797245236,0.22439117094100705,1,-16.859504132231407,-25.26002971768202,감소형,,,,,,,,,,,,,,NO_DATA,,0.0,,10.3,관찰,10.3
2026-09-30T05:44:03+09:00,WAXP,KRW-WAXP,WAXPUSDT,8.28,0.97560976,493107687.37725157,1790714543497,False,False,,1185790009.8443406,3247008281.521007,42462153497.91535,22824305048.547558,181620909.6402677,0.3651946367346119,0.05190704912771842,0.08579162118943637,1,-1.7964071856287456,10.512129380053903,감소형,343353.00169,1.833,394939.74408,559065.29223,1877779.88597,2151077.76048,138000.26881,0.7064286579205518,0.25824741349750885,0.40281503796279566,1,-1.788617886178856,12.267657992565063,감소형,,0.0,,9.9,관찰,9.9
2026-09-30T05:44:03+09:00,META2,KRW-META2,,8200.0,-1.38304269,1913028268.2140956,1790714529902,False,False,,6914874035.885461,37052125116.073135,23733103758.412453,3502073588.454111,47771446057.41733,0.18662557179171899,0.3226861497200824,0.3049662844347595,1,3.8077403245942554,9.986772486772487,감소형,,,,,,,,,,,,,,NO_DATA,,0.0,,9.5,관찰,9.5
2026-09-30T05:44:03+09:00,SUPER,KRW-SUPER,SUPERUSDT,263.0,0.38167939,212689481.54322895,1790714225875,False,False,,342618469.66427946,1948985384.0434065,665389665.6627365,255317218.9796544,946627186.7872822,0.1757932473323509,0.3581761780553406,0.09417864430067023,1,4.800000000000004,8.713692946058082,감소형,1238418.6952,1.357,1986060.8911,4827810.9989,2746411.684,1502376.7698,1732911.2682,0.41137917195857854,0.6564333596904102,0.4504194154886252,1,4.4768069039913705,10.307517084282459,감소형,,0.0,,9.1,관찰,9.1
2026-09-30T05:44:03+09:00,NEAR,KRW-NEAR,NEARUSDT,6725.0,2.67175573,49759811402.70914,1790714622155,False,False,,52856478258.43534,79909839221.04,31254861439.00797,72064149364.41997,73082410539.58403,0.6614514404443753,0.8654173988110008,0.7613042861176817,1,-2.165795369678869,10.176619007569387,감소형,203330352.4968,3.764,231585436.0113,209530185.3042,128880615.4841,259628294.889,248904564.2981,1.1052604934944326,1.1617238957380611,0.8322799023265017,3,-2.56565656565656,11.334256694367518,중립,,0.0,,8.6,관찰,8.6
2026-09-30T05:44:03+09:00,BIGTIME,KRW-BIGTIME,BIGTIMEUSDT,12.1,-2.41935484,559657830.4457326,1790714250985,False,False,,1115114065.3159738,3549424260.235683,1147267740.7328522,1669694652.512611,684288594.7464048,0.31416758988454363,0.525469528954652,0.6810209260933503,1,5.084745762711851,11.711711711711725,감소형,300416.05716,0.0,499173.8812,1672254.7728,282942.66406,493566.22312,207267.76227,0.29850348721934894,0.6115419254515688,0.8010175101460686,1,4.223744292237419,13.840399002493765,감소형,,0.0,,8.6,관찰,8.6
2026-09-30T05:44:03+09:00,WLD,KRW-WLD,WLDUSDT,672.0,0.5988024,40972216301.858955,1790714627071,False,False,,52648955047.52918,105492502626.24637,77697669029.96974,52565565893.37676,39959977333.64724,0.49907769497194776,0.6699597930648976,0.826615594552784,1,-0.1494768310911776,19.49910554561718,감소형,53639357.61393,2.271,80967882.63636,96159565.92176,77863222.94531,54755881.21814,42902740.43698,0.8420158916091545,1.0617407987318446,1.143276965213942,1,-0.6870074762578282,20.939960629921273,중립,,0.0,,8.2,관찰,8.2
2026-09-30T05:44:03+09:00,COW,KRW-COW,COWUSDT,219.0,4.28571429,1119763369.3914616,1790714538295,False,False,,2296883565.9437156,19336877656.45499,336694762.9016514,307617798.7079198,396618244.6530735,0.11878254632163819,0.34485686901681456,0.5522916120185806,1,1.9417475728155331,8.247422680412363,감소형,1073724.89478,5.328,1538842.08479,4700499.39913,425902.24064,409844.50155,612222.78088,0.32737842389147404,0.8338730136860006,1.1545782776701554,1,2.1080368906455815,9.929078014184412,감소형,,0.0,,7.1,관찰,7.1
2026-09-30T05:44:03+09:00,SPK,KRW-SPK,SPKUSDT,32.1,4.56026059,997039749.2781544,1790714362935,False,False,,1063902503.6673146,1600890459.0084813,3010280144.735454,6663872183.252292,465752301.2905843,0.6645692075185753,0.2830771972486894,0.4084034769907663,1,-5.246913580246915,10.035842293906816,감소형,2129676.174181,5.578,1784291.465908,1911992.369416,2890252.318085,5449222.658569,1003479.965383,0.9332105579757073,0.5221568988146928,0.7076120335312021,1,-5.6580925338232895,11.504293751850758,중립,,0.0,,7.1,관찰,7.1
2026-09-30T05:44:03+09:00,COMP,KRW-COMP,COMPUSDT,33810.0,5.82159624,801137798.2820983,1790713253700,False,False,,303365820.4586935,2210952578.26587,385799337.338533,1017042543.198578,13485979478.734259,0.13721046007085066,0.251839851920504,0.08685564793053378,1,-2.5617566331198494,6.784759358288772,감소형,2137713.41916,5.207,1296606.91503,2284364.44862,871656.12567,1454331.65298,5092679.38648,0.5676007240496538,0.8437144394482287,0.5979571202357672,1,-3.0902348578491945,7.840440165061913,감소형,,0.0,,6.9,관찰,6.9
2026-09-30T05:44:03+09:00,AWE,KRW-AWE,AWEUSDT,95.8,7.519640850000001,1496502834.2605839,1790714632533,False,False,,1175608786.4447358,2928508554.087917,4738631938.853953,531760012.6767444,325220751.3625015,0.40143600905781845,0.4301584531873893,0.6243620019742696,1,-0.11210762331839152,2.4137931034482696,감소형,302884.15885,8.851,410411.71818,718133.10357,1023590.2836,177350.37928,87769.81325,0.571498119415122,0.6415778153320293,0.903709370028934,1,-0.6818181818181945,3.4401136184314396,감소형,,0.0,,6.5,관찰,6.5
2026-09-30T05:44:03+09:00,FOLD,KRW-FOLD,,88.4,7.15151515,29277922883.63308,1790714627071,False,False,,7492553485.051548,25698031405.360714,14492592348.077728,1701281137.632876,1551151032.7012749,0.2915613794249069,0.5365633411419648,0.7693705327189878,1,3.5131744040150625,-0.7220216606498076,감소형,,,,,,,,,,,,,,NO_DATA,,0.0,,6.0,관찰,6.0
2026-09-30T05:44:03+09:00,KMNO,KRW-KMNO,KMNOUSDT,59.9,3.0981067099999997,1121321688.2724085,1790714341737,False,False,,1959045896.533412,3981742006.335139,15492312873.99916,3889318693.153313,1784476065.7613142,0.4920072404029387,0.25155346984091026,0.352330477496654,1,2.6501766784452263,19.547325102880663,감소형,1136350.71108,2.587,2269163.18841,2208147.23103,4322522.20685,3491120.48963,2152592.6384,1.0276321961337418,0.6792688346563036,0.7208111185955368,2,2.804410354745923,21.50141643059491,중립,,0.0,,5.3,관찰,5.3
2026-09-30T05:44:03+09:00,AZTEC,KRW-AZTEC,,23.9,-8.07692308,4284206919.3846993,1790714635737,False,True,"거래량급등,입금량급등",15295850150.397793,3835294598.569169,606107054.9573615,272637604.19872695,250071331.86229235,3.9881812875871923,9.734231715612875,13.973182664132185,5,15.555555555555545,23.809523809523814,연속 가속형,,,,,,,,,,,,,,NO_DATA,,0.0,,69.3,시동,69.3
2026-09-30T05:44:03+09:00,SEI,KRW-SEI,SEIUSDT,101.0,-4.716981130000001,10304987402.7258,1790714635407,False,True,입금량급등,22898113694.215786,10291383553.012356,9321732754.902367,20394772206.696033,5879647499.848794,2.2249791367957865,1.7170199086502753,2.1653833416670354,3,4.950495049504955,30.702836004932198,가속형,12517078.90001,-5.024,33064035.195206,10643171.503871,14069172.026541,22171877.136968,7059718.354956,3.106596110302307,2.115682081810342,2.646184652283991,2,3.4491978609625606,31.063685636856377,고수준 유지형,,0.0,,41.1,시동,41.1
2026-09-30T05:44:03+09:00,ONDO,KRW-ONDO,ONDOUSDT,690.0,-2.54237288,80698445821.6759,1790714647324,False,True,입금량급등,171542275731.96045,72093255782.74284,51648941979.017944,182249626730.641,212301739136.4852,2.3794496984421527,1.681831951064628,1.504948881008964,3,-4.71063257065949,25.08833922261484,가속형,38115292.47552,-1.224,83243111.42036,31087976.78357,23617885.69497,74727385.76855,119026781.55669,2.6776625574538513,1.9294063746615011,1.511687455014449,3,-5.33503277494537,26.005816771691713,가속형,,0.0,,40.5,시동,40.5
2026-09-30T05:44:03+09:00,LINK,KRW-LINK,LINKUSDT,19950.0,-4.77326969,30142657432.951252,1790714645047,False,False,,42800223611.44052,8911153345.193707,13557068006.017862,18627353208.430157,11456517784.600773,4.802994848531601,3.1244403371943266,3.3827243359337666,2,11.37692716640084,23.525943396226424,일회성 폭증형,92513021.27289,-3.686,126167499.84316,28895608.03183,44634687.22463,82230887.10534,46880834.15198,4.366320989133712,2.430018145665455,2.456311177697045,2,10.926058865757371,25.066774585188178,일회성 폭증형,,0.0,,34.8,시동,34.8
2026-09-30T05:44:03+09:00,AERO,KRW-AERO,AEROUSDT,1103.0,-1.16487455,1670213684.4479415,1790714581026,False,False,,1551135667.4078739,794691964.5867388,5832876685.539823,9569737373.453264,556927863.2984602,1.9518703303040268,0.28729512151275355,0.4128775934051559,2,-2.7027027027026973,22.50274423710208,중립,8205526.2315,-1.426,9573120.04884,4818271.80995,13183278.97201,11766517.7364,4299156.80788,1.986836863182142,0.9647706947733881,1.1783082083578924,2,-2.8625279773824897,24.336550060313634,중립,,0.0,,28.0,시동,28.0
2026-09-30T05:44:03+09:00,SUI,KRW-SUI,SUIUSDT,1570.0,-1.07120353,43829141898.920044,1790714646660,False,False,,68654850783.94474,72150280824.74692,37959648415.27883,92344810108.28906,27258664338.04493,0.9515534797530092,1.0173362847163627,1.2864850658619045,1,-1.855287569573283,20.318423047763456,중립,119747445.57559,0.182,207344898.20534,125595106.63793,88530369.46325,182822564.77106,74510416.67574,1.6508994956553615,1.5670431153890627,1.7705856815005332,3,-2.276341116411429,21.62274763045515,가속형,EARLY,5.0,Binance 연속가속 우위,27.1,시동,27.1
2026-09-30T05:44:03+09:00,PROM,KRW-PROM,PROMUSDT,8110.0,-5.69767442,6072359429.633108,1790714643116,False,False,,4624016925.502995,3859100346.707132,21579936425.72203,3893344132.355357,17867927015.01864,1.198211114009654,0.4729261774398361,0.4570213589100664,2,6.36982065553493,23.741007194244613,중립,5249759.41073,-5.563,2120469.58337,1651019.69972,6768657.92465,4107157.00747,6768551.80743,1.2843393593241894,0.5078225215762753,0.46128746799418463,2,5.551850616872289,25.06914263137101,중립,,0.0,,25.5,시동,25.5
2026-09-30T05:44:03+09:00,ALGO,KRW-ALGO,ALGOUSDT,172.0,-7.027027030000001,11071379227.400343,1790714620845,False,True,"거래량급등,입금량급등",26834611515.894547,2848396924.686025,4804599451.429185,5397254106.955454,3808832316.582384,9.420952284890031,6.168757806765212,6.5485787850015384,2,17.834394904458595,28.472222222222232,일회성 폭증형,17206546.4654,-6.578,28783071.3892,3491556.6524,3382384.093,5331410.7496,4241551.6487,8.243621471647984,7.0747011426072826,6.897907399639081,3,16.8384879725086,30.39309683604987,가속형,,0.0,,24.5,시동,24.5
2026-09-30T05:44:03+09:00,GRT,KRW-GRT,GRTUSDT,39.9,-4.31654676,1701344159.8518033,1790714602651,False,True,입금량급등,7040990001.6251135,9071361149.54614,731855728.3630054,1211123677.7500463,951787328.2330859,0.7761778949763662,1.9177698290818064,2.502546626330341,1,9.4488188976378,22.287390029325515,중립,3090989.24712,-3.366,8903797.89491,8625115.02899,1125552.21867,2674194.94095,2025342.67638,1.032310626001313,2.1498342017198877,2.457146159165303,3,7.983044860473343,22.86977491961415,가속형,,0.0,,23.6,시동,23.6
2026-09-30T05:44:03+09:00,ENA,KRW-ENA,ENAUSDT,341.0,-2.29226361,16592066658.105608,1790714642802,False,False,,31121668550.107548,32886600909.365326,42380982587.99021,58634115789.54371,29841860937.01719,0.9463327826392917,0.6972652785404744,0.8194719874397113,1,-3.8567493112947604,23.32155477031803,중립,43689212.759502,-2.892,71001695.818066,55822219.623208,77584468.569489,122704831.401416,48196978.041166,1.2719253425843202,0.8316888197444992,0.9858310175218423,2,-4.253731343283585,24.5026686074721,중립,,0.0,,19.9,시동,19.9
2026-09-30T05:44:03+09:00,DEEP,KRW-DEEP,,29.8,-0.99667774,934655304.3675838,1790714559332,False,False,,2143454962.991837,6313913085.301114,1404081062.7881067,6620882322.359408,1232392328.725216,0.3394812272569657,0.44845667665998945,0.6534022695063874,1,-3.2154340836012874,20.8835341365462,감소형,,,,,,,,,,,,,,NO_DATA,,0.0,,8.4,시동,8.4
2026-09-30T05:44:03+09:00,JTO,KRW-JTO,JTOUSDT,760.0,-0.5235602100000001,2585693462.7195015,1790714610746,False,False,,2689276895.40845,6966882506.618098,4522920033.734624,8337085133.595275,2877686035.285347,0.38600864774937815,0.406913622495893,0.5008297417584748,1,-1.4193548387096744,22.63242375601926,감소형,2702901.3261,-0.936,3366136.55285,5687937.90967,7103124.16441,7928266.00227,2800244.30626,0.5918026192106051,0.48739078899362537,0.6115932346885765,1,-1.8118466898954688,24.74546259406818,감소형,,0.0,,8.0,시동,8.0
2026-09-30T05:44:03+09:00,W,KRW-W,WUSDT,18.8,0.0,3040299903.753574,1790714635095,False,False,,3166398493.2673864,17624755942.3373,1131367014.048889,836731873.5387086,521776961.02423143,0.17965630296537746,0.48482957497820506,0.7490214030526443,1,11.904761904761907,21.29032258064516,감소형,3925145.256352,1.694,6107284.368465,17649365.554316,1820695.899841,1336199.940635,705149.893797,0.3460342157722217,0.8805932386286914,1.343762968765782,1,11.22778675282714,22.836752899197155,감소형,,0.0,,4.1,시동,4.1
2026-09-30T05:44:03+09:00,PYTH,KRW-PYTH,PYTHUSDT,108.0,-2.7027026999999997,2098214734.334494,1790714510102,False,False,,2667062232.7613816,3991614836.613909,3468921211.4411983,3047857447.5176573,2924728495.8141713,0.6681662289400281,0.7614091251583872,0.7686692994560191,1,11.00000000000001,29.220023282887063,감소형,4533034.427982,0.731,5875734.123815,10497146.137928,5981839.472423,6176793.668346,5268351.977541,0.5597458629812687,0.7780444077692653,0.8225405225849708,1,9.253530598520499,29.781115194120456,감소형,,0.0,,2.7,시동,2.7
2026-09-30T05:44:03+09:00,EDGE,KRW-EDGE,,145.0,-4.60526316,4115195060.7786303,1790714642808,False,False,,5858490507.236139,22661913821.031116,50292055955.15759,14228712507.995514,993838171.4625647,0.2585170234739503,0.20159360851526334,0.3238808892044813,1,14.28571428571428,32.17391304347825,감소형,,,,,,,,,,,,,,NO_DATA,,0.0,,1.0,시동,1.0
2026-09-30T05:44:03+09:00,2Z,KRW-2Z,2ZUSDT,89.7,-2.60586319,2765555333.092068,1790714484411,False,False,,4444744136.350129,11479689720.476973,46377199389.2875,1816024776.7233481,4426320467.1560545,0.38718329890238995,0.22345535923409562,0.3413263547955749,1,15.849056603773581,29.901269393511964,감소형,2401024.39385,-1.901,3628614.58169,3276419.57963,14791129.08431,2270920.13317,3842032.20728,1.1074938644151835,0.535234183736429,0.7224481033478963,2,14.98216409036861,31.56462585034012,중립,,0.0,,0.9,시동,0.9
2026-09-30T05:44:03+09:00,PUMP,KRW-PUMP,PUMPUSDT,8.01,19.91017964,21985125637.355892,1790714611130,False,False,,15401523372.512354,10436854627.000069,7077553989.372783,4101793198.247136,3212175210.8482614,1.475686298501152,2.1374971659584934,2.497423178884836,5,17.813051146384474,21.45454545454546,연속 가속형,77676438.920355,15.276,94724451.395402,44401920.944388,32172533.501279,30642050.637338,23589540.330818,2.1333412920139505,2.6504627619246155,2.9199507984868283,5,17.50119217930377,23.076923076923084,연속 가속형,,0.0,,53.6,이미 발동,53.6
2026-09-30T05:44:03+09:00,HBAR,KRW-HBAR,HBARUSDT,147.0,-11.44578313,33358935880.736935,1790714642468,False,True,거래량급등,98265617186.31361,8487655595.480886,8031553194.968876,10266904064.419823,7837796522.098043,11.577474613677014,11.00558536269096,10.027321329418111,3,27.692307692307683,32.800000000000004,가속형,96417693.93328,-14.993,200128977.21502,11052489.19023,8082551.50232,17135320.24943,14905687.12617,18.107140732779612,16.553100549660115,13.274820194112724,3,27.547288117880676,34.86187845303868,가속형,,0.0,,53.0,이미 발동,53.0
2026-09-30T05:44:03+09:00,SOON,KRW-SOON,,549.0,29.787234039999998,91781845102.10191,1790714642152,False,False,,100084561806.51474,111059257121.1353,2942006336.9793057,307195966.51245296,252653347.67808473,0.9011816250251866,2.6266969822782547,4.342496568533323,1,54.379562043795616,60.22727272727273,중립,,,,,,,,,,,,,,NO_DATA,,0.0,,25.0,이미 발동,25.0
2026-09-30T05:44:03+09:00,ARK,KRW-ARK,ARKUSDT,341.0,5.246913579999999,2708976280.256421,1790714591234,False,False,,5848018396.910383,26498691902.278065,55885811049.05972,52682106069.79903,12628264103.34839,0.22069083328628894,0.12989187570397692,0.19353051372958271,1,-5.263157894736848,47.94520547945205,감소형,1012922.1703,4.998,1982323.413,2379822.6635,8592370.0907,13545476.7111,4416067.3941,0.8329710626776708,0.2425585452735131,0.33397136390534754,1,-5.667060212514752,51.03969754253308,중립,,0.0,,1.8,이미 발동,1.8
2026-09-30T05:44:03+09:00,RVN,KRW-RVN,RVNUSDT,3.18,-0.625,1274369483.4170322,1790714579344,True,True,거래량급등,5840504512.602642,815590032.0764959,729312151.3701749,1294438833.3449526,1992025259.1813576,7.1610788299272015,6.170978911721831,4.326890982624832,3,-5.88235294117646,-0.6211180124223614,가속형,602624.3510848,1.449,967428.7159794,457867.6334544,441414.0288915,813387.625776,773755.9670804,2.112900422073071,1.6945981153902892,1.301146476957165,3,-6.774847870182555,1.0998680158381013,가속형,,0.0,,18.0,유의종목,18.0
2026-09-30T05:44:03+09:00,ICX,KRW-ICX,,19.1,1.5957446800000001,671418928.555495,1790714446599,True,False,,2368889209.262423,573091450.0530171,490681587.1460156,1806613109.393738,820791151.5531006,4.133527396095816,2.47585769469487,2.46441413532533,3,-4.568527918781717,-3.589743589743588,가속형,,,,,,,,,,,,,,NO_DATA,,0.0,,13.9,유의종목,13.9
2026-09-30T05:44:03+09:00,SOPH,KRW-SOPH,SOPHUSDT,5.08,-0.19646365,1156424382.1881287,1790714329543,True,False,,4316474424.770483,1608623818.9112577,1412164280.628409,1791869991.560728,4613225693.404075,2.6833336508046624,2.690700862015863,1.730603529041372,3,-5.565862708719848,-1.3565891472868241,가속형,589094.50349,2.899,897236.45195,331077.18013,607166.49403,566674.12096,957325.82572,2.7100522349432032,1.788608895833654,1.1349380015019628,2,-9.375,-7.199999999999996,고수준 유지형,,0.0,,13.2,유의종목,13.2
2026-09-30T05:44:03+09:00,EGLD,KRW-EGLD,EGLDUSDT,7540.0,2.79481936,27309824885.415623,1790714640845,True,True,"거래량급등,글로벌가격차이",64963389785.34979,1194750422.935048,2725265739.736606,8669285212.33961,92211240860.45322,54.37402535146999,15.48061830840673,3.024479959369077,2,4.860614724803436,23.277310924369754,일회성 폭증형,388153.77805,1.613,600079.5049,471722.15588,489103.46102,739418.72465,990387.58821,1.2721037106695758,1.058811648835627,0.5245573422301941,2,-1.776814734561205,9.49275362318842,중립,,0.0,,0,유의종목,0
2026-09-30T05:44:03+09:00,MANTRA,KRW-MANTRA,MANTRAUSDT,6.91,-1.42653352,5043853078.204692,1790714620527,True,True,글로벌가격차이,15619143366.397055,1633788795.185256,4180910332.930153,38492457450.42491,2991482478.067636,9.560074969559325,1.0575589524940547,1.6245056755548046,2,-6.781914893617014,11.980830670926522,일회성 폭증형,495921.19329,-0.449,929807.34193,509941.64063,835752.80688,2186291.42177,1886172.0057,1.823360298212327,0.7897602450936836,0.7580558895067154,2,-5.063291139240523,4.166666666666652,중립,,0.0,,0,유의종목,0
2026-09-30T05:44:03+09:00,SAND,KRW-SAND,SANDUSDT,59.5,1.19047619,1317871252.2042074,1790714622157,True,False,,3579969741.9514084,1340190107.479589,2235041380.468845,5942227861.32193,2029361352.03652,2.6712402382107054,1.1284428786845913,1.0233328894110554,2,-4.700162074554304,5.565529622980248,중립,1151656.78429,2.646,1544738.28348,1293294.2342,1801513.63781,4095841.40309,1953205.61442,1.1944213796294676,0.6444779425534631,0.5902848547590305,2,-4.725274725274719,7.488222167121261,중립,,0.0,,0,유의종목,0
2026-09-30T05:44:03+09:00,ZIL,KRW-ZIL,ZILUSDT,4.36,-1.35746606,927900788.922717,1790714461338,True,False,,1994243487.304348,464567523.5296199,753082291.889733,6935308182.743683,2069883485.6802201,4.292688115933698,0.733811024570595,0.8597030544039188,2,-6.947368421052635,-1.118568232662187,일회성 폭증형,248895.4298408,-0.34,457823.2343961,410873.6653161,587220.3951316,852608.2694845,409336.4625708,1.1142676521842303,0.7421343135384806,0.6431797933664066,2,-7.285974499089254,-1.465707964601759,중립,,0.0,,0,유의종목,0
