scan_time_kst,coin,upbit_market,binance_symbol,upbit_price,upbit_price_24h_pct,upbit_24h_trade_krw,upbit_timestamp_ms,warning,caution_any,caution_types,upbit_D1_trade_krw,upbit_D2_trade_krw,upbit_D3_trade_krw,upbit_D4_trade_krw,upbit_D5_trade_krw,upbit_d1_vs_prev_x,upbit_d1_vs_3davg_x,upbit_d1_vs_5davg_x,upbit_rise_streak,upbit_price_3d_pct,upbit_price_5d_pct,upbit_supply_pattern,binance_24h_quote_usdt,binance_price_24h_pct,binance_D1_quote_usdt,binance_D2_quote_usdt,binance_D3_quote_usdt,binance_D4_quote_usdt,binance_D5_quote_usdt,binance_d1_vs_prev_x,binance_d1_vs_3davg_x,binance_d1_vs_5davg_x,binance_rise_streak,binance_price_3d_pct,binance_price_5d_pct,binance_supply_pattern,overseas_lead,overseas_lead_score,overseas_lead_reason,raw_signal_score,state,score
2026-10-06T03:22:52+09:00,OPEN,KRW-OPEN,OPENUSDT,163.0,0.61728395,2522513894.589147,1791224528933,False,False,,6502676238.372361,5625867885.031413,1533634902.2190304,615964525.9791826,694076503.2066075,1.1558529939307405,2.508920419731558,3.504200992194132,4,-7.954545454545459,-7.428571428571429,연속 가속형,2263871.57813,1.866,5673132.90728,5790810.99741,1158512.71746,770020.58379,769727.57567,0.9796784785097229,2.204772589919897,3.0768920170164007,1,-7.519379844961238,-7.447633824670275,중립,,0.0,,80.6,발사 전,80.6
2026-10-06T03:22:52+09:00,TOKAMAK,KRW-TOKAMAK,,505.0,-2.50965251,470792239.814359,1791224024888,False,True,거래량급등,2068849170.057277,443516147.3716972,236183686.81840667,183531915.4556941,200033968.95660233,4.66465354715358,7.189897165759377,7.050642929404786,4,3.600000000000003,5.070993914807298,연속 가속형,,,,,,,,,,,,,,NO_DATA,,0.0,,76.6,발사 전,76.6
2026-10-06T03:22:52+09:00,IO,KRW-IO,IOUSDT,230.0,-2.12765957,293809980.65251285,1791223718008,False,True,입금량급등,696260048.4954176,447881196.1269405,141095857.77274114,119347795.08929835,1109472830.9646275,1.554564144501571,2.948901409385328,1.7380489256814748,4,10.328638497652577,9.81308411214954,연속 가속형,1497196.952158,-2.69,3901791.564048,3175063.732444,1201534.674404,1405648.612581,1817437.712613,1.2288860611451735,2.0243643436215413,2.0868455726735773,3,10.419313850063538,10.349206349206352,가속형,YES,8.3,Binance D2 선행→Upbit D1 확산,70.8,발사 전,70.8
2026-10-06T03:22:52+09:00,ZRX,KRW-ZRX,ZRXUSDT,172.0,-0.57803468,258150525.040654,1791224374752,False,False,,729612828.0714984,310862183.32813406,227371371.42836332,228396848.92218718,181250999.80146438,2.347062033278417,2.85514176546003,2.903673564800645,3,3.592814371257491,6.790123456790131,가속형,219241.23,0.157,643049.4204,154966.958,149144.6686,158579.4209,157666.5674,4.149590523677957,4.169409094088858,3.7065550482632594,3,4.754098360655745,6.94560669456068,가속형,,0.0,,67.6,발사 전,67.6
2026-10-06T03:22:52+09:00,BSB,KRW-BSB,,137.0,-1.43884892,221200134.1895714,1791224411297,False,False,,850705225.5955215,503508799.55644625,391572006.06269956,355926790.9362567,560464354.8204803,1.6895538396646284,2.040048105074429,1.6811721307579033,4,2.2058823529411686,3.731343283582089,연속 가속형,,,,,,,,,,,,,,NO_DATA,,0.0,,67.1,발사 전,67.1
2026-10-06T03:22:52+09:00,AERO,KRW-AERO,AEROUSDT,1160.0,-2.27464195,550658830.3567284,1791224114446,False,False,,637003405.0396292,554237047.8745093,472027574.7520653,454353842.93668145,716443653.962248,1.1493338590094755,1.290683764633384,0.861448982998366,4,9.907407407407408,7.51811594202898,연속 가속형,6248815.97273,-1.287,6653853.79821,5912047.07339,5808232.25438,5133076.84364,4976334.0563,1.1254737514115638,1.1844264840550132,1.133820177083868,5,10.959423587409933,8.276797829036632,중립,,0.0,,54.2,관찰,54.2
2026-10-06T03:22:52+09:00,TFUEL,KRW-TFUEL,TFUELUSDT,14.3,-0.69444444,223199966.93150157,1791223600739,False,False,,554176402.3421249,184476794.1832461,258135848.79965788,157237331.23127395,226281451.5412189,3.0040439763477544,2.771575024579003,2.522581222887749,2,2.1276595744680993,0.0,고수준 유지형,112636.70597,0.574,287725.88272,132549.42642,230776.97025,179569.49963,227151.50704,2.170706358308208,1.5899505854489178,1.4424647294238016,2,2.3255813953488413,0.0,고수준 유지형,,0.0,,54.0,관찰,54.0
2026-10-06T03:22:52+09:00,TOSHI,KRW-TOSHI,,0.168,-1.75438596,410293279.8007551,1791223372965,False,False,,1289754609.6096926,1286285332.7931154,600961879.3305691,816064116.9624174,7159982728.967835,1.0026971284894028,1.4313052985048322,0.6127581928797611,3,2.39520958083832,4.268292682926833,고수준 유지형,,,,,,,,,,,,,,NO_DATA,,0.0,,42.7,관찰,42.7
2026-10-06T03:22:52+09:00,OPG,KRW-OPG,OPGUSDT,183.0,-0.54347826,353567922.841653,1791224557338,False,False,,715873533.1614984,306028182.3350754,596797559.6774409,225609811.47142154,171222417.62468308,2.339240548694553,1.9031840966494902,2.170178247532688,2,5.747126436781613,7.602339181286544,고수준 유지형,664458.68512,0.148,588940.80174,1114158.22886,1047054.2437,646875.65915,446212.28128,0.5285970937382931,0.6291905105357517,0.759636836624428,1,5.859375,7.625099285146941,감소형,,0.0,,42.4,관찰,42.4
2026-10-06T03:22:52+09:00,YGG,KRW-YGG,YGGUSDT,38.1,-0.2617801,332815662.9778952,1791224575194,False,False,,969223214.2987968,738108813.7443101,1138463871.4555748,82467192.24871556,140027335.5129033,1.3131169771325173,1.4842319834159061,2.1295204245227413,2,4.657534246575357,8.215297450424952,고수준 유지형,1147107.714583,0.319,1088010.912533,1646586.116024,2201008.573177,287406.421907,354851.26365,0.6607676950175023,0.7893668344684874,1.1401468162027155,1,5.924259467566562,8.196093450785135,감소형,,0.0,,39.1,관찰,39.1
2026-10-06T03:22:52+09:00,KITE,KRW-KITE,KITEUSDT,189.0,-5.02512563,1339043014.6754847,1791224551216,False,True,입금량급등,4320170320.339766,1273542651.3768756,1721146228.5628748,3344920627.719736,1644216580.753953,3.3922462790461427,2.0443705476434264,2.2825395552786434,2,-4.326923076923073,9.340659340659329,고수준 유지형,1496139.83621,-5.627,3818731.52805,4579787.32736,4455363.1885,4378345.41261,2575247.85127,0.8338228950581624,0.854079700418319,1.054035160389803,1,-3.22793148880105,9.545115585384046,중립,,0.0,,37.7,관찰,37.7
2026-10-06T03:22:52+09:00,TAIKO,KRW-TAIKO,,125.0,-0.79365079,251213182.9795117,1791224561566,False,False,,548439123.018974,218291500.9466728,369377723.82231957,356222726.78254354,460731531.03238696,2.512416290329847,1.7431204560568698,1.0531402485825478,2,3.2786885245901676,2.4390243902439046,고수준 유지형,,,,,,,,,,,,,,NO_DATA,,0.0,,37.5,관찰,37.5
2026-10-06T03:22:52+09:00,CFG,KRW-CFG,CFGUSDT,208.0,0.48309179,1742934898.1702576,1791224503109,False,False,,2033802057.0429645,950759922.236608,1636319600.4206183,1401601713.2321749,2157065535.0309687,2.139133139161527,1.529680064736583,1.206902023366558,2,1.9704433497536922,-0.48076923076922906,고수준 유지형,2535206.92612,2.065,1780987.15314,1440954.15612,2423155.2748,1808612.59223,3343364.65702,1.2359776649214111,0.9418690775990312,0.6987972700713169,2,2.695417789757415,-0.39215686274509665,중립,,0.0,,37.2,관찰,37.2
2026-10-06T03:22:52+09:00,ELSA,KRW-ELSA,,74.4,-1.06382979,372926030.1902341,1791224284926,False,False,,702534954.2594742,442148503.8233178,503784771.0766363,432702251.08452934,746174283.5783622,1.5889117529168584,1.528761462369383,0.4809049825545965,2,0.13315579227697327,-1.4416775884665722,고수준 유지형,,,,,,,,,,,,,,NO_DATA,,0.0,,37.2,관찰,37.2
2026-10-06T03:22:52+09:00,MLK,KRW-MLK,,58.7,-2.0033388999999997,126424627.81032208,1791223724729,False,False,,229812512.1549092,93715211.8370148,203411972.1710319,171434548.555658,287491933.1429051,2.4522434261215627,1.4713910431663195,1.123603564917054,2,0.3350083752093669,3.275862068965507,고수준 유지형,,,,,,,,,,,,,,NO_DATA,,0.0,,36.6,관찰,36.6
2026-10-06T03:22:52+09:00,GMT,KRW-GMT,GMTUSDT,12.1,-2.41935484,654280792.1816458,1791224340517,False,False,,1905107600.6402328,969498049.0319927,1722530829.47944,1170444683.0441892,530189362.52776253,1.9650453165350987,1.4797053522403494,1.7945238782829542,2,6.896551724137945,8.771929824561408,고수준 유지형,558921.394051,-2.09,1832195.312087,1230031.675674,1599412.63769,568523.396255,330503.86213,1.4895513248331937,1.617609820335023,2.2253573380714102,2,6.698002350176258,7.4556213017751505,고수준 유지형,,0.0,,36.5,관찰,36.5
2026-10-06T03:22:52+09:00,ANIME,KRW-ANIME,ANIMEUSDT,4.53,-0.65789474,386165071.8081844,1791223045791,False,False,,497672187.64255726,268135275.71113983,437038938.2228275,293419560.5482846,664850782.1371098,1.8560489153195041,1.4951190374702334,0.6075359120924362,2,0.4405286343612147,3.6363636363636154,고수준 유지형,114090.399185,-0.297,102252.487835,130410.465967,281662.174777,175635.977156,248545.460683,0.7840819145671538,0.5219550201613609,0.34861204766174225,1,1.501501501501501,4.320987654321007,중립,,0.0,,36.0,관찰,36.0
2026-10-06T03:22:52+09:00,BORA,KRW-BORA,,38.8,-0.76726343,288798164.37034047,1791224174636,False,True,거래량급등,1430891074.4634185,170146286.10943392,527745634.2992205,216907502.72514647,342626617.23798704,8.409769658698893,4.692474781723161,4.600376054437694,2,1.822916666666674,2.088772845953013,일회성 폭증형,,,,,,,,,,,,,,NO_DATA,,0.0,,35.9,관찰,35.9
2026-10-06T03:22:52+09:00,ORDER,KRW-ORDER,,52.1,0.19230769,319455484.3195212,1791224025539,False,False,,182618669.92485848,95007464.1863828,194795637.41117793,130137176.73741879,244518903.22202173,1.92215076456101,1.3046045784099796,0.8643617285063248,2,-3.8817005545286554,-3.8817005545286554,중립,,,,,,,,,,,,,,NO_DATA,,0.0,,35.3,관찰,35.3
2026-10-06T03:22:52+09:00,VANA,KRW-VANA,VANAUSDT,1470.0,-1.01010101,321170890.8241007,1791224347843,False,False,,456549502.6199587,336251548.9765071,413840835.215915,272761378.5906982,291089516.09407747,1.357761782836743,1.3390462622273092,1.1203066823779104,2,0.8831521739130377,3.4843205574912828,중립,243738.64493,-0.825,188389.90725,209425.08756,333519.34421,314351.00811,336246.39531,0.899557495450618,0.6592473206542538,0.6046796489034408,1,2.038924930491204,3.7700282752120673,중립,,0.0,,35.2,관찰,35.2
2026-10-06T03:22:52+09:00,META2,KRW-META2,,8210.0,-4.53488372,3210802443.5684557,1791224562205,False,True,거래량급등,27389551554.99147,669845922.919582,1445607736.9412858,8149322741.818998,1287005824.3900883,40.889330841354855,8.004914227993044,10.341103098131375,2,3.6769138034960847,5.134474327628369,일회성 폭증형,,,,,,,,,,,,,,NO_DATA,,0.0,,34.6,관찰,34.6
2026-10-06T03:22:52+09:00,B3,KRW-B3,,1.15,2.67857143,6633295449.118738,1791224368114,False,True,거래량급등,6921515289.980912,651313910.7947844,1006407068.6838939,1169858831.3805685,1931144527.0212042,10.627003623390655,7.343575516488354,3.6830601950768096,2,0.9009009009008917,0.0,일회성 폭증형,,,,,,,,,,,,,,NO_DATA,,0.0,,34.5,관찰,34.5
2026-10-06T03:22:52+09:00,1INCH,KRW-1INCH,1INCHUSDT,144.0,0.6993007,247738338.66276625,1791224197086,False,False,,320849444.27130646,166792442.70339194,344797449.4842711,183767769.8207312,243767056.21062717,1.9236449749817206,1.3842492653835166,1.1427644593495696,2,2.877697841726623,3.6231884057970953,중립,617000.1182,0.856,1030985.13557,766717.85919,797039.09199,369538.0347,469497.71937,1.3446734326225107,1.5998362532876191,1.5548841280849175,2,2.731707317073173,4.051383399209496,고수준 유지형,,0.0,,34.4,관찰,34.4
2026-10-06T03:22:52+09:00,EUL,KRW-EUL,EULUSDT,1964.0,1.6563147,6397830350.093937,1791224282366,False,False,,828905584.5389547,416338674.06521887,707092925.4918565,726573924.6238754,751837610.2869008,1.9909406360099706,1.3441672044291886,1.22412431337337,2,3.8709677419354938,0.782472613458518,중립,1264829.93285,1.54,775315.75426,382943.66093,530295.99541,571192.84601,632013.49955,2.024620938696576,1.5668932464748655,1.4110051154876475,2,4.542124542124548,1.1339475549255962,고수준 유지형,,0.0,,34.0,관찰,34.0
2026-10-06T03:22:52+09:00,POKT,KRW-POKT,,12.0,-1.6393442599999999,241621095.7181353,1791224137308,False,False,,229509598.56954828,87783432.97963801,296835324.0473652,171594219.20944193,294887658.9728771,2.6144978702619737,1.2378869697853876,0.8628927424689127,2,1.6666666666666607,2.5210084033613356,중립,,,,,,,,,,,,,,NO_DATA,,0.0,,33.8,관찰,33.8
2026-10-06T03:22:52+09:00,CPOOL,KRW-CPOOL,,49.6,-2.9354207399999996,1873971497.4823024,1791224500545,False,False,,2703873543.0437984,1340916354.6625786,2324270381.297625,3987822835.9904747,1564134317.0973244,2.0164371428851635,1.0599255825919243,1.200817223530253,2,0.5905511811023612,2.6104417670682833,중립,,,,,,,,,,,,,,NO_DATA,,0.0,,33.7,관찰,33.7
2026-10-06T03:22:52+09:00,PIEVERSE,KRW-PIEVERSE,,1808.0,-1.31004367,487684998.9224833,1791224423342,False,False,,348409348.02121097,213521437.4593324,373765677.03629786,394828847.61964494,329172216.4205704,1.6317300603016478,1.0642613340815958,0.923253354334781,2,-3.932878867330891,-5.4695562435500555,중립,,,,,,,,,,,,,,NO_DATA,,0.0,,33.5,관찰,33.5
2026-10-06T03:22:52+09:00,ICP,KRW-ICP,ICPUSDT,4796.0,5.337140349999999,716679354.5144407,1791224563891,False,False,,738896587.1051387,409218984.32359827,480002046.60734427,473330201.17496794,1773193867.4018872,1.8056263648825273,1.6268670924684272,0.5137581475282574,2,1.5388046387154297,-2.4844720496894457,고수준 유지형,12953557.89036,4.921,12661087.27971,5299845.96911,10392096.76331,8070357.63113,17526609.08151,2.3889538212062735,1.5984673730239576,0.8888013076619413,2,2.2796352583586588,-2.1802325581395277,고수준 유지형,,0.0,,33.2,관찰,33.2
2026-10-06T03:22:52+09:00,BABY,KRW-BABY,BABYUSDT,18.4,-1.07526882,230521959.19397938,1791224410664,False,False,,161711723.47948265,90694043.1757162,206521339.24519622,180291260.19919565,777763209.1843685,1.7830468001759767,1.0159757522460455,0.5265588962006342,2,0.0,-0.5347593582887611,중립,621662.44673,-0.074,336302.32314,512097.80974,952916.3005,1456749.56528,2973278.57097,0.6567150195599273,0.34530752020539107,0.015477129867657322,1,-0.0726216412490932,-0.5780346820809301,감소형,,0.0,,33.1,관찰,33.1
2026-10-06T03:22:52+09:00,SLX,KRW-SLX,,81.5,-2.2781774599999998,3438882209.3403306,1791224560286,False,False,,2142409508.1490586,1812294429.3610291,3150621995.48467,2651501273.293359,4241935840.7780137,1.1821531167562105,0.8440866759933556,0.697637747698209,2,-3.806228373702414,-3.5838150289017268,중립,,,,,,,,,,,,,,NO_DATA,,0.0,,33.0,관찰,33.0
2026-10-06T03:22:52+09:00,ENS,KRW-ENS,ENSUSDT,9245.0,-0.64481462,2244843061.7148957,1791224432862,False,False,,1302952400.6823697,1278869146.1448681,3975809572.774059,2548280953.5301003,4503173753.456954,1.018831680012064,0.5009454573818501,0.3657216282050101,2,-0.7995735607675858,-2.718243596445369,중립,1166199.1736,0.589,616716.3157,460087.4765,1768446.609,980031.3414,1586633.5992,1.3404327376861345,0.5766280879263688,0.4036110946783431,2,-0.14513788098693414,-2.4113475177305,중립,,0.0,,33.0,관찰,33.0
2026-10-06T03:22:52+09:00,CRO,KRW-CRO,,92.4,-0.64516129,1604817108.1261024,1791223931233,False,False,,1358028298.808142,1228980470.1387343,2260271618.7490883,4282695343.1592464,2445928261.197923,1.1050039702053525,0.5242038667973008,0.47015757736508085,2,-0.8528784648187626,0.0,중립,,,,,,,,,,,,,,NO_DATA,,0.0,,33.0,관찰,33.0
2026-10-06T03:22:52+09:00,MIRA,KRW-MIRA,MIRAUSDT,70.7,0.42613636,1557790534.6304157,1791224476476,False,False,,1494317029.1395252,971697771.7698917,2103113394.722244,1050364459.9126416,4645017923.221279,1.537841366475208,1.0867297524798019,0.7058728957476974,2,1.0043041606886627,-0.845070422535199,중립,522629.628162,0.89,408657.620881,370598.205251,538385.025269,666290.409576,1470776.720173,1.102697247560125,0.77826025360793,0.4914005901228268,2,1.6777214202106983,-0.26789131266743427,중립,,0.0,,33.0,관찰,33.0
2026-10-06T03:22:52+09:00,LSK,KRW-LSK,LSKUSDT,363.0,-0.54794521,1291793022.0568597,1791224337058,False,False,,1458292855.2658813,1020611024.5242027,2341746148.415004,2162649187.7377563,3691893922.090325,1.4288429384208552,0.7918323129788403,0.40214400597190053,2,-4.699738903394257,-6.41025641025641,중립,2548586.88008,1.722,1620688.22043,1707245.23386,3774666.78172,4225621.59977,3511030.89704,0.9493001873935247,0.5008547849478346,0.4449911603223036,1,-9.181636726546893,-8.542713567839188,중립,,0.0,,33.0,관찰,33.0
2026-10-06T03:22:52+09:00,BIRB,KRW-BIRB,,85.9,-0.69364162,1072149191.5368106,1791224471075,False,False,,523157377.552861,448029856.9952635,774724808.1809583,438834009.3445742,673677589.3022734,1.1676841830619151,0.9445611640987023,0.8087219678802655,2,-0.9163802978235935,-3.674832962138086,중립,,,,,,,,,,,,,,NO_DATA,,0.0,,33.0,관찰,33.0
2026-10-06T03:22:52+09:00,WLFI,KRW-WLFI,WLFIUSDT,74.5,0.0,898394487.5244101,1791224551195,False,False,,1443978824.102513,1390391307.4364738,2210035819.167984,1986271934.5487258,2983070927.662493,1.0385413202595757,0.7754017935974805,0.7104539815790173,2,-2.1024967148488782,-2.994791666666663,중립,3482737.56717,-1.259,2979743.44731,2239412.21772,8127576.44885,5365768.60936,8404925.86272,1.3305917614148544,0.5681922237245971,0.5026249020482477,2,-1.6071428571428514,-2.4778761061946875,중립,,0.0,,33.0,관찰,33.0
2026-10-06T03:22:52+09:00,VTHO,KRW-VTHO,VTHOUSDT,0.877,-1.7917133299999999,802908215.714567,1791224524775,False,False,,869766260.3462062,647582541.5200278,1136002541.2024934,1105796104.2251985,1456425584.3714652,1.343097141415612,0.9030649167460753,0.7391617720314294,2,-2.7233115468409563,-4.5940170940171,중립,520833.170606,-0.461,252381.278322,288777.412881,2274135.810905,60449746.297602,16426085.509167,0.873964746079368,0.012015741609969776,0.013009538769779163,1,-1.7857142857142794,-4.486251808972508,중립,,0.0,,33.0,관찰,33.0
2026-10-06T03:22:52+09:00,IN,KRW-IN,,50.0,-0.59642147,662586370.5271147,1791224302608,False,False,,623358432.4905313,369063531.05256236,1284315748.6678302,1197525625.316245,1097811322.2599995,1.689027443900308,0.6559584973065108,0.5579224200270804,2,-2.3300970873786464,-2.1400778210116767,중립,,,,,,,,,,,,,,NO_DATA,,0.0,,33.0,관찰,33.0
2026-10-06T03:22:52+09:00,ERA,KRW-ERA,ERAUSDT,87.2,-1.0215664,630857222.2217594,1791223945095,False,False,,252577693.37566414,239459214.18718845,772934625.5683166,914872806.4648117,2685267103.1111236,1.054783772814943,0.39316463116976064,0.23643445105056313,2,-3.715846994535521,-2.32815964523283,중립,673309.68269,-1.077,208989.89488,179380.32626,519593.49439,458024.99823,1158640.45226,1.165065864453178,0.5418931068978274,0.38968020386098984,2,-3.1296572280178903,-2.4024024024024038,중립,,0.0,,33.0,관찰,33.0
2026-10-06T03:22:52+09:00,JPYC,KRW-JPYC,,8.49,-0.23501763,600516772.1015491,1791224062866,False,False,,641664357.7939078,477043895.1854716,1265839473.169068,1058681871.7023259,859653062.0279824,1.3450845179444815,0.687113419976131,0.700031183142826,2,-0.4678362573099504,-0.5841121495327228,중립,,,,,,,,,,,,,,NO_DATA,,0.0,,33.0,관찰,33.0
2026-10-06T03:22:52+09:00,AWE,KRW-AWE,AWEUSDT,91.1,-3.69978858,565791469.3812497,1791224522195,False,False,,356080859.32238257,280107768.1226981,471655761.95284116,962733226.5568477,841607378.0821661,1.2712280766394357,0.6230647995306733,0.4363370966582594,2,-7.254901960784322,-1.1494252873563315,중립,360942.18501,-4.497,137318.44272,326652.48322,325458.09288,670171.05027,495430.57281,0.42038083215034433,0.31154885611692446,0.3235670075595404,1,-6.823027718550101,-0.7382169222033053,감소형,,0.0,,33.0,관찰,33.0
2026-10-06T03:22:52+09:00,ZORA,KRW-ZORA,,10.5,-0.94339623,536061242.7870474,1791224368752,False,False,,421199603.08900577,334305812.3334594,911887211.6643176,671762194.5976688,1355523643.3036327,1.2599230631050848,0.658826023160423,0.47558636367290563,2,-0.9345794392523366,-0.9345794392523366,중립,,,,,,,,,,,,,,NO_DATA,,0.0,,33.0,관찰,33.0
2026-10-06T03:22:52+09:00,ZBT,KRW-ZBT,ZBTUSDT,117.0,0.0,521347505.93678194,1791224028433,False,False,,593329842.6128178,558015578.3677182,1206043273.1749878,840315363.292076,1180986424.1273835,1.063285445091693,0.6834615078353374,0.5407102769942106,2,0.0,-0.8474576271186418,중립,371564.41372,0.698,254418.628,273246.75009,792369.3897,477964.80252,410463.07928,0.9310947995399816,0.4944709169949793,0.5112472264993584,1,0.2328288707799775,-0.9205983889528313,중립,,0.0,,33.0,관찰,33.0
2026-10-06T03:22:52+09:00,MET2,KRW-MET2,,393.0,-4.37956204,499709980.10497236,1791224148988,False,False,,791165917.6762142,428887714.17607176,1591189905.7723372,800844888.4518642,1326629080.7692537,1.8446924253731736,0.8413906252159467,0.7347491049723776,2,0.0,-7.432432432432434,중립,,,,,,,,,,,,,,NO_DATA,,0.0,,33.0,관찰,33.0
2026-10-06T03:22:52+09:00,PRL,KRW-PRL,,154.0,-1.9108280299999998,458613764.8913606,1791224344017,False,False,,493520482.74092966,342744111.2639745,895362777.7067995,513359560.53143734,722503201.1526929,1.4399094441649802,0.8453267538430913,0.7304169563088755,2,-1.8750000000000044,-0.6329113924050667,중립,,,,,,,,,,,,,,NO_DATA,,0.0,,33.0,관찰,33.0
2026-10-06T03:22:52+09:00,HYPER,KRW-HYPER,HYPERUSDT,97.6,-0.10235414999999999,393799056.866511,1791224389239,False,False,,186550910.95606884,153254039.7232726,352611897.0742001,278938763.13762057,328061042.15125453,1.2172658632223965,0.7131108324332056,0.6546801664225549,2,-0.4077471967380175,-0.20429009193054792,중립,363756.55138,0.279,222706.71189,198493.40239,471361.18147,607143.87783,472478.66727,1.1219854625315238,0.5231957247511475,0.5055446108025708,2,0.6954102920723182,0.5555555555555758,중립,,0.0,,33.0,관찰,33.0
2026-10-06T03:22:52+09:00,DOS,KRW-DOS,,287.0,-1.37457045,376154944.6383498,1791223222927,False,False,,439343949.19352615,430404877.6578312,1168466346.3163924,845918372.4131896,918425954.92722,1.0207689828803508,0.5391187239704356,0.4708696923293968,2,-1.3559322033898313,0.0,중립,,,,,,,,,,,,,,NO_DATA,,0.0,,33.0,관찰,33.0
2026-10-06T03:22:52+09:00,LINEA,KRW-LINEA,LINEAUSDT,3.9,0.0,315618739.34592223,1791224562556,False,False,,375239054.55073905,335865225.06738585,434226596.5425455,551315240.3235275,709330455.6454579,1.1172310395500262,0.8519079366846188,0.6573446491049092,2,0.0,-0.7633587786259555,중립,586650.909888,0.841,450576.506078,364834.276925,1353509.353794,958884.230438,1025780.070951,1.2350169229593146,0.5048989433607014,0.46579253809153714,2,0.5944055944055782,-0.5530591081921998,중립,,0.0,,33.0,관찰,33.0
2026-10-06T03:22:52+09:00,MNT,KRW-MNT,,878.0,-2.11817168,289349595.4233803,1791221458497,False,False,,236209727.85477528,206724823.73559764,387052927.17542714,205262261.06233197,533214760.04291594,1.1426287544300389,0.8868506870065906,0.7260879027559365,2,-3.340517241379315,-0.4439511653718142,중립,,,,,,,,,,,,,,NO_DATA,,0.0,,33.0,관찰,33.0
2026-10-06T03:22:52+09:00,KAT,KRW-KAT,KATUSDT,6.51,0.0,280245529.0064463,1791224431592,False,False,,345969269.5939652,216568984.1277997,553633599.7121161,511207143.20382804,630932144.4739393,1.597501465813798,0.8099734119986621,0.7469182550697427,2,-3.5555555555555562,-1.3636363636363669,중립,382001.13545,0.418,251048.76847,205391.55618,767846.31064,638270.97887,667691.11249,1.2222935214044883,0.46735474485560474,0.44017592333672606,2,-2.8282828282828354,-1.2320328542094527,중립,,0.0,,33.0,관찰,33.0
2026-10-06T03:22:52+09:00,COW,KRW-COW,COWUSDT,211.0,-1.4018691600000002,233862650.36777723,1791223549620,False,False,,236479564.30950212,120725938.94999734,344283260.7376391,536060185.9431351,1628941011.9207385,1.9588132125230189,0.708680839821598,0.3130183473966619,2,-4.0358744394618835,-1.834862385321101,중립,283119.62907,-0.636,245349.00779,156679.7855,715108.76221,532440.77604,1333798.75758,1.565926370188961,0.5241644017263388,0.31949408737757995,2,-3.357753357753357,-1.9206939281288693,중립,,0.0,,33.0,관찰,33.0
2026-10-06T03:22:52+09:00,MBL,KRW-MBL,MBLUSDT,1.08,-2.7027026999999997,148250516.23038492,1791224172437,False,False,,131169684.51907279,106058390.48584303,264165154.21618268,493456162.0713652,184364796.74368623,1.2367685754818396,0.4556191959486039,0.4949367098202767,2,-0.8928571428571397,-0.8928571428571397,중립,183970.061712,-1.85,243474.667171,439632.84775,624082.564207,605782.843684,560202.892052,0.5538136388513294,0.4375110899607113,0.454537411079739,1,0.6119951040391758,0.366300366300365,감소형,,0.0,,33.0,관찰,33.0
2026-10-06T03:22:52+09:00,G,KRW-G,GUSDT,6.37,-2.3006135,1395903874.7018344,1791224252647,False,False,,1420758260.9338999,1071047762.9943345,3294096555.824665,3315674029.079162,3267911426.903149,1.3265125142149383,0.5549245652929757,0.49357419272694864,2,0.1536098310291889,-2.5411061285500858,중립,418956.61659,-2.899,387919.44417,312774.25143,1116956.54078,841893.49184,1258474.55239,1.2402537689609585,0.5123022943015804,0.4183986251879878,2,0.8368200836819994,-1.8329938900203846,중립,,0.0,,32.9,관찰,32.9
2026-10-06T03:22:52+09:00,CBK,KRW-CBK,,291.0,-2.34899329,175821949.218002,1791223705843,False,False,,286335253.5495114,259362976.72387668,406875434.7029181,621178215.0314392,425404710.17478156,1.1039943216504255,0.6672321476938776,0.5567626959769771,2,-1.3245033112582738,0.33670033670034627,중립,,,,,,,,,,,,,,NO_DATA,,0.0,,32.9,관찰,32.9
2026-10-06T03:22:52+09:00,SUN,KRW-SUN,SUNUSDT,23.3,0.0,117652928.62938489,1791224313148,False,False,,144090216.20403624,119867962.02177428,498204373.13762385,271599920.40288025,252091877.87962645,1.2020744640495509,0.4858762829902018,0.43699926504308967,2,0.0,0.4310344827586299,중립,808900.0564,0.058,526426.48523,284300.14932,479391.09823,461039.81255,491246.85696,1.851657434894519,1.2894908173236426,1.077115200721151,2,1.0544815465729496,1.232394366197198,중립,,0.0,,32.9,관찰,32.9
2026-10-06T03:22:52+09:00,ETC,KRW-ETC,ETCUSDT,12050.0,-1.14848236,3039347482.6559854,1791224573536,False,False,,1786217082.5223155,1550658917.7257023,5003071536.096998,3512252661.1302266,5049267182.042468,1.1519084320245603,0.532352497155168,0.4232446029156249,2,0.6606110652353392,-1.2155591572123203,중립,3567859.31,0.113,2475022.3856,2377765.761,5961794.3396,4627298.453,7486323.4127,1.040902525469581,0.5726188132698166,0.46195917648464657,2,1.5765765765765716,-0.7700770077007757,중립,,0.0,,32.8,관찰,32.8
2026-10-06T03:22:52+09:00,XAUT,KRW-XAUT,XAUTUSDT,5618000.0,0.30351723,772680961.28128,1791223991500,False,False,,398211416.88374,306201148.94285,683720937.89683,214279877.8308,405538119.04278,1.3004896234339833,0.9920547264495801,0.7915067646623171,2,-1.771308312872677,-1.408202781200496,중립,24657476.197406,-0.057,4592553.733544,4308773.103049,51835126.323116,17421441.26334,22303745.3119,1.0658611218804235,0.1872846787834907,0.17297966704747084,2,-0.936261550890849,-0.972003526738463,중립,,0.0,,32.8,관찰,32.8
2026-10-06T03:22:52+09:00,ZETA,KRW-ZETA,,69.1,0.29027576,528706519.53390986,1791224536436,False,False,,1764022671.0869906,569886464.6100688,4510679275.00947,11405982480.784832,939996956.6822984,3.0953931715047505,0.3209930873650865,0.47732240446390745,2,-1.2893982808022786,-3.5014005602240883,중립,,,,,,,,,,,,,,NO_DATA,,0.0,,32.8,관찰,32.8
2026-10-06T03:22:52+09:00,PROVE,KRW-PROVE,PROVEUSDT,291.0,1.39372822,404232494.7595182,1791224017092,False,False,,494431260.53521997,199678787.1916903,530628167.61793965,593618239.4372921,462360684.01245195,2.4761331310599823,1.1203758248965043,0.8933067091454927,2,-9.177215189873422,-11.419753086419748,중립,844914.50548,1.856,572162.69515,454474.28441,1484075.94871,922087.23162,1253178.14936,1.258955049333063,0.6000369171582566,0.5307345156407326,2,-8.513396715643907,-11.199664429530198,중립,,0.0,,32.8,관찰,32.8
2026-10-06T03:22:52+09:00,ALT,KRW-ALT,ALTUSDT,10.6,0.0,230609084.25811312,1791223256681,False,False,,240853925.02156833,163587741.3224632,359109371.1594401,111243706.47318831,144877587.15920928,1.4723225779295923,1.1397937369858673,0.9595575559423785,2,1.9230769230769162,2.9126213592232997,중립,349502.06371,0.127,267579.43501,297039.59599,770118.08422,318953.25048,533337.13638,0.9008207613472792,0.5791299146817928,0.5192949852326496,1,2.741514360313313,3.416557161629452,중립,,0.0,,32.8,관찰,32.8
2026-10-06T03:22:52+09:00,ETH,KRW-ETH,ETHUSDT,3675000.0,-0.24429967,55158939445.21677,1791224574534,False,False,,29032389094.45153,24715635658.61988,134249371464.81076,69919574478.80243,79562019962.6668,1.174656783885958,0.3805287655186681,0.363940567067824,2,-0.13553808620222485,1.292273852075887,중립,794829434.347824,0.27,265059874.296777,212257992.57391,1151282504.890507,709347817.568287,732267196.250156,1.2487627489668307,0.3836094868805247,0.36220339930643175,2,0.7581971756046801,1.8282436762037113,중립,,0.0,,32.7,관찰,32.7
2026-10-06T03:22:52+09:00,MED,KRW-MED,,2.37,-2.0661157,128531261.85901693,1791222742308,False,False,,85958329.64655621,84018086.00287859,179683939.0267631,165762908.84760404,131350140.43629947,1.0230931664357499,0.6004564484731069,0.5831218540563187,2,-0.4115226337448652,1.2552301255229992,중립,,,,,,,,,,,,,,NO_DATA,,0.0,,32.7,관찰,32.7
2026-10-06T03:22:52+09:00,USDC,KRW-USDC,USDCUSDT,1357.0,0.51851852,1611147616.6251178,1791223757969,False,False,,1303716414.7863557,607819168.119504,2055045355.979472,1581488631.3213503,1318222080.6696765,2.1449083595370104,0.9214947722632988,0.9190351642804163,2,-1.098901098901095,-0.6622516556291425,중립,3466344438.57039,-0.016,824550090.01457,1328136568.42923,4452872767.65104,4435066737.89797,2901145994.44802,0.6208323071698528,0.2421331098291681,0.25502908689861814,1,-0.018994111825343385,-0.027988804478218388,감소형,,0.0,,32.6,관찰,32.6
2026-10-06T03:22:52+09:00,IRYS,KRW-IRYS,,21.6,0.46511628,518623671.80142784,1791224407830,False,False,,355925093.15634495,264987271.52200043,859692467.4340284,1153575064.5512717,1574453227.6806483,1.3431780745996869,0.46868123698246084,0.24076620979489397,2,-2.2727272727272707,-2.714932126696834,중립,,,,,,,,,,,,,,NO_DATA,,0.0,,32.6,관찰,32.6
2026-10-06T03:22:52+09:00,KMNO,KRW-KMNO,KMNOUSDT,55.1,0.5474452599999999,206601248.35342494,1791224457133,False,False,,261180255.5770573,72261095.7793402,665952646.768466,547712889.8510478,914586196.4124576,3.61439655405461,0.6093199619557628,0.38364761351894844,2,-2.4911032028469893,-8.361204013377932,중립,747244.37417,-0.099,308649.22881,241922.30889,636957.43171,1380945.22854,1039244.68757,1.2758196225315466,0.4097430991668257,0.3465095822267067,2,-1.8689320388349473,-8.176243470361111,중립,,0.0,,32.6,관찰,32.6
2026-10-06T03:22:52+09:00,XLM,KRW-XLM,XLMUSDT,288.0,-4.95049505,28808011354.379295,1791224573542,False,False,,11460810959.543312,10564368244.99492,28379871911.20964,27602178806.80511,39282468285.45715,1.0848553073652178,0.5166684160381593,0.3310201448681373,2,1.3377926421404673,0.3311258278145601,중립,22657946.3431,-2.484,8162203.3302,7998712.6722,20741726.4953,20943946.5748,34053817.5974,1.020439621311592,0.4928431664146093,0.32053336546522737,2,2.282062984938382,0.809716599190291,중립,,0.0,,32.5,관찰,32.5
2026-10-06T03:22:52+09:00,POL,KRW-POL,POLUSDT,145.0,-2.68456376,3109394503.2610264,1791223776261,False,False,,1247692016.670652,1093034932.3380268,2747930892.093382,3615694142.5386906,3927142077.146339,1.1414932677419651,0.5019775699297305,0.39960847366634117,2,1.3605442176870763,-6.2893081761006275,중립,6843848.588643,-2.128,2726567.634552,3032618.648812,9103411.697947,9173885.922247,13247575.536117,0.8990802835101299,0.38384491052894887,0.2704575401345343,1,2.161811096678412,-6.4008840530431765,중립,,0.0,,32.5,관찰,32.5
2026-10-06T03:22:52+09:00,W,KRW-W,WUSDT,19.5,-1.01522843,1328995345.4672322,1791224344655,False,True,"거래량급등,입금량급등",5862107655.315313,849023329.5481235,1158892309.628708,485512550.57148445,1096062470.8119147,6.90453071346733,7.053069760842435,4.293155681200958,2,8.83977900552484,6.486486486486487,일회성 폭증형,1333294.207128,-1.775,3412193.270868,992979.810152,1599238.156814,1355665.700361,2771322.19652,3.4363168676568354,2.5929284333585487,1.6107145475820428,2,9.743202416918418,6.995581737849776,고수준 유지형,,0.0,,32.5,관찰,32.5
2026-10-06T03:22:52+09:00,ENSO,KRW-ENSO,ENSOUSDT,1355.0,0.14781966,1092863501.9111395,1791224523185,False,False,,739083485.7784156,669181125.1437963,1105445476.0459547,2763481592.3614035,1143327151.2229965,1.1044595521423266,0.4885847500255843,0.5794215784106568,2,-1.8142235123367212,1.7293233082706694,중립,421500.74723,0.805,461241.83402,322075.75166,649152.83711,1182119.01298,541845.61281,1.4320911513602892,0.6425927244330933,0.7675514833366432,2,-0.8928571428571397,2.147239263803691,중립,,0.0,,32.5,관찰,32.5
2026-10-06T03:22:52+09:00,VET,KRW-VET,VETUSDT,11.7,-2.5,744605609.5663224,1791224426837,False,False,,566447351.7058812,412473788.39593613,891949908.8863151,850833237.6705239,715076914.9281629,1.3732929646480831,0.7884637917450333,0.7448582818526792,2,0.8403361344537785,0.8403361344537785,중립,1665945.0814934,-1.087,1352930.4963185,942137.4189567,1839879.2892138,1406459.1958593,1311552.0791592,1.4360224624309077,0.969037803237801,0.9331266751610519,2,0.46511627906975495,1.1189769353733725,중립,,0.0,,32.5,관찰,32.5
2026-10-06T03:22:52+09:00,XRP,KRW-XRP,XRPUSDT,2034.0,-1.02189781,120960138590.72408,1791224575526,False,False,,62788972100.2783,49434688175.49766,263766369583.37878,129618805967.86353,180321013274.34146,1.2701399445946076,0.42538045767764915,0.3446816211954778,2,0.8341511285574033,1.5316205533596916,중립,170963519.01697,-0.02,87591204.07582,69979683.25064,311030027.74261,169889610.42734,227000051.15465,1.2516661980606911,0.4769902630300078,0.4116726331673403,2,1.7872682241113935,2.0126123708573695,중립,,0.0,,32.4,관찰,32.4
2026-10-06T03:22:52+09:00,NXPC,KRW-NXPC,NXPCUSDT,318.0,-0.31347962,247366538.5808123,1791223547406,False,False,,195964028.10164368,94813827.11869138,414175057.2746518,226889713.36251467,269249118.2353886,2.066829639271167,0.798898196112473,0.7004590332257041,2,0.6309148264984188,1.9169329073482455,중립,199740.34877,0.555,141382.98778,107264.79856,532028.96438,229396.24429,177800.8445,1.318074425888336,0.4882627402293803,0.5370423318737576,2,1.5968925334484352,1.728608470181503,중립,,0.0,,32.4,관찰,32.4
2026-10-06T03:22:52+09:00,ETHFI,KRW-ETHFI,ETHFIUSDT,1010.0,0.0,715615153.2336295,1791224197076,False,False,,954708948.1590344,669978475.3860552,1280417257.2350612,1341932722.1885378,1217348496.7645085,1.4249845080603696,0.8699395834255219,0.49091665494268916,2,2.020202020202011,-3.5339063992359088,중립,4154084.31458,0.377,3564432.16855,3293118.05204,9463294.0601,6067214.02894,7309627.98945,1.082388214519649,0.5680784576523934,0.43775546402271526,2,2.9618404738944726,-3.374272786037491,중립,,0.0,,32.3,관찰,32.3
2026-10-06T03:22:52+09:00,ARKM,KRW-ARKM,ARKMUSDT,180.0,0.55865922,224210490.63792506,1791223677351,False,False,,202628362.49773714,156724213.33078757,318910804.1195782,281906330.91360587,1396539107.3160887,1.2928976205486684,0.8024447626601952,0.17304455752000486,2,-0.5555555555555536,1.1299435028248483,중립,1177525.10996,1.293,602863.37819,532583.65878,1403380.92505,917787.97415,1853791.13516,1.131959962066788,0.6337585679993897,0.39725900222630167,2,0.4542013626041008,2.0769230769230873,중립,,0.0,,32.3,관찰,32.3
2026-10-06T03:22:52+09:00,DOGE,KRW-DOGE,DOGEUSDT,129.0,-0.76923077,23075664825.647476,1791224554412,False,False,,20265390641.826797,7705251501.350028,40397602253.02564,23886764932.82384,35146304524.99178,2.6300751686400012,0.8445130427714096,0.7420053398147525,2,0.7751937984496138,2.3622047244094446,중립,70962111.85295,-0.525,56229379.40938,27911884.49271,106607464.22099,51416954.06312,82317736.86043,2.0145318179453606,0.9072361647989579,0.8457204304920941,2,1.6318745363992804,2.1514538289487684,중립,,0.0,,32.2,관찰,32.2
2026-10-06T03:22:52+09:00,VIRTUAL,KRW-VIRTUAL,VIRTUALUSDT,1146.0,0.43821208999999994,10311254936.994974,1791224527960,False,False,,7523471257.762381,4031241610.6148586,8008111765.825606,4593157840.4735565,6096698651.869875,1.866291327702106,1.3570057749508515,1.1977725557229344,2,6.735266604303081,8.770257387988556,중립,13338105.8999,-0.823,9919208.76998,4726684.20392,10514308.52678,6367394.45121,8294525.83753,2.0985554232190218,1.377133150171075,1.2249015893549597,2,7.672666921996685,9.234555109441779,중립,,0.0,,32.2,관찰,32.2
2026-10-06T03:22:52+09:00,BSV,KRW-BSV,,27160.0,-0.73099415,587986739.1315659,1791224373176,False,False,,618480951.5492165,447560746.2431008,2574539048.030524,807172019.9391148,867597760.6033612,1.3818927525276696,0.4845419559303628,0.5392591532334841,2,1.7100371747211796,0.6993006993007089,중립,,,,,,,,,,,,,,NO_DATA,,0.0,,32.2,관찰,32.2
2026-10-06T03:22:52+09:00,AZTEC,KRW-AZTEC,,23.2,-2.5210084,401419016.6183431,1791224344340,False,False,,539473851.8479086,253944629.54070473,913407795.613291,877013063.8506675,1431427574.9944558,2.12437590361184,0.791649812251372,0.34336949243589204,2,-1.2448132780083054,3.4782608695652195,중립,,,,,,,,,,,,,,NO_DATA,,0.0,,32.2,관찰,32.2
2026-10-06T03:22:52+09:00,HP,KRW-HP,,13.2,-2.94117647,255732621.0475099,1791223478845,False,False,,138179097.74691433,125320017.13008949,509480432.19100064,1911107783.089405,418651469.9022255,1.1026099494023875,0.16282491566801457,0.17861599223668714,2,-0.7299270072992692,3.8167938931297662,중립,,,,,,,,,,,,,,NO_DATA,,0.0,,32.2,관찰,32.2
2026-10-06T03:22:52+09:00,SOL,KRW-SOL,SOLUSDT,162800.0,-0.85261876,23977587264.16027,1791224564219,False,False,,17631041486.353455,11198942660.843275,47416712257.472244,26313761670.150043,39774856430.66171,1.574348759548506,0.6227892123097886,0.5613450681538363,2,1.6718266253870073,1.5460729746443969,중립,211489121.11995,-1.121,150940704.45927,105210732.07242,388241664.34585,253033335.63552,348023503.90991,1.434651213674405,0.6066051820333798,0.5455777078159455,2,2.694029220505012,2.056231640788919,중립,,0.0,,32.1,관찰,32.1
2026-10-06T03:22:52+09:00,SHIB,KRW-SHIB,SHIBUSDT,0.00797,-0.375,8819755794.65192,1791224558646,False,False,,4657747188.402546,4100227984.419696,8363100507.100563,5063731011.991006,6244131140.531029,1.1359727327605553,0.7972382111447914,0.7384066505176846,2,1.2658227848101111,2.3017902813299074,중립,7555212.37590352,1.906,3730735.18838556,2005355.83733107,10067890.67176014,3602777.22595702,4684844.91015352,1.8603856327816608,0.7139696746014301,0.7436091666060001,2,2.0725388601036343,2.604166666666674,중립,,0.0,,32.1,관찰,32.1
2026-10-06T03:22:52+09:00,FF,KRW-FF,FFUSDT,158.0,1.28205128,815129478.016659,1791224539721,False,False,,682080593.853289,386336437.03109926,893778999.885415,733522880.2518207,1659792039.549592,1.765509355252409,1.016191321010111,0.669704713246232,2,-6.586826347305386,-8.771929824561408,중립,863218.850325,0.794,1592115.777589,566993.50731,1714267.550741,645658.354215,1541857.865809,2.807996488606211,1.6318684118020135,1.3209907882065735,2,-6.250508667697563,-8.586620109515131,고수준 유지형,,0.0,,32.1,관찰,32.1
2026-10-06T03:22:52+09:00,NEO,KRW-NEO,NEOUSDT,3451.0,-0.86182132,402806853.33452684,1791224394573,False,False,,403456686.73438877,314199508.15500283,1805026284.1120336,273991712.79060096,297909430.1065034,1.2840780340602984,0.505750128287657,0.6298670566631124,2,1.191860465116279,2.2920952101087355,중립,330925.99335,-0.078,537560.012,347936.07893,1545053.13557,456729.62246,830744.75813,1.5449964650206618,0.686328938864209,0.7439925175071049,2,1.6199130778348447,2.6336791699920203,중립,,0.0,,32.1,관찰,32.1
2026-10-06T03:22:52+09:00,HOLO,KRW-HOLO,HOLOUSDT,87.9,-1.56774916,345893334.94243497,1791224509318,False,False,,336095040.5998998,304271444.07694113,839299669.3977962,398122897.7809946,547939699.268775,1.1045894944874006,0.6540111814914795,0.5718518159553895,2,1.0180995475113086,2.408256880733939,중립,256610.17538,-1.067,162493.51448,181691.5684,612641.23072,324141.46921,392291.39815,0.8943371225805326,0.4358442185423362,0.4067926920875462,1,1.6975308641975273,2.488335925349938,중립,,0.0,,32.1,관찰,32.1
2026-10-06T03:22:52+09:00,WET,KRW-WET,,88.8,-1.44284129,230519473.9149774,1791222833899,False,False,,174897498.2124096,156769704.30327937,518085931.6663031,331411611.9415198,174163072.8193102,1.1156332723193827,0.5214245974182617,0.5402218182400355,2,1.122334455667784,2.2701475595913845,중립,,,,,,,,,,,,,,NO_DATA,,0.0,,32.1,관찰,32.1
2026-10-06T03:22:52+09:00,BTC,KRW-BTC,BTCUSDT,116011000.0,-0.73330595,119956830781.18558,1791224538774,False,False,,48500327620.66657,39508958234.91915,184986638991.9129,92081396132.22375,117747705920.11533,1.2275779921172558,0.459606938957106,0.45775634380739183,2,1.0470615699871066,2.8885347795082117,중립,1501625875.3399515,0.216,683674414.6744858,583778209.308663,2268231876.268694,1409485416.762407,1557658297.3238585,1.1711201339360104,0.4812918945701921,0.4921921078205575,2,1.9438607776503414,3.426027501067952,중립,,0.0,,32.0,관찰,32.0
2026-10-06T03:22:52+09:00,IOTA,KRW-IOTA,IOTAUSDT,79.5,-0.37593984999999996,3490277996.348179,1791224561243,False,True,"거래량급등,입금량급등",16201168500.466282,822079509.974763,1769437098.599699,2990623695.14122,2162489715.336786,19.7075444697115,8.706965940832145,6.155738780798746,2,6.68449197860963,12.23628691983123,일회성 폭증형,2021868.3111,-1.513,6576502.3709,538259.0777,1098341.3989,2548062.6844,1402804.8874,12.218098390465846,4.714718091667211,3.6919290510482234,2,7.650273224043724,13.218390804597702,일회성 폭증형,,0.0,,32.0,관찰,32.0
2026-10-06T03:22:52+09:00,SEI,KRW-SEI,SEIUSDT,98.0,-1.4084507,4825362556.178245,1791224509298,False,False,,4398860626.25655,3365618062.9720993,7322425506.520901,4896719792.037279,8855298915.788832,1.306999351665001,0.8467617744741854,0.6329589501314858,2,3.2191069574247333,-0.10050251256280562,중립,7056099.509515,-1.994,6366002.273597,3548456.99152,8181325.677291,6039147.172132,9985784.965248,1.794019848291888,1.0747978067190942,0.8037928897684655,2,4.312668463611868,0.35485191756516876,중립,,0.0,,31.9,관찰,31.9
2026-10-06T03:22:52+09:00,TREE,KRW-TREE,TREEUSDT,62.1,-1.8957346,2312403613.449627,1791223992127,False,False,,1024592560.3821844,1010502925.6560144,1446208606.0240786,1050244259.5318342,1424135763.0641716,1.0139431904336378,0.8764803048983753,0.8293039803120387,2,1.1182108626198062,3.0944625407166138,중립,457564.59511,-0.864,239256.08305,253560.73452,508662.15876,460842.57954,536510.33621,0.9435849107430642,0.5868600374230618,0.5569426779711292,1,1.9607843137254832,3.7694013303769314,중립,,0.0,,31.9,관찰,31.9
2026-10-06T03:22:52+09:00,AUCTION,KRW-AUCTION,AUCTIONUSDT,5125.0,0.58881256,291260961.52149177,1791224237491,False,False,,227003512.01031995,226548193.9459564,395511365.1792677,187178740.64918137,255744298.9929453,1.0020098066395187,0.8415451125098847,0.7713941283849219,2,1.0912698412698374,1.4940239043824688,중립,356892.97562,1.527,242976.98617,181806.78484,456370.36588,402692.40192,430261.9526,1.3364571975893702,0.7003096177241256,0.6686360303233173,2,1.621621621621605,1.9522776572667988,중립,,0.0,,31.8,관찰,31.8
2026-10-06T03:22:52+09:00,HIVE,KRW-HIVE,HIVEUSDT,77.9,-0.6377551,398375683.42416793,1791224443272,False,False,,359269454.3397132,240983752.35335177,632383468.9882694,362618277.8490702,562468352.5936468,1.490845133048308,0.8720234693083986,0.7853118820298396,2,1.4230271668822958,3.566710700132103,중립,192850.569,-0.348,123307.4352,82227.82,193512.8681,134819.0026,263184.0476,1.4995829294756933,0.901019544732427,0.739698348544799,2,2.2927689594356204,3.942652329749108,중립,,0.0,,31.7,관찰,31.7
2026-10-06T03:22:52+09:00,AI,KRW-AI,AIUSDT,28.5,0.0,374257303.77963674,1791222516084,False,False,,329370615.1238314,304801627.6642094,499145220.98408264,329932034.4430802,434186136.50312585,1.0806064837904634,0.8714439082572353,0.8565963029539526,2,2.1505376344086002,2.517985611510798,중립,448638.58604,3.015,720990.96846,2484801.34624,3220484.30119,262906.04823,313301.17978,0.2901604064047225,0.3624167948480759,0.5471217663535263,1,5.882352941176472,4.210526315789487,감소형,,0.0,,31.7,관찰,31.7
2026-10-06T03:22:52+09:00,DKA,KRW-DKA,,5.7,-0.34965035,105877446.54316463,1791224335494,False,False,,286914352.74263215,64798318.84749182,147992456.755398,127683618.55945624,219630170.3136484,4.427805502453061,2.5280698724658697,1.923266336958776,2,0.5272407732864526,0.0,일회성 폭증형,,,,,,,,,,,,,,NO_DATA,,0.0,,31.7,관찰,31.7
2026-10-06T03:22:52+09:00,BREV,KRW-BREV,BREVUSDT,119.0,1.70940171,594470477.9860716,1791224438235,False,False,,118651448.61771955,41762927.07389666,221508583.48514745,208676007.7924672,196518570.3082608,2.8410711827687236,0.7542244254117261,0.679249727139369,2,0.0,-0.8474576271186418,중립,286860.95879,2.209,95346.60575,81715.58558,319742.56122,243739.21739,221796.12801,1.1668105303688383,0.44333692777729017,0.4541058996732994,2,0.23201856148491462,-0.11560693641616826,중립,,0.0,,31.6,관찰,31.6
2026-10-06T03:22:52+09:00,NCT,KRW-NCT,,13.7,-4.1958042,528328139.18857634,1791224431907,False,False,,274292801.4488055,123477379.44245784,396366876.72003603,290152790.2099427,260081013.94670597,2.221401220914554,1.0159029690684294,0.880738779947173,2,2.877697841726623,2.877697841726623,중립,,,,,,,,,,,,,,NO_DATA,,0.0,,31.5,관찰,31.5
2026-10-06T03:22:52+09:00,SKR,KRW-SKR,,24.5,-0.40650406999999994,468047067.5376145,1791224521213,False,False,,369271705.3859757,285770120.15002865,513005867.6232964,721618251.0586721,501339276.1892216,1.292198446751917,0.7286367495110853,0.7270415364761905,2,4.237288135593209,-1.5999999999999903,중립,,,,,,,,,,,,,,NO_DATA,,0.0,,31.5,관찰,31.5
2026-10-06T03:22:52+09:00,SUI,KRW-SUI,SUIUSDT,1618.0,-0.85784314,40963566354.39573,1791224564538,False,False,,29865930333.027576,27724113677.18818,43190991215.27299,31207430798.98007,46134606090.508934,1.0772546484543424,0.8773557216577399,0.7802110639498967,2,1.6189290161892966,4.481434058898848,중립,110811767.63519,-2.457,79347458.72761,67593013.47748,108698492.2591,87280951.6727,131998082.00301,1.173900298942083,0.9031382813007415,0.7722715272561461,2,2.633143633738211,4.841648590021674,중립,,0.0,,31.4,관찰,31.4
2026-10-06T03:22:52+09:00,WAVES,KRW-WAVES,,407.0,0.24630542000000002,592530675.5237485,1791223939627,False,False,,776333163.3952507,724722575.0105822,3349165146.5957913,2882477103.787814,2013928443.3012526,1.0712142689689428,0.334801228607756,0.40276606802353054,2,0.4950495049504955,5.729166666666674,중립,,,,,,,,,,,,,,NO_DATA,,0.0,,31.4,관찰,31.4
2026-10-06T03:22:52+09:00,XTZ,KRW-XTZ,XTZUSDT,447.0,-0.22321429,388799692.7390489,1791224563561,False,False,,464300392.4791598,319984641.79282963,730023120.7599479,587869555.5952792,611478281.3015581,1.4510083667695706,0.8504307141956325,0.8880210485320339,2,0.9009009009008917,6.161137440758302,중립,928849.62073,1.067,789523.19138,329452.86638,1076723.52845,651664.51005,948873.93806,2.396467816641614,1.1509974209002902,1.0597537260402374,2,1.3194231359312525,5.833333333333335,중립,,0.0,,31.3,관찰,31.3
2026-10-06T03:22:52+09:00,PUNDIX,KRW-PUNDIX,PUNDIXUSDT,166.0,0.60606061,176753064.9928232,1791223189961,False,False,,394182439.91099614,346476886.88698053,579945377.5693543,1449015823.849479,7636275731.85733,1.1376875480862219,0.49782283341949485,0.19084159290816288,2,1.2269938650306678,3.7735849056603765,중립,194966.0372,0.49,130153.40705,139419.47341,331024.6518,495606.29635,1134251.81921,0.933538220068077,0.4041820307054739,0.2828092301007863,1,1.9118869492934287,4.607508532423199,중립,,0.0,,31.3,관찰,31.3
2026-10-06T03:22:52+09:00,GEOD,KRW-GEOD,,427.0,0.47058824,2544817064.0345283,1791224548661,False,False,,2375495268.646774,554931067.9542477,1008721601.238327,916023298.0157992,639672172.8855157,4.280703326638446,2.873958493037838,2.9262426547883176,2,11.842105263157897,18.38440111420614,일회성 폭증형,,,,,,,,,,,,,,NO_DATA,,0.0,,31.1,관찰,31.1
2026-10-06T03:22:52+09:00,SIGN,KRW-SIGN,SIGNUSDT,17.0,-1.7341040499999998,546145382.9433346,1791224241993,False,False,,445329694.83837694,393877168.0249116,667339955.4262667,341166760.6888493,410324621.19826305,1.130630894579325,0.9526557596847945,0.6536031431051388,2,3.592814371257491,2.9761904761904656,중립,371806.57876,-0.633,336881.67677,309943.05953,536682.36448,353994.21613,366494.25644,1.086914729695351,0.8417695301004341,0.7488212049813224,2,4.738562091503273,2.8892455858748,중립,,0.0,,31.1,관찰,31.1
2026-10-06T03:22:52+09:00,ASTR,KRW-ASTR,ASTRUSDT,10.3,-1.9047618999999998,224303814.907073,1791223927392,False,False,,285736502.8635318,217003643.4261034,419058642.4737693,346350348.422462,320662130.92639095,1.3167359697388406,0.8725554605493199,0.8669767619196422,2,2.941176470588247,3.960396039603964,중립,321300.1084438,-0.957,454175.0334831,165770.5542218,417171.5192388,411403.0075911,536855.1701247,2.739781112605901,1.3702738882241796,1.1926332877516317,2,3.199464524765716,4.288419913419905,중립,,0.0,,31.1,관찰,31.1
2026-10-06T03:22:52+09:00,PENDLE,KRW-PENDLE,PENDLEUSDT,3338.0,1.05964275,1145992754.0708632,1791224494090,False,False,,469508998.6137738,258756511.33243966,473421189.903823,632117890.8764998,967393944.6849976,1.8144818702187868,1.0324206894636827,0.7387753341436742,2,2.1020092735703155,5.0572519083969425,중립,4636843.6781,0.285,2920950.4785,1670936.5648,4853024.1819,4423887.0171,3948198.4989,1.7480917827958469,0.8004177281744017,0.7670144139231408,2,3.0749789385004167,5.292598967297768,중립,,0.0,,30.6,관찰,30.6
2026-10-06T03:22:52+09:00,FLOCK,KRW-FLOCK,,89.1,1.9450800899999998,2376130338.780305,1791224485119,False,False,,3978950182.014581,3084698120.6526027,5819233898.635085,6260049721.767917,8779976745.089445,1.2898993763359863,0.787184444684829,0.5677638702128798,2,2.7027027027027195,-1.1312217194570096,중립,,,,,,,,,,,,,,NO_DATA,,0.0,,30.5,관찰,30.5
2026-10-06T03:22:52+09:00,SENT,KRW-SENT,SENTUSDT,32.3,2.53968254,345219621.10051936,1791224478057,False,True,거래량급등,1574548402.2677085,253566995.3502988,315894914.07653916,167714413.8347954,318951121.46773565,6.209595219963445,6.407754912560645,6.851905242434525,2,5.7046979865771785,13.718411552346566,일회성 폭증형,1186481.28309,-0.335,3527577.28671,790733.61119,717985.35721,740800.55103,1019744.80597,4.46114498838773,4.7044410011661215,4.4811169876688295,3,6.792106470858195,13.512195121951208,가속형,,0.0,,30.0,관찰,30.0
2026-10-06T03:22:52+09:00,LA,KRW-LA,LAUSDT,94.9,4.0570175399999995,8746216295.372042,1791224148983,False,False,,1675010629.093362,1496691711.9080462,3216789488.372469,4807887697.098967,2695056914.0922995,1.1191420489380457,0.5277635959114135,0.5487890596719722,2,-4.100946372239744,-2.4598930481283365,중립,1518452.05713,4.478,403930.30807,328285.87211,975392.79627,1457046.19462,903323.7108,1.2304224530705774,0.43893940336132664,0.4498484597562606,2,-3.2904148783977294,-1.4577259475218707,중립,,0.0,,29.8,관찰,29.8
2026-10-06T03:22:52+09:00,ESP,KRW-ESP,ESPUSDT,153.0,6.25,2533402519.2628455,1791224476470,False,True,"거래량급등,입금량급등",11584184625.874586,275019950.7486227,531759763.4051878,1783114644.4079378,786055436.5627625,42.12125191042199,13.41852178747668,14.665126963336775,2,0.6993006993007089,9.090909090909083,일회성 폭증형,1449970.12607,6.09,5439391.35402,282278.01279,640400.53305,1843602.83604,795247.35726,19.269624652156743,5.898956689275754,6.5496723076325996,2,0.34129692832765013,8.453735013833397,일회성 폭증형,,0.0,,29.8,관찰,29.8
2026-10-06T03:22:52+09:00,CC,KRW-CC,,170.0,-2.85714286,1477782730.346691,1791224421763,False,False,,1948975805.460683,1558749000.156801,3857094598.8252015,2211843173.560329,2295551689.879947,1.2503461463421164,0.766540052146537,0.5884131091744904,2,6.707317073170738,4.166666666666674,중립,,,,,,,,,,,,,,NO_DATA,,0.0,,29.7,관찰,29.7
2026-10-06T03:22:52+09:00,CELO,KRW-CELO,CELOUSDT,143.0,4.37956204,2213619144.5561385,1791224498287,False,False,,562559822.2468047,531899320.581939,903926902.7129964,1417865766.9625895,1986097048.4424932,1.0576434307743066,0.5914021108452259,0.1548110248995206,2,0.0,0.0,중립,1325031.497689,5.318,522608.710952,783223.513999,981268.918535,1349159.499596,2118814.759226,0.6672536020830795,0.5035328826184741,0.15976449412216806,1,1.2359214591846746,1.5801580158015804,감소형,,0.0,,29.5,관찰,29.5
2026-10-06T03:22:52+09:00,CYBER,KRW-CYBER,CYBERUSDT,450.0,4.40835267,469794195.7529782,1791224538448,False,False,,249554203.51298526,247668978.84759808,927838078.9112206,7204739309.251772,548943020.5456606,1.00761187240388,0.08933658722565926,0.13567263391050233,2,-1.1467889908256867,-1.8223234624145768,중립,858474.41013,6.369,356554.23861,391968.88681,734090.12904,1954936.95083,739412.46586,0.9096493385273036,0.34718082314876914,0.39989105331487745,1,-0.6269592476489061,-2.1604938271604923,중립,,0.0,,29.5,관찰,29.5
2026-10-06T03:22:52+09:00,ALGO,KRW-ALGO,ALGOUSDT,173.0,-3.88888889,2725920106.9886727,1791224358921,False,False,,2466330653.874582,2390075252.950801,4327763056.448983,3633006013.3072085,4179109735.4296513,1.0319050209108,0.7148201374637941,0.49681299607894014,2,7.14285714285714,5.263157894736836,중립,4642659.2222,-2.899,4155448.4322,3746532.8731,6922238.6062,7303745.5915,5911362.6254,1.1091450610338969,0.6936337991774179,0.5206943985360194,2,8.156606851549753,5.5732484076433275,중립,,0.0,,29.3,관찰,29.3
2026-10-06T03:22:52+09:00,WAL,KRW-WAL,WALUSDT,48.7,-0.40899796,589045965.4843279,1791224374431,False,False,,464380234.0294989,447541666.8739779,544189635.7424119,447165713.3554803,531205278.0928564,1.037624579791947,0.9682004247868509,0.9349060370185328,2,5.615550755939536,8.185840707964598,중립,669541.241081,-0.911,597876.555805,254076.146464,471294.792631,550465.962733,390132.922401,2.353139262090127,1.4058455785728678,1.4862624238194428,2,6.635210852255957,8.42578710644677,고수준 유지형,,0.0,,29.2,관찰,29.2
2026-10-06T03:22:52+09:00,ATOM,KRW-ATOM,ATOMUSDT,2456.0,3.8477801300000003,1743402721.7848825,1791224510927,False,False,,1521947080.1418889,951095189.1783506,2091370056.1590054,1836599915.570257,1508391280.0048594,1.6002047928101668,0.9358024723687683,0.9109122611251433,2,1.4586014586014606,1.2847965738758127,중립,3949122.2165,2.953,3234011.26635,2054670.37005,3634029.91276,2389658.23021,3732390.11574,1.5739805827205757,1.2009907437771052,0.8647477978349456,2,2.4590163934426146,1.5081206496519783,중립,,0.0,,29.1,관찰,29.1
2026-10-06T03:22:52+09:00,NEAR,KRW-NEAR,NEARUSDT,6955.0,4.66516178,31334494989.53426,1791224575190,False,False,,19351726394.627514,15467911584.772303,44005156275.74692,53203180862.96155,53981237223.89639,1.2510885059414687,0.5152388355274055,0.4510526215793724,2,1.2185833968012094,0.15071590052750938,중립,123711603.038,2.358,82000722.216,72232865.4934,172968470.7215,230791674.2336,233188950.403,1.135227318698751,0.5168188634034915,0.44817681407163684,2,2.2457891453524503,0.6344658207122267,중립,,0.0,,28.8,관찰,28.8
2026-10-06T03:22:52+09:00,ZKP,KRW-ZKP,ZKPUSDT,70.0,4.47761194,31411991661.476757,1791224541964,False,False,,607648774.7703199,450822905.7630455,1921883271.5101266,308348977.8760194,662928196.724206,1.3478657960864633,0.6799361515595225,0.7628448084997351,2,0.6006006006006093,2.6033690658499253,중립,4009234.84324,5.092,120741.64347,125577.07136,573340.79705,206976.1094,325579.42405,0.9614943409841278,0.39985355823391083,0.4090020786792906,1,1.4314928425357865,3.3333333333333215,중립,,0.0,,28.6,관찰,28.6
2026-10-06T03:22:52+09:00,GRVT,KRW-GRVT,,302.0,1.00334448,1024362119.9671894,1791224482557,False,False,,634397236.3310195,421553966.7511367,1270189543.8249483,617109705.947298,627673226.7992601,1.504901593549787,0.8243017335934589,0.7804029740875101,2,5.653710247349819,7.942238267148016,중립,,,,,,,,,,,,,,NO_DATA,,0.0,,28.5,관찰,28.5
2026-10-06T03:22:52+09:00,ADA,KRW-ADA,ADAUSDT,360.0,2.27272727,40789491447.09671,1791224559309,False,False,,15442820750.08312,8245941298.147485,23853696745.677475,16184194925.979229,15265457746.184877,1.8727783999083853,0.9595025788284521,0.8887926591390419,2,4.761904761904767,6.344410876132933,중립,111403664.22474,6.855,52225328.09752,17370962.88558,60139277.87691,35642723.99314,35362507.3654,3.00647283869758,1.384638790781348,1.369754225614632,2,5.397727272727271,6.216768916155413,중립,,0.0,,28.1,관찰,28.1
2026-10-06T03:22:52+09:00,LIT,KRW-LIT,,5275.0,6.67340748,7492217153.008224,1791224560281,False,False,,3485638072.879171,3335528834.31915,4168518189.2755904,4777216737.238296,18666840932.308918,1.0450031302429623,0.851452621023117,0.4506762568960206,2,-4.720616570327552,-7.656395891690004,중립,,,,,,,,,,,,,,NO_DATA,,0.0,,27.7,관찰,27.7
2026-10-06T03:22:52+09:00,AVNT,KRW-AVNT,AVNTUSDT,184.0,6.3583815,4030716656.410705,1791224554731,False,False,,950649460.1493598,930964933.6978681,1668182121.9803803,920569402.5075862,1090231106.9395337,1.021144219012958,0.8102778773032352,0.8137453890774681,2,3.592814371257491,2.3668639053254337,중립,2180522.41747,7.205,307749.34404,336352.68534,782325.04596,645981.49476,738519.51255,0.9149602707316383,0.5231877172009916,0.48217771081420524,1,3.6615134255492343,2.411575562700974,중립,,0.0,,26.1,관찰,26.1
2026-10-06T03:22:52+09:00,VVV,KRW-VVV,,37800.0,-6.643615710000001,1459614373.1415799,1791224558970,False,False,,1005448709.178948,722702576.3393958,4302311743.646523,1010091793.4748545,892334392.6737078,1.3912344332183049,0.49980001524896955,0.6320110025427613,2,12.91132180702732,10.688901038819033,중립,,,,,,,,,,,,,,NO_DATA,,0.0,,26.1,관찰,26.1
2026-10-06T03:22:52+09:00,CARV,KRW-CARV,,67.5,11.01973684,58549097854.741394,1791224574528,False,False,,411761392.7189648,206979056.8236832,295921858.95242923,399325904.5771449,346255799.12193775,1.9893867478086302,1.3691503625144195,1.1787809612077922,2,2.7027027027026973,6.666666666666665,중립,,,,,,,,,,,,,,NO_DATA,,0.0,,25.6,관찰,25.6
2026-10-06T03:22:52+09:00,POD,KRW-POD,,1061.0,-10.84033613,53862212745.70128,1791224575857,False,False,,,,,,,,,,,,,NO_DATA,,,,,,,,,,,,,,NO_DATA,,0.0,,25.0,관찰,25.0
2026-10-06T03:22:52+09:00,QUID,KRW-QUID,,86.1,-1.37457045,1405320903.344244,1791224419227,False,False,,1003384362.1651896,1134881574.9609132,1141563897.0747378,975418907.4278814,1200671862.9489586,0.8841313352009856,0.9256699343015532,0.7862810372856008,1,-4.065934065934074,-5.723542116630664,중립,,,,,,,,,,,,,,NO_DATA,,0.0,,25.0,관찰,25.0
2026-10-06T03:22:52+09:00,IOST,KRW-IOST,IOSTUSDT,1.16,0.0,595839269.8730053,1791224564529,False,False,,861569244.0571847,1091389873.466738,1063191818.1222485,1100504169.1031055,910350290.8432857,0.7894238942500528,0.7940520904176693,0.7884882566050249,1,-2.5210084033613467,-4.132231404958686,중립,328566.059117,1.422,235239.296966,290245.6068,703918.451909,545499.530465,502145.951664,0.8104835747887709,0.4583584984799206,0.4567296775480009,1,-3.1818181818181857,-4.269662921348305,중립,,0.0,,25.0,관찰,25.0
2026-10-06T03:22:52+09:00,CTC,KRW-CTC,,156.0,-1.26582278,592551050.6998668,1791224226615,False,False,,368093937.6263437,369373673.1481876,868639025.124551,1652903677.7599518,718366176.1493086,0.9965353905411379,0.3819833122929959,0.4275114613076587,1,-0.6289308176100628,-1.2499999999999956,중립,,,,,,,,,,,,,,NO_DATA,,0.0,,25.0,관찰,25.0
2026-10-06T03:22:52+09:00,DOOD,KRW-DOOD,,2.31,-1.70212766,573912909.6461701,1791221911225,False,False,,303243249.6398356,354963369.2146146,612392373.3353777,450009218.0362208,3201816011.455294,0.8542944876559685,0.6418458013405725,0.2929779636235092,1,-4.471544715447151,-1.673640167364021,중립,,,,,,,,,,,,,,NO_DATA,,0.0,,25.0,관찰,25.0
2026-10-06T03:22:52+09:00,BARD,KRW-BARD,BARDUSDT,183.0,-0.54347826,366580327.76348317,1791224457136,False,False,,286083780.485731,309857287.63911986,627224382.1420399,377945360.3002588,553904503.967953,0.9232759463734898,0.6526492017461081,0.564164617559968,1,-2.127659574468088,-0.540540540540535,중립,276899.29267,0.148,134487.47891,183652.36244,593848.78734,492044.2098,494333.10267,0.7322937593788789,0.31780072581532365,0.26870185988375894,1,-1.0885341074020283,0.22058823529411686,감소형,,0.0,,25.0,관찰,25.0
2026-10-06T03:22:52+09:00,HOME,KRW-HOME,HOMEUSDT,7.64,-0.7792207800000001,336786718.2494163,1791223457318,False,False,,293881733.93353343,321342491.15006423,395467578.68552095,261337316.75921202,457415627.35630924,0.9145436474390595,0.9013418773931936,0.795525828065331,1,-4.5848822800495626,-3.387703889585947,중립,395563.08495,-0.704,417482.75429,510113.08239,777574.79456,506828.47722,702602.8484,0.8184121691880454,0.6979308157095523,0.7006707231935384,1,-4.0540540540540455,-3.4013605442176797,중립,,0.0,,25.0,관찰,25.0
2026-10-06T03:22:52+09:00,ARDR,KRW-ARDR,,40.5,-0.73529412,307905168.1883598,1791224370315,False,False,,258515362.17687017,276347116.38465613,526360005.1724922,1322925120.3347976,3159017372.74492,0.9354733480085771,0.36485431075336244,0.15102782058989997,1,-1.210653753026636,-4.225352112676061,중립,,,,,,,,,,,,,,NO_DATA,,0.0,,25.0,관찰,25.0
2026-10-06T03:22:52+09:00,CRV,KRW-CRV,CRVUSDT,507.0,-0.9765625,774549790.333555,1791224507656,False,False,,433535898.00270635,445742246.1737448,692825618.3347,1797950672.6504776,2697871689.106791,0.9726156803044409,0.4429080482721745,0.20375575247590902,1,0.39215686274509665,-0.7751937984496138,중립,3551976.43214,1.356,2191612.22487,3531158.24143,6089550.29081,4669938.17999,8773749.69948,0.6206496778185934,0.4600797155655122,0.25154186267138096,1,1.2560128273650495,-0.5772763054316399,감소형,,0.0,,24.9,관찰,24.9
2026-10-06T03:22:52+09:00,USDT,KRW-USDT,,1356.0,0.29585799,58304817721.86805,1791224568074,False,False,,37055247273.333,43892751489.19913,131256174943.20087,60350850647.97362,72578772368.23082,0.8442224744660024,0.47204181336468654,0.47259516771894444,1,-0.8797653958944274,-0.2949852507374673,중립,,,,,,,,,,,,,,NO_DATA,,0.0,,24.8,관찰,24.8
2026-10-06T03:22:52+09:00,HBAR,KRW-HBAR,HBARUSDT,137.0,-2.8368794299999998,5354450206.181407,1791224531529,False,False,,4372496980.393501,4689941486.501719,12644755557.042625,11932059053.340208,10810733173.71919,0.9323137597725119,0.4482044712354323,0.31109432180747026,1,0.7142857142857117,-4.081632653061229,중립,15240259.3992,-1.645,8247355.51962,8202843.54671,23028997.51965,30306452.45712,47139510.31394,1.0054264076422441,0.4020596793022809,0.20981285378675762,2,1.3248904042864051,1.562347427009092,중립,,0.0,,24.8,관찰,24.8
2026-10-06T03:22:52+09:00,TAO,KRW-TAO,TAOUSDT,406500.0,-1.3349514599999999,2083267907.119571,1791224412244,False,False,,2090062924.256172,2431689797.147409,3519390578.329691,2626274629.748786,2691113317.937377,0.859510504468129,0.731016585992804,0.7343875616943738,1,-0.3145414952818726,0.8321096426823216,중립,30916696.34747,-0.828,18281909.97441,26088793.43479,54856268.57279,33475328.2155,42066408.70719,0.7007572052002473,0.4793352812055604,0.4557087689026384,1,0.3625576796308483,1.263717991353519,감소형,,0.0,,24.8,관찰,24.8
2026-10-06T03:22:52+09:00,ONG,KRW-ONG,ONGUSDT,122.0,-0.8130081299999999,703339812.9423877,1791223240038,False,False,,515211711.52310616,580561456.2356304,1440638959.964392,1656503242.712172,2680023876.142253,0.8874369905018273,0.42027179944848864,0.31982181326346604,1,-3.149606299212604,0.8196721311475308,중립,495674.54542,1.326,227209.67731,291841.55315,647052.96049,1146217.05121,1953918.32815,0.7785377882539548,0.32690290698139957,0.23746715158756673,1,-2.2604369457062456,-0.13261133826941718,중립,,0.0,,24.8,관찰,24.8
2026-10-06T03:22:52+09:00,BTT,KRW-BTT,,0.000509,0.19685039,290752237.3694713,1791224041853,False,False,,378806334.5416653,456376598.4042485,411975047.35047156,818345760.137258,691075120.4610466,0.8300301458624022,0.6737539286271815,0.440513870050956,1,-0.39215686274510775,0.19723865877712132,중립,,,,,,,,,,,,,,NO_DATA,,0.0,,24.8,관찰,24.8
2026-10-06T03:22:52+09:00,QKC,KRW-QKC,QKCUSDT,3.76,-1.05263158,192986778.514634,1791224372222,False,False,,268914128.57563114,336677077.0877267,1458858107.1264794,10417798525.24314,318837072.4933537,0.7987301389858543,0.06605423260499266,0.1040382945909747,1,-3.797468354430389,0.7957559681697646,중립,61028.94716,-1.216,64643.056496,81545.456811,189246.241027,917880.788186,129161.712138,0.7927241936460651,0.163147689349381,0.2264342997299785,1,-2.460152460152476,1.29543001079524,중립,,0.0,,24.8,관찰,24.8
2026-10-06T03:22:52+09:00,IQ,KRW-IQ,IQUSDT,1.21,-2.41935484,165497746.86532152,1791224198673,False,False,,99517255.31326328,109276181.54687741,192295308.81696016,197183029.29663217,277430850.6590055,0.9106948458898362,0.5985946075095837,0.388863485667307,1,0.8130081300812941,-0.8000000000000007,중립,34348.167612,-0.44,23984.216206,32275.817134,45092.251258,43814.762721,96470.291515,0.7431017503421947,0.5937528275016609,0.3907273867738687,1,1.4444444444444482,-0.5446623093681935,감소형,,0.0,,24.7,관찰,24.7
2026-10-06T03:22:52+09:00,TRUMP,KRW-TRUMP,TRUMPUSDT,2780.0,-0.42979943,13163422511.57811,1791224571282,False,False,,13386676124.921307,15469432842.075308,39508000206.07998,63112984891.156975,23876405981.201538,0.8653630848385655,0.3400786369932447,0.4143154546607011,1,-0.6405693950177982,1.6011644832605532,중립,13778535.125731,0.147,14414480.214338,11848951.028962,33550306.888032,33501698.682096,18310299.854362,1.2165195196693077,0.5480724506642135,0.6243326225531729,2,0.24271844660193054,1.9249753208292253,중립,,0.0,,24.6,관찰,24.6
2026-10-06T03:22:52+09:00,TRX,KRW-TRX,TRXUSDT,457.0,0.66079295,1888477053.4028502,1791224514137,False,False,,1619388548.1418867,1898759656.661378,3579381331.044195,2606326074.707076,2686183392.1002235,0.8528665239229307,0.6009258998670268,0.5973164008254096,1,-0.43859649122807154,0.0,중립,22489429.63694,0.298,12645789.77636,19976257.08452,25682082.7323,35090235.10203,36499167.989,0.633041000766829,0.46982091469980697,0.4521890542193118,1,0.26881720430107503,0.38875598086125507,감소형,,0.0,,24.5,관찰,24.5
2026-10-06T03:22:52+09:00,GAS,KRW-GAS,GASUSDT,1935.0,0.10346610999999999,550388207.0822353,1791224577456,False,False,,454040222.8804355,492903510.657849,1200059435.4386399,907499787.0226144,979758789.1358341,0.9211543701006614,0.523799342053067,0.4633173520211439,1,0.6770833333333393,0.9399477806788514,중립,132562.7435,0.705,114161.2316,146141.1039,438199.2478,287903.367,336636.6885,0.7811712690915291,0.392646788343103,0.3888419165548895,1,1.7045454545454586,1.7045454545454586,중립,,0.0,,24.5,관찰,24.5
2026-10-06T03:22:52+09:00,QTUM,KRW-QTUM,QTUMUSDT,1343.0,0.14914243,324083298.7980167,1791224470434,False,False,,209963176.94684097,214519398.80699444,609027260.3794923,180775865.09825966,432201182.2891913,0.9787607932639567,0.6271785363861222,0.5717149665489968,1,0.14936519790889058,1.9771863117870714,중립,170027.5445,0.814,128552.1227,90389.3271,323443.8089,149858.9319,270973.8461,1.4222046653558948,0.6841614244045316,0.6219691115895978,2,0.7092198581560183,2.3686920700308978,중립,,0.0,,24.4,관찰,24.4
2026-10-06T03:22:52+09:00,CVC,KRW-CVC,CVCUSDT,41.6,-0.23980815,974125218.0726023,1791224374749,False,False,,522681019.3229241,548016985.0863615,1160632236.5445912,3359238780.9891133,5806793875.287289,0.9537679187818516,0.30940759881791075,0.2234375668955947,1,-1.1848341232227444,3.2178217821782207,중립,479068.05497,-0.518,184667.12773,289763.34228,393847.41007,813702.62442,1021088.00894,0.6373032774848211,0.36999695039463965,0.3124183325108394,1,-0.1615508885298822,3.3790565406490503,감소형,,0.0,,24.3,관찰,24.3
2026-10-06T03:22:52+09:00,LAYER,KRW-LAYER,LAYERUSDT,105.0,-1.8691588799999999,412934466.2069522,1791224373485,False,False,,296480525.6022977,359675037.0616995,635704474.854492,708239292.6194296,815671339.7243128,0.8243010914083502,0.5220895510421067,0.4282840205992361,1,1.904761904761898,-0.92592592592593,중립,328971.886891,-1.023,202898.272511,246571.300383,408721.138576,417737.230004,491071.255861,0.8228787056556762,0.5672674625308882,0.46607320415991704,1,2.4771838331160367,-0.25380710659898,중립,,0.0,,24.3,관찰,24.3
2026-10-06T03:22:52+09:00,BLEND,KRW-BLEND,,91.5,-1.18790497,234056625.9752303,1791224235560,False,False,,280241436.2697295,302901525.83053875,414374185.6612481,293377527.87546426,418762677.7923398,0.9251899127986345,0.8318622808111201,0.820475368413635,1,0.5428881650380024,2.207505518763786,중립,,,,,,,,,,,,,,NO_DATA,,0.0,,24.3,관찰,24.3
2026-10-06T03:22:52+09:00,HUNT,KRW-HUNT,,137.0,-2.14285714,144531570.1191605,1791224521870,False,False,,98587051.9578188,119508349.36478376,143855410.3323767,96300432.39724213,177420912.96059477,0.8249386129239773,0.8223258316352682,0.6626819307541381,1,0.7194244604316502,2.1897810218978186,중립,,,,,,,,,,,,,,NO_DATA,,0.0,,24.3,관찰,24.3
2026-10-06T03:22:52+09:00,SNT,KRW-SNT,,11.6,-0.85470085,166603710.70432165,1791224483203,False,False,,96355973.93032642,118994864.30291563,361373609.5536154,156808640.3338312,151689020.78504086,0.8097490130753945,0.45366965534894854,0.4596761403453817,1,0.8620689655172376,3.539823008849541,중립,,,,,,,,,,,,,,NO_DATA,,0.0,,23.9,관찰,23.9
2026-10-06T03:22:52+09:00,INJ,KRW-INJ,INJUSDT,10260.0,-0.8695652200000001,578992759.6658491,1791224535120,False,False,,717279083.737277,915339432.4807373,730090139.7395271,598216115.2157673,642193745.9552627,0.7836208714327094,0.9590806887476442,0.8518107474047952,1,3.1904287138584175,0.29069767441860517,중립,8575397.94039,1.715,6665001.3697,9228838.4477,12019218.02558,8847264.29564,12774018.803,0.7221928748098352,0.664389134198869,0.5783186245873991,1,3.8310012226599577,0.3676953381483772,감소형,,0.0,,23.8,관찰,23.8
2026-10-06T03:22:52+09:00,KERNEL,KRW-KERNEL,KERNELUSDT,73.0,-1.74966353,208925853.94905287,1791223393333,False,False,,160561779.57571867,162034057.17175606,472752058.1814472,509225202.15579224,940282904.6206737,0.9909137768828638,0.4210494523568107,0.30474779514559475,1,-0.5354752342704217,5.991440798858783,중립,393145.9142,-0.737,169928.72718,193476.9099,440361.15663,576545.71364,968629.41214,0.8782894417107909,0.42117730747218035,0.3084196837154568,1,0.18248175182480342,6.189555125725321,중립,,0.0,,23.7,관찰,23.7
2026-10-06T03:22:52+09:00,ARB,KRW-ARB,ARBUSDT,280.0,1.44927536,6123193505.811964,1791224568084,False,False,,2801204221.661904,2906688229.9004183,6672245430.661567,5091088305.210691,6948402708.818792,0.9637098994128696,0.5728425413808226,0.4315107858333857,1,1.098901098901095,-0.3610108303249149,중립,14613736.21443,1.98,7778850.95217,8786080.86864,18805800.71518,13461570.11871,18412094.49159,0.8853607277773772,0.5684431366600983,0.4475471522244918,1,2.1010505252626377,0.29484029484030394,중립,,0.0,,23.5,관찰,23.5
2026-10-06T03:22:52+09:00,BCH,KRW-BCH,BCHUSDT,427600.0,-0.8808530400000001,2652892280.343393,1791224558646,False,False,,2102441546.505242,2164422326.676155,7381220739.561106,3669594423.279302,4946931325.562694,0.9713638233134958,0.47727667735969376,0.44552846284229175,1,2.1548662088562542,3.230437903804728,중립,10087215.2326,-0.442,7757139.24,8211234.5341,21124510.3944,10589204.7762,15230245.9353,0.9446982920516749,0.5828790741660087,0.5133007878703881,1,3.1037827352085268,3.6399090022749325,중립,,0.0,,23.5,관찰,23.5
2026-10-06T03:22:52+09:00,RENDER,KRW-RENDER,RENDERUSDT,2709.0,1.34680135,806902608.0866413,1791224435707,False,False,,950711029.5139761,990429191.2889012,962804491.8511869,583056949.4638827,1190497707.180217,0.9598980299406991,1.1245292837807344,1.0108806810412985,1,2.6497695852534475,3.44427244582044,중립,5969566.93677,0.657,2944198.08782,3937965.8411,5593110.73675,3344765.40864,5351037.61841,0.7476443947511722,0.6859818777465284,0.6038219115446662,1,3.350785340314144,3.4049240440021,감소형,,0.0,,23.3,관찰,23.3
2026-10-06T03:22:52+09:00,RE,KRW-RE,REUSDT,680.0,-2.9957204,5299953600.03711,1791224522840,False,False,,1365550655.6649644,1722148867.0995028,3080352278.800411,9498351808.64271,2038267057.4670746,0.7929341543886782,0.28646207187897865,0.3576823834465481,1,0.0,8.179012345679016,중립,1853259.68221,-1.219,539900.62381,767489.71551,1845091.31552,3722112.14253,1623328.26144,0.7034630079065409,0.25568750167575244,0.2561655564021699,1,0.5045604502231793,8.665547629039017,감소형,,0.0,,23.2,관찰,23.2
2026-10-06T03:22:52+09:00,GRT,KRW-GRT,GRTUSDT,39.4,-1.5,1008263586.7382658,1791223724409,False,False,,343379465.07768404,423026219.15300304,694034581.6548381,736466886.084879,1207999702.126848,0.8117214714615317,0.5557717872345304,0.38848443369519425,1,4.712041884816753,0.7556675062972307,중립,3134058.74101,2.209,986223.5433,705099.21647,1262715.64492,1465101.20438,2539594.8624,1.3987018000635676,0.8618534718635402,0.5448039386606354,2,5.126379494482025,1.1301369863013777,중립,,0.0,,23.2,관찰,23.2
2026-10-06T03:22:52+09:00,WIF,KRW-WIF,WIFUSDT,344.0,0.0,114250140.0612279,1791223537427,False,False,,56925050.832847,65757562.34875939,624327502.282399,98729025.27721097,676850766.7592312,0.8656806730598183,0.21649607262768172,0.1791086269208211,1,2.0771513353115667,5.8461538461538565,중립,4150971.067144,2.302,1475622.751,1374900.801748,4211066.522921,2450102.588036,5286775.369674,1.0732576118393018,0.55087478096739,0.4474844313151067,2,1.764234161988787,5.5740432612312985,중립,,0.0,,23.0,관찰,23.0
2026-10-06T03:22:52+09:00,NEWT,KRW-NEWT,NEWTUSDT,68.5,-1.01156069,196817969.27094257,1791223379649,False,False,,195851305.48198268,200583562.55343786,391353437.3351179,256033714.01773062,277902803.98266816,0.9764075529858313,0.6928941139244128,0.7318908700809768,1,2.6706231454005858,5.487804878048785,중립,305383.465156,-0.826,206811.144927,198614.465178,480037.028017,449470.447546,424109.915466,1.0412692989992145,0.5499701870645934,0.5654780111128066,2,3.293594665589006,5.489063144861728,중립,,0.0,,22.9,관찰,22.9
2026-10-06T03:22:52+09:00,SONIC,KRW-SONIC,,37.7,1.07238606,1857639659.3157797,1791223777535,False,False,,362273441.7691847,413112739.4765956,584915570.0351167,494810634.1555543,1401528178.3618383,0.8769360204872328,0.7280224902478104,0.5078902188691399,1,2.754820936639124,1.634877384196165,중립,,,,,,,,,,,,,,NO_DATA,,0.0,,22.8,관찰,22.8
2026-10-06T03:22:52+09:00,THETA,KRW-THETA,THETAUSDT,309.0,-1.27795527,240019072.22393197,1791222531635,False,False,,351322147.577438,444110648.73616225,488239485.4476173,204880088.352734,374340754.17849594,0.7910689567503523,0.9267837082112667,0.9167108672940215,1,4.682274247491636,3.6423841059602724,중립,605703.827,0.657,721137.1306,681398.03786,1037410.95613,505495.68459,843712.80381,1.0583199400820182,0.9726236754495008,0.9504520442010055,2,5.968109339407746,4.492362982929032,중립,,0.0,,22.6,관찰,22.6
2026-10-06T03:22:52+09:00,POWR,KRW-POWR,POWRUSDT,89.7,-4.37100213,1196885792.9779546,1791224371265,False,False,,239875232.0254592,301779041.19678646,493462617.6938479,401781115.1468787,695436291.406475,0.7948704160307788,0.6011796197069059,0.4505925598292807,1,4.6875,4.222222222222216,중립,209598.5048,-2.635,45598.5236,141928.847,145130.0374,103569.9074,268061.8847,0.3212773482194215,0.350193261919205,0.25046402230963893,1,5.167173252279644,4.0601503759398305,감소형,,0.0,,22.4,관찰,22.4
2026-10-06T03:22:52+09:00,ID,KRW-ID,IDUSDT,51.2,3.43434343,502339576.86476356,1791224497322,False,False,,473317481.0254116,527650925.26038206,934414839.423865,865318248.9650791,566144790.6956267,0.8970276718302762,0.6101066410823011,0.6617385391136474,1,-0.6024096385542133,-1.980198019801982,중립,503721.1118,4.144,301900.6405,243241.539,505435.2718,326918.2381,301287.2875,1.2411557735621792,0.8420473136486188,0.8903518976116086,2,0.273972602739736,-1.8766756032171594,중립,,0.0,,22.3,관찰,22.3
2026-10-06T03:22:52+09:00,BERA,KRW-BERA,BERAUSDT,318.0,3.5830618899999997,1409589743.1412158,1791224514143,False,False,,731378097.7193445,928245743.6865474,2624094989.5700636,3705595554.7890778,19253446402.490276,0.7879143025365902,0.30230828793191816,0.11581043119672868,1,-5.5384615384615365,-3.7617554858934144,중립,972529.9972661,3.885,470672.6300765,779211.5934178,1206300.3450245,2533582.1086496,8859291.6821917,0.6040369959230487,0.3124559647388072,0.13144698814532083,1,-4.537815126050415,-3.2779906343124665,감소형,,0.0,,22.1,관찰,22.1
2026-10-06T03:22:52+09:00,A,KRW-A,AUSDT,136.0,3.8167938899999996,1712757620.2814593,1791224407190,False,False,,297290234.8595898,326358162.10379684,395352107.0236959,361235900.1252551,609387045.342948,0.910932433689334,0.8235595913268489,0.6545972924485631,1,0.0,0.0,중립,1606958.1065,4.782,330618.66215,234292.55109,913671.72196,465148.54865,820497.76807,1.411136037453439,0.6148708094730284,0.5845460376683311,2,0.4158004158004269,0.20746887966804906,중립,,0.0,,21.9,관찰,21.9
2026-10-06T03:22:52+09:00,APT,KRW-APT,APTUSDT,1113.0,2.67527675,5955017536.859819,1791224503428,False,False,,3343561940.5330114,3928791615.1194787,11061025687.665052,5291317569.483258,5975148176.608398,0.8510407952576864,0.49458207761908285,0.5057671638582982,1,2.3607176581680767,1.1194029850746245,중립,9381601.571006,2.145,5037273.002895,6269202.109424,12316027.745348,8663261.215613,12027958.603911,0.8034950724148553,0.55459287524032,0.46988218859988046,1,3.2723524864725517,1.4298367708465154,중립,,0.0,,21.8,관찰,21.8
2026-10-06T03:22:52+09:00,JTO,KRW-JTO,JTOUSDT,765.0,-2.0486555699999998,3185168043.1762342,1791224563552,False,False,,2806784917.2868385,3371997966.290048,3323712585.4860406,2384883861.145883,3509540468.155938,0.8323803707316376,0.9272911407515444,0.9084458092868446,1,5.970149253731338,4.973118279569899,중립,3046170.00749,-1.776,3033368.59139,3246271.49685,2853832.0662,2234465.50765,2828113.13049,0.9344161738577352,1.091850784002886,1.0912792050398732,1,6.707317073170738,4.942758495366162,중립,,0.0,,21.8,관찰,21.8
2026-10-06T03:22:52+09:00,API3,KRW-API3,API3USDT,411.0,2.49376559,2527103910.2208633,1791224296187,False,False,,658449402.3797809,770016846.746852,461812440.697937,451793886.16957325,1682133501.0405512,0.8551103851319377,1.1732721657060066,0.7979160949269042,1,4.699738903394257,4.155844155844157,중립,3877048.565479,4.441,954315.743477,1842517.521882,871105.333528,588694.611034,1177100.544084,0.5179412038927232,0.8669509396120773,0.7989917390788552,1,5.626780626780614,4.289732770745425,감소형,,0.0,,21.8,관찰,21.8
2026-10-06T03:22:52+09:00,SPX,KRW-SPX,,618.0,3.0,846185912.4800758,1791224487008,False,False,,197835208.49781525,218998877.85113645,423400131.41011363,1114769355.3551073,996148338.848483,0.9033617452245253,0.33776252603035334,0.32994688940823036,1,-0.16638935108153063,6.571936056838368,중립,,,,,,,,,,,,,,NO_DATA,,0.0,,21.2,관찰,21.2
2026-10-06T03:22:52+09:00,MASK,KRW-MASK,MASKUSDT,656.0,-2.38095238,421908289.16066265,1791224512535,False,False,,623567135.4294308,675340843.4640515,1235482936.5579689,172045512.06680274,317798895.19133025,0.9233369215919834,0.8981367258106935,1.1550314753315623,1,6.161137440758302,11.074380165289256,중립,425705.6006,-1.22,326320.7029,424866.1626,982199.4233,297636.4224,338660.3864,0.7680552880536691,0.5742716931953766,0.6862275034457145,1,6.4377682403433445,10.961968680089473,중립,,0.0,,21.2,관찰,21.2
2026-10-06T03:22:52+09:00,JST,KRW-JST,JSTUSDT,186.0,-1.5873015899999998,413031029.37313974,1791224348151,False,False,,398501844.36229086,441391846.81197846,277489960.0602612,742492068.4423066,368742083.1948214,0.9028300981101773,0.818069594154714,0.9139940529558244,1,5.586592178770955,9.883720930232553,중립,4339073.635545,-2.354,4029713.829408,5099513.980678,4119501.759397,4688834.101273,4617421.392886,0.7902152724115553,0.8692315222071939,0.8708076678437724,1,6.830496832786381,10.194442257734382,중립,,0.0,,20.9,관찰,20.9
2026-10-06T03:22:52+09:00,PUMP,KRW-PUMP,PUMPUSDT,8.53,-3.06818182,6567173660.514477,1791224575195,False,False,,10704000442.160408,11673626017.31161,9920118760.194832,4677429348.938793,9797798945.251717,0.9169387837409492,1.2223283653758155,0.9085878513710363,1,10.831234256926958,10.000000000000009,중립,33477530.462647,-4.077,42312961.433968,37759950.394913,55404798.609276,34874415.395584,55089451.523488,1.1205777812586422,0.9914066910462362,0.8087855821271828,2,11.92928252660488,10.7318729835286,중립,,0.0,,20.8,관찰,20.8
2026-10-06T03:22:52+09:00,MORPHO,KRW-MORPHO,MORPHOUSDT,3657.0,-1.34879957,922747744.2546922,1791224558990,False,False,,1240482048.1522958,1558034398.0803704,2503751064.843547,2501285809.4969273,2519819040.9005857,0.7961839929084198,0.5670281473393478,0.5708307772487956,1,5.222821458983828,10.557709513868186,중립,2482305.66516,-1.138,3034009.92204,3613469.76071,5184374.76504,4938890.67925,6083212.18676,0.8396389406739788,0.6626050244316404,0.5747718487171745,1,6.116918312040265,10.792239288601447,중립,,0.0,,20.8,관찰,20.8
2026-10-06T03:22:52+09:00,SYRUP,KRW-SYRUP,SYRUPUSDT,337.0,-3.4383954199999995,990730461.550252,1791224385787,False,False,,902913355.4980508,1110496823.3417513,1239628132.6970644,1201747667.153182,1717613584.2877884,0.8130715338572225,0.7626230875531402,0.40446737139810296,1,6.4024390243902385,9.404388714733546,중립,1361920.09901,-5.678,1684593.3802,1974369.67781,2347612.93295,2460129.20899,3153178.00538,0.8532309825931766,0.745163199150304,0.492453543017894,1,8.138564273789651,10.584720443875373,중립,,0.0,,20.7,관찰,20.7
2026-10-06T03:22:52+09:00,JUP,KRW-JUP,JUPUSDT,474.0,4.86725664,1915344792.1035357,1791224571924,False,False,,1554050830.039491,1698429375.308351,3226208295.868921,1324858994.9273396,2594503071.957283,0.9149929061709451,0.7460044767132342,0.6552758021651263,1,1.3452914798206317,1.118568232662187,중립,4892771.17427,5.687,2549202.60941,2634368.73068,3923360.29652,3562594.99422,5722364.78769,0.9676711463060768,0.7556682782135814,0.5603939800814388,1,2.633996937212868,1.5762352227947751,중립,,0.0,,20.4,관찰,20.4
2026-10-06T03:22:52+09:00,FIL,KRW-FIL,FILUSDT,1501.0,4.81843575,4802534952.834496,1791224568072,False,False,,1542510384.5349863,2027518886.8339262,3070648134.033057,4112998272.945681,4501844335.646726,0.7607871840561222,0.5023828154200393,0.4598197123226559,1,3.021582733812944,-0.278551532033422,중립,11722037.25531,5.792,4125022.164054,8103619.532305,11834175.280009,13754584.069804,15188427.267097,0.5090345305094396,0.3672957179859443,0.3129015889968564,1,3.851430811446499,0.1039108256187582,감소형,,0.0,,20.1,관찰,20.1
2026-10-06T03:22:52+09:00,PLUME,KRW-PLUME,PLUMEUSDT,26.5,3.9215686299999994,3567994432.8008437,1791224574534,False,False,,1110614119.3291106,1222050195.4575624,2597082183.7282786,9301796803.499865,2253554776.811264,0.9088121940140702,0.2539334152023326,0.3175191653426716,1,1.5936254980079667,6.694560669456062,중립,4274162.80619,2.197,2029146.63867,1193490.3803,3692516.85903,10376830.08146,4946952.12402,1.7001784615640942,0.39884064725751245,0.4006941938958199,2,2.5557368134855762,7.3420603301081355,중립,,0.0,,19.8,관찰,19.8
2026-10-06T03:22:52+09:00,SAFE,KRW-SAFE,,159.0,3.9215686299999994,7411014353.086874,1791224127149,False,False,,317102033.3419842,335078613.58296394,471055110.8237681,1383537645.7414057,447841055.61715364,0.946351156080187,0.43445154053486756,0.5551682744723375,1,2.684563758389258,5.517241379310356,중립,,,,,,,,,,,,,,NO_DATA,,0.0,,19.7,관찰,19.7
2026-10-06T03:22:52+09:00,CHIP,KRW-CHIP,CHIPUSDT,66.7,1.06060606,3089220591.4835386,1791224530562,False,False,,2967260573.5881934,728460359.0957423,2220274117.737307,1489428210.3125777,1794685753.2066138,4.073331563671542,2.0057357848884303,1.9047026085184393,2,13.597246127366613,10.183639398998334,일회성 폭증형,4134145.44453,1.172,3467006.91632,763617.47613,3046835.45241,2318953.76838,3144342.84593,4.5402404013731195,1.696904980083385,1.5468954129345651,2,14.50023463162835,10.883890024994326,일회성 폭증형,,0.0,,19.7,관찰,19.7
2026-10-06T03:22:52+09:00,TIA,KRW-TIA,TIAUSDT,636.0,-1.54798762,619243392.3667595,1791224113810,False,False,,695284096.916693,872950791.504209,5024539769.035311,799191437.6802341,1104721466.4524794,0.7964757047973197,0.3114754876078305,0.4125493230739206,1,10.806174957118353,8.389261744966436,중립,5428316.609449,-0.085,4044206.224218,5764685.766488,13017915.666822,8191790.159367,7131898.26031,0.7015484257144233,0.4497828479641321,0.4607930817295805,1,11.901983663943994,8.77949183303084,감소형,,0.0,,19.4,관찰,19.4
2026-10-06T03:22:52+09:00,DRV,KRW-DRV,,532.0,-5.5062167,3619277222.410193,1791224558661,False,False,,16084033966.887653,2669554280.9844375,11243685345.917162,18994324398.019337,6291549015.820265,6.024988546386264,1.4662921225078098,1.507344713423541,2,4.452690166975892,7.854406130268199,일회성 폭증형,,,,,,,,,,,,,,NO_DATA,,0.0,,18.0,관찰,18.0
2026-10-06T03:22:52+09:00,ZAMA,KRW-ZAMA,ZAMAUSDT,113.0,-4.2372881399999995,983378677.5261619,1791224408460,False,False,,2469095435.6665506,3236298962.1312323,3232163520.424805,1556129552.4022105,2168886571.857357,0.7629379932317972,0.9230732571488529,1.0419919568519154,1,12.380952380952381,15.686274509803933,중립,3427312.02875,-1.928,5233795.52842,7373777.68472,5707765.93013,3488827.44584,7135447.18061,0.7097848283744047,0.9475579350488116,0.8705745395506065,1,13.722171592240585,16.497732728727655,감소형,,0.0,,17.4,관찰,17.4
2026-10-06T03:22:52+09:00,BIGTIME,KRW-BIGTIME,BIGTIMEUSDT,12.3,-1.6,829483958.4534185,1791224575199,False,False,,2603079767.9925003,4397476207.06238,1889365024.2438533,353060188.2044791,588738912.8402421,0.591948573550423,1.1761077176583978,1.6964222249421326,1,4.166666666666674,4.166666666666674,감소형,420427.32607,-0.436,518951.18518,1514205.27612,790124.75662,290366.83941,257780.85506,0.34272181808120533,0.6000136556413892,0.8288261394067131,1,4.436860068259407,3.378378378378377,감소형,,0.0,,15.5,관찰,15.5
2026-10-06T03:22:52+09:00,ONDO,KRW-ONDO,ONDOUSDT,666.0,-1.18694362,37892693599.30241,1791224536794,False,False,,22027325070.80855,31445338053.714085,52234856741.40611,42533096162.8736,67599947785.99202,0.7004957311376988,0.5235738226207809,0.4045919521497652,1,-0.5899705014749235,-1.3177159590043952,감소형,27489301.75435,-0.224,12753030.55886,16000108.91762,32179246.58289,27012004.85743,42640122.3001,0.7970589840682785,0.5088229750659106,0.4118245671843649,1,0.2614116227629193,-0.6772908366533881,중립,,0.0,,13.0,관찰,13.0
2026-10-06T03:22:52+09:00,SOON,KRW-SOON,,459.0,-5.94262295,5992354545.81022,1791224492480,False,False,,12644457571.514025,20888741684.938396,44194274572.17075,67970165555.52118,140715366205.5067,0.6053240430768109,0.28509932793611087,0.17191058128558223,1,-15.130434782608692,-12.701252236135963,감소형,,,,,,,,,,,,,,NO_DATA,,0.0,,13.0,관찰,13.0
2026-10-06T03:22:52+09:00,LINK,KRW-LINK,LINKUSDT,18880.0,-2.1761658,5896379913.251432,1791224565814,False,False,,3890665840.033407,6678665876.74546,13190276763.003939,7490512140.887117,13116878135.121498,0.5825513525957888,0.42661659794335544,0.2896772038332883,1,-1.6309887869520923,-2.5744573447753605,감소형,22438281.15591,-1.752,13716812.86517,20880664.27139,58096372.30917,35591436.30333,58459687.83252,0.656914583122929,0.35917768265283695,0.26811262687759874,1,-0.7507298762685854,-2.25234476620797,감소형,,0.0,,13.0,관찰,13.0
2026-10-06T03:22:52+09:00,ARK,KRW-ARK,ARKUSDT,297.0,-1.6556291399999998,5271303920.90735,1791224575525,False,False,,9225575300.408625,23367381481.659386,15591642004.605211,41385144184.68402,111556201152.77808,0.39480569560819656,0.34447710024922457,0.23684593445524874,1,-8.761329305135956,-11.436950146627566,감소형,1254402.2362,-2.146,1699911.8694,6600153.7547,3714857.6283,10940473.3871,42233158.828,0.257556404377623,0.23992563158915933,0.1315576520964572,1,-8.10699588477366,-11.248012718600952,감소형,,0.0,,13.0,관찰,13.0
2026-10-06T03:22:52+09:00,XPL,KRW-XPL,XPLUSDT,128.0,-2.29007634,4897987348.140904,1791224569076,False,False,,2436294108.451076,3986808885.005697,11963772158.872643,7252075637.625768,10836728294.743868,0.6110887626477222,0.3150019597186675,0.27328327235098787,1,-0.7575757575757569,0.0,감소형,7579771.405391,-1.874,4563683.976695,8134345.026167,22523661.065391,10125389.836221,18161016.275551,0.5610388988928174,0.33570161627368417,0.2849709503028441,1,0.10396091069757585,0.5114822546972819,감소형,,0.0,,13.0,관찰,13.0
2026-10-06T03:22:52+09:00,2Z,KRW-2Z,2ZUSDT,58.0,-5.38336052,4575149515.6107645,1791224573200,False,False,,3901947184.702299,6452428210.537172,8978861365.530071,3082835864.707654,3312971312.419256,0.6047253928885569,0.6322654338468691,0.79802336679358,1,-20.90322580645162,-30.65610859728508,감소형,3755803.67704,-5.504,1980420.43268,6532934.29076,9783090.1664,2969425.32324,2343001.5204,0.30314409184875035,0.3080696258418699,0.4144917149716522,1,-20.169551395266694,-30.547019053472656,감소형,,0.0,,13.0,관찰,13.0
2026-10-06T03:22:52+09:00,DATA,KRW-DATA,,282.0,-1.7421602800000002,4326448025.227621,1791224422401,False,False,,3910960384.914904,10098339284.40305,9591973056.525984,8381058452.140626,6274903338.891525,0.38728748111636613,0.4179660922594261,0.4487734044939983,1,-1.7123287671232834,-3.367003367003363,감소형,,,,,,,,,,,,,,NO_DATA,,0.0,,13.0,관찰,13.0
2026-10-06T03:22:52+09:00,CASHCAT,KRW-CASHCAT,,214.0,-4.03587444,1816896818.187655,1791224573871,False,False,,1840004486.2479036,5212029574.204098,5684540918.640027,3660898042.074967,9606654205.562593,0.35303032341847007,0.379187730717248,0.2537639305298014,1,-3.879310344827591,-3.879310344827591,감소형,,,,,,,,,,,,,,NO_DATA,,0.0,,13.0,관찰,13.0
2026-10-06T03:22:52+09:00,CP,KRW-CP,,16.8,-1.17647059,857953302.3569901,1791224574208,False,False,,785119017.7392651,1329841425.8794234,1750419517.321939,1501656959.477723,1559368626.9336069,0.5903854417981199,0.5140548353868581,0.4551871138959119,1,-1.1627906976744096,-2.857142857142858,감소형,,,,,,,,,,,,,,NO_DATA,,0.0,,13.0,관찰,13.0
2026-10-06T03:22:52+09:00,MOODENG,KRW-MOODENG,,62.3,-1.26782884,765095910.6660457,1791223783550,False,False,,216705098.72454405,301484232.633217,578816175.1271464,737239473.9847494,3134742272.8612466,0.7187941367009582,0.4019160847349515,0.21187569318992733,1,-1.4062499999999978,0.15873015873015817,감소형,,,,,,,,,,,,,,NO_DATA,,0.0,,13.0,관찰,13.0
2026-10-06T03:22:52+09:00,F,KRW-F,FUSDT,4.61,-1.4957265000000002,500041584.10523355,1791224372532,False,False,,300451795.34230345,472418491.08864534,805786820.567434,864668641.8429292,707016261.9416915,0.635986526797331,0.42062921365725925,0.2875760570365196,1,-3.105590062111807,-1.6806722689075682,감소형,247609.073049,-0.672,166143.215532,107032.661852,262314.061287,258905.801124,328087.296951,1.5522665012455303,0.7933587647430552,0.48937283778444435,2,-2.1493212669683293,-1.3964092333998313,중립,,0.0,,13.0,관찰,13.0
2026-10-06T03:22:52+09:00,TRUST,KRW-TRUST,,79.9,-2.67965895,466642599.34009004,1791224045085,False,False,,187184913.8839556,424612036.4916116,763364226.8282503,770487222.34593,717983131.2500188,0.4408375123573623,0.2867323009910306,0.23055645166740701,1,-2.378121284185497,-1.9115890083632125,감소형,,,,,,,,,,,,,,NO_DATA,,0.0,,13.0,관찰,13.0
2026-10-06T03:22:52+09:00,POLYX,KRW-POLYX,POLYXUSDT,57.2,-1.03806228,441610188.25564766,1791224195501,False,False,,315475592.3388891,486207549.4567816,616791789.2878394,430565165.0466332,813322960.3824418,0.6488496377552265,0.6171418122139146,0.5301062050561852,1,-1.7006802721088454,0.0,감소형,188448.07473,-0.473,156109.23778,240695.89774,334584.13251,408786.34013,248437.87227,0.6485745675176791,0.47591069813629944,0.5253144349157932,1,-0.9280742459396696,0.23474178403757318,감소형,,0.0,,13.0,관찰,13.0
2026-10-06T03:22:52+09:00,STEEM,KRW-STEEM,STEEMUSDT,84.7,-1.9675925899999998,390485985.65813655,1791224218905,False,False,,313551559.8454122,701716869.5092161,643281553.9088463,627499493.7064334,1114493610.1376076,0.4468348609955915,0.4768850052361634,0.3970767852725277,1,-0.8036739380022806,-0.2309468822170757,감소형,347056.224077,-1.431,221675.371205,656475.613218,347213.742695,308923.672649,497177.940025,0.33767495203418446,0.5066429321850877,0.440267095989489,1,0.0,-0.031254883575571046,감소형,,0.0,,13.0,관찰,13.0
2026-10-06T03:22:52+09:00,BFC,KRW-BFC,,36.9,-1.3368984,285284577.2903858,1791224466935,False,False,,280082436.53502566,616176355.9003713,474390696.4401142,581280975.474958,1274945908.868048,0.45454914628420406,0.5025859382105468,0.13037628982775992,1,-2.604166666666663,-4.591836734693889,감소형,,,,,,,,,,,,,,NO_DATA,,0.0,,13.0,관찰,13.0
2026-10-06T03:22:52+09:00,O,KRW-O,,682.0,-1.8705036000000002,189086998.9845998,1791223891570,False,False,,176888205.13734385,242385808.3907158,528636505.7869164,580512031.0454932,1603053598.987542,0.7297795457240939,0.39263864606002585,0.21179709130650254,1,-5.82655826558266,-9.974093264248706,감소형,,,,,,,,,,,,,,NO_DATA,,0.0,,13.0,관찰,13.0
2026-10-06T03:22:52+09:00,MTL,KRW-MTL,MTLUSDT,431.0,-0.46189376000000004,173269718.1548008,1791223314657,False,False,,199792347.68591157,289535854.4496258,397334974.2397306,510648117.8954468,1464936418.6454394,0.690043545956316,0.5005157077197772,0.31464590680380466,1,-0.45977011494252595,0.0,감소형,178823.48235,1.625,71524.7212,115580.40495,182865.74211,347273.07638,584325.59576,0.6188308583184281,0.33230257952810993,0.21010067836751378,1,-0.15625000000000222,0.18814675446847673,감소형,,0.0,,13.0,관찰,13.0
2026-10-06T03:22:52+09:00,MOCA,KRW-MOCA,,14.0,0.0,136348754.47686088,1791223700076,False,False,,142417580.20838875,267045671.31030774,207009207.68576095,184539999.82038543,258957351.59096947,0.5333079525670317,0.6487337730183576,0.3900753755915388,1,0.0,-3.4482758620689613,감소형,,,,,,,,,,,,,,NO_DATA,,0.0,,13.0,관찰,13.0
2026-10-06T03:22:52+09:00,AVAX,KRW-AVAX,AVAXUSDT,14790.0,-1.53129161,5143712384.802006,1791224529892,False,False,,2882654176.004517,4244853912.5901937,10041682211.248976,9016897871.499283,13113317640.808268,0.6790938476008783,0.37110249629919195,0.20782572633278737,1,0.33400133600534065,-3.346203346203347,감소형,31187665.97633,-1.465,18646057.63219,33069293.56592,67830708.39153,50077365.9725,68867752.34062,0.5638480784302554,0.3705070081929367,0.2755616656185325,1,1.0282074613284786,-2.911857292759712,감소형,,0.0,,12.9,관찰,12.9
2026-10-06T03:22:52+09:00,SAHARA,KRW-SAHARA,SAHARAUSDT,12.5,-0.79365079,1724890519.3251073,1791224550254,False,False,,1001692818.4109429,1538963057.320325,2727305070.9030786,1844238570.2247522,2448638610.1829057,0.6508881507234564,0.4917887506769297,0.4302821149204275,1,0.0,0.8000000000000007,감소형,525425.07177,0.655,234159.72054,370361.53878,1009658.72518,636914.20449,1138853.20015,0.632246321557418,0.34829052337027605,0.25854712645026046,1,0.0,1.2035010940918855,감소형,,0.0,,12.8,관찰,12.8
2026-10-06T03:22:52+09:00,XCN,KRW-XCN,,6.42,-1.53374233,195632505.25145277,1791224181274,False,False,,117428771.09678999,263402018.34498197,406937384.47960454,818027316.2458725,472502491.48481643,0.445815760390232,0.2366932213523197,0.24510396051299319,1,0.1536098310291889,0.7727975270479082,감소형,,,,,,,,,,,,,,NO_DATA,,0.0,,12.8,관찰,12.8
2026-10-06T03:22:52+09:00,PENGU,KRW-PENGU,PENGUUSDT,13.0,0.0,5527214106.421284,1791224463140,False,False,,2918949294.5231686,4150286175.55276,9382752302.941484,5535974238.357682,9289384136.138597,0.703312776771208,0.45921873426780946,0.4221295442762591,1,0.7751937984496138,-4.411764705882348,감소형,21973896.180336,2.658,7180425.182528,8438801.43407,27061504.860802,16689694.60289,21556778.915288,0.8508821114736088,0.4127471771802121,0.4101645310745143,1,1.3859500634786137,-3.891284725704558,중립,,0.0,,12.7,관찰,12.7
2026-10-06T03:22:52+09:00,ARX,KRW-ARX,,372.0,-0.26809651,1612341060.8997414,1791224394259,False,False,,996548765.2159966,1698402695.8411922,4101336479.8928137,3711601851.6386847,7976673040.7006035,0.5867564669181249,0.3143243720358766,0.16241594703667103,1,-3.8659793814432963,1.3586956521739024,감소형,,,,,,,,,,,,,,NO_DATA,,0.0,,12.7,관찰,12.7
2026-10-06T03:22:52+09:00,XEC,KRW-XEC,XECUSDT,0.011,-1.78571429,452322546.6008234,1791224308085,False,False,,291713761.54229665,615905790.3372707,1178236751.0657222,895692632.6321021,1236648739.3220181,0.47363373768990524,0.3253512680161984,0.3060503786613042,1,0.9009009009008917,0.0,감소형,211317.51231722,0.124,207223.46300429,187355.2936349,500543.8824241,343590.70301369,562561.6931557,1.106045412349582,0.6026917002537651,0.5254849044594933,2,0.8610086100860892,-1.4423076923076983,중립,,0.0,,12.7,관찰,12.7
2026-10-06T03:22:52+09:00,WAXP,KRW-WAXP,WAXPUSDT,8.42,-0.59031877,285729908.06955117,1791224375062,False,False,,536617414.4422168,1477037421.2531338,917837503.8122447,319216426.6780694,461411473.4810164,0.3633065802672386,0.593145931618157,0.7319479669475717,1,0.11820330969267712,1.1947431302270273,감소형,217559.55152,-0.321,271805.84947,672322.52042,532034.00562,231260.13265,313403.46394,0.40427896019339477,0.5679911440663196,0.650352773819844,1,1.2882447665056196,2.276422764227637,감소형,,0.0,,12.7,관찰,12.7
2026-10-06T03:22:52+09:00,STRAX,KRW-STRAX,STRAXUSDT,15.3,-1.9230769200000002,250406060.93443063,1791223729213,False,False,,156747419.2711624,378643397.8916593,403155371.0434237,393354545.3045544,410660943.6760527,0.4139710876881902,0.40015396469161923,0.39848115323807876,1,-0.6369426751592355,1.298701298701288,감소형,150948.20858,-1.133,141532.31966,125536.47654,185554.56918,171146.26694,183348.09106,1.1274198827374544,0.8804730530658064,0.8236976879167505,2,-0.17436791630339732,0.8810572687224516,중립,,0.0,,12.7,관찰,12.7
2026-10-06T03:22:52+09:00,KAVA,KRW-KAVA,KAVAUSDT,93.4,0.43010753,141901438.48689297,1791223792720,False,False,,88589770.29842503,207771750.67104703,195325057.85598537,299152898.65656126,574573594.1017337,0.42638024665193336,0.3784541427025378,0.24613429238720214,1,-0.8528784648187626,0.10764262648008671,감소형,292426.976417,0.321,254285.453938,229164.351833,1083101.379483,314089.594487,752199.973002,1.109620461926411,0.46905885184551893,0.3952475282838782,2,-0.04364906154518122,0.18958728306839312,중립,,0.0,,12.6,관찰,12.6
2026-10-06T03:22:52+09:00,PEPE,KRW-PEPE,PEPEUSDT,0.00595,0.0,4548758944.828889,1791224503425,False,False,,1442217650.2282224,2397440355.3234954,7786664166.0110035,4322788763.379305,4464254870.896714,0.6015656018410597,0.2982480718489703,0.32423390362670723,1,-1.8151815181518094,2.941176470588225,감소형,31488526.08662042,2.326,14859176.57596254,11662217.99186094,52840076.97040139,30224003.06822363,42132381.67599123,1.2741295511996737,0.4705929678951577,0.4420559534367776,2,-0.4514672686230181,3.5211267605633756,중립,,0.0,,12.4,관찰,12.4
2026-10-06T03:22:52+09:00,UNI,KRW-UNI,UNIUSDT,12280.0,-0.08136697,3888065144.1677995,1791224574880,False,False,,2433921206.509129,7438763878.909842,7209774215.224235,7713943947.179135,6655654419.180832,0.327194308910612,0.32651847885390634,0.32025147757846306,1,0.3265306122449019,1.991701244813271,감소형,42178351.00529,0.634,17963681.97351,51677110.1026,55915701.09207,63970701.68659,68210697.91752,0.3476139036769822,0.31411717454065113,0.27980890981953904,1,1.113213848380279,2.182472719091022,감소형,,0.0,,12.4,관찰,12.4
2026-10-06T03:22:52+09:00,KAITO,KRW-KAITO,KAITOUSDT,465.0,-0.64102564,985392450.4644423,1791224232047,False,False,,1010203582.4556446,1615189901.1756525,2034155763.4715042,1605494160.9923124,1598554152.4847195,0.6254395113047359,0.5767275212804672,0.5914756996378276,1,-1.0570824524312905,2.6315789473684292,감소형,1221125.65621,-0.407,1103907.42479,2945404.46091,2365581.05415,1779458.10794,2712955.59141,0.37478975788912244,0.4670684163720626,0.45108174861511474,1,-0.057570523891758985,3.4256776884122653,감소형,,0.0,,12.4,관찰,12.4
2026-10-06T03:22:52+09:00,MMT,KRW-MMT,MMTUSDT,249.0,-1.58102767,769570550.3463675,1791224559320,False,False,,551023305.3492824,2095556959.4130497,1256159872.8957005,1174924933.2486851,1898077830.7149239,0.26294837888998257,0.3651868209730706,0.3337195274239613,1,-2.316602316602312,2.8455284552845628,감소형,515762.23318,-0.7,331251.80599,881889.44847,642641.45245,894345.41141,941104.39395,0.3756160214465572,0.41083349855650864,0.3997357195414313,1,-2.098635886673661,2.923331494760073,감소형,,0.0,,12.4,관찰,12.4
2026-10-06T03:22:52+09:00,ANKR,KRW-ANKR,ANKRUSDT,6.71,-0.14880952,235983355.0247265,1791222656699,False,False,,180203576.88757962,268722185.92496014,428250745.32702565,339816666.95248264,374801148.7818206,0.6705943399027757,0.5214276181001224,0.46914454947399925,1,0.14903129657226621,2.4390243902439046,감소형,255340.278946,0.815,136791.034608,311648.321935,315832.236174,336000.561961,353546.982769,0.4389275506400136,0.4259274990195812,0.39647307796661474,1,0.4048582995951344,2.69151138716357,감소형,,0.0,,12.4,관찰,12.4
2026-10-06T03:22:52+09:00,ME,KRW-ME,MEUSDT,104.0,-0.9523809499999999,651638681.9621906,1791223576307,False,False,,793162082.6138486,2740138898.20079,1503408308.3081434,640644072.372829,693039485.1545814,0.28946053907509905,0.4871812162905974,0.511736572771542,1,1.9417475728155331,0.0,감소형,303197.9756638,0.313,236197.8013823,938575.1823168,535082.5572407,242123.5032707,380105.2637768,0.25165570732358816,0.41298586699717815,0.4192192025398421,1,2.5960264900662278,0.9908735332464058,감소형,,0.0,,12.3,관찰,12.3
2026-10-06T03:22:52+09:00,DOT,KRW-DOT,DOTUSDT,1632.0,0.12269939,2092531933.2552502,1791224558983,False,False,,1173611974.6591537,1676378337.0102031,1926317716.1368618,2049593702.0500307,1675950447.9663336,0.7000877718047073,0.6229043584929749,0.5804793733605476,1,1.5576323987538832,0.7416563658838138,감소형,13262891.76534,0.25,7997545.4185,10096468.35713,14387202.85176,10888002.07453,13438525.54572,0.7921131563644462,0.6783008556947808,0.6497192530662207,1,2.4659863945578397,1.0058675607711676,중립,,0.0,,12.2,관찰,12.2
2026-10-06T03:22:52+09:00,SC,KRW-SC,SCUSDT,1.38,-2.12765957,416288947.04252064,1791223940608,False,False,,290193711.58740175,426510131.9093271,1442095706.4036486,586079796.8239911,597672930.021626,0.6803911323004509,0.35466094814769566,0.36954226583463673,1,2.1739130434782705,-0.7042253521126751,감소형,498880.333712,-1.549,305398.624557,376105.144358,437069.848036,318755.071037,294453.672906,0.8120033164616934,0.8094103189501949,0.8576824932534084,1,1.3712047012732542,-0.9569377990430672,중립,,0.0,,12.2,관찰,12.2
2026-10-06T03:22:52+09:00,T,KRW-T,TUSDT,7.46,-0.26737968,585437579.1100906,1791223312045,False,False,,821810707.7498016,2322515492.4140644,1089391982.6319387,797120448.607119,880027443.9393383,0.35384509185581225,0.5857485785244195,0.6472562745315145,1,1.7687074829932037,1.3550135501354976,감소형,265774.757815,0.916,99662.843709,396538.793442,334917.6675,269155.332495,375798.242745,0.25133188822187014,0.298805723746274,0.2798863724215116,1,2.4118738404452778,1.6574585635359185,감소형,,0.0,,12.1,관찰,12.1
2026-10-06T03:22:52+09:00,AGLD,KRW-AGLD,AGLDUSDT,284.0,-1.0452961699999999,418870765.75249356,1791224112851,False,False,,297429418.95265245,407423404.04846334,436430843.6908121,316931606.2349121,371515332.04418707,0.7300253642701218,0.7686932553519894,0.5687110762716693,1,1.0563380281690238,2.499999999999991,감소형,119018.39719,-0.38,177624.40835,283458.30696,318937.28686,176910.30406,252412.94355,0.6266332789995297,0.6837792790990188,0.6058758538379584,1,1.728276524243877,2.565343659244923,감소형,,0.0,,12.1,관찰,12.1
2026-10-06T03:22:52+09:00,CKB,KRW-CKB,CKBUSDT,1.8,1.12359551,194278787.81642017,1791221907441,False,False,,169795296.77033475,289683196.9127498,4768391088.225902,188220215.88725707,185349835.186103,0.5861413384687124,0.0970944140119077,0.1506494579714661,1,-0.5586592178770999,0.0,감소형,214502.838098,1.907,269134.864757,270782.847169,1515578.062884,251944.737651,383632.235106,0.9939140073707421,0.39611556548473553,0.5009876327185849,1,0.9954058192955584,0.6870229007633677,중립,,0.0,,12.1,관찰,12.1
2026-10-06T03:22:52+09:00,LPT,KRW-LPT,LPTUSDT,2349.0,1.03225806,1930421138.9818459,1791223571212,False,False,,265830705.6295757,1496375654.5283198,253465698.7037671,204208861.3563764,397809519.5372839,0.1776497130417225,0.4081226321283072,0.5469154067373838,1,-0.6410256410256387,1.4840680925360061,감소형,1617369.30659,1.337,624151.38051,2004731.19906,1317913.00256,701828.62663,1428882.8693,0.3113391864219297,0.4652669359291506,0.4919180803777259,1,0.29103608847498297,1.5919811320754818,감소형,,0.0,,11.8,관찰,11.8
2026-10-06T03:22:52+09:00,WCT,KRW-WCT,WCTUSDT,57.7,0.0,1339014638.265633,1791224351950,False,False,,231029021.43534464,382925050.23810124,569819482.0740287,342383233.1888593,211766808.1518971,0.6033269990868755,0.5351495680720966,0.6003510207244777,1,1.9434628975264934,2.6690391459074814,감소형,512019.271213,0.687,207380.859416,266731.839349,550604.62233,282862.713291,366816.622704,0.7774882065903523,0.5654817713028775,0.5399610188006544,1,2.5499158046668136,3.2453378542019795,중립,,0.0,,11.7,관찰,11.7
2026-10-06T03:22:52+09:00,PYTH,KRW-PYTH,PYTHUSDT,104.0,-0.9523809499999999,972870140.0090215,1791224297797,False,False,,549838218.0447361,1083010231.567132,1507347160.5077894,1237064928.8290472,1621571823.7009432,0.5076943892294646,0.43097273199384556,0.34692260863730146,1,3.960396039603964,-1.869158878504673,감소형,2400249.062143,-1.541,1391927.444255,1750971.08347,2801134.336004,1834466.470557,2740094.074432,0.794945991624566,0.6538378342351565,0.5123245572089664,1,5.031615767523223,-0.8634920634920662,중립,,0.0,,11.6,관찰,11.6
2026-10-06T03:22:52+09:00,GLM,KRW-GLM,GLMUSDT,174.0,-1.13636364,149587430.36013526,1791224167031,False,False,,130346445.48176046,176890705.92629507,437058796.18883455,201655240.27369574,381468830.0808924,0.7368756023624656,0.47944710976050225,0.4620734491258763,1,1.7341040462427681,3.529411764705892,감소형,131125.02798,-0.078,55219.2938,69731.09676,123516.0729,80496.20375,156825.44703,0.7918890762618201,0.605157594634758,0.48602994624558554,1,2.2888713496448165,3.6799999999999944,중립,,0.0,,11.6,관찰,11.6
2026-10-06T03:22:52+09:00,PROM,KRW-PROM,PROMUSDT,8415.0,1.14182692,686048966.7266628,1791224367482,False,False,,591756973.7949591,993325070.0146778,1566734282.1541624,2319516367.5695124,9218543471.440582,0.5957334528828665,0.36381665606780844,0.14603645206878155,1,-6.147772137619856,2.970297029702973,감소형,673670.98194,1.239,524358.0167,686033.69898,1631146.02042,1309004.65364,3303453.67863,0.7643327397467784,0.4338097262222821,0.2140565207731765,1,-5.371710020009235,3.1370575406810763,중립,,0.0,,11.4,관찰,11.4
2026-10-06T03:22:52+09:00,COMP,KRW-COMP,COMPUSDT,33680.0,-0.70754717,112300785.8298258,1791224561573,False,False,,100913314.3859428,404513291.1571413,555264389.7796187,406663210.246772,3955852672.5696416,0.24946847629474056,0.2215536325875118,0.0821877700917752,1,4.272978788810322,1.0125074449076843,감소형,740678.62759,-0.877,445619.46575,1077024.19553,1246673.63863,1422686.67769,3506527.12811,0.41375065444162296,0.35683961243739143,0.2384532398956733,1,4.809703053115855,1.0483870967741948,감소형,,0.0,,11.3,관찰,11.3
2026-10-06T03:22:52+09:00,0G,KRW-0G,0GUSDT,415.0,1.7156862700000002,2021881205.3989327,1791224461562,False,False,,1034919312.5555382,1463052953.5578542,3294006086.8511987,7336374346.476862,29780503326.061634,0.7073696888679387,0.25673089174439123,0.05104392173166672,1,1.2406947890818865,-8.314606741573039,감소형,1861367.228555,3.461,739898.4977,906904.759025,2705316.488352,4086895.046692,8920727.60616,0.8158502757174347,0.2883052298885183,0.07966795997854653,1,1.8606224627875534,-8.11718034787916,중립,,0.0,,11.2,관찰,11.2
2026-10-06T03:22:52+09:00,ZKC,KRW-ZKC,ZKCUSDT,58.5,1.9163763100000002,4196877943.941982,1791224573542,False,False,,798528969.4007913,1123470855.0493581,8911325503.485468,1116531910.1765485,1059881170.4734648,0.7107696348435394,0.2148252522458657,0.2964479395248119,1,0.5253940455341555,0.8787346221441172,감소형,820179.49513,2.619,270171.92242,207344.15397,1799118.19089,404485.69372,410784.48121,1.3030120080409422,0.3361813503609881,0.4338910072433619,2,0.7142857142857117,0.7142857142857117,중립,,0.0,,11.1,관찰,11.1
2026-10-06T03:22:52+09:00,RED,KRW-RED,REDUSDT,228.0,-5.0,398473910.6679074,1791224506315,False,False,,480457023.3268088,773353626.8115404,658061036.027988,1920902697.501612,4744350817.635605,0.6212643306629143,0.4299625945419883,0.2675085381871497,1,-0.8264462809917328,9.589041095890405,감소형,503082.33375,-2.323,321357.83735,951692.33221,567971.59148,1327479.93684,2408255.0052,0.33766988182383434,0.3386107479200353,0.2734337169677946,1,-0.33840947546531774,9.888059701492535,감소형,,0.0,,10.9,관찰,10.9
2026-10-06T03:22:52+09:00,KNC,KRW-KNC,KNCUSDT,193.0,0.0,296499714.55272675,1791224292910,False,False,,451774653.466318,4826644753.3289585,184348526.2051518,135366073.7907144,159500921.75708655,0.09360014597194605,0.26335587302572294,0.4070408874195897,1,3.7634408602150504,3.7634408602150504,감소형,202162.52715,0.848,137783.64834,1228991.44215,243919.50047,143136.04358,267147.28938,0.11211115359677447,0.2557790389448765,0.33338987445236357,1,4.224326292789504,4.300291545189516,감소형,,0.0,,10.9,관찰,10.9
2026-10-06T03:22:52+09:00,UP2,KRW-UP2,,96.4,2.1186440699999998,4725217313.473716,1791224404958,False,False,,2161817310.5041633,10501892710.835117,1376823629.9641166,1770194365.5762312,1743814432.0797217,0.20585025671360666,0.47516260242534275,0.5043167082745018,1,2.0540540540540553,-1.0482180293501009,감소형,,,,,,,,,,,,,,NO_DATA,,0.0,,10.6,관찰,10.6
2026-10-06T03:22:52+09:00,SOMI,KRW-SOMI,SOMIUSDT,283.0,-3.08219178,205326824.0634754,1791224349117,False,False,,209147674.6140985,357029734.71739864,687016861.8086208,1697493215.1642423,17317693731.270782,0.5857990365414413,0.22886518779220405,0.05147482128823706,1,1.7421602787456525,8.148148148148149,감소형,350854.25558,-3.611,315539.68807,345805.43476,634290.71438,998833.89234,4103252.39703,0.9124775273962787,0.47834892814201935,0.2349743957903916,1,1.944971537001905,7.235528942115765,중립,,0.0,,10.6,관찰,10.6
2026-10-06T03:22:52+09:00,CHZ,KRW-CHZ,CHZUSDT,23.0,0.0,1845041398.8201857,1791223829669,False,False,,2779292375.5296054,5937314472.620069,3650836020.8539796,1131943849.6126337,1930884415.9779475,0.46810597423234274,0.7777802004108162,0.9111653335956968,1,4.545454545454541,4.545454545454541,감소형,1154465.53951,0.0,1408386.82443,5161631.60294,2501972.76347,1082302.75768,1413649.17036,0.27285690509717914,0.48310145686913214,0.5809045746347029,1,5.256648113790963,5.191594561186652,감소형,,0.0,,10.4,관찰,10.4
2026-10-06T03:22:52+09:00,AXL,KRW-AXL,AXLUSDT,73.5,1.10041265,273141164.78063333,1791223796176,False,False,,275546623.53340274,385599998.93207,507951765.1256788,520749337.6614583,563508559.562091,0.714591867988944,0.5844864785832061,0.5403703774791531,1,2.9745042492917984,3.2670454545454586,감소형,319056.412326,1.119,227164.719388,319730.637608,471502.066228,656795.46332,731745.808803,0.7104878065095257,0.47063598182795624,0.43089646772727375,1,3.868471953578334,3.26923076923078,감소형,,0.0,,10.4,관찰,10.4
2026-10-06T03:22:52+09:00,MOVE,KRW-MOVE,MOVEUSDT,13.5,-2.17391304,1936720638.5831146,1791224394886,False,False,,2260715803.3211474,4733943181.427153,5686600172.190113,14979745176.309935,982136464.7263615,0.47755448611861123,0.26701064446463124,0.4080861009795687,1,-0.7194244604316502,13.11475409836067,감소형,419131.8963943,-2.789,461671.7810592,1176994.3032342,1420219.5779038,6161631.6041352,780677.5778592,0.39224640237475805,0.15812761459330613,0.22231730940634936,1,0.0,13.744128830239323,감소형,,0.0,,10.1,관찰,10.1
2026-10-06T03:22:52+09:00,SPK,KRW-SPK,SPKUSDT,33.9,0.59347181,515004905.8858434,1791223378675,False,False,,776917009.555213,1386042756.336613,8046322028.112417,570240640.5453111,1347506957.8134873,0.5605288913371239,0.23301439271428198,0.30892922500211595,1,4.658385093167694,5.642633228840133,감소형,1219327.805558,1.684,1244928.897451,1617832.70636,5678214.06119,1317168.535491,2419418.967939,0.7695040980176467,0.43361120800433123,0.47041349728677845,1,5.149578978546954,5.8572949946751995,중립,,0.0,,9.7,관찰,9.7
2026-10-06T03:22:52+09:00,ONT,KRW-ONT,ONTUSDT,82.9,1.96801968,481349750.8713121,1791224370006,False,False,,484607020.4092527,978932376.5414402,732123970.6985826,378087626.8658462,558940002.3622552,0.4950362578887882,0.6958931884289965,0.8059809829674346,1,1.6249999999999876,5.447470817120625,감소형,561923.09482,2.899,359522.28894,927062.8306,915507.92179,450375.02855,591467.29846,0.38780789939266064,0.4703848105722928,0.555457487934597,1,2.2990463215258883,5.552626954840978,감소형,,0.0,,9.7,관찰,9.7
2026-10-06T03:22:52+09:00,ENA,KRW-ENA,ENAUSDT,340.0,4.29447853,26738425206.544083,1791224575528,False,False,,7419341326.511031,10431815940.880327,23119523394.410423,24151468039.281754,29920917833.593338,0.711222415019424,0.38573554723338094,0.3606235196930396,1,-1.8072289156626509,-3.5502958579881616,감소형,57579026.659231,4.513,25918252.218208,21866381.19204,54607448.865894,61551418.085873,102964877.643334,1.1853013990098644,0.5633371988117143,0.45668242940739273,2,-0.7401315789473673,-2.8180354267310803,중립,,0.0,,9.6,관찰,9.6
2026-10-06T03:22:52+09:00,DEEP,KRW-DEEP,,31.8,-3.6363636400000003,869094868.5793318,1791224437284,False,False,,877784318.1611962,1217385803.8748221,1708119774.5703845,1177605845.5575104,4623360434.823575,0.7210403763271208,0.641794161152628,0.45943276475413286,1,4.761904761904767,9.27152317880795,감소형,,,,,,,,,,,,,,NO_DATA,,0.0,,9.3,관찰,9.3
2026-10-06T03:22:52+09:00,OP,KRW-OP,OPUSDT,185.0,2.20994475,343352264.8650913,1791223775943,False,False,,499036285.1200512,980934633.4656436,366738262.70692927,306557727.5404711,461909423.9619071,0.5087355141666833,0.90501822049442,0.9078912061026734,1,3.4285714285714253,3.4285714285714253,감소형,6165026.372867,3.17,4194462.682557,7295557.859818,9407002.454508,9639741.672416,10787735.610572,0.5749337834271714,0.47768748737313016,0.46240293423008505,1,4.761904761904789,4.111714507370068,감소형,,0.0,,9.3,관찰,9.3
2026-10-06T03:22:52+09:00,MEGA,KRW-MEGA,MEGAUSDT,66.6,0.15037594,8094831103.943024,1791224494758,False,False,,2565724519.825799,6146016159.752802,32280695431.60297,30684214498.22025,865028891.5158341,0.4174614015217615,0.11137419211400727,0.18173584232953655,1,-2.9197080291970767,16.871704745166973,감소형,4066506.615648,-0.041,2693873.302789,4307054.645643,10148017.728505,16133569.371924,1916675.220346,0.6254560307271959,0.2642032940022513,0.3974870377748419,1,-1.9338118022328654,17.007611798287336,감소형,,0.0,,9.2,관찰,9.2
2026-10-06T03:22:52+09:00,BIO,KRW-BIO,BIOUSDT,43.4,4.32692308,705814684.8932704,1791223451510,False,False,,176832664.10975978,242096316.3707632,494053343.2980934,345033977.37768203,559726635.9643859,0.7304227786718815,0.49066409641421954,0.2753714137747963,1,1.2165450121654597,-0.952380952380949,감소형,1616930.449518,3.922,753767.093885,946485.602543,2190565.248135,1325079.056886,1466652.987133,0.7963851661977662,0.5067762096799882,0.44443744762372744,1,1.9549370444002623,-0.35621761658032325,중립,,0.0,,9.1,관찰,9.1
2026-10-06T03:22:52+09:00,FOLD,KRW-FOLD,,97.3,1.88481675,11335612568.637207,1791224430953,False,False,,7031721109.75667,36463191759.46196,3933878933.504821,5976135757.898439,31416455881.46384,0.19284436634464355,0.45489982133587015,0.3274322818909065,1,3.1317494600431983,6.4659977703455995,감소형,,,,,,,,,,,,,,NO_DATA,,0.0,,9.0,관찰,9.0
2026-10-06T03:22:52+09:00,ZK,KRW-ZK,ZKUSDT,17.4,-1.6949152499999998,1279726403.7822635,1791224533185,False,False,,494598048.9239172,733278390.5199794,6753607805.822647,267601713.31819445,220752687.26523867,0.674502419978843,0.19134650334849157,0.28914176797640867,1,6.626506024096379,8.588957055214719,감소형,1802220.137752,-0.85,2106462.260647,2184114.260127,6446179.750056,1613044.742712,1704433.016156,0.964446915210615,0.6169264664956039,0.7674972641431037,1,7.389162561576357,8.637873754152814,중립,,0.0,,8.8,관찰,8.8
2026-10-06T03:22:52+09:00,BLUR,KRW-BLUR,BLURUSDT,28.4,-3.7288135600000003,787348450.5177412,1791223910816,False,False,,1155062231.264308,2847802593.0821857,1504365884.7915676,1526719648.344635,7252574095.049259,0.4055977173664206,0.5894289225098616,0.4195092853686555,1,4.982206405693934,11.32075471698113,감소형,259518.000514,-3.183,325211.161345,850093.014932,617562.073731,676086.788144,3135425.185425,0.38255950305745545,0.45510772289813123,0.29723375583399103,1,5.6658595641646325,11.440245148110307,감소형,,0.0,,8.8,관찰,8.8
2026-10-06T03:22:52+09:00,IMX,KRW-IMX,IMXUSDT,246.0,-1.20481928,778875322.1873423,1791224372218,False,False,,1787908807.3594327,4848886217.94718,2547533978.8847814,369512639.55338436,391313405.18300647,0.3687256675031571,0.6906738102276514,1.0368471308823113,1,7.792207792207795,11.16071428571428,감소형,499912.639316,-1.775,892686.791008,2914787.677865,2046132.386088,591247.815162,784855.811645,0.30626134376342223,0.48234499232232786,0.6134705422822381,1,8.264947245017584,11.871592973955192,감소형,,0.0,,8.0,관찰,8.0
2026-10-06T03:22:52+09:00,AAVE,KRW-AAVE,AAVEUSDT,248200.0,2.4772914900000003,4081114344.804016,1791224571924,False,False,,2551073227.544985,4109643173.635948,13567831437.31573,10041403583.838585,6154306787.054549,0.6207529753216894,0.2761013497318723,0.22780043901003108,1,3.7259100642398346,8.076751450245423,감소형,27461818.21392,1.719,16311248.0958,24126674.12241,59250834.98634,39199996.43478,40773036.81145,0.6760669959333242,0.399206559722514,0.34231485397626316,1,4.485534297713478,8.379719264278807,감소형,,0.0,,7.9,관찰,7.9
2026-10-06T03:22:52+09:00,MEW,KRW-MEW,,0.719,-2.17687075,644274873.5966321,1791224286511,False,False,,453788525.71936154,903369607.9465176,1586411516.51633,3321118402.332946,33008331574.9801,0.5023287497471658,0.23427794111400846,0.057820923094041084,1,7.613469985358701,11.87214611872145,감소형,,,,,,,,,,,,,,NO_DATA,,0.0,,7.7,관찰,7.7
2026-10-06T03:22:52+09:00,MINA,KRW-MINA,MINAUSDT,219.0,2.81690141,5276737034.853788,1791224540685,False,False,,1066143826.3222744,1739126897.9787982,4593917601.107836,1802552404.645452,968972339.1486241,0.6130339468392674,0.3931403579618835,0.4990272135617564,1,2.898550724637672,11.518324607329845,감소형,2398601.74148,-0.248,1179313.16838,1846533.36305,4278951.74903,1587275.43369,1464938.05725,0.6386633417942023,0.4587124783849738,0.5146329775055801,1,4.092409240924111,11.685552407932033,감소형,,0.0,,7.2,관찰,7.2
2026-10-06T03:22:52+09:00,ELF,KRW-ELF,,104.0,-0.9523809499999999,219332374.44743505,1791224104956,False,True,글로벌가격차이,111310743.48910443,247491882.16854674,217372293.09575072,179960800.26932043,218095407.93345535,0.4497551293957176,0.5178649139496673,0.2916819064711511,1,0.9615384615384581,0.0,감소형,,,,,,,,,,,,,,NO_DATA,,0.0,,4.7,관찰,4.7
2026-10-06T03:22:52+09:00,RAY,KRW-RAY,RAYUSDT,2929.0,2.59194396,1211798967.3535225,1791224554732,False,False,,1215644563.091806,3360280935.6529393,1415229071.575498,779378702.2183571,1838221044.9935622,0.3617687289755114,0.6565268684993353,0.698795948049944,1,11.916895335162693,9.849942285494429,감소형,5559058.20935,1.524,6834444.25219,8031272.22988,6285659.81521,4938299.86762,8812087.3488,0.8509790300424317,1.0648187905249873,0.9739728590447422,1,12.77038936067938,10.330772848408841,중립,,0.0,,4.6,관찰,4.6
2026-10-06T03:22:52+09:00,ZRO,KRW-ZRO,ZROUSDT,2741.0,2.5439580999999998,5463652253.065079,1791224569075,False,False,,9993690912.163496,25736991147.491062,5658275844.746117,3044064496.8704634,10518166784.646025,0.3883006702256926,0.8705474653586932,1.021634640131991,1,8.526187576126665,17.96116504854368,감소형,25171688.26876,2.328,13989121.04907,36364951.30287,28453481.49194,24840241.80707,24841847.12459,0.38468691825158446,0.4680792275099058,0.542442934841682,1,9.42350332594235,18.345323741007192,감소형,,0.0,,4.1,관찰,4.1
2026-10-06T03:22:52+09:00,CAP,KRW-CAP,,99.7,12.5282167,8390020265.9507885,1791224570966,False,False,,4341537065.917943,11200953468.718998,45946444668.747314,29200885784.003063,15885017549.86421,0.38760424083919215,0.1508381013060924,0.19058505530563122,1,-7.225130890052367,8.979089790897898,감소형,,,,,,,,,,,,,,NO_DATA,,0.0,,1.0,관찰,1.0
2026-10-06T03:22:52+09:00,ORCA,KRW-ORCA,ORCAUSDT,2815.0,3.8362228,26299005948.385914,1791224574544,False,True,거래량급등,6441430818.199152,963421459.3672208,859418854.4944104,1053387312.5792247,714907045.0583446,6.685994748788252,6.718624171797559,6.9494728121055225,3,16.702539819199313,24.357798165137613,가속형,13284165.81356,7.249,7161192.31785,1256261.5906,1296068.37312,1446157.23108,966165.45954,5.700399002432098,5.372926286093705,5.8976288363924425,2,17.829912023460402,25.093399750933987,일회성 폭증형,,0.0,,53.7,시동,53.7
2026-10-06T03:22:52+09:00,BAT,KRW-BAT,BATUSDT,143.0,1.41843972,771435363.8163308,1791224546106,False,False,,4127481109.9279046,1819851401.6534905,2843825060.092779,84508705.49946734,405337643.625914,2.268031942705726,2.607826547119761,3.8241480372486585,2,15.573770491803284,15.573770491803284,고수준 유지형,1398024.2709,0.668,4388975.8185,984766.1015,3152315.2906,258660.4332,475630.7069,4.456871344184871,2.995382344731173,4.02967925183002,2,16.08938547486034,14.80662983425416,일회성 폭증형,,0.0,,47.9,시동,47.9
2026-10-06T03:22:52+09:00,PROS,KRW-PROS,,1008.0,-8.28025478,5194949959.02626,1791224428717,False,False,,15326250758.06848,530123745.2789107,2548081934.3669853,8646797577.465675,5652029405.178363,28.91070414136038,3.921427676049294,3.5139172122181868,2,14.718162839248428,20.240700218818386,일회성 폭증형,,,,,,,,,,,,,,NO_DATA,,0.0,,35.4,시동,35.4
2026-10-06T03:22:52+09:00,MON,KRW-MON,,43.0,-4.65631929,1882924832.2114134,1791224575870,False,False,,1812554601.71979,1331230562.183218,4479816829.848371,8637520196.148613,3615856685.983057,1.361563243220018,0.3763462206182782,0.43445618544368764,2,-1.5283842794759694,23.901098901098905,중립,,,,,,,,,,,,,,NO_DATA,,0.0,,27.7,시동,27.7
2026-10-06T03:22:52+09:00,AXS,KRW-AXS,AXSUSDT,1727.0,-6.03917301,22214957448.439693,1791224573210,False,True,거래량급등,90328656211.74347,20471633605.13922,31725038697.108288,997139546.4232591,2059369222.2195618,4.412381442244417,5.094313778567871,7.821721548484484,2,17.519181585677757,18.04752729608221,일회성 폭증형,6819080.26601,-6.735,16870970.691,7619251.70117,11376883.30399,1439375.17004,1993346.53018,2.214255592633765,2.4767138984581116,3.4726269871548086,2,18.36379460400348,18.67364746945901,고수준 유지형,,0.0,,26.9,시동,26.9
2026-10-06T03:22:52+09:00,STX,KRW-STX,STXUSDT,514.0,-2.28136882,7047611653.939163,1791224548354,False,False,,5241288855.367424,4549894833.170034,6938331846.006617,22017898075.975597,13200206905.736553,1.151958242453634,0.4692833528498221,0.5241142818217079,2,3.1372549019607954,22.61072261072261,중립,2580434.71085,-4.144,2612769.50721,2896535.58892,2656477.13396,9666873.63848,8093460.19765,0.9020325927306128,0.5150044051268194,0.5345523914926756,1,4.198983685477398,22.94099084884822,중립,,0.0,,26.9,시동,26.9
2026-10-06T03:22:52+09:00,EDGE,KRW-EDGE,,156.0,-10.85714286,5458387612.649831,1791224556010,False,True,거래량급등,29362500355.48917,408597902.9340027,979218910.5155672,1072259492.1898253,2572931449.571768,71.86160316694489,35.80681658716793,16.273611279348373,2,19.863013698630127,16.666666666666675,일회성 폭증형,,,,,,,,,,,,,,NO_DATA,,0.0,,26.4,시동,26.4
2026-10-06T03:22:52+09:00,AKT,KRW-AKT,,1019.0,-2.9523809500000002,14645349164.346802,1791224560276,False,True,"거래량급등,입금량급등",17176634377.980618,935987312.4574096,1340017020.21614,1444975794.9592226,1980159999.6060953,18.351353858508855,13.848475768862638,12.645800727818765,2,18.11023622047243,19.863013698630127,일회성 폭증형,,,,,,,,,,,,,,NO_DATA,,0.0,,26.3,시동,26.3
2026-10-06T03:22:52+09:00,BEAM,KRW-BEAM,,3.45,-0.28901734,25078867932.336468,1791224573198,False,True,"거래량급등,입금량급등",50893666353.02065,223206660.577595,585577280.1471372,320970427.43676424,245801421.7692941,228.01141427107237,135.14530535299198,165.77810686339961,2,23.13167259786477,24.90974729241877,일회성 폭증형,,,,,,,,,,,,,,NO_DATA,,0.0,,23.5,시동,23.5
2026-10-06T03:22:52+09:00,SKY,KRW-SKY,SKYUSDT,121.0,-9.02255639,1097786266.180347,1791224406228,False,False,,712143955.0224568,537143638.2548276,1400071356.5628707,624767159.462247,579216531.0750043,1.3257979882926711,0.8338980275480578,0.846063648551313,2,15.652173913043477,18.75,중립,9051409.489,-5.007,4305503.01112,3248732.30309,13114453.19515,3614469.94956,3296730.23036,1.325287099532597,0.6465477927132037,0.7262710337453592,2,15.817535545023699,19.469567342947936,중립,,0.0,,23.4,시동,23.4
2026-10-06T03:22:52+09:00,TRAC,KRW-TRAC,,588.0,-5.46623794,2068382432.834702,1791224565807,False,False,,3935705977.0837984,21029278564.46849,22182028643.37315,40691072330.110794,24290819687.977432,0.18715363748776667,0.14072447046523345,0.18066452208621211,1,5.067567567567566,22.200392927308442,감소형,,,,,,,,,,,,,,NO_DATA,,0.0,,6.3,시동,6.3
2026-10-06T03:22:52+09:00,SUPER,KRW-SUPER,SUPERUSDT,317.0,-6.4896755200000005,444707217.63231605,1791224360832,False,False,,1552780143.695631,5601548564.234786,1742955203.7598386,1150546710.0138516,138609773.9109126,0.27720551306293145,0.5483593585636896,0.8781360853244364,1,7.278481012658222,30.384615384615387,감소형,1734794.1923,-5.081,1979370.5081,11946205.8082,7126708.2337,5138053.3043,1172732.2709,0.16569030702127527,0.24526535595993063,0.37207071037440353,1,9.019947961838692,30.86933888599688,감소형,,0.0,,3.8,시동,3.8
2026-10-06T03:22:52+09:00,WLD,KRW-WLD,WLDUSDT,762.0,-3.4220532300000004,26391685634.163555,1791224573205,False,False,,25069245616.062458,64888089318.21112,69621103245.10054,37926898195.00614,63374019074.428535,0.3863458745583169,0.43614846820899394,0.45187937994924593,1,14.347826086956527,20.091324200913242,감소형,41667865.64024,-3.748,32339559.28793,81274531.36695,91228255.01127,65990069.32665,79648404.22022,0.3979052077448307,0.40679909499615624,0.43304425784863027,1,15.34966416436192,20.715319412859202,감소형,,0.0,,3.6,시동,3.6
2026-10-06T03:22:52+09:00,MANA,KRW-MANA,MANAUSDT,143.0,1.41843972,1914825536.888459,1791224528287,False,False,,7415099355.465024,16943381724.915022,24157608351.65415,156366517.8488429,273477437.438803,0.4376398688203558,0.5391837941795037,0.8860895978614742,1,17.500000000000004,17.500000000000004,감소형,2155116.1901,0.67,2829502.4575,9496670.1195,14813619.4595,407254.0169,620999.6871,0.2979467983930533,0.34342034594036375,0.5447021529832987,1,16.77927927927927,17.175141242937862,감소형,,0.0,,1.9,시동,1.9
2026-10-06T03:22:52+09:00,FLUID,KRW-FLUID,,2898.0,20.44887781,24924053521.48936,1791224555685,False,False,,1022128299.9108783,574073063.894377,1069293089.8596888,146040617.99614674,282329685.1955641,1.7804846877451446,1.7136321087761475,1.5087680216944315,2,17.537860283341477,21.331316187594563,고수준 유지형,,,,,,,,,,,,,,NO_DATA,,0.0,,20.4,이미 발동,20.4
2026-10-06T03:22:52+09:00,ATH,KRW-ATH,,10.1,-3.80952381,1461166916.8321443,1791224479979,False,False,,9106214000.776157,17753811652.827282,6872792327.649704,558695021.5622308,738919839.0840796,0.5129159967924972,1.0847058833852448,1.7100796378175531,1,32.0754716981132,27.427184466019416,감소형,,,,,,,,,,,,,,NO_DATA,,0.0,,3.2,이미 발동,3.2
2026-10-06T03:22:52+09:00,SAND,KRW-SAND,SANDUSDT,91.9,-11.63461538,45247493716.96836,1791224575192,False,False,,63451260250.983315,180751874901.55615,229584594584.27567,2000674342.6598895,1989368887.534509,0.3510406754316718,0.4616459700563044,0.7632489156260929,1,69.38110749185668,75.37942664418213,감소형,17689093.42525,-10.033,26656079.60105,59433145.30251,63483037.0873,1709138.47007,1766835.31453,0.4485052821177925,0.641669271151251,1.045092869595176,1,69.10099889012209,74.1655235482396,감소형,,0.0,,0,이미 발동,0
2026-10-06T03:22:52+09:00,ZIL,KRW-ZIL,ZILUSDT,4.68,3.3112582799999997,16229746739.280006,1791224541638,True,False,,394531383.6298132,549336472.0975242,1126152346.6733963,1433356946.9051814,456655704.05510837,0.7181962306696645,0.3807181957873794,0.4411263446022542,1,1.7977528089887729,2.954545454545454,감소형,1945332.4993128,4.25,169819.1243629,193262.2973372,347413.4578691,375536.6299999,412853.1015374,0.8786976389223148,0.5560472455019729,0.5393170322515262,1,0.5428571428571338,0.1422879908935526,중립,,0.0,,0,유의종목,0
2026-10-06T03:22:52+09:00,RVN,KRW-RVN,RVNUSDT,3.33,-0.5970149299999999,12453437530.454098,1791224495405,True,False,,1167252495.3460958,1172438736.1500592,5218216112.505917,11826452103.619108,1124976123.3973978,0.9955765357761945,0.19222357837675003,0.28298297207854384,1,-3.1791907514450823,4.037267080745344,중립,7649624.0076757,5.106,334059.7542911,386703.2029598,651474.5322054,516341.8310093,581569.2936214,0.8638660133514007,0.644687455005505,0.5990304611950255,1,-1.5973097940310987,1.517779705117106,중립,,0.0,,0,유의종목,0
2026-10-06T03:22:52+09:00,BLAST,KRW-BLAST,,0.318,-6.47058824,6469838291.265038,1791224536762,True,True,"거래량급등,글로벌가격차이",37972340323.40995,8535818712.640915,13812113698.47939,732004621.9423101,1387771398.3093429,4.448587956440046,4.935759608314387,7.307686429650961,2,-40.14084507042253,-41.880341880341874,일회성 폭증형,,,,,,,,,,,,,,NO_DATA,,0.0,,0,유의종목,0
2026-10-06T03:22:52+09:00,SOPH,KRW-SOPH,SOPHUSDT,5.28,0.38022814,1766005674.3516414,1791224000341,True,False,,1923324709.8212464,756262245.3354429,1776107977.428242,2368617569.201894,972428809.7598357,2.543198105794834,1.1773084068731472,1.3596799136136937,2,-1.1278195488721887,2.935420743639905,중립,303489.78596,1.33,260361.1229,290032.997,715381.29874,1197379.58698,757090.55551,0.8976948333227064,0.3545875875302149,0.361496444447276,1,-0.7874015748031482,7.082152974504252,중립,,0.0,,0,유의종목,0
2026-10-06T03:22:52+09:00,ICX,KRW-ICX,,20.3,-1.9323671500000001,1376615595.415543,1791224533516,True,False,,6259587337.315711,3176827492.0588474,17517441454.67985,57369923426.075386,385121084.0576574,1.9703894381935672,0.2405553870622871,0.3956954824423378,2,-14.462809917355369,9.523809523809534,중립,,,,,,,,,,,,,,NO_DATA,,0.0,,0,유의종목,0
2026-10-06T03:22:52+09:00,MANTRA,KRW-MANTRA,MANTRAUSDT,6.85,-2.28245364,1003052956.3842427,1791224570332,True,True,글로벌가격차이,4032899503.9046497,692801900.9790127,1530228430.397484,1948538540.1058996,1709126477.1339016,5.821143819330859,2.900275384261987,1.8617634710694813,2,0.42979942693408546,-0.7082152974504208,일회성 폭증형,405598.10043,-0.221,302596.77323,596675.18886,773501.99415,463892.91879,482623.78515,0.5071381865368619,0.4949594450065311,0.5365165021937711,1,3.3860045146726803,3.8548752834467015,감소형,,0.0,,0,유의종목,0
2026-10-06T03:22:52+09:00,EGLD,KRW-EGLD,EGLDUSDT,6910.0,-1.70697013,925573345.45441,1791224355427,True,True,글로벌가격차이,1438004529.3910868,1145528156.3051655,6069087298.317157,5033233383.488637,10289057855.29516,1.2553201084373926,0.3522262272497666,0.14541231138741462,2,-2.020905923344951,-7.621550591327198,중립,426970.89097,1.08,256616.7123,311642.52209,858019.37836,576906.69252,620963.71082,0.823432921088641,0.4407786444796236,0.46459047680860255,1,0.8869179600886845,0.797518830305699,중립,,0.0,,0,유의종목,0
