scan_time_kst,coin,upbit_market,binance_symbol,upbit_price,upbit_price_24h_pct,upbit_24h_trade_krw,upbit_timestamp_ms,warning,caution_any,caution_types,upbit_D1_trade_krw,upbit_D2_trade_krw,upbit_D3_trade_krw,upbit_D4_trade_krw,upbit_D5_trade_krw,upbit_d1_vs_prev_x,upbit_d1_vs_3davg_x,upbit_d1_vs_5davg_x,upbit_rise_streak,upbit_price_3d_pct,upbit_price_5d_pct,upbit_supply_pattern,binance_24h_quote_usdt,binance_price_24h_pct,binance_D1_quote_usdt,binance_D2_quote_usdt,binance_D3_quote_usdt,binance_D4_quote_usdt,binance_D5_quote_usdt,binance_d1_vs_prev_x,binance_d1_vs_3davg_x,binance_d1_vs_5davg_x,binance_rise_streak,binance_price_3d_pct,binance_price_5d_pct,binance_supply_pattern,overseas_lead,overseas_lead_score,overseas_lead_reason,raw_signal_score,state,score
2026-10-11T02:58:38+09:00,ONT,KRW-ONT,ONTUSDT,84.7,1.19474313,2017879535.7781184,1791655001511,False,False,,3631198611.005802,3100221401.6782355,505431332.2981089,221928265.9860753,484865436.21660346,1.1712707386124532,2.846078458724809,3.784821916064654,4,1.577669902912615,2.9520295202952074,연속 가속형,1499576.24182,2.312,2364387.64651,3409005.08069,571544.65615,387355.16211,646954.77499,0.6935711712202657,1.623927970875722,2.199683296461294,1,0.5421389847215297,1.8811386715498646,감소형,,0.0,,81.6,발사 전,81.6
2026-10-11T02:58:38+09:00,EUL,KRW-EUL,EULUSDT,1909.0,0.7919746599999999,1084604697.4461226,1791654604333,False,False,,5440134441.6213455,1915127862.0592527,1386116452.397815,1992939339.8451202,6505684835.942459,2.8406116110554667,3.0827044149859937,2.1538648206890834,3,-7.654802535348615,-1.9668737060041352,가속형,673105.63973,1.371,1697808.78886,1496763.31888,997820.11203,779120.09646,1385546.36146,1.1343201476439433,1.5558606098555032,1.5620464452561613,4,-8.592200925313943,-3.083391730903995,연속 가속형,,0.0,,67.8,발사 전,67.8
2026-10-11T02:58:38+09:00,CPOOL,KRW-CPOOL,,43.5,1.63551402,5808259445.436266,1791654980316,False,True,거래량급등,12835181464.493544,2025360933.5215755,1935595181.609272,2148552532.08313,1635682434.4463763,6.337231676616031,6.302559930255554,6.141784899170796,3,-7.758620689655171,-16.242661448140904,가속형,,,,,,,,,,,,,,NO_DATA,,0.0,,66.7,발사 전,66.7
2026-10-11T02:58:38+09:00,CYBER,KRW-CYBER,CYBERUSDT,471.0,-3.48360656,830426722.7609679,1791655107202,False,False,,3319559419.970453,1600267271.0364707,753979065.5674555,2887631641.717753,690450613.610679,2.0743781242369725,1.8998302328090215,2.684909702927578,3,6.318082788671031,13.225058004640378,가속형,2276724.46097,-6.233,4483300.98074,2750867.47213,1074252.1466,2600023.42988,1431867.01116,1.6297771616269736,2.0933235011988907,2.7292055055953366,3,5.02958579881656,11.987381703470025,가속형,YES,7.5,Binance D2 선행→Upbit D1 확산,64.0,발사 전,64.0
2026-10-11T02:58:38+09:00,APT,KRW-APT,APTUSDT,1164.0,4.39461883,5081347014.53117,1791655104373,False,False,,10372192346.931463,8409635644.186888,7588158617.1172495,5133792197.374657,6797270502.45591,1.2333700038599391,1.472514952989473,1.658361059236503,4,-0.26833631484793896,2.859778597785967,연속 가속형,12456963.275419,5.702,17487494.8341,15649754.804947,12318023.257803,12018372.907434,12375664.787072,1.1174293177150658,1.3120163664019346,1.523325126917398,4,-1.3680387409200967,1.634231536926145,연속 가속형,,0.0,,59.9,발사 전,59.9
2026-10-11T02:58:38+09:00,PIEVERSE,KRW-PIEVERSE,,1776.0,-0.28074116,187878013.48303184,1791655117554,False,False,,870553937.6582452,471049487.6447806,399220512.2668004,664830415.4526248,490734147.59571004,1.8481156661712193,1.7012970531671137,1.8333287781256216,3,-0.27995520716684874,-2.7838427947598277,가속형,,,,,,,,,,,,,,NO_DATA,,0.0,,55.8,발사 전,55.8
2026-10-11T02:58:38+09:00,WIF,KRW-WIF,WIFUSDT,298.0,0.0,713225032.3455158,1791654900913,False,False,,104755094.78171328,78003657.53685576,43222474.08682392,57102480.12241533,95646249.79140876,1.3429510626757188,1.7622818978291157,1.5828818755392866,3,-9.969788519637458,-13.372093023255815,가속형,1431162.488963,2.733,1498454.086511,3315649.687378,3431619.918371,2535721.60531,3968114.921454,0.451933777025754,0.4842579463155789,0.5087531991536025,1,-11.405295315682284,-14.302600472813243,감소형,,0.0,,55.0,발사 전,55.0
2026-10-11T02:58:38+09:00,MLK,KRW-MLK,,56.7,-0.70052539,204815238.54970756,1791654767143,False,False,,423190405.90228415,118496779.68870385,242534384.91247928,101948704.48289552,132949765.08968677,3.571324106984372,2.742173693682336,2.5624852006393737,2,-3.056027164685904,-4.674457429048406,고수준 유지형,,,,,,,,,,,,,,NO_DATA,,0.0,,54.7,관찰,54.7
2026-10-11T02:58:38+09:00,CVC,KRW-CVC,CVCUSDT,35.2,-0.28328612,666224124.0271959,1791655081709,False,False,,1549116879.8446422,798275068.4914993,1361024047.9187527,595475662.9321607,1067725354.0032743,1.94058030995758,1.6870165482795973,1.7825688106159228,2,-15.751789976133656,-15.347721822541981,고수준 유지형,610598.89552,1.812,1846916.72872,717109.48676,446922.48754,261614.76627,472426.98759,2.5755017369308915,3.8864818531024774,4.433861091015984,4,-16.062176165803123,-16.11650485436894,연속 가속형,YES,7.1,Binance D2 선행→Upbit D1 확산,49.5,관찰,49.5
2026-10-11T02:58:38+09:00,ENSO,KRW-ENSO,ENSOUSDT,1279.0,-1.61538462,2805262199.3842945,1791654618175,False,True,거래량급등,13124519298.805302,1155776404.4061222,1651655202.0216827,892533798.4465243,1096363743.70473,11.35558681486419,10.641601633503177,11.855050531683384,2,-3.129657228017879,-3.9172209903917232,일회성 폭증형,947274.65353,0.0,3618574.29341,1313647.50068,1094502.22329,417704.6942,441701.83476,2.7546006760084962,3.8415718836853863,4.852199299922192,4,-4.233870967741938,-4.904904904904905,연속 가속형,YES,11.7,Binance D2 선행→Upbit D1 확산,48.7,관찰,48.7
2026-10-11T02:58:38+09:00,DOT,KRW-DOT,DOTUSDT,1709.0,0.94506793,3629424972.290676,1791655089284,False,False,,4747447814.622253,2001137974.573512,2636270750.473667,1765654073.7126446,2066797884.5462449,2.3723740566334723,2.224301696154735,2.4614824882097857,2,3.9926289926289993,3.8650306748466257,고수준 유지형,14910937.48897,4.146,18131393.44593,19014288.19725,13732960.20166,9888960.89626,13916594.17864,0.9535667734620908,1.2757743063230527,1.4044380671108987,1,2.828618968386021,2.5726141078838083,중립,,0.0,,47.1,관찰,47.1
2026-10-11T02:58:38+09:00,XEC,KRW-XEC,XECUSDT,0.01,0.50251256,748270273.4903537,1791654893785,False,False,,1094916106.2884321,1060345749.3635048,645504673.4765732,690703584.6826924,537724020.4410108,1.0326029098958325,1.3706131005412308,1.6970224627510158,3,-7.870370370370372,-11.16071428571428,중립,271103.56026467,1.66,331590.64473272,461951.53794367,339961.34811663,268647.20195018,273068.79091905,0.7178039631792587,0.9292070060699125,1.0690593674419264,1,-8.080808080808088,-11.21951219512195,감소형,,0.0,,47.0,관찰,47.0
2026-10-11T02:58:38+09:00,SENT,KRW-SENT,SENTUSDT,27.6,-3.4965034999999998,1717558184.5407012,1791654905107,False,True,소수계정집중,1580053132.6534343,669260690.2015527,517143928.2075914,1874747609.5468647,422815601.1469798,2.3608933794954994,1.5484886229017758,1.5617752917887644,3,-17.816091954022973,-9.206349206349207,가속형,4501135.79575,-4.909,3356331.0435,3142001.97428,2150907.41809,3479825.48036,1344323.17983,1.068214173948479,1.1477598806501508,1.2299086637516423,3,-19.04577191621413,-10.31370863773098,중립,,0.0,,45.2,관찰,45.2
2026-10-11T02:58:38+09:00,STRAX,KRW-STRAX,STRAXUSDT,14.6,-1.3513513499999998,1468036409.3383188,1791654759315,False,False,,436935214.88296133,251274463.24470636,384219245.34722483,227907251.52057377,293566684.5032824,1.738876323685337,1.5181887734733122,1.6629755831153403,2,-3.8961038961038974,-5.128205128205121,고수준 유지형,1125195.51899,0.281,154707.52082,160569.94924,133976.30065,107533.59046,143073.98999,0.9634898781014276,1.154304483547331,1.1264791114543375,1,-4.343971631205679,-5.764192139738,중립,,0.0,,40.5,관찰,40.5
2026-10-11T02:58:38+09:00,JST,KRW-JST,JSTUSDT,189.0,-3.57142857,286095374.01941895,1791652624188,False,False,,741829205.4440823,461449197.1494771,547661198.0698049,337015635.24105984,410686444.8100264,1.6076075330211956,1.653253533453465,1.7209304431534513,2,2.617801047120416,3.703703703703698,고수준 유지형,5583746.43976,-2.868,3259207.480296,6142560.660234,5321185.063954,5165477.767313,4235855.951218,0.5305942685101365,0.5879782929061738,0.6545962130854712,1,1.2116488344079857,2.043149021288748,감소형,,0.0,,40.1,관찰,40.1
2026-10-11T02:58:38+09:00,ZRO,KRW-ZRO,ZROUSDT,2723.0,1.79439252,1624158108.657642,1791655122287,False,False,,4177637617.733384,3805681708.312682,3204958800.875868,5248154904.177109,6153323374.855066,1.0977369990265464,1.0223608789111225,0.7353491524793389,3,-12.323828253031788,0.07482229704451893,중립,9279108.744,-0.347,16515851.09677,20795112.6027,18044122.16543,18046117.32952,25183691.72105,0.794217920927517,0.871007235839134,0.8596797117405423,1,-13.049267643142482,-0.7598784194528863,중립,,0.0,,39.7,관찰,39.7
2026-10-11T02:58:38+09:00,GMT,KRW-GMT,GMTUSDT,12.0,-6.976744190000001,5932194145.840122,1791655027430,False,True,"거래량급등,소수계정집중",3258207779.546177,809206933.5612224,946145922.3395724,334027857.2807688,578297520.663897,4.026420986294811,4.6782394787948505,3.5626070162464,2,9.322033898305083,4.0322580645161255,일회성 폭증형,7916669.287088,2.687,4648295.524713,766988.62673,657535.621435,264032.086356,547280.779444,6.0604490897481345,8.258466886208334,5.7131987136397315,4,7.981755986316985,4.295154185022021,연속 가속형,EARLY,5.0,Binance 연속가속 우위,37.9,관찰,37.9
2026-10-11T02:58:38+09:00,BORA,KRW-BORA,,37.8,0.0,575441730.5245934,1791655000868,False,True,거래량급등,3079849682.6954384,162629870.76403102,395264050.41599506,204976428.98221692,260813777.16648418,18.93778595670268,12.11155872832297,6.273691839726003,2,-0.7874015748031593,-3.3248081841432353,일회성 폭증형,,,,,,,,,,,,,,NO_DATA,,0.0,,37.0,관찰,37.0
2026-10-11T02:58:38+09:00,GEOD,KRW-GEOD,,398.0,-5.01193317,959306686.6629281,1791654966826,False,False,,6585242670.090758,2360371279.7963834,11880978851.346653,938386543.481214,2333830027.9181156,2.789918148240997,1.3014539338681443,1.65549352695215,2,7.7120822622108065,-1.4117647058823568,중립,,,,,,,,,,,,,,NO_DATA,,0.0,,36.0,관찰,36.0
2026-10-11T02:58:38+09:00,BFC,KRW-BFC,,36.7,1.3812154700000001,11197314177.638618,1791655051394,False,True,거래량급등,19193434657.36293,338537758.215196,578625872.5717145,352260804.19008166,283418129.06149775,56.695107684745665,45.359378932336696,52.35739228652938,2,-0.8219178082191747,-3.208556149732611,일회성 폭증형,,,,,,,,,,,,,,NO_DATA,,0.0,,35.9,관찰,35.9
2026-10-11T02:58:38+09:00,TRAC,KRW-TRAC,,571.0,2.14669052,2433450395.7324896,1791655052968,False,False,,1843997093.0713675,873589497.7496886,1412192461.030086,1394335353.6403844,1908548795.8421776,2.1108279092427136,1.5032105798758066,0.9680412926687718,2,-0.5338078291814985,-10.12861736334405,고수준 유지형,,,,,,,,,,,,,,NO_DATA,,0.0,,35.3,관찰,35.3
2026-10-11T02:58:38+09:00,CELO,KRW-CELO,CELOUSDT,131.0,-1.5037593999999999,863884287.1198028,1791654951116,False,False,,926456191.8577486,899493370.255287,995809385.4657749,407422401.44930273,2339459945.8653436,1.0299755645723205,1.2069910153709313,0.8900111390256658,2,-5.000000000000004,-2.9197080291970767,중립,605188.941449,-1.098,683790.763425,729227.381568,690304.419032,589772.796158,1376863.748484,0.9376921118275877,1.020936444173211,0.8746863195247201,1,-5.397782532581208,-4.233533523678245,중립,,0.0,,34.7,관찰,34.7
2026-10-11T02:58:38+09:00,OPG,KRW-OPG,OPGUSDT,206.0,1.47783251,793708373.5896058,1791655066866,False,False,,736922076.4815314,650625018.4779232,774873870.0959446,273075275.0874458,367169226.70787,1.1326371651146956,1.3015423622594373,1.3246289779294314,2,12.154696132596676,10.32608695652173,중립,1826186.1699,2.431,1752049.30602,1489580.05756,1025463.24488,342615.24322,700107.43537,1.1762035193260687,1.839319790687606,2.1125792077944214,4,10.671641791044761,9.446494464944632,연속 가속형,EARLY,5.0,Binance 연속가속 우위,34.3,관찰,34.3
2026-10-11T02:58:38+09:00,PENDLE,KRW-PENDLE,PENDLEUSDT,2919.0,0.44735031,309480947.39896077,1791655017881,False,False,,672674576.1005301,641325740.2997309,751488728.4868695,353717536.9748294,1096636640.637982,1.0488812998307975,1.1554461765627932,1.015303401333293,2,-9.807572936064556,-12.019376324553432,중립,1857106.023,0.749,2883659.3965,6736200.484,6068565.8921,2130029.3942,4649812.0037,0.4280839626655031,0.5792498486456521,0.6406549360266751,1,-11.14836546521375,-13.363302002451983,감소형,,0.0,,34.0,관찰,34.0
2026-10-11T02:58:38+09:00,ELSA,KRW-ELSA,,73.8,-0.27027027000000003,464254942.00175357,1791654245218,False,False,,381752363.4216357,310420263.122948,499771583.9371841,273518753.49639845,369425620.24320245,1.2297920231787034,1.0567923665937842,0.8854605652254699,2,-0.6711409395973145,-1.5957446808510634,중립,,,,,,,,,,,,,,NO_DATA,,0.0,,33.5,관찰,33.5
2026-10-11T02:58:38+09:00,BARD,KRW-BARD,BARDUSDT,169.0,-1.16959064,224055936.70631245,1791654510579,False,False,,443478224.53462815,365576845.2992079,597906221.7955773,442694632.9726171,340963844.6427497,1.213091666600661,0.9461355229428775,1.0905781544204969,2,-3.3898305084745783,-7.065217391304346,중립,148382.33449,0.406,360914.75408,654064.83282,374924.25756,386838.03734,302627.66605,0.5518027204182746,0.7647432663503309,0.9738963792919235,1,-4.217791411042937,-8.363903154805586,감소형,,0.0,,33.5,관찰,33.5
2026-10-11T02:58:38+09:00,CARV,KRW-CARV,,55.8,-4.12371134,1157590088.8237877,1791654534280,False,False,,1292848970.6624732,892994355.2115408,1941542764.8857791,20361683405.799873,60319041286.37627,1.4477683572324611,0.1672059854603147,0.07702221056409204,2,-9.48678071539657,-4.2763157894736725,중립,,,,,,,,,,,,,,NO_DATA,,0.0,,33.0,관찰,33.0
2026-10-11T02:58:38+09:00,HIVE,KRW-HIVE,HIVEUSDT,75.5,-0.39577835999999994,247291446.90252396,1791654881662,False,False,,216560852.20128435,204193319.02984864,790101723.3846264,1744330807.7718287,349249542.3939234,1.06056776602778,0.2372293961074151,0.314116264065294,2,-2.8205128205128216,-3.316326530612257,중립,145921.7649,1.277,142242.8908,287543.0939,257891.2378,382721.8129,172853.6098,0.49468373199555393,0.4597595726567148,0.5809070231484398,1,-3.819444444444442,-4.482758620689664,감소형,,0.0,,33.0,관찰,33.0
2026-10-11T02:58:38+09:00,STEEM,KRW-STEEM,STEEMUSDT,83.7,-0.23837902,161122495.98545137,1791654574683,False,False,,649309493.7114675,337911978.55537665,600916654.5291704,3697484909.441167,381332710.55041605,1.921534408124154,0.42014597659700853,0.6089714886753005,2,-0.11904761904760752,-2.893518518518523,중립,188013.241271,0.59,445368.730517,491437.374736,345354.718009,924435.51955,353276.92963,0.9062573451118812,0.7586221009844164,0.9531986984690266,1,-0.647563542172569,-4.064405189932774,중립,,0.0,,33.0,관찰,33.0
2026-10-11T02:58:38+09:00,PROVE,KRW-PROVE,PROVEUSDT,274.0,0.0,130400313.08494197,1791654663771,False,False,,238157785.77608016,216570759.57272357,274421598.14559186,555638563.860692,324462879.7352819,1.0996765502690484,0.682641170442724,0.6383130161220322,2,-5.190311418685123,-4.529616724738672,중립,365007.62722,0.1,478291.08662,839597.57394,829553.04536,1006224.15259,818500.09328,0.5696670660629851,0.5363260784754816,0.5881537978000849,1,-5.446009389671358,-4.865375531412375,감소형,,0.0,,33.0,관찰,33.0
2026-10-11T02:58:38+09:00,OP,KRW-OP,OPUSDT,187.0,3.3149171300000004,2061063966.3331504,1791654643043,False,False,,891945930.9603106,629521378.3497838,1125317107.8764124,530473354.71556073,415722297.78539586,1.4168636072351377,1.1708851916586767,1.393634846773139,2,2.259887005649719,0.0,중립,17808930.59291,9.976,8625235.864853,10842473.696929,9571489.968289,4830100.700139,6658942.268643,0.7955044306260106,1.0250214553433328,1.194714758147439,1,1.5325670498084198,-1.266766020864385,중립,,0.0,,32.9,관찰,32.9
2026-10-11T02:58:38+09:00,ZKP,KRW-ZKP,ZKPUSDT,66.7,0.15015015,928407417.3905649,1791655116617,False,False,,1027946221.9786954,930708982.7399913,2200641995.12908,4164276958.208577,32228585566.882862,1.1044765238565113,0.4226968114267697,0.12807108412573004,2,-0.448430493273555,-0.5970149253731405,중립,553026.93075,0.0,503224.86385,424692.80172,576823.00246,773973.04717,4142288.96713,1.1849149828109784,0.8502867198530212,0.4166790113213407,2,-1.0121457489878583,-1.4112903225806384,중립,,0.0,,32.9,관찰,32.9
2026-10-11T02:58:38+09:00,ANKR,KRW-ANKR,ANKRUSDT,6.65,-0.74626866,241586583.0379078,1791655110354,False,False,,159555804.57270578,151910796.78895962,251881464.14465764,191740403.52864486,372449920.2865385,1.0503256381069932,0.8037634915463979,0.6948167897499691,2,0.9036144578313365,-0.29761904761904656,중립,509708.914942,2.526,473612.93585,371904.801432,368124.974444,305698.460177,446808.352693,1.2734789495225072,1.3587075098142312,1.4533999456630438,4,0.8179959100204526,-0.6048387096774133,연속 가속형,,0.0,,32.7,관찰,32.7
2026-10-11T02:58:38+09:00,AUCTION,KRW-AUCTION,AUCTIONUSDT,5115.0,-1.6346153799999998,245700873.98785606,1791654630805,False,False,,260095355.67044023,242243617.16629165,299408920.24354744,340594935.1596564,302983460.2670195,1.0736933286951953,0.8844299261507454,0.9208646504109631,2,-2.0715630885122405,2.060843964671255,중립,244538.43416,-1.286,501984.19752,362559.10691,447390.08036,516632.85633,387648.90583,1.3845582360302158,1.1352125560762416,1.2823987385022333,2,-2.8855975485188923,1.1436170212766106,중립,,0.0,,32.5,관찰,32.5
2026-10-11T02:58:38+09:00,EDGE,KRW-EDGE,,154.0,-3.75,1252432053.953294,1791655122204,False,False,,8195344529.387535,2968123675.101285,18109716989.553696,979690202.0769857,4285109634.6157045,2.761119625215036,1.1146321742314425,0.7356003775710496,2,4.575163398692816,-8.571428571428575,중립,,,,,,,,,,,,,,NO_DATA,,0.0,,32.3,관찰,32.3
2026-10-11T02:58:38+09:00,MMT,KRW-MMT,MMTUSDT,248.0,-0.40160643,383287557.46100456,1791653655757,False,False,,873133966.8686912,854030878.6594433,1027888071.022509,1016547529.8531127,797150299.9118913,1.0223681469682147,0.9037199219313535,1.0280291588574613,2,3.319502074688807,-1.5810276679841917,중립,343881.33023,-0.438,521547.95025,641394.29118,689740.77956,480570.45617,536695.30352,0.8131471661378313,0.8636303347921104,0.9731633555063782,1,1.680672268907557,-2.733118971061088,중립,,0.0,,32.0,관찰,32.0
2026-10-11T02:58:38+09:00,SAND,KRW-SAND,SANDUSDT,91.8,-2.4442082899999997,19647911891.473335,1791655078214,False,False,,43721551338.67034,33989362785.147903,106596160333.26495,24915319839.638115,44054569457.363266,1.286330420933194,0.7925316371304342,0.8007414418052742,2,4.092920353982299,-9.51923076923078,중립,6845916.7508,-0.133,12659259.93866,16445246.01162,48378506.43326,9723670.29675,18351155.72156,0.7697823389029953,0.5094445712443365,0.529433990428789,1,2.9367695534911586,-9.818850091887633,중립,,0.0,,31.6,관찰,31.6
2026-10-11T02:58:38+09:00,WLFI,KRW-WLFI,WLFIUSDT,77.5,-0.64102564,2540051721.2669525,1791655069385,False,False,,1822241855.912104,1585407421.4435852,1701738007.3840516,2855983516.9312825,768852610.3566173,1.149383957249847,0.8898926940985699,1.090384451933311,2,2.3622047244094446,4.697986577181212,중립,4713876.58919,3.832,6856698.46364,5953556.70007,6302786.52009,5208751.36574,3305233.34243,1.1516978520687273,1.1777832229735956,1.443511127859764,2,1.4209591474245054,3.62976406533575,중립,,0.0,,31.6,관찰,31.6
2026-10-11T02:58:38+09:00,BIGTIME,KRW-BIGTIME,BIGTIMEUSDT,11.7,1.7391304300000001,1084602682.4716213,1791654312280,False,False,,481952834.524713,411496177.8184025,697312632.840589,470725544.6044369,811663428.6751593,1.1712206832147143,0.9153700891380767,0.4825050565505325,2,-5.737704918032782,-7.9999999999999964,중립,642036.73072,3.758,252231.77185,264413.10787,318149.14394,252446.03874,445337.50253,0.9539306650939974,0.9062129371812377,0.7009175664095187,1,-5.902004454342991,-7.952069716775611,중립,,0.0,,31.6,관찰,31.6
2026-10-11T02:58:38+09:00,YGG,KRW-YGG,YGGUSDT,38.1,-1.80412371,765450539.6779995,1791655061505,False,False,,559908767.4925969,293706415.1265182,808750496.5297767,5621717141.46408,393443293.8405938,1.9063552536004644,0.2498041081637838,0.3461851159616373,2,3.1914893617021267,1.5706806282722363,중립,2294283.182031,3.033,1315427.413567,922193.482321,1016243.711988,2032526.494516,1227790.461046,1.4264115272819962,0.9937845193111542,1.0461878251451573,2,2.2727272727272707,0.3539823008849474,중립,,0.0,,31.5,관찰,31.5
2026-10-11T02:58:38+09:00,API3,KRW-API3,API3USDT,418.0,-5.0,1698656193.456029,1791655091802,False,False,,7810694449.574461,2072609410.0066147,11300625796.042633,38247949278.90457,3591323591.554529,3.76853178986075,0.4539237830846985,0.6989941466929286,2,-5.982905982905984,9.725685785536164,중립,2598834.283667,-3.79,8033532.269676,4317657.381048,5978779.242098,20653717.704263,6093507.576184,1.8606229167090758,0.7786906828986266,1.0570999783583823,2,-6.577415599534342,8.226567768037762,중립,,0.0,,30.9,관찰,30.9
2026-10-11T02:58:38+09:00,MNT,KRW-MNT,,777.0,2.64200793,330520714.32992345,1791653660189,False,False,,357958069.43641615,181544746.95158356,473499089.8585396,904122095.9555287,314956914.4991768,1.9717346574168875,0.6887491483375398,0.8481081931271632,2,-5.493133583021226,-15.607580824972134,중립,,,,,,,,,,,,,,NO_DATA,,0.0,,30.9,관찰,30.9
2026-10-11T02:58:38+09:00,IMX,KRW-IMX,IMXUSDT,274.0,0.36630037,1031550303.4082398,1791655103743,False,False,,905365367.2932619,811348614.7765974,963074488.9666463,451816967.57401586,704247050.0531129,1.1158771344455327,1.2200373791100974,0.9593995300188668,2,5.813953488372103,9.63855421686748,중립,2152991.350389,8.776,1718019.35753,1981582.358048,993855.786841,1062406.096966,617285.052439,0.8669936682431769,1.2764380604790757,1.5483744694435722,1,4.92146596858638,8.50027070925825,중립,,0.0,,30.3,관찰,30.3
2026-10-11T02:58:38+09:00,A,KRW-A,AUSDT,142.0,-1.38888889,1502732617.0369248,1791655021082,False,False,,1196860596.204244,663416154.813231,1335921969.7218146,2021708640.6675494,1861311922.8162313,1.8040872045710004,0.8929470355045287,0.9683888285086905,2,2.857142857142847,9.92366412213741,중립,1260590.53977,2.351,1265227.21326,577736.64236,607003.74372,1268142.3234,1731236.98376,2.189972247721151,1.5474370727594502,1.401218756951315,2,1.8428709990300662,8.695652173913038,고수준 유지형,,0.0,,29.8,관찰,29.8
2026-10-11T02:58:38+09:00,TOKAMAK,KRW-TOKAMAK,,490.0,1.44927536,119095087.15092626,1791653602709,False,False,,710469619.6475797,795910497.9110276,338832542.3270325,203768843.4448941,409384955.0526688,0.8926501428393032,1.5923720102343104,0.9307268783550464,1,-3.206412825651306,-6.756756756756754,중립,,,,,,,,,,,,,,NO_DATA,,0.0,,28.6,관찰,28.6
2026-10-11T02:58:38+09:00,ZK,KRW-ZK,ZKUSDT,20.1,4.6875,5110364300.343457,1791655118188,False,True,"거래량급등,입금량급등",10284698796.18695,492842266.1722772,782205744.5457486,564675329.6146219,1344349283.225447,20.868134699696895,16.77105231647602,13.978825113540035,2,9.714285714285719,8.47457627118644,일회성 폭증형,11152677.489489,5.878,12375712.179603,2754416.968647,1903609.441411,1842568.305906,1665250.661895,4.493042382643353,5.711344601692073,6.023822793824991,5,8.796296296296301,7.798165137614688,연속 가속형,,0.0,,28.0,관찰,28.0
2026-10-11T02:58:38+09:00,KITE,KRW-KITE,KITEUSDT,177.0,7.27272727,1866586332.6987495,1791655058050,False,False,,1000424269.1486764,854993498.4231548,1040434126.6368511,1014947297.7407923,1229015481.8253994,1.170095762124199,1.0312323625156017,0.5912980009684259,2,-14.0625,-17.085427135678387,중립,1968077.58236,7.864,1512001.88772,1661350.99607,1367667.22814,804358.12833,1206794.37853,0.9101038199012177,1.18329254578785,0.8533799355125715,1,-14.770318021201412,-17.903335602450653,중립,,0.0,,27.4,관찰,27.4
2026-10-11T02:58:38+09:00,CC,KRW-CC,,161.0,-4.16666667,1496176547.3018816,1791655103742,False,False,,2233426425.983971,2376621380.3142595,2772612254.701789,1536001157.827258,1352348849.3920774,0.9397485205189251,1.0022504048959824,1.1182161572668703,1,-2.8901734104046284,-4.0000000000000036,중립,,,,,,,,,,,,,,NO_DATA,,0.0,,25.6,관찰,25.6
2026-10-11T02:58:38+09:00,TRX,KRW-TRX,TRXUSDT,451.0,-0.87912088,2014504315.1940093,1791654878172,False,False,,2622768393.15044,3182225570.853539,3729244795.2844405,2149679652.5722265,1588717032.014298,0.8241931110015432,0.8683561317497447,1.0688376210015418,1,0.0,0.22026431718060735,중립,20195381.74,-0.451,23539588.70572,31998217.93806,34837464.11703,21825981.18062,23153628.51717,0.7356531151605491,0.7964971955174995,0.9456606200304382,1,-1.0730253353204322,-1.131963062257979,감소형,,0.0,,25.3,관찰,25.3
2026-10-11T02:58:38+09:00,KAIA,KRW-KAIA,KAIAUSDT,76.9,-7.237635709999999,109094546958.88817,1791655121658,False,False,,,,,,,,,,,,,NO_DATA,18427987.56558,5.629,32198555.55294,1100411.28276,857451.09896,1164855.90354,1217929.14888,29.260473840454534,30.933199166500337,34.7118425812176,3,52.77777777777777,61.33333333333333,가속형,,0.0,,25.0,관찰,25.0
2026-10-11T02:58:38+09:00,NMR,KRW-NMR,NMRUSDT,17930.0,-3.23799244,8565197937.703169,1791654927280,False,False,,,,,,,,,,,,,NO_DATA,2923401.7931,-2.435,4493520.1038,7629583.5369,20434521.3799,32306028.0711,1385648.3567,0.5889600765320117,0.22329850282261116,0.34607560317078445,1,-16.086956521739136,14.783347493627863,감소형,,0.0,,25.0,관찰,25.0
2026-10-11T02:58:38+09:00,FOLD,KRW-FOLD,,87.9,-0.56561086,3411470580.128228,1791654861245,False,False,,5705039982.42645,6681221509.763606,8110158114.231741,4597191856.447896,11350472210.5998,0.8538917582794384,0.8827427004894576,0.7552190182690791,1,-5.656350053361791,-7.434554973821983,중립,,,,,,,,,,,,,,NO_DATA,,0.0,,25.0,관찰,25.0
2026-10-11T02:58:38+09:00,SOON,KRW-SOON,,416.0,-1.1876484600000001,2098086182.3174329,1791654840872,False,False,,2838117291.332385,3515151894.747617,4909184008.990165,3840995367.689799,5449237182.522016,0.8073953491378665,0.6941803434067507,0.46742561651218906,1,-5.393258426966296,-13.729508196721307,중립,,,,,,,,,,,,,,NO_DATA,,0.0,,25.0,관찰,25.0
2026-10-11T02:58:38+09:00,ZKC,KRW-ZKC,ZKCUSDT,55.5,-1.5957446800000001,1135352054.1461353,1791655100595,False,False,,1225586409.5490344,1578507781.2643535,2555320465.887119,2617033353.307817,4394743738.456893,0.77642088565909,0.5446355511712694,0.5130494927102547,1,-4.081632653061218,-1.7421602787456414,중립,808983.21743,0.246,882909.24895,767943.33146,913974.87725,1496355.64822,869993.20398,1.1497062514644523,0.8333856256831479,1.02225509305353,2,-4.618937644341791,-2.364066193853409,중립,,0.0,,25.0,관찰,25.0
2026-10-11T02:58:38+09:00,IQ,KRW-IQ,IQUSDT,1.14,-0.8695652200000001,872617125.1433547,1791654446409,False,False,,165673300.52683288,215368744.27024317,373967351.18126345,264541535.85876778,201041169.66478026,0.7692541510059937,0.582073921784111,0.7175507886486886,1,-3.361344537815125,-7.258064516129037,중립,536528.749845,0.728,47236.908472,52306.97827,62128.313892,53528.573952,39672.283591,0.9030708718857906,0.8436976874527196,1.019705419387662,1,-4.128440366972475,-8.43373493975903,중립,,0.0,,25.0,관찰,25.0
2026-10-11T02:58:38+09:00,ZAMA,KRW-ZAMA,ZAMAUSDT,104.0,0.0,585179682.6284939,1791655035947,False,False,,1215476301.4165747,1563533000.6541562,2986597338.050079,2583975260.641726,1440532662.9610527,0.7773908839199682,0.5111262867463051,0.5503013449335549,1,-7.964601769911505,-11.864406779661019,중립,2189178.81393,2.369,3800437.66081,4492328.98168,5122619.81688,4568449.01071,3509795.37276,0.8459838262755073,0.8038492000117432,0.8288130876685477,1,-8.51294400963274,-13.016599885518021,중립,,0.0,,25.0,관찰,25.0
2026-10-11T02:58:38+09:00,SPK,KRW-SPK,SPKUSDT,29.5,-0.6734006699999999,320245515.1459933,1791654322319,False,False,,479242174.96757066,523245227.420722,888200931.7880528,515818596.77257395,642709092.8911489,0.9159035760917316,0.7459932634790659,0.7159513041197693,1,-9.174311926605515,-11.869436201780426,중립,557027.27186,0.175,737539.495828,1123351.929578,1046004.260083,950736.154618,1228734.628063,0.6565524804902994,0.7091516030097815,0.6592524888427899,1,-10.285667038736602,-12.672032193158945,감소형,,0.0,,25.0,관찰,25.0
2026-10-11T02:58:38+09:00,IRYS,KRW-IRYS,,19.9,-1.4851485100000001,267275648.78288764,1791654692455,False,False,,222773085.32382858,267962323.5417302,783784605.7732214,373310827.492818,528786891.82375103,0.8313597313957303,0.46897696095389724,0.4822408946083781,1,-4.716981132075471,-6.04651162790698,중립,,,,,,,,,,,,,,NO_DATA,,0.0,,25.0,관찰,25.0
2026-10-11T02:58:38+09:00,WAXP,KRW-WAXP,WAXPUSDT,7.97,-0.49937578,153043353.52773055,1791655090863,False,False,,199519149.5216483,240412468.40127575,439165061.2673319,222654687.2030477,282277184.87787384,0.8299035022951811,0.6634183942581282,0.5796178051629997,1,-2.9090909090909167,-5.430932703659986,중립,152763.76232,0.862,164284.16468,297601.26221,259219.03387,206616.95531,247847.56171,0.5520277819388889,0.6455704029933791,0.640189230085046,1,-3.770491803278686,-6.677265500794904,감소형,,0.0,,25.0,관찰,25.0
2026-10-11T02:58:38+09:00,SONIC,KRW-SONIC,,35.6,0.28169014,475176203.4109953,1791655030905,False,False,,421803607.09074306,434408034.3149539,2066299011.9714096,565469245.8608922,1866686932.3280404,0.9709848201954009,0.4126999561352869,0.39829340928975754,1,-5.080213903743314,-4.825737265415542,중립,,,,,,,,,,,,,,NO_DATA,,0.0,,24.8,관찰,24.8
2026-10-11T02:58:38+09:00,0G,KRW-0G,0GUSDT,358.0,1.7045454500000001,3718872341.694023,1791655015313,False,False,,3024305024.294686,3715409047.006823,3115201888.56943,3317046655.2124157,1997400851.144756,0.8139897884813252,0.8940895957230378,1.1473103675249525,1,-19.080459770114942,-13.725490196078427,중립,2286682.245998,0.537,2206378.866859,2627962.389643,2111408.723402,2188781.146222,1780025.028509,0.8395777943986213,0.9553971034229704,1.1676339801649047,1,-20.087336244541486,-14.911989372301559,중립,,0.0,,24.4,관찰,24.4
2026-10-11T02:58:38+09:00,MVL,KRW-MVL,,1.44,0.6993007,196258308.833309,1791654325156,False,False,,48489149.71406859,58538621.69392621,88044006.42112328,42856169.5827735,58274111.96176655,0.8283274923621866,0.7678862561946965,0.8282513237850849,1,-5.298013245033117,-5.298013245033117,중립,,,,,,,,,,,,,,NO_DATA,,0.0,,24.4,관찰,24.4
2026-10-11T02:58:38+09:00,ATH,KRW-ATH,,8.96,0.9009009,812167297.7550458,1791654996103,False,False,,1154066119.9857082,1506428222.7536283,1459989180.564986,1546644310.421526,1327119688.1647084,0.7660943299881685,0.7671506794193323,0.38606837598405097,1,-7.015706806282718,-15.428571428571425,중립,,,,,,,,,,,,,,NO_DATA,,0.0,,24.3,관찰,24.3
2026-10-11T02:58:38+09:00,IOST,KRW-IOST,IOSTUSDT,1.17,0.8620689699999999,753745921.7057639,1791654626387,False,False,,390408060.05688274,427825600.76326084,1029177791.2581521,784391112.053039,636604182.3736615,0.9125402018027359,0.5225426305104137,0.5219962136162212,1,0.0,0.0,중립,319003.550641,3.846,351678.161862,494884.798839,638336.23216,294428.36114,362891.039428,0.710626316845935,0.7390011100731649,0.8680069133594136,1,-1.8583042973286834,-0.8215962441314506,감소형,,0.0,,24.3,관찰,24.3
2026-10-11T02:58:38+09:00,USDC,KRW-USDC,USDCUSDT,1362.0,-0.43859649,473800539.1754978,1791655020431,False,False,,962302454.2300527,1236700067.8520586,1949601328.9473374,1167887522.955283,1353689810.8937788,0.7781211299692182,0.6630183981205874,0.6862222035570602,1,1.1086474501108556,1.333333333333342,중립,1794720239.41142,0.013,3195698718.02521,4585150448.80493,4498091055.83662,2901892321.54423,4112421799.83264,0.6969670360234601,0.7999156532678187,0.944237901491603,1,0.07799844003120171,0.06799184097907585,감소형,,0.0,,24.3,관찰,24.3
2026-10-11T02:58:38+09:00,SNT,KRW-SNT,,10.8,0.9345794399999999,131719525.11367631,1791654385583,False,False,,152654089.5956796,191992483.85580552,333542456.56709343,160828442.83487317,178017161.64184588,0.7951045089365545,0.6672300416338579,0.7944638649813842,1,-6.14035087719299,-8.54700854700855,중립,,,,,,,,,,,,,,NO_DATA,,0.0,,24.3,관찰,24.3
2026-10-11T02:58:38+09:00,DATA,KRW-DATA,,270.0,1.12359551,2204728341.6953144,1791654961489,False,False,,2348364785.8023744,2519521499.637774,5985312574.787958,5508919826.005373,4576369438.591596,0.932067770066655,0.5027271356028591,0.5218337069036556,1,-3.6101083032490933,-6.968641114982576,중립,,,,,,,,,,,,,,NO_DATA,,0.0,,24.1,관찰,24.1
2026-10-11T02:58:38+09:00,RE,KRW-RE,REUSDT,611.0,1.1589403999999999,1251670526.7112405,1791654773092,False,False,,846065034.96936,923964631.6426327,1491760279.4267168,1493360074.999261,5146744371.487244,0.9156898500164643,0.6493067083355375,0.40592754217580646,1,-7.78625954198473,-13.837375178316691,중립,578032.68309,2.091,540190.55769,680360.82333,840863.39818,611846.14508,1810821.40883,0.7939765770845799,0.7597366211883118,0.6023813209803901,1,-8.459465063238646,-14.751882602819077,중립,,0.0,,24.1,관찰,24.1
2026-10-11T02:58:38+09:00,GLM,KRW-GLM,GLMUSDT,183.0,-0.54347826,217615158.05657235,1791654817028,False,False,,283491919.25087625,363265412.3523056,366394095.6350728,248558596.73600098,238463663.05070415,0.7803988753433464,0.8694132255844175,1.0522864943031152,1,0.5464480874316946,4.545454545454541,중립,140626.96299,1.053,220228.04901,459709.85629,285418.77495,334747.67548,147455.95754,0.4790587932730181,0.611814652213967,0.8585543700992383,1,-0.4444444444444584,3.703703703703698,감소형,,0.0,,24.1,관찰,24.1
2026-10-11T02:58:38+09:00,BABY,KRW-BABY,BABYUSDT,18.2,-3.7037037,174613199.40032148,1791655111919,False,False,,164658457.88155535,165804640.17634767,299666660.47586536,394916822.89172107,219196932.7178663,0.9930871518820387,0.5741308603958689,0.66325177253692,1,1.612903225806428,1.612903225806428,중립,870251.63239,-1.255,839044.96044,1080226.96465,1144897.38349,787581.93479,604463.31739,0.7767302501209601,0.8355062342393256,1.061149511978429,1,0.14534883720931369,0.14534883720931369,중립,,0.0,,24.1,관찰,24.1
2026-10-11T02:58:38+09:00,AHT,KRW-AHT,,1.58,1.28205128,171606676.52757242,1791655102805,False,False,,85344494.00409797,102782240.3622308,155662183.0800351,110574687.44827516,42354909.39657592,0.8303428073110902,0.6938217410865717,0.8658382389878178,1,-0.6369426751592355,-2.500000000000002,중립,,,,,,,,,,,,,,NO_DATA,,0.0,,24.0,관찰,24.0
2026-10-11T02:58:38+09:00,AAVE,KRW-AAVE,AAVEUSDT,232300.0,1.52972028,2269904392.314169,1791655055490,False,False,,2287907059.982372,2412534163.48732,3393453769.02237,2639000662.381107,4603676928.26495,0.948341828525736,0.8127567139758667,0.7333158255229115,1,-6.075533661740562,-5.532617671345996,중립,17986710.42555,1.216,19185082.64193,32034855.56965,27194754.2917,17882237.90971,28897141.42952,0.5988815089307302,0.7463865746891157,0.7842153950145162,1,-6.87774748205443,-6.576229553955226,감소형,,0.0,,23.8,관찰,23.8
2026-10-11T02:58:38+09:00,STX,KRW-STX,STXUSDT,537.0,-0.73937153,9228014961.07128,1791655117558,False,False,,8739079683.825743,9061909911.799988,14400511907.246675,3251062527.211712,6889045063.377171,0.9643750344997504,0.9814234156672019,1.1248996718352189,1,4.038461538461546,2.851711026615966,중립,3902246.69691,3.376,3330439.65817,3148960.66418,6201435.32455,1406177.51495,2419632.59798,1.057631394400812,0.9288570352902629,1.054672494490083,2,2.8876170655567135,1.5143737166324556,중립,,0.0,,23.6,관찰,23.6
2026-10-11T02:58:38+09:00,AXL,KRW-AXL,AXLUSDT,74.0,-0.93708166,465123340.68447477,1791653682752,False,False,,310775889.8726337,372325167.0918376,434372991.29602647,545378421.2870462,290306880.95797753,0.8346894525020863,0.689552414140675,0.8101856591079168,1,3.176795580110503,2.751031636863832,중립,598735.417887,3.448,680032.24062,549045.194216,426153.37877,366290.363966,484660.142167,1.2385724304372445,1.5207704407129206,1.6559384179721173,4,1.8656716417910557,1.6759776536312998,연속 가속형,,0.0,,23.3,관찰,23.3
2026-10-11T02:58:38+09:00,ZRX,KRW-ZRX,ZRXUSDT,177.0,2.90697674,1055945537.724199,1791654453941,False,False,,220690476.34142908,255825391.6956568,474772137.2072086,161939460.1698148,314404869.8239708,0.8626605626542887,0.7417859843681773,0.5698018182149555,1,-0.5780346820809301,-0.5780346820809301,중립,1147260.041,7.309,356554.7326,318432.0792,335030.8594,328171.071,226994.6716,1.1197198897038763,1.0896771987717406,0.9627881117455237,2,-0.9448818897637823,-1.5649452269170583,중립,,0.0,,22.7,관찰,22.7
2026-10-11T02:58:38+09:00,ARX,KRW-ARX,,363.0,3.125,1625324034.892778,1791654301555,False,False,,1633927056.7454104,1855765392.1459637,1950390881.0240338,1750234287.1583614,2121924223.6700199,0.8804599243312623,0.882188017025671,0.9417595144152927,1,-3.825136612021862,-5.630026809651478,중립,,,,,,,,,,,,,,NO_DATA,,0.0,,22.5,관찰,22.5
2026-10-11T02:58:38+09:00,SIGN,KRW-SIGN,SIGNUSDT,17.8,1.13636364,484095977.2729291,1791654394925,False,False,,496425703.27365154,569545809.9021331,682071152.0812212,275610165.7194334,544683892.2854615,0.871616812278812,0.975151032093755,0.9860513147385721,1,3.529411764705892,1.7341040462427681,중립,569545.79071,2.266,554210.72217,513173.97381,701129.53946,352338.78702,384372.60572,1.0799665424482217,1.0612710803239713,1.211179575032592,2,2.0618556701030855,0.3900156006240163,중립,,0.0,,22.5,관찰,22.5
2026-10-11T02:58:38+09:00,PLUME,KRW-PLUME,PLUMEUSDT,25.9,3.5999999999999996,2344744123.242134,1791654402435,False,False,,1992425269.2690578,2531558561.139993,2495403456.1327753,1404443290.3864222,3859407509.7282667,0.7870350304564329,0.9293887606008607,0.8737613635240489,1,-3.8461538461538436,-1.9607843137254943,중립,3029350.03037,6.069,3300268.23082,6188073.19696,3164330.22786,2400767.36873,4540212.76145,0.5333272774538793,0.8423943518198037,0.9006038456304917,1,-5.4110301768990565,-3.6055143160127034,감소형,,0.0,,22.1,관찰,22.1
2026-10-11T02:58:38+09:00,QTUM,KRW-QTUM,QTUMUSDT,1369.0,4.66360856,773377382.499789,1791655029953,False,False,,267569127.01036474,270442946.412922,487879190.66604596,377440092.66306,331615851.37192327,0.989373657399186,0.7067565376015521,0.7975989552647944,1,-0.7587253414264028,-2.460850111856827,중립,782144.545,6.787,153689.7052,317417.0564,810851.5271,171271.0769,191360.762,0.4841885528871031,0.3547941857027144,0.474511296008707,1,-1.846153846153853,-3.7223340040241526,감소형,,0.0,,21.3,관찰,21.3
2026-10-11T02:58:38+09:00,BEAM,KRW-BEAM,,3.57,-2.72479564,807388221.4854189,1791654913784,False,False,,1930670642.261323,2436397240.660715,6125251834.741721,2031359011.1331267,22724708160.131466,0.7924285129044694,0.5467768814550432,0.11463240375942262,1,7.624633431085037,6.069364161849711,중립,,,,,,,,,,,,,,NO_DATA,,0.0,,21.0,관찰,21.0
2026-10-11T02:58:38+09:00,PONS,KRW-PONS,,499.0,6.17021277,11961359888.73786,1791655117556,False,False,,,,,,,,,,,,,NO_DATA,,,,,,,,,,,,,,NO_DATA,,0.0,,20.1,관찰,20.1
2026-10-11T02:58:38+09:00,AERO,KRW-AERO,AEROUSDT,1227.0,12.259835319999999,3799778163.5075784,1791654968712,False,False,,1141604034.0072284,1276354411.7347405,952196970.994686,385886663.00329965,583644267.251472,0.8944255792210818,1.3099610861353734,1.4883683416018703,1,0.36730945821854544,-7.919123841617526,중립,8149035.57506,11.411,5075895.22827,10463276.25606,4123680.43754,5945803.20541,5620529.06165,0.4851152835929569,0.7416287805296069,0.7735960527829935,1,-0.4723430702299636,-8.783321941216682,감소형,,0.0,,20.0,관찰,20.0
2026-10-11T02:58:38+09:00,UP2,KRW-UP2,,99.5,6.64523044,8407560738.649022,1791655080752,False,False,,1458721115.6857922,1771288549.0425787,6225714047.590167,1161635771.5392647,4693002119.790124,0.8235366939363232,0.47781811784002376,0.4554672494985757,1,-0.21390374331551332,-1.1652542372881491,중립,,,,,,,,,,,,,,NO_DATA,,0.0,,19.7,관찰,19.7
2026-10-11T02:58:38+09:00,POL,KRW-POL,POLUSDT,138.0,0.0,1121327984.5118427,1791655093993,False,False,,1837517595.7872112,3256415668.366304,3091611829.8205814,2881999201.9834595,3514971992.4725127,0.5642761191813903,0.5972412612045744,0.6565990894675328,1,-5.47945205479452,-7.38255033557047,감소형,12956907.885357,0.287,14352486.4732,10471226.701703,8451850.803441,5261504.44666,8091017.204621,1.3706595112553304,1.7803681496503279,2.0502282842815096,4,-6.0690682304756605,-8.355281082553812,연속 가속형,EARLY,5.0,Binance 연속가속 우위,18.0,관찰,18.0
2026-10-11T02:58:38+09:00,PYTH,KRW-PYTH,PYTHUSDT,107.0,-2.72727273,1527751800.9905066,1791655000559,False,False,,3164721370.6329226,5683081927.275953,1576648453.1343997,1306917308.384099,1145357932.5253918,0.556867103295457,1.1082706394378221,1.5419847642258042,1,6.796116504854366,4.761904761904767,감소형,4195287.705685,-3.059,8492031.077969,14401938.724104,4000728.24722,4239044.480864,2878236.529793,0.589644994375389,1.1251840784078668,1.5777479167598705,1,6.003430531732423,2.907646983476364,감소형,,0.0,,13.1,관찰,13.1
2026-10-11T02:58:38+09:00,DOGE,KRW-DOGE,DOGEUSDT,117.0,0.0,10362140114.740335,1791655115052,False,False,,13707181446.601328,38402615177.504585,39997316169.59772,20581201953.602676,18898472017.390926,0.3569335417195935,0.41544830785960596,0.49611574242536893,1,-8.59375,-9.999999999999998,감소형,27100374.65456,1.295,40155118.24038,118721196.60002,114362666.49249,71214512.34507,53876318.57131,0.33823040358719925,0.3958790596496325,0.4844923206130056,1,-8.859003095314332,-10.968616411218857,감소형,,0.0,,13.0,관찰,13.0
2026-10-11T02:58:38+09:00,TRUMP,KRW-TRUMP,TRUMPUSDT,2576.0,-0.11632416,4918690588.260134,1791655119769,False,False,,4908134855.8674755,13096518294.621172,19120501462.068935,9897880069.150152,13035028938.39628,0.3747663879401657,0.34962458959876325,0.358066675742492,1,-5.323054331864907,-7.628939828080227,감소형,6245898.077013,2.104,8400240.288899,15140489.291808,22733057.470085,12829031.815214,12139146.289077,0.5548196050337741,0.4970303596763325,0.5436612036627778,1,-6.169154228855711,-8.668280871670708,감소형,,0.0,,13.0,관찰,13.0
2026-10-11T02:58:38+09:00,HBAR,KRW-HBAR,HBARUSDT,126.0,-0.7874015700000001,3678706596.3776093,1791655115364,False,False,,5061796947.218899,11845657757.50943,7476439911.057745,3732172928.112674,4791211507.244737,0.4273124423175257,0.6586801685169609,0.7855546950930107,1,-5.925925925925924,-9.9290780141844,감소형,8506057.9424,1.651,13018399.99416,24315455.52226,17002542.11691,12531982.38865,14749127.29143,0.5353960974427184,0.7252593215875528,0.8470396367791644,1,-7.434533962074852,-11.296990673973662,감소형,,0.0,,13.0,관찰,13.0
2026-10-11T02:58:38+09:00,SHIB,KRW-SHIB,SHIBUSDT,0.00744,-0.53475936,2925249398.8134933,1791655071271,False,False,,3524834629.447035,6738694275.233098,12135140338.5034,5656064422.986652,6958255194.149682,0.5230738308461259,0.4310863192918265,0.4875842752627219,1,-4.713375796178343,-6.500000000000005,감소형,2185047.75712423,1.109,2943185.72589597,6546189.44880582,6056002.12601031,3704207.05741048,6145461.89341102,0.44960289477000653,0.5414780649503997,0.5620500270566419,1,-5.699481865284961,-7.614213197969544,감소형,,0.0,,13.0,관찰,13.0
2026-10-11T02:58:38+09:00,CASHCAT,KRW-CASHCAT,,153.0,-1.29032258,2362491260.7716465,1791655056447,False,False,,2201467251.79159,12055070466.050993,4766971368.957096,2888988659.0954967,1802063686.1095088,0.18261753491954064,0.3350612114039614,0.4713437140042725,1,-16.666666666666664,-30.493273542600896,감소형,,,,,,,,,,,,,,NO_DATA,,0.0,,13.0,관찰,13.0
2026-10-11T02:58:38+09:00,CFG,KRW-CFG,CFGUSDT,194.0,0.0,1922009404.877227,1791654982515,False,False,,1011859242.255249,1523837685.1497931,1780539543.0531776,1544522849.449775,1815748648.9370987,0.6640203560497872,0.6260342919326992,0.581631871826639,1,-3.0000000000000027,-6.28019323671497,감소형,1353164.09176,2.287,1325434.81446,2826268.40531,1955472.30014,1414150.47663,2712671.70281,0.46896990107866965,0.64176473190498,0.6199675429482657,1,-4.403794037940378,-7.41469816272966,감소형,,0.0,,13.0,관찰,13.0
2026-10-11T02:58:38+09:00,PENGU,KRW-PENGU,PENGUUSDT,11.2,-0.88495575,1887894764.0268998,1791655091799,False,False,,2638301593.703945,5515401433.385027,4890159206.023069,4863757312.327433,4930195694.830554,0.4783516894589324,0.5183535247697307,0.5706048884882393,1,-8.870967741935477,-13.076923076923075,감소형,5493045.14478,2.349,6377674.980927,14701807.704751,19560929.845722,15183351.80169,21219232.490166,0.4338020948856518,0.386947182142404,0.40963541520711066,1,-9.869359973652436,-14.327454867995403,감소형,,0.0,,13.0,관찰,13.0
2026-10-11T02:58:38+09:00,POD,KRW-POD,,812.0,-0.97560976,1721869318.931359,1791654900923,False,False,,3631675716.992084,6326602760.157451,17145524435.365097,47299722893.28072,49616620440.47409,0.574032518662781,0.15394577275152993,0.07800036124320273,1,-19.291338582677163,-31.092436974789916,감소형,,,,,,,,,,,,,,NO_DATA,,0.0,,13.0,관찰,13.0
2026-10-11T02:58:38+09:00,AKT,KRW-AKT,,987.0,-0.70422535,1679264280.0590513,1791655020755,False,False,,2019667449.1823888,4633194294.09814,4256199922.670696,4833032102.592449,13446954933.579714,0.4359125305310601,0.4415401625438777,0.22771690088140795,1,-3.495145631067964,-5.333333333333334,감소형,,,,,,,,,,,,,,NO_DATA,,0.0,,13.0,관찰,13.0
2026-10-11T02:58:38+09:00,ETC,KRW-ETC,ETCUSDT,11420.0,-0.08748906000000001,1437033882.1893616,1791654874955,False,False,,1610030889.874901,3796157874.676099,4832901532.509934,2202976668.847917,2882529985.502245,0.4241211622454649,0.44590810404623366,0.5193385633847895,1,-4.590984974958268,-6.234618539786707,감소형,4661466.8164,1.084,2241421.6869,4989402.921,4520201.7604,4046188.8791,3523448.3054,0.4492364562232556,0.49604363113744393,0.5731286173879085,1,-5.203619909502255,-7.0953436807095205,감소형,,0.0,,13.0,관찰,13.0
2026-10-11T02:58:38+09:00,META2,KRW-META2,,8065.0,-0.18564356,1400686190.029698,1791654821441,False,False,,1807966338.5764298,4483790831.909542,8284905381.445074,1613772175.127184,2805123393.0849586,0.40322272076337223,0.37711878581794894,0.20279073570576872,1,-0.6150061500615034,-6.04651162790698,감소형,,,,,,,,,,,,,,NO_DATA,,0.0,,13.0,관찰,13.0
2026-10-11T02:58:38+09:00,CRO,KRW-CRO,,83.4,-1.41843972,1018330184.6566384,1791654583802,False,False,,679793112.6717507,1284402249.4022543,1302324396.6992579,1606302694.8392982,1638489560.4942827,0.5292680801424308,0.486373734164633,0.4727649000264941,1,-6.000000000000005,-9.03225806451613,감소형,,,,,,,,,,,,,,NO_DATA,,0.0,,13.0,관찰,13.0
2026-10-11T02:58:38+09:00,FLOCK,KRW-FLOCK,,76.3,-0.78023407,806814333.4622831,1791654985976,False,False,,1208886598.270391,2911200644.3899403,3961933434.389673,3090438378.088611,2437561891.869028,0.4152536173004731,0.36399191259066865,0.3690110988135737,1,-13.69248035914702,-12.013729977116705,감소형,,,,,,,,,,,,,,NO_DATA,,0.0,,13.0,관찰,13.0
2026-10-11T02:58:38+09:00,ZBT,KRW-ZBT,ZBTUSDT,111.0,0.0,771860953.8624533,1791654926002,False,False,,815268235.2455349,1678726026.8052711,1677480049.1580229,912972996.6891007,514464073.767092,0.48564698600464623,0.5728981296202814,0.7581107780422931,1,-9.016393442622949,-5.128205128205132,감소형,306904.309,1.124,284167.88943,946009.95255,644210.22267,406933.3638,415205.74607,0.30038572920297124,0.4268593533916887,0.532792565955997,1,-9.720670391061448,-6.155632984901271,감소형,,0.0,,13.0,관찰,13.0
2026-10-11T02:58:38+09:00,CP,KRW-CP,,14.5,-2.02702703,767974846.0350299,1791654875290,False,False,,845554891.0895052,2079197286.3685083,1692574710.2813601,1253673793.106924,1057301066.5681438,0.40667371808970443,0.5047641103678642,0.6155878016507701,1,-9.756097560975597,-12.941176470588234,감소형,,,,,,,,,,,,,,NO_DATA,,0.0,,13.0,관찰,13.0
2026-10-11T02:58:38+09:00,POWR,KRW-POWR,POWRUSDT,82.6,-2.82352941,730098404.2974746,1791654430048,False,False,,151465100.886586,246798670.0879376,330222763.4206137,1210547688.498365,1249941766.8925343,0.6137192750374911,0.2541973326041822,0.23107606991977056,1,-3.9548022598870025,-9.38166311300639,감소형,163634.0691,-2.412,95529.8614,56834.106,94066.9036,145670.6535,241311.628,1.6808544749520649,0.9663417644300217,0.8186190125661169,2,-4.747320061255744,-10.115606936416189,중립,,0.0,,13.0,관찰,13.0
2026-10-11T02:58:38+09:00,CHZ,KRW-CHZ,CHZUSDT,21.2,0.0,702806610.6329074,1791654894426,False,False,,536065143.53037435,1513236382.5666997,1867558309.1486568,1350831784.819856,1809978179.748648,0.35425076326880206,0.3398821607255741,0.2875609191372421,1,-5.777777777777782,-7.826086956521738,감소형,998881.54416,1.568,766083.29875,1670069.59283,1552723.56053,1115640.89568,1239490.93475,0.45871339855475185,0.5297418078208547,0.5482744828599238,1,-6.155703077851548,-8.636897767332552,감소형,,0.0,,13.0,관찰,13.0
2026-10-11T02:58:38+09:00,MOVE,KRW-MOVE,MOVEUSDT,12.5,0.0,576904517.157587,1791655074736,False,False,,769335258.402853,1536638003.8347447,1478803789.747527,1532139847.1946652,1876798476.421831,0.5006613506127953,0.507523769230066,0.4429054471264829,1,-6.015037593984962,-9.420289855072472,감소형,335490.8772641,2.943,291842.0698378,302086.5323876,464529.6359139,271949.555529,425017.4162746,0.9660876555176727,0.8430147360190475,0.7579309800213578,1,-6.7124410739905604,-10.500442434372225,중립,,0.0,,13.0,관찰,13.0
2026-10-11T02:58:38+09:00,BLUR,KRW-BLUR,BLURUSDT,25.6,-2.29007634,516969497.5355771,1791654451121,False,False,,116164341.31442551,516882992.7738328,537921511.9252286,468047536.8288604,800232497.8958299,0.2247401112794097,0.22884233953130692,0.16699171854016592,1,-6.428571428571428,-11.186440677966104,감소형,505122.162603,-1.464,198183.175327,277849.349261,268747.969997,223006.128239,258576.8193,0.7132756504706983,0.772540102197655,0.7321724196194862,1,-7.256894049346885,-12.14482126489459,감소형,,0.0,,13.0,관찰,13.0
2026-10-11T02:58:38+09:00,VET,KRW-VET,VETUSDT,10.6,-1.85185185,503329503.70862913,1791654765262,False,False,,588518312.4980805,1590730759.3824098,865462556.0626662,441912761.55464137,686762554.1335176,0.36996726757617276,0.6092099083281464,0.7088334337002076,1,-6.896551724137923,-9.999999999999998,감소형,1639980.6586478,0.32,1843524.6506755,3044654.1181121,1343443.3086422,977662.9211117,1426474.6066332,0.6054955929833551,1.030715796732526,1.1316680193957431,1,-8.598022105875513,-11.291779584462503,감소형,,0.0,,13.0,관찰,13.0
2026-10-11T02:58:38+09:00,THETA,KRW-THETA,THETAUSDT,310.0,-0.95846645,461029157.2838865,1791654698478,False,False,,217225260.9314284,309818177.8161211,662208556.6158218,844212007.5938426,269908678.84063774,0.7011378817815941,0.35880513267073194,0.4455958419823681,1,-2.187499999999998,0.0,감소형,1028079.73492,3.78,601570.18452,1150168.72213,1140733.37205,1037592.48797,738399.47914,0.5230277723132228,0.5422002376805042,0.6282020317024498,1,-2.9623360135421106,-1.4187446259673275,감소형,,0.0,,13.0,관찰,13.0
2026-10-11T02:58:38+09:00,PRL,KRW-PRL,,154.0,-0.64516129,439023807.94729316,1791655080124,False,False,,318213355.0384822,1011658977.861188,1018424169.1551036,315449309.582448,468851380.7272711,0.3145460693792656,0.4070035622102504,0.4809893579872992,1,0.0,-1.273885350318471,감소형,,,,,,,,,,,,,,NO_DATA,,0.0,,13.0,관찰,13.0
2026-10-11T02:58:38+09:00,MANA,KRW-MANA,MANAUSDT,130.0,0.0,362428800.5906332,1791654881991,False,False,,528399747.41857404,1304202659.4367368,5502191067.181591,1247330256.6400034,1737670714.923269,0.4051515641340442,0.1968281065443704,0.1535466044887246,1,-6.474820143884896,-7.801418439716312,감소형,996124.2068,2.909,801431.3306,1539808.8746,4941233.1068,961694.0648,2343323.8498,0.5204745496795438,0.32303899760459037,0.31763599122382946,1,-7.045009784735812,-8.38958534233365,감소형,,0.0,,13.0,관찰,13.0
2026-10-11T02:58:38+09:00,HYPER,KRW-HYPER,HYPERUSDT,96.5,-0.82219938,347457477.21680355,1791655093679,False,False,,360006962.4608332,2114256239.2486703,548356671.4018991,253158392.2274443,395790077.5480641,0.17027593712518335,0.3704065837798953,0.5145731933016221,1,-0.10266940451746365,-0.4094165813715467,감소형,515383.56086,0.849,1214535.01848,2354909.7258,408486.7372,255405.44554,358528.5648,0.5157458925808306,1.2069705684008185,1.6868367686074408,1,-1.2499999999999956,-1.7955801104972524,감소형,,0.0,,13.0,관찰,13.0
2026-10-11T02:58:38+09:00,GRT,KRW-GRT,GRTUSDT,36.9,-1.07238606,336007219.8508742,1791655029634,False,False,,419698080.89708203,1015258270.3757193,865201318.3417417,318818317.25726175,993765510.1999106,0.4133904575254169,0.5725034745589433,0.5933935151280022,1,-5.089058524173029,-6.7500000000000115,감소형,822437.97829,0.63,761669.0482,1696399.88537,1437305.12582,1073429.56715,2666339.32484,0.4489914522918475,0.5431267058496594,0.484540946637276,1,-6.316512186749057,-7.585506264815445,감소형,,0.0,,13.0,관찰,13.0
2026-10-11T02:58:38+09:00,MASK,KRW-MASK,MASKUSDT,644.0,-0.61728395,301506519.9189747,1791654858425,False,False,,182132601.25989068,413147905.29738015,390342129.54245675,267611680.62028864,335672456.83305824,0.4408411586373487,0.5101269056832287,0.4485270544590961,1,-1.5197568389057725,-3.57142857142857,감소형,510398.9879,3.261,318702.9874,496581.6214,412714.4335,466378.5397,380667.0469,0.6417937629296242,0.695010990210228,0.7651335999254743,1,-2.263374485596714,-4.233870967741938,감소형,,0.0,,13.0,관찰,13.0
2026-10-11T02:58:38+09:00,IN,KRW-IN,,45.3,-0.87527352,301181868.5962674,1791655055810,False,False,,328022924.8012916,733057591.865825,889608951.1260549,967193625.3037552,618411049.6955235,0.44747224289211257,0.3799698479673063,0.4280462293114034,1,-5.186721991701249,-9.145129224652083,감소형,,,,,,,,,,,,,,NO_DATA,,0.0,,13.0,관찰,13.0
2026-10-11T02:58:38+09:00,CTC,KRW-CTC,,144.0,-0.68965517,280005961.851606,1791655110668,False,False,,327041717.77458465,538194260.0215127,1616151991.4863257,1910527988.8841631,441925923.0466579,0.6076648193191657,0.24136666851202213,0.33543468944600957,1,-8.805031446540879,-8.227848101265822,감소형,,,,,,,,,,,,,,NO_DATA,,0.0,,13.0,관찰,13.0
2026-10-11T02:58:38+09:00,BTT,KRW-BTT,,0.000499,0.0,259406410.20718446,1791654245858,False,False,,401754470.3853064,615325266.9232649,908806622.8215019,290679060.00108755,215164139.2932532,0.652913982216511,0.664126151170018,0.8339371651830462,1,-1.1881188118812003,-1.7716535433070835,감소형,,,,,,,,,,,,,,NO_DATA,,0.0,,13.0,관찰,13.0
2026-10-11T02:58:38+09:00,QKC,KRW-QKC,QKCUSDT,3.66,0.0,253789515.63629624,1791655063403,False,False,,166220433.691417,383347765.9929572,1110011356.198205,7283305260.966978,189079142.77467272,0.43360219736997446,0.05681672208306726,0.08999815689446088,1,-7.575757575757569,-3.6842105263157787,감소형,49887.245979,1.346,44723.034357,111712.123333,113393.661015,458384.331351,60151.553411,0.4003418162922763,0.19629999028411158,0.27665396202723946,1,-8.336192109777018,-5.079928952042623,감소형,,0.0,,13.0,관찰,13.0
2026-10-11T02:58:38+09:00,ZETA,KRW-ZETA,,64.0,-0.9287925699999999,242383150.0921193,1791655054237,False,False,,170493630.54655042,394925522.79318213,541576836.2629367,617474333.3590978,499737175.84009546,0.43171084345398447,0.3291432195451394,0.22329150897343228,1,-3.003003003003002,-6.240928882438334,감소형,,,,,,,,,,,,,,NO_DATA,,0.0,,13.0,관찰,13.0
2026-10-11T02:58:38+09:00,SKY,KRW-SKY,SKYUSDT,105.0,0.0,232509177.00696707,1791654409947,False,False,,251345928.09128532,731893242.8435577,737792165.0768347,644428867.2527342,1142178481.3693247,0.3434188394946154,0.3566684134007407,0.3166812858055759,1,-13.223140495867769,-21.052631578947366,감소형,1722221.47655,0.091,1883576.50797,3868301.5042,5053797.35794,4411132.89862,8925376.77308,0.4869259818359326,0.4238079428380015,0.3545340684144526,1,-14.680851063829802,-22.056265984654743,감소형,,0.0,,13.0,관찰,13.0
2026-10-11T02:58:38+09:00,TAIKO,KRW-TAIKO,,115.0,-0.8620689699999999,229954317.3367164,1791654648691,False,False,,107909278.13517693,284903876.13615227,358836975.59327465,190619476.22197926,372822525.5114206,0.37875679193500456,0.38799523846055267,0.30732492410303214,1,-4.918032786885251,-7.936507936507942,감소형,,,,,,,,,,,,,,NO_DATA,,0.0,,13.0,관찰,13.0
2026-10-11T02:58:38+09:00,KAT,KRW-KAT,KATUSDT,6.29,0.0,197032623.3751313,1791655105953,False,False,,141055461.13615066,477221412.0289623,342834355.84168637,313823038.0185973,285579607.254911,0.2955765554115373,0.37320248090939767,0.3994937388694906,1,-1.8720748829953227,-3.3794162826420893,감소형,461648.03494,1.316,523908.81385,733398.53741,502059.73671,464165.22644,393359.21628,0.7143575929401034,0.9247497701885976,1.1175379194633828,1,-2.748414376321351,-4.365904365904372,감소형,,0.0,,13.0,관찰,13.0
2026-10-11T02:58:38+09:00,XTZ,KRW-XTZ,XTZUSDT,405.0,-0.97799511,155485517.83463958,1791653299746,False,False,,134025279.24384655,316881178.03611314,338552018.55874515,240941208.65462336,457983385.7970629,0.4229512149458509,0.4485579188527061,0.3684729776543858,1,-9.312638580931266,-8.705357142857139,감소형,742536.48647,1.221,719283.7868,1279542.58015,977464.05534,450380.78388,913718.56574,0.5621413448512818,0.7970234865397006,0.8153981643185991,1,-10.384153661464591,-9.569957601453671,감소형,,0.0,,13.0,관찰,13.0
2026-10-11T02:58:38+09:00,ASTR,KRW-ASTR,ASTRUSDT,9.5,-0.5235602100000001,145930048.68250287,1791654284103,False,False,,69532577.3388705,177335837.26361296,453432796.88731915,180398648.5328409,224196735.0290988,0.39209546367951026,0.2571574772178424,0.2631615696757618,1,-5.44554455445544,-9.047619047619037,감소형,122547.7391201,2.091,132513.258032,366485.84213,425916.8295605,188499.4314394,307749.0317922,0.36157810970770016,0.4052797652564052,0.38016774258461566,1,-6.842737094837936,-9.404592035283432,감소형,,0.0,,13.0,관찰,13.0
2026-10-11T02:58:38+09:00,SUPER,KRW-SUPER,SUPERUSDT,302.0,-0.65789474,136584335.77724063,1791653622632,False,False,,225881132.754956,939252564.2409561,284226830.1911563,749293329.0346053,371737102.10398257,0.24049030192161222,0.343497956051449,0.2897925668044125,1,-5.000000000000004,-10.32448377581121,감소형,947571.4896,-0.496,1570649.8067,3418100.4434,1549628.1693,1685174.654,1756084.6024,0.45950955295440865,0.708254611739942,0.7559663180985393,1,-6.0862214708368505,-11.614956245027841,감소형,,0.0,,13.0,관찰,13.0
2026-10-11T02:58:38+09:00,1INCH,KRW-1INCH,1INCHUSDT,133.0,-0.74626866,135158632.06883278,1791654670364,False,False,,116641649.60752513,253603125.96378303,356009628.36286,288782008.8781611,275482359.8448655,0.45993774392269393,0.38950020987912204,0.39017721420642154,1,-4.964539007092195,-6.2937062937062915,감소형,434151.79766,0.823,436331.71689,852280.15734,811423.80146,650282.90219,616891.78665,0.511958084594869,0.5656882382253323,0.5506647133340778,1,-5.705996131528046,-7.4074074074074066,감소형,,0.0,,13.0,관찰,13.0
2026-10-11T02:58:38+09:00,HP,KRW-HP,,12.0,0.0,124126475.59936798,1791654930199,False,False,,39433247.24078951,290468528.2002961,594230060.6492265,208576488.9579805,223427063.82678565,0.13575738302911025,0.10820674880800492,0.13552050220113307,1,-9.090909090909083,-11.764705882352944,감소형,,,,,,,,,,,,,,NO_DATA,,0.0,,13.0,관찰,13.0
2026-10-11T02:58:38+09:00,ORDER,KRW-ORDER,,50.9,-0.5859375,108111173.03781527,1791653914907,False,False,,112066015.52006014,273536896.3952568,204117303.08569235,161257543.33716,289140897.93450344,0.4096925021702607,0.5262042063545108,0.5044967599446849,1,-2.2900763358778553,-1.538461538461533,감소형,,,,,,,,,,,,,,NO_DATA,,0.0,,13.0,관찰,13.0
2026-10-11T02:58:38+09:00,POKT,KRW-POKT,,11.1,-0.8928571399999999,103044967.12294412,1791654709297,False,False,,112769770.2290876,387517430.87872756,238984828.50737122,199796462.28692713,249250092.4322645,0.2910056715987534,0.4094273678679791,0.4320487463773957,1,-5.882352941176483,-8.196721311475407,감소형,,,,,,,,,,,,,,NO_DATA,,0.0,,13.0,관찰,13.0
2026-10-11T02:58:38+09:00,XRP,KRW-XRP,XRPUSDT,1911.0,0.10476689,44624204753.97044,1791655121656,False,False,,99495643528.14243,225115062016.20624,235086800024.86563,85767885870.36824,111816609989.57098,0.44197683903078705,0.546709651452783,0.6903902991514044,1,-5.914243469689506,-7.104622871046229,감소형,62491086.44883,0.985,120388354.69291,252445071.75706,238718904.80596,117180420.72288,149790145.02408,0.4768893044930007,0.5936851982036014,0.7117458301783313,1,-6.766415069133669,-8.207286597395768,감소형,,0.0,,12.9,관찰,12.9
2026-10-11T02:58:38+09:00,BTC,KRW-BTC,BTCUSDT,113104000.0,0.09114963999999999,33338411319.54396,1791655112859,False,False,,72960012277.66539,142652118464.73346,170951546647.47925,88086932206.02402,108438489244.53793,0.51145410992058,0.5448970881924575,0.6530269479661428,1,-2.559304641757709,-3.308861279392139,감소형,709347104.7053453,0.47,1016094089.6512578,1778910834.2706711,1745755734.9707692,1083162507.3845277,1391807556.3811734,0.5711888814640012,0.6615441281050825,0.7601726766882491,1,-3.406642179602004,-4.5006934011325495,감소형,,0.0,,12.9,관찰,12.9
2026-10-11T02:58:38+09:00,SOL,KRW-SOL,SOLUSDT,149700.0,0.13377925999999998,14304481790.469671,1791655122289,False,False,,25852905948.7101,55054394987.52799,33434819834.30134,19839066990.41259,21566254206.477856,0.4695884125975194,0.7159600110759402,0.876217751047985,1,-8.562691131498468,-8.95249695493301,감소형,109769603.08804,0.036,203067280.58074,389779430.22715,234192954.05018,175936491.98135,193703786.97465,0.5209799820950002,0.7615890507323388,0.8871027175872112,1,-9.593239996686275,-10.254934210526311,감소형,,0.0,,12.9,관찰,12.9
2026-10-11T02:58:38+09:00,LIT,KRW-LIT,,4950.0,-0.3823707,2183112793.089097,1791655091803,False,False,,1948165378.661079,3133043322.5207963,2250513760.582086,2918103430.1173406,8929323488.028978,0.621812460956849,0.7040153143670471,0.47019378248300786,1,-3.794772507260402,0.48533872598583994,감소형,,,,,,,,,,,,,,NO_DATA,,0.0,,12.9,관찰,12.9
2026-10-11T02:58:38+09:00,ETHFI,KRW-ETHFI,ETHFIUSDT,921.0,0.10869565,1299788185.169982,1791654916671,False,False,,1182145001.8721757,2449319032.287346,1502981150.0102217,2501520852.6045766,684175578.4474899,0.48264231253215134,0.5495093505750271,0.7303768763655577,1,-12.961210974456005,-8.910891089108908,감소형,4699677.69581,-1.199,5956912.24436,13816468.59517,8328572.77198,7822569.04126,4467545.24119,0.4311457883270139,0.596335059403496,0.7838127446101876,1,-13.884615384615396,-10.128445276960129,감소형,,0.0,,12.9,관찰,12.9
2026-10-11T02:58:38+09:00,ENS,KRW-ENS,ENSUSDT,8655.0,0.17361111,1070773594.6009723,1791655074427,False,False,,1908025315.6228354,3983651562.141757,2734132764.089469,1490950475.1843243,1970928751.5811164,0.4789639068224659,0.6973152483719441,0.8308321567662911,1,-5.418719211822665,-7.146695325094033,감소형,514941.8614,1.76,653319.9224,2795394.4724,1594136.2741,890341.4477,1116012.99,0.23371296210623504,0.37121348682512395,0.46581851429124865,1,-6.804733727810652,-8.430232558139538,감소형,,0.0,,12.9,관찰,12.9
2026-10-11T02:58:38+09:00,WCT,KRW-WCT,WCTUSDT,57.1,-1.38169257,701445196.2269757,1791655000557,False,False,,381424461.96138453,517129376.3165313,504459222.84918857,715427041.6047099,1341340896.9627316,0.7375803414577579,0.6587582512363716,0.5762768573529683,1,-0.5154639175257825,0.34662045060658286,감소형,1026265.725069,-0.262,474483.944078,496020.426491,371750.663071,534023.873225,519909.355915,0.9565814606358942,1.0154493845547443,1.1142906562747739,1,-1.556329849012772,-0.5864414731409862,중립,,0.0,,12.9,관찰,12.9
2026-10-11T02:58:38+09:00,BLEND,KRW-BLEND,,89.9,0.11135857,304521251.6907739,1791655071908,False,False,,415277534.9799614,3820115823.894762,382883654.49195075,129425124.53829858,239617959.166723,0.10870810051946782,0.287560135287471,0.42791965095220497,1,-0.22222222222222365,-3.0237580993520474,감소형,,,,,,,,,,,,,,NO_DATA,,0.0,,12.9,관찰,12.9
2026-10-11T02:58:38+09:00,NEWT,KRW-NEWT,NEWTUSDT,65.0,0.1540832,120110491.2071772,1791654694344,False,False,,121896241.12594178,290308925.0046328,350817710.6207252,240092864.02333635,191043198.81663635,0.4198845802759821,0.41498028984107854,0.48062019955031676,1,-2.844311377245501,-6.213872832369938,감소형,288759.885258,2.449,306725.301146,433707.272333,354070.160756,280196.980707,300837.528127,0.7072173346231018,0.8616085662271008,0.973346048639107,1,-4.01785714285714,-7.472613458528943,감소형,,0.0,,12.9,관찰,12.9
2026-10-11T02:58:38+09:00,ETH,KRW-ETH,ETHUSDT,3413000.0,0.2349486,19705020621.80393,1791655110668,False,False,,49276190231.54449,119471663316.22687,130889514495.43661,42774825175.8157,49982685382.4237,0.4124508595910015,0.5043002878801882,0.6620455134415711,1,-6.839945280437753,-7.573289902280134,감소형,240529955.252319,0.754,428233424.621484,1053681549.306711,1133065272.211513,626253789.874759,733041779.987097,0.40641636451093593,0.45670102902262616,0.5618235811699337,1,-7.777229943391816,-8.773203664180373,감소형,,0.0,,12.8,관찰,12.8
2026-10-11T02:58:38+09:00,MON,KRW-MON,,33.6,0.29850746,1251174715.7114594,1791654953943,False,False,,1360884145.0859938,3482050626.1291595,2862552445.362984,3694555038.021446,1953070781.9567327,0.39082836271074783,0.40667278976202825,0.49290311063455533,1,-12.987012987012992,-25.72062084257206,감소형,,,,,,,,,,,,,,NO_DATA,,0.0,,12.8,관찰,12.8
2026-10-11T02:58:38+09:00,LSK,KRW-LSK,LSKUSDT,323.0,0.31055901,647174720.873555,1791655100904,False,False,,784977754.8478208,1191339200.186121,2538317868.731381,12248076188.063297,1351595139.7339742,0.6589036562594305,0.14738844532371784,0.2089082338630458,1,-6.666666666666665,-11.780821917808215,감소형,1140119.96935,1.301,1373450.02181,1875812.68755,1911362.27617,3001062.99111,2744580.22126,0.732189323020234,0.6069837405299365,0.6157032474731576,1,-4.284559417946642,-13.260073260073257,감소형,,0.0,,12.8,관찰,12.8
2026-10-11T02:58:38+09:00,WAVES,KRW-WAVES,,370.0,0.27100271,464639753.2381667,1791655023637,False,False,,613731984.4915925,1310092916.317714,1453009692.612406,942124381.059545,522412467.8300607,0.46846447060916313,0.49691853115857637,0.613244746673471,1,-7.518796992481203,-9.113300492610843,감소형,,,,,,,,,,,,,,NO_DATA,,0.0,,12.8,관찰,12.8
2026-10-11T02:58:38+09:00,RENDER,KRW-RENDER,RENDERUSDT,2614.0,0.34548944000000004,763492075.5056014,1791655035319,False,False,,1201471593.2084851,1704414191.1089888,2182249673.9805117,2978446602.4954267,1042242601.0395665,0.7049176188956391,0.5250337626239903,0.6781795547522486,1,-10.079392474974114,-2.5439580995136546,감소형,3854917.52227,2.399,5677495.92934,8627726.15344,11029234.77471,10666672.46118,8878658.5344,0.6580524031904165,0.561690202797836,0.6735431500682637,1,-11.256422232601594,-3.7487335359675855,감소형,,0.0,,12.7,관찰,12.7
2026-10-11T02:58:38+09:00,CRV,KRW-CRV,CRVUSDT,491.0,-0.20325203,307792064.2772283,1791654994811,False,False,,586054051.9463382,2298383585.087356,702437276.1577263,430670758.0020595,734678962.4045687,0.2549853104367971,0.5123609062535754,0.6370559236101184,1,0.8196721311475308,-3.90625,감소형,3079663.92044,0.614,7217041.04015,13359296.34947,4894269.37936,3179174.62867,3206360.94292,0.540226135520702,1.0101892132927173,1.3449215641148318,1,-0.38813418353202955,-5.172868830826072,감소형,,0.0,,12.7,관찰,12.7
2026-10-11T02:58:38+09:00,CBK,KRW-CBK,,280.0,0.35842294,290842423.7267686,1791655117555,False,False,,609828027.0485471,4807439083.975553,356028203.2213994,122250339.81619354,169131688.93947423,0.12685091093119888,0.346118391152016,0.5310994792677695,1,-4.778156996587035,-6.375838926174493,감소형,,,,,,,,,,,,,,NO_DATA,,0.0,,12.7,관찰,12.7
2026-10-11T02:58:38+09:00,HOLO,KRW-HOLO,HOLOUSDT,84.0,0.35842294,242138863.47506437,1791655038163,False,False,,248994150.96273395,525031177.2856908,683968535.6409742,270007514.4790868,394625762.8896851,0.47424640999413664,0.5050566616895066,0.5634045173917774,1,-5.209513023782552,-6.270996640537508,감소형,299276.36966,2.662,194202.38409,531328.20806,418236.22489,191176.41668,284939.26779,0.36550362119691904,0.5107270003164777,0.6114016131147681,1,-6.125574272588052,-6.980273141122916,감소형,,0.0,,12.7,관찰,12.7
2026-10-11T02:58:38+09:00,MTL,KRW-MTL,MTLUSDT,432.0,-0.46082948999999995,113130581.6021049,1791654614093,False,False,,117238772.93809111,171865557.0808663,302869060.1265833,691919070.3394201,147587123.3111198,0.682153975056956,0.3014744843037607,0.38717372957288393,1,0.6960556844547661,0.23094688221709792,감소형,139118.8988,0.476,176299.22362,283032.49541,261674.59384,336662.18327,202685.80956,0.6228939308350919,0.6000863512608994,0.7628171724687121,1,-0.3144654088050314,-0.7824726134585291,감소형,,0.0,,12.7,관찰,12.7
2026-10-11T02:58:38+09:00,SLX,KRW-SLX,,81.8,0.49140049,816364193.4629986,1791655077900,False,False,,1023100730.171668,2335237393.107939,3310408960.5268464,3164110096.1452074,3397558921.9753513,0.4381142290677505,0.34839807524890815,0.35648792528574386,1,-1.6908212560386326,-2.3980815347721784,감소형,,,,,,,,,,,,,,NO_DATA,,0.0,,12.6,관찰,12.6
2026-10-11T02:58:38+09:00,MORPHO,KRW-MORPHO,MORPHOUSDT,3287.0,0.48914704999999997,515252416.20762765,1791654848578,False,False,,650030140.935694,1653379584.0546412,1250575883.2391798,1696702696.2041683,845314763.2687933,0.39315239356083137,0.4238720534116758,0.48607980116067473,1,-10.481663929939788,-11.76153223630968,감소형,1855018.93358,1.047,2475453.21804,5651923.1813,3528738.62631,3475177.77245,2421249.88916,0.4379842291965866,0.5867931247975563,0.6834077723726139,1,-11.255572065378916,-12.842028456767618,감소형,,0.0,,12.6,관찰,12.6
2026-10-11T02:58:38+09:00,BSB,KRW-BSB,,139.0,-0.7142857100000001,482054889.8739,1791654527497,False,False,,356150297.34333354,528958044.4857361,496004875.074802,184179418.9326748,211395736.66282874,0.6733053803720676,0.883643602589802,0.7840425929390349,1,0.7194244604316502,0.7194244604316502,감소형,,,,,,,,,,,,,,NO_DATA,,0.0,,12.6,관찰,12.6
2026-10-11T02:58:38+09:00,POLYX,KRW-POLYX,POLYXUSDT,56.1,0.53763441,324753778.0999264,1791654843163,False,False,,190425089.37696314,366138440.0750109,646217498.6264638,743624589.316862,403936468.61209923,0.5200904044326804,0.32533120898304396,0.3846361385776187,1,-3.2928942807625705,-3.460207612456745,감소형,267286.11137,3.518,239657.74449,368131.84342,271625.43427,426662.61806,192497.33369,0.6510106332110356,0.6741933794890004,0.846831313907641,1,-4.470588235294127,-4.918032786885251,감소형,,0.0,,12.6,관찰,12.6
2026-10-11T02:58:38+09:00,DOOD,KRW-DOOD,,2.15,0.46728971999999996,286260376.6244417,1791655104369,False,False,,302226302.33847475,737383455.0090756,596388708.7170901,1269843646.6200511,607527202.2138863,0.40986314553905334,0.34823836274632936,0.4299844692502395,1,-5.726872246696035,-8.936170212765958,감소형,,,,,,,,,,,,,,NO_DATA,,0.0,,12.6,관찰,12.6
2026-10-11T02:58:38+09:00,MEW,KRW-MEW,,0.649,0.46439628,247688776.17558342,1791653679234,False,False,,133712578.35823081,443352352.005334,604472471.9203143,286540937.91166466,558146149.0088938,0.30159438142920264,0.3006205244073098,0.2849434289710029,1,-8.368794326241124,-12.108843537414959,감소형,,,,,,,,,,,,,,NO_DATA,,0.0,,12.6,관찰,12.6
2026-10-11T02:58:38+09:00,ARDR,KRW-ARDR,,38.2,0.52631579,188303777.14995226,1791653664042,False,False,,176433966.9580238,259768781.44020984,438689158.8059133,368880508.2922272,289664275.0929747,0.6791961912429921,0.4959082113072151,0.546060017860336,1,-4.282115869017645,-6.8627450980392135,감소형,,,,,,,,,,,,,,NO_DATA,,0.0,,12.6,관찰,12.6
2026-10-11T02:58:38+09:00,RED,KRW-RED,REDUSDT,204.0,0.49261084000000005,156600846.64449063,1791654505738,False,False,,102814668.0488992,501690013.2801277,594904548.19537,433943342.23311085,402164242.25551546,0.20493664479522095,0.20152653743452845,0.2130291887855653,1,-6.451612903225811,-15.416666666666668,감소형,328043.62256,2.103,291984.22091,393017.44091,517196.47979,324156.06812,518460.68362,0.742929423778075,0.7096354177950889,0.703851697981785,1,-7.562499999999995,-16.29881154499151,감소형,,0.0,,12.6,관찰,12.6
2026-10-11T02:58:38+09:00,JPYC,KRW-JPYC,,8.55,-0.46565774000000004,153679935.88625315,1791653425205,False,False,,236796081.82667407,1715474751.2389517,895396005.2803743,1596154004.4048905,610218024.3982232,0.13803530576923675,0.1688576335652375,0.21688964074546738,1,0.5854800936768267,0.9400705052879044,감소형,,,,,,,,,,,,,,NO_DATA,,0.0,,12.6,관찰,12.6
2026-10-11T02:58:38+09:00,MIRA,KRW-MIRA,MIRAUSDT,68.0,0.59171598,882638168.3606281,1791654740371,False,False,,680368503.6856174,2082834007.4777112,3473003688.8502293,7103847143.264991,1530127023.7877398,0.32665517330857113,0.16122877756587844,0.21689712841179437,1,-10.106382978723417,-3.9772727272727404,감소형,652974.996521,0.707,503415.870245,1104531.207904,1467217.092122,3809271.075472,569533.183614,0.4557733331956286,0.23667811079434847,0.3420311812900816,1,-10.868387795630985,-5.276285495011512,감소형,,0.0,,12.5,관찰,12.5
2026-10-11T02:58:38+09:00,IOTA,KRW-IOTA,IOTAUSDT,70.6,0.56980057,629760582.778267,1791654754893,False,False,,748074062.5425432,2417052983.818796,1626341896.9644322,1798392008.524948,3134825485.9328523,0.3094984129643,0.3841670759566865,0.1485583789602998,1,-9.999999999999998,-12.030075187969913,감소형,670270.2475,1.381,777847.8735,1756270.0286,1506701.4113,925993.7675,1670609.1387,0.44289765288544874,0.5570692295027152,0.3127384508800469,1,-10.9375,-13.197969543147215,감소형,,0.0,,12.5,관찰,12.5
2026-10-11T02:58:38+09:00,OPEN,KRW-OPEN,OPENUSDT,151.0,0.66666667,477518250.483402,1791655079496,False,False,,1132063729.3900497,1549778012.3884573,1934523732.6048243,1533977377.9178624,2354556016.2854977,0.7304683124555092,0.6767641067761077,0.40793585857315906,1,-7.4074074074074066,-7.4074074074074066,감소형,735909.26717,2.03,1562818.22493,2423507.8205,2005558.63203,1605370.94189,2243482.99931,0.6448579252397755,0.7769497582534173,0.5601076102321458,1,-8.626465661641546,-8.549874266554902,감소형,,0.0,,12.5,관찰,12.5
2026-10-11T02:58:38+09:00,F,KRW-F,FUSDT,4.42,0.6833713,164558374.308835,1791654996097,False,False,,273040665.2878235,513708132.1547361,783487541.8577425,372639249.54386884,509540427.30297107,0.5315093302933733,0.49054070214254314,0.5505235832788645,1,-4.148471615720528,-6.196581196581197,감소형,81608.24302,1.69,103753.445551,356100.587918,306498.608805,175647.68321,254490.184454,0.291359938936387,0.37132298861390167,0.41208622935008477,1,-4.890337877889738,-7.2543352601156075,감소형,,0.0,,12.5,관찰,12.5
2026-10-11T02:58:38+09:00,USDT,KRW-USDT,,1361.0,-0.51169591,32854808321.164577,1791655119134,False,False,,66817153957.825424,132729666074.5928,107137240698.59589,58080427362.25045,54774518938.8202,0.50340783589612,0.6727748125524635,0.8571200552602982,1,1.0339734121122657,1.183431952662728,감소형,,,,,,,,,,,,,,NO_DATA,,0.0,,12.4,관찰,12.4
2026-10-11T02:58:38+09:00,XLM,KRW-XLM,XLMUSDT,268.0,0.7518796999999999,8392726048.617168,1791655080756,False,False,,11548260484.97193,26487066779.545277,26804440342.896217,16382954177.810324,28193994027.92959,0.4359962007529694,0.49723788039952277,0.528141314631165,1,-7.317073170731703,-12.211221122112214,감소형,5988986.4619,2.066,9520405.3631,23225551.0658,18561710.1769,9937871.4858,23118495.3577,0.4099108493110827,0.5521728912560735,0.5734781039262618,1,-8.156529938708157,-13.074520303435966,감소형,,0.0,,12.4,관찰,12.4
2026-10-11T02:58:38+09:00,VIRTUAL,KRW-VIRTUAL,VIRTUALUSDT,1002.0,0.70351759,4243933022.231844,1791655077893,False,False,,5284984121.096737,8243793315.7478,6340266639.743583,5149127905.643521,9298253504.28612,0.641086441480894,0.8034663468905097,0.7228828824699419,1,-8.631772268135906,-12.795793163891322,감소형,4330641.76795,3.021,4821914.50512,8908888.46441,9601667.5506,6252655.78778,12209416.21662,0.5412476005713847,0.5841626534781803,0.5141528712958235,1,-9.401070850454484,-13.73013990988855,감소형,,0.0,,12.4,관찰,12.4
2026-10-11T02:58:38+09:00,ARB,KRW-ARB,ARBUSDT,252.0,0.8,2500318330.97577,1791654676027,False,False,,3848898281.0072484,5333740232.127847,8403677314.166893,3994823989.4605346,6304200425.618201,0.7216133732616682,0.6511694993404529,0.7170707622340247,1,-7.749077490774903,-9.420289855072461,감소형,6879480.18256,3.228,9867112.23984,20310581.04725,16065340.51124,12363409.19371,18164143.09089,0.48581142099703656,0.6073398272540674,0.6606055895347713,1,-8.512769153730593,-10.485056344928957,감소형,,0.0,,12.4,관찰,12.4
2026-10-11T02:58:38+09:00,ME,KRW-ME,MEUSDT,100.0,0.70493454,714257857.8782283,1791655112854,False,False,,519204801.6382736,1226067869.5978856,1253542445.7701786,743020287.4893937,663689354.1198916,0.4234715014663565,0.4833363164657183,0.554767383703466,1,-2.6470588235294135,-5.428571428571427,감소형,603362.9250388,2.661,379405.3440497,818704.7786014,330003.0970586,389046.4703897,325601.9697544,0.4634214358658578,0.740180663493513,0.9035379010809658,1,-3.3617929562433257,-6.480764265427307,감소형,,0.0,,12.4,관찰,12.4
2026-10-11T02:58:38+09:00,AGLD,KRW-AGLD,AGLDUSDT,277.0,0.72727273,430022679.98726755,1791654883902,False,False,,148236848.13877276,489812370.6628421,475702126.7815502,289815528.16449994,364302714.1428033,0.3026400659055838,0.35425787270611436,0.3866250436004617,1,-3.508771929824561,-4.181184668989546,감소형,347022.37107,3.452,176558.54894,260972.76871,265185.96154,220812.16787,117846.67138,0.6765401226064189,0.70909810295569,0.846850724987811,1,-3.908484270734025,-4.860783388390755,감소형,,0.0,,12.4,관찰,12.4
2026-10-11T02:58:38+09:00,NCT,KRW-NCT,,13.2,0.76335878,284162436.3906311,1791653256254,False,False,,203128935.59936002,297865802.88859975,347188745.3980149,464866452.381758,400048797.49365884,0.6819478222390275,0.549036198460178,0.5692237668481763,1,-5.072463768115954,-8.391608391608397,감소형,,,,,,,,,,,,,,NO_DATA,,0.0,,12.4,관찰,12.4
2026-10-11T02:58:38+09:00,ORBS,KRW-ORBS,,9.9,0.7121058,201149864.52256194,1791653210268,False,False,,79106335.69328429,138123964.58334196,327600127.2230467,152047372.8340687,69718798.26145488,0.5727198457697954,0.3841533975965892,0.5427221338286681,1,-1.1066398390341958,-1.7000000000000015,감소형,,,,,,,,,,,,,,NO_DATA,,0.0,,12.4,관찰,12.4
2026-10-11T02:58:38+09:00,AVAX,KRW-AVAX,AVAXUSDT,14260.0,0.92002831,4298476365.87722,1791654848572,False,False,,6206377210.32947,12016283265.966864,14011198139.714058,14366514077.04796,5677841654.983336,0.5164972456922259,0.46093810251945305,0.6338925238296248,1,-10.171646535282896,-5.9254327563249,감소형,22798337.41769,2.433,28095907.48845,61644206.23246,78512477.3343,66053196.32928,35657009.14241,0.4557753145932396,0.40874725550416574,0.5392420577847701,1,-10.966574776016536,-6.9170494460956355,감소형,,0.0,,12.3,관찰,12.3
2026-10-11T02:58:38+09:00,ANIME,KRW-ANIME,ANIMEUSDT,4.38,0.9216589900000001,244133212.88206092,1791654797900,False,False,,158247516.07628208,292820758.68183756,426549840.4969136,478194275.1345905,453643236.96713644,0.5404245135783726,0.39642324053722233,0.36820923937827466,1,-2.9082774049216997,-4.824561403508765,감소형,153639.796429,2.54,112243.208473,190345.254795,141172.400622,133461.050365,127257.261279,0.589682199295616,0.7241828953278387,0.8080998876346223,1,-4.229607250755285,-6.213017751479288,감소형,,0.0,,12.3,관찰,12.3
2026-10-11T02:58:38+09:00,MEGA,KRW-MEGA,MEGAUSDT,57.5,1.05448155,767052733.0090423,1791654909304,False,False,,831756500.9698958,1653862124.2628484,1692798830.7260442,2571548745.8098526,8169465127.522542,0.5029176790299992,0.4216257329599044,0.24972574174846765,1,-9.39490445859873,-14.436090225563913,감소형,1248943.867245,2.547,1286800.174876,1852982.719571,1769027.939119,1899212.02568,3867534.391399,0.6944480168567996,0.6991930493143099,0.532500016370431,1,-10.229238754325266,-15.612929457206748,감소형,,0.0,,12.2,관찰,12.2
2026-10-11T02:58:38+09:00,LAYER,KRW-LAYER,LAYERUSDT,102.0,0.99009901,451982581.86966634,1791654748317,False,False,,340131754.9787812,827223025.089354,742853140.0311446,537338992.6627241,450127902.3611871,0.4111729783416525,0.48419280898107014,0.595881121441033,1,-3.809523809523807,-5.607476635514019,감소형,615945.042268,3.448,144701.17923,532703.520447,399953.700836,245846.737181,333739.109916,0.2716354851730263,0.3683513615480662,0.42183456191088337,1,-5.677419354838708,-6.997455470737924,감소형,,0.0,,12.2,관찰,12.2
2026-10-11T02:58:38+09:00,TRUST,KRW-TRUST,,77.1,1.04849279,399843175.7072767,1791655082340,False,False,,343594435.4832569,718357273.9254576,571053775.2919148,289645611.31936264,482499527.6535446,0.4783057789694087,0.6527842427765692,0.763970639319764,1,-3.417721518987349,-7.064555420219243,감소형,,,,,,,,,,,,,,NO_DATA,,0.0,,12.2,관찰,12.2
2026-10-11T02:58:38+09:00,IO,KRW-IO,IOUSDT,209.0,0.96618357,222731658.24898115,1791653766669,False,False,,213153055.1492297,298649897.2282087,423325621.3186746,273976444.63244057,248776486.3622785,0.713722178134058,0.642058240847659,0.5490837667631668,1,-11.91489361702127,-11.91489361702127,감소형,918608.989345,3.351,980772.265424,2405285.482518,2430611.123509,1612907.97687,1399729.314416,0.407757113470484,0.45625770768048635,0.41733834039282874,1,-12.101910828025474,-12.658227848101278,감소형,,0.0,,12.2,관찰,12.2
2026-10-11T02:58:38+09:00,BREV,KRW-BREV,BREVUSDT,120.0,-1.6393442599999999,2047641094.1033595,1791654175454,False,False,,222333556.66826412,411295291.9419185,1047585577.7817035,4502672613.151255,648684984.7783673,0.5405691750530934,0.11188370144138009,0.16520819885212032,1,-3.1746031746031744,4.2735042735042805,감소형,2104614.44033,2.921,257457.47857,478907.88082,555574.62843,1216757.07496,296942.77224,0.5375929043580862,0.3430876220937805,0.4869579305757605,1,-3.2432432432432434,3.587962962962954,감소형,,0.0,,12.1,관찰,12.1
2026-10-11T02:58:38+09:00,B3,KRW-B3,,0.99,1.12359551,539342579.8612523,1791655056128,False,False,,506593411.2674393,785711597.3118685,1065012611.570501,1248176234.8853145,6434129674.505938,0.6447574568081114,0.49042564011980616,0.15393722485134817,1,-8.504672897196263,-12.589285714285726,감소형,,,,,,,,,,,,,,NO_DATA,,0.0,,12.1,관찰,12.1
2026-10-11T02:58:38+09:00,BIRB,KRW-BIRB,,82.6,1.10159119,497885221.51687837,1791654992920,False,False,,272934608.5927416,529853906.7244401,678228208.5878501,424046808.7511292,1093760753.8208194,0.5151129493033748,0.5016783991179417,0.42002255420708773,1,-3.88235294117647,-5.549132947976876,감소형,,,,,,,,,,,,,,NO_DATA,,0.0,,12.1,관찰,12.1
2026-10-11T02:58:38+09:00,KAITO,KRW-KAITO,KAITOUSDT,434.0,1.16550117,483119119.3054768,1791655016268,False,False,,558273200.1658735,1209512538.8854842,1172292186.1978178,956310846.4943767,969938106.0829109,0.46156875784049267,0.5017260680720105,0.5248647939171639,1,-5.088495575221241,-8.333333333333337,감소형,664485.78752,2.87,645666.26506,1921676.48504,1743134.51003,734870.75475,1106858.15422,0.33599113590993457,0.4402588426445269,0.48836805812223155,1,-6.049715483677742,-9.64861751152074,감소형,,0.0,,12.1,관찰,12.1
2026-10-11T02:58:38+09:00,ARK,KRW-ARK,ARKUSDT,293.0,0.0,2504744575.4595246,1791654765260,False,False,,3817734496.1972027,7663691727.337057,11505399210.505716,3003266005.9761114,5110274495.852327,0.498158672350952,0.5165532702550363,0.5228597673089728,1,2.807017543859658,-2.98013245033113,감소형,1031284.0236,-0.735,1481244.8978,3599889.3163,3697335.7003,899604.9491,1275177.3705,0.4114695668816944,0.5421284462401935,0.6629321563019879,1,2.732502396931924,-4.0304523063143805,감소형,,0.0,,12.0,관찰,12.0
2026-10-11T02:58:38+09:00,ONG,KRW-ONG,ONGUSDT,121.0,0.8333333300000001,1933679368.3859918,1791654638659,False,False,,711792268.1275293,1120897662.4964066,933542793.2814658,784926315.3949425,691372173.0597999,0.6350198523407227,0.7520609264228867,0.8796353795305709,1,0.8403361344537785,-2.4390243902439046,감소형,1235654.71654,1.052,408339.4108,728200.92014,639046.88336,492317.67751,494883.54732,0.5607510228378932,0.6587658487479809,0.7908470045012623,1,0.70655270655271,-2.213123824277974,감소형,,0.0,,12.0,관찰,12.0
2026-10-11T02:58:38+09:00,BIO,KRW-BIO,BIOUSDT,39.5,1.28205128,263794422.63845798,1791654983136,False,False,,397960932.3174206,765805131.5345953,1298801660.2040112,410034700.51066214,965027373.2667061,0.5196634443020087,0.482446770852092,0.5502015263333857,1,-10.138248847926267,-6.25,감소형,1030721.534584,2.729,867467.672707,2088032.755794,3353201.660007,1911817.355843,2760014.264862,0.4154473488502027,0.3539214871513346,0.3991354529411954,1,-11.093750000000002,-7.539811504712379,감소형,,0.0,,12.0,관찰,12.0
2026-10-11T02:58:38+09:00,XAUT,KRW-XAUT,XAUTUSDT,5691000.0,-0.68062827,196539164.00299,1791654747061,False,False,,305013344.72999,569643576.61209,937349777.60718,482060099.79344,703784468.67383,0.5354459476994943,0.46003793027481044,0.4933815530301324,1,1.4518413597733648,2.303160149973227,감소형,5706141.22368,-0.201,42298282.262699,26889257.089329,49562782.645015,26997777.256684,23497058.268151,1.5730550725957049,1.2266319117713116,1.607817617371557,2,0.4391005876269727,0.9993992023143994,중립,,0.0,,12.0,관찰,12.0
2026-10-11T02:58:38+09:00,PUNDIX,KRW-PUNDIX,PUNDIXUSDT,157.0,1.29032258,114002475.21880981,1791654991944,False,False,,99321848.63602188,135087901.58510166,517678174.7734744,205075897.71458122,164005260.63818887,0.73523866660592,0.3473431644913367,0.35070539274719364,1,-5.487804878048785,-6.060606060606055,감소형,48673.85784,2.855,89915.90224,179845.00249,296002.61052,109750.12626,198789.7864,0.4999633072650969,0.4606365233859418,0.49159036530259415,1,-6.291390728476831,-7.667210440456773,감소형,,0.0,,12.0,관찰,12.0
2026-10-11T02:58:38+09:00,AI,KRW-AI,AIUSDT,28.4,1.42857143,1069633221.8850186,1791654900276,False,False,,376616902.9589412,545743327.000838,765842295.4986007,977009885.4520509,422780521.4253645,0.6900989610421071,0.4936873750521985,0.6192835954288862,1,-6.35451505016722,-1.7543859649122862,감소형,1908182.62731,2.941,730948.59235,561254.94974,621479.99585,1037069.5795,1069441.69834,1.302346808145942,0.9878553504440187,0.9113533157442847,2,-2.8846153846153855,2.020202020202011,중립,,0.0,,11.9,관찰,11.9
2026-10-11T02:58:38+09:00,FF,KRW-FF,FFUSDT,147.0,1.37931034,772702017.3512704,1791653949054,False,False,,470945046.8834319,639379514.2662461,676164545.6173617,782979273.2715137,787688745.858708,0.7365657428419331,0.6732520522066837,0.6599024940757287,1,-3.9735099337748325,-7.051282051282048,감소형,753728.27829,1.037,655588.086224,1035693.138746,768757.043919,835188.8692,797983.658894,0.6329945248239986,0.7450883321651157,0.6517119008699452,1,-4.282229650374914,-8.021529646670711,감소형,,0.0,,11.9,관찰,11.9
2026-10-11T02:58:38+09:00,T,KRW-T,TUSDT,7.4,1.36986301,381511498.1203713,1791654986913,False,False,,427769827.7210405,739905453.186587,1099714904.264055,5085322446.26249,623463303.5961863,0.5781412015261453,0.18531697943772402,0.2555309122646777,1,-0.6802721088435382,-2.406417112299475,감소형,330911.576406,3.226,226500.058543,503349.32159,418647.502525,995663.088843,406840.376207,0.4499858226241818,0.3543382072271968,0.467171650850225,1,-1.4760147601476037,-3.2608695652173836,감소형,,0.0,,11.9,관찰,11.9
2026-10-11T02:58:38+09:00,NXPC,KRW-NXPC,NXPCUSDT,303.0,1.33779264,104028422.11984219,1791654941667,False,False,,82660472.72149427,248166655.43304634,455570309.25143445,251981426.7475696,211877229.01703063,0.3330845257081506,0.25947122121706473,0.30310545200333155,1,-5.0793650793650835,-6.269592476489027,감소형,231208.50919,3.349,134568.805,233347.61007,325190.488,135553.88041,209537.91393,0.5766881647497132,0.5816324457229448,0.6438619444361932,1,-6.67808219178082,-7.3916737468139315,감소형,,0.0,,11.9,관찰,11.9
2026-10-11T02:58:38+09:00,PEPE,KRW-PEPE,PEPEUSDT,0.0055,1.47601476,821665573.0709848,1791655104056,False,False,,1534535292.8348155,2777266878.0269394,2865749927.4686394,2768629671.4211035,4574508717.405985,0.5525343296950271,0.5472895099832956,0.5317769749117475,1,-6.712564543889843,-8.907563025210086,감소형,9806164.55957355,2.799,18476696.18162297,40337195.10164022,27939287.93953724,22129199.36605726,27716101.41400485,0.4580560481477717,0.6131261561102173,0.6947120898523649,1,-7.476635514018682,-10.204081632653061,감소형,,0.0,,11.8,관찰,11.8
2026-10-11T02:58:38+09:00,ID,KRW-ID,IDUSDT,51.2,-2.1032504800000003,605551111.5402133,1791655077568,False,False,,727443671.927978,1907316714.0138094,1205083664.8700166,1222291125.9496126,535680144.92989624,0.38139637039992463,0.5034570541757136,0.680656802934759,1,-0.5703422053232043,5.656565656565649,감소형,327994.8888,0.266,469996.3637,948674.1338,518906.3147,594882.8048,529437.0457,0.4954244528807664,0.6836432546587083,0.8120744541972666,1,-2.051282051282055,4.371584699453535,감소형,,0.0,,11.8,관찰,11.8
2026-10-11T02:58:38+09:00,2Z,KRW-2Z,2ZUSDT,50.8,1.6,3637422479.2679653,1791655026169,False,False,,2689702288.2704616,4818761999.560666,4125694427.1899996,3962888917.1224546,4112510087.7652497,0.5581728851758369,0.625156192062502,0.6427988872645488,1,-10.873440285204994,-18.43393148450244,감소형,1253972.35597,2.423,962774.81542,2920716.89943,3092482.39461,2569907.29574,3846077.5854,0.32963647233591614,0.3365127085453139,0.33407398801728244,1,-11.592449177153929,-19.18141592920354,감소형,,0.0,,11.7,관찰,11.7
2026-10-11T02:58:38+09:00,QUID,KRW-QUID,,89.9,-2.91576674,3567119456.8858466,1791654874298,False,False,,15601738813.307987,42186769163.71085,824641975.8887994,974649772.9009237,1489365024.321297,0.3698254007734879,1.0640920207206412,1.6783711451461145,1,11.164465786314516,6.071019473081329,감소형,,,,,,,,,,,,,,NO_DATA,,0.0,,11.7,관찰,11.7
2026-10-11T02:58:38+09:00,PUMP,KRW-PUMP,PUMPUSDT,7.6,1.60427807,1750550788.8732824,1791655100282,False,False,,3067944746.5227656,7117134334.742392,8147923596.636858,2139696991.6225896,6480707199.913941,0.4310646114330806,0.5288114817063388,0.4434796783486838,1,-10.526315789473673,-15.000000000000002,감소형,16008559.545211,2.647,23322827.648239,69995887.024095,56016581.737091,21861928.246379,30308201.10609,0.33320283004929246,0.4731615773969144,0.5288729554483771,1,-11.691461836998718,-16.255175586566484,감소형,,0.0,,11.7,관찰,11.7
2026-10-11T02:58:38+09:00,VVV,KRW-VVV,,30680.0,1.62305399,1131852871.0253646,1791655006226,False,False,,1003583931.893892,3250339249.475979,729094869.1728216,1097073661.397349,1035697372.2479391,0.3087628259283059,0.5930753829464842,0.7049963031541653,1,-17.693565976008728,-25.43837984687577,감소형,,,,,,,,,,,,,,NO_DATA,,0.0,,11.7,관찰,11.7
2026-10-11T02:58:38+09:00,BERA,KRW-BERA,BERAUSDT,302.0,1.6835016800000002,477968957.99507844,1791654203268,False,False,,418035189.7087111,1152135151.4704695,1427395434.791495,1182786022.8899927,1543975981.061052,0.3628352013868972,0.3333333420359894,0.34618912765832743,1,-7.7639751552795015,-3.2573289902280145,감소형,415447.7048828,3.647,494291.9415353,1370795.7871009,1022100.0805733,998899.5455104,1026764.834405,0.36058758437001,0.4371949495661382,0.5054902823234437,1,-8.834665544804377,-4.621478873239438,감소형,,0.0,,11.7,관찰,11.7
2026-10-11T02:58:38+09:00,BSV,KRW-BSV,,26550.0,1.6073478799999998,453872353.2956643,1791654577850,False,False,,372029019.9794317,696015419.7095098,846258949.473483,674056664.4252181,505075385.1015281,0.5345126119974501,0.5035741696588046,0.5569484517536092,1,-3.933823529411762,-4.495614035087714,감소형,,,,,,,,,,,,,,NO_DATA,,0.0,,11.7,관찰,11.7
2026-10-11T02:58:38+09:00,HOME,KRW-HOME,HOMEUSDT,7.95,1.01651842,197366576.9895596,1791655081086,False,False,,279177419.01205856,524055681.38868177,1244400342.642315,3656880166.4371295,348538844.1842277,0.5327247254953394,0.15437425951734596,0.23004994239174315,1,-1.6249999999999987,2.207792207792214,감소형,400358.24904,-0.171,512729.6983,1071596.20436,1123693.98022,1658538.98159,482767.21901,0.47847285779275656,0.39913266223699223,0.5392523801751024,1,-2.5423728813559365,1.232394366197176,감소형,,0.0,,11.7,관찰,11.7
2026-10-11T02:58:38+09:00,ENA,KRW-ENA,ENAUSDT,300.0,1.6949152499999998,12293105294.793161,1791655110670,False,False,,15217858335.161541,24588973167.008278,22147220245.770554,14022733540.380547,27460952627.0528,0.6188895417389683,0.7513887636738571,0.7955866950235561,1,-9.509202453987731,-9.509202453987731,감소형,24884816.682166,2.417,35046661.893429,65842199.954079,42316701.113198,34088020.159612,62929656.12413,0.5322826685297872,0.7391371621504899,0.7582744702414553,1,-10.486891385767795,-10.894780447390218,감소형,,0.0,,11.6,관찰,11.6
2026-10-11T02:58:38+09:00,LINK,KRW-LINK,LINKUSDT,17840.0,1.7103762799999997,4095070768.5508075,1791654810089,False,False,,4092870481.7207513,10055099983.556263,9000713949.70979,4943754112.396701,5994024628.44764,0.40704423510597404,0.5116180183660125,0.6039486565734241,1,-7.1957671957672,-9.119170984455959,감소형,14639991.45032,1.93,15964577.66803,38964952.19612,24870303.2344,16193431.26943,23232611.27447,0.40971634169282256,0.5984570655727119,0.6823745721933371,1,-8.224084819829503,-10.27454825605828,감소형,,0.0,,11.6,관찰,11.6
2026-10-11T02:58:38+09:00,ARKM,KRW-ARKM,ARKMUSDT,180.0,1.6949152499999998,218616694.60339728,1791655075362,False,False,,154825771.31754592,440014558.7684307,489257566.3052008,556515143.8094503,204848899.8107498,0.3518651104429185,0.3126136047065483,0.40888573352214763,1,-4.324324324324325,-1.1173184357541888,감소형,628271.44914,5.008,619827.50576,946061.84276,1062642.01107,865980.79806,1196750.70665,0.6551659497773866,0.646847478055535,0.6630165728277915,1,-4.8387096774193505,-2.1853805576488416,감소형,,0.0,,11.6,관찰,11.6
2026-10-11T02:58:38+09:00,PROM,KRW-PROM,PROMUSDT,7040.0,-1.8815331000000002,7235190800.001633,1791655032476,False,False,,3419314401.83491,25228598206.574333,25352109934.565525,9977567548.719543,577090614.4841491,0.1355332695791187,0.16938961832465851,0.2769701729357851,1,4.3636363636363695,-13.76201923076923,감소형,10945987.41904,-1.204,2820591.32898,12336965.94292,9043958.63508,11707541.46487,750287.73147,0.2286292547154753,0.25573183042020675,0.41040976529306267,1,3.6349269063611356,-14.671437865972658,감소형,,0.0,,11.5,관찰,11.5
2026-10-11T02:58:38+09:00,TOSHI,KRW-TOSHI,,0.158,1.93548387,233259564.72012115,1791654690201,False,False,,161093002.423837,273068770.655172,522919245.359014,391955934.4539035,374911241.53929037,0.5899356489478006,0.40681970481947655,0.28236073915983434,1,-4.907975460122705,-9.35672514619884,감소형,,,,,,,,,,,,,,NO_DATA,,0.0,,11.5,관찰,11.5
2026-10-11T02:58:38+09:00,KMNO,KRW-KMNO,KMNOUSDT,48.5,1.8907562999999998,200180527.99884647,1791654521411,False,False,,209165078.24059644,471385591.5670175,411762198.35557455,251463631.06740558,380385312.8572815,0.4437239533462897,0.5530485795518192,0.5888069699303654,1,-9.505703422053235,-13.138686131386857,감소형,358300.33689,3.289,647314.09966,769702.32313,710837.45415,518827.95991,926426.47098,0.8409927841034603,0.9712782010323381,1.00065762823232,1,-11.111111111111105,-14.123175859510262,중립,,0.0,,11.5,관찰,11.5
2026-10-11T02:58:38+09:00,XCN,KRW-XCN,,5.91,1.89655172,110448854.30374905,1791654802915,False,False,,90961568.3947372,175298129.1511248,260267142.27499443,106763646.86824432,212164060.50692862,0.5188964014346045,0.5031719607400617,0.521615433984584,1,-7.790143084260737,-11.042944785276065,감소형,,,,,,,,,,,,,,NO_DATA,,0.0,,11.5,관찰,11.5
2026-10-11T02:58:38+09:00,TAO,KRW-TAO,TAOUSDT,384200.0,2.12652844,1543912643.138702,1791655085185,False,False,,1305991738.661234,3780094494.877503,3886537471.578123,1896158423.300406,2342450171.553623,0.345491823135907,0.4097104564982165,0.466582143076847,1,-9.978463747307964,-8.68932038834952,감소형,15638792.65612,2.358,18443965.34661,56010817.26088,43444840.52554,22380237.36631,37129496.18829,0.3292929160576976,0.4541510198654305,0.5202890314754931,1,-10.938511326860844,-9.622331691297214,감소형,,0.0,,11.3,관찰,11.3
2026-10-11T02:58:38+09:00,ALT,KRW-ALT,ALTUSDT,11.0,0.9174311900000001,1123916500.294363,1791655066224,False,False,,317069656.8070259,507807101.11488813,524834522.9648417,232461906.20442328,210932261.35146916,0.6243899624698058,0.7518823144912321,0.9233838776329943,1,0.92592592592593,2.8301886792452935,감소형,3355972.65408,4.253,1092547.7608,639491.84353,835904.38148,369075.27671,366689.41022,1.7084623859612156,1.7770094465235942,2.20383664255988,2,0.0,1.016518424396451,고수준 유지형,,0.0,,11.3,관찰,11.3
2026-10-11T02:58:38+09:00,DEEP,KRW-DEEP,,29.3,2.09059233,836455405.6510435,1791655046697,False,False,,333683588.68622786,605961282.2606614,575631249.0110427,560387364.7250628,805785837.822624,0.5506681671828167,0.5746626401138106,0.4870511065708972,1,-8.012820512820518,-13.030303030303036,감소형,,,,,,,,,,,,,,NO_DATA,,0.0,,11.3,관찰,11.3
2026-10-11T02:58:38+09:00,META,KRW-META,,11.9,1.70940171,350419261.5279826,1791654074265,False,False,,19880534.80441046,29900802.5152239,70993493.80937319,108279999.23816709,70499455.64329171,0.6648829841369089,0.28512874515853465,0.24497795314344073,1,0.8620689655172376,-2.500000000000002,감소형,,,,,,,,,,,,,,NO_DATA,,0.0,,11.3,관찰,11.3
2026-10-11T02:58:38+09:00,ONDO,KRW-ONDO,ONDOUSDT,674.0,2.2761760200000003,27491874691.275696,1791655110357,False,False,,37292013090.51098,76616154132.66281,41014768671.71415,35045162840.84614,37997592249.62797,0.4867382539971781,0.7327672752332796,0.8766299305258035,1,-1.0510510510510551,-2.2255192878338326,감소형,19532771.8512,2.995,23807316.71225,50085258.45086,23546957.46101,19364368.24401,26833027.63938,0.4753358063552373,0.7680061669473064,0.8978293194919942,1,-1.831501831501836,-3.2490974729241895,감소형,,0.0,,11.2,관찰,11.2
2026-10-11T02:58:38+09:00,ALGO,KRW-ALGO,ALGOUSDT,163.0,3.8216560500000005,3907791476.352898,1791655117866,False,False,,7095132984.044887,19836746152.153103,2563448887.816032,1283311568.4779327,1994444028.8969197,0.3576762504103917,0.8987435561819597,1.2604928352280702,1,-6.547619047619047,-12.777777777777777,감소형,5351366.9955,4.265,7148443.7843,21335597.6853,3497439.8067,3515228.8199,3879786.6424,0.33504773991989933,0.7564953396778874,0.9823743608899075,1,-7.206477732793526,-13.57466063348417,감소형,,0.0,,11.2,관찰,11.2
2026-10-11T02:58:38+09:00,VANA,KRW-VANA,VANAUSDT,1467.0,2.2299651600000003,233250123.18625176,1791654514096,False,False,,123668966.94076686,454537521.8811393,667459705.2822078,471852041.46536136,316590646.12269664,0.27207647551065334,0.23277414503662686,0.26123683957595845,1,-1.9808743169398957,-3.367003367003363,감소형,360076.30557,4.066,113946.23745,280863.46992,287329.82711,206959.41217,242904.60389,0.4056997425918578,0.44099531394632707,0.4722387997126296,1,-2.8677150786308947,-4.632152588555849,감소형,,0.0,,11.2,관찰,11.2
2026-10-11T02:58:38+09:00,UNI,KRW-UNI,UNIUSDT,10270.0,2.39282154,5965162311.606808,1791655107832,False,False,,6608409238.560764,11845358186.558344,9061233598.873013,4840678885.124172,4445360046.261664,0.5578901992224881,0.7699933701459993,1.0127348507575649,1,-13.459879206212255,-18.388934092758337,감소형,43396601.06766,3.002,49746596.19695,90568636.38355,82771095.84665,55614341.67978,48243371.53267,0.5492695725955027,0.6518328590629403,0.8427023678970131,1,-14.482597523942998,-19.387867444676864,감소형,,0.0,,11.1,관찰,11.1
2026-10-11T02:58:38+09:00,SAHARA,KRW-SAHARA,SAHARAUSDT,12.1,2.54237288,1360033699.9604037,1791655121972,False,False,,1676787145.5979111,2860897829.718734,3705616742.548507,1692193425.7941213,1800526553.1199396,0.5861052178024696,0.6090978683317722,0.7579776494182535,1,-4.8387096774193505,-6.349206349206337,감소형,479049.53503,2.546,799734.9654,1490940.17947,1272223.75619,686421.99748,589300.07515,0.5363964137610739,0.6955051831441443,0.9357903193081143,1,-4.73047304730475,-6.37837837837838,감소형,,0.0,,11.0,관찰,11.0
2026-10-11T02:58:38+09:00,LPT,KRW-LPT,LPTUSDT,2483.0,-0.32115616,10968180962.63499,1791655051392,False,False,,1428022520.4657075,6563626698.603452,4783202389.958473,5905880526.264743,1988902598.2912946,0.2175660783343375,0.24831273794323136,0.3660199151712788,1,1.4663951120162944,7.139784946236549,감소형,9115153.38623,0.888,2220111.54085,4101605.92239,2682459.70141,4424508.19614,1820993.94049,0.5412786071745147,0.5942178487240987,0.8130061552947525,1,0.44125758411472926,5.687753917585603,감소형,,0.0,,10.9,관찰,10.9
2026-10-11T02:58:38+09:00,XPL,KRW-XPL,XPLUSDT,119.0,2.5862069,3229668150.5476594,1791655095577,False,False,,2964051555.5031047,6636357583.580143,5914447384.774763,6436321459.615956,5059803708.565746,0.44663831298615403,0.4683254572640253,0.5596092696424779,1,-4.918032786885251,-11.45038167938931,감소형,4240897.499084,3.662,4431202.838336,12134928.217698,10050064.527806,8165131.310212,8153434.516505,0.3651610259938234,0.4380083748785977,0.5144516546773358,1,-5.732413178984864,-12.046941530792399,감소형,,0.0,,10.9,관찰,10.9
2026-10-11T02:58:38+09:00,TREE,KRW-TREE,TREEUSDT,62.0,2.6490066199999998,2030778033.1705513,1791654370548,False,False,,728557632.4015709,1620428037.5449448,2199205781.941646,1310166761.4497654,2361639712.070336,0.4496081378012835,0.42607365778062195,0.4277564712022266,1,-2.580645161290329,-4.581358609794628,감소형,552024.40581,4.119,257174.40191,877830.5032,1240747.33475,342062.73642,460629.6711,0.2929658982827654,0.3135456733365188,0.4068537565868478,1,-3.7117903930131035,-5.769230769230771,감소형,,0.0,,10.9,관찰,10.9
2026-10-11T02:58:38+09:00,GRVT,KRW-GRVT,,314.0,1.6181229799999999,366998433.7894026,1791654116631,False,False,,398301904.82997906,1176048627.4144661,941731440.3666922,671993745.797889,871413566.1732167,0.33867809165820184,0.4283163418746743,0.46361780808446856,1,0.32467532467532756,3.3444816053511683,감소형,,,,,,,,,,,,,,NO_DATA,,0.0,,10.9,관찰,10.9
2026-10-11T02:58:38+09:00,COMP,KRW-COMP,COMPUSDT,33920.0,2.19945767,164137905.2373467,1791654170947,False,False,,123856918.0567815,240703537.1592149,170214540.706736,49839225.6868628,111221751.9924874,0.5145621020718758,0.8064348656119646,0.9203323116105269,1,0.973532096136287,-2.152122641509435,감소형,966328.2053,2.769,947607.53477,1581482.70217,1857790.8995,753657.64337,720896.88067,0.5991893135914539,0.6780036299600425,0.8840533642683279,1,-0.32867707477403085,-3.192338387869098,감소형,,0.0,,10.9,관찰,10.9
2026-10-11T02:58:38+09:00,MOC,KRW-MOC,,29.4,2.7972028,110535610.34703724,1791654991318,False,False,,38330395.95686559,88967264.88874352,212257897.97004688,185565841.74642247,66252674.39099875,0.4308370725434687,0.23622291041276436,0.3072214409601152,1,-5.298013245033106,-7.4433656957928696,감소형,,,,,,,,,,,,,,NO_DATA,,0.0,,10.8,관찰,10.8
2026-10-11T02:58:38+09:00,PROS,KRW-PROS,,926.0,1.9823788500000001,377851808.06875914,1791655119134,False,False,,485660828.96687347,2616568749.32369,3649210485.8583927,1757786683.2073395,5087579516.14981,0.1856098102113324,0.18158790015812346,0.08539122669274495,1,1.9079685746352437,-17.37943585077343,감소형,,,,,,,,,,,,,,NO_DATA,,0.0,,10.7,관찰,10.7
2026-10-11T02:58:38+09:00,LINEA,KRW-LINEA,LINEAUSDT,3.92,2.88713911,266274041.71093014,1791654747374,False,False,,216520573.75271225,351181548.26508796,504499897.53365654,328036276.85405445,264618273.58420038,0.6165488329964095,0.5487471453941071,0.5936705858614946,1,-1.8041237113401998,-2.3076923076922995,감소형,740017.346778,2.791,1045971.72416,676528.53903,759300.264919,639759.808445,640000.50583,1.5460866228344248,1.5118194201599056,1.6517956548634292,2,-2.7554935472619446,-3.0935001737921297,고수준 유지형,,0.0,,10.7,관찰,10.7
2026-10-11T02:58:38+09:00,ZORA,KRW-ZORA,,10.1,3.06122449,747751831.7369097,1791654785039,False,False,,269036457.9717064,684561860.728523,610971645.383033,711019836.3127749,564948343.3896139,0.3930053270648075,0.40223668957634806,0.44948765680240743,1,-4.854368932038833,-7.547169811320742,감소형,,,,,,,,,,,,,,NO_DATA,,0.0,,10.6,관찰,10.6
2026-10-11T02:58:38+09:00,SC,KRW-SC,SCUSDT,1.36,3.03030303,451414453.91415805,1791655091179,False,False,,470558001.76126,2145324574.1474853,2016896909.2442126,5387216915.948266,403011933.97701955,0.2193411698312604,0.14782796079205576,0.2297053376541763,1,-10.20408163265305,-6.382978723404243,감소형,275921.134362,6.177,280221.90704,677876.734687,593422.792399,680851.304686,413658.797357,0.4133818033589669,0.4306356391308727,0.5245227635346698,1,-10.710987996306553,-6.570048309178733,감소형,,0.0,,10.6,관찰,10.6
2026-10-11T02:58:38+09:00,GAME2,KRW-GAME2,,1.33,3.1007751900000002,246447684.2794802,1791654710266,False,False,,81265802.63466834,503146721.61999243,285805363.62716436,131512719.68421786,51809881.37869862,0.16151511903528867,0.26486336750505235,0.3296101714004795,1,-5.839416058394164,-6.521739130434778,감소형,,,,,,,,,,,,,,NO_DATA,,0.0,,10.5,관찰,10.5
2026-10-11T02:58:38+09:00,FIL,KRW-FIL,FILUSDT,1518.0,2.29110512,10427863993.092358,1791655074423,False,False,,2578013233.3253455,5186574590.195422,4546647201.9199295,6171936742.425137,7752174429.219243,0.4970550771984964,0.48625983093349145,0.5115137419097886,1,-5.0543825975687735,3.6312849162011274,감소형,17889987.08209,2.707,8792766.008059,20320653.783911,16970815.680756,16056821.143757,21611153.513178,0.4327009407059888,0.4944544187515489,0.5559098025836835,1,-5.933379597501731,2.330848353307524,감소형,,0.0,,10.4,관찰,10.4
2026-10-11T02:58:38+09:00,SEI,KRW-SEI,SEIUSDT,93.7,3.1938326000000004,2089466516.527743,1791655104056,False,False,,2043225922.6318674,3664934770.364898,3890214085.882729,3707146592.611032,4366553110.437951,0.5575067636001703,0.5442654027085388,0.5100997582154162,1,-7.062436028659169,-8.651911468812889,감소형,5390774.662949,3.383,4362823.583622,7957438.112306,6712353.417573,4950688.777366,6840139.747436,0.5482698730480846,0.6670820767844807,0.6645252045720998,1,-7.877188107807731,-9.819121447028433,감소형,,0.0,,10.4,관찰,10.4
2026-10-11T02:58:38+09:00,ICP,KRW-ICP,ICPUSDT,4334.0,3.2888465200000003,356263256.761268,1791653916548,False,False,,401668936.31714636,759346593.4370303,921938029.705828,712632346.8636924,837035696.2151397,0.5289665348982108,0.5033619895965488,0.5058994821787479,1,-8.623693379790943,-7.840983966615422,감소형,6596535.31325,4.106,9412880.65796,11494450.79537,11157495.5042,8359577.9153,14854017.78128,0.8189065163297351,0.9105854255412443,0.8041536625655678,1,-9.678371200944225,-9.034175334323935,중립,,0.0,,10.4,관찰,10.4
2026-10-11T02:58:38+09:00,MOODENG,KRW-MOODENG,,59.2,3.4965034999999998,305474551.4061961,1791654373056,False,False,,319507229.2831811,605344953.5351714,478919730.428063,425897612.0260003,748064391.2524743,0.5278101806536614,0.6347143551360231,0.6454869404783217,1,-7.4433656957928696,-9.350237717908083,감소형,,,,,,,,,,,,,,NO_DATA,,0.0,,10.2,관찰,10.2
2026-10-11T02:58:38+09:00,ADA,KRW-ADA,ADAUSDT,345.0,3.6036036,14271587559.894627,1791655103745,False,False,,12012062182.971306,30063205662.49071,25323734778.160454,25760618559.084038,35381792481.9244,0.39956025707393295,0.44408220029183515,0.4550982976122482,1,-8.011049723756901,-5.397727272727271,감소형,40319522.12166,6.454,28385254.8007,69437697.81392,56967221.27278,59664672.74881,87700036.28922,0.40878738342920234,0.4576554587026759,0.4353634045391196,1,-9.087509349289459,-6.391990758567568,감소형,,0.0,,10.1,관찰,10.1
2026-10-11T02:58:38+09:00,SUI,KRW-SUI,SUIUSDT,1517.0,3.6910458,15725510742.19352,1791655114116,False,False,,15075657116.415339,33936425314.579884,24906110671.671844,17943229969.110435,41411566391.55418,0.4442323249036628,0.5890020212279681,0.5090951274322226,1,-8.333333333333337,-10.355392156862742,감소형,52199280.97556,4.281,49657843.9267,115153800.51069,81566223.75173,62894006.50512,107933633.18854,0.431230612506707,0.573826966669193,0.5555872217679981,1,-9.192768016297414,-11.462385169246037,감소형,,0.0,,10.0,관찰,10.0
2026-10-11T02:58:38+09:00,LA,KRW-LA,LAUSDT,88.7,3.8641686199999996,5865084263.202308,1791654992276,False,False,,1312247669.7809007,3210954304.2755494,3708647268.583612,2266345800.28972,9434001785.357718,0.4086784006965082,0.42856145908804755,0.3232939812432327,1,-7.77537796976241,-6.35964912280701,감소형,2139447.24665,5.0,330978.50313,890226.01654,898727.11298,782224.67002,1889941.22469,0.37179154167657197,0.38617924811253523,0.3401594521689328,1,-8.63836017569547,-7.692307692307687,감소형,,0.0,,9.9,관찰,9.9
2026-10-11T02:58:38+09:00,G,KRW-G,GUSDT,5.98,4.0,1589855478.438381,1791654996097,False,False,,1170489061.959808,2337669044.8797956,2248588569.5945864,2147580869.32981,1416122068.452043,0.5007077732083308,0.5214659060096238,0.6114948546741693,1,-7.4074074074074066,-11.809815950920244,감소형,585282.77092,4.513,328430.12806,810632.05526,997579.06523,669877.98106,385290.31735,0.4051531467684931,0.39760087059166627,0.5050752666733993,1,-7.860262008733631,-12.448132780082988,감소형,,0.0,,9.8,관찰,9.8
2026-10-11T02:58:38+09:00,SAFE,KRW-SAFE,,160.0,3.8961039000000004,696797893.3805698,1791655020761,False,False,,150173207.49642774,487570300.76509875,549115735.0282774,925658996.3049843,7428267362.302567,0.3080031889981299,0.2295822677052551,0.07734735535032819,1,-2.5316455696202556,0.6535947712418277,감소형,,,,,,,,,,,,,,NO_DATA,,0.0,,9.7,관찰,9.7
2026-10-11T02:58:38+09:00,AXS,KRW-AXS,AXSUSDT,1714.0,4.25790754,4357862345.0914135,1791655035945,False,False,,2219796202.645146,4464002853.074791,8819840074.788776,6775750441.464645,20058740584.903965,0.49726585661031947,0.33198023934612075,0.0850842246272131,1,-2.6066350710900466,-10.55495103373232,감소형,4154416.15214,6.882,1929071.20599,2988701.75567,5876713.82847,3356032.0851,6771332.30942,0.6454545698078681,0.473529304759514,0.26894443135056073,1,-3.611556982343489,-11.691176470588239,감소형,,0.0,,9.6,관찰,9.6
2026-10-11T02:58:38+09:00,JTO,KRW-JTO,JTOUSDT,740.0,4.37235543,3648531022.533135,1791655003082,False,False,,5125821220.939808,9604926451.121202,6531901632.828878,5154055613.588483,3214033552.110702,0.5336658481483177,0.7222557730000286,0.9383928525599537,1,-4.059539918809197,-9.218950064020481,감소형,2511947.14973,6.156,2964661.85949,7641216.27666,6295638.53565,4087463.38405,2928654.92399,0.387982979692058,0.49344366214452073,0.6179895823878304,1,-5.076979472140753,-10.320346320346319,감소형,,0.0,,9.5,관찰,9.5
2026-10-11T02:58:38+09:00,GAS,KRW-GAS,GASUSDT,1922.0,4.39978273,827531624.764485,1791655080762,False,False,,283730931.00146794,720760494.2792572,1190565799.5024104,567402194.2726518,599881049.3072895,0.393654942596697,0.3433989632614214,0.4015837264632027,1,-3.9645279081898854,-4.759441282979826,감소형,524276.8001,6.081,179967.5084,244144.0485,285339.3642,114237.4653,139237.9706,0.7371365777937445,0.83872147642227,1.0030290948335414,1,-4.943502824858747,-6.005586592178758,감소형,,0.0,,9.5,관찰,9.5
2026-10-11T02:58:38+09:00,AWE,KRW-AWE,AWEUSDT,90.4,4.38799076,739262746.7002988,1791655113170,False,False,,322559010.1037106,467511895.3453063,452597201.23516923,426993378.4401718,547969093.785225,0.6899482415639224,0.7183395831087758,0.7164308513126891,1,-2.5871766029246457,-8.456659619450313,감소형,144438.75793,4.859,205059.8611,669078.23518,195453.96135,188309.02277,364791.22937,0.3064811412447655,0.5843042350764088,0.6593772904194201,1,-3.1908396946565,-9.310640732265451,감소형,,0.0,,9.5,관찰,9.5
2026-10-11T02:58:38+09:00,ESP,KRW-ESP,ESPUSDT,159.0,2.58064516,1199865830.9355307,1791654970902,False,False,,919229564.8562069,1269433891.9588006,2941612694.729678,4024164712.7940903,2413849017.462226,0.7241255891142069,0.3348655661988771,0.20672411229677212,1,-3.125,7.638888888888884,감소형,997912.74904,3.2,919512.76746,1507956.19571,2584096.15343,2587797.00172,1504112.83968,0.6097741897781456,0.41296414896315753,0.33747665890502215,1,-3.475822214668134,7.31292517006803,감소형,,0.0,,9.3,관찰,9.3
2026-10-11T02:58:38+09:00,WAL,KRW-WAL,WALUSDT,49.7,4.85232068,13740237859.211914,1791655038787,False,False,,659237493.8304064,1277891178.7304003,2079670409.9435294,1071918665.4721947,562955627.9547884,0.5158792116284632,0.4464886099537349,0.6040495774465378,1,-5.952380952380953,-3.0674846625766916,감소형,6154656.697014,5.158,399459.54008,717308.568437,1563301.735107,777112.541373,468709.137083,0.556886614292666,0.39191865352745175,0.48427455950300524,1,-6.666666666666654,-3.9823008849557473,감소형,,0.0,,9.1,관찰,9.1
2026-10-11T02:58:38+09:00,MED,KRW-MED,,2.38,5.30973451,960482483.2980417,1791653846977,False,False,,73625988.24882305,243557761.17444053,226953474.0841302,150066135.60335013,140615713.5507437,0.3022937470512006,0.3559233306230477,0.43455034735783465,1,-3.4188034188034178,-6.611570247933896,감소형,,,,,,,,,,,,,,NO_DATA,,0.0,,8.8,관찰,8.8
2026-10-11T02:58:38+09:00,VTHO,KRW-VTHO,VTHOUSDT,0.95,5.08849558,4891528245.134554,1791654800715,False,False,,476511327.76988596,1521343981.5890512,4211143206.323041,30649264304.92666,1041028937.9026288,0.3132173483028917,0.039292610296429574,0.06221985333255359,1,-9.054325955734399,1.2318029115341522,감소형,2123633.712842,6.231,416696.359561,1111939.613147,1614029.07789,7200479.688897,652848.382767,0.37474729259952366,0.12593518153078953,0.19235078719236243,1,-9.71272229822161,0.0,감소형,,0.0,,8.7,관찰,8.7
2026-10-11T02:58:38+09:00,RAY,KRW-RAY,RAYUSDT,3159.0,1.41252006,1209982608.1856391,1791655107206,False,False,,2842624531.280221,3995511478.610903,20036503601.4852,1671539169.6655862,1446473905.010322,0.7114544774799396,0.33177799112820083,0.5010677094730112,1,4.670698924731176,9.106830122591948,감소형,5321905.619,0.137,9423136.27903,14239868.97821,29433916.61012,10334576.54509,6686152.92396,0.6617431869246398,0.5234265161986293,0.6977107581231881,1,4.218928164196134,8.222032774462452,감소형,,0.0,,8.2,관찰,8.2
2026-10-11T02:58:38+09:00,FCT2,KRW-FCT2,,12.3,6.0344827599999995,183504628.43248585,1791654890914,False,False,,39883003.3874543,71020642.92986095,198011804.12835202,877443212.8025413,49947626.0337178,0.5615691683732325,0.10436245125072688,0.15398933325790518,1,-4.91803278688524,-11.45038167938931,감소형,,,,,,,,,,,,,,NO_DATA,,0.0,,8.2,관찰,8.2
2026-10-11T02:58:38+09:00,MINA,KRW-MINA,MINAUSDT,116.0,6.42201835,24130617658.00393,1791655050457,False,False,,9847607781.49822,17495454255.408142,14466987178.036215,8474394052.801973,6115613012.173465,0.5628666531167179,0.7305918722186602,1.0340087034010785,1,-30.573248407643316,-48.826291079812215,감소형,12262242.90249,6.407,6420201.34873,12469290.9998,14319147.89594,12123599.97486,2664049.45456,0.5148810264218692,0.49497802236064153,0.7508058776737299,1,-30.728709394205445,-49.968294229549784,감소형,,0.0,,8.0,관찰,8.0
2026-10-11T02:58:38+09:00,NEO,KRW-NEO,NEOUSDT,3549.0,6.353011690000001,2693802915.636852,1791655033428,False,False,,263073590.20559424,463704191.83674246,754428945.8802983,299821707.7922236,420367174.0485988,0.5673306276649215,0.5199237467119808,0.5616960934411257,1,-2.9659784821168933,-4.1367423154266,감소형,1986242.51159,8.178,508071.91806,769364.95756,954709.55264,707612.95019,345105.07211,0.6603782939001056,0.6268140042699165,0.7664723520482448,1,-3.5869136775719235,-4.898911353032654,감소형,,0.0,,7.9,관찰,7.9
2026-10-11T02:58:38+09:00,O,KRW-O,,658.0,6.8181818199999995,12343422251.905268,1791655070960,False,False,,211732309.27749404,362920262.7403399,437779801.2186607,284969629.1471705,208226466.94402292,0.5834127520980636,0.585073832184762,0.7197938538410296,1,-10.072992700729932,-11.366906474820148,감소형,,,,,,,,,,,,,,NO_DATA,,0.0,,7.5,관찰,7.5
2026-10-11T02:58:38+09:00,JUP,KRW-JUP,JUPUSDT,495.0,-3.50877193,1994206502.9620497,1791655112852,False,False,,4096445670.3520093,10970986913.84225,4546040177.680451,2715531365.3651285,2058850700.8076384,0.3733889851954399,0.6740325029049011,0.9375965698712552,1,7.547169811320753,13.495575221238942,감소형,4814508.27006,-5.797,8887687.57223,18097976.28306,9286357.76573,5568524.06084,5186534.86295,0.49108736983753376,0.8091274701570758,1.092159540665488,1,6.717904924565898,11.877051626380176,감소형,,0.0,,7.4,관찰,7.4
2026-10-11T02:58:38+09:00,AVNT,KRW-AVNT,AVNTUSDT,182.0,-5.20833333,1432930850.8174264,1791655120402,False,False,,1453663476.3029616,4152371449.7216682,1954169673.8523674,2761991036.4904604,4269738516.086061,0.3500803080611683,0.4917375671868985,0.5158888907878811,1,10.982658959537561,10.982658959537561,감소형,1037889.68219,-1.69,1263940.12729,3115800.2691,1031260.76109,1436512.40259,2336733.34962,0.4056550542808347,0.6791028053126353,0.7680672736470892,1,8.878504672897215,9.733124018838302,감소형,,0.0,,6.7,관찰,6.7
2026-10-11T02:58:38+09:00,INJ,KRW-INJ,INJUSDT,10300.0,8.36401894,878585721.7093277,1791655105013,False,False,,566457972.8057806,1612756609.9247963,2432291764.0843763,1114032783.0187428,543745269.5734411,0.351235871128871,0.32939468612591677,0.44115939519497277,1,-13.35460346399271,-8.164251207729468,감소형,7870609.70693,8.648,7414716.43211,16491433.11833,19818556.32309,15485926.1145,8011305.64509,0.4496101932990072,0.4294575944374366,0.5577304432857332,1,-14.470602736349058,-9.211042784247025,감소형,,0.0,,6.3,관찰,6.3
2026-10-11T02:58:38+09:00,NEAR,KRW-NEAR,NEARUSDT,7260.0,8.68263473,42369697545.08541,1791655102178,False,False,,45337837358.871414,87826100541.73456,49590930223.92741,23981144733.17408,37210684141.99549,0.5162228207698585,0.8427202578730212,1.040046693384638,1,-2.694828841951935,0.5267118133935211,감소형,148670820.4955,13.128,140608742.1372,303837593.5293,185341276.426,101753041.8881,148850669.8928,0.46277598668395414,0.7138321995434663,0.8555098495002929,1,-3.5728385313857136,-0.6508033353670895,감소형,,0.0,,6.1,관찰,6.1
2026-10-11T02:58:38+09:00,CKB,KRW-CKB,CKBUSDT,1.95,7.14285714,838923643.7111483,1791654709937,False,False,,270659085.8236431,734385073.9473189,160557439.68431994,197017842.2058682,202404691.84089413,0.3685519973450043,0.7435959127363763,0.9242808919454366,1,2.2471910112359605,2.2471910112359605,감소형,2025310.377224,11.422,400650.124189,1272708.895924,326181.177661,259107.457629,232301.841666,0.3148010715349984,0.6469063345749742,0.8490385487290708,1,0.9885931558935246,0.6823351023502511,감소형,,0.0,,6.0,관찰,6.0
2026-10-11T02:58:38+09:00,FLUID,KRW-FLUID,,2843.0,-0.07029877,371463564.33257186,1791655045758,False,False,,716238158.7648486,1182110171.0511925,2205465120.7777424,15702280581.865583,27724738941.870705,0.6058979749137369,0.11255792031701171,0.07486279495314466,1,8.75382262996942,18.246051537822105,감소형,,,,,,,,,,,,,,NO_DATA,,0.0,,5.9,관찰,5.9
2026-10-11T02:58:38+09:00,WLD,KRW-WLD,WLDUSDT,760.0,9.51008646,36093442867.70448,1791655094939,False,False,,14566264701.945639,31419515596.031487,25410032188.84534,19913489705.704582,27074495489.910954,0.46360564208652105,0.5694170511715805,0.565079865466317,1,-7.095046854082998,-12.040557667934094,감소형,46437014.37251,12.008,21168230.68832,47649912.91567,41423606.03701,23788639.23626,39765795.4915,0.444244897693374,0.5626747980368072,0.5722148270420826,1,-8.032638259292835,-13.135810926528514,감소형,,0.0,,5.4,관찰,5.4
2026-10-11T02:58:38+09:00,BCH,KRW-BCH,BCHUSDT,382300.0,0.92397043,2188540581.416032,1791655115365,False,True,입금량급등,3541112234.492473,4796605114.455576,4394843202.709848,2075214533.854299,2396828440.195377,0.7382538587178228,0.9429000267382566,1.12302655064605,1,-10.36441079034548,-12.19286045433472,감소형,8758285.988,1.595,17185138.3012,20525009.4201,13846786.5245,9915013.2342,9870239.004,0.8372779738834474,1.1641257489437613,1.3878190941799828,1,-11.321359846055168,-13.295703982439633,중립,,0.0,,4.9,관찰,4.9
2026-10-11T02:58:38+09:00,AZTEC,KRW-AZTEC,,22.7,10.73170732,2920887430.9242406,1791655076620,False,False,,228878754.5489503,612152304.7869427,504706041.3827877,350474372.5043437,370186787.53708345,0.3738918448221978,0.46794858106027654,0.4814459278418877,1,-9.691629955947134,-13.8655462184874,감소형,,,,,,,,,,,,,,NO_DATA,,0.0,,4.4,관찰,4.4
2026-10-11T02:58:38+09:00,TIA,KRW-TIA,TIAUSDT,692.0,7.12074303,1379089080.5693238,1791655000559,False,True,입금량급등,1940258043.6620808,2638506028.431263,1326637063.9374704,682202314.6762044,629094155.6933221,0.7353623689901785,1.252494407272267,1.6245376998692107,1,-2.564102564102566,0.0,감소형,7215651.690906,6.431,11383424.67404,22105413.589656,7621931.61886,5605019.6596,4927511.102219,0.5149609451038164,0.9665436816808513,1.2846925283376647,1,-3.4306718399019887,-1.3764337851929098,감소형,,0.0,,4.4,관찰,4.4
2026-10-11T02:58:38+09:00,ORCA,KRW-ORCA,ORCAUSDT,3326.0,8.127438230000001,24820390544.229088,1791655120404,False,False,,13626770086.118925,35849787686.025314,68293445201.3841,121542238799.69038,31729464950.25717,0.38010741389776226,0.18113842221547619,0.25822325641647087,1,-28.9607390300231,13.463666543710806,감소형,7219481.54155,5.256,5650112.04952,12457419.80336,30297720.22399,45109545.37658,13744645.86346,0.4535539572966834,0.19291409365021006,0.25972625042538233,1,-29.618033813400114,11.89646590343456,감소형,,0.0,,3.5,관찰,3.5
2026-10-11T02:58:38+09:00,DOS,KRW-DOS,,347.0,8.4375,3611552385.912723,1791655117244,False,False,,4470230476.23316,9096888037.87415,3943323444.7362475,647458009.3614076,397609146.85606664,0.49140216496253675,0.9797644103377292,1.5388456564509305,1,9.965635738831624,9.965635738831624,감소형,,,,,,,,,,,,,,NO_DATA,,0.0,,3.3,관찰,3.3
2026-10-11T02:58:38+09:00,CHIP,KRW-CHIP,CHIPUSDT,80.1,12.976022570000001,2839926418.528652,1791655110359,False,False,,1747735594.0506465,6503896146.841255,2901473721.4146156,6002320039.676744,2929529595.6014876,0.2687213255856597,0.3402980468507798,0.4101802972247709,1,-2.3415977961432355,7.424242424242422,감소형,5135217.00226,18.533,2865481.97628,6228195.15788,3552732.34717,7022260.26062,3559302.63111,0.46008223949992194,0.5115961357286678,0.6012468367733326,1,-2.8977378949336385,6.434426229508183,감소형,,0.0,,1.4,관찰,1.4
2026-10-11T02:58:38+09:00,MBL,KRW-MBL,MBLUSDT,1.14,10.67961165,7651590352.756225,1791655092745,False,True,글로벌가격차이,73782514.27293183,167440110.20242578,283406718.29628414,111080428.1442629,161425043.44325426,0.44065017744991253,0.3939078238367627,0.43171805759340215,1,-4.629629629629628,-7.207207207207212,감소형,2925512.058945,51.941,270676.152958,448359.174097,559183.32857,397402.06358,205082.247035,0.6037038352190397,0.5779790024336371,0.7301751733477067,1,-4.435994930291509,-8.272506082725062,감소형,,0.0,,0,관찰,0
2026-10-11T02:58:38+09:00,ATOM,KRW-ATOM,ATOMUSDT,2653.0,-6.08849558,5372221641.091764,1791655071272,False,True,"거래량급등,입금량급등",10634783304.98769,3310257146.7996306,1669441427.0661657,837890636.2402885,1943257282.0683393,3.2126758838869782,5.4841187238762235,5.728223525676236,4,16.97722567287785,19.450317124735726,연속 가속형,18387227.35259,-2.65,23145098.452,7336533.30115,2956772.81873,2478974.37297,4540174.0464,3.1547731744599337,5.436405455930152,5.6323794736737,4,15.937149270482598,18.05714285714284,연속 가속형,,0.0,,68.8,시동,68.8
2026-10-11T02:58:38+09:00,W,KRW-W,WUSDT,24.1,2.55319149,5991231349.520584,1791655088964,False,False,,16929843222.761276,18302882082.39898,2293952285.702273,1274579312.2463772,1226404529.323825,0.9249823687080359,2.322187784044354,2.922977652237338,1,17.500000000000004,19.289340101522857,중립,4203801.927073,1.088,7298649.8864,17727200.997719,2764975.677236,1286041.709564,1250118.208218,0.41172037747747847,1.0054059185467938,1.3802011389428477,1,16.38341264445955,17.825189263592577,감소형,,0.0,,32.8,시동,32.8
2026-10-11T02:58:38+09:00,CAP,KRW-CAP,,125.0,5.93220339,34009296442.05405,1791655121028,False,False,,8583592132.534518,20831380990.668743,47191476377.377785,60922006319.539055,10909666296.040758,0.4120510366729634,0.19970377773242595,0.2976361390489688,1,-0.8403361344537785,33.182844243792346,감소형,,,,,,,,,,,,,,NO_DATA,,0.0,,1.3,시동,1.3
2026-10-11T02:58:38+09:00,DRV,KRW-DRV,,741.0,4.80905233,44712769845.76445,1791655123245,False,True,"거래량급등,입금량급등",63893070825.69992,20796035628.037563,2640547508.7312374,2249293945.113977,3302037940.7962365,3.072367828585474,7.462435947429585,7.087897490353701,4,28.07971014492754,25.57726465364121,연속 가속형,,,,,,,,,,,,,,NO_DATA,,0.0,,61.5,이미 발동,61.5
2026-10-11T02:58:38+09:00,BAT,KRW-BAT,BATUSDT,180.0,-2.7027026999999997,14709367622.832767,1791655120083,False,True,거래량급등,8482228285.259968,1013470146.2031324,1219596583.600309,332416105.75768715,721159811.4277694,8.369490030898111,9.91886770905413,5.720317439634527,2,36.029411764705884,31.20567375886525,일회성 폭증형,16830074.0324,-2.95,10384615.6676,1242190.4365,1536359.5319,943976.5733,1387887.6391,8.359922410012855,8.369006010786613,5.465938164642799,2,34.35948361469712,30.221366698748795,일회성 폭증형,,0.0,,22.1,이미 발동,22.1
2026-10-11T02:58:38+09:00,ERA,KRW-ERA,ERAUSDT,108.0,20.9406495,46997043503.12607,1791655068440,False,False,,7559807460.084063,31281947390.126698,643753647.2881728,403569867.39658487,671220130.987125,0.24166677879108356,0.7015135740929094,1.136708242125567,1,1.1325028312570762,1.3620885357548351,감소형,20129027.7233,21.44,3164309.82492,10637064.17152,581627.84104,280384.05098,675990.53632,0.29747962162268604,0.8255384538988425,1.2775740429898748,1,0.0,0.3076923076922977,감소형,,0.0,,3.0,이미 발동,3.0
2026-10-11T02:58:38+09:00,CFX,KRW-CFX,CFXUSDT,86.7,25.10822511,17000097039.690222,1791655118824,False,False,,60879456.89990762,120507573.93316981,132171400.04161267,89182283.07584025,63318570.93312923,0.5051919552680538,0.5342470576379991,0.6485212869779403,1,-5.97014925373135,-5.842391304347827,감소형,19401077.32676,27.427,839724.47137,1641741.9923,1111882.62106,771147.62914,1138710.44,0.5114838234682584,0.7147053031498106,0.8002201496870868,1,-6.678932842686292,-6.678932842686292,감소형,,0.0,,3.0,이미 발동,3.0
2026-10-11T02:58:38+09:00,MET2,KRW-MET2,,578.0,3.21428571,6526416036.83604,1791655119141,False,False,,12208742906.028975,51538225860.91057,19306414742.511986,7513030557.466016,514883670.8346726,0.23688713963452043,0.46742365074740166,0.7662674295890837,1,25.842696629213478,36.2530413625304,감소형,,,,,,,,,,,,,,NO_DATA,,0.0,,0,이미 발동,0
2026-10-11T02:58:38+09:00,RVN,KRW-RVN,RVNUSDT,2.97,-6.30914826,1872621722.8740509,1791655010629,True,False,,1390691936.851168,1923721729.0085237,2332436045.702198,2405395983.3306165,12788599064.172958,0.7229174136157018,0.6262916974162793,0.33726162808340354,1,-2.4615384615384595,-5.3731343283582085,감소형,913975.6983973,-2.322,723177.2509399,1304169.8586198,1199390.7573494,2206990.8704814,8747567.6429274,0.5545115508996941,0.46056852558774225,0.26216932692056083,1,-1.849462365591381,-2.5202904741563392,감소형,,0.0,,0,유의종목,0
2026-10-11T02:58:38+09:00,ZIL,KRW-ZIL,ZILUSDT,4.6,2.22222222,1394984424.5052562,1791654811030,True,False,,573017509.8142899,1413705793.293043,1108352781.927924,4044093297.504254,16489935912.692007,0.40533009946823556,0.26180517337461356,0.12217534762805488,1,-2.1739130434782483,-0.6622516556291425,감소형,525870.9770301,2.034,660310.3842498,605686.474063,488090.5821291,687335.0752104,2041152.8008087,1.0901851246906307,1.1121877830283244,0.8270246503983444,3,-0.7110352673492581,-0.7956805910770082,중립,,0.0,,0,유의종목,0
2026-10-11T02:58:38+09:00,MANTRA,KRW-MANTRA,MANTRAUSDT,6.69,0.29985007,876212301.848465,1791655019795,True,False,,502292502.3980277,621884596.3425146,1131472372.9086566,5053499429.110761,1005128549.3465364,0.8076940727462248,0.22137642092122184,0.2120292960433321,1,-3.052325581395343,-4.850213980028528,중립,593730.17934,3.645,251391.09484,496246.22739,461198.29975,376999.09154,442990.55898,0.5065854024970384,0.5651593472836345,0.6042965243676668,1,-1.978021978021971,-2.6200873362445254,감소형,,0.0,,0,유의종목,0
2026-10-11T02:58:38+09:00,BLAST,KRW-BLAST,,0.287,-1.37457045,757144513.0036088,1791653732893,True,True,글로벌가격차이,834825651.0699626,3941871673.956696,1527621701.8505232,4190913041.9266124,5702696462.626582,0.21178407622590043,0.2592517172582265,0.07826180874512238,1,-6.129032258064527,-14.41176470588237,감소형,,,,,,,,,,,,,,NO_DATA,,0.0,,0,유의종목,0
2026-10-11T02:58:38+09:00,EGLD,KRW-EGLD,EGLDUSDT,6200.0,0.0,424773895.7269161,1791654542007,True,True,글로벌가격차이,609888993.010465,1185361366.6366892,7242178928.530055,1278521090.4704456,862054268.767453,0.5145173532531659,0.18850766612077016,0.25399087451815294,1,-8.55457227138643,-11.806543385490754,감소형,424456.50234,0.225,530541.5368,900213.34525,703037.1779,595535.35056,436055.89769,0.5893508906521068,0.7238652155402745,0.9174289373179977,1,-10.34792368125701,-12.219780219780208,감소형,,0.0,,0,유의종목,0
2026-10-11T02:58:38+09:00,ICX,KRW-ICX,,19.4,-1.02040816,349876152.6429846,1791654651204,True,False,,467436439.13622266,616767298.768495,903950030.3558644,2373078766.7172904,1329686480.2790043,0.7578813599060089,0.3601393814396839,0.2035328717232986,1,-3.9215686274509665,-5.314009661835739,중립,,,,,,,,,,,,,,NO_DATA,,0.0,,0,유의종목,0
2026-10-11T02:58:38+09:00,SOPH,KRW-SOPH,SOPHUSDT,4.99,-1.3833992099999999,241771045.3400719,1791654629230,True,False,,430555765.6899083,816775841.0262091,696505384.5552555,610123090.0791684,1756726314.3516705,0.5271406719730493,0.6083002127966674,0.3709477720408005,1,-2.5048169556840194,-3.802281368821292,감소형,155433.2025,-0.548,221614.98892,618501.22111,410748.76788,188989.89353,303604.74502,0.3583097031276288,0.5457422436250646,0.621743558130947,1,-2.1390374331550777,-3.1746031746031744,감소형,,0.0,,0,유의종목,0
