scan_time_kst,coin,upbit_market,binance_symbol,upbit_price,upbit_price_24h_pct,upbit_24h_trade_krw,upbit_timestamp_ms,warning,caution_any,caution_types,upbit_D1_trade_krw,upbit_D2_trade_krw,upbit_D3_trade_krw,upbit_D4_trade_krw,upbit_D5_trade_krw,upbit_d1_vs_prev_x,upbit_d1_vs_3davg_x,upbit_d1_vs_5davg_x,upbit_rise_streak,upbit_price_3d_pct,upbit_price_5d_pct,upbit_supply_pattern,binance_24h_quote_usdt,binance_price_24h_pct,binance_D1_quote_usdt,binance_D2_quote_usdt,binance_D3_quote_usdt,binance_D4_quote_usdt,binance_D5_quote_usdt,binance_d1_vs_prev_x,binance_d1_vs_3davg_x,binance_d1_vs_5davg_x,binance_rise_streak,binance_price_3d_pct,binance_price_5d_pct,binance_supply_pattern,overseas_lead,overseas_lead_score,overseas_lead_reason,raw_signal_score,state,score
2026-10-02T17:30:25+09:00,SAFE,KRW-SAFE,,149.0,0.0,600561989.3435497,1790929330644,False,False,,1383537645.7414057,447841055.61715364,218396745.58798385,592718298.4574497,387007161.44240797,3.089349733321797,3.29686868218568,3.566026968865325,3,0.0,-5.696202531645566,가속형,,,,,,,,,,,,,,NO_DATA,,0.0,,76.0,발사 전,76.0
2026-10-02T17:30:25+09:00,PLUME,KRW-PLUME,PLUMEUSDT,25.3,0.79681275,3250858623.3047976,1790929807962,False,False,,9301796803.499865,2253554776.811264,2114446482.394919,3191720813.355228,2623513162.1985455,4.127610697203343,3.6913249115049274,3.4220539744020906,3,1.2096774193548487,1.619433198380582,가속형,4863557.42548,-3.842,10376830.08146,4946952.12402,5110600.38841,7081169.45371,3295830.61703,2.0976208827805602,1.816383409794659,2.052966470915958,2,0.6568144499178974,1.7146017699115168,고수준 유지형,,0.0,,74.6,발사 전,74.6
2026-10-02T17:30:25+09:00,CYBER,KRW-CYBER,CYBERUSDT,433.0,-0.68807339,1128696153.7678256,1790929827213,False,True,거래량급등,7204739309.251772,548943020.5456606,267735457.19932258,280960683.82227117,153565741.99416873,13.12474890761907,19.69155136273896,24.864881947317098,3,-5.21739130434783,-12.096774193548388,가속형,552439.76221,-0.311,1954936.95083,739412.46586,637733.79963,449406.25814,367992.66023,2.6439058591692,3.210863512884133,3.620104182041353,5,-6.176470588235294,-11.878453038674031,연속 가속형,,0.0,,68.0,발사 전,68.0
2026-10-02T17:30:25+09:00,TRUMP,KRW-TRUMP,TRUMPUSDT,2844.0,1.20996441,29136487222.184914,1790929826892,False,False,,63112984891.156975,23876405981.201538,19584911289.12464,27142323598.160007,19658973401.580322,2.6433201437790648,2.681716584930141,2.682823309926209,3,2.85505124450951,-2.430555555555558,가속형,19530299.890107,2.882,33501698.682096,18310299.854362,18227851.592759,23825142.746172,15720694.684865,1.8296641206623936,1.665003499054483,1.7881566700178344,3,2.4875621890547484,-2.6004728132387744,가속형,,0.0,,65.9,발사 전,65.9
2026-10-02T17:30:25+09:00,CTC,KRW-CTC,,160.0,0.62893082,1154478745.548662,1790929800771,False,False,,1652903677.7599518,718366176.1493086,695794281.3189025,889035879.9882836,855797958.4094466,2.3009208014498785,2.1529693116636093,2.0032317753848763,3,3.2467532467532534,0.0,가속형,,,,,,,,,,,,,,NO_DATA,,0.0,,58.6,발사 전,58.6
2026-10-02T17:30:25+09:00,WAVES,KRW-WAVES,,414.0,2.47524752,4214565185.931062,1790929820751,False,False,,2882477103.787814,2013928443.3012526,667226187.7585667,1683639596.49608,1296331374.3627748,1.431270864352473,1.9811773157071917,1.8749663636102318,3,4.663212435233155,-2.1791767554479424,가속형,,,,,,,,,,,,,,NO_DATA,,0.0,,54.6,관찰,54.6
2026-10-02T17:30:25+09:00,SPX,KRW-SPX,,619.0,2.99500832,334917603.520654,1790929787084,False,False,,1114769355.3551073,996148338.848483,244668954.96398523,478079053.4389037,443239479.26344657,1.1190796710495412,1.9456135743223202,1.94808885217712,3,5.809859154929575,-3.2206119162640934,가속형,,,,,,,,,,,,,,NO_DATA,,0.0,,53.9,관찰,53.9
2026-10-02T17:30:25+09:00,ESP,KRW-ESP,ESPUSDT,140.0,-2.0979021,665482696.6142075,1790929812322,False,False,,1783114644.4079378,786055436.5627625,573618679.4053618,1771144421.0942655,11375178549.93428,2.2684337025961976,1.7086087455720251,0.3459630739814549,3,6.7164179104477695,0.0,가속형,812640.06158,-5.698,1843602.83604,795247.35726,590886.14403,1313838.54862,3493980.78611,2.318275966853981,2.0484688011138346,1.0468045171104963,3,7.380637279853408,0.29476086336408525,가속형,,0.0,,49.3,관찰,49.3
2026-10-02T17:30:25+09:00,KITE,KRW-KITE,KITEUSDT,197.0,-5.28846154,3470649919.5075784,1790929769035,False,False,,3344920627.719736,1644216580.753953,1479690787.666232,2914959965.6232333,3615246971.318374,2.0343552466706836,1.6616960314046634,1.1715952587512581,3,11.229946524064172,0.0,가속형,4327960.98791,1.317,4378345.41261,2575247.85127,2126076.63402,3837457.86767,4134543.50921,1.7001646697620934,1.53827977981857,1.3304430708457802,3,10.560815731973761,-0.5242463958060384,가속형,,0.0,,48.2,관찰,48.2
2026-10-02T17:30:25+09:00,ENSO,KRW-ENSO,ENSOUSDT,1352.0,-1.8867924500000002,2744763902.5946836,1790929827230,False,False,,2763481592.3614035,1143327151.2229965,696334428.7101974,3850046780.28065,1380392368.329186,2.4170523628388927,1.4570948548182914,1.714403806144826,3,2.1497405485544796,-3.5014005602240883,고수준 유지형,1104318.14809,-0.1,1182119.01298,541845.61281,309438.0319,1202506.23714,496106.43939,2.181652826991725,1.7267380028893389,1.9179167180507517,3,1.6129032258064502,-4.0000000000000036,가속형,,0.0,,47.5,관찰,47.5
2026-10-02T17:30:25+09:00,DRV,KRW-DRV,,539.0,0.0,13889581548.38618,1790929831469,False,False,,18994324398.019337,6291549015.820265,14153095726.27984,5260805639.99834,19978974108.44091,3.01902192135158,2.216766185654602,1.7910532790426528,2,7.157057654075549,-4.432624113475181,고수준 유지형,,,,,,,,,,,,,,NO_DATA,,0.0,,44.2,관찰,44.2
2026-10-02T17:30:25+09:00,JST,KRW-JST,JSTUSDT,175.0,-2.23463687,538263444.875438,1790929772396,False,False,,742492068.4423066,368742083.1948214,349886433.5934584,981678918.7474205,642966590.6786553,2.013581042904772,1.310043206759917,1.341818582866599,3,1.1299435028248483,7.18562874251496,중립,4413873.12272,-3.706,4688834.101273,4617421.392886,4612523.586671,5393721.612773,2996951.766365,1.0154659283419585,0.9618998227979821,1.1321619392835371,3,0.7070939973868207,6.762812678236774,중립,,0.0,,43.2,관찰,43.2
2026-10-02T17:30:25+09:00,XCN,KRW-XCN,,6.43,-1.22887865,395247547.9305889,1790929741318,False,False,,818027316.2458725,472502491.48481643,434619847.4553762,1218033140.6464708,4529084564.505775,1.731265614442076,1.1547776020674636,0.5319130364741238,3,-0.4587155963302836,-7.264957264957261,중립,,,,,,,,,,,,,,NO_DATA,,0.0,,42.2,관찰,42.2
2026-10-02T17:30:25+09:00,BEAM,KRW-BEAM,,2.83,0.71174377,456904914.8111578,1790929728424,False,False,,320970427.43676424,245801421.7692941,159437802.2857255,359039145.16258943,359994157.64910626,1.3058119238139425,1.2598960288461702,0.9527143736675996,3,1.8115942028985588,-4.421768707482987,중립,,,,,,,,,,,,,,NO_DATA,,0.0,,41.9,관찰,41.9
2026-10-02T17:30:25+09:00,LA,KRW-LA,LAUSDT,94.8,-0.31545741,3092401833.016763,1790929828190,False,False,,4807887697.098967,2695056914.0922995,3044543768.4845533,6647412190.950571,3273346362.0892315,1.7839651815732702,1.1644181885143632,1.3076761388882627,2,3.3695652173912904,-6.764705882352951,중립,1075363.09152,2.329,1457046.19462,903323.7108,825577.86939,1144764.21356,943480.23966,1.6129834490114439,1.5211019295865533,1.4443012914322506,3,3.5555555555555562,-6.300268096514738,가속형,EARLY,5.0,Binance 연속가속 우위,39.7,관찰,39.7
2026-10-02T17:30:25+09:00,FCT2,KRW-FCT2,,13.4,-0.74074074,1452066227.4519553,1790929720858,False,False,,791665436.4731266,207624266.51391056,166839381.10557035,2269860482.9498725,288300257.7328749,3.8129716230452573,0.8981487110311306,1.2613271765729839,3,7.14285714285714,3.8461538461538547,중립,,,,,,,,,,,,,,NO_DATA,,0.0,,39.0,관찰,39.0
2026-10-02T17:30:25+09:00,MBL,KRW-MBL,MBLUSDT,1.12,0.0,190592695.83055657,1790929682369,False,False,,493456162.0713652,184364796.74368623,277071232.6616316,1067697084.21981,312702944.4419855,2.6765205222849255,0.9681096256587985,1.14146977721488,2,0.0,-2.608695652173898,중립,532883.409303,1.84,605782.843684,560202.892052,448567.584826,333294.087574,162693.17996,1.0813632922619203,1.354143890829925,1.806585328126335,5,-0.9696969696969648,-3.313609467455625,연속 가속형,EARLY,5.0,Binance 연속가속 우위,38.7,관찰,38.7
2026-10-02T17:30:25+09:00,ZETA,KRW-ZETA,,69.5,-0.42979943,6908947910.708354,1790929822711,False,True,거래량급등,11405982480.784832,939996956.6822984,1051769004.1658117,1535499077.076099,2499920976.7806897,12.134063200632088,9.70098562893695,6.269735315243707,2,-1.412429378531077,-6.434316353887393,일회성 폭증형,,,,,,,,,,,,,,NO_DATA,,0.0,,37.0,관찰,37.0
2026-10-02T17:30:25+09:00,QKC,KRW-QKC,QKCUSDT,3.84,-2.78481013,11036041618.05323,1790929819463,False,True,거래량급등,10417798525.24314,318837072.4933537,391634324.2779166,919999238.174926,1092759978.830193,32.67436388050609,19.168327785775023,14.800719855213153,2,3.1331592689294974,-2.2277227722772297,일회성 폭증형,926207.524305,-2.761,917880.788186,129161.712138,109578.887512,143099.227163,204419.918211,7.106446430543676,7.2115116632570455,6.284111195906412,3,2.0148462354188768,-2.631578947368418,가속형,,0.0,,35.9,관찰,35.9
2026-10-02T17:30:25+09:00,GMT,KRW-GMT,GMTUSDT,12.0,3.4482758600000003,1247544096.1520483,1790929816246,False,False,,1170444683.0441892,530189362.52776253,915451455.7126865,1255834302.9223845,817101758.9552699,2.2075974468139217,1.29978396677632,1.4366870807915257,2,0.8695652173912993,-4.1322314049586755,중립,821641.261502,2.543,568523.396255,330503.86213,388160.127668,564739.650448,530674.933593,1.72017171778579,1.3289429258889123,1.327294940090686,2,0.5910165484633634,-4.3820224719101075,중립,,0.0,,34.5,관찰,34.5
2026-10-02T17:30:25+09:00,CRO,KRW-CRO,,93.1,-0.74626866,4482492641.240758,1790929816240,False,False,,4282695343.1592464,2445928261.197923,4224391795.2317796,6181793882.307962,1896859861.1642115,1.7509488774056456,0.9996865955842653,1.3135076835545674,2,-1.0548523206751037,1.5151515151515138,중립,,,,,,,,,,,,,,NO_DATA,,0.0,,34.2,관찰,34.2
2026-10-02T17:30:25+09:00,PROS,KRW-PROS,,987.0,3.02713987,2580316200.2078905,1790929783670,False,False,,8646797577.465675,5652029405.178363,4430895402.688109,20150074274.72191,21214689552.952564,1.529857146451418,0.8580158607994823,0.8354461660105064,3,4.928806133625407,14.047619047619042,중립,,,,,,,,,,,,,,NO_DATA,,0.0,,33.8,관찰,33.8
2026-10-02T17:30:25+09:00,USDC,KRW-USDC,USDCUSDT,1350.0,-1.0989011,1728789433.6840703,1790929795978,False,False,,1581488631.3213503,1318222080.6696765,1530278582.0070238,1761778859.9772894,1153356903.4482853,1.1997133521826082,1.029105907928293,1.1354348560175962,2,0.5895357406042745,0.29390154298309934,중립,4551484630.33467,-0.031,4435066737.89797,2901145994.44802,3048582782.34266,3449242220.57328,1131292993.26282,1.5287292491951265,1.4156017948587662,1.9442962185466055,2,-0.013993702833725585,0.017997660304169827,고수준 유지형,,0.0,,33.6,관찰,33.6
2026-10-02T17:30:25+09:00,SKR,KRW-SKR,,23.1,-2.1186440699999998,693753345.2125441,1790929753569,False,False,,721618251.0586721,501339276.1892216,517816750.39933735,1089782260.559643,1137387348.1673708,1.4393810445968531,1.026514036170981,0.8922018400105349,2,-8.171206225680926,-12.26765799256505,중립,,,,,,,,,,,,,,NO_DATA,,0.0,,33.2,관찰,33.2
2026-10-02T17:30:25+09:00,ASTR,KRW-ASTR,ASTRUSDT,10.0,-1.9607843100000002,221126502.55292255,1790929719180,False,False,,346350348.422462,320662130.92639095,344815440.1984187,441332219.1243052,289142569.1020807,1.08010991950268,0.9387801358655511,1.0497674622242819,2,-0.9708737864077777,-0.9708737864077777,중립,299033.1467334,0.053,411403.0075911,536855.1701247,372884.7603166,595716.3735668,352918.9245235,0.7663202861500615,0.8198238763140212,0.9022282813078863,1,-1.9942272369456893,-0.5591054313099031,중립,,0.0,,33.2,관찰,33.2
2026-10-02T17:30:25+09:00,DATA,KRW-DATA,,292.0,0.0,7975229515.606277,1790929824650,False,False,,8381058452.140626,6274903338.891525,9227613555.574533,18046195994.053455,8772959290.434776,1.3356474194901555,0.7494527566518344,0.8153290536055253,2,-2.9900332225913595,-7.006369426751591,중립,,,,,,,,,,,,,,NO_DATA,,0.0,,33.0,관찰,33.0
2026-10-02T17:30:25+09:00,CKB,KRW-CKB,CKBUSDT,1.79,0.0,4307167082.858961,1790929805224,False,False,,188220215.88725707,185349835.186103,203798998.8212613,381061750.4729305,198866818.33452657,1.015486286773722,0.7331250167676937,0.7879774240963824,2,-0.5555555555555536,-9.137055837563446,중립,1427777.547534,1.373,251944.737651,383632.235106,264105.11686,426768.185946,298509.582669,0.6567350566392997,0.7034251442033066,0.7403393387057717,1,-1.2849584278155635,-9.556786703601105,감소형,,0.0,,33.0,관찰,33.0
2026-10-02T17:30:25+09:00,IN,KRW-IN,,51.0,-0.97087379,1097549480.8576522,1790929821084,False,False,,1197525625.316245,1097811322.2599995,1637709502.4694736,6392659609.067613,25811537238.671104,1.0908300916873126,0.39356987978099345,0.16003422640354237,2,-0.9615384615384581,-3.195488721804518,중립,,,,,,,,,,,,,,NO_DATA,,0.0,,33.0,관찰,33.0
2026-10-02T17:30:25+09:00,JPYC,KRW-JPYC,,8.51,-0.46783626000000006,938818540.9138817,1790929822701,False,False,,1058681871.7023259,859653062.0279824,921894373.7899803,1899004136.411753,1022664404.4608597,1.2315222482949348,0.8629265349983665,0.8891287327150753,2,-0.2333722287047757,-0.4656577415599439,중립,,,,,,,,,,,,,,NO_DATA,,0.0,,33.0,관찰,33.0
2026-10-02T17:30:25+09:00,CBK,KRW-CBK,,296.0,-1.98675497,662972181.6391621,1790929766773,False,False,,621178215.0314392,425404710.17478156,858608606.6668468,5728326972.039775,1324405180.9486356,1.4602053060865787,0.26575074344995675,0.15929890901084934,2,-1.3071895424836555,-2.893890675241162,중립,,,,,,,,,,,,,,NO_DATA,,0.0,,33.0,관찰,33.0
2026-10-02T17:30:25+09:00,SUN,KRW-SUN,SUNUSDT,23.3,0.0,440269505.7822019,1790929480777,False,False,,271599920.40288025,252091877.87962645,506868115.28542954,1137859831.2689235,985362355.1879239,1.0773846531167055,0.4295609686870397,0.41657364020407145,2,-0.8510638297872353,-0.42735042735041473,중립,549917.7483,-0.581,461039.81255,491246.85696,727709.09468,1595393.89484,950915.03817,0.9385094398426662,0.4914525603062153,0.5553473739203555,1,-1.3294797687861348,-0.40840140023337135,중립,,0.0,,33.0,관찰,33.0
2026-10-02T17:30:25+09:00,NCT,KRW-NCT,,13.7,-1.43884892,345881249.44994354,1790929751296,False,False,,290152790.2099427,260081013.94670597,487096482.7687506,859890383.8053346,392299666.82538277,1.115624650207642,0.5416438105574886,0.588664081198387,2,0.0,-4.794520547945202,중립,,,,,,,,,,,,,,NO_DATA,,0.0,,33.0,관찰,33.0
2026-10-02T17:30:25+09:00,PIEVERSE,KRW-PIEVERSE,,1893.0,-0.73413739,285263952.4773104,1790929826247,False,False,,394828847.61964494,329172216.4205704,575568481.0440459,825287969.7126143,2377992513.77992,1.1994598204946547,0.6846629569390781,0.4008802601256617,2,-4.36308926780341,-8.668582375478929,중립,,,,,,,,,,,,,,NO_DATA,,0.0,,33.0,관찰,33.0
2026-10-02T17:30:25+09:00,G,KRW-G,GUSDT,6.52,0.15360983,2569227802.3194866,1790929821734,False,False,,3315674029.079162,3267911426.903149,3443820340.9609303,7267445874.393592,4572135501.858091,1.0146156354737177,0.7115598886996488,0.7383488302030291,2,-3.698224852071008,-15.891472868217061,중립,800123.04507,0.0,841893.49184,1258474.55239,1105665.01192,2163928.95765,1439318.94913,0.6689793530120568,0.557783183551901,0.555528092094874,1,-4.016064257028107,-15.696649029982357,감소형,,0.0,,32.9,관찰,32.9
2026-10-02T17:30:25+09:00,F,KRW-F,FUSDT,4.81,-0.41407867000000004,565324225.4046985,1790929778705,False,False,,864668641.8429292,707016261.9416915,2373976445.0606766,2148135714.4282126,1371685684.647897,1.222982678599604,0.4960685063495001,0.5067175259941192,2,0.8350730688935215,-6.936416184971106,중립,194921.269955,1.423,258905.801124,328087.296951,741171.79676,500540.246878,340633.654587,0.7891369264524365,0.4947876988409041,0.5635787923130938,1,0.454545454545463,-7.094062007356805,중립,,0.0,,32.7,관찰,32.7
2026-10-02T17:30:25+09:00,WET,KRW-WET,,89.4,0.33670034,512978642.8075997,1790929826242,False,False,,331411611.9415198,174163072.8193102,438326015.1595408,470795550.9405142,467907455.23551524,1.902881056108553,0.917796486818425,0.8795031645974646,2,-0.6688963210702448,-5.61440677966103,중립,,,,,,,,,,,,,,NO_DATA,,0.0,,32.7,관찰,32.7
2026-10-02T17:30:25+09:00,MED,KRW-MED,,2.42,-0.41152263,149290821.76057756,1790929721198,False,False,,165762908.84760404,131350140.43629947,176237816.50688905,317489822.01285064,268928928.3342121,1.2619926274688198,0.7955629575784131,0.6367201009851589,2,0.8298755186721962,-3.57142857142857,중립,,,,,,,,,,,,,,NO_DATA,,0.0,,32.7,관찰,32.7
2026-10-02T17:30:25+09:00,TRUST,KRW-TRUST,,84.3,0.23781213,600860952.5482123,1790929827542,False,False,,770487222.34593,717983131.2500188,1382969472.5107877,16130369458.779985,25986025236.140594,1.0731271931201236,0.12678519194102017,0.08518876488349317,2,-0.4733727810650956,1.570048309178751,중립,,,,,,,,,,,,,,NO_DATA,,0.0,,32.5,관찰,32.5
2026-10-02T17:30:25+09:00,ORBS,KRW-ORBS,,10.0,0.10010010000000001,101245006.60990548,1790929308559,False,False,,130929243.9479701,128726539.26206863,199751560.26644647,283775764.26504093,171460058.11936706,1.0171115039565934,0.641543900450342,0.6813478516661344,2,1.3184584178498993,-2.0588235294117574,중립,,,,,,,,,,,,,,NO_DATA,,0.0,,32.5,관찰,32.5
2026-10-02T17:30:25+09:00,CPOOL,KRW-CPOOL,,49.8,-1.96850394,4680167909.399986,1790929822062,False,False,,3987822835.9904747,1564134317.0973244,2041328633.0846634,8660813458.839634,4225574305.575965,2.5495398907882554,0.9753137879049025,0.4590200503395208,2,1.8036072144288484,-0.7812500000000111,중립,,,,,,,,,,,,,,NO_DATA,,0.0,,32.4,관찰,32.4
2026-10-02T17:30:25+09:00,IOST,KRW-IOST,IOSTUSDT,1.2,0.8403361300000001,1073157963.2704779,1790929810690,False,False,,1100504169.1031055,910350290.8432857,1297988552.8909307,2011608500.6384096,2882587196.5004644,1.2088799005970268,0.7823586973690423,0.6066384808838726,2,-3.25203252032521,-13.138686131386867,중립,629332.191474,-1.003,545499.530465,502145.951664,533447.865566,931123.333897,939052.572782,1.0863366092215536,0.8320965678553356,0.6743806357438311,2,-2.8697571743929284,-13.129318854886474,중립,,0.0,,32.3,관찰,32.3
2026-10-02T17:30:25+09:00,BTT,KRW-BTT,,0.000506,-0.78431373,819509107.913654,1790929769688,False,False,,818345760.137258,691075120.4610466,1921823471.5873723,5528203155.845686,1454488743.0162747,1.184163249273543,0.301560815284839,0.3870678897002285,2,0.7905138339920903,2.204408817635284,중립,,,,,,,,,,,,,,NO_DATA,,0.0,,32.2,관찰,32.2
2026-10-02T17:30:25+09:00,SNT,KRW-SNT,,11.6,0.0,225294676.5455925,1790929705178,False,False,,156808640.3338312,151689020.78504086,259219304.67705002,723669568.560577,393098547.9477693,1.0337507587714299,0.414626376452294,0.41060397925857783,2,2.65486725663715,-4.91803278688524,중립,,,,,,,,,,,,,,NO_DATA,,0.0,,32.1,관찰,32.1
2026-10-02T17:30:25+09:00,ATOM,KRW-ATOM,ATOMUSDT,2362.0,1.32990133,1808984040.8209927,1790929801478,False,False,,1836599915.570257,1508391280.0048594,1966515423.853107,3303458517.173811,1352849862.5475645,1.2175885262107455,0.8128508227345251,0.9212850389049521,2,-1.0611205432937143,-8.408644400785859,중립,2346345.2871,-0.171,2389658.23021,3732390.11574,6888410.09964,5923038.9605,4273829.47847,0.6402487832481617,0.43333198627087527,0.47926272222811817,1,-1.5561959654178725,-8.516336368505629,감소형,,0.0,,31.9,관찰,31.9
2026-10-02T17:30:25+09:00,PROVE,KRW-PROVE,PROVEUSDT,305.0,-3.4810126599999998,511081006.2256135,1790929804862,False,False,,593618239.4372921,462360684.01245195,981135744.5345285,637196084.3189248,497179926.4486892,1.2838856329343635,0.8558951922497005,0.7475794549478529,2,3.267973856209161,-4.53172205438066,중립,1231154.87528,-5.88,922087.23162,1253178.14936,1276475.37215,1337800.51449,808369.55342,0.7357990019941789,0.7152668575011863,0.7943469609631162,1,2.8444444444444494,-4.773662551440328,감소형,,0.0,,31.9,관찰,31.9
2026-10-02T17:30:25+09:00,RE,KRW-RE,REUSDT,683.0,-2.56776034,8906876021.962456,1790929799033,False,True,입금량급등,9498351808.64271,2038267057.4670746,2749752111.1687074,2646655439.8827677,3506531385.8571577,4.660013403958055,3.832723949112565,3.43926162528382,2,11.802232854864435,4.940119760479034,일회성 폭증형,3533260.68161,-2.655,3722112.14253,1623328.26144,2580097.57274,1429378.21038,1743439.12579,2.2928893871583553,1.9823761556864603,1.9158041436449298,2,11.681837884698743,4.991850040749779,고수준 유지형,,0.0,,31.8,관찰,31.8
2026-10-02T17:30:25+09:00,ETHFI,KRW-ETHFI,ETHFIUSDT,994.0,0.4040404,1191814449.159652,1790929804821,False,False,,1341932722.1885378,1217348496.7645085,5214060657.923823,1299908436.9530792,1237463121.7685735,1.1023406409546253,0.5207130762443442,0.6497628770139534,2,2.590673575129543,-0.30211480362537513,중립,7114648.40187,-2.436,6067214.02894,7309627.98945,14579340.70261,7101277.38769,6812319.25748,0.8300304800322015,0.6278540043002271,0.7216834010797413,1,2.268244575936884,-0.5343929843792838,중립,,0.0,,31.8,관찰,31.8
2026-10-02T17:30:25+09:00,VET,KRW-VET,VETUSDT,12.1,1.6806722699999999,547763663.5488422,1790929730084,False,False,,850833237.6705239,715076914.9281629,932049539.7281693,1247643267.6484022,774775244.77991,1.1898485602153708,0.881762612529795,0.8899699948073861,2,-1.6528925619834656,-7.03125,중립,1393740.5698786,2.181,1406459.1958593,1311552.0791592,1749419.1301142,1829585.245505,1805608.0399451,1.0723624461492542,0.8627602250568617,0.7174943036094623,2,-0.8324895938800703,-5.428602081321743,중립,,0.0,,31.7,관찰,31.7
2026-10-02T17:30:25+09:00,CARV,KRW-CARV,,58.6,-1.01351351,350434510.4735122,1790928917964,False,False,,399325904.5771449,346255799.12193775,498073383.1644702,926083582.1919852,873398090.2665765,1.1532684956895638,0.6766657684398182,0.6370774013659278,2,3.677758318739066,0.16920473773265332,중립,,,,,,,,,,,,,,NO_DATA,,0.0,,31.7,관찰,31.7
2026-10-02T17:30:25+09:00,UNI,KRW-UNI,UNIUSDT,12330.0,0.65306122,8930150583.499636,1790929826568,False,False,,7713943947.179135,6655654419.180832,8982019306.356514,9641048591.838934,9427454122.886324,1.1590060813476786,0.9154668321836028,0.8811210422644405,2,2.4247491638796026,-7.126611068991662,중립,62513498.62511,2.25,63970701.68659,68210697.91752,81224895.07486,115959384.26661,65096632.36703,0.9378397178099983,0.7231188285545038,0.8350918129164423,1,1.9984103553991162,-7.401298835171632,중립,,0.0,,31.6,관찰,31.6
2026-10-02T17:30:25+09:00,UP2,KRW-UP2,,92.0,-0.5405405400000001,1465106510.8368986,1790929827236,False,False,,1770194365.5762312,1743814432.0797217,6040406810.521175,1456511938.019588,1398915526.0265374,1.0151277183003056,0.5746928293380402,0.6340289174782221,2,4.0494938132733305,-7.221664994984955,중립,,,,,,,,,,,,,,NO_DATA,,0.0,,31.6,관찰,31.6
2026-10-02T17:30:25+09:00,ORCA,KRW-ORCA,ORCAUSDT,2330.0,0.30133448,795581692.5336425,1790929819786,False,False,,1053387312.5792247,714907045.0583446,1043339764.4454974,1839671749.0359619,11125809928.916687,1.4734605286946867,0.8783305920688235,0.3400218882569752,2,0.8684324793747367,3.7980339588918666,중립,1278129.39225,2.98,1446157.23108,966165.45954,1106594.38113,1926392.44626,4562602.29677,1.4968007982489133,1.084847833231798,0.8020422642548833,2,0.41224970553592755,3.7735849056603765,중립,,0.0,,31.6,관찰,31.6
2026-10-02T17:30:25+09:00,ID,KRW-ID,IDUSDT,50.8,2.0080321299999997,835764460.9607525,1790929811017,False,False,,865318248.9650791,566144790.6956267,682789129.7698361,1557882123.1473405,955521246.9697388,1.5284398323295627,0.9248752702559889,0.9412204832314153,2,-3.300970873786413,-8.11808118081182,중립,388462.3035,2.18,326918.2381,301287.2875,318518.3322,535159.3276,271982.9593,1.0850714638930792,0.8491640517686213,0.9283394064386329,2,-3.4391534391534417,-8.521303258145362,중립,,0.0,,31.4,관찰,31.4
2026-10-02T17:30:25+09:00,MOVE,KRW-MOVE,MOVEUSDT,13.8,-0.71942446,11202041380.870789,1790929819772,False,True,"거래량급등,입금량급등",14979745176.309935,982136464.7263615,1316580164.9749055,1841143555.3561778,1685799758.8939643,15.252203450651356,10.855254409589737,10.077209153821807,2,13.008130081300816,5.3030303030303205,일회성 폭증형,4104702.7029492,3.413,6161631.6041352,780677.5778592,843649.1309715,978988.4941604,1741353.5408115,7.892671416325075,7.100521208944361,6.13231009587043,2,12.560867640548912,5.02891367203635,일회성 폭증형,,0.0,,31.3,관찰,31.3
2026-10-02T17:30:25+09:00,WCT,KRW-WCT,WCTUSDT,57.9,2.2968197900000002,363191841.6090342,1790929808332,False,False,,342383233.1888593,211766808.1518971,417221597.22118676,863406033.019258,734146555.6611935,1.6167936617492624,0.6882561829117096,0.5904771323694202,2,0.35460992907800915,-5.823627287853572,중립,370682.283897,2.559,282862.713291,366816.622704,453315.968836,555394.801332,884896.550629,0.7711283943619263,0.6169183865551455,0.47538640648192526,1,-0.2160345655304874,-5.608537693006355,중립,,0.0,,31.0,관찰,31.0
2026-10-02T17:30:25+09:00,BREV,KRW-BREV,BREVUSDT,119.0,1.70940171,201601574.9904987,1790929620475,False,False,,208676007.7924672,196518570.3082608,204934693.68146637,600571775.5594938,312734147.50547904,1.061864064373846,0.6247628538893915,0.6495710845030634,2,1.7391304347825987,-6.399999999999995,중립,262494.08007,1.267,243739.21739,221796.12801,182834.37635,331395.3849,228717.56897,1.0989335998643344,0.9934672989630376,1.0797478515478032,3,1.1737089201877993,-5.792349726775958,중립,,0.0,,31.0,관찰,31.0
2026-10-02T17:30:25+09:00,ZKC,KRW-ZKC,ZKCUSDT,58.6,2.62697023,8171783528.506646,1790929818166,False,False,,1116531910.1765485,1059881170.4734648,1257073907.30738,2608535424.32849,2417817042.4090457,1.0534500859919766,0.680053231063015,0.5169729319457885,2,-1.551724137931032,-5.930807248764413,중립,1718314.47763,3.819,404485.69372,410784.48121,291629.10686,796276.27337,776929.46989,0.9846664424336421,0.8096785815272434,0.6522107178329105,1,-1.4084507042253391,-5.829596412556048,중립,,0.0,,30.9,관찰,30.9
2026-10-02T17:30:25+09:00,KAITO,KRW-KAITO,KAITOUSDT,477.0,0.8456659599999999,1685854335.5676582,1790929799356,False,False,,1605494160.9923124,1598554152.4847195,1686293984.324753,2504874792.559625,1416279118.6572537,1.0043414284694738,0.8319020688442144,0.8132150031959473,2,4.185022026431717,-3.469387755102038,중립,1894210.22212,2.849,1779458.10794,2712955.59141,2432824.35459,2800010.40681,1510200.046,0.6559112554493254,0.6718493802107556,0.7722688139763207,1,3.949730700179521,-3.473186996387889,감소형,,0.0,,30.9,관찰,30.9
2026-10-02T17:30:25+09:00,ADA,KRW-ADA,ADAUSDT,346.0,2.97619048,16686385389.800238,1790929828193,False,False,,16184194925.979229,15265457746.184877,23325980987.100357,27372354564.237602,13020394514.746384,1.060184057043685,0.7360490103858385,0.8434025438742734,2,0.29850746268655914,-2.8901734104046284,중립,43595686.78695,4.057,35642723.99314,35362507.3654,42122114.97634,56126026.63776,28652083.37617,1.0079241164899457,0.8002967787083055,0.8708641512355229,2,-0.3639304488475492,-2.99212598425197,중립,,0.0,,30.5,관찰,30.5
2026-10-02T17:30:25+09:00,IOTA,KRW-IOTA,IOTAUSDT,75.7,1.20320856,2155067644.057272,1790929810367,False,False,,2990623695.14122,2162489715.336786,5414772188.6904,19649358940.08074,1239698535.8889723,1.3829539506852455,0.32952569240208335,0.4985563953213854,2,-1.5789473684210575,7.471264367816088,중립,1688134.4535,2.186,2548062.6844,1402804.8874,3319125.6049,9145048.1787,1163520.2214,1.8164056222548917,0.5512511582055205,0.7822437954680089,2,-1.7889087656529523,7.017543859649122,중립,,0.0,,30.4,관찰,30.4
2026-10-02T17:30:25+09:00,DOT,KRW-DOT,DOTUSDT,1661.0,3.48909657,1969460606.677041,1790929824336,False,False,,2049593702.0500307,1675950447.9663336,2780749267.597658,4014464577.8655586,2054063317.6555839,1.2229440939241916,0.7258484068027394,0.7174064591199131,2,-0.1865671641791078,-4.9733570159857905,중립,12578172.15032,0.737,10888002.07453,13438525.54572,12735964.23096,16657611.71083,12395495.1393,0.810208087002349,0.762605734699124,0.7508498767096975,1,-0.5076142131979711,-5.390185036202744,중립,,0.0,,30.2,관찰,30.2
2026-10-02T17:30:25+09:00,MINA,KRW-MINA,MINAUSDT,222.0,7.246376810000001,3676590750.043814,1790929777403,False,False,,1802552404.645452,968972339.1486241,1577652060.3702743,1607538276.595507,872124287.9060602,1.8602723027462715,1.3017442106996173,1.4688281367475482,2,1.9704433497536922,5.612244897959173,중립,2982610.13592,13.646,1587275.43369,1464938.05725,2280109.3876,2426842.60626,1113391.81242,1.0835102725569525,0.7715345318268587,0.9146779973133063,2,1.5415549597855183,4.338842975206614,중립,,0.0,,30.0,관찰,30.0
2026-10-02T17:30:25+09:00,GEOD,KRW-GEOD,,366.0,-3.6842105299999997,867280656.0684764,1790929788441,False,False,,916023298.0157992,639672172.8855157,939603131.0176567,1045785396.0776638,3393315658.6610503,1.4320199265253062,1.046859561787451,0.6327102863279572,2,8.571428571428562,5.84958217270195,중립,,,,,,,,,,,,,,NO_DATA,,0.0,,29.1,관찰,29.1
2026-10-02T17:30:25+09:00,OPG,KRW-OPG,OPGUSDT,179.0,2.87356322,479554091.261822,1790929783364,False,False,,225609811.47142154,171222417.62468308,349684736.0523854,565421743.9761583,801978487.778165,1.3176417819654596,0.6230428334148201,0.16147612079301354,2,4.819277108433728,-6.451612903225811,중립,654851.77145,3.193,646875.65915,446212.28128,622162.47918,949182.75921,784708.41184,1.4497038434136753,0.9618694676756561,0.6658337237222278,2,3.8961038961038863,-6.705539358600577,중립,,0.0,,29.0,관찰,29.0
2026-10-02T17:30:25+09:00,SKY,KRW-SKY,SKYUSDT,114.0,-0.8695652200000001,752544958.04597,1790929744876,False,False,,624767159.462247,579216531.0750043,1067373307.0822468,1440338225.1071994,678908052.5319871,1.0786417961909727,0.607173682047081,0.7205657840247127,2,6.481481481481488,8.490566037735858,중립,4402214.08935,8.57,3614469.94956,3296730.23036,6366773.13907,7091214.80052,4456765.84562,1.0963802607425672,0.6471854518047294,0.7480139105229884,2,7.174603174603167,7.98362333674516,중립,,0.0,,28.9,관찰,28.9
2026-10-02T17:30:25+09:00,XTZ,KRW-XTZ,XTZUSDT,433.0,-2.47747748,664842369.7577056,1790929647346,False,False,,587869555.5952792,611478281.3015581,364886446.08907735,413796077.65273345,439354285.68350655,0.961390737123113,1.268636448666684,1.296323297523354,1,4.470588235294115,-1.3333333333333308,중립,798751.23373,0.688,651664.51005,948873.93806,718316.60531,1047005.08173,547586.59345,0.6867766980536391,0.7202846810564628,0.7818176832476617,1,4.054916985951484,-0.912131346913958,감소형,,0.0,,27.1,관찰,27.1
2026-10-02T17:30:25+09:00,MORPHO,KRW-MORPHO,MORPHOUSDT,3532.0,0.25546409,3186254751.635752,1790929808364,False,False,,2501285809.4969273,2519819040.9005857,1782694528.9236295,2148589155.0947676,1439537297.7488236,0.9926450149384399,1.163189883724107,1.300222113539731,1,2.3532829750145368,-5.21926284638149,중립,5761116.6372,5.314,4938890.67925,6083212.18676,6573219.99119,6294724.20312,4086786.04356,0.8118886087845835,0.7818347197298278,0.898539810623509,1,1.8131651556957173,-5.315249266862166,중립,,0.0,,26.8,관찰,26.8
2026-10-02T17:30:25+09:00,META2,KRW-META2,,8060.0,-2.83303195,1585050659.7614944,1790929797669,False,False,,8149322741.818998,1287005824.3900883,1691268972.1821597,6914874035.885461,37052125116.073135,6.332001446598706,2.4712019034068753,0.5765074840574916,2,-0.24052916416115178,-3.7703016241299347,일회성 폭증형,,,,,,,,,,,,,,NO_DATA,,0.0,,26.8,관찰,26.8
2026-10-02T17:30:25+09:00,AWE,KRW-AWE,AWEUSDT,101.0,-0.98039216,598349197.0096611,1790929801487,False,False,,962733226.5568477,841607378.0821661,1524237212.027118,1175608786.4447358,2928508554.087917,1.1439220373170922,0.8155407886467448,0.42946208853945517,2,14.47811447811449,6.25,중립,312886.59881,-0.282,670171.05027,495430.57281,304235.33428,410411.71818,718133.10357,1.3527042678632064,1.6614745276042948,1.1351900880947716,3,14.477498093058738,6.258850184083808,가속형,,0.0,,26.6,관찰,26.6
2026-10-02T17:30:25+09:00,CC,KRW-CC,,162.0,-1.2195121999999998,3162864686.1178107,1790929827218,False,False,,2211843173.560329,2295551689.879947,6638049645.136911,6760360664.637764,1805957812.103909,0.9635344668174316,0.42280779836391946,0.49678005925620045,1,-7.86516853932584,-10.869565217391308,중립,,,,,,,,,,,,,,NO_DATA,,0.0,,25.0,관찰,25.0
2026-10-02T17:30:25+09:00,CP,KRW-CP,,17.1,-0.58139535,1379294661.1384587,1790929826893,False,False,,1501656959.477723,1559368626.9336069,2482848400.520668,4133863892.8922143,2231776752.114995,0.9629903625999132,0.5509939202316817,0.5500135375373051,1,-1.1494252873563204,-5.494505494505497,중립,,,,,,,,,,,,,,NO_DATA,,0.0,,25.0,관찰,25.0
2026-10-02T17:30:25+09:00,VTHO,KRW-VTHO,VTHOUSDT,0.903,-1.63398693,1034093371.5449401,1790929820761,False,False,,1105796104.2251985,1456425584.3714652,1537656722.442391,2198760936.602741,3059187680.823201,0.7592534188435145,0.6388385239399104,0.4405528599955005,1,-4.870466321243516,-15.77981651376147,중립,21006452.894622,-3.746,60449746.297602,16426085.509167,17559804.567635,16763983.51243,76111215.052677,3.6801066367191657,3.5733929183871758,2.044804291120723,2,-5.3521126760563416,-15.577889447236192,고수준 유지형,,0.0,,25.0,관찰,25.0
2026-10-02T17:30:25+09:00,QUID,KRW-QUID,,89.6,-1.53846154,967882180.4432186,1790929793268,False,False,,975418907.4278814,1200671862.9489586,1928034536.8922777,2261428796.9831176,2572799367.912117,0.8123942415308745,0.5428911549394297,0.4233594119723912,1,-1.6216216216216162,-7.801418439716312,중립,,,,,,,,,,,,,,NO_DATA,,0.0,,25.0,관찰,25.0
2026-10-02T17:30:25+09:00,TAIKO,KRW-TAIKO,,122.0,0.0,374471745.0963656,1790929409041,False,False,,356222726.78254354,460731531.03238696,1199204088.136758,2385840105.142615,16866060178.749851,0.7731676752931047,0.26414419710065,0.08385038456735357,1,-3.937007874015752,-2.400000000000002,중립,,,,,,,,,,,,,,NO_DATA,,0.0,,25.0,관찰,25.0
2026-10-02T17:30:25+09:00,TOKAMAK,KRW-TOKAMAK,,495.0,-1.0,232366944.60457033,1790929547518,False,False,,183531915.4556941,200033968.95660233,403869399.9760191,1114295636.9996495,335766775.29606783,0.9175037440541493,0.32044934519580676,0.18220948309900506,1,0.0,-6.191369606003749,중립,,,,,,,,,,,,,,NO_DATA,,0.0,,25.0,관찰,25.0
2026-10-02T17:30:25+09:00,VVV,KRW-VVV,,39500.0,10.15058561,1716774020.775455,1790929816237,False,False,,1010091793.4748545,892334392.6737078,1026920297.1880865,1360192201.9195788,3446086691.2242074,1.131965552115849,0.9240202633007235,0.6635936248123472,2,-5.232558139534882,-10.951080208592002,중립,,,,,,,,,,,,,,NO_DATA,,0.0,,24.9,관찰,24.9
2026-10-02T17:30:25+09:00,EUL,KRW-EUL,EULUSDT,1862.0,0.10752687999999999,660931407.6909654,1790929815261,False,False,,726573924.6238754,751837610.2869008,783865226.5347394,5880425340.432155,1410705228.3242621,0.9663974170520881,0.2939164105276806,0.33441833788873354,1,-3.3264033264033266,-10.144927536231885,중립,585247.81231,0.437,571192.84601,632013.49955,630942.17462,2171678.31016,688931.24688,0.9037668442473066,0.49891154220448053,0.528452760192843,1,-3.669724770642202,-10.138248847926267,중립,,0.0,,24.9,관찰,24.9
2026-10-02T17:30:25+09:00,USDT,KRW-USDT,,1351.0,-0.95307918,74331009253.7927,1790929827210,False,False,,60350850647.97362,72578772368.23082,83961507289.44925,99235751784.747,46114573562.700485,0.8315220646304344,0.7078558179313771,0.8735635949158936,1,0.3679175864606421,0.2941176470588225,중립,,,,,,,,,,,,,,NO_DATA,,0.0,,24.8,관찰,24.8
2026-10-02T17:30:25+09:00,ZK,KRW-ZK,ZKUSDT,18.3,10.24096386,4114054182.9679475,1790929811663,False,False,,267601713.31819445,220752687.26523867,577623494.3710495,639002411.6098866,534990852.2840566,1.2122240351106837,0.5585203117165735,0.5539694028700043,2,-1.7751479289940697,-5.142857142857138,중립,4339027.018321,11.901,1613044.742712,1704433.016156,1775158.325031,2115466.599644,2083114.360618,0.9463820093968212,0.8648943906052334,0.819923735702253,1,-2.168674698795181,-5.28771384136858,중립,,0.0,,24.8,관찰,24.8
2026-10-02T17:30:25+09:00,TRX,KRW-TRX,TRXUSDT,452.0,-0.87719298,3093785344.316662,1790929822054,False,False,,2606326074.707076,2686183392.1002235,2784883479.4634333,3797993611.610182,2841601413.3366075,0.9702710851284394,0.8435567162729221,0.9074483603988043,1,0.219780219780219,0.4405286343612369,중립,35479495.7045,-0.947,35090235.10203,36499167.989,22580827.2263,27789365.75602,18884655.34943,0.9613982190664012,1.211827785182456,1.4706416067408605,1,-0.23837902264601807,0.14956625785222943,중립,,0.0,,24.8,관찰,24.8
2026-10-02T17:30:25+09:00,LINEA,KRW-LINEA,LINEAUSDT,3.92,0.51282051,524082683.8970953,1790929812655,False,False,,551315240.3235275,709330455.6454579,823465791.6112721,1634726239.6158504,920766905.2231573,0.7772332851856137,0.522157530948924,0.5040487992857628,1,-2.7431421446383997,-2.010050251256279,중립,1228812.577232,0.276,958884.230438,1025780.070951,1133657.205596,3289059.696665,955986.056151,0.9347853965899524,0.5279717884505228,0.6394179180502595,1,-3.017972193964047,-1.9876627827278948,중립,,0.0,,24.6,관찰,24.6
2026-10-02T17:30:25+09:00,T,KRW-T,TUSDT,7.38,0.40816326999999997,592119882.8025665,1790929771053,False,False,,797120448.607119,880027443.9393383,1259362871.725729,3527431156.6495466,10410323084.293438,0.9057904433512937,0.4219934150924654,0.18543697713225532,1,0.4098360655737654,-5.283505154639179,중립,222181.746301,1.484,269155.332495,375798.242745,404006.117108,489263.634452,1527840.209048,0.716222967220304,0.6362669306203766,0.37275196263765553,1,0.18587360594795044,-5.27240773286467,감소형,,0.0,,24.5,관찰,24.5
2026-10-02T17:30:25+09:00,KAT,KRW-KAT,KATUSDT,6.72,-0.44444444,574928141.4998186,1790929802306,False,False,,511207143.20382804,630932144.4739393,403636264.2801938,1025208328.5463567,776008678.4990764,0.8102410816777517,0.7445571172055393,0.7460583726574805,1,1.6566265060240948,-3.0172413793103425,중립,620005.96293,0.81,638270.97887,667691.11249,572486.77842,802395.99511,396609.88487,0.9559375090222717,0.9374510022455319,1.0820201942019567,1,0.8146639511201759,-3.8834951456310662,중립,,0.0,,24.4,관찰,24.4
2026-10-02T17:30:25+09:00,AGLD,KRW-AGLD,AGLDUSDT,286.0,0.70422535,311155320.3057477,1790929774760,False,False,,316931606.2349121,371515332.04418707,1082641896.3506818,779252246.4075727,244799300.08882564,0.8530781340599345,0.42571450933279475,0.5521273625049586,1,-3.7288135593220306,-6.578947368421051,중립,225517.05879,2.406,176910.30406,252412.94355,434129.37834,397404.81249,148869.71918,0.7008765143811104,0.4896280412084575,0.6113927107442825,1,-4.4933516735442325,-7.0918822479928645,감소형,,0.0,,24.4,관찰,24.4
2026-10-02T17:30:25+09:00,BSV,KRW-BSV,,27150.0,0.9293680299999999,2352354034.441381,1790929830169,False,False,,807172019.9391148,867597760.6033612,1037673342.4501705,1890427629.9000912,1100154631.3252623,0.9303528162379948,0.6379631868025105,0.6654986114010021,1,-2.606806661839245,-7.1453227476700025,중립,,,,,,,,,,,,,,NO_DATA,,0.0,,24.3,관찰,24.3
2026-10-02T17:30:25+09:00,GAS,KRW-GAS,GASUSDT,1936.0,0.8333333300000001,763532013.7327447,1790929830168,False,False,,907499787.0226144,979758789.1358341,1319662120.1314473,2580051255.4184575,1752705454.3112159,0.926248171576033,0.5579495628177613,0.24164369064549296,1,0.10427528675704956,-7.6479076479076475,중립,238922.6384,1.27,287903.367,336636.6885,259084.1658,552150.103,418141.0687,0.8552346694082931,0.7524452949237451,0.4428935737910384,1,-0.283286118980175,-7.672131147540984,중립,,0.0,,24.3,관찰,24.3
2026-10-02T17:30:25+09:00,HYPER,KRW-HYPER,HYPERUSDT,98.9,0.8154943899999999,283551931.65871394,1790929737729,False,False,,278938763.13762057,328061042.15125453,311882711.6163261,771847948.7914499,414976004.8280189,0.8502648205604803,0.5927335370338546,0.6286320923710631,1,-1.4070351758794009,-4.757281553398062,중립,608826.93838,1.385,607143.87783,472478.66727,453164.4098,749052.23898,414802.20092,1.285018604835856,1.0876197097070157,1.1920110150833167,3,-1.7759562841530019,-4.894179894179884,중립,,0.0,,24.3,관찰,24.3
2026-10-02T17:30:25+09:00,FIL,KRW-FIL,FILUSDT,1404.0,1.00719424,3149094802.3170853,1790929800030,False,False,,4112998272.945681,4501844335.646726,3059981427.6595926,5001038147.688715,6401116537.707158,0.913625164774787,0.9821800909614201,0.5497508608606714,1,-3.87275242047026,-9.798831927319917,중립,13495179.069432,1.649,13754584.069804,15188427.267097,17034841.279719,19193415.495163,12959961.239863,0.9055963351518848,0.802536238543161,0.7081680489716032,1,-4.0346092353992224,-9.977944419938245,중립,,0.0,,24.2,관찰,24.2
2026-10-02T17:30:25+09:00,LAYER,KRW-LAYER,LAYERUSDT,106.0,0.9523809499999999,737442687.850886,1790929763570,False,False,,708239292.6194296,815671339.7243128,941970506.8784773,2726176390.420811,1350579788.9927747,0.8682900307111514,0.47386351665956367,0.5161561549122872,1,-4.545454545454541,-5.405405405405405,중립,395569.819607,0.903,417737.230004,491071.255861,612577.231097,913751.683328,666666.772354,0.8506652039154222,0.6212013404531121,0.6720590108601319,1,-5.074257425742568,-6.463414634146336,중립,,0.0,,24.2,관찰,24.2
2026-10-02T17:30:25+09:00,VANA,KRW-VANA,VANAUSDT,1487.0,1.01902174,313135205.3906175,1790929703822,False,False,,272761378.5906982,291089516.09407747,723666198.0693655,742746115.2827972,570330580.8217007,0.9370360782850874,0.46559504067766594,0.47881197729735586,1,-0.540540540540535,-6.301718650541055,중립,273642.98163,2.039,314351.00811,336246.39531,364224.39352,314543.89422,287243.71728,0.9348829087675016,0.9291028396714778,0.9182753790090246,1,-1.0999083409715893,-6.580086580086586,중립,,0.0,,24.2,관찰,24.2
2026-10-02T17:30:25+09:00,ELF,KRW-ELF,,104.0,0.0,169813159.04558337,1790929810696,False,False,,179960800.26932043,218095407.93345535,1045164091.7712574,310517648.368578,1228603256.108883,0.8251471315903613,0.3430488245867063,0.29895385708170485,1,1.9607843137254832,0.9708737864077666,중립,,,,,,,,,,,,,,NO_DATA,,0.0,,24.1,관찰,24.1
2026-10-02T17:30:25+09:00,KNC,KRW-KNC,KNCUSDT,188.0,1.07526882,115052431.02302745,1790929462076,False,False,,135366073.7907144,159500921.75708655,243639387.35145375,267052209.22614554,282367681.0104984,0.8486852132232281,0.6059426362759587,0.6156099099512448,1,-2.1052631578947323,-6.5326633165829096,중립,145984.17857,0.578,143136.04358,267147.28938,183209.9391,272241.37225,182999.15179,0.5357944821831904,0.5942554141485931,0.7032552868654768,1,-1.6475644699140424,-5.958904109589036,감소형,,0.0,,24.1,관찰,24.1
2026-10-02T17:30:25+09:00,ENA,KRW-ENA,ENAUSDT,336.0,1.20481928,23288531319.011215,1790929812982,False,False,,24151468039.281754,29920917833.593338,15244514401.196398,31121668550.107548,32886600909.365326,0.8071767107413395,0.9497595710465014,0.7967905496837854,1,-4.871060171919773,-9.53678474114441,중립,63441374.959598,-4.368,61551418.085873,102964877.643334,42776563.593053,71001695.818066,55822219.623208,0.5977904261595349,0.8519497169187311,0.8789297273306863,1,-5.222135619641466,-9.792284866468847,감소형,,0.0,,24.0,관찰,24.0
2026-10-02T17:30:25+09:00,DOS,KRW-DOS,,290.0,-1.6949152499999998,1057805994.5146743,1790929762600,False,False,,845918372.4131896,918425954.92722,1302023647.03011,2289337513.910077,1600798639.8116198,0.9210523372896445,0.5627217099252058,0.5393928375893209,1,2.7874564459930307,-6.645569620253166,중립,,,,,,,,,,,,,,NO_DATA,,0.0,,24.0,관찰,24.0
2026-10-02T17:30:25+09:00,WAL,KRW-WAL,WALUSDT,46.9,1.29589633,410875953.8856131,1790929686989,False,False,,447165713.3554803,531205278.0928564,513464051.86685574,976268462.8910679,1592914804.3924878,0.8417945600256522,0.6637993236665117,0.49889387609017893,1,-0.43010752688172893,-7.584830339321369,중립,383734.821283,0.553,550465.962733,390132.922401,345372.675666,508045.392743,435918.807438,1.4109702901904828,1.3279695809846488,1.2411314183883726,3,-1.3957545798196969,-7.77807995648625,중립,,0.0,,24.0,관찰,24.0
2026-10-02T17:30:25+09:00,MOC,KRW-MOC,,30.5,0.9933774799999999,128853856.6350303,1790929752927,False,False,,120043223.0762675,133781573.05789398,152436790.5075433,475606468.01536703,664498369.9833472,0.8973076062150861,0.472719783209908,0.3092488287873588,1,0.6666666666666599,-1.3071895424836666,중립,,,,,,,,,,,,,,NO_DATA,,0.0,,24.0,관찰,24.0
2026-10-02T17:30:25+09:00,ANKR,KRW-ANKR,ANKRUSDT,6.8,1.34128167,324984842.6338707,1790929827211,False,False,,339816666.95248264,374801148.7818206,508964198.0687297,431293025.037231,3181360754.9715753,0.906658552293544,0.7752127378148361,0.29963792387468813,1,-1.3235294117647012,-4.142857142857148,중립,330546.140267,2.653,336000.561961,353546.982769,408070.55089,376590.529807,938096.641569,0.9503703279530902,0.8856040632970887,0.682570801025035,1,-1.002004008016022,-3.891050583657585,중립,,0.0,,23.9,관찰,23.9
2026-10-02T17:30:25+09:00,SC,KRW-SC,SCUSDT,1.4,1.44927536,1248440421.6169856,1790929795983,False,False,,586079796.8239911,597672930.021626,874035496.0454645,2479596004.6933637,10782846319.552984,0.9806028805801603,0.4449769490764316,0.18189370625233817,1,-6.1224489795918435,-5.47945205479452,중립,425300.914185,1.079,318755.071037,294453.672906,353987.362288,585321.343984,1694167.148409,1.0825304635909836,0.7750805416421565,0.449881896524783,2,-5.637707948243998,-5.462962962962969,중립,,0.0,,23.8,관찰,23.8
2026-10-02T17:30:25+09:00,ETH,KRW-ETH,ETHUSDT,3729000.0,1.08430469,91840950001.26683,1790929827860,False,False,,69919574478.80243,79562019962.6668,90415076982.755,102509171733.25249,52618705914.91758,0.8788059241282596,0.7697955733826808,0.9748733231588529,1,1.0131434830229935,0.5177111716621274,중립,832596745.185923,3.187,709347817.568287,732267196.250156,853836574.439267,779141918.865414,413981188.407887,0.9687007982888812,0.8997134894283983,1.177678734452556,1,0.6586801849213897,0.37421235531258645,중립,,0.0,,23.7,관찰,23.7
2026-10-02T17:30:25+09:00,SAHARA,KRW-SAHARA,SAHARAUSDT,12.8,1.5873015899999998,1893218727.6755955,1790929772753,False,False,,1844238570.2247522,2448638610.1829057,3080808847.913265,7075726463.627898,3911595547.3575625,0.753168949699357,0.43892418661031224,0.4474459546546232,1,-0.7874015748031482,-5.97014925373135,중립,642765.32414,2.384,636914.20449,1138853.20015,1372588.333,2060199.42345,1026390.15343,0.5592592657298686,0.4179555287935492,0.4391805583998852,1,-0.8574490889603492,-5.612244897959185,감소형,,0.0,,23.7,관찰,23.7
2026-10-02T17:30:25+09:00,INJ,KRW-INJ,INJUSDT,10190.0,1.59521436,555620444.4727854,1790929584475,False,False,,598216115.2157673,642193745.9552627,1324480088.419186,1107672969.409521,901449146.6057216,0.931519683870358,0.5837494792189389,0.5550492349961328,1,-0.594648166501488,-5.198487712665411,중립,6997954.86614,1.16,8847264.29564,12774018.803,14754616.20553,14115365.41038,9774427.57151,0.6925983460711835,0.6373497411374465,0.6857758235179137,1,-0.7282535401213819,-5.336934156378604,감소형,,0.0,,23.7,관찰,23.7
2026-10-02T17:30:25+09:00,AI,KRW-AI,AIUSDT,28.3,1.43369176,378781438.0806705,1790929800436,False,False,,329932034.4430802,434186136.50312585,354489478.8781454,648116812.3988975,596083938.2082591,0.7598861564312174,0.6888929007361673,0.6180795285175698,1,0.3597122302158251,-4.778156996587035,중립,215651.02773,1.579,262906.04823,313301.17978,307451.42178,496476.30434,442940.7781,0.8391479675072164,0.7059593074658561,0.6251865815013298,1,-1.058201058201047,-6.499999999999995,중립,,0.0,,23.7,관찰,23.7
2026-10-02T17:30:25+09:00,NEO,KRW-NEO,NEOUSDT,3492.0,1.5116279099999999,331690639.27637005,1790929813961,False,False,,273991712.79060096,297909430.1065034,511586101.39160067,1053985227.2233016,463981165.2367272,0.9197148028937794,0.4410966598527084,0.4166782794713204,1,0.291545189504383,-5.286343612334798,중립,459712.97655,2.983,456729.62246,830744.75813,432207.2272,947114.21632,702909.55116,0.549783333557343,0.6199763909140091,0.6571244454689605,1,0.3568596352101716,-5.134932533733139,감소형,,0.0,,23.7,관찰,23.7
2026-10-02T17:30:25+09:00,OPEN,KRW-OPEN,OPENUSDT,179.0,1.7045454500000001,1036073558.0171492,1790929391476,False,False,,615964525.9791826,694076503.2066075,808856955.7477189,1860351222.7360988,1359552016.0778334,0.8874591246547744,0.5494312116953405,0.49461651393154,1,-0.5649717514124242,-8.333333333333337,중립,1003025.22597,3.253,770020.58379,769727.57567,729862.16025,1424430.76676,762584.16012,1.0003806647043207,0.7900292591152221,0.8522484536785607,3,-0.4629629629629539,-8.250355618776673,중립,,0.0,,23.6,관찰,23.6
2026-10-02T17:30:25+09:00,AXL,KRW-AXL,AXLUSDT,71.8,1.69971671,429357208.49499935,1790929757762,False,False,,520749337.6614583,563508559.562091,571799227.5223174,3456235139.3677144,5812403481.727314,0.9241196585658585,0.3402446711287792,0.2419189125627473,1,-0.14144271570015743,-2.6206896551724257,중립,629323.710758,4.941,656795.46332,731745.808803,456180.788142,1640523.647627,1823949.653141,0.8975732493697438,0.6966310946219801,0.6465628694597851,1,-0.9578544061302652,-3.724394785847296,중립,,0.0,,23.6,관찰,23.6
2026-10-02T17:30:25+09:00,STRAX,KRW-STRAX,STRAXUSDT,15.9,1.27388535,382055858.6932632,1790929804157,False,False,,393354545.3045544,410660943.6760527,380996694.0882457,561699339.0882275,391431958.26539236,0.9578572088775251,0.8719529703523696,0.7801437621155569,1,1.2903225806451646,-3.0864197530864224,중립,168724.4559,1.639,171146.26694,183348.09106,193542.41548,316683.9645,160260.04183,0.933449952767673,0.7402792666951965,0.7373688010696015,1,0.5258545135845782,-4.4962531223980085,중립,,0.0,,23.5,관찰,23.5
2026-10-02T17:30:25+09:00,BTC,KRW-BTC,BTCUSDT,116714000.0,0.91390923,145403251795.73215,1790929832006,False,False,,92081396132.22375,117747705920.11533,95436693181.98767,134347415261.73451,72287952928.79047,0.7820228463278546,0.7948745322851682,0.953677630721241,1,1.9031340035419397,0.6982717339253819,중립,1731151565.5197973,3.661,1409485416.762407,1557658297.3238585,1126045075.038149,1746910498.4279687,813976178.3611975,0.904874592318469,0.9543725482747359,1.1900079100515337,1,1.6527423170368483,0.5293540092688787,중립,,0.0,,23.4,관찰,23.4
2026-10-02T17:30:25+09:00,POL,KRW-POL,POLUSDT,150.0,2.04081633,3516906966.7680345,1790929760007,False,False,,3615694142.5386906,3927142077.146339,4227628880.0489774,5489951437.785447,2439214404.6058927,0.9206934894410639,0.7949654169297129,0.9183243404423481,1,-7.547169811320753,-10.365853658536583,중립,8294517.63796,-0.394,9173885.922247,13247575.536117,15849082.794271,18307078.584333,9530285.679891,0.6924954605645495,0.5805799196011124,0.6715651114095306,1,-7.833076791517013,-10.570859608363758,감소형,,0.0,,23.4,관찰,23.4
2026-10-02T17:30:25+09:00,NXPC,KRW-NXPC,NXPCUSDT,321.0,1.2618296500000001,342359553.424085,1790929786041,False,False,,226889713.36251467,269249118.2353886,393698045.44696426,1028665328.4578537,391581005.8188522,0.8426757898020614,0.4023788800627561,0.41943601365107425,1,1.6025641025640969,-7.580174927113703,중립,311106.12791,2.818,229396.24429,177800.8445,269820.53928,895431.21774,211012.40439,1.2901864720333203,0.5124063883210102,0.6163573527579185,2,0.8268059181897325,-9.13725490196079,중립,,0.0,,23.4,관찰,23.4
2026-10-02T17:30:25+09:00,NEWT,KRW-NEWT,NEWTUSDT,68.0,0.89020772,216325892.31797227,1790929801476,False,False,,256033714.01773062,277902803.98266816,212108095.8201602,511271208.2365861,594594206.7364419,0.9213066955369711,0.7671176143926027,0.6758325290651229,1,2.4316109422492627,-3.021582733812944,중립,360420.314234,1.246,449470.447546,424109.915466,276408.169247,339787.142862,327835.303644,1.059797074190389,1.2961689578175146,1.3343464027608054,3,2.2098306484923613,-2.960784313725484,중립,,0.0,,23.4,관찰,23.4
2026-10-02T17:30:25+09:00,NEAR,KRW-NEAR,NEARUSDT,6720.0,2.36100533,55604999354.77078,1790929827861,False,False,,53203180862.96155,53981237223.89639,47859905913.321304,52856478258.43534,79909839221.04,0.9855865407880942,1.0317517564195051,1.0005776759110476,1,0.22900763358779663,-4.160583941605845,중립,237786385.9819,-4.802,230791674.2336,233188950.403,205643612.9107,231585436.0113,209530185.3042,0.9897195979258151,1.0327512438477293,1.1438594645973637,1,-0.2902757619738794,-4.545454545454552,중립,,0.0,,23.3,관찰,23.3
2026-10-02T17:30:25+09:00,TAO,KRW-TAO,TAOUSDT,422000.0,2.10500847,2602526086.439871,1790929824972,False,False,,2626274629.748786,2691113317.937377,2961503923.60242,3503286700.489166,4391027473.88628,0.9759063701418983,0.8605184085734737,0.6680723859795543,1,-1.1007418042593975,-5.509830818472794,중립,37857997.35526,2.22,33475328.2155,42066408.70719,44100848.50993,58979693.42493,47054426.2516,0.7957733793847344,0.6918917979487056,0.6671841971121917,1,-1.5574302401038298,-5.5417185554171855,중립,,0.0,,23.3,관찰,23.3
2026-10-02T17:30:25+09:00,CHIP,KRW-CHIP,CHIPUSDT,59.4,2.23752151,1659199886.6233327,1790929828195,False,False,,1489428210.3125777,1794685753.2066138,1556453050.3835177,2336803613.221547,2667956317.825542,0.829910310287679,0.7855713548946909,0.6515992368693995,1,-2.842809364548493,-12.235649546827798,중립,2573891.57462,2.999,2318953.76838,3144342.84593,1932589.57785,2746399.66829,2793611.35308,0.7375002924320502,0.8892453015246169,0.8272529885958622,1,-3.0482256596906288,-12.430655434559279,감소형,,0.0,,23.2,관찰,23.2
2026-10-02T17:30:25+09:00,SIGN,KRW-SIGN,SIGNUSDT,17.1,2.39520958,331658585.1259371,1790929271617,False,False,,341166760.6888493,410324621.19826305,1594020023.5569654,1517995582.4492009,1109105485.6723983,0.8314557378802826,0.2905739412001287,0.3269306661229481,1,-2.9069767441860517,-11.170212765957455,중립,365521.11535,3.429,353994.21613,366494.25644,682299.41149,851254.482,737698.21107,0.9658929435036141,0.5589240717026697,0.6048761685452001,1,-3.3175355450236976,-11.560693641618503,중립,,0.0,,23.1,관찰,23.1
2026-10-02T17:30:25+09:00,SHIB,KRW-SHIB,SHIBUSDT,0.00803,1.64556962,5721851402.4683485,1790929827211,False,False,,5063731011.991006,6244131140.531029,7767983503.001731,10333046871.257227,6164235630.590132,0.8109584661222159,0.6239922880258643,0.6703960252216018,1,2.199223803363526,-2.106567534076831,중립,4393360.83942962,3.659,3602777.22595702,4684844.91015352,4724454.10178291,5349305.0658219,4569829.53060953,0.7690280671081935,0.73234105481287,0.748600942242769,1,1.936619718309851,-2.360876897133224,중립,,0.0,,22.9,관찰,22.9
2026-10-02T17:30:25+09:00,CASHCAT,KRW-CASHCAT,,239.0,3.0172413799999998,4740186090.918309,1790929820753,False,False,,,,,,,,,,,,,NO_DATA,,,,,,,,,,,,,,NO_DATA,,0.0,,22.6,관찰,22.6
2026-10-02T17:30:25+09:00,AVNT,KRW-AVNT,AVNTUSDT,172.0,2.9940119800000002,1517523968.8088915,1790929755188,False,False,,920569402.5075862,1090231106.9395337,1231249650.3027768,5581408326.980525,1195438873.5401845,0.844380055428599,0.3494555191260593,0.3093143648200421,1,-0.5952380952380931,-5.649717514124298,중립,788982.69999,0.236,645981.49476,738519.51255,688065.24818,2611917.82875,831675.04443,0.874697937945499,0.47986708968026964,0.38097397105721237,1,-0.4051863857374438,-4.949729311678275,중립,,0.0,,22.6,관찰,22.6
2026-10-02T17:30:25+09:00,AAVE,KRW-AAVE,AAVEUSDT,245500.0,5.1391863,15763044737.902748,1790929825284,False,False,,10041403583.838585,6154306787.054549,22120412717.777035,4260627050.174973,3630293912.715418,1.631605951942542,0.9258918051045079,1.2252409274065053,2,14.911417322834652,10.245514636449471,중립,52977780.79237,10.272,39199996.43478,40773036.81145,74898658.72893,22323603.03165,15568836.4205,0.9614195924639037,0.8522028686575566,1.1462651799965682,1,14.698601726098893,10.151631971215625,중립,,0.0,,22.5,관찰,22.5
2026-10-02T17:30:25+09:00,2Z,KRW-2Z,2ZUSDT,79.9,3.09677419,2994952107.461532,1790929825921,False,False,,3082835864.707654,3312971312.419256,2620478011.3151684,4444744136.350129,11479689720.476973,0.9305350315443726,0.8911481203056715,0.2258981559487307,1,-15.85233441910966,-21.399594320486813,중립,2726131.03493,1.511,2969425.32324,2343001.5204,2261295.6006,3628614.58169,3276419.57963,1.2673595374931965,1.0820322495149963,0.5645196475358287,3,-16.353966612498162,-21.94651226909291,중립,,0.0,,22.5,관찰,22.5
2026-10-02T17:30:25+09:00,1INCH,KRW-1INCH,1INCHUSDT,143.0,2.87769784,227780176.38666418,1790929211643,False,False,,183767769.8207312,243767056.21062717,464705448.3838373,736676280.518855,261708655.09498495,0.7538663044851576,0.3814855017983244,0.4562886991417422,1,0.7246376811594235,-0.7142857142857117,중립,458378.87138,3.733,369538.0347,469497.71937,912519.08213,1006533.56184,448626.07704,0.7870922891720713,0.46413679238891287,0.5680178325478626,1,1.0848126232741562,-0.09746588693957392,중립,,0.0,,22.4,관찰,22.4
2026-10-02T17:30:25+09:00,ALT,KRW-ALT,ALTUSDT,10.7,2.88461538,158185593.37557232,1790929826569,False,False,,111243706.47318831,144877587.15920928,476207535.42511225,371176465.46272284,193897019.53793445,0.7678462117880254,0.33633380898721466,0.4059318094337604,1,1.9607843137255054,-6.306306306306297,중립,319599.02468,2.587,318953.25048,533337.13638,656924.15507,752242.4751,611606.01679,0.5980330802480391,0.4925909374885994,0.4033795892329822,1,1.726427622841964,-6.127450980392157,감소형,,0.0,,22.0,관찰,22.0
2026-10-02T17:30:25+09:00,ME,KRW-ME,MEUSDT,107.0,3.88349515,602624486.9132563,1790929788109,False,False,,640644072.372829,693039485.1545814,2172479974.030692,1450251751.6714628,1007617610.4761986,0.9243976513545029,0.44532764208716213,0.5065458295854307,1,0.0,-5.5045871559633035,중립,299676.9072767,3.695,242123.5032707,380105.2637768,721229.2165214,385998.0796171,365500.6937628,0.6369906611261146,0.48837128251496426,0.5413652386527865,1,-0.2773741909919414,-5.103066867772766,감소형,,0.0,,21.9,관찰,21.9
2026-10-02T17:30:25+09:00,ATH,KRW-ATH,,8.26,3.8993710700000004,568326760.3724483,1790929770708,False,False,,558695021.5622308,738919839.0840796,700897906.0643902,1785399226.7048416,1366851252.7325058,0.7560969296138474,0.5196813359578599,0.43445371482913975,1,-3.402187120291622,-8.41013824884792,중립,,,,,,,,,,,,,,NO_DATA,,0.0,,21.9,관찰,21.9
2026-10-02T17:30:25+09:00,HBAR,KRW-HBAR,HBARUSDT,142.0,1.42857143,9304073110.561937,1790929821733,False,True,입금량급등,11932059053.340208,10810733173.71919,30198576119.93635,98265617186.31361,8487655595.480886,1.1037233887473008,0.25701810128163244,0.3829431394394017,2,-15.662650602409634,9.375,중립,22595599.10398,-0.01,30306452.45712,47139510.31394,87862955.48141,200128977.21502,11052489.19023,0.642909785343227,0.2712946196712037,0.42773524805883584,1,-15.895124948791484,9.786096256684495,감소형,,0.0,,21.8,관찰,21.8
2026-10-02T17:30:25+09:00,PYTH,KRW-PYTH,PYTHUSDT,105.0,3.96039604,1270032776.1033685,1790929633424,False,False,,1237064928.8290472,1621571823.7009432,2475514151.4164877,2667062232.7613816,3991614836.613909,0.762880133181934,0.5486566338337144,0.43483036479807896,1,-9.009009009009006,-9.009009009009006,중립,1882859.448031,-0.155,1834466.470557,2740094.074432,4457764.302143,5875734.123815,10497146.137928,0.6694903243193467,0.4209554039187643,0.3103733392874877,1,-8.494398621199073,-8.347718865598042,감소형,,0.0,,21.8,관찰,21.8
2026-10-02T17:30:25+09:00,PEPE,KRW-PEPE,PEPEUSDT,0.0062,2.31023102,6107320408.94271,1790929808681,False,False,,4322788763.379305,4464254870.896714,3269241175.923696,4399875758.608813,4019480391.440557,0.9683113729819387,1.0688180085551373,1.077943301368626,1,5.759162303664933,1.8487394957983128,중립,41216406.51732893,7.209,30224003.06822363,42132381.67599123,31210276.95431895,39878458.28349142,23148639.9622677,0.7173580477992896,0.800840087752376,0.9448749009064367,1,5.2256532066508266,1.3729977116704761,감소형,,0.0,,21.7,관찰,21.7
2026-10-02T17:30:25+09:00,IMX,KRW-IMX,IMXUSDT,239.0,3.46320346,1639154846.3940423,1790929682365,False,False,,369512639.55338436,391313405.18300647,464607231.8458094,1568509875.4383714,1151696682.1553848,0.9442882218169181,0.4572364161231683,0.42861820202154355,1,-3.347280334728031,2.212389380530966,중립,1131776.403356,4.824,591247.815162,784855.811645,938686.628492,3128121.173108,1686061.242208,0.7533202995882621,0.3655948942221995,0.3962815472186737,1,-2.458547741566608,3.081570996978855,중립,,0.0,,21.7,관찰,21.7
2026-10-02T17:30:25+09:00,GRVT,KRW-GRVT,,292.0,3.18021201,1052790353.3044938,1790929726070,False,False,,617109705.947298,627673226.7992601,1128022625.5272768,1244394396.9878218,692425510.2193677,0.9831703497919938,0.6170911419298127,0.681272934189933,1,1.4336917562723928,1.7985611510791477,중립,,,,,,,,,,,,,,NO_DATA,,0.0,,21.6,관찰,21.6
2026-10-02T17:30:25+09:00,VIRTUAL,KRW-VIRTUAL,VIRTUALUSDT,1117.0,4.49017774,5039311623.584708,1790929824648,False,False,,4593157840.4735565,6096698651.869875,8676883140.341162,12911090364.270296,9524361457.04915,0.7533844302875002,0.49772933714133655,0.5043694814548156,1,-4.977777777777781,-0.742804085422466,중립,6555039.18766,2.959,6367394.45121,8294525.83753,10586906.14719,16527186.92113,8886474.3753,0.7676622601378411,0.5394783514268626,0.6198229336209872,1,-5.318505983319232,-0.935879600354117,중립,,0.0,,21.4,관찰,21.4
2026-10-02T17:30:25+09:00,APT,KRW-APT,APTUSDT,1128.0,6.51558074,7668482106.424852,1790929828185,False,False,,5291317569.483258,5975148176.608398,6798076540.487979,6947541358.002651,6418606050.97403,0.8855542010150961,0.804935906039343,0.8224887742275352,1,-6.033717834960073,-8.864027538726338,중립,9111868.443394,8.111,8663261.215613,12027958.603911,14324996.870259,12703345.379531,9963255.46664,0.7202603119033069,0.6654440660981389,0.7423995734845934,1,-6.459387804290184,-8.886019485855146,감소형,,0.0,,19.8,관찰,19.8
2026-10-02T17:30:25+09:00,ALGO,KRW-ALGO,ALGOUSDT,179.0,6.547619050000001,4084102405.2077193,1790929826886,False,False,,3633006013.3072085,4179109735.4296513,10291565037.981155,26834611515.894547,2848396924.686025,0.8693253451823278,0.2638649678780599,0.37103078534586914,1,-9.189189189189184,4.347826086956519,중립,7060680.605,4.653,7303745.5915,5911362.6254,16019069.5566,28783071.3892,3491556.6524,1.2355434870662807,0.43205921956737586,0.634143924789057,2,-9.852941176470598,3.7225042301184397,중립,,0.0,,18.8,관찰,18.8
2026-10-02T17:30:25+09:00,CVC,KRW-CVC,CVCUSDT,41.7,-1.1848341199999999,1101083705.2508607,1790929795309,False,False,,3359238780.9891133,5806793875.287289,821673094.6464834,1347823108.8530328,1599159088.7926528,0.5785014679590149,1.2634591073573596,1.1165212262134663,1,3.431372549019618,-1.1709601873536313,감소형,295363.08097,0.259,813702.62442,1021088.00894,437045.02241,697193.7824,393017.29296,0.796897639866236,1.1325929124468956,1.1311717474672547,1,3.166666666666673,-1.3702995538559581,중립,,0.0,,14.5,관찰,14.5
2026-10-02T17:30:25+09:00,HP,KRW-HP,,13.5,-1.45985401,1218122099.405905,1790929787417,False,False,,1911107783.089405,418651469.9022255,903489737.6223888,10241483531.33458,157915355.2603152,4.564913586797479,0.49580676290900066,0.8045024824866324,2,0.7352941176470562,6.201550387596888,일회성 폭증형,,,,,,,,,,,,,,NO_DATA,,0.0,,13.4,관찰,13.4
2026-10-02T17:30:25+09:00,XPL,KRW-XPL,XPLUSDT,131.0,-0.75757576,7102972329.378726,1790929804498,False,False,,7252075637.625768,10836728294.743868,10535134486.510292,13244734939.071503,10645900593.455856,0.6692126479855768,0.6284911962940484,0.6168899662107304,1,-1.4925373134328401,-13.157894736842103,감소형,10239064.135062,1.535,10125389.836221,18161016.275551,21128380.687403,25285011.627886,25954950.195166,0.5575343187072718,0.4704056943228732,0.38651888053916617,1,-2.1962379257753017,-13.754146866313999,감소형,,0.0,,13.0,관찰,13.0
2026-10-02T17:30:25+09:00,SLX,KRW-SLX,,85.8,-1.03806228,2510817644.0809608,1790929829173,False,False,,2651501273.293359,4241935840.7780137,3498388339.785306,7015259727.114234,6586882409.107595,0.6250686886407615,0.5390843134131227,0.5108811391543427,1,-2.6936026936026813,-9.024134312696741,감소형,,,,,,,,,,,,,,NO_DATA,,0.0,,13.0,관찰,13.0
2026-10-02T17:30:25+09:00,WLFI,KRW-WLFI,WLFIUSDT,76.0,-0.13140604,1570414102.5579631,1790929711850,False,False,,1986271934.5487258,2983070927.662493,1592597043.6922023,3466032872.7944937,3899726003.1758885,0.6658480414024718,0.7409894895532662,0.569346350232635,1,-1.5523932729624823,-4.516938519447944,감소형,5555150.61694,1.989,5365768.60936,8404925.86272,5504137.5826,6544122.69873,5015620.26881,0.6384076072770417,0.7870316983724727,0.8274340010499349,1,-1.7543859649122862,-4.2735042735042805,감소형,,0.0,,13.0,관찰,13.0
2026-10-02T17:30:25+09:00,XEC,KRW-XEC,XECUSDT,0.0111,0.0,1350264352.4312782,1790929696435,False,False,,895692632.6321021,1236648739.3220181,839296198.0461569,1209586130.9773533,746570673.74713,0.724290256522768,0.8178519216527813,0.9412277691367639,1,-4.310344827586199,-8.264462809917351,감소형,431764.02523879,-0.364,343590.70301369,562561.6931557,377684.06894514,470270.6228853,385314.01100303,0.6107609302124923,0.73077641636272,0.7167273586629566,1,-4.352941176470582,-8.135593220338977,감소형,,0.0,,13.0,관찰,13.0
2026-10-02T17:30:25+09:00,BLAST,KRW-BLAST,,0.558,-1.76056338,926130150.8690934,1790929827210,False,False,,732004621.9423101,1387771398.3093429,1513387424.9972043,2945084106.629026,5237812604.019222,0.5274677247521293,0.37562822690488684,0.2409647469624694,1,-2.572898799313894,-13.414634146341475,감소형,,,,,,,,,,,,,,NO_DATA,,0.0,,13.0,관찰,13.0
2026-10-02T17:30:25+09:00,EDGE,KRW-EDGE,,143.0,-2.05479452,909029176.4027082,1790929640337,False,False,,1072259492.1898253,2572931449.571768,3988499472.490327,5858490507.236139,22661913821.031116,0.41674623409352374,0.25900151582128284,0.06279785757972525,1,-3.9473684210526327,-24.352331606217614,감소형,,,,,,,,,,,,,,NO_DATA,,0.0,,13.0,관찰,13.0
2026-10-02T17:30:25+09:00,IRYS,KRW-IRYS,,21.6,-1.8181818200000002,845386297.9413776,1790929718501,False,False,,1153575064.5512717,1574453227.6806483,3538800383.9578795,42373621636.32119,295724527.42604685,0.7326829684554181,0.0728775093240633,0.11972795055397985,1,-4.761904761904767,-3.9301310043668103,감소형,,,,,,,,,,,,,,NO_DATA,,0.0,,13.0,관찰,13.0
2026-10-02T17:30:25+09:00,FF,KRW-FF,FFUSDT,161.0,-3.5928143699999997,631570143.1166695,1790929548249,False,False,,733522880.2518207,1659792039.549592,1418967683.5098915,2907244678.2037406,745571393.9605957,0.44193661782525023,0.3676189480066331,0.48122528190345915,1,-0.5952380952380931,-6.703910614525144,감소형,773953.554438,-6.255,645658.354215,1541857.865809,1557441.041549,1812023.614317,721604.379432,0.4187534846970012,0.3943897095123774,0.5197419133641447,1,0.0,-6.569842597521102,감소형,,0.0,,13.0,관찰,13.0
2026-10-02T17:30:25+09:00,KMNO,KRW-KMNO,KMNOUSDT,55.4,-1.42348754,616537364.1618541,1790929648007,False,False,,547712889.8510478,914586196.4124576,1203395424.147983,1959045896.533412,3981742006.335139,0.5988641551769514,0.4030236888674201,0.1162818932498108,1,-3.2702237521514577,-17.47430249632892,감소형,1332145.67287,-5.381,1380945.22854,1039244.68757,1154620.00501,2269163.18841,2208147.23103,1.328797005225956,0.9282567342377942,0.62806223806512,2,-3.940312427139192,-17.665867306155082,중립,,0.0,,13.0,관찰,13.0
2026-10-02T17:30:25+09:00,ARDR,KRW-ARDR,,40.6,-1.6949152499999998,556327353.2078267,1790929822706,False,False,,1322925120.3347976,3159017372.74492,3273884871.4973555,10956650434.700672,812298186.8629528,0.4187774121625951,0.2282275705579358,0.3357556318351614,1,-5.057471264367819,-5.491990846681938,감소형,,,,,,,,,,,,,,NO_DATA,,0.0,,13.0,관찰,13.0
2026-10-02T17:30:25+09:00,AERO,KRW-AERO,AEROUSDT,1068.0,-1.11111111,420170271.3554997,1790929818160,False,False,,454353842.93668145,716443653.962248,1500216637.6126738,1551135667.4078739,794691964.5867388,0.6341794507131233,0.3617662802467771,0.21853675172611817,1,-3.2258064516129004,-8.241291418861508,감소형,4405792.86721,-1.272,5133076.84364,4976334.0563,7512942.46085,9573120.04884,4818271.80995,1.0314976417512736,0.697985392695664,0.640610471936267,2,-4.062575794324519,-8.63841090195172,중립,,0.0,,13.0,관찰,13.0
2026-10-02T17:30:25+09:00,ELSA,KRW-ELSA,,74.9,-0.26631158,360681391.9617895,1790929720861,False,False,,432702251.08452934,746174283.5783622,5179491245.1649065,12785566159.191805,1295423297.4916577,0.5798943498956535,0.06937580459177371,0.09645835279796565,1,-3.0967741935483906,-6.125000000000003,감소형,,,,,,,,,,,,,,NO_DATA,,0.0,,13.0,관찰,13.0
2026-10-02T17:30:25+09:00,BARD,KRW-BARD,BARDUSDT,188.0,0.0,332486926.3580069,1790929778392,False,False,,377945360.3002588,553904503.967953,666532154.9272028,1039384849.1692346,503596149.607618,0.6823294585850226,0.5017370074824818,0.5561266050131435,1,-0.5291005291005346,-6.930693069306926,감소형,463456.97479,0.865,492044.2098,494333.10267,738662.43881,509575.42298,420699.74066,0.9953697357962937,0.8471004392394627,0.9424936089345214,1,-0.9345794392523366,-7.14285714285714,중립,,0.0,,13.0,관찰,13.0
2026-10-02T17:30:25+09:00,BORA,KRW-BORA,,38.3,-0.26041667,273776707.71956015,1790929815583,False,False,,216907502.72514647,342626617.23798704,297763206.693273,534661856.1702951,358360261.2094626,0.6330725396459301,0.5537820329053101,0.48086397291763516,1,0.0,-3.2745591939546737,감소형,,,,,,,,,,,,,,NO_DATA,,0.0,,13.0,관찰,13.0
2026-10-02T17:30:25+09:00,GAME2,KRW-GAME2,,1.39,0.0,224747127.64961532,1790929767102,False,False,,190734744.30088708,330253759.6888787,901436683.2455019,12823381020.944473,359450489.8094554,0.5775399634528674,0.04071158473816446,0.06560601576419284,1,-7.947019867549676,-2.1126760563380254,감소형,,,,,,,,,,,,,,NO_DATA,,0.0,,13.0,관찰,13.0
2026-10-02T17:30:25+09:00,TFUEL,KRW-TFUEL,TFUELUSDT,14.1,0.0,201621809.30109784,1790929758409,False,False,,157237331.23127395,226281451.5412189,272299810.6979654,433314997.9011818,1453063754.9459515,0.6948750335492344,0.5061850914851516,0.2916815465674517,1,-4.081632653061218,-6.000000000000005,감소형,190740.57932,-0.096,179569.49963,227151.50704,227293.73385,266161.31036,886631.35062,0.7905274412217697,0.7475764659029667,0.512404816733054,1,-4.797047970479717,-6.267029972752058,중립,,0.0,,13.0,관찰,13.0
2026-10-02T17:30:25+09:00,HUNT,KRW-HUNT,,139.0,0.0,135097225.19326454,1790929792576,False,False,,96300432.39724213,177420912.96059477,206763847.07823676,321356336.90950847,167241175.71379066,0.5427794885636198,0.4094747966366584,0.3637088896017671,1,0.0,-2.1126760563380254,감소형,,,,,,,,,,,,,,NO_DATA,,0.0,,13.0,관찰,13.0
2026-10-02T17:30:25+09:00,HOME,KRW-HOME,HOMEUSDT,8.06,-0.12391574,203871997.03208315,1790929776416,False,False,,261337316.75921202,457415627.35630924,411528077.0335535,967375977.9678823,1105206277.8784149,0.5713344737905954,0.4269474197820517,0.25161661016254916,1,0.3731343283582156,-7.454128440366981,감소형,496460.56037,0.842,506828.47722,702602.8484,482045.90645,719029.6995,759867.80352,0.7213584151760464,0.7987091665536347,0.7190960625007345,1,0.16920473773265332,-7.355242566510167,감소형,,0.0,,12.9,관찰,12.9
2026-10-02T17:30:25+09:00,DKA,KRW-DKA,,5.7,0.17574692,108956926.41240409,1790929732719,False,False,,127683618.55945624,219630170.3136484,185799284.69219807,407930381.26711607,267430080.20628577,0.5813573716995003,0.4709488206764826,0.44951019576442774,1,-1.3864818024263315,-2.9010238907849817,감소형,,,,,,,,,,,,,,NO_DATA,,0.0,,12.9,관찰,12.9
2026-10-02T17:30:25+09:00,MTL,KRW-MTL,MTLUSDT,436.0,0.22988506,398391228.6576168,1790929747446,False,False,,510648117.8954468,1464936418.6454394,512420636.10434264,532677902.5713018,516382810.0673916,0.3485803966615971,0.6103278957203677,0.6243886667175979,1,-0.9111617312072884,-7.643312101910826,감소형,244681.90938,1.158,347273.07638,584325.59576,472108.68539,326260.76522,277589.73054,0.5943143324541877,0.753469994613126,0.8578675013328204,1,-1.4474899907606975,-7.913669064748197,감소형,,0.0,,12.8,관찰,12.8
2026-10-02T17:30:25+09:00,MLK,KRW-MLK,,59.2,-0.83752094,151515862.27276304,1790929753903,False,False,,171434548.555658,287491933.1429051,266604678.08332956,433732083.0954142,435520315.5903159,0.596310813599219,0.5206405205916307,0.4848973447549962,1,0.6745362563237878,-3.7096774193548288,감소형,,,,,,,,,,,,,,NO_DATA,,0.0,,12.8,관찰,12.8
2026-10-02T17:30:25+09:00,LSK,KRW-LSK,LSKUSDT,373.0,-2.61096606,2001010804.091962,1790929801100,False,False,,2162649187.7377563,3691893922.090325,8914575427.550499,3282389100.1855855,3218280270.2533245,0.5857831328244879,0.40833314638057916,0.4549367836476512,1,0.7894736842105177,-7.932692307692313,감소형,4400902.15627,1.688,4225621.59977,3511030.89704,4991777.23076,6362879.34369,4480916.85822,1.2035273182393356,0.8527600774348439,0.7676148001981414,2,-1.8288700195950525,-11.795774647887324,중립,,0.0,,12.7,관찰,12.7
2026-10-02T17:30:25+09:00,TREE,KRW-TREE,TREEUSDT,62.8,0.31948882,830409481.3550371,1790929785380,False,False,,1050244259.5318342,1424135763.0641716,1246333037.3475018,2524996315.048991,1899662970.9883165,0.7374607721893929,0.6064390210646496,0.5888313969439439,1,0.16000000000000458,-6.706408345752601,감소형,416282.87547,1.754,460842.57954,536510.33621,388365.91382,701387.91214,479485.17256,0.8589630962107275,0.850124949427176,0.8852401644719743,1,0.0,-6.707317073170726,중립,,0.0,,12.7,관찰,12.7
2026-10-02T17:30:25+09:00,BIRB,KRW-BIRB,,87.6,0.34364260999999996,670550900.3601806,1790929800794,False,False,,438834009.3445742,673677589.3022734,899203667.3209085,4273147890.4985576,945575304.2637004,0.6514006348334576,0.22519593982556438,0.2933288293360538,1,-2.020202020202022,-7.226354941551538,감소형,,,,,,,,,,,,,,NO_DATA,,0.0,,12.7,관찰,12.7
2026-10-02T17:30:25+09:00,STEEM,KRW-STEEM,STEEMUSDT,86.5,-0.68886338,456386234.9054304,1790929828194,False,False,,627499493.7064334,1114493610.1376076,861256915.7967217,1864858108.9765108,3083767269.9115906,0.5630355239353553,0.490156290335738,0.11275502462482238,1,0.8101851851851638,-7.537154989384298,감소형,255698.267958,1.514,308923.672649,497177.940025,707719.120451,571833.016026,1033858.397974,0.6213543437455534,0.5216161026393009,0.35515219099341555,1,0.5027494108405417,-7.7444476492644965,감소형,,0.0,,12.7,관찰,12.7
2026-10-02T17:30:25+09:00,LINK,KRW-LINK,LINKUSDT,19500.0,-0.6116208,7367559435.924116,1790929819134,False,False,,7490512140.887117,13116878135.121498,26678862393.85493,42800223611.44052,8911153345.193707,0.5710590632713639,0.27206579227598465,0.35647314571738425,1,-6.348448687350839,1.8162947586922717,감소형,42689090.59706,1.711,35591436.30333,58459687.83252,82775025.89427,126167499.84316,28895608.03183,0.6088201566401654,0.39930226262715207,0.5219718768656909,1,-6.898783329018898,1.6965926763749417,감소형,,0.0,,12.6,관찰,12.6
2026-10-02T17:30:25+09:00,JUP,KRW-JUP,JUPUSDT,448.0,0.44843048999999996,1722089558.8050885,1790929800040,False,False,,1324858994.9273396,2594503071.957283,3013990629.5411963,5136339493.234394,3529787836.045504,0.5106407501486869,0.36990588059853363,0.368495617480127,1,0.22471910112360494,-3.463203463203468,감소형,4117475.46023,3.008,3562594.99422,5722364.78769,6902047.03762,10598449.74157,7087091.53458,0.6225739054392138,0.46022687393110573,0.49810192469428677,1,-0.36618858712236246,-3.658896429625247,감소형,,0.0,,12.6,관찰,12.6
2026-10-02T17:30:25+09:00,ORDER,KRW-ORDER,,54.4,0.55452865,174641976.03728822,1790929684343,False,False,,130137176.73741879,244518903.22202173,391919553.76967627,1197897697.5439727,377982601.58873856,0.5322172438310628,0.21283532423809312,0.26264768716566617,1,-2.522522522522519,-6.239168110918547,감소형,,,,,,,,,,,,,,NO_DATA,,0.0,,12.6,관찰,12.6
2026-10-02T17:30:25+09:00,XAUT,KRW-XAUT,XAUTUSDT,5659000.0,-0.75412136,316607272.11423,1790929349021,False,False,,214279877.8308,405538119.04278,905787481.32044,1843915966.6392,438137192.50183,0.5283840600153193,0.20373705779463286,0.27278326728946445,1,1.51326330781556,-1.9432502149613118,감소형,27403995.926359,0.657,17421441.26334,22303745.3119,36879282.981282,83240257.592052,7518921.844691,0.7810993633452636,0.36696473800032303,0.5638536732557385,1,1.2463215364361568,-2.2733112511621134,중립,,0.0,,12.5,관찰,12.5
2026-10-02T17:30:25+09:00,KAVA,KRW-KAVA,KAVAUSDT,92.7,-1.17270789,261469959.7825293,1790929445870,False,False,,299152898.65656126,574573594.1017337,522799364.84567815,3075232259.915701,427000849.6386993,0.5206520134713908,0.21508353867567886,0.29046115785155274,1,1.1866235167206085,0.3208556149732589,감소형,293374.740829,0.131,314089.594487,752199.973002,838232.103283,1923729.608868,328051.907362,0.4175612945497472,0.2681347268231841,0.3606022213425001,1,0.45308389359837165,0.0873743993010212,감소형,,0.0,,12.5,관찰,12.5
2026-10-02T17:30:25+09:00,SEI,KRW-SEI,SEIUSDT,97.0,0.72689512,6035190454.473383,1790929766450,False,False,,4896719792.037279,8855298915.788832,10308325634.27267,22898113694.215786,10291383553.012356,0.5529705816374555,0.3492523131306992,0.3969786250483539,1,-9.150943396226419,-1.5337423312883458,감소형,6972070.482022,-1.52,6039147.172132,9985784.965248,11845052.463651,33064035.195206,10643171.503871,0.6047744061332304,0.33003886611516453,0.3793090289961944,1,-8.90410958904111,-1.838184096922435,감소형,,0.0,,12.4,관찰,12.4
2026-10-02T17:30:25+09:00,BFC,KRW-BFC,,38.0,-1.0416666700000001,455453629.6265166,1790929669611,False,False,,581280975.474958,1274945908.868048,7794516346.997785,1749141432.275201,1004614797.0265989,0.45592598982575216,0.16118927882869138,0.20876595173048063,1,1.856763925729421,-7.913669064748207,감소형,,,,,,,,,,,,,,NO_DATA,,0.0,,12.4,관찰,12.4
2026-10-02T17:30:25+09:00,LIT,KRW-LIT,,5235.0,0.86705202,3436883816.114051,1790929827543,False,False,,4777216737.238296,18666840932.308918,7723092419.460458,2644367223.389924,1892470249.719269,0.25591993602783636,0.4936110024285045,0.7208182261349031,1,-14.214876033057855,-21.304018195602726,감소형,,,,,,,,,,,,,,NO_DATA,,0.0,,12.3,관찰,12.3
2026-10-02T17:30:25+09:00,PRL,KRW-PRL,,160.0,0.0,556776136.1137875,1790929824649,False,False,,513359560.53143734,722503201.1526929,904378007.3383466,1985983643.3387537,2036659418.3975313,0.7105291155975717,0.426276305579024,0.3537651356928458,1,1.9108280254777066,-4.191616766467066,감소형,,,,,,,,,,,,,,NO_DATA,,0.0,,12.3,관찰,12.3
2026-10-02T17:30:25+09:00,POKT,KRW-POKT,,12.1,0.8333333300000001,215591531.8313915,1790929766455,False,False,,171594219.20944193,294887658.9728771,478784223.43993694,941122357.673878,640579899.9761405,0.5818969156156673,0.3002008320265298,0.2973025998156865,1,-0.8264462809917328,-5.5118110236220375,감소형,,,,,,,,,,,,,,NO_DATA,,0.0,,12.3,관찰,12.3
2026-10-02T17:30:25+09:00,IQ,KRW-IQ,IQUSDT,1.24,0.8130081299999999,152865260.5444525,1790929734091,False,False,,197183029.29663217,277430850.6590055,503405784.1763918,903180331.987074,745103716.3790227,0.7107465836198327,0.35127264127633784,0.32114890588386846,1,-3.90625,-6.106870229007644,감소형,40719.193384,0.552,43814.762721,96470.291515,89264.398614,152656.793753,131149.891013,0.45417881539403576,0.3884385229057234,0.3757622369423872,1,-3.536977491961424,-6.542056074766355,감소형,,0.0,,12.3,관찰,12.3
2026-10-02T17:30:25+09:00,ONDO,KRW-ONDO,ONDOUSDT,685.0,1.03244838,40139459248.05357,1790929829230,False,False,,42533096162.8736,67599947785.99202,78403311211.69446,171542275731.96045,72093255782.74284,0.629188299043143,0.40182989377336625,0.4819202192948085,1,-4.23728813559322,-7.377049180327866,감소형,26721834.31872,1.197,27012004.85743,42640122.3001,37004235.9351,83243111.42036,31087976.78357,0.6334879779968795,0.49749692068793167,0.6206992786153679,1,-4.346989805731871,-7.530680550390468,감소형,,0.0,,12.2,관찰,12.2
2026-10-02T17:30:25+09:00,ERA,KRW-ERA,ERAUSDT,92.4,0.9836065600000001,834526520.4670782,1790929758081,False,False,,914872806.4648117,2685267103.1111236,728855634.7741921,1163599968.3941042,1861528691.5905914,0.3407008581771434,0.5995597801565279,0.6384416035082207,1,-2.0342612419700257,-3.886554621848748,감소형,519435.97245,4.268,458024.99823,1158640.45226,365917.20529,595964.86785,1056425.17058,0.39531245205239807,0.6479888698332994,0.6357519496720364,1,-2.328966521106246,-3.730272596843598,감소형,,0.0,,12.2,관찰,12.2
2026-10-02T17:30:25+09:00,AZTEC,KRW-AZTEC,,24.1,0.0,751438337.665373,1790929574134,False,False,,877013063.8506675,1431427574.9944558,4379794921.130774,15295850150.397793,3835294598.569169,0.6126842036378014,0.12465201762525865,0.1716370718561786,1,-7.307692307692304,3.433476394849788,감소형,,,,,,,,,,,,,,NO_DATA,,0.0,,12.2,관찰,12.2
2026-10-02T17:30:25+09:00,HIVE,KRW-HIVE,HIVEUSDT,77.4,0.12936611,443253077.25072193,1790929696107,False,False,,362618277.8490702,562468352.5936468,488977820.6557203,1464039042.206188,1252997828.2207923,0.6446909878164158,0.4324632189699433,0.16639043120042588,1,1.978891820580464,-5.501222493887525,감소형,148782.8818,1.058,134819.0026,263184.0476,159754.3724,373922.4531,351933.6781,0.5122613009011265,0.507562890152399,0.3609899332784739,1,1.4311270125223707,-5.342237061769617,감소형,,0.0,,12.2,관찰,12.2
2026-10-02T17:30:25+09:00,POLYX,KRW-POLYX,POLYXUSDT,59.1,0.51020408,415517011.5271384,1790929830169,False,False,,430565165.0466332,813322960.3824418,628701100.2485245,1143821095.0945725,977146160.995729,0.5293901512926332,0.4995254616386628,0.32153022611775756,1,1.0309278350515427,-6.518282988871227,감소형,392433.13516,1.86,408786.34013,248437.87227,253360.48335,406309.34367,337690.85346,1.6454268280229627,1.3504554816007217,1.052835855088897,2,0.4662004662004726,-6.70995670995671,중립,,0.0,,12.2,관찰,12.2
2026-10-02T17:30:25+09:00,BLEND,KRW-BLEND,,90.2,-2.06297503,382541799.0640525,1790929522014,False,False,,293377527.87546426,418762677.7923398,278383287.1697727,828099345.0700777,703250963.5124041,0.7005818412999719,0.5770432977812715,0.5382387826960673,1,2.3333333333333206,-2.436440677966112,감소형,,,,,,,,,,,,,,NO_DATA,,0.0,,12.2,관찰,12.2
2026-10-02T17:30:25+09:00,THETA,KRW-THETA,THETAUSDT,302.0,1.00334448,221308330.26694122,1790929826250,False,False,,204880088.352734,374340754.17849594,404639248.95016,488070319.47640103,255798144.71392927,0.547309065512652,0.48509538578901973,0.5583587513812008,1,-1.320132013201325,-5.379746835443033,감소형,529891.93765,-0.044,505495.68459,843712.80381,725635.94284,685287.02229,696601.75341,0.5991324089279024,0.6726084428630196,0.689720781431119,1,-2.139991083370485,-5.347132384648557,감소형,,0.0,,12.2,관찰,12.2
2026-10-02T17:30:25+09:00,BOUNTY,KRW-BOUNTY,,20.0,-1.47783251,147919068.38587826,1790929394514,False,False,,108139452.367387,145825864.18382862,143158066.76006585,441451198.7906743,199431661.9274251,0.7415656541631462,0.44414396829469394,0.47258132650089274,1,2.01005025125629,0.4950495049504955,감소형,,,,,,,,,,,,,,NO_DATA,,0.0,,12.2,관찰,12.2
2026-10-02T17:30:25+09:00,SUI,KRW-SUI,SUIUSDT,1610.0,0.249066,34486776428.47573,1790929828845,False,False,,31207430798.98007,46134606090.508934,43139338689.81033,68654850783.94474,72150280824.74692,0.6764429881064972,0.592813312242628,0.5821440693274148,1,1.1972274732199084,1.388888888888884,감소형,92928733.04245,4.063,87280951.6727,131998082.00301,118157184.10957,207344898.20534,125595106.63793,0.6612289386955615,0.5723339037669583,0.6497738205634611,1,0.8221289714824165,1.2121733149931258,감소형,,0.0,,12.1,관찰,12.1
2026-10-02T17:30:25+09:00,BCH,KRW-BCH,BCHUSDT,426800.0,1.06559318,5616585766.392913,1790929825922,False,False,,3669594423.279302,4946931325.562694,5432749600.374084,9596574726.524368,9227583177.172312,0.7417920690180393,0.5510934311897226,0.5221469314280932,1,0.11853959222380972,-7.714160839160844,감소형,19245355.0977,3.263,10589204.7762,15230245.9353,20406146.0071,24410486.7015,20430272.4248,0.6952747067371252,0.529046888798227,0.5803655264422811,1,-0.3543814432989567,-7.973817316274923,감소형,,0.0,,12.1,관찰,12.1
2026-10-02T17:30:25+09:00,PUNDIX,KRW-PUNDIX,PUNDIXUSDT,163.0,0.0,823537702.6801101,1790929601318,False,False,,1449015823.849479,7636275731.85733,315763379.7543102,520959347.86331743,717939962.2576756,0.18975425648977223,0.513047121670055,0.74281999331255,1,2.515723270440251,-4.678362573099415,감소형,333158.41677,-0.982,495606.29635,1134251.81921,200779.07478,227601.63966,267168.10405,0.4369455600213954,0.95148338271,1.1877489826800522,1,2.470187393526402,-4.372019077901424,감소형,,0.0,,12.1,관찰,12.1
2026-10-02T17:30:25+09:00,A,KRW-A,AUSDT,132.0,0.76335878,354628337.2128786,1790929827216,False,False,,361235900.1252551,609387045.342948,578454018.1742153,958351083.7494037,515992381.3725983,0.5927856571384127,0.5049443973392583,0.5856348696651809,1,0.7692307692307665,-5.755395683453235,감소형,611028.01996,-0.51,465148.54865,820497.76807,394384.47687,1254453.60009,719008.46776,0.5669101937280545,0.5651097029829277,0.6566435245117644,1,0.9443861490031402,-5.593719332679104,감소형,,0.0,,12.1,관찰,12.1
2026-10-02T17:30:25+09:00,MNT,KRW-MNT,,921.0,-0.75431034,294892688.64782363,1790929543346,False,False,,205262261.06233197,533214760.04291594,294337042.54377264,531992807.0108681,488890096.72619236,0.3849523239863266,0.4529360631787412,0.37997994479423286,1,2.6548672566371723,-1.9027484143763207,감소형,,,,,,,,,,,,,,NO_DATA,,0.0,,12.1,관찰,12.1
2026-10-02T17:30:25+09:00,ARKM,KRW-ARKM,ARKMUSDT,182.0,1.11111111,255179238.08394656,1790929773080,False,False,,281906330.91360587,1396539107.3160887,3700722648.2636228,481778421.1870372,400168560.4425198,0.20186067789779408,0.15158861846213514,0.2191389753257011,1,-0.5524861878453025,-4.255319148936165,감소형,972673.42593,3.06,917787.97415,1853791.13516,2880243.80584,1245034.93048,907056.99484,0.4950870444586445,0.4605003757496581,0.538349076287886,1,-1.1227544910179632,-4.1364296081277345,감소형,,0.0,,12.1,관찰,12.1
2026-10-02T17:30:25+09:00,B3,KRW-B3,,1.08,-2.7027026999999997,1160645393.3679106,1790929740314,False,False,,1169858831.3805685,1931144527.0212042,4637694568.377155,4941007451.283248,14135762584.19652,0.6057852299563923,0.3049194861032746,0.19162818663018866,1,2.77777777777779,-0.8928571428571397,감소형,,,,,,,,,,,,,,NO_DATA,,0.0,,12.0,관찰,12.0
2026-10-02T17:30:25+09:00,ZBT,KRW-ZBT,ZBTUSDT,118.0,0.85470085,730074993.1694498,1790929788813,False,False,,840315363.292076,1180986424.1273835,1701217551.4054873,2107295997.255689,1669878160.7951381,0.7115368526890348,0.5052502462420713,0.5134108662623917,1,0.8620689655172376,-5.645161290322576,감소형,496456.45897,1.163,477964.80252,410463.07928,534171.21766,572019.41538,554381.57508,1.1644526064522196,0.9454329593580038,0.9297078750846849,2,0.8215962441314728,-5.811403508771928,중립,,0.0,,12.0,관찰,12.0
2026-10-02T17:30:25+09:00,O,KRW-O,,740.0,0.27100271,360620820.831861,1790929785041,False,False,,580512031.0454932,1603053598.987542,1221300498.0286026,652675738.3301406,397370220.7605367,0.36212889663335873,0.5008688954672247,0.6930759894665299,1,2.216066481994461,-0.5390835579514808,감소형,,,,,,,,,,,,,,NO_DATA,,0.0,,12.0,관찰,12.0
2026-10-02T17:30:25+09:00,DOOD,KRW-DOOD,,2.46,0.0,301907926.0913351,1790929778384,False,False,,450009218.0362208,3201816011.455294,556007733.0980675,3001424968.476454,670634296.0259807,0.14054811907561232,0.19973043032226523,0.28755920765823373,1,2.9288702928870203,-4.651162790697683,감소형,,,,,,,,,,,,,,NO_DATA,,0.0,,12.0,관찰,12.0
2026-10-02T17:30:25+09:00,AUCTION,KRW-AUCTION,AUCTIONUSDT,5105.0,1.28968254,257197924.33305466,1790929718828,False,False,,187178740.64918137,255744298.9929453,406402155.5190228,558622356.9054862,492022561.2306101,0.7318979988458889,0.45998572104372115,0.4204795025257525,1,-1.17647058823529,-5.3521126760563416,감소형,466757.51615,1.612,402692.40192,430261.9526,345828.50851,392069.92487,312069.56161,0.935923800574506,1.0341706671952522,1.0814677200067397,1,-1.307015204054418,-5.419222903885479,중립,,0.0,,12.0,관찰,12.0
2026-10-02T17:30:25+09:00,GLM,KRW-GLM,GLMUSDT,175.0,1.15606936,254143535.9334848,1790929727396,False,False,,201655240.27369574,381468830.0808924,213378009.7229215,459247010.5102493,631626652.215151,0.5286283553781674,0.5739201691014895,0.4748165797338053,1,0.5813953488372103,-1.1428571428571455,감소형,100528.86112,2.285,80496.20375,156825.44703,137495.90712,116667.78159,152633.20042,0.5132853454235743,0.5875790629238691,0.619704653890021,1,0.635424940428897,-1.5540015540015606,감소형,,0.0,,11.9,관찰,11.9
2026-10-02T17:30:25+09:00,CFG,KRW-CFG,CFGUSDT,206.0,1.47783251,1300305690.191438,1790929631172,False,False,,1401601713.2321749,2157065535.0309687,2279966409.0519123,3909259842.6960053,3317633450.915733,0.6497724294742173,0.5037932110589798,0.44501418694229405,1,-6.018518518518523,-11.739130434782608,감소형,1711510.95011,2.146,1808612.59223,3343364.65702,3727145.36593,3970174.8659,3654737.03126,0.5409558267694462,0.4914403256060283,0.5377650772343784,1,-6.372239747634067,-11.981020166073542,감소형,,0.0,,11.8,관찰,11.8
2026-10-02T17:30:25+09:00,MOODENG,KRW-MOODENG,,64.7,1.09375,543125986.0169003,1790929628262,False,False,,737239473.9847494,3134742272.8612466,361685744.7290208,601812231.8803312,485690246.9347231,0.23518344087401852,0.5396751501427846,0.6907025306344476,1,0.7874015748031482,-3.614457831325313,감소형,,,,,,,,,,,,,,NO_DATA,,0.0,,11.8,관찰,11.8
2026-10-02T17:30:25+09:00,API3,KRW-API3,API3USDT,385.0,0.52219321,292440599.32482654,1790929798024,False,False,,451793886.16957325,1682133501.0405512,760299978.207192,800107789.9570355,538929203.3822637,0.26858384657941714,0.41799981742132836,0.5030023061666711,1,2.406417112299475,0.2617801047120505,감소형,628477.811944,1.785,588694.611034,1177100.544084,1492582.054061,814564.524567,666942.564764,0.500122622483462,0.5068767429238343,0.6180494078611344,1,2.2950819672131084,0.3573981415296634,감소형,,0.0,,11.7,관찰,11.7
2026-10-02T17:30:25+09:00,MOCA,KRW-MOCA,,14.1,0.7142857100000001,173413596.09126052,1790929544722,False,False,,184539999.82038543,258957351.59096947,907961364.1435826,412498783.62666845,484934326.20286804,0.7126269970194614,0.350521631984616,0.40902484375309045,1,2.1897810218978186,-1.4084507042253502,감소형,,,,,,,,,,,,,,NO_DATA,,0.0,,11.7,관찰,11.7
2026-10-02T17:30:25+09:00,XLM,KRW-XLM,XLMUSDT,303.0,1.33779264,23872409708.987156,1790929816567,False,False,,27602178806.80511,39282468285.45715,67284609576.76048,105177172307.78835,18829612761.311474,0.7026589726039127,0.3910686422603274,0.5472470216864517,1,-5.0793650793650835,1.7006802721088343,감소형,20229234.4305,0.942,20943946.5748,34053817.5974,43584007.2257,70734760.8849,16351085.1393,0.6150249238546184,0.42347337565481413,0.5833551962658156,1,-5.763440860215063,1.2009237875288736,감소형,,0.0,,11.6,관찰,11.6
2026-10-02T17:30:25+09:00,ONG,KRW-ONG,ONGUSDT,126.0,-0.7874015700000001,1394508324.947511,1790929773115,False,False,,1656503242.712172,2680023876.142253,1696940566.940832,2549483558.8006268,1997772770.5581977,0.6180927182994419,0.7174687122151227,0.5803481015496561,1,4.098360655737698,-4.511278195488721,감소형,873528.25191,-1.016,1146217.05121,1953918.32815,744993.40856,587381.39226,440460.03624,0.5866248525828897,1.0463616660719954,1.2267710517965076,1,3.27264604043338,-5.013355249640428,감소형,,0.0,,11.6,관찰,11.6
2026-10-02T17:30:25+09:00,BSB,KRW-BSB,,137.0,0.73529412,337136535.75159633,1790929787087,False,False,,355926790.9362567,560464354.8204803,718623599.3159071,861941792.69393,405612041.3579212,0.6350569628112424,0.4987228105492523,0.6094045539701081,1,2.2556390977443552,-9.333333333333337,감소형,,,,,,,,,,,,,,NO_DATA,,0.0,,11.6,관찰,11.6
2026-10-02T17:30:25+09:00,MASK,KRW-MASK,MASKUSDT,643.0,1.57977883,296003969.99287575,1790929825928,False,False,,172045512.06680274,317798895.19133025,298683080.4003672,762933287.9184737,743216568.9113666,0.5413659854393863,0.37417052707319304,0.31817168228800674,1,0.4761904761904745,-2.7649769585253448,감소형,305649.9973,1.935,297636.4224,338660.3864,334279.8687,514096.3849,462372.4748,0.8788640016740971,0.7522171069631008,0.7403908206032153,1,0.647948164146861,-2.713987473903956,중립,,0.0,,11.6,관찰,11.6
2026-10-02T17:30:25+09:00,BABY,KRW-BABY,BABYUSDT,18.7,0.53763441,138634476.1931882,1790929530387,False,False,,180291260.19919565,777763209.1843685,280282245.46619403,424252990.13042885,442023890.03166485,0.23180739082305662,0.364888584010827,0.31962497047745586,1,2.7624309392265234,-2.1052631578947323,감소형,1282081.30988,1.833,1456749.56528,2973278.57097,102749882.88358,30785849.60607,20114796.07821,0.48994721836802235,0.0320143605311102,0.035036467754126076,1,2.761194029850733,-1.1486001435750182,감소형,,0.0,,11.6,관찰,11.6
2026-10-02T17:30:25+09:00,XRP,KRW-XRP,XRPUSDT,2074.0,1.76643768,156836315555.4505,1790929829232,False,False,,129618805967.86353,180321013274.34146,287684769613.08856,275989666698.4003,162509635787.9956,0.7188225244201611,0.5226596723408192,0.6068086524943876,1,0.3446578040374293,-2.019230769230773,감소형,209412732.18196,3.522,169889610.42734,227000051.15465,285945986.80544,283162448.44635,173509013.61734,0.7484122120818292,0.6402002239451283,0.738167045909156,1,-0.1937466595403503,-2.1932696084850156,감소형,,0.0,,11.5,관찰,11.5
2026-10-02T17:30:25+09:00,ZAMA,KRW-ZAMA,ZAMAUSDT,107.0,1.9047618999999998,2729329883.917304,1790929802681,False,False,,1556129552.4022105,2168886571.857357,1654479620.8382125,1344622781.5337963,2998433097.140991,0.7174785314243505,0.9033279057842352,0.7245822147074917,1,-4.545454545454541,-15.322580645161288,감소형,5005412.12568,2.801,3488827.44584,7135447.18061,6353615.44672,8948336.12325,9518791.19307,0.4889430693735084,0.4664748553906876,0.4350942251810394,1,-5.161131003827634,-15.658284835840552,감소형,,0.0,,11.5,관찰,11.5
2026-10-02T17:30:25+09:00,SOMI,KRW-SOMI,SOMIUSDT,280.0,-2.43902439,814291106.6438807,1790929796651,False,False,,1697493215.1642423,17317693731.270782,256298340.3805838,209078903.37703896,206529955.53623167,0.09802074349536838,0.2863667165611474,0.46102553542067726,1,4.3636363636363695,-4.651162790697672,감소형,716341.10528,-4.412,998833.89234,4103252.39703,632159.50093,489960.56126,376117.86315,0.2434249214264694,0.5734522659208283,0.7945012513958785,1,4.201680672268893,-4.355716878402916,감소형,,0.0,,11.5,관찰,11.5
2026-10-02T17:30:25+09:00,ZORA,KRW-ZORA,,10.9,1.8691588799999999,749733747.0332989,1790929773786,False,False,,671762194.5976688,1355523643.3036327,1154734763.0261993,1932534802.9477913,1224867180.991769,0.49557394141829536,0.45360800939026424,0.4808558701306355,1,-0.9259259259259411,-11.570247933884303,감소형,,,,,,,,,,,,,,NO_DATA,,0.0,,11.5,관찰,11.5
2026-10-02T17:30:25+09:00,ANIME,KRW-ANIME,ANIMEUSDT,4.59,1.10132159,275373156.48295456,1790929810042,False,False,,293419560.5482846,664850782.1371098,2432380708.495475,761722277.0631595,1136106584.7464838,0.44133145125453693,0.22810811806394696,0.267320929885077,1,1.7937219730941756,-4.2194092827004255,감소형,188540.758869,2.102,175635.977156,248545.460683,630311.528097,249036.291593,392374.113016,0.7066553405294725,0.4671611584508677,0.5237518130976797,1,1.2158054711246313,-4.584527220630374,감소형,,0.0,,11.5,관찰,11.5
2026-10-02T17:30:25+09:00,CELO,KRW-CELO,CELOUSDT,136.0,-0.7299270099999999,1072368013.3564507,1790929739007,False,False,,1417865766.9625895,1986097048.4424932,13329453836.9909,1016320480.9025987,610244573.5689971,0.713895510833414,0.2604476367390132,0.39240058776582837,1,2.238805970149249,3.7878787878787845,감소형,1045732.294528,-2.868,1349159.499596,2118814.759226,11123129.519914,968375.361022,579154.163557,0.6367519830232097,0.28482670349995437,0.43397460412179406,1,1.9613821138211307,3.7646085427655462,감소형,,0.0,,11.4,관찰,11.4
2026-10-02T17:30:25+09:00,AVAX,KRW-AVAX,AVAXUSDT,15030.0,0.4008016,8812063666.690563,1790929804490,False,False,,9016897871.499283,13113317640.808268,32935927333.649796,12597075397.951035,6351590566.483566,0.6876137769620524,0.46125133585063227,0.5891721080502581,1,3.886190145732127,-1.0575016523463265,감소형,48520536.791,0.979,50077365.9725,68867752.34062,118483100.93423,56704299.97883,48613988.84509,0.7271526116435059,0.6155661780324841,0.7349470037094527,1,3.522984174830457,1.3650617967164713,감소형,,0.0,,11.3,관찰,11.3
2026-10-02T17:30:25+09:00,MIRA,KRW-MIRA,MIRAUSDT,71.2,2.15208034,1593924291.0186217,1790929789871,False,False,,1050364459.9126416,4645017923.221279,1814693886.4941995,2149928583.427451,1332521515.9384596,0.2261271059174349,0.3659959343072662,0.4624064709036772,1,-0.7122507122507171,-7.68211920529801,감소형,652706.12123,2.31,666290.409576,1470776.720173,1112040.096835,946189.929052,443105.520745,0.4530194151411559,0.5664118468913846,0.7379943440528298,1,-0.6974041069352954,-7.7061577241627655,감소형,,0.0,,11.3,관찰,11.3
2026-10-02T17:30:25+09:00,HOLO,KRW-HOLO,HOLOUSDT,89.6,1.35746606,489879835.90105444,1790929826258,False,False,,398122897.7809946,547939699.268775,849021297.8397475,1228893103.8026485,1130659569.3609943,0.7265815897484509,0.4548496022412433,0.44556962353973767,1,1.8433179723502446,-5.150214592274671,감소형,345956.53479,2.782,324141.46921,392291.39815,486486.4676,637294.38531,646485.88537,0.8262772794372065,0.6414103331487698,0.620212597955652,1,1.5673981191222541,-5.676855895196509,중립,,0.0,,11.3,관찰,11.3
2026-10-02T17:30:25+09:00,SENT,KRW-SENT,SENTUSDT,28.9,-3.02013423,216135883.14925188,1790929672688,False,False,,167714413.8347954,318951121.46773565,92858382.24644414,262597152.72390565,293535332.5065201,0.5258310836563745,0.7460531960964975,0.545853979765056,1,4.929577464788748,-8.024691358024683,감소형,780549.5169,-1.922,740800.55103,1019744.80597,666782.53124,1074908.37446,847931.40606,0.7264568024206183,0.8047993453905125,0.6451248107724438,1,4.308281474389664,-8.522250209907645,감소형,,0.0,,11.3,관찰,11.3
2026-10-02T17:30:25+09:00,DOGE,KRW-DOGE,DOGEUSDT,131.0,1.5503876,27685869240.973553,1790929821409,False,False,,23886764932.82384,35146304524.99178,29422330175.083595,42470461673.928345,22124702805.776806,0.6796380232760595,0.6694777630416867,0.8060012048247258,1,1.5748031496062964,-1.526717557251911,감소형,66323320.8509,3.716,51416954.06312,82317736.86043,64180754.30915,105119995.1064,68807221.60588,0.6246157392579635,0.6130346957900966,0.6926292488052057,1,0.4363558961260061,-2.439780833247185,감소형,,0.0,,11.2,관찰,11.2
2026-10-02T17:30:25+09:00,ARB,KRW-ARB,ARBUSDT,279.0,2.1978022,5255931287.806177,1790929811340,False,False,,5091088305.210691,6948402708.818792,10839677343.08904,15907654233.295643,16999696218.708061,0.732699084747804,0.4532699832672557,0.42277486943648684,1,-0.727272727272732,-9.9009900990099,감소형,13555479.82114,3.347,13461570.11871,18412094.49159,27439832.52973,32597447.93638,36445864.16164,0.7311264954054398,0.5147868976381964,0.4911165377637915,1,-1.0396039603960516,-9.995497523637997,감소형,,0.0,,11.2,관찰,11.2
2026-10-02T17:30:25+09:00,ETC,KRW-ETC,ETCUSDT,12390.0,2.31213873,3727789708.000404,1790929826893,False,False,,3512252661.1302266,5049267182.042468,5986224715.533039,7023346064.081847,4064383601.5935335,0.6955965161878189,0.5834682168233856,0.6292768454573997,1,-3.888888888888886,-5.905205905205902,감소형,4532235.1663,3.143,4627298.453,7486323.4127,6335141.6734,6282322.8597,3143511.7325,0.618100260690064,0.6905114298074432,0.8070031925571591,1,-4.310344827586188,-5.932203389830493,감소형,,0.0,,11.2,관찰,11.2
2026-10-02T17:30:25+09:00,JTO,KRW-JTO,JTOUSDT,754.0,2.30664858,2481914295.5809746,1790929805557,False,False,,2384883861.145883,3509540468.155938,2858144414.140831,2689276895.40845,6966882506.618098,0.6795430577835743,0.7899615521233256,0.5803550924682285,1,-3.5340314136125706,-9.90220048899756,감소형,1958286.14178,4.365,2234465.50765,2828113.13049,2735541.90764,3366136.55285,5687937.90967,0.7900905672973754,0.7506778242978384,0.5143595049499238,1,-3.9744499645138376,-9.980039920159667,중립,,0.0,,11.2,관찰,11.2
2026-10-02T17:30:25+09:00,PENDLE,KRW-PENDLE,PENDLEUSDT,3306.0,2.1947449800000003,597463585.0452168,1790929706150,False,False,,632117890.8764998,967393944.6849976,845927371.3113129,1602450644.534154,846343734.0356897,0.6534234520997853,0.555175724416626,0.6186358192227023,1,0.09282178217822068,-7.518582046883937,감소형,4378938.3654,0.492,4423887.0171,3948198.4989,4144994.0716,7629198.4231,4610249.7756,1.1204824221306326,0.8441248571354317,0.9057674940573244,2,-0.3358522250209939,-7.554517133956384,중립,,0.0,,11.2,관찰,11.2
2026-10-02T17:30:25+09:00,QTUM,KRW-QTUM,QTUMUSDT,1367.0,2.09111277,227808701.61939454,1790929827543,False,False,,180775865.09825966,432201182.2891913,399733775.14135724,799380323.8407555,724737288.899015,0.4182678634536919,0.332448056804897,0.21726142122405676,1,0.2996254681647992,-4.493580599144076,감소형,197268.7031,2.323,149858.9319,270973.8461,198762.598,256197.9625,296237.011,0.5530383616605425,0.6193077385677948,0.43425331651604276,1,0.20304568527917954,-4.3604651162790775,감소형,,0.0,,11.2,관찰,11.2
2026-10-02T17:30:25+09:00,LPT,KRW-LPT,LPTUSDT,2378.0,1.62393162,157941994.81343824,1790929710827,False,False,,204208861.3563764,397809519.5372839,78412867.03742911,443452878.4216685,1032380302.4272715,0.5133332696359403,0.6661335880024343,0.41996341568598866,1,1.4744145706851786,-1.2241452089489235,감소형,789547.34904,0.858,701828.62663,1428882.8693,890702.4435,1349845.56644,1687486.65687,0.4911729587561093,0.5737908545442014,0.5265806465581662,1,0.5266237565827891,-1.3777267508610858,감소형,,0.0,,11.2,관찰,11.2
2026-10-02T17:30:25+09:00,SOL,KRW-SOL,SOLUSDT,165200.0,2.29102167,37651089811.01157,1790929828843,False,False,,26313761670.150043,39774856430.66171,32338537959.32132,43435367501.069084,34621983468.677864,0.661567734782953,0.6831859010733649,0.752791590468218,1,0.06195786864930941,-2.298850574712641,감소형,353069394.09376,4.133,253033335.63552,348023503.90991,288801539.90648,303030487.60797,318882945.21313,0.7270581808205134,0.8076773307447973,0.8547976432998672,1,-0.4037345445369711,-2.4709661477637757,감소형,,0.0,,11.1,관찰,11.1
2026-10-02T17:30:25+09:00,PROM,KRW-PROM,PROMUSDT,8500.0,-4.11731528,2205806572.007222,1790929815905,False,False,,2319516367.5695124,9218543471.440582,6162472099.968297,4624016925.502995,3859100346.707132,0.25161419206358004,0.34783992996675767,0.2552056192219543,1,3.0813953488372015,3.866432337434089,감소형,1670496.189,-1.855,1309004.65364,3303453.67863,5318482.55699,2120469.58337,1651019.69972,0.39625337025547974,0.36556187013322283,0.3415611505683097,1,2.6220186384457334,3.521351179094956,감소형,,0.0,,11.1,관찰,11.1
2026-10-02T17:30:25+09:00,COMP,KRW-COMP,COMPUSDT,33060.0,1.62926529,493351727.9904947,1790929746474,False,False,,406663210.246772,3955852672.5696416,816899303.5832723,303365820.4586935,2210952578.26587,0.1028003932165178,0.24033910945775908,0.2650007269114199,1,1.8153364632237823,-0.15346838551258957,감소형,1275811.83704,0.491,1422686.67769,3506527.12811,2091047.49318,1296606.91503,2284364.44862,0.4057252733866117,0.6190814690017895,0.7077900832402512,1,1.658163265306123,-0.08357709987463213,감소형,,0.0,,11.1,관찰,11.1
2026-10-02T17:30:25+09:00,TOSHI,KRW-TOSHI,,0.17,1.79640719,427352665.394264,1790929790215,False,False,,816064116.9624174,7159982728.967835,660878646.584022,953485552.6823546,372061558.5677266,0.11397571025706357,0.2790170449050089,0.42736713816674377,1,1.21212121212122,-6.17977528089887,감소형,,,,,,,,,,,,,,NO_DATA,,0.0,,11.1,관찰,11.1
2026-10-02T17:30:25+09:00,ONT,KRW-ONT,ONTUSDT,80.8,1.0,302458305.0292927,1790929742624,False,False,,378087626.8658462,558940002.3622552,358233980.4707746,1141716028.8431633,552688551.3363923,0.676436872057698,0.5509098952178156,0.3412049950543846,1,3.4928848641655907,-1.2345679012345734,감소형,340215.11568,1.927,450375.02855,591467.29846,351858.79333,600810.53292,486092.97467,0.7614538110942717,0.8750035871364368,0.7117524765575655,1,2.999473776530448,-1.41034251175286,중립,,0.0,,11.0,관찰,11.0
2026-10-02T17:30:25+09:00,ENS,KRW-ENS,ENSUSDT,9525.0,1.54584222,2320107081.7048345,1790929805224,False,False,,2548280953.5301003,4503173753.456954,5507311284.451462,4911255041.911808,3274452696.9403462,0.5658855494025431,0.5123291800886539,0.6021450271651636,1,2.4576734025122837,-2.393340270551514,감소형,1011754.5724,2.174,980031.3414,1586633.5992,2844783.1725,1546528.025,1150658.9331,0.6176796847704119,0.49182354875926887,0.6063449208796431,1,2.0740740740740726,-2.4079320113314484,감소형,,0.0,,10.9,관찰,10.9
2026-10-02T17:30:25+09:00,AKT,KRW-AKT,,912.0,2.5871766000000003,1259250636.1310942,1790929737728,False,False,,1444975794.9592226,1980159999.6060953,1090297895.4221783,1545890848.1420207,1558882023.970281,0.7297267873538832,0.9390381069651685,0.9722557125011067,1,-0.6703910614525133,-6.715634837355722,감소형,,,,,,,,,,,,,,NO_DATA,,0.0,,10.9,관찰,10.9
2026-10-02T17:30:25+09:00,SONIC,KRW-SONIC,,36.9,1.6528925600000002,628722662.1823123,1790929603935,False,False,,494810634.1555543,1401528178.3618383,672087087.069634,1422114069.1775267,8148590703.687558,0.3530507925526753,0.42464154411791666,0.19910302312874162,1,2.2535211267605604,-2.1563342318059453,감소형,,,,,,,,,,,,,,NO_DATA,,0.0,,10.9,관찰,10.9
2026-10-02T17:30:25+09:00,W,KRW-W,WUSDT,18.5,2.20994475,445672589.9908854,1790929659762,False,False,,485512550.57148445,1096062470.8119147,3237780571.3968887,3166398493.2673864,17624755942.3373,0.4429606555289118,0.19419876610973408,0.09245616443242916,1,-3.7234042553191404,1.6853932584269593,감소형,1277290.191288,1.715,1355665.700361,2771322.19652,3872966.647385,6107284.368465,17649365.554316,0.48917650284883296,0.31894081093756355,0.21036575493317763,1,-3.8489469862018844,1.4559386973179933,감소형,,0.0,,10.9,관찰,10.9
2026-10-02T17:30:25+09:00,POWR,KRW-POWR,POWRUSDT,91.9,2.56696429,278041411.9567798,1790929761611,False,False,,401781115.1468787,695436291.406475,769316265.6482794,701630819.0714033,652975185.9377671,0.5777396436045958,0.5563850603377432,0.450582126272016,1,-3.3441208198489836,-8.29068577277381,감소형,102794.272,3.182,103569.9074,268061.8847,251590.2329,215772.3973,158612.349,0.38636566148115276,0.42249029765107704,0.4689003714230847,1,-3.2352941176470695,-8.356545961002793,감소형,,0.0,,10.9,관찰,10.9
2026-10-02T17:30:25+09:00,FLOCK,KRW-FLOCK,,87.5,2.82021152,7317932875.0523,1790929831141,False,False,,6260049721.767917,8779976745.089445,11096578529.029034,15678719912.27088,8842480695.776299,0.7129916061872374,0.5281958603007194,0.5585412159617424,1,-3.624009060022648,-14.040404040404042,감소형,,,,,,,,,,,,,,NO_DATA,,0.0,,10.7,관찰,10.7
2026-10-02T17:30:25+09:00,CHZ,KRW-CHZ,CHZUSDT,22.4,1.8181818200000002,1335957260.4330742,1790929706817,False,False,,1131943849.6126337,1930884415.9779475,2600327853.7637496,3446057572.2463756,2251736423.884769,0.586230765677049,0.4256884392908541,0.4566529227012965,1,2.3255813953488413,-3.508771929824561,감소형,1211863.24981,2.974,1082302.75768,1413649.17036,1962803.26276,2331703.91361,1054489.51777,0.765609162706459,0.568819085500354,0.6061238627798234,1,2.018927444794949,-3.0575539568345356,중립,,0.0,,10.7,관찰,10.7
2026-10-02T17:30:25+09:00,MEW,KRW-MEW,,0.685,0.29282577,1614924202.844075,1790929829172,False,False,,3321118402.332946,33008331574.9801,421626829.64375645,948006946.5910215,360970585.49299365,0.10061454923248263,0.28981805948113637,0.4738889388897307,1,6.220839813374801,-1.0144927536231751,감소형,,,,,,,,,,,,,,NO_DATA,,0.0,,10.6,관찰,10.6
2026-10-02T17:30:25+09:00,RAY,KRW-RAY,RAYUSDT,2632.0,3.1752254,871054310.5597519,1790929827544,False,False,,779378702.2183571,1838221044.9935622,1305027137.1957245,1803307194.8220067,5359480776.789576,0.42398530053880795,0.47267965856025085,0.3313162862002242,1,-0.9320388349514541,-9.18476326094696,감소형,5280793.68096,2.359,4938299.86762,8812087.3488,7018074.48803,10222327.47436,11415519.83473,0.5604006942001637,0.5686558173347658,0.5672005298893258,1,-1.4111947764730681,-9.190998156950226,감소형,,0.0,,10.5,관찰,10.5
2026-10-02T17:30:25+09:00,ICP,KRW-ICP,ICPUSDT,4468.0,-0.35682426,349287453.34483427,1790929585137,False,False,,473330201.17496794,1773193867.4018872,4055348517.790975,747370268.6390898,701595645.680755,0.2669365205218644,0.21593817896857848,0.28438692733001497,1,5.134818288393905,3.222836095764281,감소형,7556378.07234,-0.211,8070357.63113,17526609.08151,29936724.28525,13291102.10455,9854553.13073,0.4604631502647003,0.3985070835663211,0.4835868574347222,1,4.944178628389162,2.8767979987492254,감소형,,0.0,,10.5,관찰,10.5
2026-10-02T17:30:25+09:00,KERNEL,KRW-KERNEL,KERNELUSDT,73.1,-2.14190094,411061341.86518496,1790929763247,False,False,,509225202.15579224,940282904.6206737,550044436.4816182,920808640.2581806,1384304288.8559883,0.5415659474966446,0.6335916423947987,0.502548247123473,1,7.020057306590277,0.6738544474393482,감소형,544823.46569,-0.185,576545.71364,968629.41214,575816.28441,596640.42179,520187.0384,0.5952180538955898,0.8078316542732062,0.94197047885997,1,6.6147859922178975,0.7352941176470562,감소형,,0.0,,10.4,관찰,10.4
2026-10-02T17:30:25+09:00,OP,KRW-OP,OPUSDT,181.0,3.42857143,243976475.03664955,1790929639978,False,False,,306557727.5404711,461909423.9619071,632186413.5002618,1025747529.5245478,566818697.8174865,0.6636749796335664,0.4338401586380868,0.43750294336415013,1,-3.8461538461538436,-10.71428571428571,감소형,8863546.039277,3.947,9639741.672416,10787735.610572,8225023.671284,7644161.509854,4279659.367694,0.8935834192088501,1.0848674249818664,1.2577760429406835,1,-4.61653015636635,-10.97984711605282,중립,,0.0,,10.3,관찰,10.3
2026-10-02T17:30:25+09:00,RENDER,KRW-RENDER,RENDERUSDT,2696.0,3.53302611,594459841.0469419,1790929804861,False,False,,583056949.4638827,1190497707.180217,975601602.689823,2077584571.631818,2178690076.2046256,0.4897589856303854,0.41218217408140423,0.34913874167107556,1,-1.846965699208447,-3.8049501292944266,감소형,3497775.64104,4.674,3344765.40864,5351037.61841,6152809.43527,10813459.68891,8690161.87486,0.6250685656053862,0.4496194967276543,0.42619351628378177,1,-2.051282051282055,-4.02010050251257,감소형,,0.0,,10.2,관찰,10.2
2026-10-02T17:30:25+09:00,ZKP,KRW-ZKP,ZKPUSDT,68.8,3.3033033000000005,1105259471.217616,1790929800790,False,False,,308348977.8760194,662928196.724206,638797732.8230119,884164508.5251579,1282796947.367905,0.46513178863064714,0.42318998130748475,0.3832256273740851,1,0.6042296072507503,-5.263157894736848,감소형,394327.56004,4.723,206976.1094,325579.42405,244578.30746,403453.25469,433158.51732,0.635716185087342,0.6377581364642165,0.5952527649924809,1,0.2049180327868827,-5.415860735009681,감소형,,0.0,,10.1,관찰,10.1
2026-10-02T17:30:25+09:00,WAXP,KRW-WAXP,WAXPUSDT,8.67,2.4822694999999997,413718388.1375621,1790929820748,False,False,,319216426.6780694,461411473.4810164,490177241.35227627,1185790009.8443406,3247008281.521007,0.6918259406724587,0.44804847590996966,0.0333583602194418,1,3.170731707317098,-6.519337016574589,감소형,272243.60421,3.89,231260.13265,313403.46394,340659.97417,394939.74408,559065.29223,0.7378990957619855,0.6613711090004486,0.33171284109462296,1,2.81456953642385,-6.616541353383454,감소형,,0.0,,9.9,관찰,9.9
2026-10-02T17:30:25+09:00,RED,KRW-RED,REDUSDT,234.0,-3.3057851200000004,820417256.7141743,1790929802293,False,False,,1920902697.501612,4744350817.635605,883550296.2216319,607811882.480631,453305584.49506223,0.4048820947981484,0.924145818752271,1.2681772591367564,1,10.000000000000009,4.761904761904767,감소형,720625.24003,-4.102,1327479.93684,2408255.0052,620940.0312,477594.78407,606508.8524,0.5512206697271064,1.1356368685894755,1.4219280645009493,1,9.851301115241661,5.097806757557799,감소형,,0.0,,9.8,관찰,9.8
2026-10-02T17:30:25+09:00,BIO,KRW-BIO,BIOUSDT,42.4,3.1630170300000002,275381412.5916894,1790929719856,False,False,,345033977.37768203,559726635.9643859,1569892578.4131658,515876339.3650685,278258437.18871534,0.6164330142752681,0.3912695792168967,0.4836901188547464,1,1.985111662531036,-6.164383561643827,감소형,1481849.311006,2.178,1325079.056886,1466652.987133,2551230.411058,2390358.416444,1102242.56681,0.9034714199684362,0.6203319546368308,0.7268483155102684,1,1.4112903225806273,-6.244175209692471,중립,,0.0,,9.8,관찰,9.8
2026-10-02T17:30:25+09:00,BIGTIME,KRW-BIGTIME,BIGTIMEUSDT,12.5,4.16666667,583218093.8626795,1790929796646,False,False,,353060188.2044791,588738912.8402421,443623475.91557294,1115114065.3159738,3549424260.235683,0.5996888952035078,0.49322103746709095,0.2579277457325522,1,-3.2258064516129115,-3.2258064516129115,감소형,332318.56569,4.773,290366.83941,257780.85506,278161.86357,499173.8812,1672254.7728,1.1264096371408785,0.8415482066204555,0.4855122837389499,2,-3.723986856516981,-2.980132450331141,중립,,0.0,,9.7,관찰,9.7
2026-10-02T17:30:25+09:00,GRT,KRW-GRT,GRTUSDT,39.6,3.6649214700000003,574983445.6339995,1790929802284,False,False,,736466886.084879,1207999702.126848,1357947824.0735304,7040990001.6251135,9071361149.54614,0.609658168613973,0.22997970496376588,0.18971175362399315,1,-8.39328537170264,1.5957446808510634,감소형,1380446.22146,0.861,1465101.20438,2539594.8624,3078667.60887,8903797.89491,8625115.02899,0.5769035156243116,0.30266391285468647,0.30179986932012903,1,-8.112528622832837,1.7385005432814182,감소형,,0.0,,9.7,관찰,9.7
2026-10-02T17:30:25+09:00,BAT,KRW-BAT,BATUSDT,127.0,4.09836066,234652897.184192,1790929754211,False,False,,84508705.49946734,405337643.625914,243079346.94842562,472578165.0133614,186442715.045811,0.20848965505276487,0.2261616522022226,0.27182973907219005,1,-2.400000000000002,-6.153846153846154,감소형,403241.2,5.045,258660.4332,475630.7069,574440.3281,606847.9931,604750.3074,0.5438261858361946,0.46832783403412465,0.48728892043636546,1,-2.505446623093688,-5.987394957983206,감소형,,0.0,,9.7,관찰,9.7
2026-10-02T17:30:25+09:00,BERA,KRW-BERA,BERAUSDT,322.0,-0.9230769200000001,2602502970.7087293,1790929777402,False,False,,3705595554.7890778,19253446402.490276,5065138101.314943,1962147803.3017795,1239795580.2880137,0.19246401279667982,0.4230014040119028,0.6345242049701013,1,9.427609427609429,0.30864197530864335,감소형,1856282.3873229,-2.517,2533582.1086496,8859291.6821917,4525129.4716942,1004651.1138756,1009596.458614,0.2859802114589388,0.5282304643766477,0.7689073108421077,1,9.224414869206043,0.21052631578948322,감소형,,0.0,,9.6,관찰,9.6
2026-10-02T17:30:25+09:00,BLUR,KRW-BLUR,BLURUSDT,28.8,2.4911032,961037522.4380032,1790929700807,False,False,,1526719648.344635,7252574095.049259,635363347.912123,1766536303.9048116,833666587.5044135,0.21050728035812857,0.47440793409590115,0.666237746547971,1,4.074074074074074,-2.430555555555558,감소형,388167.326998,3.891,676086.788144,3135425.185425,191462.618312,437942.213733,194688.630196,0.21562842299244908,0.5387388952542961,0.7720230710822293,1,3.6646586345381538,-2.4563060935285708,감소형,,0.0,,9.6,관찰,9.6
2026-10-02T17:30:25+09:00,PENGU,KRW-PENGU,PENGUUSDT,13.5,4.65116279,5744576603.638511,1790929816234,False,False,,5535974238.357682,9289384136.138597,6215696977.941231,8979812491.575188,8093676872.226272,0.5959463143332633,0.6782926233029369,0.738043578759366,1,0.0,-4.444444444444439,감소형,18732137.036194,3.203,16689694.60289,21556778.915288,13784255.156226,18922352.236561,17856512.377635,0.7742202426659263,0.9227047409906881,1.0254677404140504,1,-0.17953321364452268,-4.621594349142278,중립,,0.0,,9.3,관찰,9.3
2026-10-02T17:30:25+09:00,SPK,KRW-SPK,SPKUSDT,33.0,2.48447205,466343245.43380916,1790929763575,False,False,,570240640.5453111,1347506957.8134873,1224240360.120453,1063902503.6673146,1600890459.0084813,0.42318196372848704,0.47054089518513564,0.3457336349854146,1,4.885993485342022,-6.122448979591821,감소형,1348492.996704,1.411,1317168.535491,2419418.967939,2199648.652782,1784291.465908,1911992.369416,0.5444152306588882,0.617098862177545,0.5877276057769875,1,4.603195680077921,-6.29634035129455,감소형,,0.0,,9.3,관찰,9.3
2026-10-02T17:30:25+09:00,SYRUP,KRW-SYRUP,SYRUPUSDT,327.0,-0.30487804999999996,1199116108.8281631,1790929787770,False,False,,1201747667.153182,1717613584.2877884,5892271444.03353,1320170519.2875504,775206799.3220973,0.6996612498564332,0.4037201092690732,0.5567477685453837,1,5.128205128205132,9.333333333333327,감소형,2587178.82624,8.05,2460129.20899,3153178.00538,7168794.44926,2374727.01817,1716623.70662,0.780206256923171,0.5812839504294097,0.7541209698018141,1,3.902862098872517,8.810172570390563,중립,,0.0,,9.2,관찰,9.2
2026-10-02T17:30:25+09:00,MMT,KRW-MMT,MMTUSDT,253.0,-2.31660232,1067561369.1883147,1790929711534,False,False,,1174924933.2486851,1898077830.7149239,1831064978.318263,5028671809.963136,5015776659.559391,0.6190077741997237,0.40247195825549537,0.4089496270963711,1,4.435483870967749,10.68376068376069,감소형,619220.72864,-0.796,894345.41141,941104.39395,783404.40789,1916806.01565,2011355.28126,0.9503147760858458,0.7368317129139214,0.7315042520989377,1,4.324028461959495,10.942956926658898,중립,,0.0,,9.1,관찰,9.1
2026-10-02T17:30:25+09:00,CRV,KRW-CRV,CRVUSDT,524.0,2.7450980400000002,964276048.3357875,1790929817517,False,False,,1797950672.6504776,2697871689.106791,5004227155.934706,1210091610.1677065,477144736.28523475,0.6664329811940544,0.6052218077093168,0.8984148330595106,1,-1.3539651837524147,7.822410147991543,감소형,4646755.76268,0.052,4669938.17999,8773749.69948,20499171.92628,9661166.20256,2874488.96753,0.5322625262795878,0.359834153602014,0.5161222550160749,1,-1.344582124967053,7.590569292696947,감소형,,0.0,,9.1,관찰,9.1
2026-10-02T17:30:25+09:00,COW,KRW-COW,COWUSDT,225.0,0.8968609900000001,437481676.80493385,1790929658414,False,False,,536060185.9431351,1628941011.9207385,1147397001.667671,2296883565.9437156,19336877656.45499,0.3290850816697461,0.31699395199247704,0.10830901691087871,1,6.190476190476191,6.190476190476191,감소형,582514.2525,0.664,532440.77604,1333798.75758,1101620.56137,1538842.08479,4700499.39913,0.3991912370694083,0.40191677543324944,0.29252856275109657,1,5.67741935483872,6.156837329876863,감소형,,0.0,,8.8,관찰,8.8
2026-10-02T17:30:25+09:00,0G,KRW-0G,0GUSDT,406.0,0.74441687,4381677090.948341,1790929820433,False,False,,7336374346.476862,29780503326.061634,59501435461.2376,8162433428.363627,2982387898.327439,0.24634823213537244,0.22586345972572153,0.3479745825680977,1,2.8061224489795977,12.569832402234638,감소형,2799296.837692,-4.302,4086895.046692,8920727.60616,29816546.45665,5348611.917574,1365956.573586,0.4581347202967939,0.2781090788451294,0.42539749114932984,1,2.071823204419876,12.480974124809752,감소형,,0.0,,8.7,관찰,8.7
2026-10-02T17:30:25+09:00,MET2,KRW-MET2,,435.0,5.8394160600000005,1720950572.442459,1790929821091,False,False,,800844888.4518642,1326629080.7692537,1236367304.518391,2474926328.772637,849874054.7980781,0.6036690285633491,0.4768899408977406,0.5946128239340194,1,-8.25892857142857,-14.016736401673635,감소형,,,,,,,,,,,,,,NO_DATA,,0.0,,8.3,관찰,8.3
2026-10-02T17:30:25+09:00,WLD,KRW-WLD,WLDUSDT,724.0,4.92753623,38504750663.66453,1790929824647,False,False,,37926898195.00614,63374019074.428535,41578577596.16642,52648955047.52918,105492502626.24637,0.5984613055779774,0.7219516137031389,0.5564527480226625,1,3.293413173652704,-3.08988764044944,감소형,63465845.27617,3.133,65990069.32665,79648404.22022,55256593.77921,80967882.63636,96159565.92176,0.828517155776203,0.917068449713957,0.8462529144115813,1,2.990844354018307,-3.1937272901128466,중립,,0.0,,7.9,관찰,7.9
2026-10-02T17:30:25+09:00,WIF,KRW-WIF,WIFUSDT,349.0,3.56083086,545754141.8451465,1790929729398,False,False,,98729025.27721097,676850766.7592312,123455997.29360946,143316344.78869298,138501509.18271646,0.14586527802860683,0.31388281301764176,0.37660847614115683,1,6.645569620253156,0.8982035928143617,감소형,3656731.231627,5.15,2450102.588036,5286775.369674,3165133.379396,3065609.806856,2538309.51993,0.4634398885358886,0.6381850160185863,0.7376048194778783,1,6.353944562899794,1.7543859649122862,감소형,,0.0,,7.6,관찰,7.6
2026-10-02T17:30:25+09:00,FOLD,KRW-FOLD,,88.1,-4.8596112300000005,3568481514.553803,1790929805552,False,False,,5976135757.898439,31416455881.46384,29587061018.661278,7492553485.051548,25698031405.360714,0.19022310410973012,0.2617435886887787,0.27492490250355256,1,12.242424242424232,5.707762557077634,감소형,,,,,,,,,,,,,,NO_DATA,,0.0,,7.5,관찰,7.5
2026-10-02T17:30:25+09:00,YGG,KRW-YGG,YGGUSDT,38.7,6.027397260000001,272496767.8884891,1790929766453,False,False,,82467192.24871556,140027335.5129033,176617028.28265986,458022210.0193718,278737695.7942525,0.5889363812190538,0.31936524061931454,0.33485646754970555,1,2.528089887640439,-3.9473684210526327,감소형,681284.340011,9.094,287406.421907,354851.26365,281510.826328,502236.963736,360617.937555,0.8099348976546896,0.7572632902763481,0.7623339598476738,1,1.5226494099733534,-4.613733905579398,중립,,0.0,,7.3,관찰,7.3
2026-10-02T17:30:25+09:00,DEEP,KRW-DEEP,,32.9,4.44444444,1321115821.9581363,1790929807320,False,False,,1177605845.5575104,4623360434.823575,826441924.2268783,2143454962.991837,6313913085.301114,0.25470777417388335,0.4652571863220277,0.3845557131155249,1,4.6511627906976605,3.2786885245901676,감소형,,,,,,,,,,,,,,NO_DATA,,0.0,,7.1,관찰,7.1
2026-10-02T17:30:25+09:00,TIA,KRW-TIA,TIAUSDT,628.0,7.7186964,1485672782.0097141,1790929777736,False,False,,799191437.6802341,1104721466.4524794,625274971.4491115,1136705335.2782269,657274427.7845945,0.7234325229929911,0.8363528900954537,0.9744939297691517,1,-4.426229508196721,-13.11475409836066,감소형,9462667.074911,5.168,8191790.159367,7131898.26031,9776815.000043,6903543.689051,3908474.913296,1.1486128742126687,1.0320470894597875,1.2519874834979037,2,-4.480606330806958,-13.030241526283747,중립,,0.0,,6.8,관찰,6.8
2026-10-02T17:30:25+09:00,AXS,KRW-AXS,AXSUSDT,1679.0,7.35294118,7570770276.696732,1790929825289,False,False,,997139546.4232591,2059369222.2195618,2489002444.4799623,3809294294.7387547,3334933511.6849756,0.4841965858597007,0.3579251256357919,0.18566748122149612,1,3.576158940397356,-1.7587939698492483,감소형,4078808.72905,9.323,1439375.17004,1993346.53018,1862509.38923,2384477.9048,1929666.95195,0.7220897863203062,0.6919702746297641,0.5269916301690221,1,3.234501347708907,-1.7948717948717885,감소형,,0.0,,5.9,관찰,5.9
2026-10-02T17:30:25+09:00,ARK,KRW-ARK,ARKUSDT,298.0,-9.96978852,23386900221.66477,1790929824330,False,True,입금량급등,41385144184.68402,111556201152.77808,2858627602.1073933,5848018396.910383,26498691902.278065,0.37098022124298025,1.0323673145484655,1.0211123946013065,1,2.1604938271605034,-6.760563380281692,감소형,7273131.6609,-12.077,10940473.3871,42233158.828,1118463.7161,1982323.413,2379822.6635,0.25904937472606515,0.723992131467207,0.971516928482291,1,1.3767209011264159,-7.039020657995421,감소형,,0.0,,4.6,관찰,4.6
2026-10-02T17:30:25+09:00,FLUID,KRW-FLUID,,2170.0,6.008793359999999,335506155.33311933,1790929816249,False,False,,146040617.99614674,282329685.1955641,1315557962.1226056,445290640.7329087,522627513.5447782,0.5172697936279259,0.214431533728929,0.25704588554303237,1,8.306878306878307,4.866803278688514,감소형,,,,,,,,,,,,,,NO_DATA,,0.0,,4.2,관찰,4.2
2026-10-02T17:30:25+09:00,STX,KRW-STX,STXUSDT,508.0,-0.39215685999999994,11449406772.816252,1790929811670,False,False,,22017898075.975597,13200206905.736553,3295061519.5244155,5656939672.173287,8127510943.64809,1.6679964362079087,2.9818108396867826,2.766342819991666,3,19.437939110070257,9.207708779443259,가속형,5405717.97049,-3.342,9666873.63848,8093460.19765,1125506.85173,2295389.15276,2543947.18361,1.1944055326653553,2.5186489288953986,2.821311738378576,3,18.962774419344576,9.136018680677171,가속형,,0.0,,61.9,시동,61.9
2026-10-02T17:30:25+09:00,MEGA,KRW-MEGA,MEGAUSDT,65.7,-4.08759124,54121499135.327,1790929831795,False,True,"거래량급등,입금량급등",30684214498.22025,865028891.5158341,613436933.5047845,1160352554.0216484,904424928.8728448,35.4718955622982,34.88403909331204,36.31925992661441,3,19.75524475524475,12.295081967213118,가속형,21375455.4401,6.878,16133569.371924,1916675.220346,1380986.82187,2062441.294633,1415751.092026,8.41747688949177,9.029808769363191,9.88148491845593,3,18.806252960682144,11.86440677966103,가속형,,0.0,,58.4,시동,58.4
2026-10-02T17:30:25+09:00,TRAC,KRW-TRAC,,614.0,3.71621622,31205885208.90798,1790929825918,False,True,"거래량급등,입금량급등",40691072330.110794,24290819687.977432,729845864.3978401,1716502797.8294106,1435285095.374523,1.6751625862280206,4.56567484602003,6.960515146696397,3,16.535433070866134,18.875502008032118,가속형,,,,,,,,,,,,,,NO_DATA,,0.0,,55.1,시동,55.1
2026-10-02T17:30:25+09:00,MON,KRW-MON,,45.2,-1.31004367,5931069278.268557,1790929807311,False,False,,8637520196.148613,3615856685.983057,2795614809.740239,8652974115.963469,1418302383.849408,2.388789420120587,1.7201137868852787,2.3935234413233815,3,18.041237113402065,25.82417582417582,가속형,,,,,,,,,,,,,,NO_DATA,,0.0,,46.7,시동,46.7
2026-10-02T17:30:25+09:00,SUPER,KRW-SUPER,SUPERUSDT,308.0,-2.5316455700000002,2336302152.698186,1790929787066,False,True,거래량급등,1150546710.0138516,138609773.9109126,207680911.74512517,342618469.66427946,1948985384.0434065,8.300617464056554,5.010297952037914,1.741519407054222,2,20.610687022900763,13.261648745519716,일회성 폭증형,7143821.35,13.313,5138053.3043,1172732.2709,1215686.6408,1986060.8911,4827810.9989,4.381267090362287,3.5236555219740104,2.1500465470828876,2,19.050077439339177,12.652662432828542,일회성 폭증형,,0.0,,18.6,시동,18.6
2026-10-02T17:30:25+09:00,ARX,KRW-ARX,,383.0,-1.2886597899999999,3396068100.244841,1790929757763,False,False,,3711601851.6386847,7976673040.7006035,13190893496.064827,20648252157.757217,41713138805.01888,0.46530700615412074,0.26628213682145546,0.21553960193526328,1,10.541310541310533,25.566343042071193,감소형,,,,,,,,,,,,,,NO_DATA,,0.0,,3.7,시동,3.7
2026-10-02T17:30:25+09:00,ZRO,KRW-ZRO,ZROUSDT,2495.0,1.2992285799999999,4478698795.070078,1790929820438,False,False,,3044064496.8704634,10518166784.646025,3952799593.9476113,4431044441.147276,2083116976.6755073,0.2894101756699713,0.48313343896057315,0.6429352477770502,1,16.23407267579047,13.450023030861358,감소형,27556180.11521,11.399,24840241.80707,24841847.12459,14445033.19308,13850549.58304,9339634.48358,0.999935378496134,1.4024149372759611,1.673300099091944,1,15.566944266495852,12.961803381340008,중립,,0.0,,3.3,시동,3.3
2026-10-02T17:30:25+09:00,PUMP,KRW-PUMP,PUMPUSDT,8.05,1.3853904300000002,5243613605.102701,1790929816569,False,False,,4677429348.938793,9797798945.251717,22835625014.268757,15401523372.512354,10436854627.000069,0.4773959309713744,0.29212664583185116,0.35678682736565925,1,18.862275449101816,32.554257095158604,감소형,46127120.877213,5.891,34874415.395584,55089451.523488,78454691.006376,94724451.395402,44401920.944388,0.633050691759291,0.45833394943942724,0.5720060795539089,1,18.222402597402578,32.58989531178877,감소형,,0.0,,0,시동,0
2026-10-02T17:30:25+09:00,CAP,KRW-CAP,,94.6,-0.94240838,36570253890.504166,1790929819131,False,False,,29200885784.003063,15885017549.86421,11666947920.090324,22752317143.253166,8540514263.639539,1.8382658811889496,1.741455255919077,2.259290219919899,3,24.025974025974016,36.039886039886035,가속형,,,,,,,,,,,,,,NO_DATA,,0.0,,43.2,이미 발동,43.2
2026-10-02T17:30:25+09:00,SAND,KRW-SAND,SANDUSDT,84.7,37.94788274,55850301691.92585,1790929828464,False,False,,2000674342.6598895,1989368887.534509,1339064738.0489335,3579969741.9514084,1340190107.479589,1.005682935526046,0.8688003158856357,0.9541892531737078,3,4.421768707482987,0.49099836333879043,중립,14917097.58854,44.801,1709138.47007,1766835.31453,1137560.92803,1544738.28348,1293294.2342,0.967344526122205,1.1524523208278243,1.1327886533914864,1,3.9215686274509887,0.2670821277542812,중립,,0.0,,29.3,이미 발동,29.3
2026-10-02T17:30:25+09:00,POD,KRW-POD,,912.0,74.37858509,44985479010.15939,1790929827861,False,True,가격급등락,,,,,,,,,,,,NO_DATA,,,,,,,,,,,,,,NO_DATA,,0.0,,7.0,이미 발동,7.0
2026-10-02T17:30:25+09:00,MANA,KRW-MANA,MANAUSDT,140.0,16.666666669999998,6464289186.609141,1790929828841,False,False,,156366517.8488429,273477437.438803,310867830.80433726,422434722.5933814,230051015.77932343,0.5717711827098481,0.4659404813525936,0.5380926957869034,1,-1.6393442622950838,-4.0000000000000036,감소형,5091693.1183,16.667,407254.0169,620999.6871,634389.2821,691676.3621,373383.5429,0.6558039003237366,0.6274889861473032,0.7429028584009888,1,-1.442841287458374,-2.7382256297919016,감소형,,0.0,,3.0,이미 발동,3.0
2026-10-02T17:30:25+09:00,SOON,KRW-SOON,,553.0,-3.8260869599999996,52065065242.78972,1790929826899,False,True,입금량급등,67970165555.52118,140715366205.5067,93994084071.06313,100084561806.51474,111059257121.1353,0.48303300050582004,0.6090625558021027,0.7572513488868217,1,35.93380614657211,84.29487179487178,감소형,,,,,,,,,,,,,,NO_DATA,,0.0,,0,이미 발동,0
2026-10-02T17:30:25+09:00,ICX,KRW-ICX,,21.7,-10.33057851,49339869574.22056,1790929831143,True,True,거래량급등,57369923426.075386,385121084.0576574,646703746.5579331,2368889209.262423,573091450.0530171,148.96593772956453,50.609891999152005,64.2514161600353,2,28.72340425531914,23.469387755102034,일회성 폭증형,,,,,,,,,,,,,,NO_DATA,,0.0,,0,유의종목,0
2026-10-02T17:30:25+09:00,RVN,KRW-RVN,RVNUSDT,3.32,-4.04624277,10501696550.601528,1790929824328,True,True,거래량급등,11826452103.619108,1124976123.3973978,1281993468.0942023,5840504512.602642,815590032.0764959,10.512624986122852,4.301845130164705,6.038601743003994,2,8.124999999999982,2.6706231454005858,일회성 폭증형,487148.4380497,-0.662,516341.8310093,581569.2936214,652248.0940935,967428.7159794,457867.6334544,0.8878423202058483,0.7037039113564841,0.8326676455936718,1,3.5248041775456818,-2.778912954638324,중립,,0.0,,0,유의종목,0
2026-10-02T17:30:25+09:00,EGLD,KRW-EGLD,EGLDUSDT,6895.0,-3.90243902,6485836993.03989,1790929791898,True,True,글로벌가격차이,5033233383.488637,10289057855.29516,26908856037.09215,64963389785.34979,1194750422.935048,0.4891831161099297,0.14780253977667693,0.23723467011254917,1,-2.1813224267211995,4.897660818713456,감소형,499741.31638,0.966,576906.69252,620963.71082,394219.44436,600079.5049,471722.15588,0.9290505748849294,1.0714790357837416,1.11973393473208,1,-0.5073902492830462,-4.286926994906626,중립,,0.0,,0,유의종목,0
2026-10-02T17:30:25+09:00,SOPH,KRW-SOPH,SOPHUSDT,5.25,-1.3157894700000001,2285847218.2607837,1790929828843,True,False,,2368617569.201894,972428809.7598357,1199294742.187595,4316474424.770483,1608623818.9112577,2.4357747790163478,1.0951966529233763,1.2454627392482749,2,4.518664047151288,-0.7462686567164201,중립,1374055.24866,3.297,1197379.58698,757090.55551,641273.01296,897236.45195,331077.18013,1.581553987519244,1.56479296436092,1.8513256979408699,3,9.482758620689658,-1.5503875968992276,가속형,EARLY,5.0,Binance 연속가속 우위,0,유의종목,0
2026-10-02T17:30:25+09:00,MANTRA,KRW-MANTRA,MANTRAUSDT,6.86,-1.7191977099999998,1332806108.7334976,1790929808330,True,True,글로벌가격차이,1948538540.1058996,1709126477.1339016,4950163583.179074,15619143366.397055,1633788795.185256,1.1400786110185812,0.26238898886441814,0.34679979818968376,2,-0.42796005706132734,-3.724137931034477,중립,460317.62664,0.671,463892.91879,482623.78515,503319.77519,929807.34193,509941.64063,0.9611895083990143,0.7264403502151457,0.7111769001760091,1,-1.5555555555555545,-8.28157349896481,중립,,0.0,,0,유의종목,0
2026-10-02T17:30:25+09:00,ZIL,KRW-ZIL,ZILUSDT,4.52,1.5730337099999998,1006012477.1269892,1790929827868,True,False,,1433356946.9051814,456655704.05510837,906362299.6560632,1994243487.304348,464567523.5296199,3.1388131894049582,1.2808269037794966,1.5665406943398918,2,0.6787330316742057,-5.919661733615222,중립,319861.2581486,2.231,375536.6299999,412853.1015374,245325.0313339,457823.2343961,410873.6653161,0.9096131980151311,1.0095058330961328,0.8881733177148429,1,-1.7681728880157177,-7.284768211920534,중립,,0.0,,0,유의종목,0
