scan_time_kst,coin,upbit_market,binance_symbol,upbit_price,upbit_price_24h_pct,upbit_24h_trade_krw,upbit_timestamp_ms,warning,caution_any,caution_types,upbit_D1_trade_krw,upbit_D2_trade_krw,upbit_D3_trade_krw,upbit_D4_trade_krw,upbit_D5_trade_krw,upbit_d1_vs_prev_x,upbit_d1_vs_3davg_x,upbit_d1_vs_5davg_x,upbit_rise_streak,upbit_price_3d_pct,upbit_price_5d_pct,upbit_supply_pattern,binance_24h_quote_usdt,binance_price_24h_pct,binance_D1_quote_usdt,binance_D2_quote_usdt,binance_D3_quote_usdt,binance_D4_quote_usdt,binance_D5_quote_usdt,binance_d1_vs_prev_x,binance_d1_vs_3davg_x,binance_d1_vs_5davg_x,binance_rise_streak,binance_price_3d_pct,binance_price_5d_pct,binance_supply_pattern,overseas_lead,overseas_lead_score,overseas_lead_reason,raw_signal_score,state,score
2026-09-28T09:41:58+09:00,AZTEC,KRW-AZTEC,,23.9,-2.44897959,3859481479.751528,1790556109454,False,False,,3835294598.569169,606107054.9573615,272637604.19872695,250071331.86229235,509177249.7179386,6.327751124492314,10.192878101706619,9.285143747702257,4,9.865470852017943,11.363636363636353,연속 가속형,,,,,,,,,,,,,,NO_DATA,,0.0,,81.0,발사 전,81.0
2026-09-28T09:41:58+09:00,SUN,KRW-SUN,SUNUSDT,23.0,0.43668122000000004,986384746.4219975,1790556112336,False,False,,985362355.1879239,377744687.9281972,326224635.72143286,273408579.08883953,627441619.5556046,2.608540600775369,3.024507774609237,2.19791498322273,4,-2.9661016949152685,-1.7167381974249052,연속 가속형,957533.93581,-1.052,950915.03817,385648.88753,493542.55529,704271.45937,1058520.72397,2.465753354717061,1.8015863273869732,1.2088449898557596,2,-1.909722222222221,-2.3054755043227737,고수준 유지형,,0.0,,78.8,발사 전,78.8
2026-09-28T09:41:58+09:00,ARX,KRW-ARX,,332.0,-2.63929619,42598090076.7018,1790556113429,False,False,,41713138805.01888,2571272303.087813,1526690452.5326693,4827116787.914237,2371809956.193425,16.22276207577316,14.021098165529176,11.797605686486687,3,-1.1594202898550732,14.046822742474907,가속형,,,,,,,,,,,,,,NO_DATA,,0.0,,72.9,발사 전,72.9
2026-09-28T09:41:58+09:00,MMT,KRW-MMT,MMTUSDT,249.0,0.8097165999999999,5200706796.1135,1790556119154,False,False,,5015776659.559391,591563442.2212769,533076983.26801175,820621231.7090731,1300878533.890594,8.47884825459383,7.735375815894042,6.092156654537069,3,5.555555555555558,6.926406926406936,가속형,2029210.52881,7.756,2011355.28126,460386.72111,379828.81436,512169.90532,1246728.72979,4.368838606835986,4.461794442459528,3.089823839346397,3,6.896551724137945,5.783689994216323,가속형,,0.0,,71.9,발사 전,71.9
2026-09-28T09:41:58+09:00,COW,KRW-COW,COWUSDT,213.0,-1.38888889,10055795257.330019,1790556119125,False,False,,19336877656.45499,336694762.9016514,307617798.7079198,396618244.6530735,416311128.8220103,57.43147737080572,55.72957647170247,57.21834336468432,3,10.20408163265305,2.857142857142847,가속형,2093369.60879,-9.472,4700499.39913,425902.24064,409844.50155,612222.78088,515618.36643,11.036568842809082,9.738808706064377,9.252980954146548,3,11.265646731571621,2.2364217252396124,가속형,,0.0,,71.8,발사 전,71.8
2026-09-28T09:41:58+09:00,FOLD,KRW-FOLD,,89.6,-4.27350427,20223459859.864765,1790556119101,False,True,거래량급등,25698031405.360714,14492592348.077728,1701281137.632876,1551151032.7012749,5249694619.795462,1.7731838989295283,4.344547066480008,5.014657342304209,4,14.42542787286063,14.846625766871169,연속 가속형,,,,,,,,,,,,,,NO_DATA,,0.0,,70.7,발사 전,70.7
2026-09-28T09:41:58+09:00,IN,KRW-IN,,55.8,0.0,26928692560.184616,1790556119126,False,False,,25811537238.671104,2474954558.2258844,911806275.5038447,1465270296.4348595,3770871642.2945056,10.4290954162704,15.9592157673124,5.39282351721284,3,12.273641851106621,10.05917159763312,가속형,,,,,,,,,,,,,,NO_DATA,,0.0,,69.5,발사 전,69.5
2026-09-28T09:41:58+09:00,GEOD,KRW-GEOD,,367.0,-0.27173913,2367936171.8676186,1790556115095,False,False,,3393315658.6610503,1220507833.774974,637106243.2519096,1092495234.6777556,2025961421.1696436,2.7802489789563105,3.450701618273578,2.7170830069743044,3,4.545454545454541,7.917888563049846,가속형,,,,,,,,,,,,,,NO_DATA,,0.0,,69.3,발사 전,69.3
2026-09-28T09:41:58+09:00,ESP,KRW-ESP,ESPUSDT,139.0,-2.11267606,7810187465.404671,1790556116181,False,True,"거래량급등,입금량급등",11375178549.93428,11264305851.511736,1257248227.1640294,1138982721.04665,721548807.202768,1.0098428345149795,2.4981108832045513,3.772302910473505,5,6.766917293233088,11.811023622047244,연속 가속형,2559589.1751,-7.971,3493980.78611,2611907.3122,622218.02973,571953.46213,840295.40247,1.33771239499576,2.7540003499530172,3.3732977443525995,4,7.0437017994858575,9.406200735680503,연속 가속형,,0.0,,69.0,발사 전,69.0
2026-09-28T09:41:58+09:00,FLUID,KRW-FLUID,,2030.0,-0.78201369,542045291.2142383,1790556068517,False,False,,522627513.5447782,274944161.92958355,273941140.80621785,124217697.37550235,333588349.1137448,1.900849648441087,2.3293352434546732,2.022139472082669,4,7.232704402515733,7.008368200836812,연속 가속형,,,,,,,,,,,,,,NO_DATA,,0.0,,68.7,발사 전,68.7
2026-09-28T09:41:58+09:00,TRUST,KRW-TRUST,,95.2,5.89543938,31882131674.225346,1790556120204,False,False,,25986025236.140594,1005002350.3405551,525975307.1376437,665071344.8213401,721275844.0710351,25.85668105884028,35.49924233329489,26.185101224678068,3,9.234507897934407,5.640423031727404,가속형,,,,,,,,,,,,,,NO_DATA,,0.0,,66.8,발사 전,66.8
2026-09-28T09:41:58+09:00,XCN,KRW-XCN,,6.86,0.43923864999999995,1611348355.1641736,1790556119500,False,False,,4529084564.505775,1035243575.9021567,616167530.56629,3041938854.4936404,3471930526.9087267,4.374897531297339,2.8950011839159937,2.6062604757626944,3,-1.157742402315487,9.105431309904155,가속형,,,,,,,,,,,,,,NO_DATA,,0.0,,66.8,발사 전,66.8
2026-09-28T09:41:58+09:00,AHT,KRW-AHT,,1.69,1.19760479,405566708.2522278,1790556011425,False,False,,343667660.808783,239721415.9712518,163901230.7816942,136327190.98387405,301883883.05296075,1.433612676682991,1.9094421562339203,1.7452615281228636,4,1.8292682926829285,3.0864197530864113,연속 가속형,,,,,,,,,,,,,,NO_DATA,,0.0,,65.7,발사 전,65.7
2026-09-28T09:41:58+09:00,PIEVERSE,KRW-PIEVERSE,,2076.0,-1.28388017,2401354993.264944,1790556056159,False,False,,2377992513.77992,816502260.2305021,771434779.5047857,1021020419.8879246,1307374121.4384334,2.91241387759123,2.734416966066612,1.8965313761255735,3,-4.53926463912846,-12.702366127023657,가속형,,,,,,,,,,,,,,NO_DATA,,0.0,,64.4,발사 전,64.4
2026-09-28T09:41:58+09:00,T,KRW-T,TUSDT,7.82,-2.61519303,3916778213.298045,1790556121274,False,False,,10410323084.293438,5415883989.6512375,2105069605.701688,3262242952.0365148,9992842013.607557,1.9221835445858255,2.8962626356320267,2.2546764030776942,3,5.38057742782152,11.682892906815013,가속형,639943.507624,-2.041,1527840.209048,813472.954541,412870.107776,902794.912274,1636364.876929,1.8781696435256166,2.1527588544488188,1.65161931608115,3,5.913978494623673,10.467289719626184,가속형,,0.0,,63.0,발사 전,63.0
2026-09-28T09:41:58+09:00,MOCA,KRW-MOCA,,14.6,0.0,499745447.53376997,1790555919334,False,False,,484934326.20286804,191501365.7372173,166581706.18616933,194407096.8372007,494665611.5166454,2.532276071954006,2.633174418057418,1.8362119136067188,3,4.285714285714293,3.546099290780136,가속형,,,,,,,,,,,,,,NO_DATA,,0.0,,61.0,발사 전,61.0
2026-09-28T09:41:58+09:00,MLK,KRW-MLK,,61.6,0.65359477,420532539.11790323,1790556115473,False,False,,435520315.5903159,344391630.55574757,290523472.05161804,253517901.9892675,554763115.3993033,1.2646077225730288,1.4706353095967581,1.0945411479153389,4,1.830282861896837,2.5125628140703515,연속 가속형,,,,,,,,,,,,,,NO_DATA,,0.0,,59.5,발사 전,59.5
2026-09-28T09:41:58+09:00,ANIME,KRW-ANIME,ANIMEUSDT,4.64,-0.42918454999999994,498581998.9041651,1790556057920,False,False,,1136106584.7464838,493091298.7290356,390908613.1037221,667551791.5967109,1163195125.3474052,2.30404914399189,2.1967168394748815,1.3710696177722874,3,0.6479481641468832,-2.1008403361344463,가속형,317745.251771,-2.557,392374.113016,156442.574613,165124.054083,201649.051487,311153.314687,2.5081031425533356,2.249784139948347,1.7263216598632283,2,1.7699115044247815,-2.5423728813559365,고수준 유지형,,0.0,,57.2,발사 전,57.2
2026-09-28T09:41:58+09:00,LAYER,KRW-LAYER,LAYERUSDT,115.0,0.87719298,2252577290.449809,1790556066450,False,False,,1350579788.9927747,1026309590.0710856,670782290.8856579,672995809.8412343,1444919044.3070695,1.3159574869598842,1.709531416373103,1.4743425710133446,3,6.542056074766345,7.547169811320753,가속형,916833.642555,3.053,666666.772354,423824.055424,334884.443716,311872.887143,464393.371591,1.5729800227763298,1.8681441156060932,1.7324244164109155,4,8.58974358974358,7.351077313054488,연속 가속형,EARLY,5.0,Binance 연속가속 우위,54.4,관찰,54.4
2026-09-28T09:41:58+09:00,LPT,KRW-LPT,LPTUSDT,2409.0,-1.4320785600000001,1002124188.1188694,1790556101096,False,False,,1032380302.4272715,479214082.84828466,329803739.3906603,584352637.4498216,2199737303.010241,2.1543196232697417,2.2227691750933305,1.2451520765253965,3,9.058456046407848,4.533789563729673,가속형,1726652.23709,2.12,1687486.65687,1307100.89314,1436612.11208,2013358.4461,2733593.65007,1.2910148449338241,1.06419674844389,0.9751119635060934,2,9.945088468578401,3.089244851258588,중립,,0.0,,52.8,관찰,52.8
2026-09-28T09:41:58+09:00,FCT2,KRW-FCT2,,13.0,0.0,262755561.53211027,1790556089484,False,False,,288300257.7328749,205599583.94292477,138354121.38492206,203811181.51823166,225194179.05446297,1.4022414452594814,1.5789635187800217,1.3286463256516041,3,0.0,2.3622047244094446,가속형,,,,,,,,,,,,,,NO_DATA,,0.0,,51.8,관찰,51.8
2026-09-28T09:41:58+09:00,ERA,KRW-ERA,ERAUSDT,96.0,-0.72388831,1959823551.424313,1790556083576,False,False,,1861528691.5905914,725638871.1664078,742092960.1718245,676731388.6100804,1492755003.0251193,2.5653651775825206,2.6041883221976536,2.1010227107985098,2,3.5331905781584627,4.2025862068965525,고수준 유지형,1080383.62707,2.017,1056425.17058,425282.69015,504428.99915,386374.36391,731751.98087,2.4840540070121166,2.4081066006360126,1.9986924539787752,2,4.2397660818713545,3.3333333333333215,고수준 유지형,,0.0,,49.2,관찰,49.2
2026-09-28T09:41:58+09:00,SLX,KRW-SLX,,95.4,-1.7507723999999998,6686395397.863249,1790556118768,False,False,,6586882409.107595,4607809296.074293,3562415701.9781637,4986684453.448385,19107787809.89808,1.429504127855163,1.5019216557022543,0.9171801046778153,3,-0.6141248720573311,5.543478260869561,가속형,,,,,,,,,,,,,,NO_DATA,,0.0,,48.8,관찰,48.8
2026-09-28T09:41:58+09:00,ANKR,KRW-ANKR,ANKRUSDT,6.99,-0.42735042999999995,1044702086.5076807,1790556086495,False,False,,3181360754.9715753,1174035776.8162823,3396157630.458345,218008019.4884472,522172817.4039794,2.709764742943951,1.9932499521781244,2.680360197920453,2,4.6199701937406745,1.0071942446043147,고수준 유지형,391708.493494,0.98,938096.641569,384982.544994,1037782.350401,280593.996057,394541.460236,2.436725128885052,1.6522002138421956,1.8304301971048074,2,5.284552845528445,-0.38461538461538325,고수준 유지형,,0.0,,47.5,관찰,47.5
2026-09-28T09:41:58+09:00,BLEND,KRW-BLEND,,93.0,-0.7470651,687243116.3167635,1790556086871,False,False,,703250963.5124041,496851075.13511527,444289202.3914961,515476211.5431836,933411207.7961878,1.4154160043251587,1.4483928380383189,1.1878901874876129,3,-0.31914893617021045,1.1879049676025932,고수준 유지형,,,,,,,,,,,,,,NO_DATA,,0.0,,45.3,관찰,45.3
2026-09-28T09:41:58+09:00,SONIC,KRW-SONIC,,37.4,-1.05820106,7092283337.515979,1790556111233,False,False,,8148590703.687558,781674966.1993244,817953896.4383346,1977507359.3659985,1212863885.2899134,10.424525609804032,6.8338946559239195,3.840238282717027,2,0.8000000000000007,3.2786885245901454,일회성 폭증형,,,,,,,,,,,,,,NO_DATA,,0.0,,44.0,관찰,44.0
2026-09-28T09:41:58+09:00,MEGA,KRW-MEGA,MEGAUSDT,59.3,-0.33613445,942279348.4399508,1790556117336,False,False,,904424928.8728448,680991238.7441318,581382344.569024,730792229.8956327,1384555697.1908326,1.328100682382881,1.3612890451148398,0.9824209809225888,3,-3.0944625407166138,-4.800000000000004,중립,1478978.436794,-2.041,1415751.092026,1387680.45736,1945548.435377,1934186.230112,3282502.051348,1.0202284571474063,0.8063259069243013,0.6050350940542016,2,-2.2924549298909302,-5.713058419243977,중립,,0.0,,43.9,관찰,43.9
2026-09-28T09:41:58+09:00,ELF,KRW-ELF,,105.0,-0.94339623,1205977379.2553353,1790556094536,False,False,,1228603256.108883,207462018.09065077,248771073.66511115,371333818.55757296,510951601.3169092,5.922063553686455,4.453790651116198,3.7116295085061175,2,0.952380952380949,3.9215686274509887,일회성 폭증형,,,,,,,,,,,,,,NO_DATA,,0.0,,43.8,관찰,43.8
2026-09-28T09:41:58+09:00,BTT,KRW-BTT,,0.000506,-1.55642023,1505587997.4923685,1790556116971,False,False,,1454488743.0162747,975497707.2225146,652159722.7495574,1509297891.038131,10991623469.202335,1.4910222056365126,1.3909876879099585,0.1676204540946552,3,0.5870841487279899,0.7843137254901933,중립,,,,,,,,,,,,,,NO_DATA,,0.0,,43.7,관찰,43.7
2026-09-28T09:41:58+09:00,VVV,KRW-VVV,,38780.0,-2.3911401999999997,3527091336.885889,1790556104779,False,False,,3446086691.2242074,885237193.7668076,1912443219.3261023,2301540555.914533,3257964036.982668,3.89283992526413,2.027419509079434,1.4542830698125784,2,-6.075650118203313,-7.453994875378522,고수준 유지형,,,,,,,,,,,,,,NO_DATA,,0.0,,43.5,관찰,43.5
2026-09-28T09:41:58+09:00,TFUEL,KRW-TFUEL,TFUELUSDT,15.0,-0.66225166,1404046761.3120139,1790556045969,False,False,,1453063754.9459515,310399583.1067175,425114840.38362044,308316172.419269,493995973.9409945,4.68126838445649,4.176148200598777,3.8932856275240324,2,2.7210884353741527,2.7210884353741527,일회성 폭증형,878602.7071,-0.898,886631.35062,144985.08439,346250.56559,224736.05933,193784.61394,6.115328030813308,3.7150826174729823,3.784849014500707,2,3.249767873723308,1.8315018315018472,일회성 폭증형,,0.0,,43.4,관찰,43.4
2026-09-28T09:41:58+09:00,WCT,KRW-WCT,WCTUSDT,59.6,0.33670034,765571760.0115865,1790556114776,False,False,,734146555.6611935,672667242.9781916,437472528.51433104,451220702.5853356,818351594.4625832,1.0913963231074046,1.4105901254381021,1.0403687999895386,3,2.4137931034482696,-1.655629139072845,고수준 유지형,886320.182247,0.275,884896.550629,714658.11011,549165.873911,660777.316205,896342.574492,1.2382096251490058,1.379345244947755,1.2022431704137229,3,2.749706227967108,-3.1028368794326244,중립,,0.0,,43.4,관찰,43.4
2026-09-28T09:41:58+09:00,RE,KRW-RE,REUSDT,658.0,-0.90361446,3612912066.4654045,1790556109448,False,False,,3506531385.8571577,2867501867.24106,2027687767.8427677,2551831665.5209427,4504310120.534931,1.222852346119284,1.412590851152417,1.2484403094330092,3,3.4267912772585563,4.731861198738163,고수준 유지형,1758751.22386,-0.185,1743439.12579,2337986.11263,1443077.61719,1512523.62555,3410339.7021,0.7457012325145105,0.9880478069497017,0.8305165378484426,1,4.104636324968092,3.7955894826123826,감소형,,0.0,,43.3,관찰,43.3
2026-09-28T09:41:58+09:00,PRL,KRW-PRL,,163.0,-1.80722892,2133576649.3984876,1790556089092,False,False,,2036659418.3975313,1606130806.212406,1197459194.4558792,1726664075.631089,2575765115.471831,1.2680532684634835,1.3487054262933633,1.1564997465851372,3,2.4691358024691468,2.4691358024691468,중립,,,,,,,,,,,,,,NO_DATA,,0.0,,43.2,관찰,43.2
2026-09-28T09:41:58+09:00,POKT,KRW-POKT,,12.8,0.0,745688278.2723744,1790556075900,False,False,,640579899.9761405,530477166.2463315,389865355.95711,437220023.1756466,930469888.0438541,1.207554143204501,1.4155809663942898,1.137235981684282,3,4.065040650406493,4.918032786885251,고수준 유지형,,,,,,,,,,,,,,NO_DATA,,0.0,,42.5,관찰,42.5
2026-09-28T09:41:58+09:00,AXL,KRW-AXL,AXLUSDT,74.5,-0.26773762,8030530532.860294,1790556118026,False,False,,5812403481.727314,358943771.528814,490369345.40625334,368343951.150007,827496735.4252514,16.193075191056007,14.320296660047516,9.8511092731279,2,5.657708628005653,2.609890109890123,일회성 폭증형,2544911.740231,3.002,1823949.653141,426730.79741,469318.104278,661310.189648,1532346.119609,4.274239553862249,3.5135435301109044,2.0689945010017428,2,6.563706563706573,2.2222222222222143,일회성 폭증형,,0.0,,42.4,관찰,42.4
2026-09-28T09:41:58+09:00,VANA,KRW-VANA,VANAUSDT,1565.0,-0.5085823300000001,591846620.860852,1790556099297,False,False,,570330580.8217007,520481662.09814745,410509430.81426674,515170172.2216138,784802475.1400633,1.0957745917936936,1.1831265182631827,0.9589989001770495,3,0.4469987228607808,0.7042253521126751,중립,284754.92086,0.874,287243.71728,409379.6077,296423.7553,328720.89863,831286.70857,0.7016561447547647,0.8329733615741919,0.6039396448512,1,1.5761821366024442,-0.3436426116838476,감소형,,0.0,,42.2,관찰,42.2
2026-09-28T09:41:58+09:00,IOST,KRW-IOST,IOSTUSDT,1.33,0.0,2162577255.704368,1790556094153,False,False,,2882587196.5004644,1967976181.589408,1804204618.5581985,2517950308.568976,5258975556.2138605,1.4647469941289553,1.374814203398354,0.9491480722629493,3,4.7244094488189115,5.555555555555558,중립,810994.34389,-2.395,939052.572782,1138678.630271,994238.752473,871373.421503,2227265.337177,0.8246862177070188,0.9377113941045718,0.6943160399243623,1,5.717367853290178,4.8128342245989275,중립,,0.0,,41.1,관찰,41.1
2026-09-28T09:41:58+09:00,MVL,KRW-MVL,,1.59,1.27388535,267332429.76963586,1790556071389,False,False,,203450499.01969174,103655202.53699721,177544188.166818,64364446.52457794,203273432.17325035,1.9627620615287014,1.7662481756031556,1.531798481405514,2,0.0,0.0,고수준 유지형,,,,,,,,,,,,,,NO_DATA,,0.0,,40.8,관찰,40.8
2026-09-28T09:41:58+09:00,META,KRW-META,,12.1,0.0,215174633.3432991,1790555259680,False,False,,213348513.98260647,132784484.93596867,155690118.2106462,71827156.00219592,220086717.60263973,1.6067277294142264,1.776415256644555,1.318646534487227,2,-0.8196721311475419,0.0,고수준 유지형,,,,,,,,,,,,,,NO_DATA,,0.0,,40.8,관찰,40.8
2026-09-28T09:41:58+09:00,GAME2,KRW-GAME2,,1.61,12.58741259,3637030178.5702977,1790556123498,False,False,,359450489.8094554,121854175.78458758,137201729.71968195,148620032.5038228,313459664.05012065,2.949841377983532,2.6451192451955823,2.16701892307341,2,2.877697841726623,1.4184397163120588,고수준 유지형,,,,,,,,,,,,,,NO_DATA,,0.0,,40.7,관찰,40.7
2026-09-28T09:41:58+09:00,KNC,KRW-KNC,KNCUSDT,199.0,0.0,295180567.41499346,1790555835664,False,False,,282367681.0104984,146886638.6811493,228116197.21627834,114895018.94992566,327602306.9582442,1.9223510289689545,1.7291421765776929,1.4028082470436665,2,0.5050505050504972,-1.4851485148514865,고수준 유지형,209113.69222,0.894,182999.15179,112069.98673,385954.07387,225229.87089,312880.22219,1.632900628701627,0.7590659814859101,0.7732422279244898,2,1.031636863823926,-2.5862068965517127,중립,,0.0,,40.7,관찰,40.7
2026-09-28T09:41:58+09:00,BREV,KRW-BREV,BREVUSDT,123.0,0.0,301269166.07716703,1790555986166,False,False,,312734147.50547904,291500795.6545754,238577412.48295832,424146050.858519,899154086.7775248,1.072841488487959,0.9832095900637946,0.27107000807505494,3,1.6528925619834656,1.6528925619834656,중립,256511.6144,-0.989,228717.56897,163942.35967,258923.4015,198807.07642,387067.17133,1.3951096557984537,1.1037199398480477,0.6185772717205863,2,2.8441410693970326,0.22172949002217113,중립,,0.0,,40.1,관찰,40.1
2026-09-28T09:41:58+09:00,ALT,KRW-ALT,ALTUSDT,10.9,0.9259259299999999,207510081.80080238,1790555963321,False,False,,193897019.53793445,184067916.77096668,151369530.6561429,203614084.65303737,690332237.8898102,1.0533993263975383,1.0791010209526994,0.5917284274488755,3,1.8867924528301883,3.8461538461538547,중립,595331.71906,-1.487,611606.01679,1399402.72688,732118.38666,697349.20714,1085963.3964,0.43704789553582585,0.648604510767729,0.6920706697247895,1,2.423469387755106,3.7467700258398073,감소형,,0.0,,39.4,관찰,39.4
2026-09-28T09:41:58+09:00,TREE,KRW-TREE,TREEUSDT,67.0,-1.03397341,1856754172.6194172,1790556105118,False,False,,1899662970.9883165,1822910803.6530046,1736925099.6178071,2060314882.9458199,4143205677.2998075,1.0421041814999972,1.0140277600632472,0.5437677378143455,3,2.26586102719033,4.475308641975317,중립,496292.64622,1.86,479485.17256,497174.69671,398941.86128,635977.87179,1071141.08412,0.9644199025673299,0.9388817619332732,0.5797641508332549,1,2.8865979381443196,3.7422037422037535,중립,,0.0,,39.3,관찰,39.3
2026-09-28T09:41:58+09:00,TAIKO,KRW-TAIKO,,133.0,-2.9197080300000002,17236008967.096832,1790556083220,False,False,,16866060178.749851,329731957.3937258,362138934.0388908,578621501.5962641,715931618.0725278,51.15082053939483,39.825646193459235,30.173708051512378,2,12.295081967213118,8.73015873015872,일회성 폭증형,,,,,,,,,,,,,,NO_DATA,,0.0,,38.8,관찰,38.8
2026-09-28T09:41:58+09:00,DRV,KRW-DRV,,569.0,-2.73504274,14442073674.273506,1790556122040,False,False,,19978974108.44091,7341146050.198865,7846768030.728816,20079111650.90578,61977989364.305725,2.7215061479262763,1.6995173559878967,0.7886272827777948,2,-5.797101449275366,0.0,고수준 유지형,,,,,,,,,,,,,,NO_DATA,,0.0,,38.6,관찰,38.6
2026-09-28T09:41:58+09:00,ARB,KRW-ARB,ARBUSDT,300.0,-1.6393442599999999,17442157147.18961,1790556106249,False,False,,16999696218.708061,9514963647.431482,11271835402.889294,11907827161.115238,21374001390.475693,1.786627553043468,1.5598614991440272,1.2617156091961226,2,3.0405405405405483,-3.1746031746031744,고수준 유지형,37021876.38508,-1.07,36445864.16164,22155430.97217,34270904.16426,30392679.07667,57518353.49166,1.6450081340065368,1.2593738074075276,1.0122381869026087,2,4.432132963988922,-3.8674033149171283,중립,,0.0,,37.7,관찰,37.7
2026-09-28T09:41:58+09:00,SAFE,KRW-SAFE,,160.0,-0.62111801,405765636.8109777,1790555994864,False,False,,387007161.44240797,293923422.0594258,228781778.53233784,642112008.6655991,394477936.05983543,1.3166938474340517,0.9967413557251967,0.9387852556271423,3,5.228758169934644,6.62251655629138,중립,,,,,,,,,,,,,,NO_DATA,,0.0,,37.7,관찰,37.7
2026-09-28T09:41:58+09:00,MOVE,KRW-MOVE,MOVEUSDT,13.0,-0.76335878,1664316119.5139666,1790556050273,False,False,,1685799758.8939643,1606827041.1127176,1743283169.4483628,1784735854.5757542,2767534829.512264,1.0491482379625368,0.9849174079470914,0.871636406214166,2,2.34375,0.0,중립,1698713.6775016,-0.51,1741353.5408115,679238.6481968,517529.7727365,402751.1714395,1191114.5643139,2.563684421424393,3.2660185266533004,2.868519323217428,4,3.3419023136246784,-0.5360824742268067,연속 가속형,EARLY,5.0,Binance 연속가속 우위,37.2,관찰,37.2
2026-09-28T09:41:58+09:00,PROS,KRW-PROS,,933.0,4.12946429,27365995012.36257,1790556119481,False,False,,21214689552.952564,301890985.82830775,3316880068.8205247,638858680.2266619,941441105.4189333,70.27268301749771,14.948239424750925,18.90572290301529,2,6.161137440758302,15.167095115681239,일회성 폭증형,,,,,,,,,,,,,,NO_DATA,,0.0,,36.2,관찰,36.2
2026-09-28T09:41:58+09:00,ORCA,KRW-ORCA,ORCAUSDT,2380.0,-2.73804659,11312938917.419588,1790556120559,False,False,,11125809928.916687,766264200.6482804,1170744280.1362903,1695147149.2328582,3455183343.948443,14.519548113436526,9.189427212564098,6.806318093535054,2,13.81395348837209,19.133398247322297,일회성 폭증형,4632936.56742,7.471,4562602.29677,453713.15118,948622.27348,1549149.97573,2516648.37815,10.05613852034872,4.637599389277458,3.444341223438459,2,15.019011406844097,18.705035971223015,일회성 폭증형,,0.0,,36.0,관찰,36.0
2026-09-28T09:41:58+09:00,SKR,KRW-SKR,,25.2,-1.17647059,1165227535.7214308,1790556097410,False,False,,1137387348.1673708,797704642.9124533,843480404.2992849,868533605.7360632,2969525965.1889606,1.4258251575604746,1.3595795052542412,0.33409338137181943,2,-9.57446808510638,-10.526315789473683,중립,,,,,,,,,,,,,,NO_DATA,,0.0,,35.9,관찰,35.9
2026-09-28T09:41:58+09:00,ZKP,KRW-ZKP,ZKPUSDT,70.4,-0.70521862,1287986425.337764,1790556081690,False,False,,1282796947.367905,554386175.5434818,562272310.009124,1482892648.0525103,1157961395.1327899,2.3139050069391423,1.4804059025246716,1.233519417806462,2,3.958944281524923,3.654970760233911,고수준 유지형,432615.32277,0.778,433158.51732,331786.96839,326629.25086,441485.97847,417582.73057,1.3055320388920233,1.1814464546517842,1.1121723564051182,3,4.609218436873763,2.1526418786692814,중립,,0.0,,35.8,관찰,35.8
2026-09-28T09:41:58+09:00,HOLO,KRW-HOLO,HOLOUSDT,92.9,-0.10752687999999999,1128594125.944323,1790556007400,False,False,,1130659569.3609943,711058587.2146423,825060671.44109,732718547.5869237,2367824615.3920426,1.5901074675013946,1.4950291725349563,0.9909770156826119,2,0.9771986970684043,4.494382022471921,고수준 유지형,674522.93342,-0.438,646485.88537,450589.92182,547524.64925,743002.48209,2534038.52106,1.4347544276151294,1.1139157201349712,0.6398927969571544,2,1.6320474777448135,3.474320241691853,중립,,0.0,,35.6,관찰,35.6
2026-09-28T09:41:58+09:00,DOOD,KRW-DOOD,,2.53,-0.39370079,748183929.2000631,1790556108704,False,False,,670634296.0259807,394752858.1263822,609833974.1386179,507619830.13701385,1307836654.2663972,1.6988712867311873,1.3304417564740807,0.8216969705452752,2,-0.39215686274508554,-3.053435114503822,중립,,,,,,,,,,,,,,NO_DATA,,0.0,,35.6,관찰,35.6
2026-09-28T09:41:58+09:00,SKY,KRW-SKY,SKYUSDT,112.0,0.9009009,746290836.2963903,1790555985405,False,False,,678908052.5319871,569418022.7821141,468139735.9796117,542916176.2963797,1103636241.5894055,1.1922840959878942,1.2886793716854825,1.1500928831650263,3,11.00000000000001,19.226638023630514,중립,5101928.06146,6.063,4456765.84562,2948962.05844,2793431.14192,3487512.6418,7869211.11034,1.5112998259386314,1.4485843913799947,1.0948170666806447,3,12.218737215327957,18.761726078799246,고수준 유지형,,0.0,,35.3,관찰,35.3
2026-09-28T09:41:58+09:00,WAL,KRW-WAL,WALUSDT,50.7,-1.74418605,1502351429.7556891,1790556058634,False,False,,1592914804.3924878,867718883.0473788,1445988189.5251055,501219169.4550028,1127348761.8448186,1.8357498442332645,1.6976446280651074,1.4339124886125683,2,11.206896551724155,7.499999999999996,고수준 유지형,415736.601283,1.245,435918.807438,538127.607544,853179.019316,400364.543347,849758.220575,0.8100658678849831,0.729908726590108,0.6706869336829857,1,11.511423550087873,6.638655462184873,중립,,0.0,,35.2,관찰,35.2
2026-09-28T09:41:58+09:00,PUNDIX,KRW-PUNDIX,PUNDIXUSDT,166.0,-0.5988024,652349552.354745,1790556068828,False,False,,717939962.2576756,562540462.0794573,588240691.707069,632654301.2978371,758526014.0917277,1.2762459070122294,1.207680311969094,1.16266549672474,2,0.6024096385542244,3.0864197530864113,중립,261964.13664,-1.846,267168.10405,256525.27618,219586.51083,307890.22815,396153.63803,1.0414884179387147,1.0223243010241858,0.8671699801129767,3,1.312551271534046,2.1505376344086002,중립,,0.0,,34.6,관찰,34.6
2026-09-28T09:41:58+09:00,YGG,KRW-YGG,YGGUSDT,38.3,-0.26041667,287711941.1769547,1790555539202,False,False,,278737695.7942525,177976937.57138267,250310838.7989945,196446736.3572445,505362448.49426496,1.566145027540194,1.3385095113951846,0.7929521498613047,2,3.2258064516129004,0.7874015748031482,중립,363905.912983,1.082,360617.937555,385825.765874,406438.397931,451176.125515,756261.827465,0.9346652542452747,0.8700488651985318,0.6237562927783107,1,3.703703703703698,0.03537318712416582,중립,,0.0,,34.4,관찰,34.4
2026-09-28T09:41:58+09:00,NEWT,KRW-NEWT,NEWTUSDT,69.0,-0.43290042999999995,570128981.856731,1790556045307,False,False,,594594206.7364419,298333441.3888942,486064066.39847547,586878954.509249,3489891895.963446,1.9930524850593443,1.3008191048666,0.31273388728600643,2,1.9117647058823461,1.7621145374449476,중립,332278.009729,-0.079,327835.303644,316093.962223,436145.910972,483939.563382,905040.782759,1.037145098686563,0.7956012548270041,0.4375742171126039,2,2.6717557251908497,0.45204402515723885,중립,,0.0,,34.3,관찰,34.3
2026-09-28T09:41:58+09:00,GLM,KRW-GLM,GLMUSDT,177.0,0.56818182,647235694.0145118,1790556084337,False,False,,631626652.215151,437786224.91856146,510658644.7384,525595074.9860031,669380080.1540663,1.442774158398082,1.285501090748543,1.1605813664498945,2,2.3255813953488413,2.923976608187129,중립,158891.51225,1.876,152633.20042,85849.98299,105343.31453,155335.40274,204053.13501,1.777906006548412,1.3213901212697206,1.1260484714381909,2,3.898170246618915,2.7537372147915073,중립,,0.0,,34.2,관찰,34.2
2026-09-28T09:41:58+09:00,WET,KRW-WET,,95.3,0.31578946999999996,484211336.63633776,1790555994527,False,False,,467907455.23551524,332892155.23609227,446971916.58665293,381692459.15717155,1385467872.7863944,1.4055827026133074,1.208483899205777,0.15082870409673166,2,0.7423117709437932,0.31678986272438703,중립,,,,,,,,,,,,,,NO_DATA,,0.0,,34.1,관찰,34.1
2026-09-28T09:41:58+09:00,ZAMA,KRW-ZAMA,ZAMAUSDT,112.0,0.0,2896378615.806341,1790556002231,False,False,,2998433097.140991,2571693775.362149,2705082600.4775496,2750667903.114675,4429447156.746226,1.1659370667951119,1.1205682629284683,0.6501185316349826,2,-7.438016528925617,-18.248175182481752,중립,9494481.5844,-8.862,9518791.19307,8136590.46947,11666643.15932,17720900.90555,29938185.05938,1.1698746826187547,0.7610135165962801,0.4950970916365886,2,-6.732829592872447,-18.68239921337267,중립,,0.0,,34.0,관찰,34.0
2026-09-28T09:41:58+09:00,MASK,KRW-MASK,MASKUSDT,660.0,-1.34529148,756372895.0164927,1790555998489,False,False,,743216568.9113666,581026626.8983643,619798598.2168812,530394547.8678803,1013632685.6284941,1.2791437337025404,1.2879067935390502,1.0743533083991805,2,4.694835680751175,0.2998500749625155,중립,454683.7246,1.464,462372.4748,360586.2425,564922.6117,479760.1577,781487.8333,1.2822798551445014,0.9870831937897371,0.857086118456196,2,5.567451820128477,-0.6048387096774244,중립,,0.0,,34.0,관찰,34.0
2026-09-28T09:41:58+09:00,RLUSD,KRW-RLUSD,RLUSDUSDT,1361.0,0.29476787,106490722.8895699,1790554500463,False,False,,106338053.22507949,96392639.07835563,144155148.05026597,35507652.58288748,145268687.1338327,1.1031760748726824,1.1556162776890877,1.0412323473174685,2,-0.586080586080584,1.1931394481730084,중립,11275343.7394,0.01,11703339.8603,24591846.6888,91449891.5517,83672532.6146,89383767.4527,0.4759032539687277,0.17580125561669854,0.15461639397030894,1,-0.009996001599354987,0.009998000399913387,감소형,,0.0,,34.0,관찰,34.0
2026-09-28T09:41:58+09:00,BSB,KRW-BSB,,142.0,-1.38888889,417052437.93282306,1790556054043,False,False,,405612041.3579212,373641532.7804729,394155605.7648663,336563707.6749792,589957087.1526254,1.0855646542811719,1.1018464917860793,0.9794458732150815,2,-5.263157894736848,-0.6896551724137945,중립,,,,,,,,,,,,,,NO_DATA,,0.0,,33.8,관찰,33.8
2026-09-28T09:41:58+09:00,CARV,KRW-CARV,,60.5,-1.14379085,899896105.9330438,1790556113026,False,False,,873398090.2665765,490234582.44185376,661764432.6106302,1030663475.7849114,8542750304.020968,1.7815921633194236,1.2004578269883917,0.09716008439588099,2,3.204047217537953,-0.8103727714748765,중립,,,,,,,,,,,,,,NO_DATA,,0.0,,33.5,관찰,33.5
2026-09-28T09:41:58+09:00,XRP,KRW-XRP,XRPUSDT,2054.0,0.0,168929154451.83322,1790556122026,False,False,,162509635787.9956,161531810895.23608,393270807788.19995,277058018201.3417,534622788019.7696,1.006053450941584,0.5860704134165146,0.45044401211171237,2,-1.8633540372670843,-2.561669829222013,중립,180188131.46425,-0.559,173509013.61734,181135648.39195,538764479.31241,296261421.47513,499673407.45481,0.9578954510483374,0.5122483145247179,0.4351523360086739,1,-1.1793067500651566,-3.560755388821779,중립,,0.0,,33.0,관찰,33.0
2026-09-28T09:41:58+09:00,BTC,KRW-BTC,BTCUSDT,114329000.0,-0.10572302,75495933268.9535,1790556123143,False,False,,72287952928.79047,62950265085.00601,128171834220.45271,103868241728.45888,157018825615.72302,1.1483343689049623,0.7351557953602171,0.5972202982191578,2,-0.5837285662167124,-1.037613488975353,중립,851476858.8628185,-0.123,813976178.3611975,677578219.0470139,1520256978.6934962,1572042147.6733966,1887736866.156798,1.2013021603705352,0.6477474759369088,0.5432555864823196,2,0.07316647837987134,-2.014370730702375,중립,,0.0,,33.0,관찰,33.0
2026-09-28T09:41:58+09:00,ETH,KRW-ETH,ETHUSDT,3631000.0,-0.24725275000000002,54996353697.82456,1790556121265,False,False,,52618705914.91758,33503538009.07183,83710519127.93227,73617700334.64021,123274417001.84668,1.5705417708622262,0.8272004609516243,0.6038750272901414,2,-0.7904061052057765,-1.4884979702300405,중립,433867483.768277,-0.762,413981188.407887,232408625.067851,632500185.266342,713406122.987247,898195135.1752,1.7812643067228096,0.7868794364189967,0.6256709934134701,2,0.022321013374004828,-2.359794162614437,중립,,0.0,,33.0,관찰,33.0
2026-09-28T09:41:58+09:00,DOGE,KRW-DOGE,DOGEUSDT,131.0,0.0,23333960189.812107,1790556117285,False,False,,22124702805.776806,19016903217.669945,29534661002.031883,32631455221.62486,65440324309.2849,1.163423011230303,0.8175861020456489,0.5102732580632892,2,0.0,-2.9629629629629672,중립,71389665.07589,0.0,68807221.60588,50746561.78344,104142521.4922,98207104.29953,192205481.17435,1.3558991818896724,0.8155858323876666,0.512887396851945,2,1.1587848418415314,-3.5244922341696516,중립,,0.0,,33.0,관찰,33.0
2026-09-28T09:41:58+09:00,BCH,KRW-BCH,BCHUSDT,446800.0,-0.71111111,9362880406.422062,1790556105130,False,False,,9227583177.172312,5935642055.974839,12308245510.592625,24775409951.055656,97141284273.5118,1.5546057343339619,0.643496084987825,0.19937428946100524,2,-2.6395499783643417,-2.828762686244868,중립,20673588.4552,-1.673,20430272.4248,10751602.9987,29865250.9969,40731044.2192,110125122.7108,1.9002071065375339,0.7534406987696344,0.3400079818762325,2,-1.9179699026261487,-3.680092726745887,중립,,0.0,,33.0,관찰,33.0
2026-09-28T09:41:58+09:00,G,KRW-G,GUSDT,7.44,-1.06382979,4569454951.50185,1790556116179,False,False,,4572135501.858091,3901990047.0562687,11576162194.883804,7022479748.427598,11382234353.84004,1.1717445320772646,0.6096009441621973,0.4281941008709204,2,-2.083333333333337,-9.506618531889298,중립,1448350.9896,-2.66,1439318.94913,1610028.53919,2535529.78983,3059278.32221,3823180.29423,0.8939710782108973,0.5993136356051659,0.47598869367917507,1,-1.245551601423478,-10.483870967741925,중립,,0.0,,33.0,관찰,33.0
2026-09-28T09:41:58+09:00,PEPE,KRW-PEPE,PEPEUSDT,0.00589,-0.33840948,3916848825.8979197,1790556116927,False,False,,4019480391.440557,3898243059.6748586,4655450252.4479,4828118137.286753,8877552221.897602,1.0311005060253504,0.9011067911029164,0.37494821352921204,2,-2.1523178807946963,-11.52694610778443,중립,24295958.04147924,-0.23,23148639.9622677,23566775.67035119,42050527.63656829,50701723.87102505,85551330.02034888,0.9822574070406443,0.5970297514658968,0.3553723183260914,1,-1.5801354401805856,-12.625250501002006,중립,,0.0,,33.0,관찰,33.0
2026-09-28T09:41:58+09:00,LA,KRW-LA,LAUSDT,97.6,-1.61290323,3486296793.838649,1790556121317,False,False,,3273346362.0892315,2722968081.139513,3471991488.9506016,4287843837.590035,7956574494.688955,1.2021243968160638,0.9367760420912897,0.709444502131644,2,-1.7821782178217838,-3.689320388349515,중립,966239.31928,-2.575,943480.23966,1226975.31185,1088093.06814,1002037.29086,2375708.42475,0.7689480224646461,0.8532862681624208,0.718589655739233,1,-1.2145748987854255,-3.68421052631579,중립,,0.0,,33.0,관찰,33.0
2026-09-28T09:41:58+09:00,GMT,KRW-GMT,GMTUSDT,12.1,-1.6260162599999999,868242382.890481,1790556089485,False,False,,817101758.9552699,554838614.0873101,791769948.2832922,561574738.2633239,1230701995.8781662,1.4726836564887855,1.2846277797586063,0.6989518816400511,2,3.3613445378151363,5.128205128205132,중립,505105.672519,1.247,530674.933593,327583.309601,525726.124439,477933.709214,691769.889362,1.6199693880599957,1.1958933338710487,0.7859906743516492,2,4.152249134948094,3.5550458715596367,중립,,0.0,,33.0,관찰,33.0
2026-09-28T09:41:58+09:00,XEC,KRW-XEC,XECUSDT,0.012,0.0,755648617.200824,1790556028211,False,False,,746570673.74713,726006029.491558,917789131.0954138,1804505048.3327699,9529571487.652,1.0283257210273777,0.6495119002249026,0.1389602194309454,2,-3.2258064516129004,-4.0000000000000036,중립,380502.02528693,-0.566,385314.01100303,601111.05504357,398455.12504319,886503.58374443,1496958.10026248,0.6410030355790104,0.6128840275033172,0.32436841642259856,1,-2.53025302530252,-4.112554112554112,감소형,,0.0,,33.0,관찰,33.0
2026-09-28T09:41:58+09:00,XAUT,KRW-XAUT,XAUTUSDT,5758000.0,-0.38062284,669840078.59519,1790556017053,False,False,,438137192.50183,334279266.59118,1166787719.07099,682561611.69144,879604994.20958,1.3106920957729247,0.6019391663483689,0.5232540534104873,2,-0.6360667010486543,-1.0443417223078288,중립,10228679.816608,-0.914,7518921.844691,4543273.962046,29956065.870609,28922590.27496,25183829.199899,1.654956735495862,0.3556619216065869,0.32333383771914237,2,-0.021818796071682023,-2.290351130615831,중립,,0.0,,33.0,관찰,33.0
2026-09-28T09:41:58+09:00,XTZ,KRW-XTZ,XTZUSDT,434.0,-0.4587156,442144563.9018369,1790555914406,False,False,,439354285.68350655,437934536.6863368,620324737.3013345,255899620.7051851,640220524.2867305,1.0032419206028198,1.0029706927932605,0.8762315905070661,2,-3.964757709251099,-6.8376068376068355,중립,587696.70909,-1.385,547586.59345,905842.30577,1765922.49347,869689.13619,1353309.95319,0.6045054309806506,0.463865917869277,0.44131285895833455,1,-3.1372549019607954,-7.570523891767412,감소형,,0.0,,33.0,관찰,33.0
2026-09-28T09:41:58+09:00,O,KRW-O,,728.0,-0.41039672,427207284.6572118,1790556074513,False,False,,397370220.7605367,313539216.55735785,561088405.3306783,672369495.7150644,677265532.4885241,1.2673700761379656,0.770596563313998,0.6317016538895587,2,-3.1788079470198682,-2.6631158455392767,중립,,,,,,,,,,,,,,NO_DATA,,0.0,,33.0,관찰,33.0
2026-09-28T09:41:58+09:00,ENSO,KRW-ENSO,ENSOUSDT,1397.0,0.0,1194593716.4351723,1790556118413,False,False,,1380392368.329186,989498714.8799146,1338022387.9962344,1617665543.691993,2437033625.405841,1.3950421032095126,1.0496783741752511,0.7779064115812185,2,-0.3566333808844524,2.0452885317750136,중립,408277.00357,-0.29,496106.43939,531882.46992,573191.98687,1118675.56938,1606226.12139,0.9327369624808636,0.6692835528520964,0.5203288246800196,1,0.291545189504383,1.17647058823529,중립,,0.0,,32.9,관찰,32.9
2026-09-28T09:41:58+09:00,CHZ,KRW-CHZ,CHZUSDT,22.4,-0.44444444,2296175296.197381,1790556079865,False,False,,2251736423.884769,2164912543.588663,2757985181.9071245,2736395827.3068814,3951817709.7122498,1.0401050289782987,0.8819624453723226,0.7060265467939763,2,0.44642857142858094,-2.1739130434782594,중립,1108524.16969,-0.603,1054489.51777,2165420.0321,2105177.91638,2088439.12614,3143906.64532,0.4869676562229675,0.4974760354733489,0.416245770197933,1,1.3431013431013605,-3.1505250875145774,감소형,,0.0,,32.8,관찰,32.8
2026-09-28T09:41:58+09:00,ZBT,KRW-ZBT,ZBTUSDT,122.0,-0.8130081299999999,1655254909.7302272,1790556071401,False,False,,1669878160.7951381,1524275724.480649,1607927902.5807061,1656790508.8743086,2931961391.667702,1.095522374315906,1.0460723776615448,0.7734743273493411,2,1.6528925619834656,0.0,중립,537637.65738,-1.218,554381.57508,499475.38229,673894.20054,666362.16756,1541447.88195,1.109927725643385,0.9040147972047741,0.49516841455511806,2,2.2753128555176305,-2.4945770065076034,중립,,0.0,,32.8,관찰,32.8
2026-09-28T09:41:58+09:00,USDT,KRW-USDT,,1358.0,0.29542097,47456170015.93976,1790556119482,False,False,,46114573562.700485,43538457052.93687,75080233054.15648,92011396310.42532,168976915408.14075,1.0591687598536488,0.6568089252637511,0.47192631727492085,2,-0.7331378299120228,0.8941877794336861,중립,,,,,,,,,,,,,,NO_DATA,,0.0,,32.6,관찰,32.6
2026-09-28T09:41:58+09:00,TRX,KRW-TRX,TRXUSDT,453.0,0.44345898000000006,2953618365.461351,1790556115117,False,False,,2841601413.3366075,2250078551.362814,4598805638.133217,3754011560.0374436,4032496318.0960135,1.262889871829374,0.8040071732653707,0.7324334659478883,2,-3.010752688172047,-1.9565217391304346,중립,18794841.34533,-0.18,18884655.34943,13548453.23128,26937054.14437,35810580.52973,39796512.82649,1.3938606147179988,0.7425540103517556,0.5446606555188579,2,-2.0276226858654156,-2.543116047939209,중립,,0.0,,32.6,관찰,32.6
2026-09-28T09:41:58+09:00,KERNEL,KRW-KERNEL,KERNELUSDT,75.2,-1.57068063,1422789378.949403,1790556104792,False,False,,1384304288.8559883,1270990714.9728947,1592835717.4658628,11526621996.95025,18185337659.53942,1.08915373853499,0.28858814837810376,0.05543904192971327,2,1.7310252996005415,-6.829268292682922,중립,519085.75238,2.403,520187.0384,399044.15988,767642.33837,1742754.25646,2264628.29558,1.303582637461553,0.5363783787910642,0.16918310323710758,2,2.3636363636363678,-7.5533661740558316,중립,,0.0,,32.4,관찰,32.4
2026-09-28T09:41:58+09:00,ENS,KRW-ENS,ENSUSDT,9450.0,-0.42149631,3386834927.0467887,1790556120558,False,False,,3274452696.9403462,2963833783.013102,5395225413.297055,9044053917.629648,22570380049.842197,1.1048030816395722,0.5644598197176905,0.3468201843397667,2,-1.7598343685300222,3.0961434003259125,중립,1190618.4631,-0.571,1150658.9331,952863.6632,1868628.2179,2609304.2228,4358131.4592,1.207579822317649,0.6356299763898414,0.46509286924856125,2,-0.9887005649717562,2.186588921282784,중립,,0.0,,32.3,관찰,32.3
2026-09-28T09:41:58+09:00,MOC,KRW-MOC,,31.6,1.93548387,685370792.8843639,1790556105895,False,False,,664498369.9833472,514560835.8465426,667347466.1016918,233955230.8774019,478193239.3238939,1.2913893240439318,1.4079712230257295,1.3843663448886787,2,6.529209621993126,9.540636042402827,고수준 유지형,,,,,,,,,,,,,,NO_DATA,,0.0,,32.3,관찰,32.3
2026-09-28T09:41:58+09:00,HYPER,KRW-HYPER,HYPERUSDT,105.0,0.0,445893527.8000571,1790556046646,False,False,,414976004.8280189,391849242.9942492,473711409.81540173,449491196.5298366,728547877.8815129,1.0590195393949227,0.9466759923643681,0.7908892515384708,2,1.9417475728155331,-0.9433962264150941,중립,433024.3152,1.729,414802.20092,457223.40317,514442.03721,509024.91747,808074.36201,0.9072199674034895,0.8404232499811168,0.6984661370010717,1,1.8543046357615944,-1.913265306122447,중립,,0.0,,32.3,관찰,32.3
2026-09-28T09:41:58+09:00,HBAR,KRW-HBAR,HBARUSDT,130.0,0.7751938,9129329563.731379,1790556065032,False,False,,8487655595.480886,8031553194.968876,10266904064.419823,7837796522.098043,14375027606.343346,1.0567888164891595,0.974239345826945,0.7284107769084357,2,0.78125,-3.007518796992481,중립,11825971.84468,2.418,11052489.19023,8082551.50232,17135320.24943,14905687.12617,24203118.76372,1.36745051201437,0.8263840122351799,0.5682207234458296,2,2.9756149962401945,-3.2694248234106937,중립,,0.0,,32.1,관찰,32.1
2026-09-28T09:41:58+09:00,SNT,KRW-SNT,,11.9,-0.8333333300000001,364828067.35760075,1790556120923,False,False,,393098547.9477693,381811145.2782115,523397839.59426653,395290027.1079964,1773502668.758186,1.0295627899005753,0.9068024142881961,0.5256796942244888,2,-1.6393442622950727,4.347826086956519,중립,,,,,,,,,,,,,,NO_DATA,,0.0,,32.0,관찰,32.0
2026-09-28T09:41:58+09:00,TRAC,KRW-TRAC,,497.0,-1.77865613,1040379653.1564304,1790556085038,False,False,,1435285095.374523,1057475282.7733263,3786212820.2565055,7731615583.871035,720401523.8286253,1.3572753129608435,0.342405670139703,0.5061720050448684,2,0.7968127490039834,3.901437371663241,중립,,,,,,,,,,,,,,NO_DATA,,0.0,,31.9,관찰,31.9
2026-09-28T09:41:58+09:00,ME,KRW-ME,MEUSDT,108.0,0.0,949741494.5320284,1790556109789,False,False,,1007617610.4761986,1000264784.6709626,1055329044.3443562,889174117.4091609,1506210799.7621992,1.0073508794050514,1.0265164815784302,0.8389145121459476,2,1.8867924528301883,2.857142857142847,중립,353572.0920726,0.991,365500.6937628,383397.3535293,841582.6503155,325404.7888718,633997.6836679,0.9533208573252911,0.7072451216237087,0.6390661736596747,1,3.579766536964968,2.17502558853635,중립,,0.0,,31.9,관찰,31.9
2026-09-28T09:41:58+09:00,IQ,KRW-IQ,IQUSDT,1.31,0.0,671756876.069625,1790556083212,False,False,,745103716.3790227,640841967.8301753,727106329.7285781,678098441.7231289,1811662970.1155417,1.1626949447488075,1.0925024859997157,0.8327639797179524,2,0.0,8.264462809917372,중립,122911.464747,0.312,131149.891013,113470.413058,625510.006986,163683.027893,311192.54973,1.155806941021385,0.43587637666974655,0.4967990148834255,2,0.0,6.174200661521501,중립,,0.0,,31.9,관찰,31.9
2026-09-28T09:41:58+09:00,AKT,KRW-AKT,,939.0,-1.57232704,1682141849.3658154,1790556121263,False,False,,1558882023.970281,1255817342.83686,2063637006.7302861,1652359300.9812148,3581302871.8221903,1.2413286317967271,0.94063180976122,0.7161914269680183,2,3.1351351351351253,0.952380952380949,중립,,,,,,,,,,,,,,NO_DATA,,0.0,,31.7,관찰,31.7
2026-09-28T09:41:58+09:00,TIA,KRW-TIA,TIAUSDT,678.0,-2.16450216,680695587.7600852,1790555956674,False,False,,657274427.7845945,576569801.7672564,853178412.7350194,743116126.490192,1489262923.3552291,1.1399737304485402,0.9074764798492401,0.6164460031505983,2,4.054054054054057,-0.8583690987124415,중립,3997722.54237,1.819,3908474.913296,4994412.127718,8034127.33786,7443907.012376,13506488.705924,0.7825695624125084,0.5727417459615618,0.4177915046265379,1,4.42079410560785,-2.016516228154419,중립,,0.0,,31.6,관찰,31.6
2026-09-28T09:41:58+09:00,PENGU,KRW-PENGU,PENGUUSDT,14.0,0.71942446,8058644729.876078,1790556103309,False,False,,8093676872.226272,4925815426.15655,8224441236.762701,8292785129.560726,16686843180.274664,1.6431141185778246,1.1323501046010234,0.7631793002525454,2,4.5112781954887105,2.9629629629629672,중립,18743510.152475,4.589,17856512.377635,9256111.232219,18798727.771286,20331306.149912,39844769.890271,1.9291592256885828,1.1071255410624905,0.702360709593138,2,5.388174807197954,1.929388363998008,중립,,0.0,,31.3,관찰,31.3
2026-09-28T09:41:58+09:00,SIGN,KRW-SIGN,SIGNUSDT,18.9,0.0,1081943390.4982622,1790556087276,False,False,,1109105485.6723983,586277738.0114946,1541002300.8490715,489528796.0384107,999778247.71731,1.8917748598713688,1.2715168233317462,1.293148348396529,2,7.386363636363624,12.499999999999979,중립,684655.72534,0.575,737698.21107,288424.60207,646766.98478,497346.44753,661806.26076,2.5576812996381015,1.5448767014188376,1.4541168204604722,2,8.584686774941996,11.87250996015936,고수준 유지형,,0.0,,31.3,관찰,31.3
2026-09-28T09:41:58+09:00,JST,KRW-JST,JSTUSDT,171.0,-0.58139535,624719041.3604201,1790556082420,False,False,,642966590.6786553,423463884.27158016,650766518.5410441,320554317.893869,361308993.49174523,1.5183504770062077,1.3829372686696266,1.4233750364228883,2,10.967741935483865,13.907284768211925,중립,3053822.488366,3.055,2996951.766365,3086817.294195,5250594.680957,2693348.122049,2781502.885313,0.9708873187930497,0.8150712389598957,0.7841676411607355,1,11.214706658457207,12.301270095035077,중립,,0.0,,31.3,관찰,31.3
2026-09-28T09:41:58+09:00,UNI,KRW-UNI,UNIUSDT,13040.0,-0.6097560999999999,9441839248.928453,1790556110515,False,False,,9427454122.886324,9067287006.681377,13183105191.479092,14485210789.19492,27594345496.28572,1.039721596541452,0.7698897001471277,0.5198944246301558,2,5.044035228182553,-4.303428154631661,중립,65720747.90345,-0.917,65096632.36703,52524369.55824,98946730.09729,93147164.54675,195413330.16936,1.2393605656675164,0.7983455272154195,0.5031221553784738,2,5.769230769230771,-5.339331116761203,중립,,0.0,,31.2,관찰,31.2
2026-09-28T09:41:58+09:00,KAT,KRW-KAT,KATUSDT,7.0,-0.70921986,764270519.0156786,1790556078465,False,False,,776008678.4990764,590267839.1414254,702462335.4967556,1499218082.5611184,2091643418.4949753,1.3146721319389865,0.8338356663645885,0.5917526949239482,2,3.372434017595305,3.0701754385964897,중립,399822.61487,0.973,396609.88487,510257.38691,656576.01203,769216.82778,1149008.20212,0.7772741660278104,0.6145654891535406,0.4607764782539324,1,4.800000000000004,2.544031311154593,중립,,0.0,,31.1,관찰,31.1
2026-09-28T09:41:58+09:00,MEW,KRW-MEW,,0.684,-0.58139535,383941821.23223263,1790556078807,False,False,,360970585.49299365,302168948.6895216,718124770.5072286,696537551.3472297,3640111950.5194273,1.1945985418372378,0.6307619013345785,0.26894829365814615,2,2.2288261515601704,5.521472392638027,중립,,,,,,,,,,,,,,NO_DATA,,0.0,,31.0,관찰,31.0
2026-09-28T09:41:58+09:00,SOL,KRW-SOL,SOLUSDT,165000.0,-0.18148820000000002,35388394691.20001,1790556121297,False,False,,34621983468.677864,24603800499.52651,58077017703.67109,37671346854.87487,51894789216.68141,1.4071803040893682,0.8630168834596044,0.7714230530284097,2,3.571428571428581,3.9622641509434064,중립,323203785.55809,0.455,318882945.21313,221338928.92664,481769969.76669,299095253.78508,420981927.35118,1.4406997754959758,0.9545448731913917,0.8945150971610194,2,4.2293233082706605,2.884372100868693,중립,,0.0,,30.9,관찰,30.9
2026-09-28T09:41:58+09:00,BIRB,KRW-BIRB,,97.1,1.99579832,1739416886.6591907,1790556118784,False,False,,945575304.2637004,688635563.5130193,1149334179.1552646,3021273209.924191,3137085347.9467816,1.3731142484711703,0.5837793953639769,0.5328797288376395,2,0.9544008483563182,0.634249471458781,중립,,,,,,,,,,,,,,NO_DATA,,0.0,,30.9,관찰,30.9
2026-09-28T09:41:58+09:00,ORDER,KRW-ORDER,,58.2,0.86655113,372578746.41650844,1790556117683,False,False,,377982601.58873856,265090775.66663578,376222869.586265,334430854.7156139,494325895.48740286,1.4258610117164907,1.1621359944153473,0.677922928291472,2,4.528985507246386,4.909090909090907,중립,,,,,,,,,,,,,,NO_DATA,,0.0,,30.9,관찰,30.9
2026-09-28T09:41:58+09:00,CRO,KRW-CRO,,90.2,-0.55126792,1954677802.019979,1790556113422,False,False,,1896859861.1642115,1553539679.0051122,3860025378.5829763,1525639968.9601104,2638770402.68334,1.2209922197667729,0.8200621773994947,0.7644442115526582,2,5.834305717619603,1.227678571428581,중립,,,,,,,,,,,,,,NO_DATA,,0.0,,30.7,관찰,30.7
2026-09-28T09:41:58+09:00,ID,KRW-ID,IDUSDT,54.1,-0.18450185000000002,1006732355.2323648,1790556120556,False,False,,955521246.9697388,834450945.4440094,1189977621.8235424,985741626.155564,1802659484.8418655,1.1450897769206891,0.9522929125975458,0.7425431383398882,2,4.431599229287109,3.23809523809524,중립,263456.7689,0.252,271982.9593,333821.0311,312879.7005,337655.8608,657724.8574,0.8147568126662585,0.8289159479397621,0.6124325238270629,1,5.54089709762533,2.0408163265306145,중립,,0.0,,30.7,관찰,30.7
2026-09-28T09:41:58+09:00,BLAST,KRW-BLAST,,0.629,-0.78864353,3928658805.1305146,1790556115457,False,False,,5237812604.019222,4104984173.507495,27362214893.855743,4219603536.204266,46160069348.195274,1.2759641408175721,0.44031509313436895,0.3007451232138671,2,1.6025641025640969,8.191126279863493,중립,,,,,,,,,,,,,,NO_DATA,,0.0,,30.6,관찰,30.6
2026-09-28T09:41:58+09:00,QKC,KRW-QKC,QKCUSDT,3.97,-1.48883375,1088373052.7341378,1790556078810,False,False,,1092759978.830193,796124737.5694954,2624484363.3786063,900630463.9158627,959008773.4429519,1.372598949966435,0.7586434140671815,0.9391329357972206,2,2.5445292620865256,7.466666666666666,중립,192473.993207,0.034,204419.918211,144058.958426,678699.223329,252677.580753,204767.657433,1.4190017784697933,0.5702430363695833,0.7266364986755097,2,4.069565217391302,5.612424991175424,중립,,0.0,,30.5,관찰,30.5
2026-09-28T09:41:58+09:00,A,KRW-A,AUSDT,138.0,-1.42857143,532925786.1745467,1790556074509,False,False,,515992381.3725983,421954743.427924,608212345.2589536,716662038.5041709,1066322565.2732933,1.222861905001282,0.8861640328879716,0.6148394579723659,2,2.941176470588225,6.870229007633588,중립,733316.53629,0.986,719008.46776,353520.72727,592476.24542,595297.70272,639575.2434,2.0338509521419383,1.3994892979865836,1.2799507581075764,2,4.2211055276381915,5.600814663951126,중립,,0.0,,30.5,관찰,30.5
2026-09-28T09:41:58+09:00,MANA,KRW-MANA,MANAUSDT,124.0,-0.8,297253838.1623545,1790556036105,False,False,,230051015.77932343,216139077.0996889,875759419.9218636,326525213.0659894,539069589.413937,1.064365680034888,0.4865633889434742,0.50351746413095,2,4.166666666666674,5.932203389830515,중립,375165.5949,1.329,373383.5429,420515.2525,1454653.434,515985.6943,770464.0662,0.8879191436700622,0.4684560050552802,0.48826036433879944,1,4.886363636363633,4.411764705882337,중립,,0.0,,30.2,관찰,30.2
2026-09-28T09:41:58+09:00,HP,KRW-HP,,13.1,0.0,153191354.81878197,1790556009230,False,False,,157915355.2603152,156035331.02008945,210304575.67215872,107713490.87238023,250708412.23709673,1.0120487086349932,0.9993516937432332,0.8826485353764575,2,3.9682539682539764,6.5040650406503975,중립,,,,,,,,,,,,,,NO_DATA,,0.0,,30.2,관찰,30.2
2026-09-28T09:41:58+09:00,APT,KRW-APT,APTUSDT,1162.0,-0.85324232,6362633187.310937,1790556109087,False,False,,6418606050.97403,6027131145.979233,7135695478.891968,6664399163.751749,8721493581.50685,1.0649521132879205,0.9711806562454774,0.9150012942800366,2,5.967450271247743,5.300988319856237,중립,10224715.970443,1.241,9963255.46664,9326794.654447,13222754.047003,11241370.277064,18747176.794094,1.0682400369873626,0.8845502668609115,0.7070716618446158,2,6.819866567828026,4.294330518697231,중립,,0.0,,29.7,관찰,29.7
2026-09-28T09:41:58+09:00,ZK,KRW-ZK,ZKUSDT,17.8,-0.55865922,540695199.5229197,1790556073469,False,False,,534990852.2840566,442941868.8835585,570491533.0336736,769030034.2945448,1286521602.2910051,1.207812785078342,0.9004238315615471,0.7110707374438244,2,9.146341463414643,7.831325301204806,중립,2127513.898,2.821,2083114.360618,2158381.224657,3089775.049175,1930251.303285,2813717.888538,0.9651280954545177,0.8705751261289997,0.82950888641048,1,9.362054681027331,6.2801932367149815,중립,,0.0,,28.1,관찰,28.1
2026-09-28T09:41:58+09:00,ASTR,KRW-ASTR,ASTRUSDT,10.4,-0.9523809499999999,305462735.10459036,1790555792682,False,False,,289142569.1020807,253700353.68204862,322340237.87975264,300161724.2520527,730088853.947684,1.139701087939555,0.9899856364800158,0.6301942863546374,2,8.247422680412386,9.034267912772576,중립,362468.9660432,2.515,352918.9245235,421552.236138,381421.9157769,322074.4432977,562632.4182095,0.837189069987445,0.9410764815633829,0.8032569686815567,1,7.821698906644237,6.818497430912385,중립,,0.0,,28.1,관찰,28.1
2026-09-28T09:41:58+09:00,RENDER,KRW-RENDER,RENDERUSDT,2775.0,-0.32327585999999997,2239095052.318278,1790556121286,False,False,,2178690076.2046256,1927558030.264963,2111280360.4229527,2203188623.2684107,1977255095.0815663,1.130285076763755,1.0471070077076101,1.1244423449107053,2,9.735908553409534,12.212817412333731,중립,9275503.61491,2.405,8690161.87486,8232516.04732,10297191.31111,7348053.68967,7979838.94389,1.05559003163911,1.0074474981093524,1.0260802439829533,2,10.78167115902966,10.961123110151183,중립,,0.0,,27.9,관찰,27.9
2026-09-28T09:41:58+09:00,CAP,KRW-CAP,,71.4,-1.3812154700000001,8540193651.612871,1790556119840,False,False,,8540514263.639539,5779228683.3535795,14867271133.308311,13743323410.678299,21094502848.513226,1.4777948289603997,0.745032698235834,0.7114149236857612,2,5.693430656934306,15.286624203821674,중립,,,,,,,,,,,,,,NO_DATA,,0.0,,27.6,관찰,27.6
2026-09-28T09:41:58+09:00,OPEN,KRW-OPEN,OPENUSDT,188.0,-0.52910053,1356835119.0972915,1790556099277,False,False,,1359552016.0778334,1503851136.4397848,1246557249.3883724,645051369.9364836,1730678986.496826,0.9040469386460918,1.2012087733653631,1.1825556430959328,1,0.5319148936170137,-3.076923076923077,중립,765187.71925,-1.432,762584.16012,830978.09412,697840.877,548998.15831,1332178.15185,0.917694660684854,1.1010364906307182,0.9222587658542679,1,0.8727272727272473,-4.4107512060647895,중립,,0.0,,27.3,관찰,27.3
2026-09-28T09:41:58+09:00,VIRTUAL,KRW-VIRTUAL,VIRTUALUSDT,1126.0,-0.96745822,10294301508.53031,1790556101831,False,False,,9524361457.04915,8324627812.860142,10386867643.913097,8054190802.801289,9972809115.196741,1.1441185925856796,1.067526686745287,1.0449806956247059,2,11.909448818897639,12.685827552031714,중립,9438269.80041,5.019,8886474.3753,7069531.24163,10257922.45009,6870656.4331,9525582.8067,1.2570104115207323,1.1017150921449617,1.091430282545913,2,12.855609232420818,11.909514304723889,중립,,0.0,,26.8,관찰,26.8
2026-09-28T09:41:58+09:00,CTC,KRW-CTC,,161.0,-0.61728395,655399043.4273144,1790556110147,False,False,,855797958.4094466,966598404.0661058,533162724.42825633,507150679.77491117,1122192074.792623,0.8853707546064998,1.2792758828014554,1.1748782631624708,1,3.8461538461538547,3.8461538461538547,중립,,,,,,,,,,,,,,NO_DATA,,0.0,,25.9,관찰,25.9
2026-09-28T09:41:58+09:00,STX,KRW-STX,STXUSDT,454.0,-0.87336245,8081383024.247204,1790556117694,False,False,,8127510943.64809,9516321270.439722,5667517324.351759,4435230530.986427,6508480643.59532,0.8540601680708644,1.2427976411433073,1.2097415237644833,1,7.009345794392519,1.777777777777767,중립,2509291.97578,-2.248,2543947.18361,3073574.50456,2061839.04223,1879725.57724,2235634.5708,0.8276835911528297,1.0879102204384683,1.056553871498763,1,7.873764743385392,0.7442691277165903,중립,,0.0,,25.1,관찰,25.1
2026-09-28T09:41:58+09:00,FLOCK,KRW-FLOCK,,95.4,-1.54798762,8763831100.622505,1790556123498,False,False,,8842480695.776299,11641525936.892641,11614627205.163279,28876594592.805668,17715554280.63883,0.7595637155910968,0.5088441189066614,0.43114523137332034,1,-0.7172131147540894,-16.465517241379303,중립,,,,,,,,,,,,,,NO_DATA,,0.0,,25.0,관찰,25.0
2026-09-28T09:41:58+09:00,CHIP,KRW-CHIP,CHIPUSDT,62.8,-0.78988942,2565925525.096021,1790556100413,False,False,,2667956317.825542,3073121789.3010616,4268932407.2429996,5271834333.730741,4756169042.432073,0.8681583421502899,0.6345282768486822,0.620991411968646,1,-2.914110429447858,0.0,중립,2709724.39744,-4.971,2793611.35308,3399045.61955,5213498.55063,5072408.47591,3088065.91625,0.8218811000982819,0.6124123536250987,0.6608252070424618,1,-2.594142259414234,-0.8517887563884274,중립,,0.0,,25.0,관찰,25.0
2026-09-28T09:41:58+09:00,LIT,KRW-LIT,,6190.0,-2.13438735,2116252350.3829877,1790556109793,False,False,,1892470249.719269,2210687164.039057,4115182468.93631,4212133790.0804925,4763621412.950914,0.8560552033339776,0.5387558270038448,0.5699534783979309,1,-8.59826589595376,-6.985294117647056,중립,,,,,,,,,,,,,,NO_DATA,,0.0,,25.0,관찰,25.0
2026-09-28T09:41:58+09:00,ZORA,KRW-ZORA,,11.7,0.0,1248487320.4233193,1790555961671,False,False,,1224867180.991769,1317407655.3298965,1466478020.6642866,1878670248.1246493,3255992507.7118173,0.9297556273005306,0.7881088404681736,0.5743402426713077,1,-3.3057851239669422,-6.400000000000006,중립,,,,,,,,,,,,,,NO_DATA,,0.0,,25.0,관찰,25.0
2026-09-28T09:41:58+09:00,TOSHI,KRW-TOSHI,,0.174,-1.13636364,407240976.2278849,1790556107703,False,False,,372061558.5677266,401168339.80022264,375750547.4203052,551199581.3500766,1038933313.9414418,0.9274449692441061,0.840425535912079,0.35319608639864963,1,0.0,-2.7624309392265234,중립,,,,,,,,,,,,,,NO_DATA,,0.0,,25.0,관찰,25.0
2026-09-28T09:41:58+09:00,KAVA,KRW-KAVA,KAVAUSDT,92.6,-0.43010753,398317513.9323394,1790556117310,False,False,,427000849.6386993,550013606.4540145,779215901.1626651,361282503.93662614,361954391.82756424,0.776345975132526,0.757760098811167,0.925198776476616,1,-3.526970954356856,-1.6913319238900604,중립,347442.401772,-0.015,328051.907362,512856.563704,920190.918395,679596.629644,552807.01349,0.639656252018524,0.4658407521719499,0.4668795164965252,1,-3.0714791224345395,-2.796309439318667,감소형,,0.0,,25.0,관찰,25.0
2026-09-28T09:41:58+09:00,JPYC,KRW-JPYC,,8.58,0.11668611,1082544295.4004402,1790556083573,False,False,,1022664404.4608597,1250263158.2683022,1209124386.3152997,1668314310.229142,2957296186.876625,0.8179593213618468,0.7432690928986101,0.5126635368384008,1,-0.6952491309385911,0.1168224299065379,중립,,,,,,,,,,,,,,NO_DATA,,0.0,,24.9,관찰,24.9
2026-09-28T09:41:58+09:00,BOUNTY,KRW-BOUNTY,,20.1,-0.49504950000000003,193781342.7774574,1790556095626,False,False,,199431661.9274251,214269109.43335652,160304521.96869004,93487629.62447628,314225027.1343003,0.9307532124197946,1.2782407680356453,1.0310207948012264,1,3.589743589743577,5.759162303664911,중립,,,,,,,,,,,,,,NO_DATA,,0.0,,24.9,관찰,24.9
2026-09-28T09:41:58+09:00,XLM,KRW-XLM,XLMUSDT,291.0,-0.34246575,19392508197.06215,1790556121275,False,False,,18829612761.311474,21617357056.9015,60852984549.24012,34825542466.10956,44818941564.48005,0.8710413910335066,0.48159267250280313,0.4639407592403549,1,-1.683501683501687,0.6896551724137945,중립,16924944.2221,-0.417,16351085.1393,14789143.2055,46785564.5863,28982143.9193,37720881.8659,1.1056140921821032,0.5416846377830437,0.49798394856084505,2,-0.8727606798346388,-0.18501387604070718,중립,,0.0,,24.8,관찰,24.8
2026-09-28T09:41:58+09:00,USDC,KRW-USDC,USDCUSDT,1355.0,-0.07374631,1238638987.2982278,1790556080900,False,False,,1153356903.4482853,1200605612.706693,972971952.0326549,1303531410.828122,2462911451.9630013,0.9606459367186463,0.9950998759767565,0.7203816388478845,1,-0.7320644216691097,1.0432190760059523,중립,1185777557.11828,0.0,1131292993.26282,875062768.7218,2970483318.24134,2984297405.54443,3509948476.96585,1.292813537153791,0.49691899726715416,0.4196874053695635,2,-0.007998080460702717,0.01099945002747127,중립,,0.0,,24.8,관찰,24.8
2026-09-28T09:41:58+09:00,MINA,KRW-MINA,MINAUSDT,196.0,-1.50753769,1113207417.861953,1790556116223,False,False,,872124287.9060602,1109735214.3021643,1473691638.4910636,2347674969.4345565,3772633172.863013,0.7858850261451592,0.5305858524203318,0.2818672886329931,1,0.5050505050504972,-5.238095238095242,중립,1247696.93549,0.278,1113391.81242,1391407.84778,2948998.69498,3009125.85164,6166012.91159,0.8001908385067856,0.45447455130683656,0.2510085464223159,1,1.172413793103444,-6.3218390804597675,중립,,0.0,,24.8,관찰,24.8
2026-09-28T09:41:58+09:00,SAHARA,KRW-SAHARA,SAHARAUSDT,13.3,-0.74626866,3996747066.680661,1790556109460,False,False,,3911595547.3575625,4091737000.1330953,3586700200.756401,5670755424.691838,6411877449.244839,0.9559743324730614,0.8790633989043707,0.7713069236079078,1,0.7518796992481258,0.7518796992481258,중립,1045877.65968,0.408,1026390.15343,1653134.63841,1449471.35524,1594377.95334,2039412.28299,0.6208751117919781,0.6555633349062744,0.6028690416932591,1,2.471678681771383,0.4036326942482349,감소형,,0.0,,24.6,관찰,24.6
2026-09-28T09:41:58+09:00,CRV,KRW-CRV,CRVUSDT,470.0,-1.87891441,482811447.0852057,1790556118379,False,False,,477144736.28523475,616903610.9507459,259539870.064275,847104212.1523826,759612922.4042169,0.7734510348381318,0.8305161583461173,0.7688608041390845,1,1.2684989429175397,-1.4403292181069949,중립,3041332.96134,-0.832,2874488.96753,3432043.37315,3971553.5212,5080269.04276,6223934.73163,0.837544475695753,0.6907689449752552,0.6127481382239621,1,2.1971668112171105,-2.4827586206896624,중립,,0.0,,24.6,관찰,24.6
2026-09-28T09:41:58+09:00,MIRA,KRW-MIRA,MIRAUSDT,74.9,-0.5312085,1327684282.3049886,1790556104801,False,False,,1332521515.9384596,1415426338.547616,2323943089.0602827,2474564894.384905,3027705072.0470366,0.9414276671619479,0.6433226263217671,0.49767394178599705,1,-2.207792207792214,2.448979591836742,중립,462679.049492,-0.054,443105.520745,542084.995988,788155.845972,1427686.406082,892418.103759,0.8174096756494786,0.48199841499762286,0.4639989320840747,1,-1.5400955921401893,1.348396501457727,중립,,0.0,,24.5,관찰,24.5
2026-09-28T09:41:58+09:00,SHIB,KRW-SHIB,SHIBUSDT,0.00799,-0.498132,6255922811.116208,1790556119101,False,False,,6164235630.590132,7257317016.724076,10127354094.763533,10556722104.474813,14052369404.44906,0.8493821637369567,0.6618391126325741,0.4994743457899804,1,1.9035532994923887,-2.073170731707319,중립,4616082.52306017,-0.169,4569829.53060953,4734969.35211526,6370535.16849092,5294558.73740545,11794271.88294115,0.9651233599997945,0.8359412019420923,0.5232763540535266,1,2.772963604852685,-2.9459901800327315,중립,,0.0,,24.3,관찰,24.3
2026-09-28T09:41:58+09:00,AI,KRW-AI,AIUSDT,28.6,-0.34843206000000004,580456060.9504838,1790556113757,False,False,,596083938.2082591,636133196.8618762,586004411.7189287,530954130.03510886,856018693.2078984,0.9370426526218328,1.0200560388451907,0.9731434585938309,1,2.499999999999991,-0.692041522491349,중립,443664.76184,-1.005,442940.7781,542451.00564,883235.46961,3041037.50173,1323182.19715,0.8165544417737878,0.29749372048693973,0.353478191245065,1,-2.4752475247524774,5.3475935828876775,중립,,0.0,,24.3,관찰,24.3
2026-09-28T09:41:58+09:00,BSV,KRW-BSV,,28910.0,-0.24154588999999999,1144854039.1964288,1790556073144,False,False,,1100154631.3252623,1168562143.96585,2066862809.3949728,4438864970.851167,51279663413.94648,0.9414600986401739,0.43006765792923635,0.06818933915305003,1,0.1728309713100673,3.5739814152966343,중립,,,,,,,,,,,,,,NO_DATA,,0.0,,24.2,관찰,24.2
2026-09-28T09:41:58+09:00,GRVT,KRW-GRVT,,272.0,-0.36630037,686662151.4383596,1790556094916,False,False,,692425510.2193677,836577317.3919842,1268353984.1080494,4105181033.295554,1862802934.9533849,0.8276886019071049,0.33449902653435315,0.37125740417493974,1,-2.1505376344086002,3.802281368821303,중립,,,,,,,,,,,,,,NO_DATA,,0.0,,24.2,관찰,24.2
2026-09-28T09:41:58+09:00,DOS,KRW-DOS,,303.0,-1.3029316000000002,1768914306.354768,1790556119851,False,False,,1600798639.8116198,1730808432.9591353,1291286134.9064682,2347559901.2211156,3909547061.2758193,0.9248849319937505,0.8943584633019523,0.7141226469278643,1,0.32679738562091387,3.716216216216206,중립,,,,,,,,,,,,,,NO_DATA,,0.0,,24.1,관찰,24.1
2026-09-28T09:41:58+09:00,AUCTION,KRW-AUCTION,AUCTIONUSDT,5260.0,0.28598665,490098912.1727093,1790556108386,False,False,,492022561.2306101,512985859.35526645,626187696.5127835,5813449819.581058,779707443.8509535,0.9591347446672241,0.21230370235558502,0.2881937404722608,1,0.7684918347742542,1.6472868217054293,중립,314745.21019,-0.617,312069.56161,381556.56009,374011.50177,1235923.616,678146.61102,0.8178854572344144,0.4701042415783645,0.46264923008078207,1,1.4952780692550016,0.7552083333333348,중립,,0.0,,24.1,관찰,24.1
2026-09-28T09:41:58+09:00,DKA,KRW-DKA,,5.87,-0.8445945899999999,237959983.11568803,1790556089458,False,False,,267430080.20628577,339462835.9896932,275775194.9614227,254989420.3100747,765478487.005146,0.7878037058949378,0.9219316621834047,0.6577283345452432,1,0.8517887563884052,2.77777777777779,중립,,,,,,,,,,,,,,NO_DATA,,0.0,,24.1,관찰,24.1
2026-09-28T09:41:58+09:00,MORPHO,KRW-MORPHO,MORPHOUSDT,3667.0,-0.6771397600000001,1421478020.9681392,1790556060395,False,False,,1439537297.7488236,1728046598.0643027,3531586622.0659103,8231004960.029654,2037787911.1594174,0.8330431015930606,0.32011916972153903,0.43303355940481014,1,-4.004160166406656,4.441301272984433,중립,4034939.39649,-1.674,4086786.04356,4444928.23317,7448499.70856,11006076.30725,7351263.86064,0.9194267779314442,0.5353984085147218,0.568197257846841,1,-3.336883209087693,3.4574468085106336,중립,,0.0,,24.0,관찰,24.0
2026-09-28T09:41:58+09:00,FF,KRW-FF,FFUSDT,178.0,0.56497175,756428969.1386299,1790556079498,False,False,,745571393.9605957,889832595.3579551,1198618355.500902,2408375112.317738,2702913518.870683,0.8378782681709619,0.4973984206766837,0.4308981299830683,1,-4.8387096774193505,2.3121387283236983,중립,720123.206629,-0.533,721604.379432,578409.318016,1538592.615785,2515856.141719,4115501.310267,1.2475670030821304,0.46727378715416784,0.35861567481034234,2,-3.8453071108828007,1.7708737864077673,중립,,0.0,,24.0,관찰,24.0
2026-09-28T09:41:58+09:00,ADA,KRW-ADA,ADAUSDT,345.0,0.0,13678808005.741547,1790556116941,False,False,,13020394514.746384,16961662977.053387,24403876608.524612,15449326377.489492,25099966365.799915,0.7676366717320728,0.687516953214866,0.6029498897012705,1,2.3738872403560762,1.1730205278592365,중립,29527452.82519,0.674,28652083.37617,42377244.74393,57092332.74667,41843522.36475,60468039.9036,0.6761195436207317,0.608268095572852,0.5163401790051859,1,2.9874848607186033,0.3145890680298802,감소형,,0.0,,23.9,관찰,23.9
2026-09-28T09:41:58+09:00,ORBS,KRW-ORBS,,10.1,-0.98039216,173135630.3173117,1790556115825,False,False,,171460058.11936706,177096651.04039443,204319278.92087072,310613852.3240799,460617911.8109733,0.9681722218465797,0.7432919615965408,0.37029387847680195,1,2.0000000000000018,2.0000000000000018,중립,,,,,,,,,,,,,,NO_DATA,,0.0,,23.9,관찰,23.9
2026-09-28T09:41:58+09:00,1INCH,KRW-1INCH,1INCHUSDT,139.0,-1.41843972,264103629.6002907,1790555991716,False,False,,261708655.09498495,306865123.6683576,325141851.0759618,418180490.8950451,513773228.5490787,0.8528458756291406,0.747605538033119,0.6842283953965937,1,2.9197080291970767,1.4388489208633004,중립,455912.31002,0.883,448626.07704,415697.09215,690369.47943,488621.53171,769396.48919,1.0792138927883526,0.8439758397540683,0.7481901148792176,2,2.8884462151394397,-0.7684918347742542,중립,,0.0,,23.7,관찰,23.7
2026-09-28T09:41:58+09:00,ZETA,KRW-ZETA,,72.2,0.27777778000000003,1759871310.381166,1790556116199,False,False,,2499920976.7806897,3068877780.0882287,3497202941.3979015,4238094682.1487226,12969103337.744614,0.814604280757254,0.6941541256187789,0.1396397276967037,1,3.746397694524495,-4.0000000000000036,중립,,,,,,,,,,,,,,NO_DATA,,0.0,,23.5,관찰,23.5
2026-09-28T09:41:58+09:00,NCT,KRW-NCT,,14.5,-1.36054422,433754664.70985395,1790556110866,False,False,,392299666.82538277,465134700.00733536,314112406.86464876,373800609.8509307,565667304.705099,0.8434108803733543,1.0206854264635479,0.9343683540745958,1,2.083333333333326,4.255319148936176,중립,,,,,,,,,,,,,,NO_DATA,,0.0,,23.5,관찰,23.5
2026-09-28T09:41:58+09:00,CYBER,KRW-CYBER,CYBERUSDT,491.0,0.40899796,159639378.21195412,1790556103327,False,False,,153565741.99416873,197573201.34109342,203995751.48431224,297731945.10968703,609465993.0511297,0.7772599773237994,0.6587968460255959,0.40054257434279605,1,2.3012552301255207,1.4522821576763434,중립,375065.44062,0.557,367992.66023,505566.2667,736506.54664,918498.72857,1230898.98267,0.7278821481346275,0.5109657140601117,0.3703988865734557,1,3.1339031339031376,0.27700831024930483,감소형,,0.0,,23.5,관찰,23.5
2026-09-28T09:41:58+09:00,PENDLE,KRW-PENDLE,PENDLEUSDT,3548.0,-0.58840011,901538135.8444171,1790556105154,False,False,,846343734.0356897,846850447.0221015,840140410.6259723,1281369647.4021833,2115688278.1443222,0.9994016499746873,0.8553648378582239,0.6136488032552536,1,0.9047215154085464,6.157049375371804,중립,4763701.9336,2.429,4610249.7756,4088013.7924,6596483.8093,9014925.6728,8586146.7858,1.127748097173959,0.7020890476881763,0.5998591571694465,2,1.580570547417115,4.854755272582567,중립,,0.0,,23.3,관찰,23.3
2026-09-28T09:41:58+09:00,ZRX,KRW-ZRX,ZRXUSDT,170.0,-0.58479532,178087727.69918987,1790555977988,False,False,,197601107.59548363,220507742.40611386,281156652.29055727,356970795.0249217,477787100.75450057,0.8961186824522352,0.6904018492168527,0.5725449021175307,1,3.6363636363636376,3.6363636363636376,중립,121074.1216,-1.344,122066.4043,147548.105,268044.7154,232768.9433,264175.5541,0.8272990310516017,0.5648069232371359,0.509303588222179,1,3.70981038746907,2.777777777777768,중립,,0.0,,22.9,관찰,22.9
2026-09-28T09:41:58+09:00,CKB,KRW-CKB,CKBUSDT,1.93,0.0,198606329.25066155,1790555772339,False,False,,198866818.33452657,225247524.08964974,315883686.7812772,771389511.3674283,370739005.4557307,0.8828812620172308,0.45454555108748707,0.5089475698239645,1,1.5789473684210575,8.426966292134818,중립,318498.720647,-1.254,298509.582669,328533.915645,474851.217279,530523.268623,553070.91951,0.9086111614472004,0.6713570039505042,0.6607336189884134,1,1.7191977077363862,7.088989441930638,중립,,0.0,,22.6,관찰,22.6
2026-09-28T09:41:58+09:00,ETHFI,KRW-ETHFI,ETHFIUSDT,974.0,-0.30706244,1241389645.8428912,1790556061448,False,False,,1237463121.7685735,1357545779.3831737,1397917986.9397137,961610344.5209469,1792246293.6845233,0.911544303375786,0.9987396685138865,0.871311888750038,1,5.507559395248385,2.733964248159837,중립,6963240.85626,-1.24,6812319.25748,6232584.83986,5753531.01373,3994945.9606,7276437.77192,1.0930166909100627,1.2788235231211917,1.1203750827519634,4,6.122148638704927,1.6922859963333758,연속 가속형,,0.0,,22.5,관찰,22.5
2026-09-28T09:41:58+09:00,THETA,KRW-THETA,THETAUSDT,319.0,0.63091483,284793366.8754529,1790556064341,False,False,,255798144.71392927,311815069.75217295,344530206.5192967,324425685.50521815,767327915.9683614,0.8203520917614235,0.7824400028643141,0.589034310144078,1,4.276315789473695,2.2580645161290214,중립,707851.41762,1.43,696601.75341,713257.57624,920902.18724,1113380.07981,1179074.65749,0.9766482356657148,0.7606096287679651,0.6447233458988885,1,4.751232631107127,0.7327586206896441,중립,,0.0,,22.5,관찰,22.5
2026-09-28T09:41:58+09:00,BLUR,KRW-BLUR,BLURUSDT,28.7,0.0,789491156.4302188,1790556108725,False,False,,833666587.5044135,969628729.7145889,1022404853.1101134,433045591.72313356,1049827901.1822863,0.8597791731581674,1.0313064368216185,0.9239923243417045,1,5.514705882352944,4.744525547445266,중립,183058.82498,0.237,194688.630196,419150.937922,268239.559108,186274.266864,338481.653337,0.46448334616927356,0.6685240320151717,0.6524695274254255,1,6.009013520280426,3.7236648701616915,감소형,,0.0,,22.3,관찰,22.3
2026-09-28T09:41:58+09:00,API3,KRW-API3,API3USDT,385.0,-0.25906736,541575650.5960146,1790556036426,False,False,,538929203.3822637,709501841.3636439,652410981.0954163,918922735.4122962,9867817848.81384,0.7595881673068754,0.7088575958784579,0.20986535627251007,1,4.607046070460696,5.177111716621252,중립,663764.935665,1.288,666942.564764,611330.942317,726719.287029,529007.402933,3241184.735142,1.0909681133368236,1.0716475269430839,0.587723721260646,2,5.331358756016269,3.9839181286549508,중립,,0.0,,22.2,관찰,22.2
2026-09-28T09:41:58+09:00,AAVE,KRW-AAVE,AAVEUSDT,208700.0,-0.5243088699999999,3644127214.522845,1790556096343,False,False,,3630293912.715418,4811621061.948952,6910748721.960256,5308166350.537992,9432826754.37514,0.754484583464884,0.6394914201272599,0.5739386166903254,1,4.638403990024931,5.745967741935476,중립,15723305.52298,-0.769,15568836.4205,17425951.4153,30344939.85835,21513121.98949,34731929.21475,0.8934282008172333,0.6741311171468827,0.626359053685007,1,5.2065609473899155,4.4036201539916275,중립,,0.0,,22.1,관찰,22.1
2026-09-28T09:41:58+09:00,IOTA,KRW-IOTA,IOTAUSDT,69.6,0.43290042999999995,1329065690.6130142,1790556112676,False,False,,1239698535.8889723,1526513158.1693034,1559266960.454715,1194717089.766715,1725997795.4161372,0.8121112676000131,0.8688466378103591,0.8586641340038824,1,5.640243902439024,5.000000000000004,중립,1220748.6724,1.188,1163520.2214,1256384.4243,993385.2837,833936.3691,1143934.2513,0.9260861555556613,1.1319368892260369,1.171586833762471,1,6.4583333333333215,4.2857142857142705,중립,,0.0,,21.6,관찰,21.6
2026-09-28T09:41:58+09:00,XPL,KRW-XPL,XPLUSDT,146.0,1.38888889,10787899694.124279,1790556116199,False,False,,10645900593.455856,13516830536.158382,24378451291.233715,13161432831.54337,10457320600.377972,0.7876033190604406,0.6255338204527058,0.7470011755768385,1,-1.3698630136986356,10.769230769230775,중립,26191629.272748,-3.19,25954950.195166,40452468.312541,60692175.01912,32149657.542321,20748396.667269,0.6416159823582259,0.5841573876373931,0.7656817922468221,1,-4.177569250203006,10.200269793504212,감소형,,0.0,,21.5,관찰,21.5
2026-09-28T09:41:58+09:00,BARD,KRW-BARD,BARDUSDT,205.0,0.0,521748702.36791337,1790556025234,False,False,,503596149.607618,634597802.23686,593484930.9725345,829416272.3279619,1272499316.985045,0.7935674341015974,0.7342839266297879,0.5733458844577843,1,6.770833333333326,6.217616580310881,중립,424899.13261,2.717,420699.74066,447061.10581,798908.81838,591125.71265,851408.64291,0.9410340895072105,0.6870079034921367,0.6466038293895989,1,7.270135424091229,4.513888888888884,중립,,0.0,,21.3,관찰,21.3
2026-09-28T09:41:58+09:00,BAT,KRW-BAT,BATUSDT,132.0,-0.7518796999999999,196052800.01343986,1790555882025,False,False,,186442715.045811,247003997.79325888,290559670.5074061,294733966.6536725,890796621.5739106,0.7548165888467223,0.6720289973767851,0.36693641961100304,1,7.258064516129026,7.258064516129026,중립,597313.8862,2.004,604750.3074,392407.3565,319895.5469,561810.1474,1437734.119,1.5411288738161055,1.4239324532943558,0.8697183024788407,3,7.947019867549665,6.5359477124183,고수준 유지형,,0.0,,20.9,관찰,20.9
2026-09-28T09:41:58+09:00,MBL,KRW-MBL,MBLUSDT,1.2,4.34782609,653714068.6506422,1790556091381,False,False,,312702944.4419855,319658586.47516066,320329527.38805723,222326450.02686757,609725695.8088008,0.9782404029565598,1.087896311403981,0.9098092077730803,1,1.7699115044247815,3.603603603603589,중립,253645.670045,3.424,162693.17996,171838.523289,242830.114059,179429.759492,487160.9855,0.9467794348207983,0.8215466368468378,0.5422007969437711,1,3.649635036496357,4.029304029304037,중립,,0.0,,20.8,관찰,20.8
2026-09-28T09:41:58+09:00,PLUME,KRW-PLUME,PLUMEUSDT,25.2,-1.17647059,2763520823.924507,1790556027862,False,False,,2623513162.1985455,3407720479.381135,4489907543.75483,6476327931.8389435,2363078480.1987147,0.7698733443873874,0.5475555589045475,0.7133456798647715,1,3.238866396761142,16.972477064220183,중립,3468017.11211,3.35,3295830.61703,4838217.88938,9061975.44244,10395113.29038,5348305.67044,0.6812075628640919,0.4069712724701831,0.4973522081574077,1,3.703703703703698,14.74006116207951,감소형,,0.0,,20.1,관찰,20.1
2026-09-28T09:41:58+09:00,MON,KRW-MON,,38.0,-0.26246719,1629975712.3092687,1790556071067,False,False,,1418302383.849408,1560777392.6524596,1586101106.285417,1487307911.1657581,2656321186.9634585,0.9087153559029177,0.9181562360701565,0.7990962343161325,1,11.730205278592365,4.383561643835621,중립,,,,,,,,,,,,,,NO_DATA,,0.0,,19.9,관찰,19.9
2026-09-28T09:41:58+09:00,ARKM,KRW-ARKM,ARKMUSDT,194.0,-1.02040816,411480285.2500585,1790556062883,False,False,,400168560.4425198,452927091.0845152,475561840.4064704,250199123.4451362,651016781.0671427,0.8835165047962414,1.018510093743692,0.7924543792091975,1,12.00000000000001,10.1123595505618,중립,947188.33284,4.386,907056.99484,1637970.36515,1580898.00127,1056159.66352,1659459.9336,0.5537688679470918,0.6365270509251355,0.5655549617039329,1,13.458528951486691,9.5166163141994,감소형,,0.0,,18.7,관찰,18.7
2026-09-28T09:41:58+09:00,DATA,KRW-DATA,,330.0,3.7735849100000003,14081592215.285667,1790556122023,False,False,,8772959290.434776,9075113051.978819,16345239650.771955,23844881873.41723,25536375552.554024,0.9667052344347206,0.534228205705856,0.4222902264263654,1,5.298013245033117,7.796610169491536,중립,,,,,,,,,,,,,,NO_DATA,,0.0,,18.4,관찰,18.4
2026-09-28T09:41:58+09:00,ZRO,KRW-ZRO,ZROUSDT,2225.0,-0.13464990999999998,2783964428.8800473,1790556092767,False,False,,2083116976.6755073,2688053191.834902,7174899630.116448,9700905994.68138,14936086077.33316,0.7749537780736933,0.3194334506602282,0.23066008038828495,1,13.211382113821134,19.335832886984463,중립,9733488.35022,3.019,9339634.48358,11748239.91274,15071918.83523,20107382.00397,33229836.65702,0.7949815932386549,0.5970673724167336,0.4639760198385918,1,14.176511466296038,18.20143884892087,중립,,0.0,,16.1,관찰,16.1
2026-09-28T09:41:58+09:00,WLFI,KRW-WLFI,WLFIUSDT,79.3,-0.12594458,3737745979.8434386,1790556090183,False,False,,3899726003.1758885,5502014510.796696,1831309784.0394216,2631666888.2063565,4786155788.871419,0.7087814827684279,1.174027933856708,1.0109439617027176,1,2.983138780804162,1.146496815286624,감소형,5108070.84192,0.343,5015620.26881,6955342.23556,6814575.39247,7127876.38296,9080895.05936,0.7211176817679877,0.7200214911926571,0.6275036091498649,1,3.7168141592920367,0.3424657534246478,감소형,,0.0,,13.2,관찰,13.2
2026-09-28T09:41:58+09:00,COMP,KRW-COMP,COMPUSDT,32930.0,-0.81325301,2240020079.704821,1790556113431,False,False,,2210952578.26587,385799337.338533,1017042543.198578,13485979478.734259,364019591.5446127,5.73083560360238,0.44549246543731846,0.7106488179887733,2,1.3431013431013383,6.206014075495836,일회성 폭증형,2319114.17363,1.891,2284364.44862,871656.12567,1454331.65298,5092679.38648,1138940.75476,2.6207174840469563,0.9237634191316239,1.2015136139407268,2,2.000833680700298,4.931389365351624,중립,,0.0,,13.2,관찰,13.2
2026-09-28T09:41:58+09:00,HOME,KRW-HOME,HOMEUSDT,8.33,-1.0688836099999999,1039115025.7685568,1790556100414,False,False,,1105206277.8784149,2251639081.4195375,2917834491.75198,4086170245.3798304,1935064489.7062762,0.49084521893341876,0.35822670995502837,0.38727848311262986,1,-1.6355140186915973,-4.426787741203187,감소형,766739.09735,-3.15,759867.80352,860520.30048,1467973.66799,1626470.62157,1831697.71185,0.8830329779508329,0.5763903465282212,0.4630943061304564,1,-1.4285714285714235,-5.335365853658535,중립,,0.0,,13.0,관찰,13.0
2026-09-28T09:41:58+09:00,INJ,KRW-INJ,INJUSDT,10470.0,-0.75829384,907151570.9456348,1790556107375,False,False,,901449146.6057216,1413060366.293055,1204157289.1378722,3299221219.841468,2699436780.3268714,0.6379410024573358,0.45709040468919837,0.41692857531377425,1,-3.7408759124087587,-0.2835538752362976,감소형,9727985.77665,-0.439,9774427.57151,13087085.27086,17714271.38839,23851049.90338,26842439.41671,0.7468758221721045,0.5365414728979301,0.4870594238975117,1,-3.1195625155356677,-1.3665696570922425,감소형,,0.0,,13.0,관찰,13.0
2026-09-28T09:41:58+09:00,SYRUP,KRW-SYRUP,SYRUPUSDT,294.0,-0.33898305,793777088.4037474,1790556030189,False,False,,775206799.3220973,1087305985.161243,922174180.9328914,1867891821.5083742,1902703161.5017471,0.7129610338778163,0.5997929539394775,0.5443307274759451,1,-0.33783783783783994,-0.33783783783783994,감소형,1806928.12601,-1.542,1716623.70662,1897914.05905,2052788.08716,2216534.91004,2009543.79215,0.9044791561738339,0.8350369983980134,0.8928355512036334,1,0.0,-1.1353315168029066,중립,,0.0,,13.0,관찰,13.0
2026-09-28T09:41:58+09:00,VET,KRW-VET,VETUSDT,12.4,0.0,754137527.9323838,1790556090218,False,False,,774775244.77991,1110578197.936596,863791921.013069,1208455392.947247,3071323794.0764594,0.6976323200107902,0.7302711774967738,0.5148397803343849,1,-1.5873015873015817,0.0,감소형,1800650.8289978,-1.362,1805608.0399451,3105022.6978709,2077075.8693211,1874288.7073794,3797549.1906224,0.5815120260419343,0.7676483601396883,0.690271926623781,1,-0.7328375902575734,-0.903711672942431,감소형,,0.0,,13.0,관찰,13.0
2026-09-28T09:41:58+09:00,BFC,KRW-BFC,,40.0,-1.47783251,1108997764.8018348,1790556114773,False,False,,1004614797.0265989,2098615287.4534564,657952625.2843801,760647213.9787546,1687073173.7591593,0.47870364951245475,0.8568837226323703,0.6234890520589967,1,0.24691358024691024,-0.4901960784313597,감소형,,,,,,,,,,,,,,NO_DATA,,0.0,,12.9,관찰,12.9
2026-09-28T09:41:58+09:00,NXPC,KRW-NXPC,NXPCUSDT,337.0,-0.29585799,418999473.9771615,1790555998099,False,False,,391581005.8188522,621506456.0041522,686056408.8823014,840251522.1155685,1898021095.1757982,0.630051388905019,0.5469481090013065,0.12875067794836043,1,0.29673590504450953,0.8955223880596996,감소형,206434.40845,-0.239,211012.40439,306837.95293,264367.4467,375679.60783,512491.95133,0.687699818014817,0.6685470866923003,0.22748451948313528,1,-0.5140371688414525,0.5997600959616101,감소형,,0.0,,12.7,관찰,12.7
2026-09-28T09:41:58+09:00,F,KRW-F,FUSDT,5.1,-0.77821012,1305291702.9235559,1790556052935,False,False,,1371685684.647897,1931243672.5285752,1663248314.4275296,1650657542.8913343,3548448424.673397,0.7102602867570567,0.7845452318426815,0.5993650991302879,1,0.19493177387914784,1.5810276679841806,감소형,336942.136999,-0.607,340633.654587,386546.634428,358943.227689,597008.545865,1048141.314729,0.8812226630586485,0.7611934268861356,0.516022226714305,1,0.8739406779661119,0.9006622516556151,중립,,0.0,,12.6,관찰,12.6
2026-09-28T09:41:58+09:00,WAVES,KRW-WAVES,,403.0,-0.24752475000000002,1288770092.808071,1790556097738,False,False,,1296331374.3627748,2025617903.8091538,2362317773.48922,11326988386.6373,5880565288.264212,0.6399683631967494,0.24747139135169055,0.2851773469950037,1,-1.703163017031628,1.7632241813602123,감소형,,,,,,,,,,,,,,NO_DATA,,0.0,,12.6,관찰,12.6
2026-09-28T09:41:58+09:00,SPX,KRW-SPX,,595.0,-1.32669983,447048262.5037253,1790556115134,False,False,,443239479.26344657,699051316.2309495,636904174.199095,902396799.4358153,1585496530.6417246,0.6340585719132114,0.5940612850848546,0.48284182011265264,1,1.1744966442952975,-13.486370157819227,감소형,,,,,,,,,,,,,,NO_DATA,,0.0,,12.6,관찰,12.6
2026-09-28T09:41:58+09:00,MNT,KRW-MNT,,914.0,-0.43572985,571766396.7844992,1790556045974,False,False,,488890096.72619236,852527066.4546248,532304333.0492524,732090609.2035265,909645682.1683378,0.5734599122574758,0.6928315186604954,0.6390963563369164,1,-0.8639308855291628,2.2271714922049046,감소형,,,,,,,,,,,,,,NO_DATA,,0.0,,12.5,관찰,12.5
2026-09-28T09:41:58+09:00,MOODENG,KRW-MOODENG,,66.3,0.45454544999999996,481068091.13841254,1790556101863,False,False,,485690246.9347231,752950731.6651403,3895280204.393586,1130209833.6030025,2270673600.1712136,0.6450491732183137,0.252156385932717,0.2438610425022048,1,-1.3452914798206317,0.7633587786259444,감소형,,,,,,,,,,,,,,NO_DATA,,0.0,,12.5,관찰,12.5
2026-09-28T09:41:58+09:00,TRUMP,KRW-TRUMP,TRUMPUSDT,2874.0,-0.06954103,19840967298.000744,1790556117670,False,False,,19658973401.580322,27361577859.25581,27165574975.272278,35829199609.617615,56764668225.943756,0.7184882941584501,0.6527147080355848,0.5321086618305694,1,1.6254416961130724,-4.451827242524919,감소형,16038128.077697,0.665,15720694.684865,17592642.604479,21577041.133215,26792867.109435,44376078.825917,0.8935948417927042,0.714982720481734,0.5310755413229868,1,2.409638554216853,-5.30303030303031,중립,,0.0,,12.4,관찰,12.4
2026-09-28T09:41:58+09:00,CP,KRW-CP,,17.8,-1.65745856,2190776203.0566235,1790556111226,False,False,,2231776752.114995,3243233227.9681396,2451448370.5874968,2763263527.8686366,4883607939.08363,0.6881332902207548,0.7916024703716114,0.6480988881523749,1,2.259887005649719,-3.208556149732611,감소형,,,,,,,,,,,,,,NO_DATA,,0.0,,12.2,관찰,12.2
2026-09-28T09:41:58+09:00,LSK,KRW-LSK,LSKUSDT,399.0,-1.9656019699999998,3220098361.159509,1790556119094,False,False,,3218280270.2533245,4661539319.073166,9249159864.055618,36347301996.22043,11009233576.320787,0.6903900299811697,0.1921055470611733,0.1782872633160819,1,-6.65137614678899,4.092071611253201,감소형,4516878.00982,-7.188,4480916.85822,8177758.14141,12332084.70361,40430871.73278,9784704.51593,0.5479395184763198,0.2205873473554089,0.2825337826084576,1,-23.21253672869735,-1.4765944077913984,감소형,,0.0,,12.1,관찰,12.1
2026-09-28T09:41:58+09:00,KAITO,KRW-KAITO,KAITOUSDT,484.0,-1.2244898,1290608488.8947282,1790556109070,False,False,,1416279118.6572537,2665275256.7620263,1676299452.973401,2705624146.60792,4909042866.376387,0.5313819332783866,0.602911517410536,0.4962401925642712,1,2.5104602510460206,-0.8097165991902799,감소형,1514276.75976,0.366,1510200.046,2064985.68967,1959004.14913,3456613.44715,4267302.25743,0.7313368095259494,0.6056463582969748,0.5170491393183836,1,3.0571428571428694,-1.9570535471595485,감소형,,0.0,,12.1,관찰,12.1
2026-09-28T09:41:58+09:00,WIF,KRW-WIF,WIFUSDT,332.0,0.0,152770341.9075858,1790555869294,False,False,,138501509.18271646,228640162.0043103,460423420.99201286,1066283524.2519665,550184537.2006671,0.6057619447457592,0.23670790001158287,0.09403968533060035,1,2.4691358024691468,-3.206997084548102,감소형,2574689.408877,-0.247,2538309.51993,2552676.392501,4011763.215181,4963595.593394,7257684.60687,0.9943718394492912,0.6605573653244258,0.3689114068881038,1,3.208104685521307,-4.267815191855917,중립,,0.0,,12.1,관찰,12.1
2026-09-28T09:41:58+09:00,ETC,KRW-ETC,ETCUSDT,12880.0,-0.99923136,4086964188.769312,1790556120891,False,False,,4064383601.5935335,5783833070.050384,9029163429.900164,32540528088.281086,13125259571.38225,0.7027145410955176,0.25749193773446927,0.2775510975775612,1,1.4029618082618933,2.7646129541864184,감소형,3197905.7782,1.065,3143511.7325,5422341.8775,7748461.4414,23310380.4808,10340449.6871,0.5797332229352777,0.25850408937600183,0.27902520822278326,1,2.1299254526091493,1.58898305084747,감소형,,0.0,,11.9,관찰,11.9
2026-09-28T09:41:58+09:00,QTUM,KRW-QTUM,QTUMUSDT,1380.0,-0.7907979900000001,679867232.3085406,1790556115820,False,False,,724737288.899015,1804277968.0302393,2498255308.2854114,900537802.3521221,1354635756.187242,0.4016771815321909,0.41787087545491386,0.4985059574639636,1,1.9794721407624616,2.581120943952797,감소형,290133.8162,-0.098,296237.011,703306.8482,978108.6181,238104.7797,447011.585,0.4212059242109908,0.46298601687163443,0.5422196524789549,1,2.497502497502513,1.5841584158415856,감소형,,0.0,,11.7,관찰,11.7
2026-09-28T09:41:58+09:00,PROVE,KRW-PROVE,PROVEUSDT,317.0,-1.24610592,520527182.822729,1790556103379,False,False,,497179926.4486892,1392396108.7870903,398791095.8248659,748567903.4606488,2003050654.7005785,0.35706787983038846,0.5872770073796534,0.2553485479473993,1,0.9433962264151052,4.90196078431373,감소형,825376.95219,-3.237,808369.55342,1128234.81915,1201165.02622,167470680.70228,36052813.4043,0.7164905210326844,0.014282140811938283,0.01797460443528787,1,1.0287183883411766,3.422553751645463,감소형,,0.0,,11.6,관찰,11.6
2026-09-28T09:41:58+09:00,BORA,KRW-BORA,,39.4,0.25445292999999997,361473289.3341439,1790556090922,False,False,,358360261.2094626,721981630.8988461,500004948.32935196,358469586.4965401,1252435872.5863886,0.496356480376536,0.6802344835267202,0.4595835447624716,1,2.34375,1.5503875968992054,감소형,,,,,,,,,,,,,,NO_DATA,,0.0,,11.6,관찰,11.6
2026-09-28T09:41:58+09:00,HUNT,KRW-HUNT,,141.0,-1.3986014,160386902.89970765,1790555949650,False,False,,167241175.71379066,451084632.30524045,223800197.50289848,375851535.13567114,714973402.3237224,0.3707534323639332,0.47749706194684,0.42890585490281935,1,1.4184397163120588,4.379562043795615,감소형,,,,,,,,,,,,,,NO_DATA,,0.0,,11.5,관찰,11.5
2026-09-28T09:41:58+09:00,POLYX,KRW-POLYX,POLYXUSDT,61.0,-0.97402597,967493583.7741721,1790556088383,False,False,,977146160.995729,3132571496.227811,1085720360.3985474,1411692152.519149,1433869239.0717933,0.3119310005126433,0.5206832698326095,0.598768203556945,1,1.9867549668874274,4.761904761904767,감소형,340279.73691,-1.532,337690.85346,695559.81833,605478.5719,493417.63061,469853.35465,0.4854950567311044,0.5645569178707274,0.6449468483179409,1,2.708803611738153,3.6446469248291535,감소형,,0.0,,11.3,관찰,11.3
2026-09-28T09:41:58+09:00,ICP,KRW-ICP,ICPUSDT,4228.0,-0.77446609,732648678.9049089,1790556001119,False,False,,701595645.680755,1044431910.9403377,1207825298.2587032,1556207005.9598398,2458192512.2722893,0.6717485729147097,0.5526602898524171,0.4962066789873386,1,1.5007146260123783,5.183905208590467,감소형,9986366.29267,-2.353,9854553.13073,12833701.23801,11860567.83825,16246236.6791,16980964.87637,0.7678652438583689,0.7221127059066552,0.7227552129743263,1,2.075226977950706,4.1694242223693,중립,,0.0,,11.3,관찰,11.3
2026-09-28T09:41:58+09:00,NEO,KRW-NEO,NEOUSDT,3636.0,-0.54704595,468313027.01544476,1790556106982,False,False,,463981165.2367272,960346995.8905385,797935834.793989,883157518.4904234,1495313727.8878937,0.48313908120936355,0.526963819623999,0.4423322961796718,1,2.696629213483148,3.3060186493359733,감소형,721687.09543,0.904,702909.55116,562238.30755,733648.08877,803931.75427,1224065.13992,1.2501986110177845,1.0042434640768754,0.7997533074432398,2,3.370356185369583,2.196137826580835,중립,,0.0,,11.3,관찰,11.3
2026-09-28T09:41:58+09:00,MED,KRW-MED,,2.48,-0.8,282608617.62152153,1790556109814,False,False,,268928928.3342121,407686992.90178764,866593766.7482828,183815613.4134162,265705512.35250437,0.6596455933510674,0.5533151305407632,0.6529688897781105,1,3.3057851239669533,2.8806584362139898,감소형,,,,,,,,,,,,,,NO_DATA,,0.0,,11.2,관찰,11.2
2026-09-28T09:41:58+09:00,AGLD,KRW-AGLD,AGLDUSDT,301.0,-0.33112583,233994796.09536588,1790556097416,False,False,,244799300.08882564,391886313.2874657,363038766.0179357,472344061.63764673,539389090.5506123,0.6246691751881998,0.5984000377473494,0.45848622782451137,1,2.3728813559322104,4.498269896193774,감소형,162590.72039,0.0,148869.71918,213964.41281,212252.08316,291713.70059,399293.44727,0.6957685963982992,0.6220788033153515,0.47548786475631943,1,3.3317908375751992,3.6194895591647347,감소형,,0.0,,11.2,관찰,11.2
2026-09-28T09:41:58+09:00,MTL,KRW-MTL,MTLUSDT,457.0,-1.08225108,480972818.18138635,1790556115820,False,False,,516382810.0673916,1062766943.3135656,954927968.0164298,1520091374.1976013,1013703917.0019915,0.48588527646275753,0.43788638011839304,0.333415801031704,1,0.8733624454148492,7.441860465116279,감소형,256720.45351,-1.917,277589.73054,363763.66787,301303.61562,522791.25206,314972.66998,0.7631046062555198,0.7010676496375999,0.6835298597675314,1,1.6984505363528024,6.656249999999986,중립,,0.0,,11.1,관찰,11.1
2026-09-28T09:41:58+09:00,AVAX,KRW-AVAX,AVAXUSDT,14910.0,-0.8643616999999999,6318419502.804797,1790556119838,False,False,,6351590566.483566,11523853654.978065,8691757638.73907,6781883132.745587,13583222610.403173,0.5511689714785479,0.7057977825073044,0.5872597707349603,1,5.840957072484176,-0.79155672823219,감소형,49738437.2996,-0.598,48613988.84509,48017776.27594,49214793.68163,51208788.48539,62891600.42385,1.012416496876569,0.98248876233042,0.8925630173472997,2,6.838444204957361,-3.6064704322461005,중립,,0.0,,11.0,관찰,11.0
2026-09-28T09:41:58+09:00,AWE,KRW-AWE,AWEUSDT,93.5,0.86299892,3028492765.015494,1790556119126,False,True,거래량급등,2928508554.087917,4738631938.853953,531760012.6767444,325220751.3625015,890359306.5973148,0.6180071784170226,1.5700739362681793,2.080362854495878,1,4.509582863585115,7.5406032482598695,감소형,714211.25751,-1.389,718133.10357,1023590.2836,177350.37928,87769.81325,263862.75461,0.7015825717339782,1.6717481161320777,2.067012794016746,1,5.460434983803797,6.429016189290149,감소형,,0.0,,11.0,관찰,11.0
2026-09-28T09:41:58+09:00,VTHO,KRW-VTHO,VTHOUSDT,1.02,-0.97087379,2409988016.4413466,1790556116220,False,False,,3059187680.823201,4298064701.475723,4149435438.5427394,12691708850.139778,8107500175.069359,0.7117593366551326,0.43414883909527513,0.43610004350388176,1,0.0,9.225874867444329,감소형,75652358.812162,-7.453,76111215.052677,20951947.94085,123415999.189048,10561752.233996,2696095.300426,3.632655792556787,1.4737887318927025,2.3803398537508538,2,0.5326231691078487,7.549857549857553,고수준 유지형,,0.0,,11.0,관찰,11.0
2026-09-28T09:41:58+09:00,CELO,KRW-CELO,CELOUSDT,131.0,-0.75757576,647817662.9962778,1790556112291,False,False,,610244573.5689971,1124444243.3423002,291328478.15849984,568359220.1189625,534476426.8312035,0.5427077217764974,0.9226874898311737,0.9273466004394598,1,4.761904761904767,1.538461538461533,감소형,590383.807052,0.416,579154.163557,754747.986934,502909.627459,445392.719867,573236.982345,0.7673477420054979,1.0202061886949176,0.983527134025301,1,5.8026030368763415,1.234952262349509,중립,,0.0,,11.0,관찰,11.0
2026-09-28T09:41:58+09:00,0G,KRW-0G,0GUSDT,350.0,-1.4084507,2916306027.4267554,1790556116536,False,False,,2982387898.327439,4988616669.185425,2769289982.2243867,4918818100.313952,13441554283.758232,0.5978386587106568,0.7057945857636211,0.47712636796893104,1,1.139601139601143,7.902735562310026,감소형,1290937.523629,-2.197,1365956.573586,2584348.675674,1551855.682323,2225640.132211,4773223.872767,0.5285496444204679,0.6441323309718343,0.5148880663320096,1,2.1442495126705596,6.8079902160619765,감소형,,0.0,,10.9,관찰,10.9
2026-09-28T09:41:58+09:00,BERA,KRW-BERA,BERAUSDT,320.0,-0.62111801,1217203967.4648473,1790556076984,False,False,,1239795580.2880137,1679268793.045924,1778540360.0679815,1736413044.9187348,2968571353.1576314,0.7382948968159073,0.7160623090542397,0.5553330181678553,1,4.885993485342022,1.577287066246047,감소형,1013695.4282547,0.042,1009596.458614,1076542.7388063,878642.6444354,835973.725652,1625723.7675311,0.9378136345366725,1.0851367685171078,0.863977438250995,1,5.260831122900078,1.0182435299109116,중립,,0.0,,10.9,관찰,10.9
2026-09-28T09:41:58+09:00,STRAX,KRW-STRAX,STRAXUSDT,15.9,-1.85185185,395089149.88000363,1790556089490,False,False,,391431958.26539236,776249906.7352434,807317559.5505037,653944520.1811264,951535617.9607787,0.5042602322642192,0.524822160461558,0.46462656027741706,1,3.1847133757961776,4.516129032258065,감소형,163634.95094,-2.32,160260.04183,306685.61418,267258.44312,400394.33918,295922.34447,0.5225548066820641,0.4934426552693788,0.4836703465915623,1,4.4232437120555135,4.513888888888884,감소형,,0.0,,10.9,관찰,10.9
2026-09-28T09:41:58+09:00,ARDR,KRW-ARDR,,41.8,-1.1820331,747824199.326896,1790556120904,False,False,,812298186.8629528,1498862910.8178852,1771026807.208894,1046520920.4602914,777376998.9750688,0.5419429495521413,0.5645650436639194,0.714341742820595,1,0.9546539379474916,8.461538461538453,감소형,,,,,,,,,,,,,,NO_DATA,,0.0,,10.8,관찰,10.8
2026-09-28T09:41:58+09:00,CVC,KRW-CVC,CVCUSDT,41.1,-1.43884892,1360479930.0685985,1790556102590,False,False,,1599159088.7926528,5467877829.353356,6612005577.792231,31106248063.232674,2120017815.5451925,0.29246430492792724,0.11108837728770843,0.16791527219736804,1,0.7246376811594235,9.4488188976378,감소형,387063.05573,-1.782,393017.29296,1048380.37939,1366992.46151,5646621.99966,755812.10383,0.37488043527548376,0.1462481559710476,0.17904436344887648,1,1.1482939632545985,8.44178684488217,감소형,,0.0,,10.7,관찰,10.7
2026-09-28T09:41:58+09:00,ATOM,KRW-ATOM,ATOMUSDT,2545.0,-0.23520187999999997,1300600142.1862738,1790556094514,False,False,,1352849862.5475645,1836383640.010355,1626712318.3985448,1063871956.418247,1526143841.5679188,0.7366923953536942,0.8965271378111063,0.8558745036331885,1,4.893092105263164,3.1540638900121376,감소형,4326167.29839,1.351,4273829.47847,4112897.81137,4767523.86585,2794095.53677,3571178.86895,1.0391285352762982,1.0982457090427298,1.0909878413826752,2,5.658263305322131,2.1668472372697645,중립,,0.0,,10.6,관찰,10.6
2026-09-28T09:41:58+09:00,CFX,KRW-CFX,CFXUSDT,75.8,-1.1734028699999999,146238004.22726503,1790556024256,False,False,,111867024.33442667,164835634.0395843,403867746.61056376,139601863.77749023,334909691.7722206,0.6786580158241904,0.4738085389646802,0.4414821217749215,1,4.211956521739135,4.211956521739135,감소형,1394268.12429,0.646,1314412.74002,1692207.18844,1802144.94216,1137405.78343,2360632.20551,0.7767445670950739,0.8513480827906799,0.7220749762758276,1,4.708935854653329,2.467343976777947,중립,,0.0,,10.6,관찰,10.6
2026-09-28T09:41:58+09:00,ONG,KRW-ONG,ONGUSDT,129.0,-1.52671756,1579812159.1146216,1790556088381,False,False,,1997772770.5581977,5347414116.075403,6209993635.70062,2762881478.364678,3721267476.097185,0.3735960460874894,0.4185193619595424,0.4597962701210688,1,3.9682539682539764,5.645161290322576,감소형,398167.55947,-0.722,440460.03624,944929.66237,1551278.22566,754212.99859,942023.54525,0.4661299711295674,0.40652584843990996,0.38280994360631593,1,3.4304207119741026,3.5532994923857864,감소형,,0.0,,10.4,관찰,10.4
2026-09-28T09:41:58+09:00,LINEA,KRW-LINEA,LINEAUSDT,4.08,-0.48780488,948221375.6515633,1790555902006,False,False,,920766905.2231573,1380578315.800216,1188108829.6634636,594235649.3743852,1388258948.8556542,0.6669428997147901,0.8733380151351106,0.8559078428436213,1,4.3256997455470625,4.859335038363155,감소형,1016524.741304,4.044,955986.056151,1093619.568089,909271.243243,1134813.949149,2034180.35075,0.8741486381973743,0.914030601149788,0.7599741076685967,1,5.146036161335199,4.09638554216869,중립,,0.0,,10.4,관찰,10.4
2026-09-28T09:41:58+09:00,SENT,KRW-SENT,SENTUSDT,29.9,-1.96721311,299212849.7032639,1790555771676,False,False,,293535332.5065201,568315142.5595218,521080633.07266086,1042542809.2756765,4897154485.106926,0.5165009877873825,0.4130541112926194,0.1887498713569751,1,3.3898305084745672,6.271777003484313,감소형,871065.6426,-6.975,847931.40606,2132161.79776,1767046.56559,1698928.26228,5556437.3114,0.397686238891822,0.45440016710805586,0.32515465459186416,1,3.840814437760298,4.761904761904767,감소형,,0.0,,10.4,관찰,10.4
2026-09-28T09:41:58+09:00,HIVE,KRW-HIVE,HIVEUSDT,79.7,-1.36138614,1059322491.0981671,1790556105515,False,False,,1252997828.2207923,7128125470.1953945,1930753153.80951,10119001102.891792,1141522182.4377542,0.1757822352398134,0.19600672953384118,0.2929878338010264,1,3.1928480204342247,7.161803713527837,감소형,333182.0758,-0.676,351933.6781,718556.7261,441699.4897,1548123.382,225614.2634,0.489778559321456,0.3898275689115443,0.5423024650094744,1,3.472222222222232,6.428571428571428,감소형,,0.0,,10.3,관찰,10.3
2026-09-28T09:41:58+09:00,POWR,KRW-POWR,POWRUSDT,94.6,-0.52576236,620857870.5235002,1790556113056,False,False,,652975185.9377671,1639108515.52632,889592822.0878876,1285140919.4390612,10935424031.639046,0.39837215154000705,0.5136357053547483,0.21154925251537912,1,1.3859275053304865,9.942196531791891,감소형,155701.0257,-1.551,158612.349,210354.5347,199611.0425,300476.8309,1125712.2561,0.7540239112325635,0.6697756800196848,0.41037287676686346,1,2.3255813953488413,8.809891808346237,중립,,0.0,,10.3,관찰,10.3
2026-09-28T09:41:58+09:00,BIO,KRW-BIO,BIOUSDT,43.2,-0.46082948999999995,291667208.54915416,1790555764731,False,False,,278258437.18871534,642930172.4192992,1368540983.820868,674603529.8236185,676170750.999676,0.43279729140981077,0.3107788908094132,0.36131646665481826,1,3.5799522673030992,7.96019900497511,감소형,1138343.812294,-1.122,1102242.56681,1604753.479124,3475737.284606,2714109.142674,2340262.089126,0.6868609921392351,0.4242331537393229,0.4594462375938439,1,3.9961013645224197,6.487025948103775,감소형,,0.0,,10.0,관찰,10.0
2026-09-28T09:41:58+09:00,TAO,KRW-TAO,TAOUSDT,428700.0,-1.01593166,4505219178.714617,1790556112310,False,False,,4391027473.88628,6108682892.241184,5240401253.689657,4071613239.594975,7212508003.220612,0.7188173868811314,0.8542468665537374,0.7120962932875216,1,7.202970297029698,2.4603737875561915,감소형,49282974.08894,-1.373,47054426.2516,58668835.2636,56025376.05486,48442023.51155,55735237.52064,0.8020344368553376,0.8653091626265244,0.7850591831508884,1,7.9311508606142445,1.5238095238095273,중립,,0.0,,9.9,관찰,9.9
2026-09-28T09:41:58+09:00,UP2,KRW-UP2,,92.1,-3.76175549,1492292755.6726465,1790556115808,False,False,,1398915526.0265374,3320237954.492803,4140424663.944608,9121690269.55546,22677085362.77111,0.4213299002059732,0.25308510839366094,0.16963484398047168,1,0.8429926238145313,12.853773584905671,감소형,,,,,,,,,,,,,,NO_DATA,,0.0,,9.9,관찰,9.9
2026-09-28T09:41:58+09:00,ALGO,KRW-ALGO,ALGOUSDT,162.0,0.0,3089195893.612325,1790556089072,False,False,,2848396924.686025,4804599451.429185,5397254106.955454,3808832316.582384,3629799137.10771,0.5928479477802745,0.6099052430634977,0.6421074447793187,1,4.516129032258065,7.284768211920523,감소형,3464617.5341,1.967,3491556.6524,3382384.093,5331410.7496,4241551.6487,4416722.3891,1.0322768072454982,0.8085210198148025,0.7979552153823267,2,5.5653710247349775,6.601248884924171,중립,,0.0,,9.8,관찰,9.8
2026-09-28T09:41:58+09:00,RED,KRW-RED,REDUSDT,229.0,-0.8658008700000001,439421764.73298734,1790556087989,False,False,,453305584.49506223,884460140.9396214,2204074590.0917773,640842412.1753476,1222816918.1502063,0.5125223438712402,0.3646498332737266,0.3801388936438766,1,5.000000000000004,7.943925233644866,감소형,602998.7229,0.416,606508.8524,554588.43753,1451062.03742,591737.59609,606538.96095,1.0936197211417547,0.7005216422940825,0.809683796410132,2,6.024844720496891,7.089084065244666,중립,,0.0,,9.5,관찰,9.5
2026-09-28T09:41:58+09:00,QUID,KRW-QUID,,98.8,-0.30272452,2554440519.8015203,1790556116920,False,False,,2572799367.912117,3557051525.6104727,1950152431.75513,1849882511.7334845,7600800215.63554,0.7232955017345623,1.0491106956748204,0.8065472858805998,1,4.64625131995775,10.726256983240212,감소형,,,,,,,,,,,,,,NO_DATA,,0.0,,9.4,관찰,9.4
2026-09-28T09:41:58+09:00,LINK,KRW-LINK,LINKUSDT,19040.0,0.21052632000000002,8965441039.228569,1790556109803,False,False,,8911153345.193707,13557068006.017862,18627353208.430157,11456517784.600773,10710856925.352594,0.6573068263165844,0.6125775624617933,0.6994950215806532,1,5.3215077605321515,8.63350485991996,감소형,30149666.30193,-0.927,28895608.03183,44634687.22463,82230887.10534,46880834.15198,54181103.02568,0.6473800944635058,0.49892728634155137,0.5343621529973019,1,6.073670675440579,7.496550666871071,감소형,,0.0,,9.1,관찰,9.1
2026-09-28T09:41:58+09:00,AXS,KRW-AXS,AXSUSDT,1575.0,-0.88105727,3143336528.839912,1790556092761,False,False,,3334933511.6849756,15160232801.627638,28879221532.56968,1975789494.4618082,3769543785.5264745,0.21997904354918146,0.21742361232091867,0.3156361593420563,1,8.39017735334242,4.402102496714844,감소형,1939911.11408,0.0,1929666.95195,5486527.02845,9670079.85353,1443065.25115,3361026.9165,0.351710096741317,0.3487418793227959,0.42641960657416683,1,9.01486988847584,3.621908127208484,감소형,,0.0,,9.1,관찰,9.1
2026-09-28T09:41:58+09:00,EUL,KRW-EUL,EULUSDT,2052.0,-0.48496605000000004,4818909012.460252,1790556106236,False,False,,1410705228.3242621,2036415440.3273146,894530364.2578365,1943014679.1289468,12026810982.079859,0.6927394088592839,0.8683114479721412,0.3748891734121883,1,5.419222903885479,9.914712153518114,감소형,1749056.79718,0.066,688931.24688,1280823.66631,558929.24953,887669.94263,3101157.90304,0.5378814156868154,0.7577826570682213,0.5028149005429647,1,6.058495821727017,9.019327129563347,감소형,,0.0,,8.9,관찰,8.9
2026-09-28T09:41:58+09:00,DOT,KRW-DOT,DOTUSDT,1704.0,-0.93023256,2036962017.4294581,1790556106276,False,False,,2054063317.6555839,3759517640.3333883,2988179751.944406,2591438912.4337125,4454398719.391595,0.5463635269639093,0.6598243940243151,0.6376486924183757,1,8.998732572877067,5.327617881200242,감소형,12602885.69078,1.698,12395495.1393,17276923.99882,13539404.31128,13005945.5901,16094070.9573,0.717459609137981,0.8485749850084865,0.8491175237174524,1,9.688581314878908,4.019688269072996,감소형,,0.0,,8.7,관찰,8.7
2026-09-28T09:41:58+09:00,ZKC,KRW-ZKC,ZKCUSDT,61.3,-0.8090614899999999,2428856505.7879176,1790556032140,False,False,,2417817042.4090457,3455438784.1736565,1580692279.7088804,4305029227.44298,3322372054.9508696,0.6997134643168768,0.7765042993602103,0.7408752984405621,1,7.853403141361248,7.66550522648084,감소형,780805.60248,2.268,776929.46989,825262.65865,417812.66952,982698.06784,1149829.64203,0.9414329628835194,1.0471813590045838,0.9004978734214484,1,8.571428571428562,6.2937062937062915,중립,,0.0,,8.6,관찰,8.6
2026-09-28T09:41:58+09:00,IO,KRW-IO,IOUSDT,230.0,-0.8620689699999999,222951174.70422295,1790555880004,False,False,,183613644.38910028,294453668.74039084,263662915.3313798,189923379.67554346,519390994.63632125,0.6235739740467822,0.7363790169817364,0.6116542698835737,1,7.906976744186056,7.407407407407418,감소형,1287397.870444,0.777,1308206.766022,2559451.696468,1929557.542863,1494302.5987,2205380.763772,0.511127741862565,0.6559277544453578,0.6764006620116916,1,8.444444444444454,6.285003111387688,감소형,,0.0,,8.6,관찰,8.6
2026-09-28T09:41:58+09:00,AVNT,KRW-AVNT,AVNTUSDT,173.0,-0.57471264,1078007394.6176825,1790555921325,False,False,,1195438873.5401845,5782477902.048407,1752719222.1020172,1150978016.5932298,2381212864.789187,0.20673470677971942,0.41287638834248924,0.434023986101568,1,9.433962264150942,7.407407407407418,감소형,765086.24677,0.157,831675.04443,3607849.00092,2062373.80492,626823.00318,1137267.31249,0.23051825179433041,0.39622153132760796,0.4216923572004967,1,11.398963730569944,7.321131447587348,감소형,,0.0,,8.1,관찰,8.1
2026-09-28T09:41:58+09:00,BABY,KRW-BABY,BABYUSDT,19.1,0.52631579,434661215.8206513,1790556101159,False,False,,442023890.03166485,896033971.0459964,215373224.33652237,356897057.9758629,605455744.7041986,0.4933115309407999,0.9031313960045642,0.7457724646439392,1,7.954545454545436,7.954545454545436,감소형,19775891.52638,1.662,20114796.07821,51266665.08328,62481594.10353,12561297.49116,61748014.22513,0.39235624251225576,0.4777499804585636,0.4533185237288471,1,10.21840873634945,7.452471482889744,감소형,,0.0,,8.0,관찰,8.0
2026-09-28T09:41:58+09:00,BEAM,KRW-BEAM,,2.93,-0.34013605,369055240.42928165,1790556041706,False,False,,359994157.64910626,560232484.8565059,999873776.6124752,5711145321.3826,538087147.03928,0.6425799420419412,0.1485277273989989,0.21874285177531516,1,6.521739130434789,13.513513513513509,감소형,,,,,,,,,,,,,,NO_DATA,,0.0,,7.7,관찰,7.7
2026-09-28T09:41:58+09:00,STEEM,KRW-STEEM,STEEMUSDT,89.7,-2.0742358100000002,2470329073.857881,1790556118767,False,False,,3083767269.9115906,20901412604.131207,10756260792.167986,36332726731.825714,1917377413.5040665,0.14753870125036803,0.13606776533600481,0.2169058042593047,1,7.009345794392519,14.786967418546372,감소형,914780.791409,-1.825,1033858.397974,1538584.647403,1289386.772879,3728518.166524,783302.98282,0.671954188363354,0.47305423929345936,0.6635132178978248,1,7.275615567911031,13.457661290322577,감소형,,0.0,,7.3,관찰,7.3
2026-09-28T09:41:58+09:00,ATH,KRW-ATH,,8.6,-1.4891179799999998,1500297768.1628556,1790556110168,False,False,,1366851252.7325058,1837788426.3344338,1420991113.4247174,2186292856.8161902,12795420198.684797,0.7437478836771014,0.7530760767802731,0.3520145590070864,1,8.04455445544554,13.376623376623375,감소형,,,,,,,,,,,,,,NO_DATA,,0.0,,7.2,관찰,7.2
2026-09-28T09:41:58+09:00,SOMI,KRW-SOMI,SOMIUSDT,294.0,-0.33898305,188888167.35539404,1790556079876,False,False,,206529955.53623167,420368634.5193351,148701151.869303,135297929.99869627,232961572.29158592,0.4913067688134858,0.8796397850068135,0.7882574465355541,1,8.455882352941169,13.899613899613893,감소형,376163.67442,-1.097,376117.86315,684427.35608,357866.81683,394628.36187,806392.75755,0.549536572156004,0.7852570769396114,0.6497542547153154,1,9.406438631790737,12.28704181724316,감소형,,0.0,,7.0,관찰,7.0
2026-09-28T09:41:58+09:00,POL,KRW-POL,POLUSDT,165.0,0.0,2498662642.4871774,1790556097071,False,False,,2439214404.6058927,3602430986.3148084,4454245326.758308,3746017336.532518,6316580413.86697,0.6771023272540592,0.619997725185571,0.5645761050636925,1,10.738255033557053,12.244897959183664,감소형,9531769.637434,2.516,9530285.679891,11368259.391063,13085919.904033,7918305.896612,13201410.952584,0.8383240874485238,0.8831838788514255,0.8881252794616541,1,12.195570260086374,11.366538952745842,중립,,0.0,,6.5,관찰,6.5
2026-09-28T09:41:58+09:00,OP,KRW-OP,OPUSDT,200.0,-0.49751244,597471836.2776536,1790556075200,False,False,,566818697.8174865,816831250.957464,1571187955.011534,1597657854.4682693,1923671876.0399952,0.6939238638985462,0.4266417142350974,0.3907430541414254,1,12.290502793296088,10.439560439560447,감소형,4534466.467706,2.368,4279659.367694,7384000.545402,9247184.815962,8142861.952457,13190211.13256,0.5795854620242321,0.518243060588625,0.43612838741984294,1,13.698630136986312,10.421286031042133,감소형,,0.0,,6.4,관찰,6.4
2026-09-28T09:41:58+09:00,SPK,KRW-SPK,SPKUSDT,32.6,-1.21212121,1461901725.0399916,1790556117317,False,False,,1600890459.0084813,3010280144.735454,6663872183.252292,465752301.2905843,1284345044.045714,0.5318077992867899,0.4736406852543796,0.6523188943731426,1,14.18685121107266,11.486486486486491,감소형,1885908.829904,-3.168,1911992.369416,2890252.318085,5449222.658569,1003479.965383,1352889.902704,0.6615312986524418,0.6139360773795418,0.8020040329476195,1,14.758822695705586,9.487965383575215,감소형,,0.0,,5.5,관찰,5.5
2026-09-28T09:41:58+09:00,OPG,KRW-OPG,OPGUSDT,179.0,0.56179775,693669121.2868693,1790556025567,False,True,거래량급등,801978487.778165,5097549420.003546,184430144.7257397,350458456.370961,1177705088.7889283,0.1573262800809898,0.42715702406690964,0.40725275579861725,1,2.8901734104046284,-3.2608695652173947,감소형,773400.5426,-3.302,784708.41184,2055370.71337,539048.84836,654244.29941,2577499.13906,0.3817843694743449,0.7246441417592233,0.45687520681238375,1,4.189723320158101,-3.372434017595305,감소형,,0.0,,3.5,관찰,3.5
2026-09-28T09:41:58+09:00,ELSA,KRW-ELSA,,82.1,4.71938776,2150962840.305715,1790556122020,False,True,거래량급등,1295423297.4916577,2422830825.4513936,531986137.5683196,643727038.1422617,605405122.6466119,0.5346734422740017,1.0799561965117257,1.316581454403994,1,-0.6337135614702172,0.9009009009009139,감소형,,,,,,,,,,,,,,NO_DATA,,0.0,,3.2,관찰,3.2
2026-09-28T09:41:58+09:00,GAS,KRW-GAS,GASUSDT,2011.0,-1.08214461,1667088044.4349241,1790556117693,False,True,"거래량급등,입금량급등",1752705454.3112159,12145465293.972284,1999638884.7185578,1619003174.0239973,1929827811.180036,0.14430945310766086,0.33354989567665644,0.44608453296654205,1,2.9888551165146993,3.4605597964376678,감소형,406486.6587,-1.133,418141.0687,1684242.4825,353208.402,404369.5972,448391.7133,0.2482665489350047,0.5137245819261326,0.6360810509769816,1,3.7370242214533,2.600958247775509,감소형,,0.0,,3.2,관찰,3.2
2026-09-28T09:41:58+09:00,ONT,KRW-ONT,ONTUSDT,81.2,-0.24570025,563327097.7804809,1790556040088,False,True,입금량급등,552688551.3363923,2928897578.1057897,738193729.7565117,743208674.072926,1153233650.631319,0.18870190458958738,0.3759530328550627,0.44315869919399964,1,3.5623409669211403,5.167958656330751,감소형,483494.01341,1.305,486092.97467,1133616.28373,484443.1094,622708.49006,889295.32869,0.4287985111422196,0.6507942812594968,0.6418336126620554,1,4.3568824856795585,3.9778623313732275,감소형,,0.0,,2.6,관찰,2.6
2026-09-28T09:41:58+09:00,TOKAMAK,KRW-TOKAMAK,,525.0,0.38240917999999996,366143509.81066924,1790556114766,False,True,거래량급등,335766775.29606783,2982323009.404212,194135864.6856406,209145573.5551036,392672787.112917,0.11258565025897212,0.29752451636483607,0.41446684934194183,1,3.155818540433919,6.085192697768771,감소형,,,,,,,,,,,,,,NO_DATA,,0.0,,2.3,관찰,2.3
2026-09-28T09:41:58+09:00,CBK,KRW-CBK,,308.0,3.3557047,2017779735.671684,1790556118391,False,True,거래량급등,1324405180.9486356,11160507175.796453,214565846.56875736,295594897.2345304,339719024.96521544,0.11866890635766482,0.3404445718289423,0.5404448252538417,1,3.114186851211076,4.195804195804187,감소형,,,,,,,,,,,,,,NO_DATA,,0.0,,0.3,관찰,0.3
2026-09-28T09:41:58+09:00,FIL,KRW-FIL,FILUSDT,1534.0,-0.77619664,6172020322.428477,1790556114437,False,True,거래량급등,6401116537.707158,18443857953.829006,3146047633.4990187,3185409877.1442676,5224206228.811191,0.3470595226731436,0.7751001048062941,0.9362244068076048,1,14.518518518518508,10.42857142857143,감소형,13008809.16614,0.0,12959961.239863,32737197.186611,14256010.626851,16441816.358158,26646111.401134,0.395878766468237,0.6129087870196376,0.5472402364941943,1,15.149374243035929,9.281609195402307,감소형,,0.0,,0,관찰,0
2026-09-28T09:41:58+09:00,WAXP,KRW-WAXP,WAXPUSDT,8.55,-1.6110471800000001,2603825037.26086,1790556119093,False,True,거래량급등,3247008281.521007,42462153497.91535,22824305048.547558,181620909.6402677,393643010.4519714,0.07646829032541688,0.14879044758132012,0.24537020667653728,1,13.89252948885975,15.558510638297873,감소형,572219.04728,-1.869,559065.29223,1877779.88597,2151077.76048,138000.26881,176323.56658,0.2977267444427892,0.40250853539971204,0.6199472805571311,1,14.438502673796783,14.03197158081706,감소형,,0.0,,0,관찰,0
2026-09-28T09:41:58+09:00,WLD,KRW-WLD,WLDUSDT,734.0,-0.54200542,105832425130.1126,1790556118012,False,False,,105492502626.24637,77697669029.96974,52565565893.37676,39959977333.64724,42745220250.78275,1.3577305978839023,1.8591912564835082,2.1922307587087633,4,23.0,16.77215189873418,연속 가속형,96707511.17937,3.998,96159565.92176,77863222.94531,54755881.21814,42902740.43698,82422997.68308,1.2349805503080842,1.6435486900333842,1.6256150284789361,4,23.767325607816403,15.549427238014424,연속 가속형,,0.0,,58.1,시동,58.1
2026-09-28T09:41:58+09:00,SUPER,KRW-SUPER,SUPERUSDT,270.0,-0.73529412,1915428716.307085,1790556092431,False,False,,1948985384.0434065,665389665.6627365,255317218.9796544,946627186.7872822,14373498003.060947,2.9290887499765907,3.131178422537783,0.5923645102866529,3,14.28571428571428,25.34562211981566,가속형,4747998.4931,-0.3,4827810.9989,2746411.684,1502376.7698,1732911.2682,11237284.1419,1.7578613676259034,2.421290547807274,1.3224561937966732,3,14.78510028653297,22.883435582822088,가속형,,0.0,,52.5,시동,52.5
2026-09-28T09:41:58+09:00,BIGTIME,KRW-BIGTIME,BIGTIMEUSDT,13.1,-0.75757576,3600391449.5370917,1790556108388,False,False,,3549424260.235683,1147267740.7328522,1669694652.512611,684288594.7464048,1136401114.5560539,3.0938063838249126,3.0412766229062416,3.359523538933952,2,15.78947368421051,14.782608695652177,고수준 유지형,1681787.57937,5.501,1672254.7728,282942.66406,493566.22312,207267.76227,459842.29385,5.910224880208898,5.0994952169323415,4.965537083404592,2,15.814506539833516,13.91812865497075,일회성 폭증형,,0.0,,52.3,시동,52.3
2026-09-28T09:41:58+09:00,PYTH,KRW-PYTH,PYTHUSDT,114.0,0.88495575,3728413831.019088,1790556120914,False,False,,3991614836.613909,3468921211.4411983,3047857447.5176573,2924728495.8141713,3915445426.674636,1.1506790132473352,1.2683191691262983,0.9124555726362977,4,21.244635193133043,25.13842746400887,연속 가속형,9899364.369798,-0.286,10497146.137928,5981839.472423,6176793.668346,5268351.977541,7792857.527181,1.754835813685925,1.8070502843717302,1.5078495215173748,2,22.175058548009364,24.026745913818726,고수준 유지형,,0.0,,45.5,시동,45.5
2026-09-28T09:41:58+09:00,META2,KRW-META2,,8725.0,-3.0555555599999997,28454807142.014347,1790556119096,False,False,,37052125116.073135,23733103758.412453,3502073588.454111,47771446057.41733,1312374597.4304364,1.5612001486716465,1.48195413022513,2.389054272337344,3,8.695652173913038,21.212121212121215,고수준 유지형,,,,,,,,,,,,,,NO_DATA,,0.0,,44.1,시동,44.1
2026-09-28T09:41:58+09:00,SC,KRW-SC,SCUSDT,1.56,-1.26582278,7327043361.126408,1790556119495,False,False,,10782846319.552984,1376351611.1847699,3556456943.0561314,955904669.1379834,4963779603.161496,7.834368944626773,5.49331199050948,4.623248784167203,2,14.492753623188426,21.53846153846155,일회성 폭증형,1306205.432638,-0.174,1694167.148409,614723.260837,3376942.058417,386682.489163,1121330.284613,2.7559834747464116,1.1608263362395113,1.4408856680685527,2,15.346534653465337,20.10309278350515,중립,,0.0,,35.2,시동,35.2
2026-09-28T09:41:58+09:00,RAY,KRW-RAY,RAYUSDT,2943.0,0.033990479999999997,5471184304.231826,1790556082450,False,False,,5359480776.789576,1455817016.1238296,1707500215.5006154,8675593003.523516,10542000417.475857,3.681424737745823,1.3581015491302761,1.126236011563554,2,2.5801952580195353,20.032639738882096,중립,11564358.80016,5.567,11415519.83473,6064212.77023,8179939.04153,17220642.34483,19261376.73571,1.882440519034928,1.0884088207841458,0.9806594632901937,2,3.2232032659261556,19.09195465250013,중립,,0.0,,31.2,시동,31.2
2026-09-28T09:41:58+09:00,IMX,KRW-IMX,IMXUSDT,253.0,-2.31660232,1479313713.946916,1790556070345,False,False,,1151696682.1553848,734383159.4712043,695058425.5296264,1420214291.307391,595886747.0028359,1.5682503980410838,1.2124586955188017,1.412412927694432,3,24.51923076923077,25.120772946859905,중립,2011377.226761,13.747,1686061.242208,922221.479567,1083131.136842,836509.928384,995978.850852,1.828260650575648,1.7798833148675164,1.8684310467076597,2,25.757575757575758,23.559870550161797,고수준 유지형,,0.0,,31.2,시동,31.2
2026-09-28T09:41:58+09:00,JTO,KRW-JTO,JTOUSDT,804.0,-0.37174721,7097883133.573523,1790556117665,False,False,,6966882506.618098,4522920033.734624,8337085133.595275,2877686035.285347,4143641074.957268,1.5403505820697583,1.3280631352317476,1.5678875319888812,2,20.808383233532936,15.121255349500707,중립,5792024.79946,-1.284,5687937.90967,7103124.16441,7928266.00227,2800244.30626,3999833.99673,0.8007656600132728,0.9569405291985327,1.1447864478275198,1,21.71428571428573,14.034416826003838,중립,,0.0,,27.9,시동,27.9
2026-09-28T09:41:58+09:00,NEAR,KRW-NEAR,NEARUSDT,7210.0,-1.09739369,79118604292.24571,1790556120554,False,False,,79909839221.04,31254861439.00797,72064149364.41997,73082410539.58403,90832970870.53133,2.5567171166949296,1.358999920964167,1.2011226026018353,2,16.3607342378292,22.72727272727273,중립,207843867.9908,3.859,209530185.3042,128880615.4841,259628294.889,248904564.2981,544327686.1423,1.6257695892990962,0.9861582487518777,0.7125228552594848,2,17.33827052929644,21.71260732037956,중립,,0.0,,26.2,시동,26.2
2026-09-28T09:41:58+09:00,SUI,KRW-SUI,SUIUSDT,1725.0,0.81823495,76012164819.33301,1790556118411,False,False,,72150280824.74692,37959648415.27883,92344810108.28906,27258664338.04493,37117718593.12104,1.900709933754452,1.3737404955114327,1.4835648082782806,2,23.71655820679681,24.526928675400296,중립,132471574.08172,8.46,125595106.63793,88530369.46325,182822564.77106,74510416.67574,114067847.02944,1.4186669207346527,1.0894051622479712,1.066616844289522,2,24.642540183413875,23.48573661586557,중립,,0.0,,24.4,시동,24.4
2026-09-28T09:41:58+09:00,KITE,KRW-KITE,KITEUSDT,205.0,-1.44230769,3457686718.051686,1790556106642,False,False,,3615246971.318374,4620954677.440816,1959462780.5447605,1645136779.0401716,3999601697.563446,0.7823593226239076,1.3185422649254575,0.8195498698290039,1,16.201117318435763,13.043478260869556,중립,4070626.88041,-0.199,4134543.50921,3781137.72426,2178491.51505,1569254.41002,3170506.19445,1.093465462176246,1.6474727337211281,1.238696962531101,4,16.98400609291697,11.223750905141184,연속 가속형,EARLY,5.0,Binance 연속가속 우위,24.0,시동,24.0
2026-09-28T09:41:58+09:00,MET2,KRW-MET2,,500.0,-3.8461538500000003,888608908.015729,1790556071062,False,False,,849874054.7980781,846374243.0733413,1242903949.3253098,2833595948.7933507,21603751334.595505,1.004135064072872,0.5179133350292967,0.15302047865533505,2,15.812917594654795,17.381489841986465,중립,,,,,,,,,,,,,,NO_DATA,,0.0,,23.6,시동,23.6
2026-09-28T09:41:58+09:00,ONDO,KRW-ONDO,ONDOUSDT,771.0,-3.01886792,81951109691.4952,1790556121285,False,False,,72093255782.74284,51648941979.017944,182249626730.641,212301739136.4852,51633687378.31411,1.3958321897867776,0.48471451844628644,0.6528892065118634,2,11.65730337078652,34.06408094435076,중립,35116900.56124,5.833,31087976.78357,23617885.69497,74727385.76855,119026781.55669,26871723.27862,1.3162895775294117,0.4290520747947247,0.5622745884700093,2,12.586206896551722,33.17471108089733,중립,,0.0,,21.9,시동,21.9
2026-09-28T09:41:58+09:00,DEEP,KRW-DEEP,,32.3,-0.61538462,6289209438.108389,1790556106284,False,False,,6313913085.301114,1404081062.7881067,6620882322.359408,1232392328.725216,830992587.3002938,4.496829458523908,2.046128488669605,2.857091387016645,2,19.485294117647058,22.180451127819545,일회성 폭증형,,,,,,,,,,,,,,NO_DATA,,0.0,,21.0,시동,21.0
2026-09-28T09:41:58+09:00,B3,KRW-B3,,1.18,2.60869565,9844604478.206453,1790556118017,False,False,,14135762584.19652,4878575540.299883,33742862659.562485,4519018857.223932,43335091960.85083,2.8975184390252577,0.9830050640509774,0.7959753862804556,2,18.31275720164609,34.18903150525088,중립,,,,,,,,,,,,,,NO_DATA,,0.0,,17.5,시동,17.5
2026-09-28T09:41:58+09:00,CFG,KRW-CFG,CFGUSDT,223.0,-1.32743363,3283764720.6868844,1790556049638,False,False,,3317633450.915733,4083906565.855541,3885777834.9190354,4720810978.725211,3044107824.47045,0.8123676184596351,0.7842798925584183,0.9561173900734121,1,10.2439024390244,20.85561497326203,중립,3738604.45548,-2.029,3654737.03126,2120588.16306,3471573.13969,3869004.77242,2915913.89841,1.7234544146404314,1.1588646691822282,1.27599832442114,2,10.49136786188578,19.712230215827333,중립,,0.0,,16.8,시동,16.8
2026-09-28T09:41:58+09:00,JUP,KRW-JUP,JUPUSDT,491.0,-2.57936508,3656174556.399304,1790556108369,False,False,,3529787836.045504,3701969898.403964,4706453927.904771,5739589855.251501,3115259946.378277,0.9534890701211014,0.7484699793539302,0.8775006945176675,1,22.330097087378633,24.444444444444446,중립,7266437.70579,6.919,7087091.53458,5451753.66575,8128637.36874,6371430.71717,6483993.13404,1.2999654733308692,1.0656307413116826,1.113151217689012,2,23.38308457711442,23.056566324842876,중립,,0.0,,11.8,시동,11.8
2026-09-28T09:41:58+09:00,ENA,KRW-ENA,ENAUSDT,366.0,-1.0810810800000001,33414745486.727043,1790556121280,False,False,,32886600909.365326,42380982587.99021,58634115789.54371,29841860937.01719,26144984028.471283,0.7759754234363747,0.7539515150351284,0.8850466794753142,1,20.915032679738555,27.586206896551737,중립,57537237.398428,-0.333,55822219.623208,77584468.569489,122704831.401416,48196978.041166,55802386.259145,0.7195025067834355,0.6739473109315468,0.7677014211105363,1,21.32680320569904,25.8660508083141,감소형,,0.0,,11.6,시동,11.6
2026-09-28T09:41:58+09:00,CPOOL,KRW-CPOOL,,50.8,3.2520325199999998,7991550062.931994,1790556121364,False,False,,4225574305.575965,26946587683.036934,3169764996.98009,14137399776.086727,86128004791.0223,0.1568129647909369,0.2864553221628428,0.15677152964984198,1,5.353319057815842,26.478149100257077,감소형,,,,,,,,,,,,,,NO_DATA,,0.0,,2.7,시동,2.7
2026-09-28T09:41:58+09:00,PROM,KRW-PROM,PROMUSDT,8555.0,-0.46538685,3553267238.0032606,1790556086486,False,False,,3859100346.707132,21579936425.72203,3893344132.355357,17867927015.01864,3388322516.7550354,0.17882816105553065,0.26711994631427816,0.3780898742650811,1,13.1665569453588,28.860569715142436,감소형,1613990.09217,0.558,1651019.69972,6768657.92465,4107157.00747,6768551.80743,3688866.66206,0.24392127924020807,0.2807161726046917,0.3017341615938063,1,13.704765317090661,27.577889447236203,감소형,,0.0,,2.0,시동,2.0
2026-09-28T09:41:58+09:00,CC,KRW-CC,,187.0,0.53763441,1878430711.251477,1790556111571,False,False,,1805957812.103909,4761875245.716115,3969138686.9737163,2608936747.0009675,2991076611.0929365,0.3792534913065157,0.47776869488637436,0.5463695918052935,1,19.23076923076923,19.23076923076923,감소형,,,,,,,,,,,,,,NO_DATA,,0.0,,1.6,시동,1.6
2026-09-28T09:41:58+09:00,AERO,KRW-AERO,AEROUSDT,1130.0,-0.96406661,785417367.6829295,1790556116554,False,False,,794691964.5867388,5832876685.539823,9569737373.453264,556927863.2984602,2030215695.5642734,0.1362435736995512,0.14938247634979107,0.2121912267513903,1,20.485744456177414,24.29193899782136,감소형,4805621.79051,-4.146,4818271.80995,13183278.97201,11766517.7364,4299156.80788,6555083.76461,0.3654835659762556,0.49419940517870115,0.6081576911999823,1,21.10791366906475,23.073548764439256,감소형,,0.0,,0.5,시동,0.5
2026-09-28T09:41:58+09:00,2Z,KRW-2Z,2ZUSDT,90.1,-2.06521739,9973468978.075403,1790556118367,False,True,"거래량급등,입금량급등",11479689720.476973,46377199389.2875,1816024776.7233481,4426320467.1560545,1010653498.5870003,0.24752873980416817,0.6544919649442091,1.0546668878423489,1,20.734908136482932,27.071823204419875,감소형,3166126.93893,-4.874,3276419.57963,14791129.08431,2270920.13317,3842032.20728,932822.46393,0.2215124728446546,0.4702076374065239,0.7260186097050552,1,21.54093671791204,26.14100185528756,감소형,,0.0,,0,시동,0
2026-09-28T09:41:58+09:00,W,KRW-W,WUSDT,21.1,-0.47169811,17903457298.436066,1790556114106,False,False,,17624755942.3373,1131367014.048889,836731873.5387086,521776961.02423143,1022270842.024354,15.578283371779207,21.235704525786172,20.88129323191443,4,31.677018633540357,28.48484848484849,연속 가속형,17919746.414232,17.857,17649365.554316,1820695.899841,1336199.940635,705149.893797,1213148.43817,9.693747075421713,13.709857496784684,14.852024536502123,4,33.56047700170357,27.89559543230016,연속 가속형,,0.0,,72.7,이미 발동,72.7
2026-09-28T09:41:58+09:00,SOON,KRW-SOON,,441.0,-0.8988764,127512570440.43939,1790556121652,False,True,거래량급등,111059257121.1353,2942006336.9793057,307195966.51245296,252653347.67808473,677391423.3565129,37.74949622819813,95.14320536087865,119.73595365913032,4,64.81481481481481,64.81481481481481,연속 가속형,,,,,,,,,,,,,,NO_DATA,,0.0,,64.0,이미 발동,64.0
2026-09-28T09:41:58+09:00,PUMP,KRW-PUMP,PUMPUSDT,6.9,-1.28755365,10703602228.563185,1790556119142,False,False,,10436854627.000069,7077553989.372783,4101793198.247136,3212175210.8482614,6006452055.01929,1.4746414711454556,2.1756255533002453,2.106824580109971,4,32.8897338403042,16.306156405990023,연속 가속형,47108370.608179,14.891,44401920.944388,32172533.501279,30642050.637338,23589540.330818,31396090.739447,1.380118881300499,1.541659772043461,1.492258950258386,4,33.79185050609914,14.964317573594998,연속 가속형,,0.0,,60.4,이미 발동,60.4
2026-09-28T09:41:58+09:00,GRT,KRW-GRT,GRTUSDT,47.7,-1.85185185,9923420228.924755,1790556122076,False,False,,9071361149.54614,731855728.3630054,1211123677.7500463,951787328.2330859,2101522100.2157292,12.39501283926097,9.401131747766014,7.493802518901487,2,36.13445378151259,42.10526315789473,일회성 폭증형,9319275.1128,28.922,8625115.02899,1125552.21867,2674194.94095,2025342.67638,3667964.17778,7.66300744285485,4.442050820754072,3.7782064616293733,2,37.02857142857143,41.335952848723004,일회성 폭증형,,0.0,,30.0,이미 발동,30.0
2026-09-28T09:41:58+09:00,SEI,KRW-SEI,SEIUSDT,110.0,2.8037383200000003,12302947419.125254,1790556119487,False,False,,10291383553.012356,9321732754.902367,20394772206.696033,5879647499.848794,6985581769.358609,1.104020445941238,0.8673451630053459,0.8624034343849559,2,25.5868544600939,29.539951573849898,중립,13330499.54895,13.949,10643171.503871,14069172.026541,22171877.136968,7059718.354956,8530981.551834,0.7564888313109704,0.7373891120520463,0.8145628162460232,1,26.448000000000004,28.35796654214715,중립,,0.0,,16.3,이미 발동,16.3
2026-09-28T09:41:58+09:00,IRYS,KRW-IRYS,,26.5,16.740088110000002,9122466416.23546,1790556123498,False,False,,295724527.42604685,392244077.4361227,664229774.6971644,358642660.6908418,563392125.7704713,0.7539298728460874,0.6269261747978759,0.5854173818969541,1,0.4424778761061843,3.65296803652968,중립,,,,,,,,,,,,,,NO_DATA,,0.0,,14.0,이미 발동,14.0
2026-09-28T09:41:58+09:00,ARK,KRW-ARK,ARKUSDT,327.0,-2.3880597,25213101022.72801,1790556120557,False,False,,26498691902.278065,55885811049.05972,52682106069.79903,12628264103.34839,3392887772.0143294,0.4741577764527031,0.6559288824544902,1.044547239274677,1,26.415094339622634,58.01886792452831,감소형,2339000.3871,-8.608,2379822.6635,8592370.0907,13545476.7111,4416067.3941,744307.8361,0.2769692923348139,0.26886687732094705,0.4284980877876002,1,27.357032457496146,56.65399239543727,감소형,,0.0,,0,이미 발동,0
2026-09-28T09:41:58+09:00,EDGE,KRW-EDGE,,164.0,-5.74712644,21270176902.69445,1790556122033,False,True,"거래량급등,입금량급등",22661913821.031116,50292055955.15759,14228712507.995514,993838171.4625647,2265532510.5811124,0.4506062317523345,1.0377188379113615,1.6484472885714079,1,47.457627118644076,56.75675675675676,감소형,,,,,,,,,,,,,,NO_DATA,,0.0,,0,이미 발동,0
2026-09-28T09:41:58+09:00,KMNO,KRW-KMNO,KMNOUSDT,64.5,-1.97568389,3633975195.95263,1790556106233,False,True,거래량급등,3981742006.335139,15492312873.99916,3889318693.153313,1784476065.7613142,2653405455.862969,0.25701404552819995,0.5643562919632097,0.8139893763535184,1,27.27272727272727,43.04347826086956,감소형,2022383.06544,-2.5,2208147.23103,4322522.20685,3491120.48963,2152592.6384,3565962.78858,0.5108469373577071,0.6646884676609698,0.7330516472752016,1,28.326745718050073,42.18978102189781,감소형,,0.0,,0,이미 발동,0
2026-09-28T09:41:58+09:00,SOPH,KRW-SOPH,SOPHUSDT,5.21,-0.76190476,1550563662.0953627,1790556076277,True,False,,1608623818.9112577,1412164280.628409,1791869991.560728,4613225693.404075,3045125179.522937,1.1391194643412343,0.6173354190565878,0.3520113371615662,2,-1.6853932584269593,0.190839694656475,중립,332799.71261,-3.636,331077.18013,607166.49403,566674.12096,957325.82572,1490555.78654,0.5452823622273886,0.4660506666288834,0.22822625233875327,1,-2.088772845953013,-3.598971722365041,감소형,,0.0,,0,유의종목,0
2026-09-28T09:41:58+09:00,MANTRA,KRW-MANTRA,MANTRAUSDT,6.93,-1.42247511,1484530644.5698242,1790556105151,True,False,,1633788795.185256,4180910332.930153,38492457450.42491,2991482478.067636,774887559.6126161,0.3907734596260116,0.10733346014486778,0.17201080431947072,1,-4.092769440654842,7.8220858895705625,감소형,493934.14282,-1.875,509941.64063,835752.80688,2186291.42177,1886172.0057,714683.74528,0.610158454069325,0.31168653719523753,0.40070652608660345,1,0.0,3.04347826086957,감소형,,0.0,,0,유의종목,0
2026-09-28T09:41:58+09:00,SAND,KRW-SAND,SANDUSDT,61.1,-0.9724473299999999,1356824394.095912,1790556103726,True,False,,1340190107.479589,2235041380.468845,5942227861.32193,2029361352.03652,5944895723.500585,0.5996265300459257,0.3939174917205589,0.36732389471254007,1,4.931972789115657,6.563039723661501,감소형,1307640.44369,0.671,1293294.2342,1801513.63781,4095841.40309,1953205.61442,3940830.16572,0.7178931133556036,0.4942172760579544,0.44243725293433417,1,6.554307116104852,5.2728954671600325,감소형,,0.0,,0,유의종목,0
2026-09-28T09:41:58+09:00,EGLD,KRW-EGLD,EGLDUSDT,6615.0,-1.26865672,1216269248.011125,1790556114439,True,False,,1194750422.935048,2725265739.736606,8669285212.33961,92211240860.45322,2595424439.9131804,0.43839776999160435,0.0345950859126747,0.05549796254618957,1,-12.873862158647597,10.652353426919902,감소형,478839.42321,-0.361,471722.15588,489103.46102,739418.72465,990387.58821,3029233.72257,0.9644629275291731,0.6377755798359619,0.34554259018528843,1,8.450379921713091,6.512890094979662,중립,,0.0,,0,유의종목,0
2026-09-28T09:41:58+09:00,RVN,KRW-RVN,RVNUSDT,3.35,0.2994012,847917709.3613229,1790556113428,True,False,,815590032.0764959,729312151.3701749,1294438833.3449526,1992025259.1813576,1917711221.0750299,1.1183003471753883,0.6092894493183715,0.3306251478019889,2,-1.183431952662728,-0.29850746268657025,중립,459450.0986058,-0.041,457867.6334544,441414.0288915,813387.625776,773755.9670804,1231175.8493321,1.0372747658342873,0.677132799008016,0.5209585590827736,2,1.9222732971165835,-0.448979591836729,중립,,0.0,,0,유의종목,0
2026-09-28T09:41:58+09:00,ICX,KRW-ICX,,19.6,-1.01010101,598536917.143609,1790556067476,True,False,,573091450.0530171,490681587.1460156,1806613109.393738,820791151.5531006,1115014111.2166288,1.1679497765268259,0.5513877532302802,0.49402119543167144,2,-0.5025125628140614,0.5076142131979822,중립,,,,,,,,,,,,,,NO_DATA,,0.0,,0,유의종목,0
2026-09-28T09:41:58+09:00,ZIL,KRW-ZIL,ZILUSDT,4.65,0.21551724,489290613.29226637,1790556096377,True,False,,464567523.5296199,753082291.889733,6935308182.743683,2069883485.6802201,1375602171.1410267,0.6168881256839356,0.1428226524749122,0.1765319573265524,1,0.0,0.6507592190889255,감소형,414440.9026312,0.693,410873.6653161,587220.3951316,852608.2694845,409336.4625708,1299022.2905563,0.6996924301718446,0.666582436487683,0.4547163846899552,1,1.1758417958311007,-2.6234567901234573,감소형,,0.0,,0,유의종목,0
