scan_time_kst,coin,upbit_market,binance_symbol,upbit_price,upbit_price_24h_pct,upbit_24h_trade_krw,upbit_timestamp_ms,warning,caution_any,caution_types,upbit_D1_trade_krw,upbit_D2_trade_krw,upbit_D3_trade_krw,upbit_D4_trade_krw,upbit_D5_trade_krw,upbit_d1_vs_prev_x,upbit_d1_vs_3davg_x,upbit_d1_vs_5davg_x,upbit_rise_streak,upbit_price_3d_pct,upbit_price_5d_pct,upbit_supply_pattern,binance_24h_quote_usdt,binance_price_24h_pct,binance_D1_quote_usdt,binance_D2_quote_usdt,binance_D3_quote_usdt,binance_D4_quote_usdt,binance_D5_quote_usdt,binance_d1_vs_prev_x,binance_d1_vs_3davg_x,binance_d1_vs_5davg_x,binance_rise_streak,binance_price_3d_pct,binance_price_5d_pct,binance_supply_pattern,overseas_lead,overseas_lead_score,overseas_lead_reason,raw_signal_score,state,score
2026-10-09T15:40:46+09:00,USD1,KRW-USD1,USD1USDT,1372.0,0.0,290660692.47495407,1791527641156,False,False,,289201103.54974985,125478234.27709049,50643877.67906396,44059142.71401059,42728387.87608658,2.30479098798214,3.940404972026038,5.152332304777441,5,1.4042867701404393,1.0309278350515427,연속 가속형,223136067.00009,0.065,242789551.2887,181778995.95581,95074142.69815,145445402.70314,64756971.54799,1.3356303901454132,1.7247718912914358,2.2109869231006782,3,0.007001120179239706,0.01500360086421626,가속형,,0.0,,87.3,발사 전,87.3
2026-10-09T15:40:46+09:00,DKA,KRW-DKA,,5.37,0.75046904,193019675.85066727,1791527944711,False,False,,819858740.8026581,257429237.06122136,211166028.60337013,93158395.24619354,286914352.74263215,3.184792645008231,4.378389307548441,4.487624292391982,4,-6.161971830985912,-5.996472663139329,연속 가속형,,,,,,,,,,,,,,NO_DATA,,0.0,,86.4,발사 전,86.4
2026-10-09T15:40:46+09:00,USDE,KRW-USDE,USDEUSDT,1371.0,0.0,108346346.32507521,1791526846248,False,False,,107966939.4831237,19975873.73628953,5228815.55545916,2598877.2868235,3543503.65683388,5.404866936407574,11.649613999485837,13.637733558058287,4,1.3303769401330268,1.3303769401330268,연속 가속형,1514449.2511,0.01,808886.0388,1079036.4513,1289422.2385,1076430.2862,859360.0132,0.7496373619496092,0.7044227356254862,0.8908371299195661,1,0.019999999999997797,0.030003000300027338,감소형,,0.0,,86.2,발사 전,86.2
2026-10-09T15:40:46+09:00,GAME2,KRW-GAME2,,1.28,1.5873015899999998,116578760.40485296,1791528022997,False,False,,503146721.61999243,285805363.62716436,131512719.68421786,51809881.37869862,260481607.12253454,1.7604523415325117,3.217544632746752,3.143901998015415,4,-8.029197080291972,-8.029197080291972,연속 가속형,,,,,,,,,,,,,,NO_DATA,,0.0,,84.2,발사 전,84.2
2026-10-09T15:40:46+09:00,TIA,KRW-TIA,TIAUSDT,705.0,2.17391304,3214711682.2079253,1791527994631,False,False,,2638506028.431263,1326637063.9374704,682202314.6762044,629094155.6933221,695284096.916693,1.9888680183562444,3.0006510711321805,3.1364721561958606,4,6.811145510835903,7.309486780715391,연속 가속형,23272327.318783,9.234,22105413.589656,7621931.61886,5605019.6596,4927511.102219,4044206.224218,2.9002377212303396,3.6528892664728794,3.952568296362282,5,4.85254130934949,5.938292476754015,연속 가속형,EARLY,5.0,Binance 연속가속 우위,83.0,발사 전,83.0
2026-10-09T15:40:46+09:00,JUP,KRW-JUP,JUPUSDT,494.0,7.15835141,7352275560.208294,1791528015587,False,False,,10970986913.84225,4546040177.680451,2715531365.3651285,2058850700.8076384,1554050830.039491,2.41330619287224,3.531273571133832,4.362949190995829,5,-2.123142250530785,3.363228699551568,연속 가속형,14465358.26587,-3.659,18097976.28306,9286357.76573,5568524.06084,5186534.86295,2549202.60941,1.9488777774476924,2.709086372999331,3.587311173709169,5,-3.696275071633226,2.189115232593486,연속 가속형,,0.0,,81.5,발사 전,81.5
2026-10-09T15:40:46+09:00,CASHCAT,KRW-CASHCAT,,153.0,-2.5477707,4433249575.566996,1791528048086,False,True,입금량급등,12055070466.050993,4766971368.957096,2888988659.0954967,1802063686.1095088,1840004486.2479036,2.5288741074793504,3.823759856300688,3.6508262510706935,4,-26.635514018691588,-28.31050228310502,연속 가속형,,,,,,,,,,,,,,NO_DATA,,0.0,,79.0,발사 전,79.0
2026-10-09T15:40:46+09:00,CRV,KRW-CRV,CRVUSDT,473.0,2.38095238,1182701293.3087301,1791527942704,False,True,입금량급등,2298383585.087356,702437276.1577263,430670758.0020595,734678962.4045687,433535898.00270635,3.2720125527211823,3.6916151402409105,4.183343800263045,3,-8.514851485148512,-10.81081081081081,가속형,9987681.2978,-10.498,13359296.34947,4894269.37936,3179174.62867,3206360.94292,2191612.22487,2.729579292428921,3.553065786393282,3.9286096434297533,3,-9.997319753417312,-11.817226890756316,가속형,YES,10.4,Binance D2 선행→Upbit D1 확산,76.5,발사 전,76.5
2026-10-09T15:40:46+09:00,PYTH,KRW-PYTH,PYTHUSDT,117.0,5.40540541,5918920345.869767,1791528047431,False,True,거래량급등,5683081927.275953,1576648453.1343997,1306917308.384099,1145357932.5253918,549838218.0447361,3.6045333479241393,4.231712257800365,5.018819004968323,5,3.738317757009346,4.716981132075482,연속 가속형,15951820.143061,15.696,14401938.724104,4000728.24722,4239044.480864,2878236.529793,1391927.444255,3.5998292896078423,3.886110828851946,5.049446690428917,2,2.4836106908724176,4.137842685114013,고수준 유지형,,0.0,,73.3,발사 전,73.3
2026-10-09T15:40:46+09:00,PYUSD,KRW-PYUSD,,1377.0,0.14545455,161793612.29599196,1791527402027,False,False,,172680885.83192247,76191789.57266961,40710432.07698798,56421510.13277761,9284740.64265906,2.2663975580626605,2.988873203734391,3.917376392522752,3,1.6260162601626105,1.4760147601476037,가속형,,,,,,,,,,,,,,NO_DATA,,0.0,,72.9,발사 전,72.9
2026-10-09T15:40:46+09:00,DOS,KRW-DOS,,319.0,5.62913907,9913398354.497969,1791528042930,False,True,거래량급등,9096888037.87415,3943323444.7362475,647458009.3614076,397609146.85606664,439343949.19352615,2.306908922223245,5.47083544508419,7.764315061106834,4,4.498269896193774,4.137931034482767,연속 가속형,,,,,,,,,,,,,,NO_DATA,,0.0,,72.0,발사 전,72.0
2026-10-09T15:40:46+09:00,MINA,KRW-MINA,MINAUSDT,109.0,1.8691588799999999,14316923622.451134,1791528048426,False,False,,17495454255.408142,14466987178.036215,8474394052.801973,6115613012.173465,1066143826.3222744,1.2093364043323234,1.8063245746365404,2.7454818848183904,5,-47.02970297029702,-51.58371040723981,연속 가속형,11844245.515,-10.056,12469290.9998,14319147.89594,12123599.97486,2664049.45456,1179313.16838,0.8708123619098521,1.2851937154489852,1.9402840076548968,1,-48.39142091152815,-52.8186274509804,중립,,0.0,,71.7,발사 전,71.7
2026-10-09T15:40:46+09:00,USDT,KRW-USDT,,1367.0,-0.58181818,126279502514.70872,1791528046468,False,False,,132729666074.5928,107137240698.59589,58080427362.25045,54774518938.8202,37055247273.333,1.2388751587134381,1.8100142721176822,2.205249952551619,5,1.77646188008882,1.1773362766740236,연속 가속형,,,,,,,,,,,,,,NO_DATA,,0.0,,69.6,발사 전,69.6
2026-10-09T15:40:46+09:00,UNI,KRW-UNI,UNIUSDT,10130.0,3.4729315599999997,12223953964.684677,1791528029097,False,False,,11845358186.558344,9061233598.873013,4840678885.124172,4445360046.261664,2433921206.509129,1.307256683905777,1.9368587075309376,2.0987554885584876,5,-20.276872964169378,-20.34174125305126,연속 가속형,87274072.37217,-4.211,90568636.38355,82771095.84665,55614341.67978,48243371.53267,17963681.97351,1.094206080723475,1.4558626319295032,1.7670577388491198,5,-21.611802267973136,-21.343349536014134,연속 가속형,,0.0,,68.2,발사 전,68.2
2026-10-09T15:40:46+09:00,KAT,KRW-KAT,KATUSDT,6.19,1.14379085,401852520.714236,1791528013344,False,False,,477221412.0289623,342834355.84168637,313823038.0185973,285579607.254911,345969269.5939652,1.3919882995895927,1.5194311350460927,1.5856899908972408,4,-6.564885496183203,-5.990783410138246,연속 가속형,682645.6907,-0.659,733398.53741,502059.73671,464165.22644,393359.21628,251048.76847,1.4607794327742039,1.618285682871378,2.0192418542874795,5,-8.264462809917339,-7.306889352818368,연속 가속형,EARLY,5.0,Binance 연속가속 우위,68.2,발사 전,68.2
2026-10-09T15:40:46+09:00,ERA,KRW-ERA,ERAUSDT,87.0,-0.6849315100000001,32505001840.563713,1791528049063,False,True,"거래량급등,입금량급등",31281947390.126698,643753647.2881728,403569867.39658487,671220130.987125,252577693.37566414,48.59304102105305,54.60777351027944,70.75504971839167,3,-0.7927519818799578,-1.3513513513513598,가속형,10640362.36055,-5.926,10637064.17152,581627.84104,280384.05098,675990.53632,208989.89488,18.288437074298276,20.74846692472551,27.6090510690944,3,-3.2012195121951303,-2.607361963190169,가속형,,0.0,,68.0,발사 전,68.0
2026-10-09T15:40:46+09:00,BLEND,KRW-BLEND,,90.5,-0.22050717,3606533913.0080066,1791527673560,False,True,거래량급등,3820115823.894762,382883654.49195075,129425124.53829858,239617959.166723,280241436.2697295,9.977223574518174,15.241308613608803,14.306802944611244,3,-1.7334777898158071,-3.0982905982905873,가속형,,,,,,,,,,,,,,NO_DATA,,0.0,,68.0,발사 전,68.0
2026-10-09T15:40:46+09:00,HYPER,KRW-HYPER,HYPERUSDT,96.0,-0.9287925699999999,1168126732.5853539,1791527987525,False,True,거래량급등,2114256239.2486703,548356671.4018991,253158392.2274443,395790077.5480641,186550910.95606884,3.855622352224651,5.297537360867465,6.877374140113669,3,-1.0214504596527063,-0.2059732234809375,가속형,2006753.69459,1.301,2354909.7258,408486.7372,255405.44554,358528.5648,222706.71189,5.7649600619640395,6.90980615798156,8.156261065772911,3,-3.0303030303030165,-1.400560224089642,가속형,,0.0,,68.0,발사 전,68.0
2026-10-09T15:40:46+09:00,JTO,KRW-JTO,JTOUSDT,727.0,4.90620491,8445076095.944952,1791528033271,False,False,,9604926451.121202,6531901632.828878,5154055613.588483,3214033552.110702,2806784917.2868385,1.4704640380448348,1.9338790032145627,2.278340902553408,5,-12.055837563451776,-9.999999999999998,연속 가속형,5496324.64926,-4.706,7641216.27666,6295638.53565,4087463.38405,2928654.92399,3033368.59139,1.2137317340235567,1.72206036356848,1.950145847998814,4,-13.567753001715255,-11.050308914386587,연속 가속형,,0.0,,67.9,발사 전,67.9
2026-10-09T15:40:46+09:00,CBK,KRW-CBK,,278.0,0.72463768,972490128.3103569,1791528029423,False,True,거래량급등,4807439083.975553,356028203.2213994,122250339.81619354,169131688.93947423,286335253.5495114,13.502972631036204,22.27693746495735,20.14669762256025,3,-5.47945205479452,-6.440677966101694,가속형,,,,,,,,,,,,,,NO_DATA,,0.0,,67.4,발사 전,67.4
2026-10-09T15:40:46+09:00,ALGO,KRW-ALGO,ALGOUSDT,165.0,1.85185185,21112990027.80996,1791528006552,False,True,"거래량급등,입금량급등",19836746152.153103,2563448887.816032,1283311568.4779327,1994444028.8969197,2466330653.874582,7.738303754147918,10.188008073905767,9.27157814933953,3,-6.358381502890175,-9.49720670391061,가속형,22378972.2551,2.12,21335597.6853,3497439.8067,3515228.8199,3879786.6424,4155448.4322,6.10034735820976,5.876250255354618,5.676040779662118,2,-7.993730407523502,-10.586443259710588,일회성 폭증형,,0.0,,66.5,발사 전,66.5
2026-10-09T15:40:46+09:00,ZBT,KRW-ZBT,ZBTUSDT,111.0,0.9090909100000001,1524169049.149343,1791527857732,False,False,,1678726026.8052711,1677480049.1580229,912972996.6891007,514464073.767092,593329842.6128178,1.00074276749096,1.6220008091686375,1.9720658803283002,4,-7.563025210084029,-5.982905982905984,연속 가속형,870076.68265,-0.617,946009.95255,644210.22267,406933.3638,415205.74607,254418.628,1.4684801936690135,1.9354391171808867,2.372123805072412,3,-9.442548350398184,-8.083140877598138,가속형,,0.0,,66.1,발사 전,66.1
2026-10-09T15:40:46+09:00,CP,KRW-CP,,14.4,0.0,1814128031.6132581,1791528027153,False,False,,2079197286.3685083,1692574710.2813601,1253673793.106924,1057301066.5681438,785119017.7392651,1.2284227536537393,1.5580153936181715,1.69910426047796,5,-15.789473684210531,-15.294117647058824,연속 가속형,,,,,,,,,,,,,,NO_DATA,,0.0,,66.0,발사 전,66.0
2026-10-09T15:40:46+09:00,W,KRW-W,WUSDT,23.4,11.42857143,10289254521.007294,1791528047109,False,True,"거래량급등,입금량급등",18302882082.39898,2293952285.702273,1274579312.2463772,1226404529.323825,5862107655.315313,7.978754482591915,11.451382206092257,7.9535787093985375,4,7.14285714285714,12.299465240641716,연속 가속형,10951848.839268,-1.434,17727200.997719,2764975.677236,1286041.709564,1250118.208218,3412193.270868,6.411340665188037,10.032115202474166,9.131793346672668,4,5.328719723183384,10.28985507246376,연속 가속형,,0.0,,64.7,발사 전,64.7
2026-10-09T15:40:46+09:00,ONT,KRW-ONT,ONTUSDT,84.3,4.59057072,3772435967.8704395,1791528051327,False,True,"거래량급등,입금량급등",3100221401.6782355,505431332.2981089,221928265.9860753,484865436.21660346,484607020.4092527,6.13381324735462,7.672390802310776,5.793150856700241,3,-2.421307506053272,-2.657004830917875,가속형,3871086.35866,6.745,3409005.08069,571544.65615,387355.16211,646954.77499,359522.28894,5.964547203806447,6.368581118774965,5.892957881915073,3,-4.149648750204216,-3.7881272548376477,가속형,,0.0,,64.3,발사 전,64.3
2026-10-09T15:40:46+09:00,LAYER,KRW-LAYER,LAYERUSDT,99.2,1.01832994,668563335.1452193,1791527823896,False,False,,827223025.089354,742853140.0311446,537338992.6627241,450127902.3611871,296480525.6022977,1.113575457262888,1.4342254756294837,1.7331478810845533,5,-7.358490566037734,-8.22429906542056,연속 가속형,337549.97619,-2.291,532703.520447,399953.700836,245846.737181,333739.109916,202898.272511,1.3319129672597625,1.631491617376035,1.8638912540275194,3,-8.92857142857142,-8.812260536398453,가속형,,0.0,,64.3,발사 전,64.3
2026-10-09T15:40:46+09:00,MED,KRW-MED,,2.24,1.35746606,186711414.08741066,1791527543701,False,False,,243557761.17444053,226953474.0841302,150066135.60335013,140615713.5507437,85958329.64655621,1.0731616343716124,1.4115599355785349,1.7710413260864406,5,-7.916666666666661,-7.531380753138084,연속 가속형,,,,,,,,,,,,,,NO_DATA,,0.0,,64.1,발사 전,64.1
2026-10-09T15:40:46+09:00,VET,KRW-VET,VETUSDT,10.7,2.88461538,1477830229.7460542,1791528027161,False,False,,1590730759.3824098,865462556.0626662,441912761.55464137,686762554.1335176,566447351.7058812,1.8380122262241796,2.393110499404593,2.6752424910515926,3,-11.864406779661019,-11.864406779661019,가속형,3102026.6188481,-1.551,3044654.1181121,1343443.3086422,977662.9211117,1426474.6066332,1352930.4963185,2.2663063625582316,2.4372956189897708,2.519304234980175,3,-13.824569408007303,-13.568241619951959,가속형,,0.0,,63.2,발사 전,63.2
2026-10-09T15:40:46+09:00,ONG,KRW-ONG,ONGUSDT,121.0,2.54237288,1209099331.1404557,1791527995923,False,False,,1120897662.4964066,933542793.2814658,784926315.3949425,691372173.0597999,515211711.52310616,1.2006923202270952,1.395400192109961,1.5987178262827715,5,-3.2786885245901676,-4.8387096774193505,연속 가속형,774504.03693,3.491,728200.92014,639046.88336,492317.67751,494883.54732,227209.67731,1.1395109484162464,1.3433391555802907,1.6972011947718317,3,-5.4923195933252345,-5.659128516271372,중립,,0.0,,62.1,발사 전,62.1
2026-10-09T15:40:46+09:00,HBAR,KRW-HBAR,HBARUSDT,127.0,1.6,11742032254.918756,1791527960871,False,False,,11845657757.50943,7476439911.057745,3732172928.112674,4791211507.244737,4372496980.393501,1.5843981759272296,2.221085213381767,2.363245858075172,3,-9.420289855072461,-9.420289855072461,가속형,24046751.89365,-0.108,24315455.52226,17002542.11691,12531982.38865,14749127.29143,8247355.51962,1.4301070601717192,1.6472527356413327,2.0018041978748653,3,-11.170108161258597,-11.405315288810435,가속형,,0.0,,61.3,발사 전,61.3
2026-10-09T15:40:46+09:00,DRV,KRW-DRV,,618.0,2.65780731,34734539694.730095,1791528043910,False,True,거래량급등,20796035628.037563,2640547508.7312374,2249293945.113977,3302037940.7962365,16084033966.887653,7.875652893679575,7.615847826680967,3.858911618076051,3,8.664259927797824,14.666666666666671,가속형,,,,,,,,,,,,,,NO_DATA,,0.0,,59.6,발사 전,59.6
2026-10-09T15:40:46+09:00,ONDO,KRW-ONDO,ONDOUSDT,657.0,1.54559505,80611930495.26704,1791528044870,False,False,,76616154132.66281,41014768671.71415,35045162840.84614,37997592249.62797,22027325070.80855,1.8680138060976355,2.0151977249411983,2.286637278822862,3,-4.148148148148145,-5.13196480938416,가속형,51018672.51716,3.468,50085258.45086,23546957.46101,19364368.24401,26833027.63938,12753030.55886,2.127037369213971,2.1543790736808734,2.5424636209746585,3,-5.768075305427612,-6.200159489633183,가속형,,0.0,,59.3,발사 전,59.3
2026-10-09T15:40:46+09:00,AERO,KRW-AERO,AEROUSDT,1132.0,-1.13537118,1427270282.8054469,1791528005898,False,False,,1276354411.7347405,952196970.994686,385886663.00329965,583644267.251472,637003405.0396292,1.3404310774076844,1.992510611265343,2.0500600496429975,3,0.08741258741258306,-0.607638888888884,가속형,11160738.36285,6.667,10463276.25606,4123680.43754,5945803.20541,5620529.06165,6653853.79821,2.53736350683418,2.0006248152353074,1.8515197230913876,2,-1.7379995270749626,-1.9813657270904672,고수준 유지형,,0.0,,59.2,발사 전,59.2
2026-10-09T15:40:46+09:00,ENS,KRW-ENS,ENSUSDT,8600.0,1.53482881,3415558754.0623217,1791528048745,False,False,,3983651562.141757,2734132764.089469,1490950475.1843243,1970928751.5811164,1302952400.6823697,1.457007360602113,1.928814002307363,2.2691541967846827,3,-8.531317494600433,-8.973670069854922,가속형,1952481.3847,-4.407,2795394.4724,1594136.2741,890341.4477,1116012.99,616716.3157,1.7535479982589275,2.3291779061436544,2.988260061462232,3,-10.349854227405242,-10.349854227405242,가속형,,0.0,,58.5,발사 전,58.5
2026-10-09T15:40:46+09:00,TOKAMAK,KRW-TOKAMAK,,480.0,1.9108280299999998,927252209.832328,1791528012357,False,False,,795910497.9110276,338832542.3270325,203768843.4448941,409384955.0526688,2068849170.057277,2.348978915793853,2.5081573036697855,1.148714934892403,3,-8.0078125,-5.040322580645162,가속형,,,,,,,,,,,,,,NO_DATA,,0.0,,57.3,발사 전,57.3
2026-10-09T15:40:46+09:00,ATOM,KRW-ATOM,ATOMUSDT,2576.0,6.31448617,4889501913.26789,1791527966649,False,False,,3310257146.7996306,1669441427.0661657,837890636.2402885,1943257282.0683393,1521947080.1418889,1.982853122686067,2.2313385194073887,2.3905497367694934,3,-1.0616578195181692,3.724315068493156,가속형,9907214.94844,8.29,7336533.30115,2956772.81873,2478974.37297,4540174.0464,3234011.26635,2.4812637801172714,2.2062724211766045,2.403119609946063,3,-2.759381898454749,2.4418604651162745,가속형,,0.0,,56.9,발사 전,56.9
2026-10-09T15:40:46+09:00,COMP,KRW-COMP,COMPUSDT,32220.0,1.0031348,220538992.3037279,1791527934500,False,False,,240703537.1592149,170214540.706736,49839225.6868628,111221751.9924874,100913314.3859428,1.4141185362884183,2.179788639364707,1.4384063950314012,3,-5.621301775147924,-7.0241911979014855,가속형,1378842.55066,0.127,1581482.70217,1857790.8995,753657.64337,720896.88067,445619.46575,0.8512705615016389,1.4237563948187288,1.628719111969573,1,-7.265469061876251,-8.507286333202046,중립,,0.0,,56.8,발사 전,56.8
2026-10-09T15:40:46+09:00,SOL,KRW-SOL,SOLUSDT,151500.0,0.59760956,55026627759.969,1791528051326,False,True,입금량급등,55054394987.52799,33434819834.30134,19839066990.41259,21566254206.477856,17631041486.353455,1.6466185629344046,2.206879659589998,2.6552680867701337,3,-7.777097366809549,-7.437000614628153,가속형,393212789.75938,-3.577,389779430.22715,234192954.05018,175936491.98135,193703786.97465,150940704.45927,1.6643516531399696,1.9365252304181846,2.2661998756129327,3,-9.239940387481372,-8.359806052499586,가속형,,0.0,,55.5,발사 전,55.5
2026-10-09T15:40:46+09:00,POKT,KRW-POKT,,11.1,0.9090909100000001,362755944.6261663,1791527288015,False,False,,387517430.87872756,238984828.50737122,199796462.28692713,249250092.4322645,229509598.56954828,1.6215147768962874,1.689679164319986,1.9273252752205785,3,-9.090909090909083,-9.836065573770492,가속형,,,,,,,,,,,,,,NO_DATA,,0.0,,55.4,발사 전,55.4
2026-10-09T15:40:46+09:00,TRUST,KRW-TRUST,,75.1,-0.13297872000000002,672698524.2078027,1791527876186,False,False,,718357273.9254576,571053775.2919148,289645611.31936264,482499527.6535446,187184913.8839556,1.2579503104733758,1.6044323732616448,1.8372347658586876,3,-6.351183063511822,-9.940119760479039,가속형,,,,,,,,,,,,,,NO_DATA,,0.0,,55.0,발사 전,55.0
2026-10-09T15:40:46+09:00,BSB,KRW-BSB,,134.0,-1.47058824,458085852.5147812,1791527511542,False,False,,528958044.4857361,496004875.074802,184179418.9326748,211395736.66282874,850705225.5955215,1.066437188557803,1.7798448584185635,1.1776637379424888,3,-2.857142857142858,0.0,가속형,,,,,,,,,,,,,,NO_DATA,,0.0,,53.1,관찰,53.1
2026-10-09T15:40:46+09:00,BCH,KRW-BCH,BCHUSDT,384600.0,3.1375703900000005,5289411805.844971,1791528017857,False,False,,4796605114.455576,4394843202.709848,2075214533.854299,2396828440.195377,2102441546.505242,1.0914166656726234,1.6228713278267888,1.8260607580533146,3,-12.99580027998134,-14.078341013824879,가속형,24619255.1479,-4.547,20525009.4201,13846786.5245,9915013.2342,9870239.004,7757139.24,1.4822940603427226,1.8308443533488816,2.0690361602206324,5,-14.42550505050505,-15.201751642164519,연속 가속형,,0.0,,52.6,관찰,52.6
2026-10-09T15:40:46+09:00,NEAR,KRW-NEAR,NEARUSDT,6645.0,8.2247557,87584344071.52528,1791528049386,False,True,입금량급등,87826100541.73456,49590930223.92741,23981144733.17408,37210684141.99549,19351726394.627514,1.7710113552046025,2.378333088721125,3.0159565468687295,3,-14.125874125874127,-6.544901065449016,가속형,300223382.3954,-10.895,303837593.5293,185341276.426,101753041.8881,148850669.8928,82000722.216,1.6393412163135244,2.090889459096832,2.574115750114849,3,-15.678126180581774,-7.635009310986963,가속형,,0.0,,52.5,관찰,52.5
2026-10-09T15:40:46+09:00,LINK,KRW-LINK,LINKUSDT,17640.0,1.03092784,8921285897.482662,1791528033925,False,False,,10055099983.556263,9000713949.70979,4943754112.396701,5994024628.44764,3890665840.033407,1.1171447109348998,1.5129177726137548,1.6479542836786771,3,-6.830309498399146,-9.015112037519547,가속형,36092800.16299,-1.519,38964952.19612,24870303.2344,16193431.26943,23232611.27447,13716812.86517,1.5667260599470547,1.8180637666629569,1.9700397379554153,3,-8.279197343727429,-9.98158118447151,가속형,,0.0,,52.5,관찰,52.5
2026-10-09T15:40:46+09:00,ELF,KRW-ELF,,96.1,-0.20768432,333370041.2642677,1791527746134,False,True,글로벌가격차이,420044387.25891125,304665368.82917464,134279697.11682704,216628160.20962334,111310743.48910443,1.3787073630099043,1.9221852136432334,2.0704573482701165,3,-6.504854368932045,-7.40384615384616,가속형,,,,,,,,,,,,,,NO_DATA,,0.0,,50.7,관찰,50.7
2026-10-09T15:40:46+09:00,G,KRW-G,GUSDT,5.84,2.9982363299999997,2269089808.491454,1791528038071,False,False,,2337669044.8797956,2248588569.5945864,2147580869.32981,1416122068.452043,1420758260.9338999,1.0396161736698992,1.2065821416112914,1.4075394924417028,4,-11.406250000000007,-11.819595645412129,중립,714551.25401,-1.843,810632.05526,997579.06523,669877.98106,385290.31735,387919.44417,0.8125993051719688,1.1847031002722521,1.472034515755622,1,-12.684989429175475,-12.684989429175475,중립,,0.0,,50.3,관찰,50.3
2026-10-09T15:40:46+09:00,KMNO,KRW-KMNO,KMNOUSDT,49.5,-1.0,364841297.4398671,1791528047748,False,False,,471385591.5670175,411762198.35557455,251463631.06740558,380385312.8572815,261180255.5770573,1.144800551020848,1.3550610159366054,1.7115745178389492,3,-9.747292418772558,-9.090909090909093,중립,643092.39037,-3.031,769702.32313,710837.45415,518827.95991,926426.47098,308649.22881,1.0828105900108893,1.0709687214221677,1.4218656015065547,3,-11.439024390243901,-10.588524993843873,중립,,0.0,,47.4,관찰,47.4
2026-10-09T15:40:46+09:00,ID,KRW-ID,IDUSDT,50.4,-1.36986301,1859399466.6169944,1791527600104,False,False,,1907316714.0138094,1205083664.8700166,1222291125.9496126,535680144.92989624,473317481.0254116,1.5827255564198006,1.9310982300751778,2.4057839087225226,2,-1.1605415860735047,1.7928286852589626,고수준 유지형,1013707.5364,1.093,948674.1338,518906.3147,594882.8048,529437.0457,301900.6405,1.8282185183051116,1.7319724221002806,2.167537599640366,2,-2.617801047120416,1.086956521739113,고수준 유지형,,0.0,,47.1,관찰,47.1
2026-10-09T15:40:46+09:00,AZTEC,KRW-AZTEC,,20.3,1.5,445068800.15018034,1791527007105,False,False,,612152304.7869427,504706041.3827877,350474372.5043437,370186787.53708345,539473851.8479086,1.2128887998046842,1.4986992570279003,1.516139900333587,3,-14.893617021276595,-13.043478260869568,고수준 유지형,,,,,,,,,,,,,,NO_DATA,,0.0,,46.4,관찰,46.4
2026-10-09T15:40:46+09:00,GRT,KRW-GRT,GRTUSDT,36.9,3.0726257,1007526506.8391623,1791527993325,False,False,,1015258270.3757193,865201318.3417417,318818317.25726175,993765510.1999106,343379465.07768404,1.1734358800118094,1.3985653346027505,1.7241719864427265,3,-10.500000000000009,-7.012987012987015,중립,1692045.38766,-1.28,1696399.88537,1437305.12582,1073429.56715,2666339.32484,986223.5433,1.1802642701925823,0.9830262496928385,1.2349314842347436,3,-12.106865065945216,-8.162544169611309,중립,,0.0,,45.4,관찰,45.4
2026-10-09T15:40:46+09:00,GRVT,KRW-GRVT,,311.0,-0.63897764,991273931.6493788,1791527898134,False,False,,1176048627.4144661,941731440.3666922,671993745.797889,871413566.1732167,634397236.3310195,1.2488152959579808,1.4196977448138184,1.6605743460631646,3,3.6423841059602724,6.4625850340136015,고수준 유지형,,,,,,,,,,,,,,NO_DATA,,0.0,,45.0,관찰,45.0
2026-10-09T15:40:46+09:00,VVV,KRW-VVV,,31480.0,0.44671347,3424066899.648352,1791528038721,False,False,,3250339249.475979,729094869.1728216,1097073661.397349,1035697372.2479391,1005448709.178948,4.4580470757716055,3.407223846101945,3.5406613048588493,2,-19.22680412371134,-18.043933054393303,일회성 폭증형,,,,,,,,,,,,,,NO_DATA,,0.0,,44.6,관찰,44.6
2026-10-09T15:40:46+09:00,AGLD,KRW-AGLD,AGLDUSDT,264.0,0.76335878,464241615.9147101,1791525847825,False,False,,489812370.6628421,475702126.7815502,289815528.16449994,364302714.1428033,297429418.95265245,1.0296619314627775,1.300593574156888,1.3348763495717513,3,-9.342560553633216,-10.273972602739722,중립,255912.78482,-1.928,260972.76871,265185.96154,220812.16787,117846.67138,177624.40835,0.9841123081873078,1.2965555141084617,1.2253076606835176,1,-10.928705440900554,-11.385907606159584,중립,,0.0,,44.5,관찰,44.5
2026-10-09T15:40:46+09:00,PROM,KRW-PROM,PROMUSDT,7285.0,2.03081232,21926576260.39601,1791528048074,False,False,,25228598206.574333,25352109934.565525,9977567548.719543,577090614.4841491,591756973.7949591,0.9951281479801887,2.1078420205806583,3.364544309137141,1,-14.182692307692314,-16.14797416324134,중립,11690603.51649,-8.526,12336965.94292,9043958.63508,11707541.46487,750287.73147,524358.0167,1.3641112747980708,1.7212939742004587,2.7159361604499206,2,-15.774967574578469,-17.171556122448983,고수준 유지형,,0.0,,44.1,관찰,44.1
2026-10-09T15:40:46+09:00,ETHFI,KRW-ETHFI,ETHFIUSDT,972.0,4.18006431,2302721152.204007,1791528041939,False,False,,2449319032.287346,1502981150.0102217,2501520852.6045766,684175578.4474899,954708948.1590344,1.629640552890958,1.5671704803377098,1.9397888689311307,2,-6.886227544910184,-5.086469989827059,고수준 유지형,13869346.48128,-0.588,13816468.59517,8328572.77198,7822569.04126,4467545.24119,3564432.16855,1.6589239205128938,2.010283471303981,2.5142577669707404,5,-8.272604588394062,-6.1706239646604155,연속 가속형,EARLY,5.0,Binance 연속가속 우위,43.9,관찰,43.9
2026-10-09T15:40:46+09:00,ORDER,KRW-ORDER,,49.8,1.8404908000000002,188695465.75402892,1791527932772,False,False,,273536896.3952568,204117303.08569235,161257543.33716,289140897.93450344,182618669.92485848,1.3400965633982573,1.2537676843686882,1.4672492606203187,3,-8.082706766917303,-8.598130841121499,중립,,,,,,,,,,,,,,NO_DATA,,0.0,,43.9,관찰,43.9
2026-10-09T15:40:46+09:00,LPT,KRW-LPT,LPTUSDT,2402.0,-1.51701517,6431964319.999087,1791528039674,False,False,,6563626698.603452,4783202389.958473,5905880526.264743,1988902598.2912946,265830705.6295757,1.3722243307919981,1.5531552763857528,2.2726937271920273,2,1.6673614005835669,0.7851239669421473,고수준 유지형,4231004.23146,0.572,4101605.92239,2682459.70141,4424508.19614,1820993.94049,624151.38051,1.5290466135368386,1.3782336876421213,1.7745354069749724,2,-0.11273957158962622,-0.2813731007315634,중립,,0.0,,43.0,관찰,43.0
2026-10-09T15:40:46+09:00,XEC,KRW-XEC,XECUSDT,0.00984,0.20366599,941152414.8498275,1791528050030,False,False,,1060345749.3635048,645504673.4765732,690703584.6826924,537724020.4410108,291713761.54229665,1.6426616149077147,1.697519854061414,1.906032700423535,2,-10.72727272727272,-10.72727272727272,고수준 유지형,365955.09022453,-2.033,461951.53794367,339961.34811663,268647.20195018,273068.79091905,207223.46300429,1.3588354690992372,1.5718387548458452,1.809791697776422,3,-12.024539877300612,-11.481481481481481,가속형,,0.0,,42.9,관찰,42.9
2026-10-09T15:40:46+09:00,JPYC,KRW-JPYC,,8.61,0.0,1583913858.1208441,1791528018828,False,False,,1715474751.2389517,895396005.2803743,1596154004.4048905,610218024.3982232,641664357.7939078,1.9158838559948534,1.6591905639512219,2.0323236461456258,2,1.5330188679245182,0.9378663540445586,고수준 유지형,,,,,,,,,,,,,,NO_DATA,,0.0,,42.7,관찰,42.7
2026-10-09T15:40:46+09:00,MOODENG,KRW-MOODENG,,56.7,1.43112701,804097838.8296177,1791528047435,False,False,,605344953.5351714,478919730.428063,425897612.0260003,748064391.2524743,216705098.72454405,1.263979984692024,1.0987082884224937,1.3941159349319674,3,-10.987261146496818,-11.269841269841274,중립,,,,,,,,,,,,,,NO_DATA,,0.0,,42.6,관찰,42.6
2026-10-09T15:40:46+09:00,2Z,KRW-2Z,2ZUSDT,49.6,0.6085192700000001,4702856685.2665205,1791528037747,False,False,,4818761999.560666,4125694427.1899996,3962888917.1224546,4112510087.7652497,3901947184.702299,1.1679881010583504,1.184835283752127,1.06820258014868,3,-16.29881154499151,-20.355411954765756,중립,2708289.55581,-6.112,2920716.89943,3092482.39461,2569907.29574,3846077.5854,1980420.43268,0.9444570822846474,0.9215103175079148,0.8103278623996157,1,-17.590250632329287,-21.0746531600969,중립,,0.0,,42.3,관찰,42.3
2026-10-09T15:40:46+09:00,MASK,KRW-MASK,MASKUSDT,620.0,0.9771987,360739155.44202846,1791527869981,False,False,,413147905.29738015,390342129.54245675,267611680.62028864,335672456.83305824,623567135.4294308,1.0584250943695352,1.2473942739452306,0.9010724835151108,3,-7.110438729198187,-7.250755287009058,중립,459548.4622,-1.515,496581.6214,412714.4335,466378.5397,380667.0469,326320.7029,1.2032087591140668,1.1825624249305384,1.2346960154838613,2,-8.979591836734691,-8.606557377049173,중립,,0.0,,42.2,관찰,42.2
2026-10-09T15:40:46+09:00,ENA,KRW-ENA,ENAUSDT,295.0,3.50877193,24063184278.85319,1791528036164,False,False,,24588973167.008278,22147220245.770554,14022733540.380547,27460952627.0528,7419341326.511031,1.1102509883471279,1.1592938661285144,1.5088580269269785,3,-15.680473372781067,-12.307692307692308,중립,64984137.794365,-1.639,65842199.954079,42316701.113198,34088020.159612,62929656.12413,25918252.218208,1.5559388662634603,1.4176444001290311,1.759366930972193,3,-17.161186848436248,-13.628762541806017,고수준 유지형,,0.0,,42.0,관찰,42.0
2026-10-09T15:40:46+09:00,SUI,KRW-SUI,SUIUSDT,1463.0,2.30769231,31543483011.172054,1791528047768,False,False,,33936425314.579884,24906110671.671844,17943229969.110435,41411566391.55418,29865930333.027576,1.3625742598654353,1.2082622835364059,1.1962001334908106,3,-12.964090079123558,-11.124922311995022,중립,110462437.90144,-4.895,115153800.51069,81566223.75173,62894006.50512,107933633.18854,79347458.72761,1.4117829073611812,1.3687393061631108,1.4418219300265622,3,-14.252759927500414,-12.094594594594598,중립,,0.0,,41.8,관찰,41.8
2026-10-09T15:40:46+09:00,AWE,KRW-AWE,AWEUSDT,84.9,-0.58548009,468338618.37162805,1791528042272,False,False,,467511895.3453063,452597201.23516923,426993378.4401718,547969093.785225,356080859.32238257,1.0329535712316245,0.9824707941181988,1.1326766329502131,3,-6.564551422319475,-8.56531049250535,중립,399067.45049,-2.099,669078.23518,195453.96135,188309.02277,364791.22937,137318.44272,3.4232012007261368,2.6814820748675334,2.7590283014442454,3,-8.365356192728346,-9.818181818181825,가속형,,0.0,,41.7,관찰,41.7
2026-10-09T15:40:46+09:00,PLUME,KRW-PLUME,PLUMEUSDT,24.9,0.8097165999999999,2636322960.372595,1791527960235,False,False,,2531558561.139993,2495403456.1327753,1404443290.3864222,3859407509.7282667,1110614119.3291106,1.0144886811462739,0.9787893826658699,1.2542503902112736,3,-7.142857142857151,1.2295081967213184,중립,5901139.14176,2.186,6188073.19696,3164330.22786,2400767.36873,4540212.76145,2029146.63867,1.9555712430004257,1.8370756496469118,2.3214651971218374,3,-8.883248730964455,-0.055679287305121505,가속형,,0.0,,41.4,관찰,41.4
2026-10-09T15:40:46+09:00,POL,KRW-POL,POLUSDT,138.0,2.22222222,2666133474.2343655,1791528034564,False,False,,3256415668.366304,3091611829.8205814,2881999201.9834595,3514971992.4725127,1247692016.670652,1.0533067692897549,1.029579124733828,1.3764182677267072,3,-8.783783783783782,-9.999999999999998,중립,10221721.230424,-0.415,10471226.701703,8451850.803441,5261504.44666,8091017.204621,2726567.634552,1.238927064050853,1.4407055360268344,1.8994692958921815,3,-9.934928054257174,-10.825771324863897,고수준 유지형,,0.0,,41.3,관찰,41.3
2026-10-09T15:40:46+09:00,CKB,KRW-CKB,CKBUSDT,1.79,4.67836257,716196123.2165959,1791528047432,False,False,,734385073.9473189,160557439.68431994,197017842.2058682,202404691.84089413,169795296.77033475,4.573971006209556,3.934346450217829,3.6018391009595017,2,-7.0652173913043566,-3.93258426966292,일회성 폭증형,1147041.747829,4.375,1272708.895924,326181.177661,259107.457629,232301.841666,269134.864757,3.901846529129667,4.669974510940248,4.687665630113664,4,-8.621960206337508,-5.4157131960335665,연속 가속형,,0.0,,41.3,관찰,41.3
2026-10-09T15:40:46+09:00,PENGU,KRW-PENGU,PENGUUSDT,11.2,2.75229358,5090650780.948427,1791528029734,False,False,,5515401433.385027,4890159206.023069,4863757312.327433,4930195694.830554,2918949294.5231686,1.1278572334806327,1.1268099875525694,1.2677132535398439,3,-16.793893129770986,-13.492063492063489,중립,13923119.137671,-4.839,14701807.704751,19560929.845722,15183351.80169,21219232.490166,7180425.182528,0.7515904315748212,0.7881103214109527,1.0269100868349557,1,-17.89778605421063,-14.251755807671518,중립,,0.0,,41.2,관찰,41.2
2026-10-09T15:40:46+09:00,WLD,KRW-WLD,WLDUSDT,679.0,2.87878788,29679375518.456146,1791528047426,False,False,,31419515596.031487,25410032188.84534,19913489705.704582,27074495489.910954,25069245616.062458,1.2365004248134808,1.3019492824996284,0.9676156390073607,3,-15.275994865211807,-18.618988902589393,중립,44322100.46316,-5.241,47649912.91567,41423606.03701,23788639.23626,39765795.4915,32339559.28793,1.1503081811153064,1.361710865487814,1.0899274508695005,3,-16.60292072322671,-19.782608695652172,중립,,0.0,,41.1,관찰,41.1
2026-10-09T15:40:46+09:00,SYRUP,KRW-SYRUP,SYRUPUSDT,321.0,0.94339623,974366662.3626364,1791527993979,False,False,,883602561.1046782,880882337.2204186,634940481.7730268,914048451.686204,902913355.4980508,1.003088067235907,1.0909251511799587,0.994313066979182,3,-5.917159763313606,-9.142857142857142,중립,2727048.70784,0.644,2590030.58634,1889997.35478,1013856.13131,1345495.81983,1684593.3802,1.3703884715973507,1.8285368416748091,1.637536851827699,3,-7.357057177129144,-10.436799381522999,가속형,,0.0,,41.0,관찰,41.0
2026-10-09T15:40:46+09:00,MORPHO,KRW-MORPHO,MORPHOUSDT,3273.0,1.1746522400000001,1664415246.479986,1791527898458,False,False,,1653379584.0546412,1250575883.2391798,1696702696.2041683,845314763.2687933,1240482048.1522958,1.3220945695611361,1.3078488263697823,1.2542497674881972,2,-11.563696008747948,-13.618157543391185,중립,5423859.3947,-5.075,5651923.1813,3528738.62631,3475177.77245,2421249.88916,3034009.92204,1.6016837118962854,1.7989889011965536,1.7582429152032135,4,-13.04026597709641,-14.400000000000002,연속 가속형,EARLY,5.0,Binance 연속가속 우위,40.8,관찰,40.8
2026-10-09T15:40:46+09:00,KAITO,KRW-KAITO,KAITOUSDT,431.0,2.37529691,1165566430.2346673,1791528018827,False,False,,1209512538.8854842,1172292186.1978178,956310846.4943767,969938106.0829109,1010203582.4556446,1.0317500646390776,1.1710471006013048,1.0565394424237784,3,-10.04273504273504,-10.805084745762716,중립,1686363.06887,-0.38,1921676.48504,1743134.51003,734870.75475,1106858.15422,1103907.42479,1.102425816242332,1.6081587445047372,1.2586012295636666,3,-11.608431995379732,-12.040229885057474,가속형,,0.0,,40.8,관찰,40.8
2026-10-09T15:40:46+09:00,KAVA,KRW-KAVA,KAVAUSDT,93.8,-0.95036959,306387628.18034977,1791528038078,False,False,,304993569.97590435,300713811.52520883,411267982.58314294,138320397.5772932,88589770.29842503,1.0142319982876369,1.076065331683844,1.3299172486660764,2,2.157497303128375,1.5005359056806,중립,952258.87218,1.784,838555.962178,573713.393132,269122.327084,326995.631368,254285.453938,1.461628702094924,2.1504534676111065,2.5360355631209237,3,0.05817335660267542,0.2623141941125118,가속형,EARLY,5.0,Binance 연속가속 우위,39.2,관찰,39.2
2026-10-09T15:40:46+09:00,AVNT,KRW-AVNT,AVNTUSDT,181.0,-1.09289617,3377688523.2427936,1791527944045,False,False,,4152371449.7216682,1954169673.8523674,2761991036.4904604,4269738516.086061,950649460.1493598,2.1248776425518154,1.3862957991479303,1.910451458728499,2,1.104972375690605,5.1724137931034475,중립,2723262.22242,4.239,3115800.2691,1031260.76109,1436512.40259,2336733.34962,307749.34404,3.021350551345256,1.945548576409295,2.859262364595783,2,-0.6716417910447858,3.74123148869836,고수준 유지형,,0.0,,39.1,관찰,39.1
2026-10-09T15:40:46+09:00,CHIP,KRW-CHIP,CHIPUSDT,68.3,3.01659125,3021287421.25833,1791528039366,False,False,,6503896146.841255,2901473721.4146156,6002320039.676744,2929529595.6014876,2967260573.5881934,2.241583681712711,1.6488764696426628,2.0941070247608495,2,-6.355932203389836,10.499999999999998,고수준 유지형,3586567.3931,-4.014,6228195.15788,3552732.34717,7022260.26062,3559302.63111,3467006.91632,1.7530718751839534,1.3219325872164338,1.695677215828406,2,-7.668828691339192,9.725685785536143,중립,,0.0,,38.9,관찰,38.9
2026-10-09T15:40:46+09:00,0G,KRW-0G,0GUSDT,395.0,0.76530612,3219573287.8798285,1791528034880,False,False,,3715409047.006823,3115201888.56943,3317046655.2124157,1997400851.144756,1034919312.5555382,1.1926703885997647,1.322264618470235,1.7000080906229067,2,-5.5421686746988,-3.6855036855036882,중립,2420986.176302,-5.639,2627962.389643,2111408.723402,2188781.146222,1780025.028509,739898.4977,1.244648826404726,1.2966461385024135,1.7005022746004497,2,-7.28692257644763,-5.000000000000004,중립,,0.0,,38.5,관찰,38.5
2026-10-09T15:40:46+09:00,DEEP,KRW-DEEP,,28.5,3.26086957,666341454.6716201,1791528051327,False,False,,605961282.2606614,575631249.0110427,560387364.7250628,805785837.822624,877784318.1611962,1.052690039503114,0.936182757909906,0.7505141179537819,3,-14.55108359133126,-14.814814814814802,중립,,,,,,,,,,,,,,NO_DATA,,0.0,,38.4,관찰,38.4
2026-10-09T15:40:46+09:00,APT,KRW-APT,APTUSDT,1121.0,10.77075099,9158302068.244036,1791528048416,False,False,,8409635644.186888,7588158617.1172495,5133792197.374657,6797270502.45591,3343561940.5330114,1.108257756396468,1.2925160549645154,1.5694552642344677,3,-11.538461538461542,-7.241063244729606,중립,17762019.026997,7.653,15649754.804947,12318023.257803,12018372.907434,12375664.787072,5037273.002895,1.2704761533092148,1.2788512330002584,1.6295535107405235,3,-12.82688439237959,-8.32503733200597,중립,,0.0,,37.6,관찰,37.6
2026-10-09T15:40:46+09:00,SUPER,KRW-SUPER,SUPERUSDT,321.0,4.90196078,910416628.5171238,1791527956506,False,False,,939252564.2409561,284226830.1911563,749293329.0346053,371737102.10398257,1552780143.695631,3.304587971548158,2.0051543374033347,0.5486553716582038,2,-4.075235109717868,-13.802816901408455,고수준 유지형,3660748.9303,4.302,3418100.4434,1549628.1693,1685174.654,1756084.6024,1979370.5081,2.2057552328466183,2.0546048138446595,0.9034723640790304,2,-6.205149852258329,-14.83326945189728,고수준 유지형,,0.0,,37.1,관찰,37.1
2026-10-09T15:40:46+09:00,MON,KRW-MON,,33.5,1.51515152,3088783379.98012,1791528002978,False,False,,3482050626.1291595,2862552445.362984,3694555038.021446,1953070781.9567327,1812554601.71979,1.216414613388025,1.2274891961935541,1.4939340797103358,2,-22.352941176470587,-28.104575163398692,중립,,,,,,,,,,,,,,NO_DATA,,0.0,,36.1,관찰,36.1
2026-10-09T15:40:46+09:00,ETH,KRW-ETH,ETHUSDT,3421000.0,0.52894505,117607458748.83081,1791528048740,False,False,,119471663316.22687,130889514495.43661,42774825175.8157,49982685382.4237,29032389094.45153,0.9127672585292703,1.6025922538547508,2.153457017337892,1,-7.148703956343794,-6.792659545330048,중립,980271458.501967,-2.347,1053681549.306711,1133065272.211513,626253789.874759,733041779.987097,265059874.296777,0.9299389674613704,1.2682933364056919,1.7740665785380094,1,-8.678292828729361,-7.905166286473431,중립,,0.0,,35.2,관찰,35.2
2026-10-09T15:40:46+09:00,PRL,KRW-PRL,,154.0,-0.64516129,882334175.7359564,1791528048421,False,False,,1011658977.861188,1018424169.1551036,315449309.582448,468851380.7272711,493520482.74092966,0.9933571968352558,1.6835497206626207,1.9167544920103134,1,-0.6410256410256387,-2.515723270440251,중립,,,,,,,,,,,,,,NO_DATA,,0.0,,35.1,관찰,35.1
2026-10-09T15:40:46+09:00,XPL,KRW-XPL,XPLUSDT,117.0,1.7391304300000001,5437427698.294997,1791527985922,False,False,,6636357583.580143,5914447384.774763,6436321459.615956,5059803708.565746,2436294108.451076,1.1220587743605182,1.1435047693109723,1.3922228593438364,2,-10.852713178294572,-11.538461538461542,중립,11171553.231036,-1.353,12134928.217698,10050064.527806,8165131.310212,8153434.516505,4563683.976695,1.2074477914170307,1.3806096169439268,1.5531054378986802,5,-11.632566968993885,-12.417685794920041,연속 가속형,,0.0,,34.7,관찰,34.7
2026-10-09T15:40:46+09:00,CYBER,KRW-CYBER,CYBERUSDT,446.0,3.0023094699999997,1696383573.1123207,1791528041939,False,False,,1600267271.0364707,753979065.5674555,2887631641.717753,690450613.610679,249554203.51298526,2.1224293141774253,1.108202644766946,1.656836815016161,2,-2.696629213483148,0.932400932400923,중립,2862769.91455,3.81,2750867.47213,1074252.1466,2600023.42988,1431867.01116,356554.23861,2.5607279267129925,1.6162107255614766,2.3492950810100406,2,-4.255319148936176,0.0,고수준 유지형,,0.0,,34.5,관찰,34.5
2026-10-09T15:40:46+09:00,VIRTUAL,KRW-VIRTUAL,VIRTUALUSDT,990.0,1.85185185,8807927179.773983,1791528017542,False,True,입금량급등,8243793315.7478,6340266639.743583,5149127905.643521,9298253504.28612,7523471257.762381,1.3002281740127575,1.189715156238282,1.2744575661368758,3,-16.206896551724135,-10.332103321033214,중립,9193489.25614,-4.986,8908888.46441,9601667.5506,6252655.78778,12209416.21662,9919208.76998,0.927848044879797,0.9523558092053424,1.042960093180583,1,-17.57024600676228,-11.359077231695093,중립,,0.0,,34.4,관찰,34.4
2026-10-09T15:40:46+09:00,ZORA,KRW-ZORA,,9.7,0.93652445,584582735.811344,1791527974679,False,False,,684561860.728523,610971645.383033,711019836.3127749,564948343.3896139,421199603.08900577,1.120447840585719,1.088368349050346,1.2953189156664375,2,-8.476190476190482,-8.476190476190482,중립,,,,,,,,,,,,,,NO_DATA,,0.0,,34.4,관찰,34.4
2026-10-09T15:40:46+09:00,SC,KRW-SC,SCUSDT,1.3,-2.2556391,910736660.0195248,1791527973707,False,False,,2145324574.1474853,2016896909.2442126,5387216915.948266,403011933.97701955,290193711.58740175,1.063675869755484,0.824371724111576,1.2584276517426125,2,-3.6231884057970842,-4.999999999999993,중립,483460.537213,-1.451,677876.734687,593422.792399,680851.304686,413658.797357,305398.624557,1.1423166473714002,1.2048051262922284,1.430459706246356,2,-5.355404089581295,-5.631067961165059,중립,,0.0,,34.3,관찰,34.3
2026-10-09T15:40:46+09:00,XRP,KRW-XRP,XRPUSDT,1919.0,1.1597258799999999,191021503756.0665,1791528050344,False,False,,225115062016.20624,235086800024.86563,85767885870.36824,111816609989.57098,62788972100.2783,0.957582739619559,1.5608735603029782,2.065673938353218,1,-7.009803921568625,-6.0891089108910945,중립,229437805.48406,0.128,252445071.75706,238718904.80596,117180420.72288,149790145.02408,87591204.07582,1.0574992875501719,1.4976289983714925,1.9030616616692886,3,-8.436691649532403,-7.12459634015069,고수준 유지형,,0.0,,33.9,관찰,33.9
2026-10-09T15:40:46+09:00,TAO,KRW-TAO,TAOUSDT,378200.0,2.29916148,3434491461.384065,1791528013984,False,False,,3780094494.877503,3886537471.578123,1896158423.300406,2342450171.553623,2090062924.256172,0.9726123889248393,1.3957021070037405,1.494474874153868,1,-10.549237841761428,-11.470306513409966,중립,53896109.50694,-2.331,56010817.26088,43444840.52554,22380237.36631,37129496.18829,18281909.97441,1.2892397942617102,1.6321028306313357,1.9009235283786508,3,-12.193527296502115,-12.536633018560728,가속형,EARLY,5.0,Binance 연속가속 우위,33.8,관찰,33.8
2026-10-09T15:40:46+09:00,PIEVERSE,KRW-PIEVERSE,,1793.0,-1.15766262,1058511832.8776169,1791527984316,False,False,,471049487.6447806,399220512.2668004,664830415.4526248,490734147.59571004,348409348.02121097,1.179923057986501,0.9089027707883769,1.1126894647723573,2,0.8898776418242438,-1.359434475258292,중립,,,,,,,,,,,,,,NO_DATA,,0.0,,33.3,관찰,33.3
2026-10-09T15:40:46+09:00,ADA,KRW-ADA,ADAUSDT,328.0,2.5,29544920945.604862,1791528047433,False,False,,30063205662.49071,25323734778.160454,25760618559.084038,35381792481.9244,15442820750.08312,1.1871552883430783,1.043062763270267,1.36458766316067,2,-12.568306010928964,-3.6144578313253017,중립,66964801.36675,-4.605,69437697.81392,56967221.27278,59664672.74881,87700036.28922,52225328.09752,1.2189061755606225,1.0194838032650808,1.267443301130648,2,-14.127218934911234,-4.7579983593109105,중립,,0.0,,33.2,관찰,33.2
2026-10-09T15:40:46+09:00,SAHARA,KRW-SAHARA,SAHARAUSDT,11.9,0.84745763,2387280829.995799,1791528023319,False,False,,2860897829.718734,3705616742.548507,1692193425.7941213,1800526553.1199396,1001692818.4109429,0.772043637667498,1.1923162004308625,1.468785298462525,1,-6.349206349206337,-6.349206349206337,중립,1394295.94297,1.049,1490940.17947,1272223.75619,686421.99748,589300.07515,234159.72054,1.171916631972824,1.7554613947508626,2.3647196588968606,5,-8.34224598930482,-7.351351351351354,연속 가속형,EARLY,5.0,Binance 연속가속 우위,33.2,관찰,33.2
2026-10-09T15:40:46+09:00,DOOD,KRW-DOOD,,2.16,0.9345794399999999,618784881.00286,1791528047744,False,False,,737383455.0090756,596388708.7170901,1269843646.6200511,607527202.2138863,303243249.6398356,1.2364141779197724,0.8942463135815882,1.1771893652047072,2,-8.547008547008538,-9.32203389830507,중립,,,,,,,,,,,,,,NO_DATA,,0.0,,33.1,관찰,33.1
2026-10-09T15:40:46+09:00,ALT,KRW-ALT,ALTUSDT,10.1,1.1011011,352168613.71430635,1791527956504,False,False,,507807101.11488813,524834522.9648417,232461906.20442328,210932261.35146916,240853925.02156833,0.9675565895441405,1.5734106190608086,1.849705206262121,1,-8.348623853211013,-9.18181818181818,중립,557727.83758,1.362,639491.84353,835904.38148,369075.27671,366689.41022,267579.43501,0.7650298977949556,1.2206612506097425,1.4967359592243545,1,-9.238451935081137,-9.351620947630913,중립,,0.0,,33.0,관찰,33.0
2026-10-09T15:40:46+09:00,IOTA,KRW-IOTA,IOTAUSDT,69.6,1.45772595,2189893611.1512756,1791528047427,False,False,,2417052983.818796,1626341896.9644322,1798392008.524948,3134825485.9328523,16201168500.466282,1.4861899507909293,1.1054338437637354,0.512460824241779,2,-12.833545108005096,-7.1718538565629375,중립,1640118.8666,-2.863,1756270.0286,1506701.4113,925993.7675,1670609.1387,6576502.3709,1.1656390678526471,1.2840407822859463,0.7827864737196015,3,-14.7766323024055,-8.823529411764708,중립,,0.0,,32.7,관찰,32.7
2026-10-09T15:40:46+09:00,CPOOL,KRW-CPOOL,,40.0,1.26582278,2127322964.4270117,1791528034890,False,False,,2025360933.5215755,1935595181.609272,2148552532.08313,1635682434.4463763,2703873543.0437984,1.0463763046969725,1.0622837817206638,1.0370915222571133,2,-20.2020202020202,-21.157684630738526,중립,,,,,,,,,,,,,,NO_DATA,,0.0,,32.7,관찰,32.7
2026-10-09T15:40:46+09:00,EUL,KRW-EUL,EULUSDT,1898.0,6.86936937,5744009177.54381,1791528045186,False,False,,1915127862.0592527,1386116452.397815,1992939339.8451202,6505684835.942459,828905584.5389547,1.3816500473292208,0.5812376674604234,0.8603461197563537,2,-9.248850281042408,-8.82956878850103,중립,2240394.07214,-2.595,1496763.31888,997820.11203,779120.09646,1385546.36146,775315.75426,1.5000332232579803,1.4198605614034254,1.7320658562522535,3,-11.118784530386739,-10.125698324022348,고수준 유지형,EARLY,5.0,Binance 연속가속 우위,32.5,관찰,32.5
2026-10-09T15:40:46+09:00,FIL,KRW-FIL,FILUSDT,1490.0,1.29163834,4780137525.092433,1791528031021,False,False,,5186574590.195422,4546647201.9199295,6171936742.425137,7752174429.219243,1542510384.5349863,1.1407470955752337,0.842397667485902,1.1765855816381685,2,-8.234560199625706,1.5883977900552404,중립,20378736.614458,2.957,20320653.783911,16970815.680756,16056821.143757,21611153.513178,4125022.164054,1.19738816130998,1.1157267753360225,1.519473169955397,3,-9.750126625021116,0.21559805024371492,중립,,0.0,,32.5,관찰,32.5
2026-10-09T15:40:46+09:00,MOVE,KRW-MOVE,MOVEUSDT,12.3,0.8196721299999999,1327021391.1267703,1791527938637,False,False,,1536638003.8347447,1478803789.747527,1532139847.1946652,1876798476.421831,2260715803.3211474,1.0391087813597581,0.9431581913660801,0.6466024800656073,2,-10.294117647058831,-11.594202898550732,중립,310372.4636378,-3.286,302086.5323876,464529.6359139,271949.555529,425017.4162746,461671.7810592,0.6503062647300966,0.7802516091232709,0.5394088944358096,1,-11.972951471758153,-12.59873617693522,감소형,,0.0,,32.3,관찰,32.3
2026-10-09T15:40:46+09:00,QUID,KRW-QUID,,93.9,3.75690608,33160586135.328827,1791528045505,False,True,거래량급등,42186769163.71085,824641975.8887994,974649772.9009237,1489365024.321297,1003384362.1651896,51.15767860136144,38.48389060418987,38.868039417745415,2,4.142692750287691,1.5712682379349197,일회성 폭증형,,,,,,,,,,,,,,NO_DATA,,0.0,,32.2,관찰,32.2
2026-10-09T15:40:46+09:00,HOLO,KRW-HOLO,HOLOUSDT,82.4,0.98039216,507462187.9320524,1791528027494,False,False,,525031177.2856908,683968535.6409742,270007514.4790868,394625762.8896851,336095040.5998998,0.7676247516176503,1.1679455838353447,1.3198580839532892,1,-9.131403118040094,-9.131403118040094,중립,479830.45809,-0.822,531328.20806,418236.22489,191176.41668,284939.26779,162493.51448,1.2704021709256395,1.7822789972245472,2.144983199488646,3,-10.993975903614462,-10.45454545454546,가속형,EARLY,5.0,Binance 연속가속 우위,32.2,관찰,32.2
2026-10-09T15:40:46+09:00,XLM,KRW-XLM,XLMUSDT,268.0,1.13207547,23168076665.98896,1791528028137,False,False,,26487066779.545277,26804440342.896217,16382954177.810324,28193994027.92959,11460810959.543312,0.9881596646193341,1.113192135293004,1.4178374934799556,1,-8.93470790378007,-9.55631399317406,중립,19929884.8676,-1.362,23225551.0658,18561710.1769,9937871.4858,23118495.3577,8162203.3302,1.2512613786365514,1.3498498436867972,1.713329604792684,3,-10.858468677494205,-11.105969458583987,중립,EARLY,5.0,Binance 연속가속 우위,32.1,관찰,32.1
2026-10-09T15:40:46+09:00,SPX,KRW-SPX,,512.0,1.38613861,389230810.3134029,1791528042279,False,False,,408324030.15234864,267950066.45700574,445627594.4104854,857434705.3645791,197835208.49781525,1.5238810557185167,0.7797342126561548,1.0270512333137711,2,-17.48366013071896,-16.528925619834713,중립,,,,,,,,,,,,,,NO_DATA,,0.0,,32.0,관찰,32.0
2026-10-09T15:40:46+09:00,DOGE,KRW-DOGE,DOGEUSDT,117.0,0.8620689699999999,34120348177.924232,1791528047746,False,False,,38402615177.504585,39997316169.59772,20581201953.602676,18898472017.390926,20265390641.826797,0.9601298000763042,1.4495748433441693,1.787038688581041,1,-10.769230769230765,-8.661417322834641,중립,99415082.16861,-2.072,118721196.60002,114362666.49249,71214512.34507,53876318.57131,56229379.40938,1.0381114767712787,1.4874019116618122,1.8344115973795738,4,-11.926220918046537,-9.459168282697695,연속 가속형,,0.0,,31.8,관찰,31.8
2026-10-09T15:40:46+09:00,OPG,KRW-OPG,OPGUSDT,190.0,1.06382979,596744201.8396077,1791528037439,False,False,,650625018.4779232,774873870.0959446,273075275.0874458,367169226.70787,715873533.1614984,0.8396528049105114,1.379301614765379,1.334878242992465,1,2.732240437158473,5.617977528089879,중립,1504732.59375,2.273,1489580.05756,1025463.24488,342615.24322,700107.43537,588940.80174,1.452592343018897,2.1607052450982516,1.9748972508062983,3,1.2592592592592489,4.670750382848388,가속형,EARLY,5.0,Binance 연속가속 우위,31.7,관찰,31.7
2026-10-09T15:40:46+09:00,NEWT,KRW-NEWT,NEWTUSDT,62.6,0.96774194,273802398.0584606,1791527223020,False,False,,290308925.0046328,350817710.6207252,240092864.02333635,191043198.81663635,195851305.48198268,0.8275207214908558,1.1137829428962687,1.2318046643594918,1,-9.752547307132463,-10.533910533910529,중립,440147.631913,-1.205,433707.272333,354070.160756,280196.980707,300837.528127,206811.144927,1.2249190143754594,1.391418371987685,1.617670555086894,3,-11.414538310412581,-11.622892983143874,중립,EARLY,5.0,Binance 연속가속 우위,31.3,관찰,31.3
2026-10-09T15:40:46+09:00,AKT,KRW-AKT,,998.0,-0.10010010000000001,4567912090.619275,1791528002323,False,False,,4633194294.09814,4256199922.670696,4833032102.592449,13446954933.579714,17176634377.980618,1.0885753437989083,0.616767286661173,0.5699052995714433,2,-3.6644165863066513,8.942202835332601,중립,,,,,,,,,,,,,,NO_DATA,,0.0,,31.0,관찰,31.0
2026-10-09T15:40:46+09:00,WCT,KRW-WCT,WCTUSDT,55.5,2.77777778,514755572.59998935,1791527899779,False,False,,517129376.3165313,504459222.84918857,715427041.6047099,1341340896.9627316,231029021.43534464,1.025116308501174,0.6057206296732821,0.8143304875439547,2,-7.692307692307687,-8.47457627118644,중립,536437.382938,0.921,496020.426491,371750.663071,534023.873225,519909.355915,207380.859416,1.3342825602338357,1.043752607154215,1.305456670590652,2,-9.248554913294793,-9.83229956351941,중립,,0.0,,30.8,관찰,30.8
2026-10-09T15:40:46+09:00,PUMP,KRW-PUMP,PUMPUSDT,7.76,1.83727034,5981678459.848174,1791528050481,False,False,,7117134334.742392,8147923596.636858,2139696991.6225896,6480707199.913941,10704000442.160408,0.8734905587087322,1.2733173679540188,0.9090510720109065,1,-12.714776632302405,-10.458284371327842,중립,59539305.573165,-4.858,69995887.024095,56016581.737091,21861928.246379,30308201.10609,42312961.433968,1.2495565572461145,1.9409746257879241,1.8590254760687333,3,-14.351995051036193,-11.67464114832536,가속형,EARLY,5.0,Binance 연속가속 우위,30.7,관찰,30.7
2026-10-09T15:40:46+09:00,LIT,KRW-LIT,,5080.0,2.44000807,3080937460.972977,1791528047109,False,False,,3133043322.5207963,2250513760.582086,2918103430.1173406,8929323488.028978,3485638072.879171,1.392145819055311,0.6667023348838609,0.7488472702890401,2,-8.841911764705879,2.39520958083832,중립,,,,,,,,,,,,,,NO_DATA,,0.0,,30.5,관찰,30.5
2026-10-09T15:40:46+09:00,ATH,KRW-ATH,,9.05,3.9035591299999997,1597164827.0389602,1791528038402,False,False,,1506428222.7536283,1459989180.564986,1546644310.421526,1327119688.1647084,9106214000.776157,1.031807798856887,1.0428108111929904,0.24146292612227876,2,-14.607843137254884,-12.197580645161278,중립,,,,,,,,,,,,,,NO_DATA,,0.0,,30.2,관찰,30.2
2026-10-09T15:40:46+09:00,SENT,KRW-SENT,SENTUSDT,33.8,-0.29498525,573369213.1781862,1791527788927,False,False,,669260690.2015527,517143928.2075914,1874747609.5468647,422815601.1469798,1574548402.2677085,1.2941478255796108,0.7133182855351282,0.7207476539726557,2,0.5934718100890191,12.25165562913908,중립,3106032.71109,-2.883,3142001.97428,2150907.41809,3479825.48036,1344323.17983,3527577.28671,1.460779737823439,1.3513878335963698,1.3910829165948115,2,-1.556886227544907,10.434393193013891,중립,,0.0,,30.1,관찰,30.1
2026-10-09T15:40:46+09:00,GLM,KRW-GLM,GLMUSDT,178.0,-1.11111111,382865733.7443112,1791527963769,False,False,,363265412.3523056,366394095.6350728,248558596.73600098,238463663.05070415,130346445.48176046,0.9914608796374181,1.2769807259181416,1.5649175667616575,1,0.0,1.6949152542372836,중립,466286.03872,3.249,459709.85629,285418.77495,334747.67548,147455.95754,55219.2938,1.6106503728443673,1.7966249480876266,2.575195306461879,2,-1.4296463506395685,0.8468052347960109,고수준 유지형,,0.0,,29.7,관찰,29.7
2026-10-09T15:40:46+09:00,TRX,KRW-TRX,TRXUSDT,455.0,-0.6550218299999999,3070725012.1388917,1791528046145,False,False,,3182225570.853539,3729244795.2844405,2149679652.5722265,1588717032.014298,1619388548.1418867,0.8533163537232533,1.278405871290647,1.4483371984141094,1,0.8810572687224738,0.43859649122806044,중립,30060646.44718,-0.776,31998217.93806,34837464.11703,21825981.18062,23153628.51717,12645789.77636,0.918500205140303,1.2026832008010324,1.4229130282132914,1,-0.9818506396905735,-0.7751937984496138,중립,,0.0,,29.1,관찰,29.1
2026-10-09T15:40:46+09:00,PENDLE,KRW-PENDLE,PENDLEUSDT,2913.0,2.03152364,924392341.44216,1791527939685,False,False,,641325740.2997309,751488728.4868695,353717536.9748294,1096636640.637982,469508998.6137738,0.8534069986532561,0.8738031289922057,1.094372032085392,1,-13.902291917973464,-12.877631980469939,중립,6814471.3127,-4.309,6736200.484,6068565.8921,2130029.3942,4649812.0037,2920950.4785,1.1100152167366462,1.5728487582837205,1.9312175457779088,3,-15.171288743882538,-13.692946058091293,가속형,EARLY,5.0,Binance 연속가속 우위,28.8,관찰,28.8
2026-10-09T15:40:46+09:00,BTC,KRW-BTC,BTCUSDT,113047000.0,0.61142755,119084633965.87892,1791528051389,False,False,,142652118464.73346,170951546647.47925,88086932206.02402,108438489244.53793,48500327620.66657,0.8344593615107659,1.164580075886616,1.5659322013179444,1,-3.1362609700167243,-2.4508825087035446,중립,1615127714.5763576,-0.08,1778910834.2706711,1745755734.9707692,1083162507.3845277,1391807556.3811734,683674414.6744858,1.0189918318099966,1.2644110888249682,1.6206751104396013,3,-4.678286615799321,-3.5386242182629313,중립,,0.0,,28.7,관찰,28.7
2026-10-09T15:40:46+09:00,CC,KRW-CC,,162.0,-0.61349693,2232613067.4363894,1791528048087,False,False,,2376621380.3142595,2772612254.701789,1536001157.827258,1352348849.3920774,1948975805.460683,0.8571776945312101,1.259479185880169,1.2960532750259293,1,-4.678362573099415,-3.5502958579881616,중립,,,,,,,,,,,,,,NO_DATA,,0.0,,28.6,관찰,28.6
2026-10-09T15:40:46+09:00,BERA,KRW-BERA,BERAUSDT,294.0,2.08333333,970608052.19265,1791527992029,False,False,,1152135151.4704695,1427395434.791495,1182786022.8899927,1543975981.061052,731378097.7193445,0.8071590558496959,0.8320352575413366,0.9908655795192335,1,-10.280373831775702,-7.395498392282962,중립,1077474.415845,-1.646,1370795.7871009,1022100.0805733,998899.5455104,1026764.834405,470672.6300765,1.3411561285975198,1.3493127223628334,1.5948206657860942,3,-11.523849725622625,-8.391608391608385,중립,EARLY,5.0,Binance 연속가속 우위,28.3,관찰,28.3
2026-10-09T15:40:46+09:00,O,KRW-O,,623.0,-0.16025641,336805871.1497951,1791528002325,False,False,,362920262.7403399,437779801.2186607,284969629.1471705,208226466.94402292,176888205.13734385,0.8290018446033095,1.1694833253654582,1.3439003395864895,1,-8.9051094890511,-10.601719197707737,중립,,,,,,,,,,,,,,NO_DATA,,0.0,,28.1,관찰,28.1
2026-10-09T15:40:46+09:00,PEPE,KRW-PEPE,PEPEUSDT,0.0054,2.46679317,2882351073.07259,1791527979210,False,False,,2777266878.0269394,2865749927.4686394,2768629671.4211035,4574508717.405985,1442217650.2282224,0.9691239460241884,0.8161320190741389,0.9884534721246933,1,-11.129848229342333,-10.068259385665524,중립,39062038.55137926,-1.493,40337195.10164022,27939287.93953724,22129199.36605726,27716101.41400485,14859176.57596254,1.443744564604975,1.5557270057844943,1.933599292692927,3,-12.756264236902059,-11.136890951276113,가속형,EARLY,5.0,Binance 연속가속 우위,28.0,관찰,28.0
2026-10-09T15:40:46+09:00,WAVES,KRW-WAVES,,366.0,2.8089887599999996,860608417.4588685,1791528012999,False,False,,1310092916.317714,1453009692.612406,942124381.059545,522412467.8300607,776333163.3952507,0.901640865149538,1.3471177556364722,1.4824743587750984,1,-13.592233009708742,-10.77694235588973,중립,,,,,,,,,,,,,,NO_DATA,,0.0,,27.9,관찰,27.9
2026-10-09T15:40:46+09:00,XTZ,KRW-XTZ,XTZUSDT,409.0,2.7638191,311494765.5213313,1791527947080,False,False,,316881178.03611314,338552018.55874515,240941208.65462336,457983385.7970629,464300392.4791598,0.935989628374135,0.9163035794608135,0.86971086066285,1,-12.71929824561403,-9.1324200913242,중립,1213870.80657,-1.386,1279542.58015,977464.05534,450380.78388,913718.56574,789523.19138,1.3090431030785326,1.6393439239436585,1.8487617233300868,3,-14.11170528817587,-10.384376937383744,가속형,EARLY,5.0,Binance 연속가속 우위,27.8,관찰,27.8
2026-10-09T15:40:46+09:00,ZRO,KRW-ZRO,ZROUSDT,2892.0,7.309833020000001,3865634904.1782637,1791528010755,False,False,,3805681708.312682,3204958800.875868,5248154904.177109,6153323374.855066,9993690912.163496,1.1874354538575178,0.7816447681579253,0.37801941920446497,2,-7.8947368421052655,-0.48005908419497256,중립,21162099.08526,-0.376,20795112.6027,18044122.16543,18046117.32952,25183691.72105,13989121.04907,1.15245908956106,1.0181383268552189,0.9314469460185005,2,-9.363468634686345,-1.4049172102358232,중립,,0.0,,27.2,관찰,27.2
2026-10-09T15:40:46+09:00,ME,KRW-ME,MEUSDT,95.7,1.26984127,1198836968.7866442,1791527767002,False,False,,1226067869.5978856,1253542445.7701786,743020287.4893937,663689354.1198916,793162082.6138486,0.9780824524410798,1.382652278046682,0.9897936258059534,1,-10.849056603773588,-11.682242990654201,중립,706739.27993,-2.896,818704.7786014,330003.0970586,389046.4703897,325601.9697544,236197.8013823,2.4809002882055355,2.3511326488649247,1.8444077978122513,2,-12.103783231083852,-12.316715542521994,고수준 유지형,,0.0,,27.0,관찰,27.0
2026-10-09T15:40:46+09:00,AVAX,KRW-AVAX,AVAXUSDT,14170.0,2.23665224,10326064441.560444,1791528030706,False,False,,12016283265.966864,14011198139.714058,14366514077.04796,5677841654.983336,2882654176.004517,0.8576199655550724,1.0585307152443348,1.4588865778774212,1,-7.906976744186045,-8.21192052980132,중립,55045124.90389,-4.441,61644206.23246,78512477.3343,66053196.32928,35657009.14241,18646057.63219,0.7851517150577708,1.0261339794639517,1.328893868078797,1,-9.461766555845086,-9.429213483146059,중립,,0.0,,26.0,관찰,26.0
2026-10-09T15:40:46+09:00,ETC,KRW-ETC,ETCUSDT,11380.0,2.89330922,3728066607.457847,1791528040647,False,False,,3796157874.676099,4832901532.509934,2202976668.847917,2882529985.502245,1786217082.5223155,0.7854821475546575,1.1482158638233646,1.4319413379187236,1,-9.120788824979453,-8.063175394846223,중립,4774550.4361,-0.24,4989402.921,4520201.7604,4046188.8791,3523448.3054,2475022.3856,1.103800933115534,1.2380817338608316,1.472440753743305,5,-10.555555555555552,-9.039548022598854,중립,,0.0,,26.0,관찰,26.0
2026-10-09T15:40:46+09:00,GMT,KRW-GMT,GMTUSDT,11.0,1.85185185,574235152.0853533,1791528034249,False,False,,809206933.5612224,946145922.3395724,334027857.2807688,578297520.663897,1905107600.6402328,0.8552665233289433,1.306246053039604,0.8548423595444247,1,-10.743801652892548,-9.999999999999998,중립,686451.145167,0.248,766988.62673,657535.621435,264032.086356,547280.779444,1832195.312087,1.1664594308307294,1.5665100248163786,0.846364876244615,3,-12.791991101223577,-10.909090909090914,가속형,,0.0,,26.0,관찰,26.0
2026-10-09T15:40:46+09:00,SKR,KRW-SKR,,22.2,-1.7699115,445160243.6347898,1791527992355,False,False,,426411043.0262557,549709591.3919368,298786037.45709604,447927560.72524613,369271705.3859757,0.7757023885039499,0.9867403941600609,1.0925408340004443,1,-7.377049180327855,-5.833333333333323,중립,,,,,,,,,,,,,,NO_DATA,,0.0,,25.5,관찰,25.5
2026-10-09T15:40:46+09:00,ARKM,KRW-ARKM,ARKMUSDT,173.0,2.36686391,446320737.689003,1791527924987,False,False,,440014558.7684307,489257566.3052008,556515143.8094503,204848899.8107498,202628362.49773714,0.899351566683688,1.0555100486261646,1.3665267513664476,1,-7.14285714285714,-6.629834254143652,중립,954622.20663,1.197,946061.84276,1062642.01107,865980.79806,1196750.70665,602863.37819,0.8902921519236637,0.9081108270579537,1.1101873818053625,1,-9.26612305411416,-8.245877061469265,중립,,0.0,,25.4,관찰,25.4
2026-10-09T15:40:46+09:00,HUNT,KRW-HUNT,,134.0,0.7518796999999999,108349091.7277148,1791527010635,False,False,,113225239.32833728,120761257.82837616,71683125.59805454,122781674.21814421,98587051.9578188,0.9375957270108188,1.077562307263331,1.0615102526308207,1,-4.316546762589923,-5.000000000000004,중립,,,,,,,,,,,,,,NO_DATA,,0.0,,25.3,관찰,25.3
2026-10-09T15:40:46+09:00,DOT,KRW-DOT,DOTUSDT,1599.0,6.7423231,3560064002.751335,1791528030709,False,False,,2001137974.573512,2636270750.473667,1765654073.7126446,2066797884.5462449,1173611974.6591537,0.7590790794966569,0.9280679036707095,1.0737201425735095,1,-10.030030030030035,-6.898694841516473,중립,21701968.72617,6.655,19014288.19725,13732960.20166,9888960.89626,13916594.17864,7997545.4185,1.384573166894608,1.5195823322125106,1.7089181923953443,3,-11.382113821138207,-8.016877637130804,가속형,EARLY,5.0,Binance 연속가속 우위,25.0,관찰,25.0
2026-10-09T15:40:46+09:00,IMX,KRW-IMX,IMXUSDT,255.0,1.19047619,890484323.1814055,1791528009782,False,False,,811348614.7765974,963074488.9666463,451816967.57401586,704247050.0531129,1787908807.3594327,0.8424567612076955,1.1486015835001686,0.4633135986132266,1,-1.17647058823529,1.2048192771084265,중립,2157321.1716,8.107,1981582.358048,993855.786841,1062406.096966,617285.052439,892686.791008,1.9938328923419746,2.223543186599589,1.5287577637707368,2,-2.4494142705005273,-0.32644178454841466,고수준 유지형,,0.0,,25.0,관찰,25.0
2026-10-09T15:40:46+09:00,FF,KRW-FF,FFUSDT,146.0,-0.68027211,371285179.2130483,1791528014944,False,False,,639379514.2662461,676164545.6173617,782979273.2715137,787688745.858708,682080593.853289,0.9455975152948465,0.8537078253600211,0.964300719783911,1,-6.9620253164556996,-6.369426751592355,중립,858004.72435,0.066,1035693.138746,768757.043919,835188.8692,797983.658894,1592115.777589,1.3472307628769198,1.2935764030891341,1.1353697822333444,2,-8.753658116715457,-7.801356757696998,중립,,0.0,,25.0,관찰,25.0
2026-10-09T15:40:46+09:00,SAFE,KRW-SAFE,,148.0,0.0,351594536.6605434,1791527923011,False,False,,487570300.76509875,549115735.0282774,925658996.3049843,7428267362.302567,317102033.3419842,0.8879190117179773,0.16429338274620622,0.2551328807309856,1,-8.074534161490687,-1.3333333333333308,중립,,,,,,,,,,,,,,NO_DATA,,0.0,,25.0,관찰,25.0
2026-10-09T15:40:46+09:00,AXL,KRW-AXL,AXLUSDT,70.3,-0.42492918,348723192.18657154,1791528044548,False,False,,372325167.0918376,434372991.29602647,545378421.2870462,290306880.95797753,275546623.53340274,0.8571554275990813,0.8794679007695567,0.9639711560535921,1,-6.613756613756616,-5.740987983978652,중립,512939.451198,-0.387,549045.194216,426153.37877,366290.363966,484660.142167,227164.719388,1.2883746124475202,1.289742833076657,1.5050587237206818,3,-8.407871198568861,-6.909090909090909,중립,,0.0,,25.0,관찰,25.0
2026-10-09T15:40:46+09:00,TAIKO,KRW-TAIKO,,114.0,-0.8695652200000001,285693481.05652213,1791527861919,False,False,,284903876.13615227,358836975.59327465,190619476.22197926,372822525.5114206,548439123.018974,0.7939646566943475,0.9267387085911153,0.8434051408534392,1,-8.730158730158733,-7.258064516129037,중립,,,,,,,,,,,,,,NO_DATA,,0.0,,25.0,관찰,25.0
2026-10-09T15:40:46+09:00,PROVE,KRW-PROVE,PROVEUSDT,274.0,0.0,215686872.16533887,1791527622835,False,False,,216570759.57272357,274421598.14559186,555638563.860692,324462879.7352819,494431260.53521997,0.7891899217707491,0.5627538431265069,0.5857591774336155,1,-6.164383561643838,-6.484641638225252,중립,718783.05005,-1.038,839597.57394,829553.04536,1006224.15259,818500.09328,572162.69515,1.0121083620103415,0.9489561358725953,1.1404742302783992,2,-7.855822550831803,-7.685185185185183,중립,,0.0,,25.0,관찰,25.0
2026-10-09T15:40:46+09:00,LA,KRW-LA,LAUSDT,84.1,0.23837902,2455691686.115378,1791527991376,False,False,,3210954304.2755494,3708647268.583612,2266345800.28972,9434001785.357718,1675010629.093362,0.8658020220677015,0.6251454429022428,0.8640564642266048,1,-12.05450733752621,-7.903402854006569,중립,804922.45057,-0.966,890226.01654,898727.11298,782224.67002,1889941.22469,403930.30807,0.9905409591885883,0.7479020076682874,1.0343985914294844,1,-13.21022727272727,-8.66965620328849,중립,,0.0,,24.8,관찰,24.8
2026-10-09T15:40:46+09:00,CRO,KRW-CRO,,83.9,0.59952038,1156884582.0967462,1791527890546,False,False,,1284402249.4022543,1302324396.6992579,1606302694.8392982,1638489560.4942827,1358028298.808142,0.9862383386639864,0.8473956230008184,0.9001819940150911,1,-10.610932475884239,-7.743362831858402,중립,,,,,,,,,,,,,,NO_DATA,,0.0,,24.5,관찰,24.5
2026-10-09T15:40:46+09:00,WLFI,KRW-WLFI,WLFIUSDT,75.0,-0.39840637,1352088232.4080822,1791528040321,False,False,,1585407421.4435852,1701738007.3840516,2855983516.9312825,768852610.3566173,1443978824.102513,0.9316401317736963,0.8929233207084009,0.9713382236953305,1,1.3458950201884257,0.6684491978609541,중립,5638674.3364,-0.182,5953556.70007,6302786.52009,5208751.36574,3305233.34243,2979743.44731,0.9445912028105605,1.2054360444024659,1.4857203092670088,1,-0.363636363636366,-0.5444646098003658,중립,,0.0,,24.4,관찰,24.4
2026-10-09T15:40:46+09:00,IN,KRW-IN,,45.3,1.1160714299999999,688676671.1918046,1791527954474,False,False,,733057591.865825,889608951.1260549,967193625.3037552,618411049.6955235,623358432.4905313,0.824022275110801,0.8884779690874726,1.0569991755332044,1,-9.677419354838722,-10.756972111553797,중립,,,,,,,,,,,,,,NO_DATA,,0.0,,24.4,관찰,24.4
2026-10-09T15:40:46+09:00,SKY,KRW-SKY,SKYUSDT,106.0,0.9523809499999999,583953059.4704199,1791528045823,False,False,,731893242.8435577,737792165.0768347,644428867.2527342,1142178481.3693247,712143955.0224568,0.9920046287931742,0.8697829787304302,0.9697322831701556,1,-11.764705882352944,-14.634146341463417,중립,3809934.68443,-1.316,3868301.5042,5053797.35794,4411132.89862,8925376.77308,4305503.01112,0.7654247351494076,0.6310337556570512,0.7454942648307993,1,-12.924937257586134,-15.991635483160904,중립,,0.0,,24.2,관찰,24.2
2026-10-09T15:40:46+09:00,BIRB,KRW-BIRB,,81.0,0.99750623,484664593.1919657,1791527550941,False,False,,529853906.7244401,678228208.5878501,424046808.7511292,1093760753.8208194,523157377.552861,0.7812324819512557,0.7238323441943846,0.8364644765612417,1,-8.027522935779817,-7.283236994219655,중립,,,,,,,,,,,,,,NO_DATA,,0.0,,24.2,관찰,24.2
2026-10-09T15:40:46+09:00,COW,KRW-COW,COWUSDT,198.0,1.02040816,126607016.52652355,1791527935857,False,False,,167720569.1948145,195149236.20978215,249764854.00696474,202437410.82944134,236479564.30950212,0.8594477357549978,0.7772619771040635,0.8347986648639053,1,-7.9812206572769995,-10.909090909090914,중립,308957.41927,-0.55,336139.06337,436159.9219,384254.66397,275144.41868,245349.00779,0.7706784747798717,0.9204590404733213,1.1222683032501328,1,-9.9556119213697,-12.50770178681455,중립,,0.0,,24.2,관찰,24.2
2026-10-09T15:40:46+09:00,FOLD,KRW-FOLD,,86.4,1.17096019,5863891924.635971,1791528021082,False,False,,6681221509.763606,8110158114.231741,4597191856.447896,11350472210.5998,7031721109.75667,0.8238090325316062,0.8331454268079082,0.494518949141671,1,-14.17085427135678,-14.59999999999999,중립,,,,,,,,,,,,,,NO_DATA,,0.0,,24.1,관찰,24.1
2026-10-09T15:40:46+09:00,KITE,KRW-KITE,KITEUSDT,173.0,1.16959064,874187860.7823957,1791527985288,False,False,,854993498.4231548,1040434126.6368511,1014947297.7407923,1229015481.8253994,4320170320.339766,0.8217661037194893,0.7809593567772336,0.4815177499377247,1,-10.471204188481675,-16.58536585365854,중립,1469436.3363,-6.38,1661350.99607,1367667.22814,804358.12833,1206794.37853,3818731.52805,1.214733351715537,1.475086976846369,0.7053168181064259,3,-11.702127659574458,-17.495029821073558,고수준 유지형,,0.0,,24.1,관찰,24.1
2026-10-09T15:40:46+09:00,BLUR,KRW-BLUR,BLURUSDT,25.9,1.171875,428568083.1451224,1791527997839,False,False,,516882992.7738328,537921511.9252286,468047536.8288604,800232497.8958299,1155062231.264308,0.9608892400006487,0.8585138138086468,0.44489334409616443,1,-10.175438596491226,-12.627986348122866,중립,278369.586035,-0.472,277849.349261,268747.969997,223006.128239,258576.8193,325211.161345,1.0338658530671008,1.1109072387957508,0.7214486019540267,3,-11.658767772511847,-13.42313051555969,중립,,0.0,,24.1,관찰,24.1
2026-10-09T15:40:46+09:00,WET,KRW-WET,,82.9,1.22100122,150412196.94195887,1791527725050,False,False,,143026966.74829367,148874289.0095095,163674168.6642376,205656154.30152056,174897498.2124096,0.960723088586221,0.8280144374040417,0.8414619964421447,1,-7.874015748031493,-9.100998890122069,중립,,,,,,,,,,,,,,NO_DATA,,0.0,,24.0,관찰,24.0
2026-10-09T15:40:46+09:00,NCT,KRW-NCT,,13.1,1.5503876,343471908.47690195,1791527640841,False,False,,297865802.88859975,347188745.3980149,464866452.381758,400048797.49365884,274292801.4488055,0.8579362287424621,0.7372283336663845,0.925121376871279,1,-5.8394160583941535,-5.147058823529404,중립,,,,,,,,,,,,,,NO_DATA,,0.0,,23.8,관찰,23.8
2026-10-09T15:40:46+09:00,SEI,KRW-SEI,SEIUSDT,92.5,1.76017602,3467763440.384683,1791528042265,False,False,,3664934770.364898,3890214085.882729,3707146592.611032,4366553110.437951,4398860626.25655,0.9420907665890802,0.9189972867630006,0.9288477949792509,1,-9.999999999999998,-6.673511293634493,중립,7383628.635332,-0.5,7957438.112306,6712353.417573,4950688.777366,6840139.747436,6366002.273597,1.1854915284218135,1.2901734637460867,1.4000877226587174,3,-10.662162162162158,-7.770647321428559,중립,,0.0,,23.6,관찰,23.6
2026-10-09T15:40:46+09:00,AUCTION,KRW-AUCTION,AUCTIONUSDT,5040.0,1.8799272299999998,194491398.95891634,1791528040649,False,False,,242243617.16629165,299408920.24354744,340594935.1596564,302983460.2670195,227003512.01031995,0.8090728124240388,0.770668745403383,0.867299851328748,1,-4.865384615384616,-2.233201581027666,중립,361714.77391,1.626,362559.10691,447390.08036,516632.85633,387648.90583,242976.98617,0.8103870041514122,0.8046903741829675,1.0204564193685586,1,-6.766917293233088,-3.7215528781793794,중립,,0.0,,23.5,관찰,23.5
2026-10-09T15:40:46+09:00,CHZ,KRW-CHZ,CHZUSDT,20.9,1.95121951,1408018005.029772,1791527911868,False,False,,1513236382.5666997,1867558309.1486568,1350831784.819856,1809978179.748648,2779292375.5296054,0.8102753071503948,0.9028195431565265,0.5504689419769473,1,-10.869565217391308,-11.637931034482751,중립,1639720.91341,-1.227,1670069.59283,1552723.56053,1115640.89568,1239490.93475,1408386.82443,1.0755743232619885,1.2820865352592274,0.7969506131617939,3,-12.455934195064632,-12.404467960023524,중립,,0.0,,23.4,관찰,23.4
2026-10-09T15:40:46+09:00,SIGN,KRW-SIGN,SIGNUSDT,17.8,4.7058823499999995,440608275.32088375,1791528014311,False,False,,569545809.9021331,682071152.0812212,275610165.7194334,544683892.2854615,445329694.83837694,0.8350240413544296,1.1372983201657467,1.216161177530493,1,-0.5847953216374324,-1.1627906976744096,중립,601348.60293,6.093,513173.97381,701129.53946,352338.78702,384372.60572,336881.67677,0.7319246229523282,1.0707178290399766,1.2308303954063988,1,-3.1397174254317095,-2.6045777426992878,감소형,,0.0,,23.4,관찰,23.4
2026-10-09T15:40:46+09:00,MMT,KRW-MMT,MMTUSDT,242.0,2.10970464,767792691.0991648,1791527821978,False,False,,854030878.6594433,1027888071.022509,1016547529.8531127,797150299.9118913,551023305.3492824,0.8308598015053154,0.901641803356455,0.7780657991191491,1,-4.81927710843374,-8.846153846153848,중립,590970.18864,1.144,641394.29118,689740.77956,480570.45617,536695.30352,331251.80599,0.9299062926062726,1.1272264219827883,1.098222310119994,1,-6.399132321041212,-9.775222164140096,중립,,0.0,,23.3,관찰,23.3
2026-10-09T15:40:46+09:00,BSV,KRW-BSV,,26210.0,3.22961796,719105331.8426291,1791528025559,False,False,,696015419.7095098,846258949.473483,674056664.4252181,505075385.1015281,618480951.5492165,0.822461517414439,1.0309348961060991,1.1257165980544337,1,-6.620080912100034,-6.06733259341472,중립,,,,,,,,,,,,,,NO_DATA,,0.0,,23.3,관찰,23.3
2026-10-09T15:40:46+09:00,ARX,KRW-ARX,,371.0,2.7700831,1519889570.125598,1791528014304,False,False,,1855765392.1459637,1950390881.0240338,1750234287.1583614,2121924223.6700199,996548765.2159966,0.9514838334209254,0.9561612623206418,1.0893837430682667,1,-9.296482412060303,-5.9895833333333375,중립,,,,,,,,,,,,,,NO_DATA,,0.0,,23.2,관찰,23.2
2026-10-09T15:40:46+09:00,JST,KRW-JST,JSTUSDT,194.0,0.51813472,747967951.2165812,1791528007532,False,False,,461449197.1494771,547661198.0698049,337015635.24105984,410686444.8100264,398501844.36229086,0.8425815061863499,1.0686944850379152,1.0805472216812377,1,4.891304347826098,2.659574468085113,중립,5326772.126587,2.959,6142560.660234,5321185.063954,5165477.767313,4235855.951218,4029713.829408,1.1543595245059306,1.2516663930240615,1.2876542680834946,5,2.9796939376103504,1.2368002314480098,연속 가속형,,0.0,,23.2,관찰,23.2
2026-10-09T15:40:46+09:00,CELO,KRW-CELO,CELOUSDT,129.0,2.38095238,787686642.0726573,1791527923348,False,False,,899493370.255287,995809385.4657749,407422401.44930273,2339459945.8653436,562559822.2468047,0.9032786629486953,0.7209998320543428,0.9297760121468297,1,-11.888111888111885,-7.352941176470584,중립,641984.933085,1.218,729227.381568,690304.419032,589772.796158,1376863.748484,522608.710952,1.0563852142082197,0.8233837991187007,0.920097299110155,3,-12.600663192799622,-8.053423701784112,중립,,0.0,,23.1,관찰,23.1
2026-10-09T15:40:46+09:00,MEGA,KRW-MEGA,MEGAUSDT,57.7,2.48667851,1669565773.0470774,1791527917270,False,False,,1653862124.2628484,1692798830.7260442,2571548745.8098526,8169465127.522542,2565724519.825799,0.9769986215984708,0.39903981915129433,0.3910661722248065,1,-16.838995568685387,-16.96165191740413,중립,1749602.217582,-2.976,1852982.719571,1769027.939119,1899212.02568,3867534.391399,2693873.302789,1.0474581427435288,0.7376744440524409,0.6373463116806132,2,-17.98201798201797,-17.899999999999995,중립,,0.0,,23.0,관찰,23.0
2026-10-09T15:40:46+09:00,RED,KRW-RED,REDUSDT,204.0,3.03030303,333273842.6803231,1791527914928,False,False,,501690013.2801277,594904548.19537,433943342.23311085,402164242.25551546,480457023.3268088,0.8433117796829651,1.051752116886308,0.9343075015788193,1,-15.021459227467815,-19.183673469387752,중립,423772.66427,-0.268,393017.44091,517196.47979,324156.06812,518460.68362,321357.83735,0.7598996827464466,0.8670693117196573,0.7463688407596301,1,-16.317016317016318,-20.619126589275837,중립,,0.0,,23.0,관찰,23.0
2026-10-09T15:40:46+09:00,OPEN,KRW-OPEN,OPENUSDT,148.0,2.77777778,1727713903.1456575,1791528041949,False,False,,1549778012.3884573,1934523732.6048243,1533977377.9178624,2354556016.2854977,6502676238.372361,0.8011160505649061,0.7984352438791597,0.43165453342780735,1,-12.727272727272732,-8.860759493670889,중립,2670686.27748,-5.497,2423507.8205,2005558.63203,1605370.94189,2243482.99931,5673132.90728,1.208395397569084,1.2418877847361383,0.6996933639718774,3,-13.898026315789469,-9.350649350649354,중립,,0.0,,22.8,관찰,22.8
2026-10-09T15:40:46+09:00,ICP,KRW-ICP,ICPUSDT,4133.0,3.14449713,803261442.3735973,1791527960561,False,False,,759346593.4370303,921938029.705828,712632346.8636924,837035696.2151397,738896587.1051387,0.8236416862848392,0.921684003529136,1.0489019157743056,1,-17.466529351184345,-12.184966031119881,중립,14232178.2701,-4.763,11494450.79537,11157495.5042,8359577.9153,14854017.78128,12661087.27971,1.0301999038263703,1.003266151332648,1.098223402998683,3,-18.857938718662957,-13.329366260041663,중립,,0.0,,22.7,관찰,22.7
2026-10-09T15:40:46+09:00,CFG,KRW-CFG,CFGUSDT,188.0,3.2967033,1477258752.7224019,1791527945069,False,False,,1523837685.1497931,1780539543.0531776,1544522849.449775,1815748648.9370987,2033802057.0429645,0.855829173294739,0.8892591107898028,0.9377032176024545,1,-12.918660287081341,-12.5,중립,2643656.50267,-0.725,2826268.40531,1955472.30014,1414150.47663,2712671.70281,1780987.15314,1.4453124215094513,1.39401425636259,1.5188073848579686,3,-14.755154639175261,-13.188976377952756,중립,,0.0,,22.4,관찰,22.4
2026-10-09T15:40:46+09:00,NMR,KRW-NMR,NMRUSDT,19960.0,3.6344756,11455008047.103144,1791528049387,False,False,,,,,,,,,,,,,NO_DATA,5808433.4157,4.772,7629583.5369,20434521.3799,32306028.0711,1385648.3567,3165294.6086,0.3733673715697928,0.42287748886443755,0.6514491527146115,1,15.429042904290435,22.61174408413673,감소형,,0.0,,22.1,관찰,22.1
2026-10-09T15:40:46+09:00,PONS,KRW-PONS,,503.0,3.71134021,37886768919.25189,1791528043250,False,False,,,,,,,,,,,,,NO_DATA,,,,,,,,,,,,,,NO_DATA,,0.0,,22.0,관찰,22.0
2026-10-09T15:40:46+09:00,RENDER,KRW-RENDER,RENDERUSDT,2641.0,4.926499799999999,1713533605.9080706,1791528021729,False,False,,1704414191.1089888,2182249673.9805117,2978446602.4954267,1042242601.0395665,950711029.5139761,0.7810353743804522,0.8243258033480736,1.0464130876755127,1,-9.849570200573066,-6.881243063263042,중립,8787826.63282,-4.02,8627726.15344,11029234.77471,10666672.46118,8878658.5344,2944198.08782,0.7822597242397404,0.8465591516420251,1.1516923958289356,1,-11.476997578692494,-8.048289738430581,중립,,0.0,,21.3,관찰,21.3
2026-10-09T15:40:46+09:00,SOMI,KRW-SOMI,SOMIUSDT,292.0,5.41516245,251635789.86066338,1791528015922,False,False,,165202721.13433313,204703241.85474443,115067486.95165963,204682848.53203708,209147674.6140985,0.8070351970857378,0.9449991092027061,0.7573722145872289,1,-5.136986301369861,-4.810996563573888,중립,553385.40418,8.35,402514.41739,441665.79415,326234.71637,327860.96303,315539.68807,0.9113551982549429,1.1020128753549387,1.145389864847307,1,-6.42625982431807,-5.991639572689267,중립,,0.0,,20.7,관찰,20.7
2026-10-09T15:40:46+09:00,CVC,KRW-CVC,CVCUSDT,35.5,-0.5602240900000001,802743910.5969379,1791528010425,False,False,,798275068.4914993,1361024047.9187527,595475662.9321607,1067725354.0032743,522681019.3229241,0.586525322393975,0.7918806154031938,0.974713144775977,1,-15.801886792452823,-12.285012285012286,감소형,765837.05205,-5.891,717109.48676,446922.48754,261614.76627,472426.98759,184667.12773,1.6045500209828174,1.8216711267478012,2.165977340078592,3,-17.564552119859744,-13.569518716577534,가속형,EARLY,5.0,Binance 연속가속 우위,18.0,관찰,18.0
2026-10-09T15:40:46+09:00,KNC,KRW-KNC,KNCUSDT,184.0,0.5464480899999999,242863765.3844409,1791528032308,False,False,,310603790.84868115,433603841.84758925,433516828.2539019,268794095.6240298,451774653.466318,0.716330809074929,0.8203180385201573,0.24211693879258525,1,-5.670103092783507,-5.181347150259064,감소형,368039.30422,-0.444,386104.35243,325256.7555,260938.64141,223383.39723,137783.64834,1.1870755822933245,1.4307601257274207,0.8870440491244862,5,-7.858136300417251,-6.7558057705840895,연속 가속형,EARLY,5.0,Binance 연속가속 우위,17.6,관찰,17.6
2026-10-09T15:40:46+09:00,BAT,KRW-BAT,BATUSDT,156.0,10.63829787,1155391807.1530766,1791528020118,False,False,,1013470146.2031324,1219596583.600309,332416105.75768715,721159811.4277694,4127481109.9279046,0.8309880167188718,1.3375185726373258,0.6164281541574631,1,-1.3986013986013957,9.302325581395344,중립,1473021.2123,8.917,1242190.4365,1536359.5319,943976.5733,1387887.6391,4388975.8185,0.8085284796350994,0.9633804960199804,0.6720380066430843,1,-3.113207547169805,8.44772967265046,중립,,0.0,,17.1,관찰,17.1
2026-10-09T15:40:46+09:00,BTT,KRW-BTT,,0.000494,0.40650406999999994,517296989.3994033,1791527983054,False,False,,615325266.9232649,908806622.8215019,290679060.00108755,215164139.2932532,378806334.5416653,0.6770695233414035,1.3048994683425137,1.3674911291492298,1,-2.9585798816567865,-3.529411764705881,감소형,,,,,,,,,,,,,,NO_DATA,,0.0,,17.0,관찰,17.0
2026-10-09T15:40:46+09:00,F,KRW-F,FUSDT,4.39,1.85614849,489596062.8521283,1791528045825,False,False,,513708132.1547361,783487541.8577425,372639249.54386884,509540427.30297107,300451795.34230345,0.6556685393320649,0.9252294691029381,1.0533119360946321,1,-6.911447084233268,-8.6864406779661,감소형,341913.384328,-0.497,356100.587918,306498.608805,175647.68321,254490.184454,166143.215532,1.1618342716346803,1.4502428238074871,1.763201779812243,3,-8.641256910096018,-9.222318589187617,고수준 유지형,EARLY,5.0,Binance 연속가속 우위,16.8,관찰,16.8
2026-10-09T15:40:46+09:00,ANIME,KRW-ANIME,ANIMEUSDT,4.23,1.6826923099999997,305021927.2725875,1791528046784,False,False,,292820758.68183756,426549840.4969136,478194275.1345905,453643236.96713644,497672187.64255726,0.686486620978953,0.646694975748254,0.689251184690792,1,-10.151187904967596,-8.97155361050328,감소형,177123.269966,-0.323,190345.254795,141172.400622,133461.050365,127257.261279,102252.487835,1.348317758686162,1.4208732547346048,1.499835750492711,5,-11.403508771929815,-9.82142857142857,연속 가속형,EARLY,5.0,Binance 연속가속 우위,16.7,관찰,16.7
2026-10-09T15:40:46+09:00,OP,KRW-OP,OPUSDT,169.0,3.04878049,626371358.2524318,1791527754583,False,False,,629521378.3497838,1125317107.8764124,530473354.71556073,415722297.78539586,499036285.1200512,0.5594168736470687,0.9116835634192811,0.8862794190477412,1,-12.299465240641716,-11.351351351351347,감소형,10256886.48726,2.405,10842473.696929,9571489.968289,4830100.700139,6658942.268643,4194462.682557,1.1327884929985672,1.5444728387443531,1.6654822327023509,3,-14.141414141414144,-12.756598240469208,가속형,EARLY,5.0,Binance 연속가속 우위,15.6,관찰,15.6
2026-10-09T15:40:46+09:00,STX,KRW-STX,STXUSDT,533.0,1.52380952,10592337952.410917,1791528006241,False,False,,9061909911.799988,14400511907.246675,3251062527.211712,6889045063.377171,5241288855.367424,0.6292769291930395,1.1077849822738868,1.3197544362302593,1,2.3391812865497075,0.5747126436781658,감소형,3819525.17033,6.335,3148960.66418,6201435.32455,1406177.51495,2419632.59798,2612769.50721,0.5077793283941893,0.9421213484242931,1.0134040556067763,1,0.7383966244725704,-0.6501950585175553,감소형,,0.0,,13.3,관찰,13.3
2026-10-09T15:40:46+09:00,MBL,KRW-MBL,MBLUSDT,1.02,0.0,119185198.5028175,1791527798448,False,False,,167440110.20242578,283406718.29628414,111080428.1442629,161425043.44325426,131169684.51907279,0.5908120711075647,0.9035965387128388,1.0555516950455082,1,-6.422018348623859,-7.272727272727275,감소형,401257.210426,0.405,448359.174097,559183.32857,397402.06358,205082.247035,243474.667171,0.801810696401821,1.1578849895781518,1.215213607737145,1,-8.322981366459626,-9.113300492610833,중립,,0.0,,13.3,관찰,13.3
2026-10-09T15:40:46+09:00,META2,KRW-META2,,7985.0,-1.1757425700000002,1903230552.049015,1791527957214,False,False,,4483790831.909542,8284905381.445074,1613772175.127184,2805123393.0849586,27389551554.99147,0.541200004764263,1.0588462893140325,0.5499802523931907,1,-2.0012128562765352,1.3801756587201952,감소형,,,,,,,,,,,,,,NO_DATA,,0.0,,13.2,관찰,13.2
2026-10-09T15:40:46+09:00,IQ,KRW-IQ,IQUSDT,1.11,0.0,169203902.11872277,1791528001685,False,False,,215368744.27024317,373967351.18126345,264541535.85876778,201041169.66478026,99517255.31326328,0.57590253157114,0.7695863131099788,1.027185963342365,1,-9.016393442622938,-9.756097560975597,감소형,53915.926339,0.0,52306.97827,62128.313892,53528.573952,39672.283591,23984.216206,0.8419185230252216,1.010247678271213,1.2360502589350497,1,-10.951327433628311,-10.555555555555552,중립,,0.0,,13.1,관찰,13.1
2026-10-09T15:40:46+09:00,ARK,KRW-ARK,ARKUSDT,303.0,-1.62337662,6571259359.33854,1791528041948,False,False,,7663691727.337057,11505399210.505716,3003266005.9761114,5110274495.852327,9225575300.408625,0.6660952468593397,1.1718816367816758,0.7339028307618274,1,4.054054054054057,-1.5974440894568676,감소형,3470217.6005,4.051,3599889.3163,3697335.7003,899604.9491,1275177.3705,1699911.8694,0.9736441611206433,1.8391435445100122,1.270054568416514,1,2.89123451124369,-2.9437229437229484,중립,,0.0,,13.0,관찰,13.0
2026-10-09T15:40:46+09:00,SOON,KRW-SOON,,446.0,-1.10864745,3850775369.9426703,1791528018518,False,False,,3515151894.747617,4909184008.990165,3840995367.689799,5449237182.522016,12644457571.514025,0.7160358805679999,0.7426682385346906,0.36821278644389593,1,-2.3809523809523836,-10.515873015873012,감소형,,,,,,,,,,,,,,NO_DATA,,0.0,,13.0,관찰,13.0
2026-10-09T15:40:46+09:00,DATA,KRW-DATA,,268.0,0.0,2510383257.7504063,1791527989139,False,False,,2519521499.637774,5985312574.787958,5508919826.005373,4576369438.591596,3910960384.914904,0.4209506969194559,0.47033487447801847,0.4188048120617703,1,-6.944444444444442,-7.903780068728528,감소형,,,,,,,,,,,,,,NO_DATA,,0.0,,13.0,관찰,13.0
2026-10-09T15:40:46+09:00,ZAMA,KRW-ZAMA,ZAMAUSDT,102.0,0.0,1756775420.69769,1791527967938,False,False,,1563533000.6541562,2986597338.050079,2583975260.641726,1440532662.9610527,2469095435.6665506,0.5235165051325507,0.6690241876152728,0.6147654789154855,1,-12.82051282051282,-15.000000000000002,감소형,5337710.99286,-1.393,4492328.98168,5122619.81688,4568449.01071,3509795.37276,5233795.52842,0.8769592790932733,1.0209170203177063,0.8703217691381564,1,-14.042850489054493,-16.63466967814795,중립,,0.0,,13.0,관찰,13.0
2026-10-09T15:40:46+09:00,PROS,KRW-PROS,,880.0,0.0,1114053989.1078868,1791528019148,False,False,,2616568749.32369,3649210485.8583927,1757786683.2073395,5087579516.14981,15326250758.06848,0.7170232463881026,0.7479774061806143,0.49648468675759905,1,-12.43781094527363,-9.928352098259985,감소형,,,,,,,,,,,,,,NO_DATA,,0.0,,13.0,관찰,13.0
2026-10-09T15:40:46+09:00,LSK,KRW-LSK,LSKUSDT,325.0,-0.30674847,1065158475.5458533,1791528016230,False,False,,1191339200.186121,2538317868.731381,12248076188.063297,1351595139.7339742,1458292855.2658813,0.4693420059251827,0.22146610442192816,0.31996187422420697,1,-5.232558139534882,-12.129380053908356,감소형,1925769.33028,0.969,1875812.68755,1911362.27617,3001062.99111,2744580.22126,1620688.22043,0.9814009154291595,0.7349397974276511,0.8538111578555315,1,-7.035755478662054,-12.168543407192157,중립,,0.0,,13.0,관찰,13.0
2026-10-09T15:40:46+09:00,T,KRW-T,TUSDT,7.14,0.0,760911705.218945,1791527935514,False,False,,739905453.186587,1099714904.264055,5085322446.26249,623463303.5961863,821810707.7498016,0.6728157000670482,0.3260213183963877,0.37170618157991764,1,-5.305039787798416,-4.672897196261694,감소형,535995.310569,2.353,503349.32159,418647.502525,995663.088843,406840.376207,99662.843709,1.2023225232543742,0.829172315560825,1.086043877318176,2,-6.976744186046524,-5.626134301270424,중립,,0.0,,13.0,관찰,13.0
2026-10-09T15:40:46+09:00,B3,KRW-B3,,0.96,-0.9287925699999999,693884276.8404232,1791527937257,False,False,,785711597.3118685,1065012611.570501,1248176234.8853145,6434129674.505938,6921515289.980912,0.7377486320591393,0.26946941354508286,0.240718285982592,1,-14.999999999999991,-8.584905660377363,감소형,,,,,,,,,,,,,,NO_DATA,,0.0,,13.0,관찰,13.0
2026-10-09T15:40:46+09:00,YGG,KRW-YGG,YGGUSDT,35.4,-0.28169014,357750228.65314955,1791527817444,False,False,,293706415.1265182,808750496.5297767,5621717141.46408,393443293.8405938,969223214.2987968,0.3631607230991103,0.12912232503929913,0.1721357699621378,1,-8.740359897172233,-4.825737265415542,감소형,908063.906588,1.682,922193.482321,1016243.711988,2032526.494516,1227790.461046,1088010.912533,0.9074530759132406,0.6469171518962568,0.6576613465940547,1,-10.250173731758172,-6.072727272727274,중립,,0.0,,13.0,관찰,13.0
2026-10-09T15:40:46+09:00,MNT,KRW-MNT,,758.0,-0.52493438,233462495.70991886,1791528046793,False,False,,181544746.95158356,473499089.8585396,904122095.9555287,314956914.4991768,236209727.85477528,0.3834109734103629,0.3217779083600073,0.4250612769485414,1,-13.50737797956867,-13.013698630136982,감소형,,,,,,,,,,,,,,NO_DATA,,0.0,,13.0,관찰,13.0
2026-10-09T15:40:46+09:00,IRYS,KRW-IRYS,,20.1,0.0,227008037.96119183,1791527762058,False,False,,267962323.5417302,783784605.7732214,373310827.492818,528786891.82375103,355925093.15634495,0.3418826059710362,0.47683456826227505,0.5808109510791878,1,-7.798165137614676,-8.21917808219177,감소형,,,,,,,,,,,,,,NO_DATA,,0.0,,13.0,관찰,13.0
2026-10-09T15:40:46+09:00,ARDR,KRW-ARDR,,37.1,-1.06666667,222404917.27517337,1791527903417,False,False,,259768781.44020984,438689158.8059133,368880508.2922272,289664275.0929747,258515362.17687017,0.5921477114850194,0.7102462969422892,0.7958132195413351,1,-7.862407862407872,-7.862407862407872,감소형,,,,,,,,,,,,,,NO_DATA,,0.0,,13.0,관찰,13.0
2026-10-09T15:40:46+09:00,MOCA,KRW-MOCA,,12.9,0.0,125437224.39764783,1791527490851,False,False,,203147161.9225589,416733503.8092496,188008485.47925988,130500539.93643324,142417580.20838875,0.48747499316864373,0.828898576378764,0.8873335198437965,1,-8.51063829787233,-7.194244604316546,감소형,,,,,,,,,,,,,,NO_DATA,,0.0,,13.0,관찰,13.0
2026-10-09T15:40:46+09:00,ZETA,KRW-ZETA,,63.6,0.15748031,260735663.54298282,1791528025557,False,False,,394925522.79318213,541576836.2629367,617474333.3590978,499737175.84009546,1764022671.0869906,0.7292142062764386,0.7142421585132813,0.4945597865312406,1,-7.703488372093014,-5.223880597014929,감소형,,,,,,,,,,,,,,NO_DATA,,0.0,,12.9,관찰,12.9
2026-10-09T15:40:46+09:00,POWR,KRW-POWR,POWRUSDT,85.3,0.11737088999999999,200652255.6917693,1791527977915,False,False,,246798670.0879376,330222763.4206137,1210547688.498365,1249941766.8925343,239875232.0254592,0.7473702525273324,0.26530718763224065,0.3703054131019593,1,-6.167400881057262,-9.650053022269345,감소형,78589.5758,0.0,56834.106,94066.9036,145670.6535,241311.628,45598.5236,0.6041881238238185,0.35443843016708604,0.425038131500847,1,-7.440476190476186,-10.632183908045977,감소형,,0.0,,12.9,관찰,12.9
2026-10-09T15:40:46+09:00,BORA,KRW-BORA,,36.3,0.27624309,153759778.04615718,1791527902728,False,False,,162629870.76403102,395264050.41599506,204976428.98221692,260813777.16648418,1430891074.4634185,0.4114461474370651,0.5666188960479693,0.33026770740787076,1,-6.701030927835038,-7.653061224489798,감소형,,,,,,,,,,,,,,NO_DATA,,0.0,,12.8,관찰,12.8
2026-10-09T15:40:46+09:00,INJ,KRW-INJ,INJUSDT,9740.0,4.7875201700000005,1606077619.384898,1791528016563,False,False,,1612756609.9247963,2432291764.0843763,1114032783.0187428,543745269.5734411,717279083.737277,0.6630605068598381,1.1829308658857536,1.409090025621798,1,-10.624999999999996,-10.796545105566224,감소형,16025060.12171,-2.784,16491433.11833,19818556.32309,15485926.1145,8011305.64509,6665001.3697,0.8321208088762919,1.1421770570249077,1.3926310384993756,1,-12.029683634943368,-12.029683634943368,중립,,0.0,,12.7,관찰,12.7
2026-10-09T15:40:46+09:00,BIO,KRW-BIO,BIOUSDT,39.1,1.8229166700000001,705704045.3340396,1791527963120,False,False,,765805131.5345953,1298801660.2040112,410034700.51066214,965027373.2667061,176832664.10975978,0.5896243860777829,0.8592118459166718,1.2380479428085975,1,-11.724137931034484,-9.219858156028371,감소형,1549411.23913,-3.188,2088032.755794,3353201.660007,1911817.355843,2760014.264862,753767.093885,0.6226982351516673,0.7805697556965439,1.0735071239560845,1,-13.215174129353235,-10.602178090967328,감소형,,0.0,,12.7,관찰,12.7
2026-10-09T15:40:46+09:00,AI,KRW-AI,AIUSDT,27.2,0.36900369,453396782.6019707,1791527805243,False,False,,545743327.000838,765842295.4986007,977009885.4520509,422780521.4253645,329370615.1238314,0.7126053630212895,0.7560053831872012,0.9746095490392452,1,-6.228373702422141,-3.214285714285714,감소형,540472.94268,-1.508,561254.94974,621479.99585,1037069.5795,1069441.69834,720990.96846,0.9030941518437291,0.6172178281723263,0.47293176552490684,1,-6.763285024154586,-5.392156862745101,중립,,0.0,,12.7,관찰,12.7
2026-10-09T15:40:46+09:00,WAXP,KRW-WAXP,WAXPUSDT,7.88,0.38216561,226393255.54532266,1791527992017,False,False,,240412468.40127575,439165061.2673319,222654687.2030477,282277184.87787384,536617414.4422168,0.5474307717182676,0.7639442304361146,0.4064108268271169,1,-7.210401891252971,-5.988023952095811,감소형,275971.91335,-0.519,297601.26221,259219.03387,206616.95531,247847.56171,271805.84947,1.148068711494577,1.250979913319605,0.8975724522175553,3,-8.931419457735256,-7.3051948051948035,중립,,0.0,,12.7,관찰,12.7
2026-10-09T15:40:46+09:00,MLK,KRW-MLK,,56.3,0.35650624000000003,113839296.07895163,1791527914931,False,False,,118496779.68870385,242534384.91247928,101948704.48289552,132949765.08968677,229812512.1549092,0.4885772371264573,0.7445870884808045,0.7397166781542712,1,-5.396290050590213,-4.915254237288136,감소형,,,,,,,,,,,,,,NO_DATA,,0.0,,12.7,관찰,12.7
2026-10-09T15:40:46+09:00,CARV,KRW-CARV,,59.7,-1.80921053,919133479.6874114,1791528019794,False,False,,892994355.2115408,1941542764.8857791,20361683405.799873,60319041286.37627,411761392.7189648,0.45994060566782086,0.032424467980461405,0.053639088333329046,1,-11.111111111111127,1.6722408026755842,감소형,,,,,,,,,,,,,,NO_DATA,,0.0,,12.6,관찰,12.6
2026-10-09T15:40:46+09:00,KERNEL,KRW-KERNEL,KERNELUSDT,68.2,0.44182622,156578193.83405057,1791527983366,False,False,,178992594.59747487,241199947.19098297,455328554.47642803,213010784.47732392,160561779.57571867,0.742092179878248,0.5903843758838752,0.7263513200456571,1,-7.744565217391286,-8.367071524966253,감소형,316971.32493,-0.595,349112.49746,373653.77875,293720.90681,434286.10793,169928.72718,0.9343207999338344,0.9506896302101241,1.1914562035394325,1,-9.35779816513762,-9.35779816513762,중립,,0.0,,12.6,관찰,12.6
2026-10-09T15:40:46+09:00,POD,KRW-POD,,830.0,0.60606061,4447419867.829842,1791528048743,False,False,,6326602760.157451,17145524435.365097,47299722893.28072,49616620440.47409,112410176753.17758,0.3689944150735878,0.1663992414966466,0.08387846861203528,1,-24.10303587856486,-23.963133640552993,감소형,,,,,,,,,,,,,,NO_DATA,,0.0,,12.5,관찰,12.5
2026-10-09T15:40:46+09:00,STEEM,KRW-STEEM,STEEMUSDT,83.4,0.60313631,753043891.0962214,1791528047434,False,False,,337911978.55537665,600916654.5291704,3697484909.441167,381332710.55041605,313551559.8454122,0.5623275307956593,0.21662254226388647,0.29667411599772514,1,-2.4705882352941133,-4.382929642445211,감소형,683404.6282,3.078,491437.374736,345354.718009,924435.51955,353276.92963,221675.371205,1.422993082501317,0.9083494226313322,0.9823960665311731,2,-4.752851711026606,-5.915492957746482,중립,,0.0,,12.5,관찰,12.5
2026-10-09T15:40:46+09:00,CTC,KRW-CTC,,147.0,0.6849315100000001,385333748.7599528,1791527918244,False,False,,538194260.0215127,1616151991.4863257,1910527988.8841631,441925923.0466579,368093937.6263437,0.3330096815501566,0.4068387789965011,0.5718081734151934,1,-6.41025641025641,-7.006369426751591,감소형,,,,,,,,,,,,,,NO_DATA,,0.0,,12.5,관찰,12.5
2026-10-09T15:40:46+09:00,BARD,KRW-BARD,BARDUSDT,170.0,0.59171598,379883490.0466216,1791527955504,False,False,,365576845.2992079,597906221.7955773,442694632.9726171,340963844.6427497,286083780.485731,0.6114284012655713,0.793832193573877,0.9243382530174861,1,-9.139784946236562,-9.139784946236562,감소형,698760.48984,-1.51,654064.83282,374924.25756,386838.03734,302627.66605,134487.47891,1.744525246450154,1.8434921132746147,2.365463774205397,2,-11.143481427530954,-10.94890510948906,고수준 유지형,,0.0,,12.5,관찰,12.5
2026-10-09T15:40:46+09:00,TOSHI,KRW-TOSHI,,0.154,0.65359477,191601187.52578202,1791528038727,False,False,,273068770.655172,522919245.359014,391955934.4539035,374911241.53929037,1289754609.6096926,0.5222006515895101,0.6351488109997799,0.35318292256397477,1,-9.467455621301779,-11.046511627906973,감소형,,,,,,,,,,,,,,NO_DATA,,0.0,,12.5,관찰,12.5
2026-10-09T15:40:46+09:00,ZRX,KRW-ZRX,ZRXUSDT,162.0,0.62111801,174645512.72216,1791528031668,False,False,,255825391.6956568,474772137.2072086,161939460.1698148,314404869.8239708,729612828.0714984,0.5388382587076816,0.8069213409221564,0.6422637233701416,1,-6.936416184971095,-4.7337278106508895,감소형,309015.7451,0.942,318432.0792,335030.8594,328171.071,226994.6716,643049.4204,0.950455966266133,1.0731295035880175,0.9431039889426501,1,-9.05542544886806,-6.275140788415112,중립,,0.0,,12.5,관찰,12.5
2026-10-09T15:40:46+09:00,ASTR,KRW-ASTR,ASTRUSDT,9.29,0.65005417,159312903.46274891,1791527786541,False,False,,177335837.26361296,453432796.88731915,180398648.5328409,224196735.0290988,285736502.8635318,0.3910961855449596,0.6200350104029015,0.651601869984002,1,-11.250000000000004,-10.38834951456311,감소형,343583.0610084,-1.13,366485.84213,425916.8295605,188499.4314394,307749.0317922,454175.0334831,0.8604633972979506,1.1922564587755204,1.1882603474397604,1,-12.259583933010587,-11.072802015647786,중립,,0.0,,12.5,관찰,12.5
2026-10-09T15:40:46+09:00,PUNDIX,KRW-PUNDIX,PUNDIXUSDT,153.0,0.65789474,125043422.6565889,1791527882851,False,False,,135087901.58510166,517678174.7734744,205075897.71458122,164005260.63818887,394182439.91099614,0.2609495786532114,0.4570165653927311,0.4150373376921704,1,-9.523809523809524,-8.982035928143716,감소형,168055.58868,-0.267,179845.00249,296002.61052,109750.12626,198789.7864,130153.40705,0.6075791094344029,0.8924682495979785,1.0287257365622873,1,-11.476725521669351,-10.179153094462546,감소형,,0.0,,12.5,관찰,12.5
2026-10-09T15:40:46+09:00,STRAX,KRW-STRAX,STRAXUSDT,14.6,0.68965517,381526543.5635491,1791527782301,False,False,,251274463.24470636,384219245.34722483,227907251.52057377,293566684.5032824,156747419.2711624,0.6539871864503449,0.8323165120807753,0.8718244859437141,1,-5.844155844155852,-6.451612903225811,감소형,169780.94099,-0.559,160569.94924,133976.30065,107533.59046,143073.98999,141532.31966,1.1984951701232094,1.2525481992178062,1.2320209433136322,3,-7.577092511013229,-8.782608695652183,중립,,0.0,,12.4,관찰,12.4
2026-10-09T15:40:46+09:00,1INCH,KRW-1INCH,1INCHUSDT,132.0,0.76335878,267133763.81879875,1791527925002,False,False,,253603125.96378303,356009628.36286,288782008.8781611,275482359.8448655,320849444.27130646,0.7123490651924167,0.8267204987867812,0.9006330876542269,1,-10.273972602739722,-8.391608391608397,감소형,777495.61814,-0.921,852280.15734,811423.80146,650282.90219,616891.78665,1030985.13557,1.0503514387999058,1.2300790575725744,1.0993470975166009,4,-11.671335200746958,-10.161443494776833,중립,,0.0,,12.4,관찰,12.4
2026-10-09T15:40:46+09:00,MTL,KRW-MTL,MTLUSDT,426.0,0.70921986,169320774.30809098,1791527968894,False,False,,171865557.0808663,302869060.1265833,691919070.3394201,147587123.3111198,199792347.68591157,0.5674582838175533,0.45133739507910553,0.5266445825621444,1,-2.9816513761467878,-2.083333333333337,감소형,264878.6222,3.484,283032.49541,261674.59384,336662.18327,202685.80956,71524.7212,1.0816200810960623,1.0600169088363116,1.432165557842005,2,-4.5215236915453705,-3.2936010037641017,중립,,0.0,,12.4,관찰,12.4
2026-10-09T15:40:46+09:00,ORBS,KRW-ORBS,,9.75,1.3513513499999998,113947788.54628538,1791527723739,False,False,,138123964.58334196,327600127.2230467,152047372.8340687,69718798.26145488,41301974.98991258,0.42162365977745847,0.7542725045534866,1.0893628402733673,1,-3.316582914572863,-3.60721442885773,감소형,,,,,,,,,,,,,,NO_DATA,,0.0,,12.4,관찰,12.4
2026-10-09T15:40:46+09:00,GAS,KRW-GAS,GASUSDT,1836.0,1.38045279,638847105.1390401,1791528041628,False,False,,720760494.2792572,1190565799.5024104,567402194.2726518,599881049.3072895,454040222.8804355,0.6053932462871809,0.9170567934285904,1.0904775926923342,1,-7.080554130323247,-6.553147574819407,감소형,234962.0017,0.299,244144.0485,285339.3642,114237.4653,139237.9706,114161.2316,0.8556269450746887,1.3593393228323833,1.527586117376207,1,-8.547602501737316,-7.584269662921339,중립,,0.0,,12.3,관찰,12.3
2026-10-09T15:40:46+09:00,BIGTIME,KRW-BIGTIME,BIGTIMEUSDT,11.2,0.9009009,402688629.669487,1791528042606,False,False,,411496177.8184025,697312632.840589,470725544.6044369,811663428.6751593,2603079767.9925003,0.5901171991422586,0.6235730322382046,0.22911156729012125,1,-11.2,-9.016393442622949,감소형,257047.61589,-1.801,264413.10787,318149.14394,252446.03874,445337.50253,518951.18518,0.8310979705790624,0.7807990973792049,0.4335935998667804,1,-13.066954643628502,-9.753363228699563,중립,,0.0,,12.3,관찰,12.3
2026-10-09T15:40:46+09:00,VANA,KRW-VANA,VANAUSDT,1399.0,0.9379509399999999,376241617.3327857,1791528050346,False,False,,454537521.8811393,667459705.2822078,471852041.46536136,316590646.12269664,456549502.6199587,0.6809961983981592,0.9366098801136651,1.0106657749815706,1,-6.540795684423461,-4.676753782668497,감소형,274732.33427,-0.098,280863.46992,287329.82711,206959.41217,242904.60389,188389.90725,0.9774950019806873,1.1429699495817618,1.2372743740914778,1,-8.302919708029211,-6.424581005586605,중립,,0.0,,12.3,관찰,12.3
2026-10-09T15:40:46+09:00,NXPC,KRW-NXPC,NXPCUSDT,293.0,1.03448276,232789172.21731693,1791527831305,False,False,,248166655.43304634,455570309.25143445,251981426.7475696,211877229.01703063,195964028.10164368,0.5447384309149091,0.8097416925364703,1.0253067958441022,1,-9.937888198757761,-9.375,감소형,231512.0491,-1.245,233347.61007,325190.488,135553.88041,209537.91393,141382.98778,0.7175720652382673,1.044400021683557,1.2696701197578228,1,-11.288963774220717,-10.838272650296354,감소형,,0.0,,12.3,관찰,12.3
2026-10-09T15:40:46+09:00,ENSO,KRW-ENSO,ENSOUSDT,1320.0,8.10810811,11002121458.607538,1791528048106,False,False,,1155776404.4061222,1651655202.0216827,892533798.4465243,1096363743.70473,739083485.7784156,0.6997685733628981,0.9524183432771763,1.14460112449873,1,-10.875912408759126,-7.148288973384032,감소형,3846150.28483,6.291,1313647.50068,1094502.22329,417704.6942,441701.83476,461241.83402,1.2002236932249108,2.016953195742562,2.3995960481540464,3,-12.339585389930885,-8.169596690796277,가속형,EARLY,5.0,Binance 연속가속 우위,12.2,관찰,12.2
2026-10-09T15:40:46+09:00,HOME,KRW-HOME,HOMEUSDT,7.77,1.04031209,480365176.10717726,1791528047436,False,False,,524055681.38868177,1244400342.642315,3656880166.4371295,348538844.1842277,293881733.93353343,0.4211310969875826,0.29947069382276387,0.44676196722851724,1,-0.7741935483870921,-0.5174644243208237,감소형,888658.00026,-2.74,1071596.20436,1123693.98022,1658538.98159,482767.21901,417482.75429,0.9536370428452414,0.9846212664749717,1.2779626273162628,1,-2.2687609075043635,-1.5817223198594021,중립,,0.0,,12.2,관찰,12.2
2026-10-09T15:40:46+09:00,USDC,KRW-USDC,USDCUSDT,1369.0,-0.43636364,1268785611.259452,1791528040319,False,False,,1236700067.8520586,1949601328.9473374,1167887522.955283,1353689810.8937788,1303716414.7863557,0.6343348506639556,0.8297812463695594,0.9687885280817475,1,1.85185185185186,1.3264554163596065,감소형,4169368504.53056,0.022,4585150448.80493,4498091055.83662,2901892321.54423,4112421799.83264,824550090.01457,1.0193547422423437,1.194837319801857,1.6776873891328605,3,0.060998170054893386,0.0519937607487142,중립,,0.0,,12.1,관찰,12.1
2026-10-09T15:40:46+09:00,MEW,KRW-MEW,,0.646,1.09546166,333468140.4214958,1791528016894,False,False,,443352352.005334,604472471.9203143,286540937.91166466,558146149.0088938,453788525.71936154,0.7334533375802427,0.9178127059244351,0.7899183210602719,1,-11.740331491712707,-12.465753424657533,감소형,,,,,,,,,,,,,,NO_DATA,,0.0,,12.1,관찰,12.1
2026-10-09T15:40:46+09:00,QTUM,KRW-QTUM,QTUMUSDT,1293.0,1.17370892,272448851.02503246,1791528027162,False,False,,270442946.412922,487879190.66604596,377440092.66306,331615851.37192327,209963176.94684097,0.5543235940104702,0.6778386027087591,0.8339706192584181,1,-4.981412639405203,-5.403404885270168,감소형,287649.3443,0.965,317417.0564,810851.5271,171271.0769,191360.762,128552.1227,0.3914613783058879,0.8114739388645071,1.139799624361162,1,-6.726907630522083,-6.3508064516129,감소형,,0.0,,12.1,관찰,12.1
2026-10-09T15:40:46+09:00,LINEA,KRW-LINEA,LINEAUSDT,3.7,1.09289617,250327187.6424097,1791527623812,False,False,,351181548.26508796,504499897.53365654,328036276.85405445,264618273.58420038,375239054.55073905,0.6960983539975044,0.9602519014007005,0.9710489514216987,1,-6.39386189258312,-5.426356589147286,감소형,680483.432653,-0.258,676528.53903,759300.264919,639759.808445,640000.50583,450576.506078,0.8909894679177679,0.9953532709127527,1.1850329766652423,1,-8.44245348035837,-6.542384804783675,중립,,0.0,,12.1,관찰,12.1
2026-10-09T15:40:46+09:00,AXS,KRW-AXS,AXSUSDT,1609.0,1.19496855,3106393642.100951,1791528039677,False,False,,4464002853.074791,8819840074.788776,6775750441.464645,20058740584.903965,90328656211.74347,0.5061319496977045,0.37560678171829875,0.15240225351349504,1,-8.882521489971351,-2.3941068139963217,감소형,2366411.5277,-2.0,2988701.75567,5876713.82847,3356032.0851,6771332.30942,16870970.691,0.508566835633735,0.5602387805209619,0.3690274569837994,1,-10.518174787316315,-3.5029190992493797,감소형,,0.0,,12.0,관찰,12.0
2026-10-09T15:40:46+09:00,XCN,KRW-XCN,,5.76,1.2302284700000001,179502699.40031794,1791526678686,False,False,,175298129.1511248,260267142.27499443,106763646.86824432,212164060.50692862,117428771.09678999,0.6735315400124822,0.9079749030417202,0.9129867058390976,1,-12.191358024691358,-14.04833836858006,감소형,,,,,,,,,,,,,,NO_DATA,,0.0,,12.0,관찰,12.0
2026-10-09T15:40:46+09:00,GEOD,KRW-GEOD,,395.0,1.28205128,6435659317.24043,1791528044544,False,False,,2360371279.7963834,11880978851.346653,938386543.481214,2333830027.9181156,2375495268.646774,0.19866808192566107,0.4673016906229503,0.6526268109363552,1,-7.14285714285714,0.25706940874035134,감소형,,,,,,,,,,,,,,NO_DATA,,0.0,,11.9,관찰,11.9
2026-10-09T15:40:46+09:00,SLX,KRW-SLX,,81.3,1.37157107,2074023218.073573,1791528026519,False,False,,2335237393.107939,3310408960.5268464,3164110096.1452074,3397558921.9753513,2142409508.1490586,0.7054226293346818,0.7096491938654321,0.8444616423649027,1,-2.669902912621358,-5.647058823529405,감소형,,,,,,,,,,,,,,NO_DATA,,0.0,,11.9,관찰,11.9
2026-10-09T15:40:46+09:00,SPK,KRW-SPK,SPKUSDT,30.1,1.34680135,488099202.18554664,1791527697605,False,False,,523245227.420722,888200931.7880528,515818596.77257395,642709092.8911489,776917009.555213,0.5891068210966273,0.766948615370771,0.6214773865375108,1,-12.389380530973447,-13.157894736842113,감소형,1082732.884295,-1.213,1123351.929578,1046004.260083,950736.154618,1228734.628063,1244928.897451,1.0739458455827537,1.0448246363878557,0.9225593507522027,3,-14.071092691480047,-14.327148476300211,중립,,0.0,,11.9,관찰,11.9
2026-10-09T15:40:46+09:00,ELSA,KRW-ELSA,,70.8,1.43266476,263715517.47802106,1791527660409,False,False,,310420263.122948,499771583.9371841,273518753.49639845,369425620.24320245,702534954.2594742,0.6211242757690771,0.8149538676804313,0.6785440727671663,1,-6.933333333333335,-5.548037889039248,감소형,,,,,,,,,,,,,,NO_DATA,,0.0,,11.9,관찰,11.9
2026-10-09T15:40:46+09:00,SNT,KRW-SNT,,10.8,1.8867924500000002,148194449.39485067,1791527915278,False,False,,191992483.85580552,333542456.56709343,160828442.83487317,178017161.64184588,96355973.93032642,0.5756163273240912,0.8566146321415515,1.0813567143005556,1,-9.401709401709402,-9.401709401709402,감소형,,,,,,,,,,,,,,NO_DATA,,0.0,,11.9,관찰,11.9
2026-10-09T15:40:46+09:00,FLOCK,KRW-FLOCK,,77.1,1.4473684199999999,2584870108.5814466,1791528005913,False,False,,2911200644.3899403,3961933434.389673,3090438378.088611,2437561891.869028,3978950182.014581,0.7347929218397896,0.9203016802076268,0.8793264935517684,1,-14.414414414414411,-11.525029103608853,감소형,,,,,,,,,,,,,,NO_DATA,,0.0,,11.8,관찰,11.8
2026-10-09T15:40:46+09:00,MANA,KRW-MANA,MANAUSDT,129.0,1.57480315,969653714.7226251,1791527905060,False,False,,1304202659.4367368,5502191067.181591,1247330256.6400034,1737670714.923269,7415099355.465024,0.23703332790745735,0.4610014667334934,0.19853492645844795,1,-11.188811188811187,-10.563380281690138,감소형,1353939.612,-4.623,1539808.8746,4941233.1068,961694.0648,2343323.8498,2829502.4575,0.3116244146589551,0.5601850600730004,0.37424099966514324,1,-12.167300380228141,-11.578947368421055,감소형,,0.0,,11.7,관찰,11.7
2026-10-09T15:40:46+09:00,QKC,KRW-QKC,QKCUSDT,3.64,1.67597765,282888394.5385166,1791527888539,False,False,,383347765.9929572,1110011356.198205,7283305260.966978,189079142.77467272,268914128.57563114,0.3453548144821918,0.1340002640459604,0.20861357739626998,1,-4.7872340425531785,-6.282722513089,감소형,103478.509099,-2.137,111712.123333,113393.661015,458384.331351,60151.553411,64643.056496,0.9851707964365171,0.5303381876011625,0.7178353080797754,1,-6.678571428571434,-7.340425531914896,중립,,0.0,,11.7,관찰,11.7
2026-10-09T15:40:46+09:00,CAP,KRW-CAP,,99.3,-0.7000000000000001,15453860851.766468,1791528048421,False,False,,20831380990.668743,47191476377.377785,60922006319.539055,10909666296.040758,4341537065.917943,0.4414225319861936,0.5250587259769434,0.7740230367796447,1,0.0,6.269925611052085,감소형,,,,,,,,,,,,,,NO_DATA,,0.0,,11.6,관찰,11.6
2026-10-09T15:40:46+09:00,SHIB,KRW-SHIB,SHIBUSDT,0.0074,1.78817056,5460291945.541313,1791528039039,False,False,,6738694275.233098,12135140338.5034,5656064422.986652,6958255194.149682,4657747188.402546,0.5553041899195841,0.816829250494114,1.0055520885734848,1,-8.553459119496853,-7.033248081841437,감소형,6299647.05893143,0.745,6546189.44880582,6056002.12601031,3704207.05741048,6145461.89341102,3730735.18838556,1.0809423960883655,1.2346897060522637,1.51239751592015,3,-9.86394557823128,-7.826086956521738,중립,,0.0,,11.6,관찰,11.6
2026-10-09T15:40:46+09:00,WAL,KRW-WAL,WALUSDT,47.3,4.4150110399999996,972983803.744244,1791527957941,False,False,,1277891178.7304003,2079670409.9435294,1071918665.4721947,562955627.9547884,464380234.0294989,0.6144681256320321,1.0320709110628263,1.381066035956974,1,-9.218436873747493,-5.031446540880513,감소형,697631.485099,-4.532,717308.568437,1563301.735107,777112.541373,468709.137083,597876.555805,0.45884204714191273,0.7660488303650456,0.97964170334381,1,-10.818872017353575,-6.189389617798058,감소형,,0.0,,11.6,관찰,11.6
2026-10-09T15:40:46+09:00,ZKP,KRW-ZKP,ZKPUSDT,64.6,1.7322834599999999,853331051.2388148,1791527867400,False,False,,930708982.7399913,2200641995.12908,4164276958.208577,32228585566.882862,607648774.7703199,0.42292612101379085,0.0723470693561161,0.11735972225292218,1,-9.285714285714286,-4.654654654654644,감소형,392141.00798,1.505,424692.80172,576823.00246,773973.04717,4142288.96713,120741.64347,0.7362619034067569,0.2319422330571342,0.36997989824488825,1,-10.63829787234043,-5.906313645621186,감소형,,0.0,,11.6,관찰,11.6
2026-10-09T15:40:46+09:00,NEO,KRW-NEO,NEOUSDT,3305.0,2.1638330800000003,453534930.63361007,1791527618763,False,False,,463704191.83674246,754428945.8802983,299821707.7922236,420367174.0485988,403456686.73438877,0.6146426305205901,0.9433715972768738,1.0575872063761755,1,-7.200229489386112,-6.664743219849967,감소형,870388.11645,0.417,769364.95756,954709.55264,707612.95019,345105.07211,537560.012,0.8058628463835122,1.1497774074110678,1.329736015223592,1,-8.862229102167184,-7.35641227380015,중립,,0.0,,11.6,관찰,11.6
2026-10-09T15:40:46+09:00,SONIC,KRW-SONIC,,35.2,1.7341040499999998,429822315.2869251,1791528048089,False,False,,434408034.3149539,2066299011.9714096,565469245.8608922,1866686932.3280404,362273441.7691847,0.21023483619657493,0.2897048092855205,0.4118516312134841,1,-8.222811671087538,-6.233062330623296,감소형,,,,,,,,,,,,,,NO_DATA,,0.0,,11.6,관찰,11.6
2026-10-09T15:40:46+09:00,POLYX,KRW-POLYX,POLYXUSDT,53.9,1.69811321,348087968.6717902,1791528039687,False,False,,366138440.0750109,646217498.6264638,743624589.316862,403936468.61209923,315475592.3388891,0.5665870095644867,0.6123472243610207,0.7053435623951216,1,-8.145580589254775,-8.145580589254775,감소형,326970.44767,-1.008,368131.84342,271625.43427,426662.61806,192497.33369,156109.23778,1.3552922406156966,1.2397997852147116,1.4295377189469458,2,-9.154929577464788,-8.94117647058824,중립,,0.0,,11.6,관찰,11.6
2026-10-09T15:40:46+09:00,BREV,KRW-BREV,BREVUSDT,116.0,1.75438596,333155358.18017113,1791527975008,False,False,,411295291.9419185,1047585577.7817035,4502672613.151255,648684984.7783673,118651448.61771955,0.3926125947751683,0.19904777973451382,0.3233780209851405,1,-5.000000000000004,-1.7241379310344862,감소형,388498.9613,-2.52,478907.88082,555574.62843,1216757.07496,296942.77224,95346.60575,0.8620045918463685,0.6943127455445866,1.0659753007284367,1,-6.531531531531531,-2.696365767878073,중립,,0.0,,11.6,관찰,11.6
2026-10-09T15:40:46+09:00,HIVE,KRW-HIVE,HIVEUSDT,74.8,1.76870748,199214754.2888321,1791527538523,False,False,,204193319.02984864,790101723.3846264,1744330807.7718287,349249542.3939234,359269454.3397132,0.2584392781161497,0.2124297829876023,0.29304981666533775,1,-6.010230179028131,-4.421326397919378,감소형,280423.6984,0.0,287543.0939,257891.2378,382721.8129,172853.6098,123307.4352,1.1149781448681697,1.0604359386649995,1.4109055609697907,2,-7.599309153713296,-5.3097345132743445,중립,,0.0,,11.6,관찰,11.6
2026-10-09T15:40:46+09:00,AAVE,KRW-AAVE,AAVEUSDT,232600.0,1.88348664,2900511912.711597,1791528039995,False,False,,2412534163.48732,3393453769.02237,2639000662.381107,4603676928.26495,2551073227.544985,0.7109376840523023,0.6804732139644792,0.6973912810136375,1,-8.276416231418239,-7.53341433778858,감소형,28159105.63434,-1.425,32034855.56965,27194754.2917,17882237.90971,28897141.42952,16311248.0958,1.177979224450181,1.2991644780651657,1.3999772721456083,3,-9.729465449804442,-8.481577353086966,중립,,0.0,,11.5,관찰,11.5
2026-10-09T15:40:46+09:00,ZKC,KRW-ZKC,ZKCUSDT,53.8,1.8939393900000001,1265583253.0534794,1791527917588,False,False,,1578507781.2643535,2555320465.887119,2617033353.307817,4394743738.456893,798528969.4007913,0.6177337842110344,0.4949801457815759,0.6869590050317594,1,-10.204081632653061,-7.530647985989503,감소형,714924.676,-0.506,767943.33146,913974.87725,1496355.64822,869993.20398,270171.92242,0.8402236763559794,0.7023178760366663,1.021788276161415,1,-11.751152073732719,-8.809523809523812,중립,,0.0,,11.5,관찰,11.5
2026-10-09T15:40:46+09:00,RE,KRW-RE,REUSDT,614.0,1.8242122699999999,933298063.9894063,1791527987849,False,False,,923964631.6426327,1491760279.4267168,1493360074.999261,5146744371.487244,1365550655.6649644,0.6193787597010642,0.3408681757942807,0.41176493630380034,1,-11.71303074670571,-12.735166425470334,감소형,686268.99486,-2.097,680360.82333,840863.39818,611846.14508,1810821.40883,539900.62381,0.8091217013400768,0.6254215142904862,0.7442272355559726,1,-13.170924935630824,-13.921068132731197,중립,,0.0,,11.5,관찰,11.5
2026-10-09T15:40:46+09:00,ARB,KRW-ARB,ARBUSDT,244.0,2.5210084,5833306400.8591385,1791528043575,False,False,,5333740232.127847,8403677314.166893,3994823989.4605346,6304200425.618201,2801204221.661904,0.6346912229883273,0.855556642458894,1.0925052034008516,1,-15.602836879432624,-13.138686131386857,감소형,19781267.33193,-2.242,20310581.04725,16065340.51124,12363409.19371,18164143.09089,7778850.95217,1.264248400651069,1.3077475873571478,1.6079227847483222,3,-16.93121693121693,-14.250248262164844,중립,,0.0,,11.4,관찰,11.4
2026-10-09T15:40:46+09:00,VTHO,KRW-VTHO,VTHOUSDT,0.921,-0.21668472,825609731.4302682,1791528048099,False,False,,1521343981.5890512,4211143206.323041,30649264304.92666,1041028937.9026288,869766260.3462062,0.36126626596425165,0.12712672238703462,0.2032861263912408,1,2.441731409544956,3.3594624860022515,감소형,966218.9678,2.74,1111939.613147,1614029.07789,7200479.688897,652848.382767,252381.278322,0.6889216733323199,0.35234952973102407,0.5554967543833642,1,0.8995502248875686,2.43531202435312,감소형,,0.0,,11.4,관찰,11.4
2026-10-09T15:40:46+09:00,XAUT,KRW-XAUT,XAUTUSDT,5740000.0,1.07413277,581929969.42614,1791528044229,False,False,,569643576.61209,937349777.60718,482060099.79344,703784468.67383,398211416.88374,0.6077171939660004,0.804886624248926,1.0072891925227163,1,1.5557939914162988,0.9779516358463747,감소형,32780299.890658,1.646,26889257.089329,49562782.645015,26997777.256684,23497058.268151,4592553.733544,0.5425292054709424,0.8062131873962028,1.2339169164926742,1,0.1172488819050077,-0.011589080189178258,감소형,,0.0,,11.4,관찰,11.4
2026-10-09T15:40:46+09:00,IO,KRW-IO,IOUSDT,207.0,1.97044335,281492333.1216386,1791526025214,False,False,,298649897.2282087,423325621.3186746,273976444.63244057,248776486.3622785,696260048.4954176,0.7054850502502151,0.9470140608238182,0.7143983079339968,1,-12.5,-12.121212121212121,감소형,1926188.235682,-5.629,2405285.482518,2430611.123509,1612907.97687,1399729.314416,3901791.564048,0.9895805459186585,1.325652606252724,0.9605693123570578,1,-14.526438117373619,-13.419658622719243,중립,,0.0,,11.4,관찰,11.4
2026-10-09T15:40:46+09:00,TRUMP,KRW-TRUMP,TRUMPUSDT,2552.0,2.08,11232499112.061,1791528019479,False,False,,13096518294.621172,19120501462.068935,9897880069.150152,13035028938.39628,13386676124.921307,0.6849463817987158,0.9342774924818806,0.923466863030183,1,-10.039582583663186,-10.201149425287358,감소형,13262245.641384,1.137,15140489.291808,22733057.470085,12829031.815214,12139146.289077,14414480.214338,0.6660120096793734,0.9522073658784502,1.0234947268220331,1,-11.424404472532812,-10.991695163654136,감소형,,0.0,,11.3,관찰,11.3
2026-10-09T15:40:46+09:00,ANKR,KRW-ANKR,ANKRUSDT,6.41,2.07006369,124520778.21872334,1791527650156,False,False,,151910796.78895962,251881464.14465764,191740403.52864486,372449920.2865385,180203576.88757962,0.603104310612217,0.5584464468575717,0.6004390945113138,1,-8.45481049562682,-6.824925816023741,감소형,374522.245648,1.296,371904.801432,368124.974444,305698.460177,446808.352693,136791.034608,1.0102677820044916,0.9956119547261939,1.185111340833804,3,-10.433070866141737,-7.894736842105255,중립,,0.0,,11.3,관찰,11.3
2026-10-09T15:40:46+09:00,UP2,KRW-UP2,,96.7,2.43644068,1579421493.0331528,1791528045823,False,False,,1771288549.0425787,6225714047.590167,1161635771.5392647,4693002119.790124,2161817310.5041633,0.28451170990228897,0.43987672494937247,0.3579219434318071,1,-2.8806584362139898,-4.162436548223347,감소형,,,,,,,,,,,,,,NO_DATA,,0.0,,11.1,관찰,11.1
2026-10-09T15:40:46+09:00,MIRA,KRW-MIRA,MIRAUSDT,66.3,2.31481481,1379331176.6707885,1791528045513,False,False,,2082834007.4777112,3473003688.8502293,7103847143.264991,1530127023.7877398,1494317029.1395252,0.5997212194632747,0.516107495760106,0.7146212368754805,1,-9.49720670391061,-9.749303621169913,감소형,946177.782495,-2.323,1104531.207904,1467217.092122,3809271.075472,569533.183614,408657.620881,0.752806938955805,0.5668117553192467,0.833573583669643,1,-11.269990592662282,-10.664898655048294,중립,,0.0,,11.1,관찰,11.1
2026-10-09T15:40:46+09:00,TFUEL,KRW-TFUEL,TFUELUSDT,13.2,2.3255814,143382046.89028013,1791528044232,False,False,,190563317.77724436,291231846.86920637,397078691.2187239,209993523.50505984,554176402.3421249,0.6543354369579892,0.6364102955495244,0.5820656490331697,1,-9.790209790209792,-7.857142857142851,감소형,96453.20014,-0.415,104263.66134,220048.72233,452507.99263,100001.83976,287725.88272,0.4738207985758679,0.40487673343202507,0.4370418400203852,1,-11.636707663197733,-9.055501460564752,감소형,,0.0,,11.1,관찰,11.1
2026-10-09T15:40:46+09:00,ESP,KRW-ESP,ESPUSDT,152.0,0.0,1306661745.1390324,1791528007535,False,False,,1269433891.9588006,2941612694.729678,4024164712.7940903,2413849017.462226,11584184625.874586,0.4315435183677218,0.40601848126185774,0.2988474016914159,1,-1.2987012987012991,9.35251798561152,감소형,1401332.26308,1.282,1507956.19571,2584096.15343,2587797.00172,1504112.83968,5439391.35402,0.5835526645200159,0.6776309953336399,0.6081608655344413,1,-2.79806423229213,8.303921568627448,감소형,,0.0,,10.9,관찰,10.9
2026-10-09T15:40:46+09:00,IOST,KRW-IOST,IOSTUSDT,1.16,2.65486726,441874117.4248235,1791527989133,False,False,,427825600.76326084,1029177791.2581521,784391112.053039,636604182.3736615,861569244.0571847,0.415696495199582,0.5238310753589211,0.4858196177388038,1,-5.042016806722693,-2.5862068965517238,감소형,496632.52206,3.799,494884.798839,638336.23216,294428.36114,362891.039428,235239.296966,0.7752729265647518,1.1458711396878378,1.3587221549407056,1,-5.612829324169533,-3.399765533411492,중립,,0.0,,10.9,관찰,10.9
2026-10-09T15:40:46+09:00,TRAC,KRW-TRAC,,557.0,2.7675276799999997,1655829954.708385,1791528009457,False,False,,873589497.7496886,1412192461.030086,1394335353.6403844,1908548795.8421776,3935705977.0837984,0.6186051277405008,0.5558273406217512,0.14716773885233558,1,-8.600337268128166,-14.645669291338582,감소형,,,,,,,,,,,,,,NO_DATA,,0.0,,10.8,관찰,10.8
2026-10-09T15:40:46+09:00,BABY,KRW-BABY,BABYUSDT,18.2,2.82485876,129390434.71175666,1791528003306,False,False,,165804640.17634767,299666660.47586536,394916822.89172107,219196932.7178663,161711723.47948265,0.5532969196942124,0.5443473199610868,0.7108840879365015,1,-4.324324324324325,-3.2786885245901676,감소형,1042398.38427,2.621,1080226.96465,1144897.38349,787581.93479,604463.31739,336302.32314,0.9435142225210922,1.2773962045437202,1.595446958407523,1,-5.822416302765654,-4.00593471810089,중립,,0.0,,10.7,관찰,10.7
2026-10-09T15:40:46+09:00,THETA,KRW-THETA,THETAUSDT,298.0,3.11418685,294728670.1926921,1791527991700,False,False,,309818177.8161211,662208556.6158218,844212007.5938426,269908678.84063774,351322147.577438,0.46785589633487795,0.5232445151059436,0.6023461212079156,1,-7.9617834394904445,-6.4724919093851145,감소형,1065444.81972,1.678,1150168.72213,1140733.37205,1037592.48797,738399.47914,721137.1306,1.0082713018757783,1.1830068879175732,1.331441713345239,5,-10.184787279759345,-7.970057243505069,중립,,0.0,,10.5,관찰,10.5
2026-10-09T15:40:46+09:00,TREE,KRW-TREE,TREEUSDT,60.8,3.75426621,1563214836.7358506,1791527613724,False,False,,1620428037.5449448,2199205781.941646,1310166761.4497654,2361639712.070336,1024592560.3821844,0.7368241984678182,0.8280146422982558,1.0247950638461178,1,-7.131537242472263,-7.7165354330708595,감소형,712830.96987,-3.268,877830.5032,1240747.33475,342062.73642,460629.6711,239256.08305,0.7075014216144784,1.2887541800838855,1.73056329769607,1,-8.798283261802576,-8.99357601713061,감소형,,0.0,,10.1,관찰,10.1
2026-10-09T15:40:46+09:00,A,KRW-A,AUSDT,140.0,4.47761194,863867807.3757279,1791528034883,False,False,,663416154.813231,1335921969.7218146,2021708640.6675494,1861311922.8162313,297290234.8595898,0.49659798240414993,0.38135090619923656,0.5677414033794451,1,-2.1897810218978075,3.076923076923066,감소형,708199.09041,5.155,577736.64236,607003.74372,1268142.3234,1731236.98376,330618.66215,0.9517843149028412,0.48059507340937524,0.6925148476451142,1,-4.2281219272369714,1.6701461377870652,중립,,0.0,,8.7,관찰,8.7
2026-10-09T15:40:46+09:00,API3,KRW-API3,API3USDT,426.0,6.23441397,1387997398.0022054,1791528031980,False,False,,2072609410.0066147,11300625796.042633,38247949278.90457,3591323591.554529,658449402.3797809,0.18340660485655777,0.1170086580149885,0.1899094295029005,1,-6.744186046511624,0.0,감소형,3832880.201826,1.003,4317657.381048,5978779.242098,20653717.704263,6093507.576184,954315.743477,0.7221637070401182,0.3958005974796182,0.6077297943969752,1,-7.738471257106749,-0.8822531387852051,감소형,,0.0,,8.0,관찰,8.0
2026-10-09T15:40:46+09:00,ZK,KRW-ZK,ZKUSDT,16.6,6.41025641,597823283.3346598,1791527726147,False,False,,492842266.1722772,782205744.5457486,564675329.6146219,1344349283.225447,494598048.9239172,0.630067305959874,0.5493869354063876,0.6287686094328336,1,-10.857142857142854,-13.33333333333333,감소형,2937151.406928,2.2,2754416.968647,1903609.441411,1842568.305906,1665250.661895,2106462.260647,1.4469443724787168,1.5269999491953505,1.419509157397931,4,-11.910286156225824,-13.972809667673713,연속 가속형,,0.0,,7.9,관찰,7.9
2026-10-09T15:40:46+09:00,SAND,KRW-SAND,SANDUSDT,97.9,6.76117775,41348007580.70602,1791528043899,False,False,,33989362785.147903,106596160333.26495,24915319839.638115,44054569457.363266,63451260250.983315,0.3188610422634614,0.580796165148009,0.4048577649016144,1,-2.75715800636267,-10.098039215686272,감소형,16902776.89441,-2.625,16445246.01162,48378506.43326,9723670.29675,18351155.72156,26656079.60105,0.3399287663894057,0.6453052660080204,0.5058750852458201,1,-4.698467268299655,-11.399653748834726,감소형,,0.0,,7.6,관찰,7.6
2026-10-09T15:40:46+09:00,EDGE,KRW-EDGE,,159.0,5.29801325,7583579344.316875,1791528042930,False,False,,2968123675.101285,18109716989.553696,979690202.0769857,4285109634.6157045,29362500355.48917,0.1638967454219964,0.3809435331431306,0.27924445604520565,1,-5.625000000000002,9.420289855072461,감소형,,,,,,,,,,,,,,NO_DATA,,0.0,,6.7,관찰,6.7
2026-10-09T15:40:46+09:00,FLUID,KRW-FLUID,,2809.0,5.40337711,682858636.2878093,1791527958959,False,False,,1182110171.0511925,2205465120.7777424,15702280581.865583,27724738941.870705,1022128299.9108783,0.5359913244215485,0.07771504314919919,0.12514747613801547,1,-5.49645390070922,14.82119775958639,감소형,,,,,,,,,,,,,,NO_DATA,,0.0,,5.4,관찰,5.4
2026-10-09T15:40:46+09:00,RAY,KRW-RAY,RAYUSDT,3381.0,6.22054665,4333879554.151139,1791528037753,False,False,,3995511478.610903,20036503601.4852,1671539169.6655862,1446473905.010322,1215644563.091806,0.19941161183005687,0.5176758644318207,0.7204197202139399,1,6.099999999999994,12.553041018387546,감소형,15280812.03219,0.357,14239868.97821,29433916.61012,10334576.54509,6686152.92396,6834444.25219,0.4837911708057919,0.9195981573473925,1.1611044344355264,1,4.345088161209065,11.29341777010171,감소형,,0.0,,3.1,관찰,3.1
2026-10-09T15:40:46+09:00,BFC,KRW-BFC,,38.8,14.45427729,14192100456.743366,1791528048210,False,False,,338537758.215196,578625872.5717145,352260804.19008166,283418129.06149775,280082436.53502566,0.5850719338050994,0.8363742528030317,0.8020079529811487,1,-8.870967741935498,-9.35828877005348,감소형,,,,,,,,,,,,,,NO_DATA,,0.0,,3.0,관찰,3.0
2026-10-09T15:40:46+09:00,BEAM,KRW-BEAM,,3.63,1.39664804,1846124715.1620805,1791528038067,False,False,,2436397240.660715,6125251834.741721,2031359011.1331267,22724708160.131466,50893666353.02065,0.397762786966856,0.23668651331118767,0.14856408297869594,1,5.604719764011801,23.875432525951545,감소형,,,,,,,,,,,,,,NO_DATA,,0.0,,4.7,시동,4.7
2026-10-09T15:40:46+09:00,ORCA,KRW-ORCA,ORCAUSDT,3355.0,4.19254658,22257314307.19856,1791528043260,False,False,,35849787686.025314,68293445201.3841,121542238799.69038,31729464950.25717,6441430818.199152,0.5249374604006469,0.48540740078982325,0.7828490084643619,1,-1.3480392156862697,31.428571428571427,감소형,8800181.31025,-10.135,12457419.80336,30297720.22399,45109545.37658,13744645.86346,7161192.31785,0.4111669033598147,0.4191975112632166,0.6383878667142426,1,-3.064182194616971,29.767184035476735,감소형,,0.0,,2.7,시동,2.7
2026-10-09T15:40:46+09:00,MET2,KRW-MET2,,596.0,-2.77324633,41988321385.929184,1791528046159,False,True,거래량급등,51538225860.91057,19306414742.511986,7513030557.466016,514883670.8346726,791165917.6762142,2.669487139288755,5.656428505994339,9.024573666688305,4,52.48756218905473,48.06763285024154,연속 가속형,,,,,,,,,,,,,,NO_DATA,,0.0,,64.0,이미 발동,64.0
2026-10-09T15:40:46+09:00,RVN,KRW-RVN,RVNUSDT,3.15,0.0,1642455903.38851,1791528029100,True,False,,1923721729.0085237,2332436045.702198,2405395983.3306165,12788599064.172958,1167252495.3460958,0.8247693361424503,0.3292835350411299,0.4841714194562595,1,-7.624633431085048,-5.688622754491012,중립,1284937.6572993,1.777,1304169.8586198,1199390.7573494,2206990.8704814,8747567.6429274,334059.7542911,1.087360270727746,0.3219126136450729,0.5064850520629742,2,-7.915136678906576,-2.7574321413184055,중립,,0.0,,0,유의종목,0
2026-10-09T15:40:46+09:00,ZIL,KRW-ZIL,ZILUSDT,4.41,2.55813953,1381829777.9433942,1791528030712,True,False,,1413705793.293043,1108352781.927924,4044093297.504254,16489935912.692007,394531383.6298132,1.2755016420259015,0.1959635210866577,0.31295717589600636,2,-8.315565031982953,-4.867256637168138,중립,629053.5038578,-0.53,605686.474063,488090.5821291,687335.0752104,2041152.8008087,169819.1243629,1.240930467088578,0.5649044305404849,0.8460112055236207,2,-9.324137931034493,-6.433247936236841,중립,,0.0,,0,유의종목,0
2026-10-09T15:40:46+09:00,EGLD,KRW-EGLD,EGLDUSDT,6335.0,0.63542494,942596689.0723851,1791528010742,True,True,글로벌가격차이,1185361366.6366892,7242178928.530055,1278521090.4704456,862054268.767453,1438004529.3910868,0.16367468662877707,0.3790021555340141,0.4952920522737264,1,-9.42446043165468,-10.263720598717029,감소형,862494.60352,-1.692,900213.34525,703037.1779,595535.35056,436055.89769,256616.7123,1.2804633574841278,1.5568982930506092,1.9545316097592675,5,-12.97909407665504,-12.27222832052689,연속 가속형,EARLY,5.0,Binance 연속가속 우위,0,유의종목,0
2026-10-09T15:40:46+09:00,BLAST,KRW-BLAST,,0.289,-2.03389831,903734586.4916377,1791528048078,True,True,글로벌가격차이,3941871673.956696,1527621701.8505232,4190913041.9266124,5702696462.626582,37972340323.40995,2.580397796903258,1.0354063242533467,0.34023072377066255,2,-7.523510971786839,-3.2786885245901676,중립,,,,,,,,,,,,,,NO_DATA,,0.0,,0,유의종목,0
2026-10-09T15:40:46+09:00,SOPH,KRW-SOPH,SOPHUSDT,5.04,0.39840637,680049891.3146244,1791528042278,True,False,,816775841.0262091,696505384.5552555,610123090.0791684,1756726314.3516705,1923324709.8212464,1.1726769945185,0.7998836869593006,0.7111127688690534,3,-5.63909774436091,-4.198473282442761,중립,598264.95059,0.0,618501.22111,410748.76788,188989.89353,303604.74502,260361.1229,1.5057895956749279,2.054040191274461,2.1272795463683987,3,-6.282722513089012,-4.533333333333333,가속형,,0.0,,0,유의종목,0
2026-10-09T15:40:46+09:00,MANTRA,KRW-MANTRA,MANTRAUSDT,6.6,0.456621,640839098.2420685,1791528038074,True,True,글로벌가격차이,621884596.3425146,1131472372.9086566,5053499429.110761,1005128549.3465364,4032899503.9046497,0.5496241987277574,0.2594753477499257,0.2609495395542091,1,-4.366812227074234,-4.22740524781341,감소형,464997.73673,-1.354,496246.22739,461198.29975,376999.09154,442990.55898,302596.77323,1.075993184838275,1.1619986605839219,1.1379393507237028,3,-5.482456140350878,-5.482456140350878,중립,,0.0,,0,유의종목,0
2026-10-09T15:40:46+09:00,ICX,KRW-ICX,,19.6,-1.01010101,500884109.2394085,1791527919297,True,False,,616767298.768495,903950030.3558644,2373078766.7172904,1329686480.2790043,6259587337.315711,0.6823024260817689,0.40165319211327477,0.2195975163945326,1,-1.9801980198019709,-3.4146341463414553,감소형,,,,,,,,,,,,,,NO_DATA,,0.0,,0,유의종목,0
