scan_time_kst,coin,upbit_market,binance_symbol,upbit_price,upbit_price_24h_pct,upbit_24h_trade_krw,upbit_timestamp_ms,warning,caution_any,caution_types,upbit_D1_trade_krw,upbit_D2_trade_krw,upbit_D3_trade_krw,upbit_D4_trade_krw,upbit_D5_trade_krw,upbit_d1_vs_prev_x,upbit_d1_vs_3davg_x,upbit_d1_vs_5davg_x,upbit_rise_streak,upbit_price_3d_pct,upbit_price_5d_pct,upbit_supply_pattern,binance_24h_quote_usdt,binance_price_24h_pct,binance_D1_quote_usdt,binance_D2_quote_usdt,binance_D3_quote_usdt,binance_D4_quote_usdt,binance_D5_quote_usdt,binance_d1_vs_prev_x,binance_d1_vs_3davg_x,binance_d1_vs_5davg_x,binance_rise_streak,binance_price_3d_pct,binance_price_5d_pct,binance_supply_pattern,overseas_lead,overseas_lead_score,overseas_lead_reason,raw_signal_score,state,score
2026-10-08T04:29:44+09:00,MNT,KRW-MNT,,791.0,-1.24843945,596365745.9677511,1791401267759,False,False,,904122095.9555287,314956914.4991768,236209727.85477528,206724823.73559764,387052927.17542714,2.8706215178453935,3.578832074546809,3.3480878392129334,4,-8.56164383561644,-13.68534482758621,연속 가속형,,,,,,,,,,,,,,NO_DATA,,0.0,,86.7,발사 전,86.7
2026-10-08T04:29:44+09:00,RENDER,KRW-RENDER,RENDERUSDT,2807.0,-3.10666206,2326392467.3051586,1791401336702,False,False,,2978446602.4954267,1042242601.0395665,950711029.5139761,990429191.2889012,962804491.8511869,2.8577287087714778,2.9950362863482916,3.28801719386518,3,7.177210506844256,11.25192012288787,가속형,11434178.51505,-4.2,10666672.46118,8878658.5344,2944198.08782,3937965.8411,5593110.73675,1.2013833418474664,2.0303519983181912,2.1593592096019174,3,7.696177062374243,12.094240837696347,가속형,YES,11.2,Binance D2 선행→Upbit D1 확산,79.6,발사 전,79.6
2026-10-08T04:29:44+09:00,ARKM,KRW-ARKM,ARKMUSDT,172.0,-7.027027030000001,543402665.0018638,1791401337016,False,False,,556515143.8094503,204848899.8107498,202628362.49773714,156724213.33078757,318910804.1195782,2.716710435465303,2.9591298561150596,2.388438857162226,4,2.20994475138121,2.777777777777768,연속 가속형,1079903.46886,-6.667,865980.79806,1196750.70665,602863.37819,532583.65878,1403380.92505,0.7236100160609835,1.1139460199234716,0.9304884662335617,1,2.2488755622188883,3.2551097653293004,감소형,,0.0,,78.2,발사 전,78.2
2026-10-08T04:29:44+09:00,MIRA,KRW-MIRA,MIRAUSDT,67.2,-10.63829787,3944350938.5520067,1791401336381,False,True,거래량급등,7103847143.264991,1530127023.7877398,1494317029.1395252,971697771.7698917,2103113394.722244,4.642651905905063,5.333029297930397,4.967989530828213,4,4.735376044568262,7.890961262553797,연속 가속형,1791475.950271,-12.997,3809271.075472,569533.183614,408657.620881,370598.205251,538385.025269,6.688409358871925,8.472647051422856,7.459025097336236,4,4.925175222580047,8.056964494732743,연속 가속형,,0.0,,75.6,발사 전,75.6
2026-10-08T04:29:44+09:00,AI,KRW-AI,AIUSDT,28.2,-5.68561873,831555235.5959237,1791401173043,False,False,,977009885.4520509,422780521.4253645,329370615.1238314,304801627.6642094,499145220.98408264,2.310915087001063,2.7730942721337732,2.5901228381249344,4,6.785714285714284,7.168458781362008,연속 가속형,659203.78271,-6.635,1037069.5795,1069441.69834,720990.96846,2484801.34624,3220484.30119,0.9697298890717949,0.7277282901966122,0.6683334126329451,1,1.9607843137254832,11.22994652406415,중립,,0.0,,75.2,발사 전,75.2
2026-10-08T04:29:44+09:00,BABY,KRW-BABY,BABYUSDT,17.8,-4.30107527,300781406.0922557,1791401325697,False,False,,394916822.89172107,219196932.7178663,161711723.47948265,90694043.1757162,206521339.24519622,1.8016530523263667,2.5121791504801303,2.300266685809036,4,1.6393442622950838,0.0,연속 가속형,1153568.11823,-6.03,787581.93479,604463.31739,336302.32314,512097.80974,952916.3005,1.3029441359496954,1.6262683213146476,1.019515802142076,3,2.0771513353115667,-0.0726216412490932,가속형,,0.0,,75.0,발사 전,75.0
2026-10-08T04:29:44+09:00,BREV,KRW-BREV,BREVUSDT,116.0,-7.936507939999999,1248655097.934586,1791400924504,False,True,거래량급등,4502672613.151255,648684984.7783673,118651448.61771955,41762927.07389666,221508583.48514745,6.941231443317065,16.69512855826178,18.166428310484175,4,8.62068965517242,7.692307692307687,연속 가속형,641907.6257,-7.174,1216757.07496,296942.77224,95346.60575,81715.58558,319742.56122,4.097614721454047,7.7009135039172145,5.8639644512628255,4,8.440797186400939,7.308584686774933,연속 가속형,,0.0,,74.3,발사 전,74.3
2026-10-08T04:29:44+09:00,VTHO,KRW-VTHO,VTHOUSDT,0.936,-5.83501006,5103529798.42368,1791401154250,False,True,"거래량급등,입금량급등",30649264304.92666,1041028937.9026288,869766260.3462062,647582541.5200278,1136002541.2024934,29.441318285230412,35.93988154504777,31.925143833721492,4,11.310190369540862,8.278867102396514,연속 가속형,1898706.599588,-4.972,7200479.688897,652848.382767,252381.278322,288777.412881,2274135.810905,11.029329135164348,18.09155032462877,0.5632601280324352,3,11.263318112633169,8.779761904761907,가속형,,0.0,,73.2,발사 전,73.2
2026-10-08T04:29:44+09:00,DOOD,KRW-DOOD,,2.18,-3.9647577099999998,652094145.2842287,1791401382335,False,False,,1269843646.6200511,607527202.2138863,303243249.6398356,354963369.2146146,612392373.3353777,2.0901840147941053,3.0097409711662264,2.7271687888833505,3,-3.813559322033888,-7.72357723577236,가속형,,,,,,,,,,,,,,NO_DATA,,0.0,,70.7,발사 전,70.7
2026-10-08T04:29:44+09:00,WAL,KRW-WAL,WALUSDT,50.2,-0.3968254,2062793600.423124,1791401344850,False,False,,1071918665.4721947,562955627.9547884,464380234.0294989,447541666.8739779,544189635.7424119,1.9040908594634063,2.180354594530958,2.1731902835561225,4,5.660377358490565,8.855291576673864,연속 가속형,1483491.196067,-0.108,777112.541373,468709.137083,597876.555805,254076.146464,471294.792631,1.6579846217834395,1.765279767046878,1.6587795539669021,2,6.103822019395322,9.702152757298709,고수준 유지형,,0.0,,68.4,발사 전,68.4
2026-10-08T04:29:44+09:00,PIEVERSE,KRW-PIEVERSE,,1746.0,-2.23964166,410699751.9433175,1791401372582,False,False,,664830415.4526248,490734147.59571004,348409348.02121097,213521437.4593324,373765677.03629786,1.3547669725244869,1.8947066475647447,1.825194133186441,4,-2.882001087547581,-6.345044572627168,연속 가속형,,,,,,,,,,,,,,NO_DATA,,0.0,,68.3,발사 전,68.3
2026-10-08T04:29:44+09:00,STEEM,KRW-STEEM,STEEMUSDT,80.1,-4.64285714,650174861.3115145,1791401371951,False,True,거래량급등,3697484909.441167,381332710.55041605,313551559.8454122,701716869.5092161,643281553.9088463,9.69621752118829,7.942464323835281,6.930924497322329,3,-3.114186851211076,-3.559127439724452,가속형,350180.772281,-4.099,924435.51955,353276.92963,221675.371205,656475.613218,347213.742695,2.6167446612440712,2.2521062962769887,2.448751058182763,3,-3.3333333333333326,-3.4391120837892752,가속형,,0.0,,68.0,발사 전,68.0
2026-10-08T04:29:44+09:00,AVAX,KRW-AVAX,AVAXUSDT,15370.0,-2.28862047,15020098232.839762,1791401374151,False,False,,14366514077.04796,5677841654.983336,2882654176.004517,4244853912.5901937,10041682211.248976,2.5302773395307243,3.3657450279918,2.254353771702416,3,4.172185430463582,5.076820307281227,가속형,79123967.63614,-0.922,66053196.32928,35657009.14241,18646057.63219,33069293.56592,67830708.39153,1.852460369445769,2.267989421546405,1.6088527000721502,3,4.3415730337078795,5.623293903548676,가속형,,0.0,,67.7,발사 전,67.7
2026-10-08T04:29:44+09:00,KERNEL,KRW-KERNEL,KERNELUSDT,69.6,-4.91803279,254493695.6529994,1791401257241,False,False,,455328554.47642803,213010784.47732392,160561779.57571867,162034057.17175606,472752058.1814472,2.1375845152333124,2.550352458872924,1.5001759046352077,3,-1.2145748987854144,-2.008032128514059,가속형,392272.45504,-4.486,293720.90681,434286.10793,169928.72718,193476.9099,440361.15663,0.6763304223798546,1.104640640876826,0.8093274852540259,1,-0.9174311926605561,-1.4598540145985495,감소형,YES,6.7,Binance D2 선행→Upbit D1 확산,67.6,발사 전,67.6
2026-10-08T04:29:44+09:00,HOME,KRW-HOME,HOMEUSDT,7.77,-2.875,1138703657.8331285,1791401316704,False,True,거래량급등,3656880166.4371295,348538844.1842277,293881733.93353343,321342491.15006423,395467578.68552095,10.49203045071271,11.383130199879757,11.282711512459626,3,3.4928848641655907,-0.867410161090465,가속형,1028116.20532,-3.396,1658538.98159,482767.21901,417482.75429,510113.08239,777574.79456,3.4354838445558276,3.5278979583989103,3.077333579322128,3,3.690685413005279,-0.33783783783783994,가속형,,0.0,,66.8,발사 전,66.8
2026-10-08T04:29:44+09:00,KAVA,KRW-KAVA,KAVAUSDT,90.8,-2.3655914,284167395.4260926,1791400439183,False,False,,411267982.58314294,138320397.5772932,88589770.29842503,207771750.67104703,195325057.85598537,2.973299598516026,2.838406418822986,2.213117428025452,3,-0.3215434083601254,-0.8528784648187626,가속형,554639.636117,-3.006,269122.327084,326995.631368,254285.453938,229164.351833,1083101.379483,0.8230150536204884,0.9962015260424347,0.609525929473158,1,0.0,-0.160046558998983,중립,,0.0,,66.8,발사 전,66.8
2026-10-08T04:29:44+09:00,MON,KRW-MON,,35.2,-8.57142857,2891353757.960664,1791401313736,False,False,,3694555038.021446,1953070781.9567327,1812554601.71979,1331230562.183218,4479816829.848371,1.89166469139432,2.1746082745516437,1.014196743092052,4,-16.12200435729847,-15.938864628820959,연속 가속형,,,,,,,,,,,,,,NO_DATA,,0.0,,66.5,발사 전,66.5
2026-10-08T04:29:44+09:00,ORBS,KRW-ORBS,,9.73,-2.11267606,313488719.41651064,1791400655947,False,False,,152047372.8340687,69718798.26145488,41301974.98991258,43298479.90241617,99529048.97915365,2.180866231570294,2.955834150179869,1.9757828176659973,3,-0.40080160320642433,-0.5005005005005114,가속형,,,,,,,,,,,,,,NO_DATA,,0.0,,66.5,발사 전,66.5
2026-10-08T04:29:44+09:00,LPT,KRW-LPT,LPTUSDT,2292.0,-6.6395112,4830312195.05543,1791401333787,False,True,거래량급등,5905880526.264743,1988902598.2912946,265830705.6295757,1496375654.5283198,253465698.7037671,2.9694166679346696,4.72330763383615,7.016137204838332,3,1.446280991735538,4.914529914529919,가속형,2757271.34938,-8.32,4424508.19614,1820993.94049,624151.38051,2004731.19906,1317913.00256,2.4297215371015657,2.9828972845837587,3.4194508037950566,3,2.025886325267301,5.529685681024454,가속형,,0.0,,66.4,발사 전,66.4
2026-10-08T04:29:44+09:00,CYBER,KRW-CYBER,CYBERUSDT,426.0,-7.18954248,771950879.876798,1791401368473,False,True,거래량급등,2887631641.717753,690450613.610679,249554203.51298526,247668978.84759808,927838078.9112206,4.182242125352049,7.294001900638777,1.5491168556880375,4,6.9930069930070005,5.275229357798161,연속 가속형,1152487.95506,-6.024,2600023.42988,1431867.01116,356554.23861,391968.88681,734090.12904,1.8158274543762556,3.5773736813332944,2.6697480563962857,3,7.301587301587298,5.956112852664575,가속형,,0.0,,66.1,발사 전,66.1
2026-10-08T04:29:44+09:00,NCT,KRW-NCT,,13.1,-5.07246377,357043983.62261873,1791400391140,False,False,,464866452.381758,400048797.49365884,274292801.4488055,123477379.44245784,396366876.72003603,1.1620243712621747,1.7480147689247176,1.565904296331034,4,1.4705882352941346,-0.7194244604316502,연속 가속형,,,,,,,,,,,,,,NO_DATA,,0.0,,65.3,발사 전,65.3
2026-10-08T04:29:44+09:00,SC,KRW-SC,SCUSDT,1.3,-11.56462585,2024107322.5989344,1791401119373,False,True,거래량급등,5387216915.948266,403011933.97701955,290193711.58740175,426510131.9093271,1442095706.4036486,13.367388064134733,14.433708154321067,8.55686622497955,3,5.000000000000004,6.521739130434789,가속형,601190.284714,-11.574,680851.304686,413658.797357,305398.624557,376105.144358,437069.848036,1.64592487585464,1.8650691476891668,1.8391569637195526,3,5.145631067961154,6.072477962781586,가속형,,0.0,,64.8,발사 전,64.8
2026-10-08T04:29:44+09:00,A,KRW-A,AUSDT,132.0,-5.71428571,1354267011.7234151,1791401363727,False,False,,2021708640.6675494,1861311922.8162313,297290234.8595898,326358162.10379684,395352107.0236959,1.0861740130094004,2.440733509394847,3.1184305103098033,3,7.692307692307687,6.870229007633588,가속형,837159.47572,-8.704,1268142.3234,1731236.98376,330618.66215,234292.55109,913671.72196,0.7325064883062836,1.656873443609006,1.7253785094715806,1,7.62004175365345,7.172557172557181,감소형,,0.0,,63.9,발사 전,63.9
2026-10-08T04:29:44+09:00,CTC,KRW-CTC,,152.0,-4.40251572,1612921983.5654118,1791401182681,False,True,거래량급등,1910527988.8841631,441925923.0466579,368093937.6263437,369373673.1481876,868639025.124551,4.323186057321314,4.8597722492867845,2.581141455418289,3,1.273885350318471,0.0,가속형,,,,,,,,,,,,,,NO_DATA,,0.0,,63.5,발사 전,63.5
2026-10-08T04:29:44+09:00,ZORA,KRW-ZORA,,9.7,-5.825242719999999,647442514.7958956,1791401266467,False,False,,711019836.3127749,564948343.3896139,421199603.08900577,334305812.3334594,911887211.6643176,1.2585572550699977,1.6153988692926977,1.2241642185163923,4,-1.904761904761898,-3.738317757009335,연속 가속형,,,,,,,,,,,,,,NO_DATA,,0.0,,63.0,발사 전,63.0
2026-10-08T04:29:44+09:00,MINA,KRW-MINA,MINAUSDT,125.0,-20.38216561,14837836557.84456,1791401382343,False,True,입금량급등,8474394052.801973,6115613012.173465,1066143826.3222744,1739126897.9787982,4593917601.107836,1.3856982179763868,2.849850184064047,2.766272228028279,3,-28.959276018099544,-24.154589371980673,가속형,16184613.00923,-22.334,12123599.97486,2664049.45456,1179313.16838,1846533.36305,4278951.74903,4.5508164099987995,6.392173075594763,5.24553078825195,3,-30.208333333333336,-24.818481848184813,가속형,,0.0,,61.6,발사 전,61.6
2026-10-08T04:29:44+09:00,NXPC,KRW-NXPC,NXPCUSDT,297.0,-5.71428571,440835573.9365967,1791401182353,False,False,,251981426.7475696,211877229.01703063,195964028.10164368,94813827.11869138,414175057.2746518,1.1892803578591042,1.5039025843927083,1.1015871835818236,4,-1.5625,-0.6309148264984188,연속 가속형,271591.28372,-6.398,135553.88041,209537.91393,141382.98778,107264.79856,532028.96438,0.6469181537012164,0.8875476493272535,0.5557259262620646,1,-1.100762066045724,0.8200258955546103,감소형,,0.0,,61.5,발사 전,61.5
2026-10-08T04:29:44+09:00,MED,KRW-MED,,2.23,-4.7008547,219223342.86688137,1791400420372,False,False,,150066135.60335013,140615713.5507437,85958329.64655621,84018086.00287859,179683939.0267631,1.0672074394388085,1.449484273698046,1.143728809167219,4,-2.092050209205032,-3.70370370370372,연속 가속형,,,,,,,,,,,,,,NO_DATA,,0.0,,61.3,발사 전,61.3
2026-10-08T04:29:44+09:00,USD1,KRW-USD1,USD1USDT,1363.0,0.5904058999999999,133887685.1574431,1791401182674,False,False,,50643877.67906396,44059142.71401059,42728387.87608658,17741028.29808755,56268193.3157327,1.1494521808514322,1.453493998704361,1.154453161350623,4,-0.22091310751104487,-0.5869405722670584,연속 가속형,166919833.2057,-0.007,95074142.69815,145445402.70314,64756971.54799,61996923.25363,209809885.25099,0.6536758187689178,1.047844100661069,0.7588451715073861,1,-0.010002400576136772,0.0,감소형,,0.0,,60.9,발사 전,60.9
2026-10-08T04:29:44+09:00,ID,KRW-ID,IDUSDT,50.0,-4.94296578,1293167517.4740345,1791401363412,False,False,,1222291125.9496126,535680144.92989624,473317481.0254116,527650925.26038206,934414839.423865,2.2817555168291186,2.386279787234278,1.8317615578511215,3,4.7808764940239,5.622489959839361,가속형,569662.5877,-4.427,594882.8048,529437.0457,301900.6405,243241.539,505435.2718,1.1236138642574025,1.6607881229677064,1.559789692237897,4,5.978260869565211,6.849315068493156,연속 가속형,,0.0,,58.3,발사 전,58.3
2026-10-08T04:29:44+09:00,AUCTION,KRW-AUCTION,AUCTIONUSDT,5020.0,-5.4613936,369006648.3201642,1791401365000,False,False,,340594935.1596564,302983460.2670195,227003512.01031995,226548193.9459564,395511365.1792677,1.1241370563907676,1.3506111164400034,1.271611812693214,4,4.940711462450587,5.35714285714286,연속 가속형,562858.98282,-4.603,516632.85633,387648.90583,242976.98617,181806.78484,456370.36588,1.3327339470334136,1.907725542279285,1.545421071851232,4,4.846050870147267,5.837837837837823,연속 가속형,,0.0,,58.3,발사 전,58.3
2026-10-08T04:29:44+09:00,IQ,KRW-IQ,IQUSDT,1.13,-5.042016810000001,407446002.3430567,1791400285571,False,False,,264541535.85876778,201041169.66478026,99517255.31326328,109276181.54687741,192295308.81696016,1.3158575246048816,1.936450936404867,1.6548057780948726,3,-3.25203252032521,-3.25203252032521,가속형,69643.869737,-5.682,53528.573952,39672.283591,23984.216206,32275.817134,45092.251258,1.3492687868399746,1.673948122940702,1.4479757551725712,3,-3.111111111111098,-3.111111111111098,가속형,,0.0,,56.8,발사 전,56.8
2026-10-08T04:29:44+09:00,POLYX,KRW-POLYX,POLYXUSDT,54.7,-5.19930676,655678364.9265612,1791401364052,False,False,,743624589.316862,403936468.61209923,315475592.3388891,486207549.4567816,616791789.2878394,1.840944423443395,1.8503960525294127,1.6503158553758375,3,0.0,-1.8707482993197133,가속형,274660.48291,-4.953,426662.61806,192497.33369,156109.23778,240695.89774,334584.13251,2.216459884826782,2.172038844323715,1.6007776726813117,3,0.0,-1.3921113689094988,가속형,,0.0,,56.1,발사 전,56.1
2026-10-08T04:29:44+09:00,JTO,KRW-JTO,JTOUSDT,705.0,-4.60081191,6244119261.941092,1791401324400,False,False,,5154055613.588483,3214033552.110702,2806784917.2868385,3371997966.290048,3323712585.4860406,1.6036097725873897,1.6461693834468685,1.7064812589896032,3,-4.025974025974022,0.27137042062415073,가속형,5760801.03049,-5.511,4087463.38405,2928654.92399,3033368.59139,3246271.49685,2853832.0662,1.3956794126094034,1.3316678207924162,1.4295236292981428,2,-3.689320388349515,0.8130081300812941,중립,,0.0,,54.6,관찰,54.6
2026-10-08T04:29:44+09:00,AXL,KRW-AXL,AXLUSDT,69.1,-4.55801105,478093081.3750645,1791401354920,False,False,,545378421.2870462,290306880.95797753,275546623.53340274,385599998.93207,507951765.1256788,1.8786272632855394,1.719616626534157,1.377110705337131,3,-3.337783711615483,2.5495750708215414,가속형,427543.889051,-5.066,366290.363966,484660.142167,227164.719388,319730.637608,471502.066228,0.7557674586737253,1.065256394628907,0.8479520576096838,1,-2.5454545454545396,3.675048355899424,중립,,0.0,,53.1,관찰,53.1
2026-10-08T04:29:44+09:00,JPYC,KRW-JPYC,,8.56,0.23419204000000002,760349900.2948574,1791401371317,False,False,,1596154004.4048905,610218024.3982232,641664357.7939078,477043895.1854716,1265839473.169068,2.615711009157694,2.7696160766772,1.968884457324365,2,0.11723329425556983,-0.11695906432750425,고수준 유지형,,,,,,,,,,,,,,NO_DATA,,0.0,,51.8,관찰,51.8
2026-10-08T04:29:44+09:00,JUP,KRW-JUP,JUPUSDT,446.0,-6.49895178,3465699724.468078,1791401179760,False,False,,2715531365.3651285,2058850700.8076384,1554050830.039491,1698429375.308351,3226208295.868921,1.3189549705084929,1.5338140741059878,1.3767094529829682,3,6.950672645739919,6.950672645739919,가속형,7171631.21036,-7.307,5568524.06084,5186534.86295,2549202.60941,2634368.73068,3923360.29652,1.0736501745353606,1.6109354962654825,1.5592811614083388,3,6.810580723624193,7.5957120980091775,가속형,,0.0,,48.2,관찰,48.2
2026-10-08T04:29:44+09:00,MTL,KRW-MTL,MTLUSDT,412.0,-4.40835267,308723469.93831825,1791401368161,False,False,,691919070.3394201,147587123.3111198,199792347.68591157,289535854.4496258,397334974.2397306,4.688207580825503,3.259078763040549,2.239367528845205,2,-0.23148148148147696,-0.919540229885063,일회성 폭증형,278233.15124,-4.127,336662.18327,202685.80956,71524.7212,115580.40495,182865.74211,1.6610051981480216,2.5910980920331568,1.8298254933756983,3,-0.25094102885820924,-0.6249999999999978,가속형,YES,8.5,Binance D2 선행→Upbit D1 확산,47.7,관찰,47.7
2026-10-08T04:29:44+09:00,WLFI,KRW-WLFI,WLFIUSDT,74.5,-2.23097113,1640811798.5172544,1791401192574,False,False,,2855983516.9312825,768852610.3566173,1443978824.102513,1390391307.4364738,2210035819.167984,3.7146046959593337,2.377857591531067,1.8308688699518119,2,1.8716577540107027,0.13140604467807293,고수준 유지형,6209986.96987,-2.147,5208751.36574,3305233.34243,2979743.44731,2239412.21772,8127576.44885,1.5759103294990173,1.8331230641333829,1.1828536374824947,4,2.177858439201441,0.5357142857142838,연속 가속형,,0.0,,47.5,관찰,47.5
2026-10-08T04:29:44+09:00,ETHFI,KRW-ETHFI,ETHFIUSDT,974.0,-7.852412490000001,1579085206.3021648,1791401346421,False,True,입금량급등,2501520852.6045766,684175578.4474899,954708948.1590344,669978475.3860552,1280417257.2350612,3.6562556913840023,3.250328214076449,2.536415342464252,2,7.527975584944047,6.767676767676778,고수준 유지형,8280272.86815,-7.975,7822569.04126,4467545.24119,3564432.16855,3293118.05204,9463294.0601,1.750977017342154,2.0721862524672714,1.4564128165015953,4,7.675317504141366,7.452817192450767,연속 가속형,,0.0,,46.6,관찰,46.6
2026-10-08T04:29:44+09:00,QTUM,KRW-QTUM,QTUMUSDT,1265.0,-4.02124431,506197757.61127996,1791401371320,False,False,,377440092.66306,331615851.37192327,209963176.94684097,214519398.80699444,609027260.3794923,1.1381847131298395,1.497583168230617,1.2207766142268213,3,-2.4426350851221357,-1.5683345780433178,고수준 유지형,794878.4295,-5.015,171271.0769,191360.762,128552.1227,90389.3271,323443.8089,0.8950166957424637,1.25227994371733,0.9691609151580484,1,-1.7137096774193616,-1.2158054711246202,중립,,0.0,,46.1,관찰,46.1
2026-10-08T04:29:44+09:00,MOC,KRW-MOC,,28.6,-5.29801325,213863344.56474584,1791399656174,False,False,,185565841.74642247,66252674.39099875,70779903.06038383,116713356.68587719,225180053.70261124,2.800880771261875,2.193917026225653,1.549043242661796,2,-1.3071895424836666,0.0,고수준 유지형,,,,,,,,,,,,,,NO_DATA,,0.0,,45.3,관찰,45.3
2026-10-08T04:29:44+09:00,LAYER,KRW-LAYER,LAYERUSDT,101.0,-3.80952381,731519283.865176,1791401211877,False,False,,537338992.6627241,450127902.3611871,296480525.6022977,359675037.0616995,635704474.854492,1.19374735457203,1.4571464086299755,1.0965084901833084,3,-1.869158878504673,0.0,고수준 유지형,368075.608725,-4.01,245846.737181,333739.109916,202898.272511,246571.300383,408721.138576,0.7366434735290032,0.9416905452284436,0.7636571083712725,1,-1.0217113665389466,1.04302477183833,감소형,,0.0,,45.1,관찰,45.1
2026-10-08T04:29:44+09:00,BARD,KRW-BARD,BARDUSDT,169.0,-4.51977401,649205130.7509074,1791401255234,False,False,,442694632.9726171,340963844.6427497,286083780.485731,309857287.63911986,627224382.1420399,1.2983623921664111,1.4175226117607975,1.1397466924997552,3,-4.8387096774193505,-5.851063829787229,고수준 유지형,440416.36171,-4.468,386838.03734,302627.66605,134487.47891,183652.36244,593848.78734,1.2782639551404622,1.8694826939004185,1.133318654503771,3,-4.817518248175201,-5.370101596516708,가속형,,0.0,,45.0,관찰,45.0
2026-10-08T04:29:44+09:00,PYTH,KRW-PYTH,PYTHUSDT,99.2,-3.68932039,1588921747.8317792,1791401259204,False,False,,1306917308.384099,1145357932.5253918,549838218.0447361,1083010231.567132,1507347160.5077894,1.1410557968568709,1.411252940156333,1.1832406268282885,3,-2.8301886792452824,1.980198019801982,고수준 유지형,5694376.693963,-5.588,4239044.480864,2878236.529793,1391927.444255,1750971.08347,2801134.336004,1.4727922590742977,2.112082409896015,1.9889037951821071,3,-2.9080194722008845,1.9642136418673628,가속형,,0.0,,44.8,관찰,44.8
2026-10-08T04:29:44+09:00,AHT,KRW-AHT,,1.45,-7.643312100000001,146252226.34099898,1791397586237,False,False,,110574687.44827516,42354909.39657592,81469158.50264978,38234400.67921695,100180485.26157618,2.61066990872171,2.046940621213251,1.7764194756448242,2,1.2903225806451646,-0.6329113924050667,고수준 유지형,,,,,,,,,,,,,,NO_DATA,,0.0,,44.8,관찰,44.8
2026-10-08T04:29:44+09:00,XEC,KRW-XEC,XECUSDT,0.0104,-3.7037037,703188663.9538527,1791401338315,False,False,,690703584.6826924,537724020.4410108,291713761.54229665,615905790.3372707,1178236751.0657222,1.2844945704977366,1.4336458083258297,0.9813157338385785,3,-1.8181818181818077,-2.7027027027026973,고수준 유지형,375138.85033887,-4.056,268647.20195018,273068.79091905,207223.46300429,187355.2936349,500543.8824241,0.9838077835479164,1.2071363233461685,0.8885116316918578,1,-2.2222222222222254,-2.583025830258301,중립,,0.0,,44.5,관찰,44.5
2026-10-08T04:29:44+09:00,0G,KRW-0G,0GUSDT,407.0,-6.436781610000001,3623124787.456417,1791401298972,False,True,입금량급등,3317046655.2124157,1997400851.144756,1034919312.5555382,1463052953.5578542,3294006086.8511987,1.6606815068249021,2.213640493474037,1.0964897200390593,3,6.87960687960687,7.940446650124078,가속형,2349131.774362,-5.592,2188781.146222,1780025.028509,739898.4977,906904.759025,2705316.488352,1.2296350394889592,1.9161577097282594,1.0709328785854835,3,6.866666666666665,8.457374830852515,가속형,,0.0,,44.0,관찰,44.0
2026-10-08T04:29:44+09:00,O,KRW-O,,640.0,-6.56934307,469425839.0971369,1791401292512,False,False,,284969629.1471705,208226466.94402292,176888205.13734385,242385808.3907158,528636505.7869164,1.3685562326895662,1.3624035583181457,0.8204583260856038,3,-1.862464183381085,-7.181571815718158,중립,,,,,,,,,,,,,,NO_DATA,,0.0,,43.9,관찰,43.9
2026-10-08T04:29:44+09:00,XPL,KRW-XPL,XPLUSDT,119.0,-2.45901639,6513728963.777521,1791401336699,False,True,입금량급등,6436321459.615956,5059803708.565746,2436294108.451076,3986808885.005697,11963772158.872643,1.2720496347951011,1.6815397773324174,1.0483033537934021,3,-6.153846153846154,-7.57575757575758,가속형,10453323.74961,-3.432,8165131.310212,8153434.516505,4563683.976695,8134345.026167,22523661.065391,1.0014345848590949,1.1747565780159503,0.7630890467672056,3,-6.093864325284837,-6.601517829296178,중립,,0.0,,43.7,관찰,43.7
2026-10-08T04:29:44+09:00,ARDR,KRW-ARDR,,37.4,-5.79345088,424179598.2987276,1791400455163,False,False,,368880508.2922272,289664275.0929747,258515362.17687017,276347116.38465613,526360005.1724922,1.2734760203819615,1.3421535686644248,0.6898026580835354,3,-2.457002457002455,-3.874092009685215,중립,,,,,,,,,,,,,,NO_DATA,,0.0,,43.7,관찰,43.7
2026-10-08T04:29:44+09:00,ONG,KRW-ONG,ONGUSDT,116.0,-2.5210084,932477613.4011302,1791401376677,False,False,,784926315.3949425,691372173.0597999,515211711.52310616,580561456.2356304,1440638959.964392,1.135316615248052,1.317620281015481,0.8035218119378622,3,-4.0322580645161255,-6.299212598425196,중립,639338.44862,-3.387,492317.67751,494883.54732,227209.67731,291841.55315,647052.96049,0.9948152048620423,1.4566548706059514,0.8768823695281521,1,-3.1991174848317705,-5.09409474367295,중립,,0.0,,43.5,관찰,43.5
2026-10-08T04:29:44+09:00,USDT,KRW-USDT,,1363.0,0.6646971899999999,107030592243.13809,1791401367206,False,False,,58080427362.25045,54774518938.8202,37055247273.333,43892751489.19913,131256174943.20087,1.0603548600239237,1.2838052597149487,0.8871858430197564,3,-0.367917586460631,-0.7331378299120228,중립,,,,,,,,,,,,,,NO_DATA,,0.0,,42.7,관찰,42.7
2026-10-08T04:29:44+09:00,CP,KRW-CP,,15.5,-5.4878048800000006,1674659272.8920267,1791401321159,False,False,,1253673793.106924,1057301066.5681438,785119017.7392651,1329841425.8794234,1750419517.321939,1.185730188636033,1.1855962590862392,0.975722164405451,3,-3.529411764705892,-4.651162790697683,중립,,,,,,,,,,,,,,NO_DATA,,0.0,,42.5,관찰,42.5
2026-10-08T04:29:44+09:00,VVV,KRW-VVV,,34480.0,-5.99781897,934424143.7151788,1791401384847,False,True,입금량급등,1097073661.397349,1035697372.2479391,1005448709.178948,722702576.3393958,4302311743.646523,1.0592608331294646,1.1908108553425576,0.679197253208491,4,-4.079497907949792,2.286670384829903,중립,,,,,,,,,,,,,,NO_DATA,,0.0,,42.0,관찰,42.0
2026-10-08T04:29:44+09:00,GLM,KRW-GLM,GLMUSDT,171.0,-6.55737705,356808404.1437997,1791401238694,False,False,,248558596.73600098,238463663.05070415,130346445.48176046,176890705.92629507,437058796.18883455,1.042333215703184,1.366455336790332,1.0492885855942333,3,3.3898305084745672,5.780346820809257,중립,307868.01757,-5.635,334747.67548,147455.95754,55219.2938,69731.09676,123516.0729,2.2701536178298785,3.686562495494208,3.5131673919723263,3,3.9260969976905535,6.550907655880023,가속형,,0.0,,41.7,관찰,41.7
2026-10-08T04:29:44+09:00,UNI,KRW-UNI,UNIUSDT,10640.0,-8.196721310000001,9471036776.335957,1791401365316,False,False,,4840678885.124172,4445360046.261664,2433921206.509129,7438763878.909842,7209774215.224235,1.0889284185641952,1.014247163060027,0.8276995536215672,3,-5.695687550854355,-5.387755102040814,중립,82590370.43079,-9.507,55614341.67978,48243371.53267,17963681.97351,51677110.1026,55915701.09207,1.1527872101998187,1.4153133036006336,1.1694959246797203,3,-5.413168360583298,-4.68663030168096,고수준 유지형,,0.0,,41.1,관찰,41.1
2026-10-08T04:29:44+09:00,DATA,KRW-DATA,,273.0,-1.44404332,6390591065.77702,1791401374152,False,False,,5508919826.005373,4576369438.591596,3910960384.914904,10098339284.40305,9591973056.525984,1.2037751540664023,0.8892205807636372,0.7534348504043333,3,-4.810996563573888,-5.136986301369861,중립,,,,,,,,,,,,,,NO_DATA,,0.0,,41.0,관찰,41.0
2026-10-08T04:29:44+09:00,MMT,KRW-MMT,MMTUSDT,232.0,-3.73443983,1067847529.4977999,1791401303276,False,False,,1016547529.8531127,797150299.9118913,551023305.3492824,2095556959.4130497,1256159872.8957005,1.2752269301855261,0.8855636445088246,0.8651740230871842,3,-7.307692307692304,-6.949806949806947,중립,695030.90865,-3.33,480570.45617,536695.30352,331251.80599,881889.44847,642641.45245,0.8954251192773696,0.8239120173453813,0.7310560904743878,1,-6.691061160480927,-6.348373557187825,중립,,0.0,,41.0,관찰,41.0
2026-10-08T04:29:44+09:00,BFC,KRW-BFC,,34.8,-4.657534249999999,593581609.9978046,1791401379195,False,False,,352260804.19008166,283418129.06149775,280082436.53502566,616176355.9003713,474390696.4401142,1.2429014521990793,0.8958235880628157,0.7879325963482091,3,-2.4064171122994638,-4.9479166666666625,중립,,,,,,,,,,,,,,NO_DATA,,0.0,,41.0,관찰,41.0
2026-10-08T04:29:44+09:00,IN,KRW-IN,,46.5,-3.5269709500000004,922503123.5091143,1791401324403,False,False,,967193625.3037552,618411049.6955235,623358432.4905313,369063531.05256236,1284315748.6678302,1.5639979683091947,1.8012921588176107,1.1816156549410926,2,-3.984063745019917,-6.407766990291252,고수준 유지형,,,,,,,,,,,,,,NO_DATA,,0.0,,40.3,관찰,40.3
2026-10-08T04:29:44+09:00,THETA,KRW-THETA,THETAUSDT,300.0,-6.25,575576333.7886393,1791401347681,False,True,입금량급등,844212007.5938426,269908678.84063774,351322147.577438,444110648.73616225,488239485.4476173,3.127769033660051,2.377299750218453,2.4004285113273602,2,3.5598705501618033,7.0234113712374535,고수준 유지형,1085050.03772,-6.271,1037592.48797,738399.47914,721137.1306,681398.03786,1037410.95613,1.4051912511889426,1.453933900971448,1.4083023761905737,4,4.051078819903142,7.653758542141231,연속 가속형,,0.0,,40.2,관찰,40.2
2026-10-08T04:29:44+09:00,PROVE,KRW-PROVE,PROVEUSDT,279.0,-3.46020761,287668491.50956494,1791401382967,False,False,,555638563.860692,324462879.7352819,494431260.53521997,199678787.1916903,530628167.61793965,1.712487309223226,1.636520711123995,1.2965128578742857,2,-1.3651877133105783,-8.544303797468356,고수준 유지형,908698.45828,-4.062,1006224.15259,818500.09328,572162.69515,454474.28441,1484075.94871,1.2293512986146742,1.6360152869963838,1.1834310595207955,4,-1.388888888888895,-7.951598962834916,연속 가속형,,0.0,,39.6,관찰,39.6
2026-10-08T04:29:44+09:00,POWR,KRW-POWR,POWRUSDT,85.2,-3.7288135600000003,356043420.9990057,1791401369728,False,False,,1210547688.498365,1249941766.8925343,239875232.0254592,301779041.19678646,493462617.6938479,0.9684832690309193,2.0270434764202934,2.2527351662037707,1,-6.150583244962881,-1.2276785714285698,중립,95523.7143,-4.288,145670.6535,241311.628,45598.5236,141928.847,145130.0374,0.603661973139562,1.01905834573507,1.0749983814140711,1,-6.1781609195402325,-0.7598784194528863,감소형,,0.0,,39.5,관찰,39.5
2026-10-08T04:29:44+09:00,DKA,KRW-DKA,,5.32,-5.33807829,263966418.14880583,1791401022752,False,False,,211166028.60337013,93158395.24619354,286914352.74263215,64798318.84749182,147992456.755398,2.266741800836231,1.4240037912899264,1.4653172308264264,2,-0.8818342151675429,-1.2302284710017597,고수준 유지형,,,,,,,,,,,,,,NO_DATA,,0.0,,38.7,관찰,38.7
2026-10-08T04:29:44+09:00,G,KRW-G,GUSDT,5.89,-5.15297907,2249392385.0032825,1791401381077,False,False,,2147580869.32981,1416122068.452043,1420758260.9338999,1071047762.9943345,3294096555.824665,1.516522422164723,1.648633868302634,1.0209366778913853,2,-3.4214618973561373,-4.608294930875578,고수준 유지형,1017798.95639,-5.044,669877.98106,385290.31735,387919.44417,312774.25143,1116956.54078,1.738631756093364,1.850518901950471,1.1000237960992012,2,-3.1712473572938715,-4.184100418410052,고수준 유지형,,0.0,,38.3,관찰,38.3
2026-10-08T04:29:44+09:00,CFX,KRW-CFX,CFXUSDT,69.7,-5.42740841,136284102.72070688,1791401104757,False,False,,89182283.07584025,63318570.93312923,64191479.65366765,58908920.41891717,58865640.05571194,1.4084696126516452,1.4351911062706164,1.4032791606171489,2,-0.27063599458728715,0.9589041095890538,고수준 유지형,1126806.47701,-6.372,771147.62914,1138710.44,583351.40246,829200.14985,1916787.61791,0.6772113454409007,0.9067837385549453,0.6866034916757509,1,-0.07354293068578821,1.3614323013800833,감소형,,0.0,,38.3,관찰,38.3
2026-10-08T04:29:44+09:00,FCT2,KRW-FCT2,,11.4,-6.55737705,240870353.77878106,1791400464226,False,False,,877443212.8025413,49947626.0337178,98569118.56828557,198286256.97091028,1081251278.4378188,17.56726560357867,7.5902735168634035,1.976472989554854,2,-6.153846153846154,-9.629629629629633,일회성 폭증형,,,,,,,,,,,,,,NO_DATA,,0.0,,37.9,관찰,37.9
2026-10-08T04:29:44+09:00,DOS,KRW-DOS,,291.0,0.0,3764461206.508084,1791401369420,False,False,,647458009.3614076,397609146.85606664,439343949.19352615,430404877.6578312,1168466346.3163924,1.6283780553866019,1.5326167258033363,0.9864545609464105,2,0.34482758620688614,-1.3559322033898313,고수준 유지형,,,,,,,,,,,,,,NO_DATA,,0.0,,37.1,관찰,37.1
2026-10-08T04:29:44+09:00,TFUEL,KRW-TFUEL,TFUELUSDT,13.2,-6.3829787200000005,297050848.0053875,1791401202090,False,False,,397078691.2187239,209993523.50505984,554176402.3421249,184476794.1832461,258135848.79965788,1.890909227060787,1.2557214909444467,1.4555458142541053,2,0.7142857142857117,0.0,중립,215001.64449,-7.115,452507.99263,100001.83976,287725.88272,132549.42642,230776.97025,4.524996677221131,2.6092323692481125,2.4312084042269144,2,0.7789678675754752,0.29069767441860517,일회성 폭증형,,0.0,,37.1,관찰,37.1
2026-10-08T04:29:44+09:00,LSK,KRW-LSK,LSKUSDT,318.0,-7.8260869600000005,2545951887.9583397,1791401306226,False,True,거래량급등,12248076188.063297,1351595139.7339742,1458292855.2658813,1020611024.5242027,2341746148.415004,9.061941574067815,9.592543524199984,7.347469365176325,2,-7.008086253369273,-9.921671018276768,일회성 폭증형,1925108.85785,-5.125,3001062.99111,2744580.22126,1620688.22043,1707245.23386,3774666.78172,1.0934506369546932,1.4826132067153497,1.0662634843246093,3,-10.134398837631664,-17.69793745841649,고수준 유지형,,0.0,,37.0,관찰,37.0
2026-10-08T04:29:44+09:00,T,KRW-T,TUSDT,6.95,-5.44217687,1157819630.6827698,1791401338307,False,True,거래량급등,5085322446.26249,623463303.5961863,821810707.7498016,2322515492.4140644,1089391982.6319387,8.156570590329764,4.0490498005694935,4.496861420492298,2,-1.8691588785046842,0.0,일회성 폭증형,439478.756895,-5.535,995663.088843,406840.376207,99662.843709,396538.793442,334917.6675,2.447306479572243,3.30769689820051,3.303208713407573,3,-1.6333938294010864,0.5565862708719838,가속형,,0.0,,37.0,관찰,37.0
2026-10-08T04:29:44+09:00,ZBT,KRW-ZBT,ZBTUSDT,112.0,-8.196721310000001,1797244578.811106,1791401040452,False,False,,912972996.6891007,514464073.767092,593329842.6128178,558015578.3677182,1206043273.1749878,1.7746098187264707,1.6441970097440533,1.2297031874878452,2,4.2735042735042805,4.2735042735042805,고수준 유지형,643428.93774,-6.569,406933.3638,415205.74607,254418.628,273246.75009,792369.3897,0.9800764263300794,1.2947687760483764,0.9193303503933271,1,3.3487297921477976,4.190919674039573,중립,,0.0,,36.9,관찰,36.9
2026-10-08T04:29:44+09:00,PROM,KRW-PROM,PROMUSDT,7345.0,6.83636364,24518081771.17269,1791401372894,False,True,"거래량급등,입금량급등",9977567548.719543,577090614.4841491,591756973.7949591,993325070.0146778,1566734282.1541624,17.289429594411807,13.843807769625174,8.24807312634172,2,-19.260129183793307,-22.4478285391991,일회성 폭증형,7845083.66067,2.044,11707541.46487,750287.73147,524358.0167,686033.69898,1631146.02042,15.604068910912376,17.913496490037403,11.94444734393226,3,-19.29209183673469,-22.087117130983525,가속형,EARLY,5.0,Binance 연속가속 우위,36.5,관찰,36.5
2026-10-08T04:29:44+09:00,VANA,KRW-VANA,VANAUSDT,1396.0,-4.644808739999999,688817512.2136717,1791401385478,False,False,,471852041.46536136,316590646.12269664,456549502.6199587,336251548.9765071,413840835.215915,1.4904168750535107,1.275975047682776,1.3136237223223721,2,0.687757909215958,-0.5434782608695676,중립,298896.8491,-5.283,206959.41217,242904.60389,188389.90725,209425.08756,333519.34421,0.8520193065740413,0.9690326903839722,0.8030460427158329,1,0.6517690875232685,0.1853568118628468,중립,,0.0,,36.5,관찰,36.5
2026-10-08T04:29:44+09:00,INJ,KRW-INJ,INJUSDT,10260.0,-6.4721969,2731157693.3333697,1791401359639,False,False,,1114032783.0187428,543745269.5734411,717279083.737277,915339432.4807373,730090139.7395271,2.048813746724974,1.5356340566202,1.5893547324948354,2,5.2783109404990425,9.371884346959124,고수준 유지형,25097595.22801,-3.897,15485926.1145,8011305.64509,6665001.3697,9228838.4477,12019218.02558,1.9330090250633583,1.94342169623681,1.7294352339959482,3,5.62426767348001,10.216003260426575,가속형,,0.0,,36.3,관찰,36.3
2026-10-08T04:29:44+09:00,HIVE,KRW-HIVE,HIVEUSDT,74.0,-5.12820513,724064735.0605565,1791401171081,False,True,거래량급등,1744330807.7718287,349249542.3939234,359269454.3397132,240983752.35335177,632383468.9882694,4.994511362320909,5.511297811772915,4.485283555342602,2,1.4304291287386084,0.905562742561461,일회성 폭증형,235434.2042,-5.061,382721.8129,172853.6098,123307.4352,82227.82,193512.8681,2.2141383876381155,3.0343531348365658,2.707730179452834,4,1.9469026548672552,1.5873015873015817,연속 가속형,,0.0,,36.3,관찰,36.3
2026-10-08T04:29:44+09:00,WAVES,KRW-WAVES,,368.0,-7.76942356,1496366775.4329247,1791401211246,False,False,,942124381.059545,522412467.8300607,776333163.3952507,724722575.0105822,3349165146.5957913,1.80341098093014,1.396796418381253,0.5706309964054368,2,0.0,-1.2376237623762387,중립,,,,,,,,,,,,,,NO_DATA,,0.0,,36.2,관찰,36.2
2026-10-08T04:29:44+09:00,YGG,KRW-YGG,YGGUSDT,34.4,-8.5106383,875405148.2690904,1791401377307,False,True,"거래량급등,입금량급등",5621717141.46408,393443293.8405938,969223214.2987968,738108813.7443101,1138463871.4555748,14.288506703438072,8.028060520660427,8.462092203355523,2,0.8042895442359255,3.013698630136985,일회성 폭증형,1128132.578124,-9.342,2032526.494516,1227790.461046,1088010.912533,1646586.116024,2201008.573177,1.655434342423882,1.538865014980887,1.5754059276662382,3,0.8000000000000007,3.9370078740157632,가속형,,0.0,,36.1,관찰,36.1
2026-10-08T04:29:44+09:00,COW,KRW-COW,COWUSDT,198.0,-5.71428571,200645063.34207377,1791401028017,False,False,,249764854.00696474,202437410.82944134,236479564.30950212,120725938.94999734,344283260.7376391,1.233788028525014,1.33887974484711,0.8672472907085664,2,-4.545454545454541,-5.829596412556048,중립,448666.29139,-5.036,384254.66397,275144.41868,245349.00779,156679.7855,715108.76221,1.3965562732962358,1.702317769712765,0.9982078300006555,4,-4.374614910659269,-5.250305250305242,연속 가속형,,0.0,,35.7,관찰,35.7
2026-10-08T04:29:44+09:00,ANIME,KRW-ANIME,ANIMEUSDT,4.22,-5.59284116,431210426.3299926,1791401135797,False,False,,478194275.1345905,453643236.96713644,497672187.64255726,268135275.71113983,437038938.2228275,1.0541197050166375,1.1764172385372673,1.226196264311387,2,-2.1881838074398363,-1.541850220264318,중립,138611.085229,-6.364,133461.050365,127257.261279,102252.487835,130410.465967,281662.174777,1.0487499811299472,1.1124219599749179,0.8165568454649873,3,-1.488095238095244,-0.6006006006005982,중립,,0.0,,35.5,관찰,35.5
2026-10-08T04:29:44+09:00,MORPHO,KRW-MORPHO,MORPHOUSDT,3426.0,-6.23973727,1214604626.0400436,1791401374155,False,False,,1696702696.2041683,845314763.2687933,1240482048.1522958,1558034398.0803704,2503751064.843547,2.007184506802054,1.3969110521200354,0.9808813591306806,2,-2.4299065420560706,3.7184217996026003,중립,3432339.44919,-6.388,3475177.77245,2421249.88916,3034009.92204,3613469.76071,5184374.76504,1.4352825736857908,1.1496134309311243,0.9053716847874846,2,-2.109090909090905,4.219899341850564,중립,,0.0,,35.4,관찰,35.4
2026-10-08T04:29:44+09:00,SUN,KRW-SUN,SUNUSDT,23.1,0.0,163087379.0912566,1791397771555,False,False,,161410708.05877703,113322543.2222731,144090216.20403624,119867962.02177428,498204373.13762385,1.4243477376093021,1.2834796390277914,0.7035690726915429,2,-0.8583690987124415,-0.8583690987124415,중립,697181.65111,-0.293,436895.12799,754435.70473,526426.48523,284300.14932,479391.09823,0.5791018707768577,0.8374117822007757,0.871839689022825,1,-0.05851375073141485,0.05858230814295151,감소형,,0.0,,35.3,관찰,35.3
2026-10-08T04:29:44+09:00,TRX,KRW-TRX,TRXUSDT,457.0,0.43956044,3369950451.6076035,1791401352406,False,False,,2149679652.5722265,1588717032.014298,1619388548.1418867,1898759656.661378,3579381331.044195,1.3530915885295802,1.2628175326074431,0.9518113013808417,2,-0.21929824561403022,-0.21929824561403022,중립,33255610.81216,-0.119,21825981.18062,23153628.51717,12645789.77636,19976257.08452,25682082.7323,0.9426592106042705,1.1739516034193687,0.9363516513256271,1,0.02981514609423641,0.20908004778974476,중립,,0.0,,34.8,관찰,34.8
2026-10-08T04:29:44+09:00,BSV,KRW-BSV,,26160.0,-3.82352941,887063108.9822139,1791401361223,False,False,,674056664.4252181,505075385.1015281,618480951.5492165,447560746.2431008,2574539048.030524,1.334566451480747,1.2870905773305021,0.6804765316839249,2,0.6289308176100628,1.1152416356877248,중립,,,,,,,,,,,,,,NO_DATA,,0.0,,34.8,관찰,34.8
2026-10-08T04:29:44+09:00,NEWT,KRW-NEWT,NEWTUSDT,63.5,-4.94011976,343111608.99587476,1791401299630,False,False,,240092864.02333635,191043198.81663635,195851305.48198268,200583562.55343786,391353437.3351179,1.256746461064955,1.2260518863785854,0.9721419815044823,2,-3.6075036075036038,-0.8902077151335397,중립,351562.290635,-5.143,280196.980707,300837.528127,206811.144927,198614.465178,480037.028017,0.9313897187345374,1.1901951222107738,0.8564678272858225,1,-3.4104272834182825,-0.4243281471004279,중립,,0.0,,34.8,관찰,34.8
2026-10-08T04:29:44+09:00,1INCH,KRW-1INCH,1INCHUSDT,134.0,-4.96453901,380353871.5495737,1791400558476,False,False,,288782008.8781611,275482359.8448655,320849444.27130646,166792442.70339194,344797449.4842711,1.0482776793431896,1.1352620890308647,1.1178461095010275,2,-1.3986013986013957,1.4388489208633004,중립,779581.29062,-4.642,650282.90219,616891.78665,1030985.13557,766717.85919,797039.09199,1.0541279949945983,0.8079404136833279,0.9079191377537211,2,-1.8043684710351338,0.8780487804878057,중립,,0.0,,34.4,관찰,34.4
2026-10-08T04:29:44+09:00,CPOOL,KRW-CPOOL,,42.7,-7.9741379299999995,1950203520.6245651,1791401270656,False,False,,2148552532.08313,1635682434.4463763,2703873543.0437984,1340916354.6625786,2324270381.297625,1.313551143446951,1.1347045138773961,0.8957851942628343,2,-7.38522954091817,-8.661417322834641,중립,,,,,,,,,,,,,,NO_DATA,,0.0,,34.1,관찰,34.1
2026-10-08T04:29:44+09:00,KAT,KRW-KAT,KATUSDT,6.25,-2.49609984,347852793.8678517,1791401371636,False,False,,313823038.0185973,285579607.254911,345969269.5939652,216568984.1277997,553633599.7121161,1.0988986259739335,1.1100687267352376,0.8202556954970394,2,-1.5360983102918557,-5.03703703703704,중립,473946.04217,-2.748,464165.22644,393359.21628,251048.76847,205391.55618,767846.31064,1.1800034351034476,1.6386166528121284,1.0287729143575475,4,-1.2526096033402934,-4.444444444444451,연속 가속형,,0.0,,33.9,관찰,33.9
2026-10-08T04:29:44+09:00,ALT,KRW-ALT,ALTUSDT,10.0,-7.407407409999999,515659781.0020787,1791401252954,False,False,,232461906.20442328,210932261.35146916,240853925.02156833,163587741.3224632,359109371.1594401,1.1020689993792843,1.1332714748330224,1.0705357104669626,2,-1.8181818181818077,3.8461538461538547,중립,844114.81288,-6.624,369075.27671,366689.41022,267579.43501,297039.59599,770118.08422,1.0065065050244253,1.1888927246053422,0.9133809423080815,3,-0.872817955112204,3.7859007832898195,중립,,0.0,,33.6,관찰,33.6
2026-10-08T04:29:44+09:00,BOUNTY,KRW-BOUNTY,,18.0,-5.7591623,138221992.65083277,1791401266776,False,False,,88197978.8000408,74085282.95724583,87040034.08470108,88549095.58402824,160525511.94396794,1.1904925685569605,1.0597559181865281,0.8507744416521957,2,-2.051282051282044,-5.9113300492610765,중립,,,,,,,,,,,,,,NO_DATA,,0.0,,33.5,관찰,33.5
2026-10-08T04:29:44+09:00,MOCA,KRW-MOCA,,12.6,-7.35294118,318865379.6726461,1791401046814,False,False,,188008485.47925988,130500539.93643324,142417580.20838875,267045671.31030774,207009207.68576095,1.4406720889495073,1.0445616268413238,1.009156531840709,2,-2.158273381294973,-2.857142857142858,중립,,,,,,,,,,,,,,NO_DATA,,0.0,,33.4,관찰,33.4
2026-10-08T04:29:44+09:00,GAME2,KRW-GAME2,,1.3,-5.10948905,269154966.784818,1791401264823,False,False,,131512719.68421786,51809881.37869862,260481607.12253454,70585093.82518652,159869691.06187463,2.538371372112206,1.0304577957089363,0.8964970906714553,2,0.0,-1.4388489208632893,중립,,,,,,,,,,,,,,NO_DATA,,0.0,,33.2,관찰,33.2
2026-10-08T04:29:44+09:00,CASHCAT,KRW-CASHCAT,,171.0,-8.064516130000001,5341911180.66168,1791401323743,False,False,,2888988659.0954967,1802063686.1095088,1840004486.2479036,5212029574.204098,5684540918.640027,1.6031556938659364,0.9788649533095912,0.7936984071524268,2,-15.068493150684937,-19.82758620689655,중립,,,,,,,,,,,,,,NO_DATA,,0.0,,33.0,관찰,33.0
2026-10-08T04:29:44+09:00,ME,KRW-ME,MEUSDT,96.8,-5.09803922,1295033952.7388413,1791401166209,False,False,,743020287.4893937,663689354.1198916,793162082.6138486,2740138898.20079,1503408308.3081434,1.1195302182821685,0.5311093628007968,0.58588178696512,2,-4.672897196261683,-0.9708737864077666,중립,362312.3475135,-5.665,389046.4703897,325601.9697544,236197.8013823,938575.1823168,535082.5572407,1.194852938645168,0.7778984902957942,0.8540782259868621,3,-4.424327425729945,-0.7152317880794734,중립,,0.0,,33.0,관찰,33.0
2026-10-08T04:29:44+09:00,QKC,KRW-QKC,QKCUSDT,3.65,-7.828282829999999,1245472970.552696,1791401256220,False,True,거래량급등,7283305260.966978,189079142.77467272,268914128.57563114,336677077.0877267,1458858107.1264794,38.51987667220682,27.49557200145718,2.8739315432387147,2,3.664921465968596,0.25316455696202667,일회성 폭증형,121362.484219,-7.019,458384.331351,60151.553411,64643.056496,81545.456811,189246.241027,7.620490334122852,6.664498155524921,1.7449402911235172,2,3.3687943262411313,1.0048510048509929,일회성 폭증형,,0.0,,33.0,관찰,33.0
2026-10-08T04:29:44+09:00,IOST,KRW-IOST,IOSTUSDT,1.15,-0.8620689699999999,1208877905.7853475,1791401237100,False,False,,784391112.053039,636604182.3736615,861569244.0571847,1091389873.466738,1063191818.1222485,1.2321488513134404,0.9087143520500865,0.8251086935000939,2,0.0,-2.5210084033613467,중립,685036.59109,-1.179,294428.36114,362891.039428,235239.296966,290245.6068,703918.451909,0.811340951278618,0.994269475875611,0.6886266202243325,1,0.9378663540445364,-2.1590909090909105,중립,,0.0,,33.0,관찰,33.0
2026-10-08T04:29:44+09:00,BTT,KRW-BTT,,0.000495,-1.98019802,904742098.007294,1791401203976,False,False,,290679060.00108755,215164139.2932532,378806334.5416653,456376598.4042485,411975047.35047156,1.35096424969271,0.8302371692665578,0.6372674043971178,2,-0.9803921568627527,-0.9803921568627527,중립,,,,,,,,,,,,,,NO_DATA,,0.0,,33.0,관찰,33.0
2026-10-08T04:29:44+09:00,RED,KRW-RED,REDUSDT,204.0,-5.990783410000001,680899230.2030058,1791401349585,False,False,,433943342.23311085,402164242.25551546,480457023.3268088,773353626.8115404,658061036.027988,1.079020202789199,0.7861411623321275,0.5123372267744326,2,-11.428571428571432,-10.330578512396693,중립,539138.33037,-8.067,324156.06812,518460.68362,321357.83735,951692.33221,567971.59148,0.625227868498485,0.5428201579877855,0.43959774277398606,1,-11.553344389165288,-9.757473209249866,감소형,,0.0,,33.0,관찰,33.0
2026-10-08T04:29:44+09:00,ZETA,KRW-ZETA,,63.7,-4.3543543499999995,622821436.1396024,1791401262470,False,False,,617474333.3590978,499737175.84009546,1764022671.0869906,569886464.6100688,4510679275.00947,1.2355981568132837,0.6537241407070378,0.16465711687023413,2,-0.5970149253731405,-4.584527220630374,중립,,,,,,,,,,,,,,NO_DATA,,0.0,,33.0,관찰,33.0
2026-10-08T04:29:44+09:00,TOSHI,KRW-TOSHI,,0.156,-4.29447853,580669898.7922242,1791401301278,False,False,,391955934.4539035,374911241.53929037,1289754609.6096926,1286285332.7931154,600961879.3305691,1.045463275106481,0.39847077435923545,0.44866985137592735,2,-5.232558139534871,-2.39520958083832,중립,,,,,,,,,,,,,,NO_DATA,,0.0,,33.0,관찰,33.0
2026-10-08T04:29:44+09:00,LINEA,KRW-LINEA,LINEAUSDT,3.72,-4.12371134,541655371.6062902,1791400551229,False,False,,328036276.85405445,264618273.58420038,375239054.55073905,335865225.06738585,434226596.5425455,1.2396584423700985,1.0085949405723116,0.83628775017583,2,0.2583979328165231,-0.512820512820511,중립,752552.984037,-4.413,639759.808445,640000.50583,450576.506078,364834.276925,1353509.353794,0.9996239106331831,1.3187196224607722,0.8489821394659616,1,0.8441786844882282,0.2447552447552459,중립,,0.0,,33.0,관찰,33.0
2026-10-08T04:29:44+09:00,OP,KRW-OP,OPUSDT,164.0,-7.34463277,1110774675.33336,1791401367212,False,False,,530473354.71556073,415722297.78539586,499036285.1200512,980934633.4656436,366738262.70692927,1.2760281503817763,0.8394924085834543,1.0324553979224618,2,-4.324324324324325,1.1428571428571344,중립,9115049.971298,-8.511,4830100.700139,6658942.268643,4194462.682557,7295557.859818,9407002.454508,0.7253555452618915,0.7984093775111009,0.6492820136740013,1,-4.325513196480935,1.87353629976581,감소형,,0.0,,32.9,관찰,32.9
2026-10-08T04:29:44+09:00,PUNDIX,KRW-PUNDIX,PUNDIXUSDT,153.0,-6.70731707,534634171.5281155,1791401227951,False,False,,205075897.71458122,164005260.63818887,394182439.91099614,346476886.88698053,579945377.5693543,1.2504226810565429,0.680061651232872,0.34952634124924103,2,-1.7964071856287456,0.6134969325153339,중립,303426.33039,-6.728,109750.12626,198789.7864,130153.40705,139419.47341,331024.6518,0.5520913737447428,0.7029816893548807,0.42374775052135105,1,-1.6286644951140072,0.41562759767248547,감소형,,0.0,,32.9,관찰,32.9
2026-10-08T04:29:44+09:00,SUPER,KRW-SUPER,SUPERUSDT,305.0,-4.6875,291090469.2021766,1791400680874,False,False,,749293329.0346053,371737102.10398257,1552780143.695631,5601548564.234786,1742955203.7598386,2.015653871496024,0.2986792892651494,0.35956065975871276,2,-9.859154929577462,1.2658227848101333,중립,1657833.3937,-6.341,1685174.654,1756084.6024,1979370.5081,11946205.8082,7126708.2337,0.959620425859273,0.32238447114816843,0.30150096253125036,1,-9.313913376772721,2.601908065915004,중립,,0.0,,32.7,관찰,32.7
2026-10-08T04:29:44+09:00,CC,KRW-CC,,163.0,-5.78034682,2793641875.28085,1791401209986,False,False,,1536001157.827258,1352348849.3920774,1948975805.460683,1558749000.156801,3857094598.8252015,1.1358024658487624,0.9481344935445651,0.702717335429377,2,2.3668639053254337,5.487804878048785,중립,,,,,,,,,,,,,,NO_DATA,,0.0,,31.0,관찰,31.0
2026-10-08T04:29:44+09:00,FLOCK,KRW-FLOCK,,81.9,-8.08080808,3922001409.939644,1791401348954,False,False,,3090438378.088611,2437561891.869028,3978950182.014581,3084698120.6526027,5819233898.635085,1.2678399627092063,0.9758036023239879,0.7160258714629687,2,3.7252619324796177,4.700352526439477,중립,,,,,,,,,,,,,,NO_DATA,,0.0,,30.7,관찰,30.7
2026-10-08T04:29:44+09:00,KNC,KRW-KNC,KNCUSDT,184.0,-8.0,493548021.6351509,1791401372586,False,False,,433516828.2539019,268794095.6240298,451774653.466318,4826644753.3289585,184348526.2051518,1.612821246119463,0.2344511319411983,0.3694581054056559,2,3.626943005181338,7.526881720430101,중립,349530.36155,-6.543,260938.64141,223383.39723,137783.64834,1228991.44215,243919.50047,1.1681201228278053,0.4922879890748605,0.6598644284766885,3,4.503870513722719,8.157319737800428,중립,,0.0,,30.1,관찰,30.1
2026-10-08T04:29:44+09:00,IO,KRW-IO,IOUSDT,209.0,-11.06382979,432893817.3629109,1791400138157,False,False,,273976444.63244057,248776486.3622785,696260048.4954176,447881196.1269405,141095857.77274114,1.101295579170874,0.5900774436379024,0.8285437391643099,2,1.7316017316017396,10.328638497652577,중립,2480572.854647,-10.186,1612907.97687,1399729.314416,3901791.564048,3175063.732444,1201534.674404,1.152299919890542,0.5708341452031683,0.7275991304259494,2,1.6480282519128808,9.720457433290974,중립,,0.0,,30.1,관찰,30.1
2026-10-08T04:29:44+09:00,POL,KRW-POL,POLUSDT,139.0,-4.79452055,3015955469.423868,1791401250379,False,False,,2881999201.9834595,3514971992.4725127,1247692016.670652,1093034932.3380268,2747930892.093382,0.8199209575938028,1.4765099251778446,1.179279315131216,1,-2.6666666666666616,-0.6802721088435382,중립,8581777.329794,-5.187,5261504.44666,8091017.204621,2726567.634552,3032618.648812,9103411.697947,0.6502896129864872,1.1396593092421354,0.8188474461402367,1,-2.513611615245015,-0.32473557246243123,감소형,,0.0,,29.7,관찰,29.7
2026-10-08T04:29:44+09:00,TIA,KRW-TIA,TIAUSDT,607.0,-8.44645551,1395742588.280686,1791401374153,False,False,,682202314.6762044,629094155.6933221,695284096.916693,872950791.504209,5024539769.035311,1.0844200482586777,0.9314066773525177,0.4252569444330202,2,3.1104199066874116,13.722126929674094,중립,8175198.88026,-7.619,5605019.6596,4927511.102219,4044206.224218,5764685.766488,13017915.666822,1.137495084907246,1.1410558514698181,0.779642056976518,3,3.486897717666948,14.282380396732798,중립,,0.0,,28.9,관찰,28.9
2026-10-08T04:29:44+09:00,SLX,KRW-SLX,,80.9,-2.29468599,3302115162.985019,1791401355872,False,False,,3164110096.1452074,3397558921.9753513,2142409508.1490586,1812294429.3610291,3150621995.48467,0.931289248783825,1.2910760224233822,1.2026825369474337,1,-2.5882352941176467,-4.498269896193774,중립,,,,,,,,,,,,,,NO_DATA,,0.0,,28.3,관찰,28.3
2026-10-08T04:29:44+09:00,W,KRW-W,WUSDT,19.6,-2.0,1348630360.132952,1791401291536,False,False,,1274579312.2463772,1226404529.323825,5862107655.315313,849023329.5481235,1158892309.628708,1.0392813152354496,0.48172860831988995,0.6650945750264373,2,6.951871657754016,10.497237569060758,중립,1516556.086251,-0.069,1286041.709564,1250118.208218,3412193.270868,992979.810152,1599238.156814,1.028736083603812,0.682215102877901,0.7468133344804407,2,6.594202898550727,11.102719033232633,중립,,0.0,,28.3,관찰,28.3
2026-10-08T04:29:44+09:00,FIL,KRW-FIL,FILUSDT,1398.0,-10.55662188,4438741904.686691,1791401373209,False,False,,6171936742.425137,7752174429.219243,1542510384.5349863,2027518886.8339262,3070648134.033057,0.7961555559382247,1.6353539219854847,1.6675636910896303,1,7.941988950276246,12.446043165467625,중립,16117200.932827,-11.466,16056821.143757,21611153.513178,4125022.164054,8103619.532305,11834175.280009,0.74298769540302,1.423485666299045,1.350934854701994,1,8.061492313460828,12.975303802430439,감소형,,0.0,,27.9,관찰,27.9
2026-10-08T04:29:44+09:00,FF,KRW-FF,FFUSDT,150.0,-0.66225166,709015834.4969012,1791400850056,False,False,,782979273.2715137,787688745.858708,682080593.853289,386336437.03109926,893778999.885415,0.9940211503440229,1.2655193735435788,1.1238697137916005,1,-3.821656050955413,-9.58083832335329,중립,819642.247579,0.036,835188.8692,797983.658894,1592115.777589,566993.50731,1714267.550741,1.0466240253059393,0.8473073573352627,0.7853920523495087,2,-3.731083666724655,-9.912916090176605,중립,,0.0,,27.7,관찰,27.7
2026-10-08T04:29:44+09:00,BTC,KRW-BTC,BTCUSDT,113800000.0,-1.8703274200000002,169389575059.0361,1791401388933,False,False,,88086932206.02402,108438489244.53793,48500327620.66657,39508958234.91915,184986638991.9129,0.8123216472278635,1.3451961799179761,0.9301371813150805,1,0.6823923669291521,0.26976317905531566,중립,1734140306.330291,-2.387,1083162507.3845277,1391807556.3811734,683674414.6744858,583778209.308663,2268231876.268694,0.7782415768749302,1.2219517090307421,0.8546365455234586,1,0.9396301465094847,0.789207829165961,중립,,0.0,,27.5,관찰,27.5
2026-10-08T04:29:44+09:00,DOGE,KRW-DOGE,DOGEUSDT,121.0,-5.46875,42002518679.24531,1791401351464,False,True,입금량급등,20581201953.602676,18898472017.390926,20265390641.826797,7705251501.350028,40397602253.02564,1.0890405284968676,1.3173623390722113,0.9258010502370136,2,0.7874015748031482,-0.7751937984496138,중립,124079418.91498,-5.354,71214512.34507,53876318.57131,56229379.40938,27911884.49271,106607464.22099,1.321814745950234,1.547944350324969,1.2027771762595656,2,0.9372979961215222,-0.7205679771113749,고수준 유지형,,0.0,,27.3,관찰,27.3
2026-10-08T04:29:44+09:00,HP,KRW-HP,,12.0,-9.09090909,590152632.0721802,1791401011512,False,False,,208576488.9579805,223427063.82678565,138179097.74691433,125320017.13008949,509480432.19100064,0.9335327841916312,1.2850602293342497,0.35868522162699623,1,-1.4925373134328401,-3.649635036496346,중립,,,,,,,,,,,,,,NO_DATA,,0.0,,27.3,관찰,27.3
2026-10-08T04:29:44+09:00,RAY,KRW-RAY,RAYUSDT,3295.0,10.71908602,18649491865.559082,1791401353665,False,False,,1671539169.6655862,1446473905.010322,1215644563.091806,3360280935.6529393,1415229071.575498,1.155595800156283,0.832661066263732,1.0171216438952868,3,5.233380480905225,16.66013328106626,중립,27879676.3819,10.421,10334576.54509,6686152.92396,6834444.25219,8031272.22988,6285659.81521,1.5456685873958669,1.4385633585268227,1.5765545574867796,2,5.186144693916717,17.101960155957908,고수준 유지형,,0.0,,27.0,관찰,27.0
2026-10-08T04:29:44+09:00,ETH,KRW-ETH,ETHUSDT,3501000.0,-4.21340629,127118083786.82343,1791401372897,False,False,,42774825175.8157,49982685382.4237,29032389094.45153,24715635658.61988,134249371464.81076,0.8557928580375429,1.237092422869053,0.6946228151165199,1,0.10955902492468805,-0.9216589861751112,중립,1116875778.617039,-4.431,626253789.874759,733041779.987097,265059874.296777,212257992.57391,1151282504.890507,0.8543220959189833,1.5522339781417296,1.0196285174030155,1,0.38180580002455944,-0.32995617827241697,중립,,0.0,,26.9,관찰,26.9
2026-10-08T04:29:44+09:00,SNT,KRW-SNT,,10.9,-4.38596491,322753717.67772776,1791400858043,False,False,,160828442.83487317,178017161.64184588,96355973.93032642,118994864.30291563,361373609.5536154,0.9034434733795227,1.2265495125628683,0.882169923582217,1,-2.564102564102555,-1.724137931034475,중립,,,,,,,,,,,,,,NO_DATA,,0.0,,26.8,관찰,26.8
2026-10-08T04:29:44+09:00,PENGU,KRW-PENGU,PENGUUSDT,11.7,-5.645161290000001,5688554493.256866,1791401281660,False,False,,4863757312.327433,4930195694.830554,2918949294.5231686,4150286175.55276,9382752302.941484,0.9865241895828225,1.2159969698943653,0.9034342850302406,1,-1.5873015873015817,-3.875968992248058,중립,24029659.120359,-9.227,15183351.80169,21219232.490166,7180425.182528,8438801.43407,27061504.860802,0.7155467007926269,1.236481017652186,0.9420161389823895,1,-1.5775256618044131,-3.628861616589074,감소형,,0.0,,26.7,관찰,26.7
2026-10-08T04:29:44+09:00,SAHARA,KRW-SAHARA,SAHARAUSDT,11.6,-6.451612900000001,3460630694.9865994,1791401333794,False,False,,1692193425.7941213,1800526553.1199396,1001692818.4109429,1538963057.320325,2727305070.9030786,0.9398325300240091,1.1694003559131152,0.9493130454743691,1,-1.5873015873015817,-1.5873015873015817,중립,1314629.02191,-6.147,686421.99748,589300.07515,234159.72054,370361.53878,1009658.72518,1.1648089427195112,1.7249364984369426,1.2083216864399482,3,-1.729729729729712,-1.729729729729712,가속형,,0.0,,26.4,관찰,26.4
2026-10-08T04:29:44+09:00,ONDO,KRW-ONDO,ONDOUSDT,643.0,-3.45345345,42356325334.97689,1791401368163,False,False,,35045162840.84614,37997592249.62797,22027325070.80855,31445338053.714085,52234856741.40611,0.922299565999192,1.1493953754965638,0.940869308312203,1,-2.346041055718473,-1.7699115044247815,중립,23614919.06851,-4.396,19364368.24401,26833027.63938,12753030.55886,16000108.91762,32179246.58289,0.7216616963339226,1.0451000266117416,0.8435617601266987,1,-2.0334928229665206,-1.1864065956163294,감소형,,0.0,,26.2,관찰,26.2
2026-10-08T04:29:44+09:00,CRO,KRW-CRO,,86.2,-4.22222222,1400409525.8616629,1791401291533,False,False,,1606302694.8392982,1638489560.4942827,1358028298.808142,1228980470.1387343,2260271618.7490883,0.9803557700756576,1.1404354489841242,0.745836408150784,1,-0.4424778761062065,-4.051172707889128,중립,,,,,,,,,,,,,,NO_DATA,,0.0,,26.1,관찰,26.1
2026-10-08T04:29:44+09:00,XRP,KRW-XRP,XRPUSDT,1947.0,-4.0413997,220966702831.61758,1791401388162,False,False,,85767885870.36824,111816609989.57098,62788972100.2783,49434688175.49766,263766369583.37878,0.7670406559308829,1.1484705731981202,0.6945606668100154,1,0.44554455445544594,-0.4416094210009769,중립,228281490.95477,-4.818,117180420.72288,149790145.02408,87591204.07582,69979683.25064,311030027.74261,0.7822972646434269,1.143740504384151,0.7432658512703827,1,0.7198600645855757,0.21420443135418132,중립,,0.0,,26.0,관찰,26.0
2026-10-08T04:29:44+09:00,SOL,KRW-SOL,SOLUSDT,158400.0,-3.11926606,33440882380.95238,1791401383592,False,False,,19839066990.41259,21566254206.477856,17631041486.353455,11198942660.843275,47416712257.472244,0.9199125077758533,1.1809849884738102,0.7991457529888147,1,0.49170251997541214,1.238390092879249,중립,229415965.45716,-3.595,175936491.98135,193703786.97465,150940704.45927,105210732.07242,388241664.34585,0.9082759543796364,1.1732874230738177,0.8062121651207825,1,0.9112188597224513,1.942403513216795,중립,,0.0,,26.0,관찰,26.0
2026-10-08T04:29:44+09:00,ICP,KRW-ICP,ICPUSDT,4309.0,-6.16289199,964449643.8858505,1791401358075,False,False,,712632346.8636924,837035696.2151397,738896587.1051387,409218984.32359827,480002046.60734427,0.8513762914604869,1.0769441480036384,1.2125852384785871,1,0.635546789392949,2.408563782337203,중립,10954383.25271,-7.007,8359577.9153,14854017.78128,12661087.27971,5299845.96911,10392096.76331,0.562782274694412,0.7642471787599548,0.815132693053472,1,0.8330853912525971,3.0091185410334287,감소형,,0.0,,25.9,관찰,25.9
2026-10-08T04:29:44+09:00,GAS,KRW-GAS,GASUSDT,1824.0,-4.8513302000000005,1208965252.3071623,1791401370061,False,False,,567402194.2726518,599881049.3072895,454040222.8804355,492903510.657849,1200059435.4386399,0.9458578411967797,1.1004521014245308,0.7763308309261983,1,-1.0835913312693513,-0.15625000000000222,중립,288041.0682,-4.904,114237.4653,139237.9706,114161.2316,146141.1039,438199.2478,0.8204476466277942,0.8577667651238754,0.5074320780548338,1,-0.5617977528089901,0.5681818181818121,중립,,0.0,,25.8,관찰,25.8
2026-10-08T04:29:44+09:00,ARX,KRW-ARX,,366.0,0.0,2026492633.0503554,1791401300611,False,False,,1750234287.1583614,2121924223.6700199,996548765.2159966,1698402695.8411922,4101336479.8928137,0.824833548547368,1.0900640176626115,0.6928978862654813,1,-4.6875,-5.670103092783507,중립,,,,,,,,,,,,,,NO_DATA,,0.0,,25.7,관찰,25.7
2026-10-08T04:29:44+09:00,AWE,KRW-AWE,AWEUSDT,86.1,-3.1496063,472222565.3390946,1791401186236,False,False,,426993378.4401718,547969093.785225,356080859.32238257,280107768.1226981,471655761.95284116,0.7792289442651134,1.0817647956469971,0.8153251130711539,1,-4.817987152034265,-12.84313725490196,중립,192916.0028,-3.461,188309.02277,364791.22937,137318.44272,326652.48322,325458.09288,0.5162103899680169,0.6816516230747626,0.5160872640890002,1,-4.7272727272727355,-12.713219616204686,감소형,,0.0,,25.7,관찰,25.7
2026-10-08T04:29:44+09:00,SHIB,KRW-SHIB,SHIBUSDT,0.00741,-5.60509554,12298209119.042294,1791401353348,False,False,,5656064422.986652,6958255194.149682,4657747188.402546,4100227984.419696,8363100507.100563,0.8128567097887014,1.0796605084524,0.9703963923041731,1,0.38363171355497716,-0.6329113924050778,중립,6170901.45077275,-5.729,3704207.05741048,6145461.89341102,3730735.18838556,2005355.83733107,10067890.67176014,0.602754865567065,0.9352835650247083,0.7248307464078725,1,0.6956521739130306,0.0,감소형,,0.0,,25.5,관찰,25.5
2026-10-08T04:29:44+09:00,ETC,KRW-ETC,ETCUSDT,11440.0,-4.507512520000001,4754985892.119637,1791401334117,False,False,,2202976668.847917,2882529985.502245,1786217082.5223155,1550658917.7257023,5003071536.096998,0.7642510849593386,1.062630421890122,0.7475456426724861,1,-0.41562759767248547,-1.073492981007429,중립,5091060.8741,-4.659,4046188.8791,3523448.3054,2475022.3856,2377765.761,5961794.3396,1.1483605060698219,1.449167141694247,1.0667330967249282,4,-0.1129943502824804,-0.45045045045045695,연속 가속형,,0.0,,25.5,관찰,25.5
2026-10-08T04:29:44+09:00,POKT,KRW-POKT,,11.3,-5.042016810000001,242472069.51341882,1791400828323,False,False,,199796462.28692713,249250092.4322645,229509598.56954828,87783432.97963801,296835324.0473652,0.8015903237477163,1.057976633179306,0.965225791034985,1,-2.4590163934426146,-0.8333333333333304,중립,,,,,,,,,,,,,,NO_DATA,,0.0,,25.5,관찰,25.5
2026-10-08T04:29:44+09:00,USDC,KRW-USDC,USDCUSDT,1362.0,0.66518847,1963780008.131823,1791401182348,False,False,,1167887522.955283,1353689810.8937788,1303716414.7863557,607819168.119504,2055045355.979472,0.8627438232575458,1.0730231902272291,0.8460795707782754,1,-0.29476787030213725,-0.879120879120876,중립,4007257705.80963,0.025,2901892321.54423,4112421799.83264,824550090.01457,1328136568.42923,4452872767.65104,0.7056407301562125,1.3895492827633604,0.9575275972437545,1,-0.009998800143984354,-0.02899101278605043,감소형,,0.0,,25.1,관찰,25.1
2026-10-08T04:29:44+09:00,TRUMP,KRW-TRUMP,TRUMPUSDT,2530.0,-7.121879590000001,19095805002.204052,1791401364677,False,False,,9897880069.150152,13035028938.39628,13386676124.921307,15469432842.075308,39508000206.07998,0.7593293513906003,0.7088286853059633,0.342458468656295,1,-2.155172413793105,-3.060498220640573,중립,23126246.51495,-7.428,12829031.815214,12139146.289077,14414480.214338,11848951.028962,33550306.888032,1.0568314698339019,1.0022008395971271,0.6082728430467454,2,-1.8075232046898093,-2.4271844660194275,중립,,0.0,,25.0,관찰,25.0
2026-10-08T04:29:44+09:00,POD,KRW-POD,,896.0,-11.81102362,18759962238.10233,1791401372264,False,False,,47299722893.28072,49616620440.47409,112410176753.17758,150657084373.7014,104461110713.4174,0.9533040032427644,0.45381030825305485,,1,-6.359447004608299,,중립,,,,,,,,,,,,,,NO_DATA,,0.0,,25.0,관찰,25.0
2026-10-08T04:29:44+09:00,LINK,KRW-LINK,LINKUSDT,18290.0,-3.22751323,8920840365.162533,1791401304939,False,False,,4943754112.396701,5994024628.44764,3890665840.033407,6678665876.74546,13190276763.003939,0.8247804136362143,0.8954261460096167,0.6636954720438691,1,-1.5112037519541377,-3.669724770642202,중립,25033824.39995,-3.57,16193431.26943,23232611.27447,13716812.86517,20880664.27139,58096372.30917,0.6970129650137409,0.840052214048219,0.5343735488526229,1,-1.1122130915273476,-2.9681634922841593,감소형,,0.0,,25.0,관찰,25.0
2026-10-08T04:29:44+09:00,HBAR,KRW-HBAR,HBARUSDT,126.0,-6.666666670000001,7141228091.463109,1791401348308,False,False,,3732172928.112674,4791211507.244737,4372496980.393501,4689941486.501719,12644755557.042625,0.7789622567213528,0.8081999188111514,0.48557478662588727,1,-2.1739130434782594,-3.57142857142857,중립,17601776.76421,-7.483,12531982.38865,14749127.29143,8247355.51962,8202843.54671,23028997.51965,0.8496761971762035,1.205024324398562,0.7412323621143272,1,-2.255565362361489,-2.903068679980525,중립,,0.0,,25.0,관찰,25.0
2026-10-08T04:29:44+09:00,BCH,KRW-BCH,BCHUSDT,410900.0,-2.7685754900000004,4829869674.171628,1791401260170,False,False,,2075214533.854299,2396828440.195377,2102441546.505242,2164422326.676155,7381220739.561106,0.8658168849519904,0.9342633646312671,0.5857387050247946,1,-2.6267281105990747,0.07103954534690704,중립,17783963.1318,-4.165,9915013.2342,9870239.004,7757139.24,8211234.5341,21124510.3944,1.0045362863231433,1.151185628967317,0.8613911537199567,3,-2.4710666249608937,0.8082767539605573,중립,,0.0,,25.0,관찰,25.0
2026-10-08T04:29:44+09:00,2Z,KRW-2Z,2ZUSDT,52.4,-6.59536542,4369986898.860616,1791401367206,False,False,,3962888917.1224546,4112510087.7652497,3901947184.702299,6452428210.537172,8978861365.530071,0.9636180416704826,0.8217848109279517,0.7469092789386509,1,-9.369951534733435,-27.612903225806452,중립,3283101.92495,-8.389,2569907.29574,3846077.5854,1980420.43268,6532934.29076,9783090.1664,0.6681891456104685,0.6237925573414624,0.5116901556906617,1,-9.006826690156345,-27.022253620628746,감소형,,0.0,,25.0,관찰,25.0
2026-10-08T04:29:44+09:00,ENS,KRW-ENS,ENSUSDT,8805.0,-3.61247947,2654490602.3832865,1791401379830,False,False,,1490950475.1843243,1970928751.5811164,1302952400.6823697,1278869146.1448681,3975809572.774059,0.7564710160061623,0.982450416205933,0.6730034758006105,1,-1.8269747447608786,-2.6119402985074647,중립,1603910.2531,-4.444,890341.4477,1116012.99,616716.3157,460087.4765,1768446.609,0.7977877100695755,1.2180791230629975,0.9009191880682678,1,-1.4577259475218707,-1.8867924528301883,중립,,0.0,,25.0,관찰,25.0
2026-10-08T04:29:44+09:00,CFG,KRW-CFG,CFGUSDT,191.0,-4.5,1923905965.9897666,1791401335717,False,False,,1544522849.449775,1815748648.9370987,2033802057.0429645,950759922.236608,1636319600.4206183,0.85062591144094,0.965264314586806,0.9852495185804601,1,-3.8461538461538436,-1.4778325123152691,중립,1949149.19822,-4.071,1414150.47663,2712671.70281,1780987.15314,1440954.15612,2423155.2748,0.5213127984359888,0.7148657243971208,0.6955033917415017,1,-3.149606299212593,-0.5390835579514808,감소형,,0.0,,25.0,관찰,25.0
2026-10-08T04:29:44+09:00,MOVE,KRW-MOVE,MOVEUSDT,12.5,-6.0150375899999995,1540849725.7490256,1791401327974,False,False,,1532139847.1946652,1876798476.421831,2260715803.3211474,4733943181.427153,5686600172.190113,0.8163582113065933,0.5181132369401831,0.2593523724610059,1,-3.6231884057971064,-4.316546762589923,중립,456254.0020352,-5.082,271949.555529,425017.4162746,461671.7810592,1176994.3032342,1420219.5779038,0.6398550862049751,0.395336138687182,0.14097173691126955,1,-3.6532385466034767,-4.060564349621476,감소형,,0.0,,25.0,관찰,25.0
2026-10-08T04:29:44+09:00,KAITO,KRW-KAITO,KAITOUSDT,434.0,-3.9823008799999995,1246495153.0354316,1791401214708,False,False,,956310846.4943767,969938106.0829109,1010203582.4556446,1615189901.1756525,2034155763.4715042,0.9859503822944251,0.7979604851165288,0.6608937732738799,1,-4.23728813559322,-4.439746300211411,중립,1576419.94626,-5.18,734870.75475,1106858.15422,1103907.42479,2945404.46091,2365581.05415,0.6639249590819173,0.42756779686889557,0.39504043979098635,1,-4.051724137931034,-3.886010362694303,감소형,,0.0,,25.0,관찰,25.0
2026-10-08T04:29:44+09:00,KITE,KRW-KITE,KITEUSDT,182.0,-5.20833333,1093973782.839907,1791401303943,False,False,,1014947297.7407923,1229015481.8253994,4320170320.339766,1273542651.3768756,1721146228.5628748,0.8258214096972467,0.4462792142404023,0.4268503541742623,1,-6.341463414634141,-7.692307692307687,중립,1397634.80736,-4.836,804358.12833,1206794.37853,3818731.52805,4579787.32736,4455363.1885,0.6665245899718153,0.2512228728224599,0.2181130147590117,1,-6.229290921139841,-6.785243741765479,감소형,,0.0,,25.0,관찰,25.0
2026-10-08T04:29:44+09:00,ASTR,KRW-ASTR,ASTRUSDT,9.44,-6.53465347,448736708.23102283,1791399090659,False,False,,180398648.5328409,224196735.0290988,285736502.8635318,217003643.4261034,419058642.4737693,0.804644405322971,0.7444882210636236,0.6044129979905065,1,-1.9417475728155442,-0.9803921568627416,중립,398789.1338314,-7.581,188499.4314394,307749.0317922,454175.0334831,165770.5542218,417171.5192388,0.6125102338800521,0.6095737567441694,0.5366473351582277,1,-0.583476992441323,0.3614457831325302,감소형,,0.0,,25.0,관찰,25.0
2026-10-08T04:29:44+09:00,AZTEC,KRW-AZTEC,,20.6,-9.25110132,442242021.3964823,1791401251372,False,False,,350474372.5043437,370186787.53708345,539473851.8479086,253944629.54070473,913407795.613291,0.9467500848317957,0.903590887383796,0.5932147470466006,1,-1.30434782608696,-5.809128630705407,중립,,,,,,,,,,,,,,NO_DATA,,0.0,,25.0,관찰,25.0
2026-10-08T04:29:44+09:00,WAXP,KRW-WAXP,WAXPUSDT,7.94,-3.7575757600000004,433877435.6108227,1791401377619,False,False,,222654687.2030477,282277184.87787384,536617414.4422168,1477037421.2531338,917837503.8122447,0.7887803164091296,0.2909337278384979,0.3151083676628005,1,-1.19760479041916,-2.4822695035461084,중립,260692.79243,-4.433,206616.95531,247847.56171,271805.84947,672322.52042,532034.00562,0.8336453015089861,0.5200196157467446,0.5283591215707029,1,-0.9740259740259605,-1.7713365539452464,중립,,0.0,,25.0,관찰,25.0
2026-10-08T04:29:44+09:00,BORA,KRW-BORA,,36.5,-4.19947507,399123045.74329865,1791401266124,False,False,,204976428.98221692,260813777.16648418,1430891074.4634185,170146286.10943392,527745634.2992205,0.7859110481398196,0.33027843874419477,0.39320178939817657,1,-2.8061224489795977,-0.7812499999999889,중립,,,,,,,,,,,,,,NO_DATA,,0.0,,25.0,관찰,25.0
2026-10-08T04:29:44+09:00,STRAX,KRW-STRAX,STRAXUSDT,14.5,-5.84415584,363971819.84660745,1791401173734,False,False,,227907251.52057377,293566684.5032824,156747419.2711624,378643397.8916593,403155371.0434237,0.7763389497217471,0.8247971134678478,0.701051429868154,1,-0.6451612903225823,-1.9108280254776955,중립,129142.81976,-5.934,107533.59046,143073.98999,141532.31966,125536.47654,185554.56918,0.7515942657887429,0.786557224075018,0.701144192450029,1,-1.9130434782608674,-1.6564952048822912,중립,,0.0,,25.0,관찰,25.0
2026-10-08T04:29:44+09:00,MLK,KRW-MLK,,56.0,-4.92359932,240055397.00969216,1791400023776,False,False,,101948704.48289552,132949765.08968677,229812512.1549092,93715211.8370148,203411972.1710319,0.7668212457097747,0.6700135729891519,0.6131706968646582,1,-0.16949152542372614,-1.340033500837523,중립,,,,,,,,,,,,,,NO_DATA,,0.0,,25.0,관찰,25.0
2026-10-08T04:29:44+09:00,CKB,KRW-CKB,CKBUSDT,1.7,-4.49438202,161642581.61535546,1791400710199,False,False,,197017842.2058682,202404691.84089413,169795296.77033475,289683196.9127498,4768391088.225902,0.9733857472075775,0.8929876744786894,0.17532974586808958,1,0.0,-0.5586592178770999,중립,311941.022279,-5.231,259107.457629,232301.841666,269134.864757,270782.847169,1515578.062884,1.115391319202457,1.0066079902681355,0.5101057932273301,2,0.30511060259343914,0.6891271056661541,중립,,0.0,,25.0,관찰,25.0
2026-10-08T04:29:44+09:00,WET,KRW-WET,,82.4,-5.7208238,153132082.4289209,1791401186864,False,False,,163674168.6642376,205656154.30152056,174897498.2124096,156769704.30327937,518085931.6663031,0.7958632175153313,0.9138305635944136,0.590105645992481,1,-2.9966703662597016,-1.9079685746352326,중립,,,,,,,,,,,,,,NO_DATA,,0.0,,25.0,관찰,25.0
2026-10-08T04:29:44+09:00,DOT,KRW-DOT,DOTUSDT,1515.0,-6.94103194,2712441528.622188,1791401358386,False,False,,1765654073.7126446,2066797884.5462449,1173611974.6591537,1676378337.0102031,1926317716.1368618,0.8542945040319146,1.0773216192666073,0.9927548159014702,1,1.1808576755748978,1.433021806853585,중립,13780673.03794,-8.567,9888960.89626,13916594.17864,7997545.4185,10096468.35713,14387202.85176,0.7105877177505222,0.926782856831766,0.8631247772357115,1,1.4345991561181437,2.2108843537415046,감소형,,0.0,,24.9,관찰,24.9
2026-10-08T04:29:44+09:00,AGLD,KRW-AGLD,AGLDUSDT,268.0,-5.96491228,469431171.509856,1791401306892,False,False,,289815528.16449994,364302714.1428033,297429418.95265245,407423404.04846334,436430843.6908121,0.7955349134480917,0.8132087000326348,0.7950964825057316,1,-2.397260273972601,0.35211267605634866,중립,267924.17418,-5.88,220812.16787,117846.67138,177624.40835,283458.30696,318937.28686,1.873724266322167,1.1442440457159166,1.0272464542412503,2,-2.09986000933271,0.7201152184349358,중립,,0.0,,24.9,관찰,24.9
2026-10-08T04:29:44+09:00,ENSO,KRW-ENSO,ENSOUSDT,1235.0,-7.97317437,1513842632.84821,1791400986253,False,False,,892533798.4465243,1096363743.70473,739083485.7784156,669181125.1437963,1105445476.0459547,0.8140854744343856,1.06906136009883,0.7001851707611024,1,2.0532319391634912,-2.612481857764881,중립,1068041.53927,-7.833,417704.6942,441701.83476,461241.83402,322075.75166,649152.83711,0.9456711775421107,1.0229340545065881,0.6833522351545451,1,2.585315408479838,-1.5873015873015928,중립,,0.0,,24.8,관찰,24.8
2026-10-08T04:29:44+09:00,TAO,KRW-TAO,TAOUSDT,394200.0,-5.67121321,3975229776.640867,1791401363415,False,False,,1896158423.300406,2342450171.553623,2090062924.256172,2431689797.147409,3519390578.329691,0.8094765243363894,0.8287160736081529,0.728738527006841,1,0.07183908045977905,1.1129929833050944,중립,44874803.11201,-4.66,22380237.36631,37129496.18829,18281909.97441,26088793.43479,54856268.57279,0.6027616763991627,0.8238104008397762,0.658894207168143,1,0.6186909801367602,1.8457481872116155,감소형,,0.0,,24.7,관찰,24.7
2026-10-08T04:29:44+09:00,SPK,KRW-SPK,SPKUSDT,30.4,-7.03363914,855863267.534178,1791401150650,False,False,,515818596.77257395,642709092.8911489,776917009.555213,1386042756.336613,8046322028.112417,0.8025693155393625,0.5515461261486744,0.22579589440704925,1,-4.385964912280704,1.552795031055898,중립,1128324.181963,-7.642,950736.154618,1228734.628063,1244928.897451,1617832.70636,5678214.06119,0.7737522268064977,0.6971064623338593,0.42876636847933947,1,-3.89367873177322,2.352642491431456,중립,,0.0,,24.7,관찰,24.7
2026-10-08T04:29:44+09:00,SEI,KRW-SEI,SEIUSDT,94.2,-3.58239509,4050916155.670815,1791401330269,False,False,,3707146592.611032,4366553110.437951,4398860626.25655,3365618062.9720993,7322425506.520901,0.8489869466489135,0.9167760798499226,0.7612155299029214,1,0.30800821355236874,1.4537902388369828,중립,6788504.065117,-4.432,4950688.777366,6840139.747436,6366002.273597,3548456.99152,8181325.677291,0.7237701216881931,0.8864471373484039,0.7991408057786148,1,0.4185267857143016,2.113775003546614,감소형,,0.0,,24.6,관찰,24.6
2026-10-08T04:29:44+09:00,BERA,KRW-BERA,BERAUSDT,294.0,-8.695652169999999,1480854220.8450105,1791401320216,False,False,,1182786022.8899927,1543975981.061052,731378097.7193445,928245743.6865474,2624094989.5700636,0.7660650407768376,1.107615890032592,0.6203451155782729,1,3.536977491961424,-0.9230769230769265,중립,997341.0682148,-7.892,998899.5455104,1026764.834405,470672.6300765,779211.5934178,1206300.3450245,0.9728610798102102,1.3162760532342659,0.8301290731951763,1,3.8898601398601462,-0.12605042016806678,중립,,0.0,,24.6,관찰,24.6
2026-10-08T04:29:44+09:00,ZAMA,KRW-ZAMA,ZAMAUSDT,104.0,-7.96460177,2846818004.2935367,1791401354923,False,True,입금량급등,2583975260.641726,1440532662.9610527,2469095435.6665506,3236298962.1312323,3232163520.424805,1.7937637424550286,1.0848033734480897,1.082590748167021,2,-5.833333333333335,7.619047619047614,중립,5011677.92725,-9.168,4568449.01071,3509795.37276,5233795.52842,7373777.68472,5707765.93013,1.3016283074980253,0.8503464420438882,0.9023575640967185,2,-6.211180124223603,8.123942195026679,중립,,0.0,,24.4,관찰,24.4
2026-10-08T04:29:44+09:00,MASK,KRW-MASK,MASKUSDT,634.0,-3.64741641,372729795.2774956,1791401277118,False,False,,267611680.62028864,335672456.83305824,623567135.4294308,675340843.4640515,1235482936.5579689,0.7972405098264627,0.49115664442907675,0.43984566429704436,1,-0.6042296072507503,3.949447077409163,중립,419329.6785,-3.52,466378.5397,380667.0469,326320.7029,424866.1626,982199.4233,1.2251613148498146,1.2361450570358958,0.9669123860844909,3,-0.4098360655737654,4.29184549356223,중립,,0.0,,24.1,관찰,24.1
2026-10-08T04:29:44+09:00,APT,KRW-APT,APTUSDT,1021.0,-8.676207510000001,7539704018.321229,1791401377306,False,False,,5133792197.374657,6797270502.45591,3343561940.5330114,3928791615.1194787,11061025687.665052,0.7552726047197585,1.0946544505038194,0.8437640051634735,1,2.4747937671860676,5.571293673276667,중립,13609614.493053,-10.987,12018372.907434,12375664.787072,5037273.002895,6269202.109424,12316027.745348,0.971129479847318,1.5224603382749706,1.345498029744326,1,2.7874564459930307,6.415872197887129,중립,,0.0,,23.7,관찰,23.7
2026-10-08T04:29:44+09:00,BSB,KRW-BSB,,132.0,-5.0359712199999995,484403242.28024095,1791400613446,False,False,,184179418.9326748,211395736.66282874,850705225.5955215,503508799.55644625,391572006.06269956,0.8712541787275335,0.3529220820375715,0.3981210009164654,1,2.2058823529411686,2.2058823529411686,중립,,,,,,,,,,,,,,NO_DATA,,0.0,,23.7,관찰,23.7
2026-10-08T04:29:44+09:00,JST,KRW-JST,JSTUSDT,192.0,0.5235602100000001,415970445.3718422,1791401199248,False,False,,337015635.24105984,410686444.8100264,398501844.36229086,441391846.81197846,277489960.0602612,0.8206154342322038,0.8084623101161074,0.7421413967699576,1,1.5957446808510634,6.703910614525133,중립,4688424.534673,0.334,5165477.767313,4235855.951218,4029713.829408,5099513.980678,4119501.759397,1.2194649267588271,1.1594714689934014,1.1647905139074668,3,2.075799218863028,7.7081584369991685,중립,,0.0,,22.5,관찰,22.5
2026-10-08T04:29:44+09:00,GRVT,KRW-GRVT,,300.0,-2.5974026,858566883.026095,1791401235529,False,False,,671993745.797889,871413566.1732167,634397236.3310195,421553966.7511367,1270189543.8249483,0.7711536426371314,1.0459780470992683,0.8808033190419535,1,4.761904761904767,8.833922261484094,중립,,,,,,,,,,,,,,NO_DATA,,0.0,,21.8,관찰,21.8
2026-10-08T04:29:44+09:00,ZKC,KRW-ZKC,ZKCUSDT,54.5,-7.31292517,2652652027.8532577,1791401302260,False,False,,2617033353.307817,4394743738.456893,798528969.4007913,1123470855.0493581,8911325503.485468,0.595491684852306,1.2429030847518334,0.8005803742347358,1,2.977232924693518,2.977232924693518,감소형,973147.9243,-8.028,1496355.64822,869993.20398,270171.92242,207344.15397,1799118.19089,1.719962456458912,3.3313810970024553,2.106882516412889,4,3.0952380952380842,3.0952380952380842,연속 가속형,EARLY,5.0,Binance 연속가속 우위,18.2,관찰,18.2
2026-10-08T04:29:44+09:00,AVNT,KRW-AVNT,AVNTUSDT,170.0,-1.7341040499999998,1931898218.444742,1791401294750,False,False,,2761991036.4904604,4269738516.086061,950649460.1493598,930964933.6978681,1668182121.9803803,0.6468759213438422,1.347016376851193,1.5800675250588991,1,-0.5747126436781658,3.592814371257491,감소형,982132.7211,-5.551,1436512.40259,2336733.34962,307749.34404,336352.68534,782325.04596,0.6147523861991382,1.445748140984474,1.6290158365794054,1,0.0779423226812126,4.475183075671274,감소형,,0.0,,17.9,관찰,17.9
2026-10-08T04:29:44+09:00,NMR,KRW-NMR,NMRUSDT,20350.0,-6.77966102,93004915429.47739,1791401385165,False,True,입금량급등,,,,,,,,,,,,NO_DATA,23978369.3263,-5.633,32306028.0711,1385648.3567,3165294.6086,1267057.4345,5281639.3426,23.314737765098382,16.658315151822897,12.765020448315864,2,41.10429447852761,42.10061782877319,일회성 폭증형,,0.0,,17.0,관찰,17.0
2026-10-08T04:29:44+09:00,WCT,KRW-WCT,WCTUSDT,55.1,-5.32646048,537810010.3510245,1791401256203,False,False,,715427041.6047099,1341340896.9627316,231029021.43534464,382925050.23810124,569819482.0740287,0.5333670532410432,1.0976763911539982,1.2474762327129618,1,-1.3559322033898202,2.8268551236749095,감소형,426201.744163,-4.175,534023.873225,519909.355915,207380.859416,266731.839349,550604.62233,1.0271480348438038,1.6117063118793133,1.461086110976115,3,-1.1026878015162,3.5602598027423493,가속형,,0.0,,14.4,관찰,14.4
2026-10-08T04:29:44+09:00,KMNO,KRW-KMNO,KMNOUSDT,50.7,-3.6121673,334942936.2428766,1791400959124,False,False,,251463631.06740558,380385312.8572815,261180255.5770573,72261095.7793402,665952646.768466,0.6610760788278736,1.0568264412386748,0.6523077783627502,1,-4.363636363636358,-6.4056939501779375,감소형,652408.7002,-4.634,518827.95991,926426.47098,308649.22881,241922.30889,636957.43171,0.5600314500525543,1.0538158281750405,0.7422642430476349,1,-3.8167938931297773,-5.194174757281555,감소형,,0.0,,13.5,관찰,13.5
2026-10-08T04:29:44+09:00,SPX,KRW-SPX,,525.0,-7.894736839999999,280787975.2855201,1791401323432,False,False,,445627594.4104854,857434705.3645791,197835208.49781525,218998877.85113645,423400131.41011363,0.5197219002477929,1.0491371929730204,0.7922442206474402,1,-5.785123966942152,-5.15806988352745,감소형,,,,,,,,,,,,,,NO_DATA,,0.0,,13.4,관찰,13.4
2026-10-08T04:29:44+09:00,XAUT,KRW-XAUT,XAUTUSDT,5592000.0,-0.9915014200000001,945467588.08857,1791401239954,False,False,,482060099.79344,703784468.67383,398211416.88374,306201148.94285,683720937.89683,0.6849541603295191,1.026972976046193,1.0451403806177582,1,0.42674253200569723,-0.9470361276745054,감소형,49000826.974482,-1.529,26997777.256684,23497058.268151,4592553.733544,4308773.103049,51835126.323116,1.148985415475521,2.499918792501555,1.3279125385408361,4,0.6224301818278377,-0.38363538146025666,연속 가속형,,0.0,,13.3,관찰,13.3
2026-10-08T04:29:44+09:00,ERA,KRW-ERA,ERAUSDT,83.6,-5.32276331,650463496.3821303,1791401000728,False,False,,403569867.39658487,671220130.987125,252577693.37566414,239459214.18718845,772934625.5683166,0.6012481580418003,1.04079284463125,0.7077529665859255,1,-0.5630630630630629,-3.49726775956285,감소형,601562.59993,-5.701,280384.05098,675990.53632,208989.89488,179380.32626,519593.49439,0.41477511283866847,0.7902885812394408,0.6865497065384362,1,0.0,-2.8315946348733467,감소형,,0.0,,13.3,관찰,13.3
2026-10-08T04:29:44+09:00,HYPER,KRW-HYPER,HYPERUSDT,91.0,-6.57084189,523125074.9689734,1791401265141,False,False,,253158392.2274443,395790077.5480641,186550910.95606884,153254039.7232726,352611897.0742001,0.6396279406390655,1.032463716499651,0.9258647208128103,1,0.308959835221434,-0.7135575942915251,감소형,413852.31996,-6.434,255405.44554,358528.5648,222706.71189,198493.40239,471361.18147,0.7123712602438643,0.9826704559899692,0.687226370571286,1,0.8403361344537563,0.13908205841444143,감소형,,0.0,,13.2,관찰,13.2
2026-10-08T04:29:44+09:00,MOODENG,KRW-MOODENG,,57.9,-6.31067961,459352951.9044466,1791401255883,False,False,,425897612.0260003,748064391.2524743,216705098.72454405,301484232.633217,578816175.1271464,0.5693328234925413,1.009033824156651,0.8246448250737111,1,-1.904761904761909,-3.4375000000000044,감소형,,,,,,,,,,,,,,NO_DATA,,0.0,,13.1,관찰,13.1
2026-10-08T04:29:44+09:00,XLM,KRW-XLM,XLMUSDT,272.0,-5.22648084,26585829976.6373,1791401324080,False,False,,16382954177.810324,28193994027.92959,11460810959.543312,10564368244.99492,28379871911.20964,0.5810795789195745,0.9786872098813274,0.7713166368708257,1,-2.0477815699658675,-4.013377926421402,감소형,18228247.3467,-6.247,9937871.4858,23118495.3577,8162203.3302,7998712.6722,20741726.4953,0.4298667076743827,0.7590137791037431,0.6137134022485606,1,-1.8509949097639922,-3.194888178913724,감소형,,0.0,,13.0,관찰,13.0
2026-10-08T04:29:44+09:00,SUI,KRW-SUI,SUIUSDT,1532.0,-4.01002506,25252357923.15823,1791401362475,False,False,,17943229969.110435,41411566391.55418,29865930333.027576,27724113677.18818,43190991215.27299,0.43329029864395396,0.543725396878685,0.5173940777029634,1,-0.807955251709136,-0.6226650062266526,감소형,80617219.91077,-4.918,62894006.50512,107933633.18854,79347458.72761,67593013.47748,108698492.2591,0.5827099917525788,0.7402949751366765,0.69749929438531,1,-0.4983108108108092,0.067952093773882,감소형,,0.0,,13.0,관찰,13.0
2026-10-08T04:29:44+09:00,ARB,KRW-ARB,ARBUSDT,250.0,-7.74907749,8266874603.046195,1791401360902,False,False,,3994823989.4605346,6304200425.618201,2801204221.661904,2906688229.9004183,6672245430.661567,0.6336765521011802,0.9977005748222784,0.8401161532191739,1,-1.0948905109489093,-0.73260073260073,감소형,16441444.76914,-9.98,12363409.19371,18164143.09089,7778850.95217,8786080.86864,18805800.71518,0.6806491851471217,1.067987778984419,0.9226914246061936,1,-0.844091360476662,-0.10005002501251026,감소형,,0.0,,13.0,관찰,13.0
2026-10-08T04:29:44+09:00,SOON,KRW-SOON,,438.0,-1.5730337099999998,5010803754.340168,1791401370378,False,False,,3840995367.689799,5449237182.522016,12644457571.514025,20888741684.938396,44194274572.17075,0.7048684502134498,0.29559430234968015,0.1270616851283609,1,-11.70634920634921,-22.608695652173914,감소형,,,,,,,,,,,,,,NO_DATA,,0.0,,13.0,관찰,13.0
2026-10-08T04:29:44+09:00,PROS,KRW-PROS,,890.0,-0.11223345,3614401587.902274,1791401335705,False,False,,1757786683.2073395,5087579516.14981,15326250758.06848,530123745.2789107,2548081934.3669853,0.34550549581141515,0.25178435956806094,0.27346771647667273,1,-8.802456499488232,-6.993736951983298,감소형,,,,,,,,,,,,,,NO_DATA,,0.0,,13.0,관찰,13.0
2026-10-08T04:29:44+09:00,PEPE,KRW-PEPE,PEPEUSDT,0.00553,-4.81927711,2922993149.035507,1791401285946,False,False,,2768629671.4211035,4574508717.405985,1442217650.2282224,2397440355.3234954,7786664166.0110035,0.6052299476196166,0.9871314994984636,0.6744983873018612,1,-0.8532423208191031,-4.125412541254125,감소형,28632651.71091666,-4.695,22129199.36605726,27716101.41400485,14859176.57596254,11662217.99186094,52840076.97040139,0.7984239570892699,1.2240166493013285,0.8058610835887545,1,-0.6960556844547661,-3.3860045146726914,중립,,0.0,,13.0,관찰,13.0
2026-10-08T04:29:44+09:00,ALGO,KRW-ALGO,ALGOUSDT,161.0,-4.16666667,2473166820.264747,1791401364675,False,False,,1283311568.4779327,1994444028.8969197,2466330653.874582,2390075252.950801,4327763056.448983,0.6434432603193694,0.5619645360145945,0.4332111054177345,1,-6.145251396648044,0.0,감소형,3523193.7165,-4.362,3515228.8199,3879786.6424,4155448.4322,3746532.8731,6922238.6062,0.9060366313662837,0.8950852288479079,0.675804044933914,1,-5.940594059405946,0.7340946166394691,중립,,0.0,,13.0,관찰,13.0
2026-10-08T04:29:44+09:00,MEGA,KRW-MEGA,MEGAUSDT,59.9,-4.6178343900000005,1873593671.9716783,1791401384221,False,False,,2571548745.8098526,8169465127.522542,2565724519.825799,6146016159.752802,32280695431.60297,0.314775656137686,0.45699616043922425,0.16103154937946812,1,-7.374631268436582,-8.321167883211677,감소형,1828231.509263,-5.345,1899212.02568,3867534.391399,2693873.302789,4307054.645643,10148017.728505,0.4910653231432545,0.5242357105254134,0.2556136605866531,1,-7.519999999999993,-7.814992025518341,감소형,,0.0,,13.0,관찰,13.0
2026-10-08T04:29:44+09:00,RE,KRW-RE,REUSDT,632.0,-3.5114503800000003,1648986622.4298463,1791401338953,False,False,,1493360074.999261,5146744371.487244,1365550655.6649644,1722148867.0995028,3080352278.800411,0.2901562555296928,0.5440659117399818,0.3587540136438446,1,-5.209840810419686,-6.562054208273893,감소형,894739.74208,-4.122,611846.14508,1810821.40883,539900.62381,767489.71551,1845091.31552,0.3378832070885021,0.5886509908536534,0.3522261921590344,1,-5.301394070292553,-6.404036483601782,감소형,,0.0,,13.0,관찰,13.0
2026-10-08T04:29:44+09:00,PRL,KRW-PRL,,151.0,-2.58064516,1001989061.2462907,1791400729077,False,False,,315449309.582448,468851380.7272711,493520482.74092966,342744111.2639745,895362777.7067995,0.6728130118613078,0.7251063867650117,0.5811866316331411,1,-2.515723270440251,-3.125,감소형,,,,,,,,,,,,,,NO_DATA,,0.0,,13.0,관찰,13.0
2026-10-08T04:29:44+09:00,QUID,KRW-QUID,,79.0,-5.16206483,844767975.2530258,1791401314702,False,False,,974649772.9009237,1489365024.321297,1003384362.1651896,1134881574.9609132,1141563897.0747378,0.6544062449331863,0.8060217121799335,0.8483161902702264,1,-6.509539842873169,-8.461538461538465,감소형,,,,,,,,,,,,,,NO_DATA,,0.0,,13.0,관찰,13.0
2026-10-08T04:29:44+09:00,VET,KRW-VET,VETUSDT,11.0,-5.17241379,818873185.2175207,1791401061066,False,False,,441912761.55464137,686762554.1335176,566447351.7058812,412473788.39593613,891949908.8863151,0.643472418370566,0.795912386758718,0.6482573869662979,1,-1.6949152542372947,-2.5210084033613467,감소형,1285006.5312554,-5.904,977662.9211117,1426474.6066332,1352930.4963185,942137.4189567,1839879.2892138,0.6853700139949941,0.7881110442965109,0.7015496677771379,1,-1.6702894405674407,-2.4957458876914362,감소형,,0.0,,13.0,관찰,13.0
2026-10-08T04:29:44+09:00,NEO,KRW-NEO,NEOUSDT,3274.0,-4.79790637,798247406.1902024,1791401163211,False,False,,299821707.7922236,420367174.0485988,403456686.73438877,314199508.15500283,1805026284.1120336,0.713237679585231,0.7903749148983263,0.4659898237178543,1,-0.7789959607616859,-0.029069767441858296,감소형,682387.54673,-5.371,707612.95019,345105.07211,537560.012,347936.07893,1545053.13557,2.0504275577973914,1.7250421292678384,1.0945682311706377,2,-0.19669551534224894,0.2370604504148499,고수준 유지형,,0.0,,13.0,관찰,13.0
2026-10-08T04:29:44+09:00,F,KRW-F,FUSDT,4.42,-3.4934497799999997,784463717.017073,1791401313724,False,False,,372639249.54386884,509540427.30297107,300451795.34230345,472418491.08864534,805786820.567434,0.731324208201244,0.8717314481696984,0.6309788986618486,1,-2.9661016949152463,-5.175983436853004,감소형,310161.389057,-3.021,175647.68321,254490.184454,166143.215532,107032.661852,262314.061287,0.6901943333761421,0.9986297920971426,0.8373059412336158,1,-2.45735761780862,-4.581447963800911,감소형,,0.0,,13.0,관찰,13.0
2026-10-08T04:29:44+09:00,IRYS,KRW-IRYS,,20.3,-4.24528302,772768125.479144,1791401300291,False,False,,373310827.492818,528786891.82375103,355925093.15634495,264987271.52200043,859692467.4340284,0.7059759484681885,0.9741090777824747,0.5901276435332788,1,-3.1963470319634646,-3.6363636363636376,감소형,,,,,,,,,,,,,,NO_DATA,,0.0,,13.0,관찰,13.0
2026-10-08T04:29:44+09:00,BIRB,KRW-BIRB,,80.0,-5.88235294,735528796.4697772,1791401124594,False,False,,424046808.7511292,1093760753.8208194,523157377.552861,448029856.9952635,774724808.1809583,0.38769612757617455,0.616064149517985,0.6467072265775522,1,-1.7341040462427793,-2.6345933562428425,감소형,,,,,,,,,,,,,,NO_DATA,,0.0,,13.0,관찰,13.0
2026-10-08T04:29:44+09:00,PENDLE,KRW-PENDLE,PENDLEUSDT,3022.0,-6.2073246399999995,719132349.4639436,1791401386098,False,False,,353717536.9748294,1096636640.637982,469508998.6137738,258756511.33243966,473421189.903823,0.32254761866159226,0.5814846623884944,0.6035226592995449,1,-1.678364357644191,-0.4018547140649198,감소형,5907386.6137,-6.661,2130029.3942,4649812.0037,2920950.4785,1670936.5648,4853024.1819,0.4580893576998531,0.691440843301895,0.5751050877751704,1,-0.9958506224066355,0.5054759898904804,감소형,,0.0,,13.0,관찰,13.0
2026-10-08T04:29:44+09:00,HOLO,KRW-HOLO,HOLOUSDT,83.9,-4.983012459999999,672720442.9391127,1791401182703,False,False,,270007514.4790868,394625762.8896851,336095040.5998998,304271444.07694113,839299669.3977962,0.6842115742822538,0.7826363389115093,0.5940982093741282,1,-1.6703786191536785,-0.11312217194571206,감소형,406214.95382,-5.385,191176.41668,284939.26779,162493.51448,181691.5684,612641.23072,0.6709374182181757,0.9116309826971523,0.6104334756227963,1,-1.060606060606073,0.7716049382715973,감소형,,0.0,,13.0,관찰,13.0
2026-10-08T04:29:44+09:00,SKR,KRW-SKR,,22.0,-5.57939914,588752447.8394339,1791398703663,False,False,,298786037.45709604,447927560.72524613,369271705.3859757,285770120.15002865,513005867.6232964,0.6670409763876265,0.8126772361376998,0.6390889537151448,1,-2.9166666666666674,-1.2711864406779738,감소형,,,,,,,,,,,,,,NO_DATA,,0.0,,13.0,관찰,13.0
2026-10-08T04:29:44+09:00,CRV,KRW-CRV,CRVUSDT,487.0,-0.20491803,585415988.9889512,1791401156526,False,False,,430670758.0020595,734678962.4045687,433535898.00270635,445742246.1737448,692825618.3347,0.5862026545479062,0.8005245422805295,0.5246025944796017,1,-5.7915057915057915,-4.313725490196074,감소형,3606685.68241,-1.163,3179174.62867,3206360.94292,2191612.22487,3531158.24143,6089550.29081,0.9915211310473232,1.0681356840780494,0.8073635044110493,1,-5.278361344537819,-3.607696419027251,중립,,0.0,,13.0,관찰,13.0
2026-10-08T04:29:44+09:00,TRUST,KRW-TRUST,,74.3,-5.94936709,573648070.8422692,1791401255550,False,False,,289645611.31936264,482499527.6535446,187184913.8839556,424612036.4916116,763364226.8282503,0.6003023727876904,0.7940597922083154,0.5510451073193302,1,-5.389221556886225,-6.064209274673004,감소형,,,,,,,,,,,,,,NO_DATA,,0.0,,13.0,관찰,13.0
2026-10-08T04:29:44+09:00,BLUR,KRW-BLUR,BLURUSDT,25.7,-8.214285709999999,548261774.2741044,1791401354606,False,False,,468047536.8288604,800232497.8958299,1155062231.264308,2847802593.0821857,1504365884.7915676,0.5848894390812261,0.29234106999752774,0.2987213506942363,1,-4.436860068259385,-0.3558718861210064,감소형,279818.946763,-8.277,223006.128239,258576.8193,325211.161345,850093.014932,617562.073731,0.8624366594140406,0.4665787375526127,0.40880602577037883,1,-3.9944263817928483,0.09685230024212288,중립,,0.0,,13.0,관찰,13.0
2026-10-08T04:29:44+09:00,DEEP,KRW-DEEP,,29.3,-6.089743589999999,494670850.62774646,1791401361848,False,False,,560387364.7250628,805785837.822624,877784318.1611962,1217385803.8748221,1708119774.5703845,0.6954544724182902,0.579520033202127,0.48420442440031985,1,-3.703703703703698,-0.9523809523809601,감소형,,,,,,,,,,,,,,NO_DATA,,0.0,,13.0,관찰,13.0
2026-10-08T04:29:44+09:00,BLEND,KRW-BLEND,,87.8,-2.4444444400000003,390395214.22832316,1791401017725,False,False,,129425124.53829858,239617959.166723,280241436.2697295,302901525.83053875,414374185.6612481,0.5401311528917843,0.4719176173522926,0.42281625644631826,1,-3.8461538461538436,-2.280130293159599,감소형,,,,,,,,,,,,,,NO_DATA,,0.0,,13.0,관찰,13.0
2026-10-08T04:29:44+09:00,TAIKO,KRW-TAIKO,,117.0,-4.09836066,366454219.88872033,1791401378879,False,False,,190619476.22197926,372822525.5114206,548439123.018974,218291500.9466728,369377723.82231957,0.5112874442350186,0.501826903754651,0.5110020864061972,1,-1.6129032258064502,0.0,감소형,,,,,,,,,,,,,,NO_DATA,,0.0,,13.0,관찰,13.0
2026-10-08T04:29:44+09:00,CBK,KRW-CBK,,278.0,-5.11945392,300942909.764482,1791399664371,False,False,,122250339.81619354,169131688.93947423,286335253.5495114,259362976.72387668,406875434.7029181,0.7228115593402622,0.5130605331299366,0.35071287030962794,1,-0.6779661016949157,-2.98013245033113,감소형,,,,,,,,,,,,,,NO_DATA,,0.0,,13.0,관찰,13.0
2026-10-08T04:29:44+09:00,MBL,KRW-MBL,MBLUSDT,1.02,-5.55555556,278336871.3665995,1791395370109,False,False,,111080428.1442629,161425043.44325426,131169684.51907279,106058390.48584303,264165154.21618268,0.6881238857049525,0.8359179171355567,0.48033764652788424,1,-1.8181818181818188,-3.57142857142857,감소형,546899.288905,-4.918,397402.06358,205082.247035,243474.667171,439632.84775,624082.564207,1.9377692088198062,1.3422876977488294,0.9381296324040199,2,-2.832512315270941,-3.427172582619342,중립,,0.0,,13.0,관찰,13.0
2026-10-08T04:29:44+09:00,XCN,KRW-XCN,,6.09,-3.1796502400000004,271399494.060134,1791401249112,False,False,,106763646.86824432,212164060.50692862,117428771.09678999,263402018.34498197,406937384.47960454,0.5032126865085039,0.540124320864576,0.29363592503653824,1,-4.984894259818729,-3.3794162826420893,감소형,,,,,,,,,,,,,,NO_DATA,,0.0,,13.0,관찰,13.0
2026-10-08T04:29:44+09:00,ORDER,KRW-ORDER,,49.0,-6.488549620000001,217270778.93551952,1791401285314,False,False,,161257543.33716,289140897.93450344,182618669.92485848,95007464.1863828,194795637.41117793,0.5577126739562394,0.8535652263775885,0.9042142601312881,1,-2.0560747663551426,-3.1423290203327237,감소형,,,,,,,,,,,,,,NO_DATA,,0.0,,13.0,관찰,13.0
2026-10-08T04:29:44+09:00,SOMI,KRW-SOMI,SOMIUSDT,273.0,-4.21052632,203294486.3133539,1791401306246,False,False,,115067486.95165963,204682848.53203708,209147674.6140985,357029734.71739864,687016861.8086208,0.5621745435775934,0.44781457771830063,0.18233594592887267,1,-2.0618556701030966,-0.6968641114982632,감소형,425600.41552,-5.156,326234.71637,327860.96303,315539.68807,345805.43476,634290.71438,0.995039828331587,0.9893834693294777,0.622031991032053,1,-2.090106827682303,0.0,중립,,0.0,,13.0,관찰,13.0
2026-10-08T04:29:44+09:00,ANKR,KRW-ANKR,ANKRUSDT,6.32,-4.81927711,202957391.93395367,1791401151306,False,False,,191740403.52864486,372449920.2865385,180203576.88757962,268722185.92496014,428250745.32702565,0.5148085503176706,0.7003143901407033,0.6031685062716088,1,-1.4836795252225587,-1.0432190760059634,감소형,349588.209553,-5.533,305698.460177,446808.352693,136791.034608,311648.321935,315832.236174,0.6841825098713945,1.0244040516044934,0.98798497790035,1,-1.0121457489878471,-1.0121457489878471,감소형,,0.0,,13.0,관찰,13.0
2026-10-08T04:29:44+09:00,HUNT,KRW-HUNT,,133.0,-3.62318841,137459984.86386248,1791400824438,False,False,,71683125.59805454,122781674.21814421,98587051.9578188,119508349.36478376,143855410.3323767,0.5838259337521029,0.6308707514373687,0.6168594183221391,1,-1.4285714285714235,-0.7194244604316502,감소형,,,,,,,,,,,,,,NO_DATA,,0.0,,13.0,관찰,13.0
2026-10-08T04:29:44+09:00,AERO,KRW-AERO,AEROUSDT,1084.0,-0.45913682,961910020.5522383,1791401234257,False,False,,385886663.00329965,583644267.251472,637003405.0396292,554237047.8745093,472027574.7520653,0.6611675718508078,0.652245171676209,0.714269981760874,1,-5.46875,0.8333333333333304,감소형,3916737.88945,-1.702,5945803.20541,5620529.06165,6653853.79821,5912047.07339,5808232.25438,1.0578725134577476,0.9808087503539169,1.0206427623899852,2,-5.1185281283170125,1.6938440146631262,중립,,0.0,,12.8,관찰,12.8
2026-10-08T04:29:44+09:00,TOKAMAK,KRW-TOKAMAK,,477.0,-4.40881764,354308641.9735645,1791400685989,False,False,,203768843.4448941,409384955.0526688,2068849170.057277,443516147.3716972,236183686.81840667,0.497743849474582,0.2092261395822367,0.30490935877025727,1,0.6048387096774244,-0.20000000000000018,감소형,,,,,,,,,,,,,,NO_DATA,,0.0,,12.8,관찰,12.8
2026-10-08T04:29:44+09:00,COMP,KRW-COMP,COMPUSDT,31720.0,-3.4986309700000002,162279040.7902159,1791401378255,False,False,,49839225.6868628,111221751.9924874,100913314.3859428,404513291.1571413,555264389.7796187,0.4481068207793494,0.24246829693690283,0.1578613479069996,1,-4.197027105800055,1.0451890562557686,감소형,1678266.57247,-4.168,753657.64337,720896.88067,445619.46575,1077024.19553,1246673.63863,1.0454444506259373,1.0077700348329113,0.7670189823812041,3,-4.135486411973222,1.7984107068172328,중립,,0.0,,12.8,관찰,12.8
2026-10-08T04:29:44+09:00,FOLD,KRW-FOLD,,86.2,-8.004268940000001,7984402234.751991,1791401374778,False,False,,4597191856.447896,11350472210.5998,7031721109.75667,36463191759.46196,3933878933.504821,0.40502207935937173,0.2514628268043395,0.35496590807018386,1,-6.2999999999999945,1.1879049676025932,감소형,,,,,,,,,,,,,,NO_DATA,,0.0,,12.7,관찰,12.7
2026-10-08T04:29:44+09:00,ZKP,KRW-ZKP,ZKPUSDT,63.4,-5.231689090000001,2433313340.448627,1791401215975,False,False,,4164276958.208577,32228585566.882862,607648774.7703199,450822905.7630455,1921883271.5101266,0.12921066453774702,0.3753059569600565,0.5862323698129452,1,0.45045045045046805,0.45045045045046805,감소형,620835.19663,-5.87,773973.04717,4142288.96713,120741.64347,125577.07136,573340.79705,0.18684670560447406,0.5290787670665075,0.7486789891512812,1,0.6109979633401208,1.0224948875255713,감소형,,0.0,,12.7,관찰,12.7
2026-10-08T04:29:44+09:00,TRAC,KRW-TRAC,,564.0,0.35587189,1392453364.990061,1791401259837,False,False,,1394335353.6403844,1908548795.8421776,3935705977.0837984,21029278564.46849,22182028643.37315,0.730573594281676,0.15565523180014848,0.07768176290658811,1,-11.496062992125989,-5.067567567567566,감소형,,,,,,,,,,,,,,NO_DATA,,0.0,,12.7,관찰,12.7
2026-10-08T04:29:44+09:00,B3,KRW-B3,,1.01,-5.607476640000001,1050876873.7594767,1791401080921,False,False,,1248176234.8853145,6434129674.505938,6921515289.980912,651313910.7947844,1006407068.6838939,0.19399301817477888,0.267333454606195,0.3856389107277356,1,0.9433962264151052,-3.603603603603611,감소형,,,,,,,,,,,,,,NO_DATA,,0.0,,12.7,관찰,12.7
2026-10-08T04:29:44+09:00,ELSA,KRW-ELSA,,70.6,-5.23489933,497178807.0203943,1791401261807,False,False,,273518753.49639845,369425620.24320245,702534954.2594742,442148503.8233178,503784771.0766363,0.7403892380726977,0.5419399911374985,0.5580657568214219,1,0.8119079837618282,-0.798934753661773,감소형,,,,,,,,,,,,,,NO_DATA,,0.0,,12.7,관찰,12.7
2026-10-08T04:29:44+09:00,STX,KRW-STX,STXUSDT,499.0,-4.03846154,13433581524.701363,1791401371637,False,False,,3251062527.211712,6889045063.377171,5241288855.367424,4549894833.170034,6938331846.006617,0.47191773276308996,0.5847154572454903,0.35619136778805927,1,-0.3831417624521105,1.9607843137254832,감소형,5880783.90412,-3.538,1406177.51495,2419632.59798,2612769.50721,2896535.58892,2656477.13396,0.5811533189476492,0.5320425897637877,0.3471650913111707,1,-0.02600780234069955,2.8082374966568624,감소형,,0.0,,12.6,관찰,12.6
2026-10-08T04:29:44+09:00,GMT,KRW-GMT,GMTUSDT,11.0,-6.77966102,910030201.6880418,1791400993178,False,False,,334027857.2807688,578297520.663897,1905107600.6402328,969498049.0319927,1722530829.47944,0.5776055496438895,0.29021479097682273,0.2631848747620874,1,-1.6666666666666607,1.7241379310344973,감소형,647183.382547,-8.087,264032.086356,547280.779444,1832195.312087,1230031.675674,1599412.63769,0.4824435578100123,0.21944716846567555,0.2285025137790561,1,-0.3409090909090917,3.055229142185656,감소형,,0.0,,12.6,관찰,12.6
2026-10-08T04:29:44+09:00,EURC,KRW-EURC,,1528.0,0.46022354,879555268.0204376,1791400479644,False,False,,10269528.26254336,30350932.93225441,54906139.09144312,43323315.54078922,85142148.95930518,0.33835955835248055,0.23960563015241104,0.22355503844744645,1,-0.588235294117645,-0.9765625,감소형,,,,,,,,,,,,,,NO_DATA,,0.0,,12.6,관찰,12.6
2026-10-08T04:29:44+09:00,BIGTIME,KRW-BIGTIME,BIGTIMEUSDT,11.1,-9.01639344,661358994.9829764,1791401264163,False,False,,470725544.6044369,811663428.6751593,2603079767.9925003,4397476207.06238,1889365024.2438533,0.5799516498763292,0.18076510154579756,0.23408363128370469,1,0.0,1.6666666666666607,감소형,350289.35528,-8.594,252446.03874,445337.50253,518951.18518,1514205.27612,790124.75662,0.5668645405020523,0.30556383322785685,0.3546601053783574,1,0.6726457399103047,2.1615472127417545,감소형,,0.0,,12.6,관찰,12.6
2026-10-08T04:29:44+09:00,SIGN,KRW-SIGN,SIGNUSDT,16.2,-4.7058823499999995,621681794.0001832,1791400805985,False,False,,275610165.7194334,544683892.2854615,445329694.83837694,393877168.0249116,667339955.4262667,0.5060002133769541,0.597468040076203,0.5760124917157535,1,-1.1627906976744096,1.7964071856287456,감소형,680049.67465,-5.313,352338.78702,384372.60572,336881.67677,309943.05953,536682.36448,0.9166594647399628,1.0250379030161418,0.9166542687093643,1,-0.47355958958169575,3.0228758169934755,중립,,0.0,,12.6,관찰,12.6
2026-10-08T04:29:44+09:00,CHZ,KRW-CHZ,CHZUSDT,21.3,-5.33333333,1921433858.2094216,1791401360589,False,False,,1350831784.819856,1809978179.748648,2779292375.5296054,5937314472.620069,3650836020.8539796,0.7463249004512564,0.3849772118611449,0.4411782571607941,1,-3.0172413793103425,2.2727272727272707,감소형,1521437.11151,-5.32,1115640.89568,1239490.93475,1408386.82443,5161631.60294,2501972.76347,0.9000799153928625,0.4285701613054257,0.48958309600795835,1,-2.586713697824805,2.473716759431044,중립,,0.0,,12.5,관찰,12.5
2026-10-08T04:29:44+09:00,ARK,KRW-ARK,ARKUSDT,287.0,0.7017543900000001,11067748873.803741,1791401344537,False,False,,3003266005.9761114,5110274495.852327,9225575300.408625,23367381481.659386,15591642004.605211,0.587691719576642,0.23896620296320936,0.1586008371310361,1,-8.94568690095847,-13.897280966767367,감소형,3558372.3692,1.056,899604.9491,1275177.3705,1699911.8694,6600153.7547,3714857.6283,0.7054743676538604,0.281853405581666,0.1856342628797674,1,-9.696969696969692,-14.15637860082304,감소형,,0.0,,12.4,관찰,12.4
2026-10-08T04:29:44+09:00,VIRTUAL,KRW-VIRTUAL,VIRTUALUSDT,1048.0,-3.7649219499999997,6981872619.066942,1791401370050,False,False,,5149127905.643521,9298253504.28612,7523471257.762381,4031241610.6148586,8008111765.825606,0.5537736633304288,0.7407763212614633,0.7695778658465727,1,0.46125461254613587,1.8709073900841977,감소형,10200455.03926,-4.768,6252655.78778,12209416.21662,9919208.76998,4726684.20392,10514308.52678,0.5121175064266059,0.6984826437955001,0.7148014322160099,1,0.6895687061183597,2.527767139027204,감소형,,0.0,,12.4,관찰,12.4
2026-10-08T04:29:44+09:00,LA,KRW-LA,LAUSDT,85.1,-8.09935205,3668579879.4867415,1791401181085,False,False,,2266345800.28972,9434001785.357718,1675010629.093362,1496691711.9080462,3216789488.372469,0.24023164844077724,0.5393619692098001,0.5492738515187008,1,1.6465422612513825,-2.628811777076756,감소형,922964.29742,-8.892,782224.67002,1889941.22469,403930.30807,328285.87211,975392.79627,0.41388835790293177,0.8949401762463386,0.773775598261576,1,2.0926756352765308,-2.288984263233196,감소형,,0.0,,12.4,관찰,12.4
2026-10-08T04:29:44+09:00,META2,KRW-META2,,8110.0,-0.24600246,8041956024.815299,1791401372262,False,False,,1613772175.127184,2805123393.0849586,27389551554.99147,669845922.919582,1445607736.9412858,0.5752945410905522,0.15685701215375195,0.19943080309922498,1,2.0075282308657405,-1.9891500904159143,감소형,,,,,,,,,,,,,,NO_DATA,,0.0,,12.3,관찰,12.3
2026-10-08T04:29:44+09:00,MEW,KRW-MEW,,0.661,-6.24113475,623046638.3518269,1791401283013,False,False,,286540937.91166466,558146149.0088938,453788525.71936154,903369607.9465176,1586411516.51633,0.51337976338362,0.4488178831483153,0.2099867367784334,1,-3.424657534246578,3.221083455344065,감소형,,,,,,,,,,,,,,NO_DATA,,0.0,,12.3,관찰,12.3
2026-10-08T04:29:44+09:00,ONT,KRW-ONT,ONTUSDT,78.9,-4.24757282,436224859.4353316,1791401198621,False,False,,221928265.9860753,484865436.21660346,484607020.4092527,978932376.5414402,732123970.6985826,0.45771104601263746,0.3417076300698436,0.36279192081136913,1,-0.48309178743960457,3.0000000000000027,감소형,564031.52475,-4.341,387355.16211,646954.77499,359522.28894,927062.8306,915507.92179,0.5987360741189172,0.6010041425147176,0.5870044252016174,1,-0.1803870121351192,3.661444141689363,감소형,,0.0,,12.3,관찰,12.3
2026-10-08T04:29:44+09:00,SYRUP,KRW-SYRUP,SYRUPUSDT,314.0,-7.64705882,832943518.3899785,1791401379204,False,False,,634940481.7730268,914048451.686204,902913355.4980508,1110496823.3417513,1239628132.6970644,0.6946464168302143,0.6506740780062951,0.5913206022713292,1,-2.857142857142858,3.658536585365857,감소형,1878743.2207,-8.057,1013856.13131,1345495.81983,1684593.3802,1974369.67781,2347612.93295,0.753518603601532,0.6077716828483136,0.5166303305783332,1,-2.9377657518360967,4.799666110183631,중립,,0.0,,12.2,관찰,12.2
2026-10-08T04:29:44+09:00,ADA,KRW-ADA,ADAUSDT,351.0,-3.03867403,27052163304.611393,1791401378882,False,False,,25760618559.084038,35381792481.9244,15442820750.08312,8245941298.147485,23853696745.677475,0.7280755652005036,1.3082974468743203,1.2996177190906828,1,9.036144578313255,7.738095238095233,감소형,58595909.81771,-4.848,59664672.74881,87700036.28922,52225328.09752,17370962.88558,60139277.87691,0.6803266597524079,1.137941497747406,1.1787787787085764,1,9.680065627563582,8.52272727272727,감소형,,0.0,,12.1,관찰,12.1
2026-10-08T04:29:44+09:00,OPEN,KRW-OPEN,OPENUSDT,151.0,-6.79012346,1995663748.6986818,1791401291862,False,False,,1533977377.9178624,2354556016.2854977,6502676238.372361,5625867885.031413,1533634902.2190304,0.6514932612806705,0.31774496408697206,0.4611330144144161,1,2.5316455696202445,-7.954545454545459,감소형,1980606.37409,-6.717,1605370.94189,2243482.99931,5673132.90728,5790810.99741,1158512.71746,0.7155708077055827,0.3513506115625973,0.5133586044018497,1,3.3766233766233666,-7.441860465116279,감소형,,0.0,,12.1,관찰,12.1
2026-10-08T04:29:44+09:00,AAVE,KRW-AAVE,AAVEUSDT,234900.0,-3.57142857,3401143470.080403,1791401301266,False,False,,2639000662.381107,4603676928.26495,2551073227.544985,4109643173.635948,13567831437.31573,0.5732375888886936,0.7028342988030918,0.37836623075896375,1,-1.3365735115431376,4.325481798715214,감소형,26383097.52174,-4.948,17882237.90971,28897141.42952,16311248.0958,24126674.12241,59250834.98634,0.6188237668187596,0.7737313691913857,0.5328885930003867,1,-1.0243983036845261,4.82384507699487,감소형,,0.0,,12.0,관찰,12.0
2026-10-08T04:29:44+09:00,CVC,KRW-CVC,CVCUSDT,38.4,-8.353221959999999,1481111179.8845394,1791401371946,False,False,,595475662.9321607,1067725354.0032743,522681019.3229241,548016985.0863615,1160632236.5445912,0.557704901077337,0.835394442250491,0.4471683206763691,1,2.9484029484029284,-0.7109004739336622,감소형,440807.48479,-8.249,261614.76627,472426.98759,184667.12773,289763.34228,393847.41007,0.5537676151918839,0.8288938239968507,0.6071617538244968,1,3.208556149732633,-0.22617124394183064,감소형,,0.0,,12.0,관찰,12.0
2026-10-08T04:29:44+09:00,SONIC,KRW-SONIC,,34.9,-6.68449198,2116075216.4782345,1791401386413,False,False,,565469245.8608922,1866686932.3280404,362273441.7691847,413112739.4765956,584915570.0351167,0.3029266643848343,0.6420744864581047,0.7596718651135425,1,1.3550135501354976,3.0303030303030276,감소형,,,,,,,,,,,,,,NO_DATA,,0.0,,11.9,관찰,11.9
2026-10-08T04:29:44+09:00,SKY,KRW-SKY,SKYUSDT,109.0,-9.91735537,761539515.6082697,1791401373837,False,False,,644428867.2527342,1142178481.3693247,712143955.0224568,537143638.2548276,1400071356.5628707,0.5642103031744627,0.8084106323958149,0.7296019262506478,1,-1.6260162601625994,5.217391304347818,감소형,4984459.16018,-9.219,4411132.89862,8925376.77308,4305503.01112,3248732.30309,13114453.19515,0.49422371859129827,0.803016395396002,0.6641564988945068,1,-1.7169271406559439,5.805687203791465,감소형,,0.0,,11.9,관찰,11.9
2026-10-08T04:29:44+09:00,ZK,KRW-ZK,ZKUSDT,16.1,-8.0,739203231.1591133,1791401354292,False,False,,564675329.6146219,1344349283.225447,494598048.9239172,733278390.5199794,6753607805.822647,0.42003617412568367,0.6585837214495621,0.29430298708519415,1,-2.777777777777779,5.421686746987953,감소형,1919430.906836,-8.545,1842568.305906,1665250.661895,2106462.260647,2184114.260127,6446179.750056,1.106481053014096,0.9281170773059363,0.6573533757051051,2,-2.114803625377648,6.403940886699511,중립,,0.0,,11.8,관찰,11.8
2026-10-08T04:29:44+09:00,CARV,KRW-CARV,,60.1,-6.5318818,2372029874.822466,1791401358380,False,False,,20361683405.799873,60319041286.37627,411761392.7189648,206979056.8236832,295921858.95242923,0.33756642963088324,1.0024167023689656,1.6518483328798623,1,7.52508361204014,8.614864864864845,감소형,,,,,,,,,,,,,,NO_DATA,,0.0,,11.7,관찰,11.7
2026-10-08T04:29:44+09:00,GRT,KRW-GRT,GRTUSDT,37.6,-4.32569975,841975799.65007,1791401211566,False,False,,318818317.25726175,993765510.1999106,343379465.07768404,423026219.15300304,694034581.6548381,0.32081845665294495,0.5433874584461607,0.49960988013167046,1,2.0779220779220786,2.8795811518324443,감소형,1394280.45017,-5.348,1073429.56715,2666339.32484,986223.5433,705099.21647,1262715.64492,0.4025855063343874,0.7389945890534115,0.7574855399066485,1,2.932862190812724,3.7023851904592453,감소형,,0.0,,11.6,관찰,11.6
2026-10-08T04:29:44+09:00,XTZ,KRW-XTZ,XTZUSDT,424.0,-5.98669623,350623084.1347941,1791401280331,False,False,,240941208.65462336,457983385.7970629,464300392.4791598,319984641.79282963,730023120.7599479,0.5260915922425773,0.5818578451215008,0.4705586866997172,1,2.9680365296803624,1.5765765765765716,감소형,905376.16596,-6.406,450380.78388,913718.56574,789523.19138,329452.86638,1076723.52845,0.4929097435108444,0.6647050353847703,0.5987382149698681,1,3.2858028518288895,2.239950905185628,감소형,,0.0,,11.6,관찰,11.6
2026-10-08T04:29:44+09:00,UP2,KRW-UP2,,95.0,1.60427807,6043786794.00451,1791401297986,False,False,,1161635771.5392647,4693002119.790124,2161817310.5041633,10501892710.835117,1376823629.9641166,0.24752508988664473,0.20078153548215902,0.28327425395190536,1,-5.076142131979699,1.08108108108107,감소형,,,,,,,,,,,,,,NO_DATA,,0.0,,11.5,관찰,11.5
2026-10-08T04:29:44+09:00,CELO,KRW-CELO,CELOUSDT,128.0,-8.57142857,926893666.3738482,1791401012154,False,False,,407422401.44930273,2339459945.8653436,562559822.2468047,531899320.581939,903926902.7129964,0.1741523303997415,0.35593943036460246,0.3539287741927392,1,2.941176470588225,2.1897810218978186,감소형,673749.599022,-8.63,589772.796158,1376863.748484,522608.710952,783223.513999,981268.918535,0.4283450681357332,0.6595299676125859,0.5882287672237141,1,2.481810026911191,2.481810026911191,감소형,,0.0,,11.5,관찰,11.5
2026-10-08T04:29:44+09:00,ZRX,KRW-ZRX,ZRXUSDT,162.0,-6.3583815,448466947.63442767,1791401356822,False,False,,161939460.1698148,314404869.8239708,729612828.0714984,310862183.32813406,227371371.42836332,0.5150666408585897,0.35856933684091447,0.4471864522681872,1,2.3668639053254337,3.592814371257491,감소형,353697.8281,-5.63,328171.071,226994.6716,643049.4204,154966.958,149144.6686,1.4457214730497665,0.9604903410553477,1.2311938856925442,2,2.1721641190667773,4.098360655737698,중립,,0.0,,11.4,관찰,11.4
2026-10-08T04:29:44+09:00,WLD,KRW-WLD,WLDUSDT,701.0,-6.15796519,25899084900.513363,1791401386097,False,False,,19913489705.704582,27074495489.910954,25069245616.062458,64888089318.21112,69621103245.10054,0.7355073232343388,0.5104634260660801,0.4433499112631334,1,-7.891491985203447,8.260869565217387,감소형,39429855.58647,-6.645,23788639.23626,39765795.4915,32339559.28793,81274531.36695,91228255.01127,0.598218618343618,0.46528863400427256,0.38294874911171545,1,-7.775919732441472,8.949032003160816,감소형,,0.0,,11.2,관찰,11.2
2026-10-08T04:29:44+09:00,ATOM,KRW-ATOM,ATOMUSDT,2323.0,-3.80952381,1570320395.3099744,1791401316033,False,False,,837890636.2402885,1943257282.0683393,1521947080.1418889,951095189.1783506,2091370056.1590054,0.4311784363151673,0.5691805728917355,0.5020754866072509,1,3.381849315068486,3.603603603603611,감소형,2866462.13437,-3.933,2478974.37297,4540174.0464,3234011.26635,2054670.37005,3634029.91276,0.5460086656668219,0.756641806423533,0.7818853555036898,1,3.604651162790695,4.332552693208425,감소형,,0.0,,11.0,관찰,11.0
2026-10-08T04:29:44+09:00,BIO,KRW-BIO,BIOUSDT,40.0,-7.83410138,1289870707.3873632,1791401293150,False,False,,410034700.51066214,965027373.2667061,176832664.10975978,242096316.3707632,494053343.2980934,0.42489437281209663,0.8888315720371751,0.9222371679609206,1,2.6004728132387633,5.596107055961053,감소형,3232349.920431,-7.881,1911817.355843,2760014.264862,753767.093885,946485.602543,2190565.248135,0.6926838676823254,1.2858988301162564,1.1984946246319321,1,2.4983984625240208,6.030483764082173,감소형,,0.0,,10.9,관찰,10.9
2026-10-08T04:29:44+09:00,TREE,KRW-TREE,TREEUSDT,63.7,2.74193548,1888690145.6251042,1791401374777,False,False,,1310166761.4497654,2361639712.070336,1024592560.3821844,1010502925.6560144,1446208606.0240786,0.5547699569724822,0.8939588370116509,0.9503344093830476,1,-2.3622047244094446,-0.9584664536741228,감소형,935714.0452,2.407,342062.73642,460629.6711,239256.08305,253560.73452,508662.15876,0.7425981387676179,1.076293448509596,0.8894212490219767,1,-1.9271948608136968,-0.21786492374727962,감소형,,0.0,,10.8,관찰,10.8
2026-10-08T04:29:44+09:00,DRV,KRW-DRV,,503.0,-8.876811589999999,2978249523.765486,1791401386102,False,False,,2249293945.113977,3302037940.7962365,16084033966.887653,2669554280.9844375,11243685345.917162,0.6811835555625365,0.30594832255584914,0.2150638318602315,1,5.142857142857138,2.4118738404452778,감소형,,,,,,,,,,,,,,NO_DATA,,0.0,,10.7,관찰,10.7
2026-10-08T04:29:44+09:00,LIT,KRW-LIT,,4824.0,-6.60212972,2323028030.5185113,1791401365952,False,False,,2918103430.1173406,8929323488.028978,3485638072.879171,3335528834.31915,4168518189.2755904,0.32680005758884995,0.5558119189104579,0.5907994829372577,1,6.648771422671906,-0.4816955684007751,감소형,,,,,,,,,,,,,,NO_DATA,,0.0,,10.7,관찰,10.7
2026-10-08T04:29:44+09:00,OPG,KRW-OPG,OPGUSDT,183.0,1.10497238,741448895.9590243,1791401206197,False,False,,273075275.0874458,367169226.70787,715873533.1614984,306028182.3350754,596797559.6774409,0.7437313784052825,0.589765288706013,0.6174043702770402,1,1.6853932584269593,4.022988505747116,감소형,1004832.62341,0.975,342615.24322,700107.43537,588940.80174,1114158.22886,1047054.2437,0.48937523858596244,0.4276976382239939,0.4181154987021768,1,2.6033690658499253,4.6875,감소형,,0.0,,10.6,관찰,10.6
2026-10-08T04:29:44+09:00,IOTA,KRW-IOTA,IOTAUSDT,72.8,-6.666666670000001,1640442040.6600149,1791401323749,False,False,,1798392008.524948,3134825485.9328523,16201168500.466282,822079509.974763,1769437098.599699,0.5736816982619968,0.26764343460427137,0.36086008438408285,1,5.548037889039237,4.278074866310155,감소형,1504460.5226,-7.612,925993.7675,1670609.1387,6576502.3709,538259.0777,1098341.3989,0.5542851083770383,0.3162053637800787,0.3724302410700419,1,5.882352941176472,4.918032786885251,감소형,,0.0,,10.1,관찰,10.1
2026-10-08T04:29:44+09:00,AXS,KRW-AXS,AXSUSDT,1659.0,-1.71800948,8079816821.31696,1791401360902,False,False,,6775750441.464645,20058740584.903965,90328656211.74347,20471633605.13922,31725038697.108288,0.3377954070837337,0.15533701619201667,0.2071066260476176,1,3.621853898096994,7.928388746803061,감소형,5765727.25964,-2.486,3356032.0851,6771332.30942,16870970.691,7619251.70117,11376883.30399,0.4956235983915936,0.3220599983400034,0.3806940321345461,1,3.9199332777314355,8.442123585726712,감소형,,0.0,,10.0,관찰,10.0
2026-10-08T04:29:44+09:00,PLUME,KRW-PLUME,PLUMEUSDT,24.8,-4.61538462,2518478607.7794795,1791401323099,False,False,,1404443290.3864222,3859407509.7282667,1110614119.3291106,1222050195.4575624,2597082183.7282786,0.3639012690021185,0.6804394378111595,0.3881618232787353,1,6.557377049180335,3.585657370517925,감소형,3200701.10873,-2.843,2400767.36873,4540212.76145,2029146.63867,1193490.3803,3692516.85903,0.5287786046315749,0.9277909929876716,0.5498226768977952,1,7.015590200445443,4.513322457857538,감소형,,0.0,,9.9,관찰,9.9
2026-10-08T04:29:44+09:00,SAFE,KRW-SAFE,,146.0,-7.59493671,569793851.789142,1791400065407,False,False,,925658996.3049843,7428267362.302567,317102033.3419842,335078613.58296394,471055110.8237681,0.12461304247105809,0.3436662157523652,0.46585566085049107,1,5.333333333333323,6.040268456375841,감소형,,,,,,,,,,,,,,NO_DATA,,0.0,,9.8,관찰,9.8
2026-10-08T04:29:44+09:00,GEOD,KRW-GEOD,,403.0,3.59897172,11387626196.413004,1791401379192,False,False,,938386543.481214,2333830027.9181156,2375495268.646774,554931067.9542477,1008721601.238327,0.40208007106597143,0.5347687186014909,0.6526543180691324,1,0.0,2.368421052631575,감소형,,,,,,,,,,,,,,NO_DATA,,0.0,,9.6,관찰,9.6
2026-10-08T04:29:44+09:00,EUL,KRW-EUL,EULUSDT,1915.0,-6.63091175,1620410141.1587455,1791401376042,False,False,,1992939339.8451202,6505684835.942459,828905584.5389547,416338674.06521887,707092925.4918565,0.3063381319726056,0.7713679155885858,1.0849357728160696,1,5.287474332648867,10.268817204301083,감소형,1086763.12238,-6.325,779120.09646,1385546.36146,775315.75426,382943.66093,530295.99541,0.5623197592890454,0.9188438483924378,1.0686654689004327,1,5.656424581005592,10.842490842490825,감소형,,0.0,,9.3,관찰,9.3
2026-10-08T04:29:44+09:00,IMX,KRW-IMX,IMXUSDT,235.0,-8.91472868,1006116212.2635493,1791400621386,False,False,,451816967.57401586,704247050.0531129,1787908807.3594327,4848886217.94718,2547533978.8847814,0.6415603267914871,0.18464012177121705,0.2202247324334344,1,3.6144578313253017,11.688311688311682,감소형,1528963.468014,-5.495,1062406.096966,617285.052439,892686.791008,2914787.677865,2046132.386088,1.721094805014717,0.7203144658024144,0.7521842803335111,2,3.9173014145810647,11.95779601406799,중립,,0.0,,9.2,관찰,9.2
2026-10-08T04:29:44+09:00,BAT,KRW-BAT,BATUSDT,137.0,0.73529412,1137826734.116801,1791401049343,False,False,,332416105.75768715,721159811.4277694,4127481109.9279046,1819851401.6534905,2843825060.092779,0.46094652043846124,0.14954629456978247,0.173190647975018,1,5.4263565891472965,11.475409836065564,감소형,1524407.9469,-0.1,943976.5733,1387887.6391,4388975.8185,984766.1015,3152315.2906,0.6801534552985414,0.4188235535749967,0.4639797510313365,1,6.335797254487852,12.513966480446935,감소형,,0.0,,8.0,관찰,8.0
2026-10-08T04:29:44+09:00,MANA,KRW-MANA,MANAUSDT,142.0,2.15827338,5246140872.127391,1791401349584,False,False,,1247330256.6400034,1737670714.923269,7415099355.465024,16943381724.915022,24157608351.65415,0.7178173896399481,0.1433924357611025,0.12371822282196561,1,-2.1126760563380254,15.833333333333343,감소형,4711018.3532,3.762,961694.0648,2343323.8498,2829502.4575,9496670.1195,14813619.4595,0.41039742111705113,0.19667220403893246,0.16087021805257806,1,-2.200956937799037,15.09009009009008,감소형,,0.0,,7.8,관찰,7.8
2026-10-08T04:29:44+09:00,PUMP,KRW-PUMP,PUMPUSDT,8.81,5.382775120000001,7692290364.779889,1791401379198,False,False,,2139696991.6225896,6480707199.913941,10704000442.160408,11673626017.31161,9920118760.194832,0.33016412030634607,0.22243456779702203,0.24619187375144164,1,-1.7626321974148151,5.2896725440805925,감소형,52728291.950269,3.823,21861928.246379,30308201.10609,42312961.433968,37759950.394913,55404798.609276,0.7213205485160304,0.5941757878250027,0.544749641839625,1,-1.371610845295057,6.144867833848289,감소형,,0.0,,7.5,관찰,7.5
2026-10-08T04:29:44+09:00,NEAR,KRW-NEAR,NEARUSDT,7270.0,5.89949017,42248553034.55437,1791401384849,False,False,,23981144733.17408,37210684141.99549,19351726394.627514,15467911584.772303,44005156275.74692,0.644469331487224,0.9987937313160057,0.7085007893000775,1,4.4901065449010735,4.569687738004569,감소형,157422063.0221,5.25,101753041.8881,148850669.8928,82000722.216,72232865.4934,172968470.7215,0.6835914273102096,1.0071757869554363,0.719769736592428,1,4.821022139457876,5.344146392181326,감소형,,0.0,,5.7,관찰,5.7
2026-10-08T04:29:44+09:00,AKT,KRW-AKT,,965.0,-6.31067961,4327028533.973524,1791401322461,False,False,,4833032102.592449,13446954933.579714,17176634377.980618,935987312.4574096,1340017020.21614,0.35941461293392224,0.4594198610618597,0.7036093597197818,1,12.322791712104685,15.860517435320576,감소형,,,,,,,,,,,,,,NO_DATA,,0.0,,5.2,관찰,5.2
2026-10-08T04:29:44+09:00,ELF,KRW-ELF,,95.7,-4.3,319407339.3644027,1791399362539,False,True,글로벌가격차이,134279697.11682704,216628160.20962334,111310743.48910443,247491882.16854674,217372293.09575072,0.6198626115223864,0.7000652402414174,0.6901967681139309,1,-3.8461538461538436,-3.8461538461538436,감소형,,,,,,,,,,,,,,NO_DATA,,0.0,,5.0,관찰,5.0
2026-10-08T04:29:44+09:00,ENA,KRW-ENA,ENAUSDT,309.0,-5.21472393,22179178571.8289,1791401285635,False,True,입금량급등,14022733540.380547,27460952627.0528,7419341326.511031,10431815940.880327,23119523394.410423,0.5106426470641166,0.9284096617690216,0.7573052392509878,1,0.3076923076922977,-1.8072289156626509,감소형,41496633.491232,-5.013,34088020.159612,62929656.12413,25918252.218208,21866381.19204,54607448.865894,0.5416845134569415,0.9236753530995824,0.7512572374707921,1,0.459866220735794,-1.1924342105263053,감소형,,0.0,,4.9,관찰,4.9
2026-10-08T04:29:44+09:00,EDGE,KRW-EDGE,,162.0,5.88235294,17873709349.571056,1791401280333,False,False,,979690202.0769857,4285109634.6157045,29362500355.48917,408597902.9340027,979218910.5155672,0.22862663633222208,0.08630058330222098,0.13566227894702493,1,10.869565217391308,4.794520547945202,감소형,,,,,,,,,,,,,,NO_DATA,,0.0,,3.4,관찰,3.4
2026-10-08T04:29:44+09:00,API3,KRW-API3,API3USDT,423.0,-9.61538462,12969919002.906233,1791401384848,False,True,"거래량급등,입금량급등",38247949278.90457,3591323591.554529,658449402.3797809,770016846.746852,461812440.697937,10.65009830048444,22.858297155552535,32.23107660339016,3,16.708229426433906,22.193211488250665,가속형,7141801.044175,-7.887,20653717.704263,6093507.576184,954315.743477,1842517.521882,871105.333528,3.389462874385592,6.969491295907963,9.97750568378282,3,16.5931455717679,22.364672364672366,가속형,,0.0,,57.3,시동,57.3
2026-10-08T04:29:44+09:00,CHIP,KRW-CHIP,CHIPUSDT,69.7,-3.99449036,3488133158.9462104,1791401328328,False,True,입금량급등,6002320039.676744,2929529595.6014876,2967260573.5881934,728460359.0957423,2220274117.737307,2.0489023386856604,2.717928935993056,2.9038932848142274,2,20.999999999999996,24.95697074010326,고수준 유지형,4053562.64354,-1.576,7022260.26062,3559302.63111,3467006.91632,763617.47613,3046835.45241,1.9729314948501713,2.7043617633573764,2.668900776738727,4,21.26501927000679,25.504458000938545,연속 가속형,,0.0,,35.4,시동,35.4
2026-10-08T04:29:44+09:00,SENT,KRW-SENT,SENTUSDT,34.5,-0.8620689699999999,436981139.44657207,1791400772171,False,False,,1874747609.5468647,422815601.1469798,1574548402.2677085,253566995.3502988,315894914.07653916,4.433960346924763,2.498629603362535,3.4279026556275256,2,15.231788079470189,16.778523489932873,일회성 폭증형,1975100.82558,-2.362,3479825.48036,1344323.17983,3527577.28671,790733.61119,717985.35721,2.588533421554221,1.8435724960820548,2.443210404115786,2,15.450067174205117,18.311151904543376,고수준 유지형,,0.0,,30.0,시동,30.0
2026-10-08T04:29:44+09:00,ATH,KRW-ATH,,9.1,-4.71204188,1613207440.9951766,1791401307233,False,False,,1546644310.421526,1327119688.1647084,9106214000.776157,17753811652.827282,6872792327.649704,1.1654143361857596,0.16461166517593584,0.217111690367215,2,-3.7298387096774133,20.125786163522008,중립,,,,,,,,,,,,,,NO_DATA,,0.0,,28.6,시동,28.6
2026-10-08T04:29:44+09:00,ESP,KRW-ESP,ESPUSDT,154.0,-3.75,2937742319.9343395,1791401383589,False,False,,4024164712.7940903,2413849017.462226,11584184625.874586,275019950.7486227,531759763.4051878,1.6671153347548027,0.8458242000425861,1.2129799189909394,2,15.107913669064743,11.888111888111897,중립,2600892.25229,-3.766,2587797.00172,1504112.83968,5439391.35402,282278.01279,640400.53305,1.7204806271519855,1.07440146731618,1.3325716523690696,2,15.362745098039209,11.556693211983315,중립,,0.0,,26.2,시동,26.2
2026-10-08T04:29:44+09:00,ZRO,KRW-ZRO,ZROUSDT,2997.0,-1.7699115,3370708077.5237374,1791401381080,False,False,,5248154904.177109,6153323374.855066,9993690912.163496,25736991147.491062,5658275844.746117,0.8528976269349281,0.3759063764125801,0.518732359854893,1,12.666174298375177,23.873325213154683,중립,17140129.57288,-2.704,18046117.32952,25183691.72105,13989121.04907,36364951.30287,28453481.49194,0.7165795042843539,0.7167057782680414,0.7003768138379076,1,13.045659809332655,24.889135254988926,감소형,,0.0,,15.3,시동,15.3
2026-10-08T04:29:44+09:00,FLUID,KRW-FLUID,,2804.0,7.186544340000001,1816554871.998857,1791401379832,False,False,,15702280581.865583,27724738941.870705,1022128299.9108783,574073063.894377,1069293089.8596888,0.5663635143612316,1.606593828659642,2.571086533823233,1,12.710038776389476,27.79677576941866,감소형,,,,,,,,,,,,,,NO_DATA,,0.0,,9.4,시동,9.4
2026-10-08T04:29:44+09:00,BEAM,KRW-BEAM,,3.48,2.0527859200000003,5843502268.516715,1791401348306,False,False,,2031359011.1331267,22724708160.131466,50893666353.02065,223206660.577595,585577280.1471372,0.0893898833295897,0.08252907015982808,0.1358802582442267,1,17.993079584775096,21.352313167259783,감소형,,,,,,,,,,,,,,NO_DATA,,0.0,,0.4,시동,0.4
2026-10-08T04:29:44+09:00,ORCA,KRW-ORCA,ORCAUSDT,3832.0,-11.50115473,90373618610.88437,1791401382028,False,True,거래량급등,121542238799.69038,31729464950.25717,6441430818.199152,963421459.3672208,859418854.4944104,3.830579525694311,9.317313862315974,14.805207861996006,5,76.73469387755102,86.39690055962117,연속 가속형,37554135.66336,-4.1,45109545.37658,13744645.86346,7161192.31785,1256261.5906,1296068.37312,3.2819721820918835,6.106309308347498,9.056568426433321,4,77.0509977827051,87.33137829912023,연속 가속형,,0.0,,65.0,이미 발동,65.0
2026-10-08T04:29:44+09:00,CAP,KRW-CAP,,99.5,-16.38655462,47510909913.93433,1791401314050,False,True,"거래량급등,입금량급등",60922006319.539055,10909666296.040758,4341537065.917943,11200953468.718998,45946444668.747314,5.584222712810964,6.909304981386454,2.9981453621703493,3,26.46121147715197,24.607329842931946,가속형,,,,,,,,,,,,,,NO_DATA,,0.0,,52.6,이미 발동,52.6
2026-10-08T04:29:44+09:00,MET2,KRW-MET2,,586.0,31.68539326,12631307811.91965,1791401382343,False,True,거래량급등,7513030557.466016,514883670.8346726,791165917.6762142,428887714.17607176,1591189905.7723372,14.591704851091354,12.991300398862231,9.102352016250798,2,7.487922705314021,8.272506082725052,일회성 폭증형,,,,,,,,,,,,,,NO_DATA,,0.0,,22.6,이미 발동,22.6
2026-10-08T04:29:44+09:00,SAND,KRW-SAND,SANDUSDT,108.0,19.46902655,102885663043.67488,1791401385786,False,False,,24915319839.638115,44054569457.363266,63451260250.983315,180751874901.55615,229584594584.27567,0.5655558582578266,0.2593025557463159,0.23964274894515342,1,-11.372549019607836,47.23127035830621,감소형,44587111.43377,21.247,9723670.29675,18351155.72156,26656079.60105,59433145.30251,63483037.0873,0.5298669165193813,0.27930778033983716,0.2866097910559491,1,-11.11998934611801,48.14650388457269,감소형,,0.0,,0,이미 발동,0
2026-10-08T04:29:44+09:00,EGLD,KRW-EGLD,EGLDUSDT,6365.0,-6.12094395,7134529706.304219,1791401376043,True,True,글로벌가격차이,1278521090.4704456,862054268.767453,1438004529.3910868,1145528156.3051655,6069087298.317157,1.4831097493414749,1.1131813888610251,0.43941751708780274,2,-3.349964362081259,-5.5052264808362334,중립,703550.88459,-9.555,595535.35056,436055.89769,256616.7123,311642.52209,858019.37836,1.3657316727392983,1.778929734912812,1.2207389532394801,3,-2.1953896816684915,-1.2195121951219412,가속형,,0.0,,0,유의종목,0
2026-10-08T04:29:44+09:00,RVN,KRW-RVN,RVNUSDT,3.13,-3.69230769,2311945957.131257,1791401298983,True,False,,2405395983.3306165,12788599064.172958,1167252495.3460958,1172438736.1500592,5218216112.505917,0.18808909179655903,0.47699956895047685,0.37382262847366576,1,-2.6946107784431073,-6.069364161849711,감소형,1198646.5365359,-3.134,2206990.8704814,8747567.6429274,334059.7542911,386703.2029598,651474.5322054,0.25229766268407194,0.6992756052814123,1.037495475606589,1,0.17233950883237537,-2.2698612862547374,감소형,,0.0,,0,유의종목,0
2026-10-08T04:29:44+09:00,BLAST,KRW-BLAST,,0.289,-6.774193550000001,1711081930.0177028,1791401043079,True,True,글로벌가격차이,4190913041.9266124,5702696462.626582,37972340323.40995,8535818712.640915,13812113698.47939,0.7349002475219129,0.24080699321424295,0.31390268036683416,1,1.6393442622950838,-45.4225352112676,감소형,,,,,,,,,,,,,,NO_DATA,,0.0,,0,유의종목,0
2026-10-08T04:29:44+09:00,MANTRA,KRW-MANTRA,MANTRAUSDT,6.7,-2.61627907,1202321437.881739,1791400191279,True,True,글로벌가격차이,5053499429.110761,1005128549.3465364,4032899503.9046497,692801900.9790127,1530228430.397484,5.027714546956396,2.645428045922318,2.743605105853723,2,0.2915451895043608,-1.4326647564469996,일회성 폭증형,465669.76677,-1.778,376999.09154,442990.55898,302596.77323,596675.18886,773501.99415,0.8510318874696845,0.8426051214768423,0.7307154170349787,1,-0.21929824561403022,2.708803611738153,중립,,0.0,,0,유의종목,0
2026-10-08T04:29:44+09:00,ZIL,KRW-ZIL,ZILUSDT,4.35,-5.43478261,1150971596.3038864,1791401210623,True,False,,4044093297.504254,16489935912.692007,394531383.6298132,549336472.0975242,1126152346.6733963,0.24524615007094042,0.6959054979435935,1.0113614699484252,1,1.7699115044247815,3.3707865168539186,감소형,526377.4319993,-4.062,687335.0752104,2041152.8008087,169819.1243629,193262.2973372,347413.4578691,0.336738667941998,0.8576557168708435,1.0989679644551587,1,0.08539709649870719,0.45714285714284486,감소형,,0.0,,0,유의종목,0
2026-10-08T04:29:44+09:00,ICX,KRW-ICX,,19.3,-5.39215686,921105070.9157103,1791401228594,True,False,,2373078766.7172904,1329686480.2790043,6259587337.315711,3176827492.0588474,17517441454.67985,1.7846904529098875,0.6612641006608694,0.13852788872792984,2,-0.487804878048792,-15.702479338842979,중립,,,,,,,,,,,,,,NO_DATA,,0.0,,0,유의종목,0
2026-10-08T04:29:44+09:00,SOPH,KRW-SOPH,SOPHUSDT,5.08,-2.1194604999999997,746397081.2446572,1791401197673,True,False,,610123090.0791684,1756726314.3516705,1923324709.8212464,756262245.3354429,1776107977.428242,0.3473068542861429,0.41258792133053085,0.35550654364346906,1,-0.9541984732824416,-2.4436090225563922,감소형,405392.57453,-1.613,188989.89353,303604.74502,260361.1229,290032.997,715381.29874,0.6224866265431731,0.6638998058189597,0.3415365094245775,1,-0.2666666666666706,-1.8372703412073532,감소형,,0.0,,0,유의종목,0
