scan_time_kst,coin,upbit_market,binance_symbol,upbit_price,upbit_price_24h_pct,upbit_24h_trade_krw,upbit_timestamp_ms,warning,caution_any,caution_types,upbit_D1_trade_krw,upbit_D2_trade_krw,upbit_D3_trade_krw,upbit_D4_trade_krw,upbit_D5_trade_krw,upbit_d1_vs_prev_x,upbit_d1_vs_3davg_x,upbit_d1_vs_5davg_x,upbit_rise_streak,upbit_price_3d_pct,upbit_price_5d_pct,upbit_supply_pattern,binance_24h_quote_usdt,binance_price_24h_pct,binance_D1_quote_usdt,binance_D2_quote_usdt,binance_D3_quote_usdt,binance_D4_quote_usdt,binance_D5_quote_usdt,binance_d1_vs_prev_x,binance_d1_vs_3davg_x,binance_d1_vs_5davg_x,binance_rise_streak,binance_price_3d_pct,binance_price_5d_pct,binance_supply_pattern,overseas_lead,overseas_lead_score,overseas_lead_reason,raw_signal_score,state,score
2026-09-27T22:54:51+09:00,ESP,KRW-ESP,ESPUSDT,139.0,-2.7972028,14653214486.93489,1790517264501,False,True,"거래량급등,입금량급등",11264305851.511736,1257248227.1640294,1138982721.04665,721548807.202768,695148141.1282727,8.959492332648258,10.838776374713468,11.647997898427747,5,14.399999999999991,12.598425196850393,연속 가속형,4107504.49318,0.753,2611907.3122,622218.02973,571953.46213,840295.40247,532505.70699,4.197736464392376,3.851486577853849,3.8655114769219194,3,14.526843079603612,11.538869445328249,가속형,,0.0,,72.2,발사 전,72.2
2026-09-27T22:54:51+09:00,GAS,KRW-GAS,GASUSDT,2031.0,-2.30880231,1941408094.2708035,1790517279145,False,True,"거래량급등,입금량급등",12145465293.972284,1999638884.7185578,1619003174.0239973,1929827811.180036,1951505607.7836533,6.073829323278896,6.56692687103394,6.260056062378639,3,7.776049766718507,8.677469942498695,가속형,340191.0321,-2.097,1684242.4825,353208.402,404369.5972,448391.7133,396641.4855,4.7684100178907975,4.189763138433711,4.152727223815351,2,8.309659090909083,7.621736062103035,일회성 폭증형,,0.0,,63.4,발사 전,63.4
2026-09-27T22:54:51+09:00,AWE,KRW-AWE,AWEUSDT,95.4,-0.625,3314201405.445674,1790517289199,False,True,거래량급등,4738631938.853953,531760012.6767444,325220751.3625015,890359306.5973148,552484161.1700724,8.911222780744433,8.13573502688745,7.865669919050745,3,10.344827586206895,10.599078341013835,가속형,872345.89154,-1.183,1023590.2836,177350.37928,87769.81325,263862.75461,184554.63235,5.771570874308423,5.80504696304944,4.751071776158592,3,11.44074483193942,10.017136625642632,가속형,,0.0,,62.0,발사 전,62.0
2026-09-27T22:54:51+09:00,FOLD,KRW-FOLD,,91.6,4.56621005,25985060179.964672,1790517292120,False,True,거래량급등,14492592348.077728,1701281137.632876,1551151032.7012749,5249694619.795462,2628199489.3220534,8.518634591013214,5.113753078195436,4.687216014685658,3,5.4151624548736566,4.2857142857142705,가속형,,,,,,,,,,,,,,NO_DATA,,0.0,,61.5,발사 전,61.5
2026-09-27T22:54:51+09:00,ONT,KRW-ONT,ONTUSDT,80.5,-0.61728395,530916533.6748189,1790517181102,False,True,입금량급등,2928897578.1057897,738193729.7565117,743208674.072926,1153233650.631319,672252242.1280202,3.9676543704480762,3.3350688871961798,3.367718624188539,2,7.001321003963001,6.020942408376961,고수준 유지형,401338.71395,-0.622,1133616.28373,484443.1094,622708.49006,889295.32869,656689.03263,2.340040061946642,1.7034506669012153,1.6224518477173941,2,8.192552225249772,5.34135125574815,고수준 유지형,,0.0,,51.1,관찰,51.1
2026-09-27T22:54:51+09:00,STX,KRW-STX,STXUSDT,465.0,-0.42826552,7913779053.518763,1790517291146,False,False,,9516321270.439722,5667517324.351759,4435230530.986427,6508480643.59532,7464381994.5164585,1.6790987527379428,1.7186545723064433,1.3346796536628063,3,10.401891252955075,1.0822510822510845,가속형,2644007.91026,0.029,3073574.50456,2061839.04223,1879725.57724,2235634.5708,2788116.38089,1.4906956564542246,1.4927029596526529,1.199462221017486,3,11.197663096397292,0.3221083455344109,고수준 유지형,,0.0,,49.5,관찰,49.5
2026-09-27T22:54:51+09:00,AZTEC,KRW-AZTEC,,22.8,-2.14592275,498397757.0852045,1790516636073,False,False,,606107054.9573615,272637604.19872695,250071331.86229235,509177249.7179386,427292285.68230414,2.2231234636127706,1.7621334503082398,1.2323414196007747,3,10.952380952380958,4.954954954954971,가속형,,,,,,,,,,,,,,NO_DATA,,0.0,,48.3,관찰,48.3
2026-09-27T22:54:51+09:00,PUMP,KRW-PUMP,PUMPUSDT,6.24,4.1736227,3245947892.107834,1790517288878,False,False,,7077553989.372783,4101793198.247136,3212175210.8482614,6006452055.01929,4371184605.91388,1.7254780159071186,1.5939933747076,1.7143076253234368,3,8.90909090909091,1.1824324324324342,가속형,18668792.192691,4.441,32172533.501279,30642050.637338,23589540.330818,31396090.739447,30973966.834723,1.0499471423128606,1.1271775502859032,1.130424835027552,3,9.74025974025976,0.38839387708478057,중립,,0.0,,47.6,관찰,47.6
2026-09-27T22:54:51+09:00,POLYX,KRW-POLYX,POLYXUSDT,61.2,-2.7027026999999997,1014938170.6388556,1790517283058,False,False,,3132571496.227811,1085720360.3985474,1411692152.519149,1433869239.0717933,1095783111.8219707,2.8852470769525804,2.390496301601269,2.4691387007263335,2,9.77312390924956,8.448275862068954,고수준 유지형,286789.3622,-1.528,695559.81833,605478.5719,493417.63061,469853.35465,353664.91449,1.1487769354864596,1.330154609743852,1.4680838732475652,5,11.057692307692314,7.441860465116279,연속 가속형,,0.0,,46.2,관찰,46.2
2026-09-27T22:54:51+09:00,CELO,KRW-CELO,CELOUSDT,131.0,-0.75757576,720998651.833838,1790517105351,False,False,,1124444243.3423002,291328478.15849984,568359220.1189625,534476426.8312035,771663970.2830554,3.8597127560270175,2.4196094773016568,1.763460033675072,2,7.317073170731714,2.3255813953488413,고수준 유지형,585717.011024,-1.276,754747.986934,502909.627459,445392.719867,573236.982345,667984.089445,1.5007626534163563,1.4881271332576027,1.220019012009428,3,8.469822750729183,0.9711779448621449,고수준 유지형,,0.0,,45.1,관찰,45.1
2026-09-27T22:54:51+09:00,OPEN,KRW-OPEN,OPENUSDT,189.0,-1.5625,1291677276.2131288,1790517204945,False,False,,1503851136.4397848,1246557249.3883724,645051369.9364836,1730678986.496826,622225083.2179157,1.206403586500062,1.2454983977717449,1.5625979573064037,3,4.918032786885251,-2.0408163265306145,중립,651525.1375,-1.702,830978.09412,697840.877,548998.15831,1332178.15185,724333.32775,1.1907844918634654,0.9666218180985471,1.07100396783514,3,5.953278070836476,-2.9005524861878462,중립,,0.0,,44.1,관찰,44.1
2026-09-27T22:54:51+09:00,LINEA,KRW-LINEA,LINEAUSDT,3.95,-0.75376884,1008525970.9216771,1790517278160,False,False,,1380578315.800216,1188108829.6634636,594235649.3743852,1388258948.8556542,827708711.1714424,1.1619965118778472,1.3062923325457794,1.469903197967845,3,4.188481675392675,2.051282051282044,중립,786517.065858,-0.445,1093619.568089,909271.243243,1134813.949149,2034180.35075,1117711.116486,1.202742939706863,0.8044740269019712,0.8367665396595679,2,5.495300072306586,1.6016713091921986,중립,,0.0,,43.9,관찰,43.9
2026-09-27T22:54:51+09:00,AHT,KRW-AHT,,1.66,-1.19047619,336452208.21360755,1790517183817,False,False,,239721415.9712518,163901230.7816942,136327190.98387405,301883883.05296075,142739809.5120611,1.4625968019150823,1.1944021773986244,1.2149614543017693,3,4.347826086956519,3.703703703703698,중립,,,,,,,,,,,,,,NO_DATA,,0.0,,41.3,관찰,41.3
2026-09-27T22:54:51+09:00,SUN,KRW-SUN,SUNUSDT,23.1,-1.28205128,784682250.5038073,1790517277515,False,False,,377744687.9281972,326224635.72143286,273408579.08883953,627441619.5556046,636764803.5544163,1.1579281469433778,0.9235248185741011,0.8176182408443459,3,0.0,0.0,중립,658200.49488,-0.698,385648.88753,493542.55529,704271.45937,1058520.72397,1291171.76659,0.781389331875135,0.5127548864015071,0.42083397250267607,1,0.23391812865496409,-0.7527504342791036,중립,,0.0,,41.0,관찰,41.0
2026-09-27T22:54:51+09:00,ATOM,KRW-ATOM,ATOMUSDT,2522.0,-0.90373281,1627230461.2762873,1790517280444,False,False,,1836383640.010355,1626712318.3985448,1063871956.418247,1526143841.5679188,1850207344.7390072,1.1288926869492364,1.3064989650683092,1.1406729604128931,3,8.621425522833981,3.8775510204081653,중립,4982737.33099,0.705,4112897.81137,4767523.86585,2794095.53677,3571178.86895,4341275.08373,0.8626905553280776,1.1083191425124006,1.0258191897864641,1,9.952885747938755,2.978488692774417,중립,,0.0,,40.3,관찰,40.3
2026-09-27T22:54:51+09:00,F,KRW-F,FUSDT,5.11,-1.54142582,1661214502.3761666,1790517286618,False,False,,1931243672.5285752,1663248314.4275296,1650657542.8913343,3548448424.673397,2649224514.1071277,1.1611276895797045,0.8442774563227161,0.683508071371666,3,0.9727626459144156,2.5691699604743157,중립,331937.180279,-2.238,386546.634428,358943.227689,597008.545865,1048141.314729,909931.812317,1.0769018736381244,0.5786357480417826,0.4624696314576998,2,1.7375033413525864,1.574593007739522,중립,,0.0,,40.1,관찰,40.1
2026-09-27T22:54:51+09:00,CTC,KRW-CTC,,163.0,2.51572327,851899211.3787614,1790517192308,False,False,,966598404.0661058,533162724.42825633,507150679.77491117,1122192074.792623,512966896.7049284,1.8129519559017364,1.3409423654014991,1.2529155383703352,3,6.000000000000005,3.9215686274509887,중립,,,,,,,,,,,,,,NO_DATA,,0.0,,40.0,관찰,40.0
2026-09-27T22:54:51+09:00,DKA,KRW-DKA,,5.86,0.0,292343717.9486518,1790516602995,False,False,,339462835.9896932,275775194.9614227,254989420.3100747,765478487.005146,397276876.67646444,1.2309404260857457,0.7856462311586797,0.6090811940596913,3,1.0344827586207028,2.987697715289972,중립,,,,,,,,,,,,,,NO_DATA,,0.0,,40.0,관찰,40.0
2026-09-27T22:54:51+09:00,AVAX,KRW-AVAX,AVAXUSDT,15200.0,0.46265697000000006,7255992186.631145,1790517293412,False,False,,11523853654.978065,8691757638.73907,6781883132.745587,13583222610.403173,13497485515.085693,1.3258369749768877,1.1897898445048225,0.7949681164580111,3,6.850282485875714,-0.2636783124588038,중립,54053819.01789,1.004,48017776.27594,49214793.68163,51208788.48539,62891600.42385,60995089.12677,0.9756776912764586,0.8820571764518432,0.7165342924659651,1,5.63133281371786,-3.4636274597097283,중립,,0.0,,39.8,관찰,39.8
2026-09-27T22:54:51+09:00,BFC,KRW-BFC,,40.6,-2.63788969,1106479764.6219218,1790517225644,False,False,,2098615287.4534564,657952625.2843801,760647213.9787546,1687073173.7591593,2852106544.8625975,3.189614581363504,2.0272082205568545,0.526613069429245,2,4.249999999999998,-2.3419203747072626,고수준 유지형,,,,,,,,,,,,,,NO_DATA,,0.0,,39.7,관찰,39.7
2026-09-27T22:54:51+09:00,HIVE,KRW-HIVE,HIVEUSDT,80.3,-1.83374083,1451909728.076499,1790517258033,False,False,,7128125470.1953945,1930753153.80951,10119001102.891792,1141522182.4377542,1063701476.9946694,3.6918885545421007,1.6210998616584111,2.3754400609565463,2,10.094212651413192,8.921438082556588,고수준 유지형,312132.7602,0.51,718556.7261,441699.4897,1548123.382,225614.2634,310816.0079,1.6267999915237394,0.9730224993284216,1.2575906452711587,2,10.720887245841038,7.927927927927936,중립,,0.0,,39.4,관찰,39.4
2026-09-27T22:54:51+09:00,BOUNTY,KRW-BOUNTY,,20.2,0.0,259609905.08168033,1790516962086,False,False,,214269109.43335652,160304521.96869004,93487629.62447628,314225027.1343003,184870062.77327284,1.3366379613121993,1.1316688163202315,1.0752847313333465,3,4.663212435233155,6.8783068783068835,중립,,,,,,,,,,,,,,NO_DATA,,0.0,,39.3,관찰,39.3
2026-09-27T22:54:51+09:00,QUID,KRW-QUID,,97.8,-0.9118541000000001,3118139175.540573,1790517222751,False,False,,3557051525.6104727,1950152431.75513,1849882511.7334845,7600800215.63554,991577239.7710391,1.8239864062365316,0.9359976201648027,1.2793972097452655,3,3.459119496855334,9.18141592920354,중립,,,,,,,,,,,,,,NO_DATA,,0.0,,39.2,관찰,39.2
2026-09-27T22:54:51+09:00,BORA,KRW-BORA,,39.2,-1.25944584,397850077.8603564,1790517271295,False,False,,721981630.8988461,500004948.32935196,358469586.4965401,1252435872.5863886,1065857876.6219172,1.4439489715275353,1.0260714453304172,0.19619061792166526,3,5.026455026455046,2.0565552699228995,중립,,,,,,,,,,,,,,NO_DATA,,0.0,,39.0,관찰,39.0
2026-09-27T22:54:51+09:00,DOT,KRW-DOT,DOTUSDT,1683.0,-0.35523979,2743790317.376938,1790517145801,False,False,,3759517640.3333883,2988179751.944406,2591438912.4337125,4454398719.391595,2313008767.786826,1.258129681752603,1.1240316305653926,1.2893495652163165,3,11.70634920634921,3.429271279853041,중립,15821144.04803,0.162,17276923.99882,13539404.31128,13005945.5901,16094070.9573,13074111.66395,1.2760475720801234,1.2155599431859765,1.1871355912282637,3,12.794918330308525,2.9826014913007404,중립,,0.0,,38.6,관찰,38.6
2026-09-27T22:54:51+09:00,WLFI,KRW-WLFI,WLFIUSDT,78.8,-1.12923463,4081062810.879361,1790517287576,False,False,,5502014510.796696,1831309784.0394216,2631666888.2063565,4786155788.871419,4536400859.162914,3.0044149595818777,1.7846045131022301,1.4479657919516593,2,6.979865771812088,2.5740025740025763,고수준 유지형,4886203.50126,-1.363,6955342.23556,6814575.39247,7127876.38296,9080895.05936,9986182.80987,1.0206567298742553,0.9062985870998509,0.7771063779315516,2,7.734806629834257,1.9163763066202266,중립,,0.0,,38.5,관찰,38.5
2026-09-27T22:54:51+09:00,AI,KRW-AI,AIUSDT,28.7,-2.0477815699999997,635915942.9542563,1790517209624,False,False,,636133196.8618762,586004411.7189287,530954130.03510886,856018693.2078984,453562049.5264,1.085543357934635,0.9672689358843245,1.0247888212538834,3,6.545454545454543,1.736111111111116,중립,489206.48234,-0.498,542451.00564,883235.46961,3041037.50173,1323182.19715,475555.0208,0.614163520719479,0.31012232876079715,0.41465616652315657,1,6.951871657754016,9.289617486338809,감소형,,0.0,,38.5,관찰,38.5
2026-09-27T22:54:51+09:00,MLK,KRW-MLK,,62.2,0.32258065,346579648.3792799,1790517074223,False,False,,344391630.55574757,290523472.05161804,253517901.9892675,554763115.3993033,546314810.7708379,1.1854175778766634,0.9402718150465669,0.30178837490188504,3,4.553119730185506,4.3771043771043905,중립,,,,,,,,,,,,,,NO_DATA,,0.0,,38.2,관찰,38.2
2026-09-27T22:54:51+09:00,FLUID,KRW-FLUID,,2026.0,3.7909836099999996,382232747.9757145,1790517229857,False,False,,274944161.92958355,273941140.80621785,124217697.37550235,333588349.1137448,285572415.8616066,1.0036614475664873,1.1272096430426042,1.1234939932395496,3,4.664879356568363,3.774587985114297,중립,,,,,,,,,,,,,,NO_DATA,,0.0,,37.1,관찰,37.1
2026-09-27T22:54:51+09:00,TAO,KRW-TAO,TAOUSDT,446300.0,2.0347508,5560574618.455428,1790517245067,False,False,,6108682892.241184,5240401253.689657,4071613239.594975,7212508003.220612,8198491920.154779,1.165689915049957,1.1090213759943328,0.9000221157096239,3,10.678137651821862,1.2499999999999956,중립,55889677.69473,0.275,58668835.2636,56025376.05486,48442023.51155,55735237.52064,80815654.82073,1.0471832479295011,1.0986492419295355,0.8799429171865583,3,11.838440111420612,0.5635566687539173,중립,,0.0,,36.2,관찰,36.2
2026-09-27T22:54:51+09:00,ELSA,KRW-ELSA,,79.6,-0.5,1344583756.8817117,1790517244421,False,True,거래량급등,2422830825.4513936,531986137.5683196,643727038.1422617,605405122.6466119,715698244.6031375,4.5543119535520695,4.080858909292125,3.7457791298903516,2,4.575163398692816,5.54089709762533,일회성 폭증형,,,,,,,,,,,,,,NO_DATA,,0.0,,34.2,관찰,34.2
2026-09-27T22:54:51+09:00,PROVE,KRW-PROVE,PROVEUSDT,320.0,-3.32326284,561070727.8734637,1790517194072,False,False,,1392396108.7870903,398791095.8248659,748567903.4606488,2003050654.7005785,5192513479.20477,3.4915426231045505,1.3259190978785993,0.19551626880185355,2,4.416403785488954,1.846153846153853,중립,789781.70437,-2.927,1128234.81915,1201165.02622,167470680.70228,36052813.4043,19011457.39728,0.93928377410429,0.016532959301470484,0.023049764066246498,1,4.87699611566681,1.207830070803828,중립,,0.0,,33.7,관찰,33.7
2026-09-27T22:54:51+09:00,IO,KRW-IO,IOUSDT,230.0,0.43668122000000004,283263035.9542762,1790517054023,False,False,,294453668.74039084,263662915.3313798,189923379.67554346,519390994.63632125,233528435.09898123,1.1167807515528387,0.9078947840037139,0.8242328852128572,3,13.366336633663355,11.165048543689316,중립,1955833.797088,-1.112,2559451.696468,1929557.542863,1494302.5987,2205380.763772,1481661.372506,1.3264448660444654,1.3640125229188527,1.371969169709865,3,13.947190250507791,10.360655737704928,중립,,0.0,,33.5,관찰,33.5
2026-09-27T22:54:51+09:00,TOKAMAK,KRW-TOKAMAK,,523.0,-1.87617261,333433213.2201744,1790517249263,False,True,거래량급등,2982323009.404212,194135864.6856406,209145573.5551036,392672787.112917,272309390.31445974,15.362040467037936,11.240557237116604,9.803946618851151,2,5.753968253968256,8.113590263691695,일회성 폭증형,,,,,,,,,,,,,,NO_DATA,,0.0,,33.2,관찰,33.2
2026-09-27T22:54:51+09:00,INJ,KRW-INJ,INJUSDT,10530.0,-0.47258978999999995,1288588103.2136488,1790517272617,False,False,,1413060366.293055,1204157289.1378722,3299221219.841468,2699436780.3268714,2194718772.0830345,1.1734848753062392,0.5885450242175363,0.6960315209101311,2,-1.121495327102806,-2.846648301193755,중립,10330892.2256,-0.116,13087085.27086,17714271.38839,23851049.90338,26842439.41671,18846376.17887,0.738787669214401,0.5739298495662214,0.6017849182752592,1,-0.34602076124568004,-0.9805169998726604,감소형,,0.0,,33.0,관찰,33.0
2026-09-27T22:54:51+09:00,JPYC,KRW-JPYC,,8.58,-0.11641444,1115245763.7081969,1790517190571,False,False,,1250263158.2683022,1209124386.3152997,1668314310.229142,2957296186.876625,2889032984.270048,1.034023606188582,0.6428380294471434,0.46904273881369357,2,-0.578703703703709,-0.34802784222737193,중립,,,,,,,,,,,,,,NO_DATA,,0.0,,33.0,관찰,33.0
2026-09-27T22:54:51+09:00,USDC,KRW-USDC,USDCUSDT,1358.0,-0.22042616,1109210031.0262907,1790517252505,False,False,,1200605612.706693,972971952.0326549,1303531410.828122,2462911451.9630013,2065159335.885374,1.2339570634060768,0.7599707936208581,0.6680674353162015,2,-0.8017492711370311,0.6656804733727872,중립,1208815597.8359,0.003,875062768.7218,2970483318.24134,2984297405.54443,3509948476.96585,3138012925.17953,0.29458598987853485,0.2773653900163278,0.26483553770397034,1,0.0019997800241977615,0.0,감소형,,0.0,,32.9,관찰,32.9
2026-09-27T22:54:51+09:00,FLOCK,KRW-FLOCK,,96.6,-2.42424242,8922272167.145052,1790517292140,False,False,,11641525936.892641,11614627205.163279,28876594592.805668,17715554280.63883,32698126105.836792,1.0023159358672662,0.6000087990359158,0.5298220721319042,2,1.0204081632652962,-0.30211480362537513,중립,,,,,,,,,,,,,,NO_DATA,,0.0,,32.6,관찰,32.6
2026-09-27T22:54:51+09:00,ALT,KRW-ALT,ALTUSDT,10.8,-2.7027026999999997,115931353.34105264,1790517284649,False,False,,184067916.77096668,151369530.6561429,203614084.65303737,690332237.8898102,409011569.3741785,1.216016961756344,0.5282649723746038,0.42281553387410425,2,9.90099009900991,8.823529411764719,중립,748876.72222,-2.086,1399402.72688,732118.38666,697349.20714,1085963.3964,503833.64989,1.9114432206302323,1.668981656422307,1.8175890238338062,3,10.569105691056912,7.651715039577844,가속형,EARLY,5.0,Binance 연속가속 우위,32.6,관찰,32.6
2026-09-27T22:54:51+09:00,MEGA,KRW-MEGA,MEGAUSDT,59.9,-1.80327869,819353425.7742953,1790517269660,False,False,,680991238.7441318,581382344.569024,730792229.8956327,1384555697.1908326,1225320090.0734363,1.1713311302030465,0.7575743624438342,0.5759226428918868,2,1.6666666666666607,-0.4893964110929794,중립,1270925.428446,-1.953,1387680.45736,1945548.435377,1934186.230112,3282502.051348,3149826.410422,0.7132592703049828,0.5812487825616701,0.435676232974324,1,2.7497708524289566,-0.9717314487632578,감소형,,0.0,,32.4,관찰,32.4
2026-09-27T22:54:51+09:00,HUNT,KRW-HUNT,,142.0,0.0,194102990.12576294,1790516986807,False,False,,451084632.30524045,223800197.50289848,375851535.13567114,714973402.3237224,183915934.99390942,2.015568517536265,1.0293838607874612,1.0955739239051236,2,2.158273381294973,3.649635036496357,중립,,,,,,,,,,,,,,NO_DATA,,0.0,,32.2,관찰,32.2
2026-09-27T22:54:51+09:00,CP,KRW-CP,,18.0,-1.0989011,2506341289.2355356,1790517148143,False,False,,3243233227.9681396,2451448370.5874968,2763263527.8686366,4883607939.08363,3876319028.6522155,1.322986552309437,0.9634968826927995,0.9479581529574891,2,2.824858757062154,-1.0869565217391242,중립,,,,,,,,,,,,,,NO_DATA,,0.0,,32.0,관찰,32.0
2026-09-27T22:54:51+09:00,FCT2,KRW-FCT2,,13.1,0.76923077,314237412.4620944,1790517258358,False,False,,205599583.94292477,138354121.38492206,203811181.51823166,225194179.05446297,311980741.5063869,1.4860387380215128,1.0871392326088787,0.6190279348587936,2,2.3622047244094446,1.5625,중립,,,,,,,,,,,,,,NO_DATA,,0.0,,31.9,관찰,31.9
2026-09-27T22:54:51+09:00,MNT,KRW-MNT,,929.0,-1.7970401699999998,481759718.75858766,1790517200840,False,False,,852527066.4546248,532304333.0492524,732090609.2035265,909645682.1683378,798286666.9893589,1.6015782955795388,1.1764183109710211,1.1884542266082876,2,5.58035714285714,7.622298065984068,중립,,,,,,,,,,,,,,NO_DATA,,0.0,,31.7,관찰,31.7
2026-09-27T22:54:51+09:00,CBK,KRW-CBK,,300.0,-3.53697749,1664013835.7753167,1790517287260,False,True,거래량급등,11160507175.796453,214565846.56875736,295594897.2345304,339719024.96521544,242530643.52162832,52.01436926831728,39.39559777485339,33.75360276534028,2,9.507042253521124,9.893992932862194,일회성 폭증형,,,,,,,,,,,,,,NO_DATA,,0.0,,31.5,관찰,31.5
2026-09-27T22:54:51+09:00,GEOD,KRW-GEOD,,359.0,0.0,3360915442.2218156,1790517201831,False,False,,1220507833.774974,637106243.2519096,1092495234.6777556,2025961421.1696436,1268338528.7326832,1.915705342244448,0.9749599726323476,0.7931750932256695,2,2.279202279202286,3.458213256484144,중립,,,,,,,,,,,,,,NO_DATA,,0.0,,31.4,관찰,31.4
2026-09-27T22:54:51+09:00,SPX,KRW-SPX,,609.0,-1.9323671500000001,532036769.95756084,1790517294379,False,False,,699051316.2309495,636904174.199095,902396799.4358153,1585496530.6417246,766054754.5393494,1.097576911173497,0.6711327520655846,0.7351391493668266,2,4.545454545454541,-9.738372093023251,중립,,,,,,,,,,,,,,NO_DATA,,0.0,,31.4,관찰,31.4
2026-09-27T22:54:51+09:00,NCT,KRW-NCT,,14.8,1.36986301,459800401.3896223,1790517272941,False,False,,465134700.00733536,314112406.86464876,373800609.8509307,565667304.705099,380562341.2664815,1.4807906018426142,1.1131349752208932,0.8765742608043328,2,2.8169014084507005,2.0979020979020824,중립,,,,,,,,,,,,,,NO_DATA,,0.0,,31.4,관찰,31.4
2026-09-27T22:54:51+09:00,BLEND,KRW-BLEND,,95.5,1.16525424,782027707.4073796,1790517132349,False,False,,496851075.13511527,444289202.3914961,515476211.5431836,933411207.7961878,570056370.3312528,1.118305537160687,0.7873291949076485,0.7947586838796113,2,0.10604453870626251,3.3953997809419656,중립,,,,,,,,,,,,,,NO_DATA,,0.0,,31.3,관찰,31.3
2026-09-27T22:54:51+09:00,TOSHI,KRW-TOSHI,,0.177,-0.56179775,361719400.4445759,1790517238567,False,False,,401168339.80022264,375750547.4203052,551199581.3500766,1038933313.9414418,2900016184.766952,1.067645390151583,0.6121955113170401,0.3511351881495062,2,3.488372093023262,2.8901734104046284,중립,,,,,,,,,,,,,,NO_DATA,,0.0,,31.1,관찰,31.1
2026-09-27T22:54:51+09:00,CRV,KRW-CRV,CRVUSDT,470.0,-0.6342494700000001,733988383.8585392,1790517189545,False,False,,616903610.9507459,259539870.064275,847104212.1523826,759612922.4042169,619772540.3167683,2.376912690901671,0.991669865548987,0.9639417248657295,2,6.0538116591928315,-5.020080321285136,중립,2921612.446,-0.546,3432043.37315,3971553.5212,5080269.04276,6223934.73163,4747912.92887,0.8641563949295621,0.6740176555713161,0.615490487803092,1,6.982466933251308,-5.463441152487092,중립,,0.0,,30.9,관찰,30.9
2026-09-27T22:54:51+09:00,WCT,KRW-WCT,WCTUSDT,59.0,-1.83028286,666544965.1318189,1790517263530,False,False,,672667242.9781916,437472528.51433104,451220702.5853356,818351594.4625832,1148587490.5609832,1.5376216770972762,1.1821609478063384,0.725463777826728,2,6.939501779359425,5.069930069930062,중립,916134.62214,-2.472,714658.11011,549165.873911,660777.316205,896342.574492,859245.675972,1.3013520032124581,1.017893377221307,0.8739269580395728,2,7.467057101024888,3.966005665722383,중립,,0.0,,30.9,관찰,30.9
2026-09-27T22:54:51+09:00,MOCA,KRW-MOCA,,14.3,0.70422535,473314625.50210756,1790517184815,False,False,,191501365.7372173,166581706.18616933,194407096.8372007,494665611.5166454,273319058.73617876,1.1495942148845453,0.6714207131397728,0.4782499875456006,2,3.649635036496357,1.4285714285714235,중립,,,,,,,,,,,,,,NO_DATA,,0.0,,30.8,관찰,30.8
2026-09-27T22:54:51+09:00,ANIME,KRW-ANIME,ANIMEUSDT,4.69,-1.05485232,1140135118.5033028,1790517142720,False,False,,493091298.7290356,390908613.1037221,667551791.5967109,1163195125.3474052,1428392841.229193,1.2613978873834657,0.6658430509050403,0.48216710163311194,2,4.175824175824183,3.947368421052655,중립,318930.544161,-1.146,156442.574613,165124.054083,201649.051487,311153.314687,302076.553311,0.9474245014258418,0.6922989130016192,0.5949810427830554,1,5.757575757575761,3.5608308605341144,중립,,0.0,,30.7,관찰,30.7
2026-09-27T22:54:51+09:00,VANA,KRW-VANA,VANAUSDT,1550.0,-1.3367282,586030169.8282528,1790516738171,False,False,,520481662.09814745,410509430.81426674,515170172.2216138,784802475.1400633,742608913.0230439,1.267892094624343,0.9128683698104371,0.6444106946464642,2,4.873164218958603,2.746893394375416,중립,357209.37772,-1.632,409379.6077,296423.7553,328720.89863,831286.70857,512272.00323,1.3810620787989185,0.8432521124729625,0.7280238954598022,2,6.060606060606055,2.5754884547069423,중립,,0.0,,30.7,관찰,30.7
2026-09-27T22:54:51+09:00,PIEVERSE,KRW-PIEVERSE,,2150.0,2.96934866,2151899944.7348557,1790517199113,False,False,,816502260.2305021,771434779.5047857,1021020419.8879246,1307374121.4384334,2352988673.048582,1.0584203382101167,0.790206984697703,0.185678128604057,2,-9.999999999999998,-16.41313050440353,중립,,,,,,,,,,,,,,NO_DATA,,0.0,,30.6,관찰,30.6
2026-09-27T22:54:51+09:00,TREE,KRW-TREE,TREEUSDT,66.1,-1.49031297,1767512160.7889652,1790517254127,False,False,,1822910803.6530046,1736925099.6178071,2060314882.9458199,4143205677.2998075,7704238971.842984,1.0495045549483497,0.6887185738958975,0.5146687286085535,2,1.0542168674698704,9.283387622149842,중립,481390.5965,-0.205,497174.69671,398941.86128,635977.87179,1071141.08412,1531938.86581,1.246233461474364,0.7082056120867668,0.5975776321853353,2,1.6528925619834656,8.370044052863435,중립,,0.0,,30.6,관찰,30.6
2026-09-27T22:54:51+09:00,VET,KRW-VET,VETUSDT,12.7,-0.78125,851811964.8966961,1790517155008,False,False,,1110578197.936596,863791921.013069,1208455392.947247,3071323794.0764594,1270281345.7985125,1.2857010709640488,0.6477473575905245,0.6294715998177042,2,5.785123966942152,1.5873015873016039,중립,2074292.5151858,-2.336,3105022.6978709,2077075.8693211,1874288.7073794,3797549.1906224,2225025.3924656,1.4949009536593327,1.202112757131749,1.1532273010781866,3,5.956576105490519,-0.03217503217504136,중립,,0.0,,30.6,관찰,30.6
2026-09-27T22:54:51+09:00,TRUMP,KRW-TRUMP,TRUMPUSDT,2891.0,0.38194444,22832999914.865532,1790517285635,False,False,,27361577859.25581,27165574975.272278,35829199609.617615,56764668225.943756,37606036148.99317,1.007215120024588,0.685413455934532,0.7224361483036335,2,6.548279689234193,-2.669820885434271,중립,17243167.705803,-0.421,17592642.604479,21577041.133215,26792867.109435,44376078.825917,37669454.503665,0.8153408289794404,0.5690588831020618,0.5269466606542448,1,7.524148449415358,-3.2921810699588328,중립,,0.0,,30.4,관찰,30.4
2026-09-27T22:54:51+09:00,T,KRW-T,TUSDT,7.81,0.6443299,10222906569.102024,1790517268687,False,False,,5415883989.6512375,2105069605.701688,3262242952.0365148,9992842013.607557,2310030619.6691613,2.5727814296411102,1.0577791970442518,1.182150357958318,2,3.743315508021383,9.915014164305958,중립,1464103.783441,2.131,813472.954541,412870.107776,902794.912274,1636364.876929,859776.697381,1.9702878440944058,0.8266917845650668,0.7978744356979647,2,4.595588235294112,9.213051823416496,중립,,0.0,,30.4,관찰,30.4
2026-09-27T22:54:51+09:00,DOS,KRW-DOS,,310.0,-1.8987341800000002,1726468892.8281884,1790517254141,False,False,,1730808432.9591353,1291286134.9064682,2347559901.2211156,3909547061.2758193,1928947704.913857,1.3403756039589965,0.6878848560051232,0.7603844859940595,2,4.290429042904287,6.040268456375841,중립,,,,,,,,,,,,,,NO_DATA,,0.0,,30.2,관찰,30.2
2026-09-27T22:54:51+09:00,POKT,KRW-POKT,,12.7,0.0,491678648.50079745,1790517278486,False,False,,530477166.2463315,389865355.95711,437220023.1756466,930469888.0438541,528357085.95992863,1.3606676206046135,0.9054802022217586,0.6988962862520132,2,4.958677685950419,4.958677685950419,중립,,,,,,,,,,,,,,NO_DATA,,0.0,,30.2,관찰,30.2
2026-09-27T22:54:51+09:00,SLX,KRW-SLX,,97.2,1.99370409,6991893845.466729,1790517270314,False,False,,4607809296.074293,3562415701.9781637,4986684453.448385,19107787809.89808,3643639473.736753,1.2934507596953482,0.49981863127746967,0.6859272944496294,2,-5.643564356435649,5.888888888888877,중립,,,,,,,,,,,,,,NO_DATA,,0.0,,30.1,관찰,30.1
2026-09-27T22:54:51+09:00,SAHARA,KRW-SAHARA,SAHARAUSDT,13.3,-0.74626866,4047712223.7183976,1790517250568,False,False,,4091737000.1330953,3586700200.756401,5670755424.691838,6411877449.244839,5595862604.193922,1.1408082000469921,0.7833907762305784,0.798141358070574,2,4.6875,5.51181102362206,중립,1272884.28283,1.339,1653134.63841,1449471.35524,1594377.95334,2039412.28299,1776150.2971,1.1405086636819242,0.975634211596467,1.00341036617859,2,4.589114194236932,3.703703703703698,중립,,0.0,,30.1,관찰,30.1
2026-09-27T22:54:51+09:00,BTT,KRW-BTT,,0.000509,2.00400802,1330875872.7528622,1790517250892,False,False,,975497707.2225146,652159722.7495574,1509297891.038131,10991623469.202335,29257795231.74678,1.4957956972714268,0.22249487425818248,0.1131854036014479,2,-0.5976095617529764,5.720338983050843,중립,,,,,,,,,,,,,,NO_DATA,,0.0,,30.1,관찰,30.1
2026-09-27T22:54:51+09:00,ZKC,KRW-ZKC,ZKCUSDT,61.0,0.49423394,2450698947.0931273,1790517195750,False,False,,3455438784.1736565,1580692279.7088804,4305029227.44298,3322372054.9508696,3653768605.0322175,2.186028760012703,1.1257831257476658,1.1279116369169553,2,8.007117437722421,7.243816254416968,중립,748253.99659,0.224,825262.65865,417812.66952,982698.06784,1149829.64203,938285.38314,1.9751977832507925,0.9707676653506809,0.952332035331378,2,9.046454767726164,6.698564593301448,중립,,0.0,,29.9,관찰,29.9
2026-09-27T22:54:51+09:00,LPT,KRW-LPT,LPTUSDT,2399.0,1.26635711,1064462990.5235661,1790517101529,False,False,,479214082.84828466,329803739.3906603,584352637.4498216,2199737303.010241,552491485.3387672,1.453028045508739,0.46168636323311246,0.3274308838501635,2,5.242114615726345,1.0234541577825107,중립,1591652.09269,1.259,1307100.89314,1436612.11208,2013358.4461,2733593.65007,1162118.98918,0.9098495565706409,0.6341492620369767,0.6383101765082733,1,6.349206349206349,0.3456221198156584,중립,,0.0,,29.9,관찰,29.9
2026-09-27T22:54:51+09:00,TRUST,KRW-TRUST,,90.8,9.66183575,23388673368.759968,1790517291133,False,False,,1005002350.3405551,525975307.1376437,665071344.8213401,721275844.0710351,2044661936.336637,1.9107405551218275,1.5766206051964662,1.0823331322673175,2,0.4854368932038833,1.4705882352941124,고수준 유지형,,,,,,,,,,,,,,NO_DATA,,0.0,,29.8,관찰,29.8
2026-09-27T22:54:51+09:00,PRL,KRW-PRL,,165.0,-1.19760479,2167182178.181338,1790517289519,False,False,,1606130806.212406,1197459194.4558792,1726664075.631089,2575765115.471831,1699254758.4016843,1.3412822864016052,0.8760891277883015,0.9098156754387435,2,6.369426751592355,4.374999999999996,중립,,,,,,,,,,,,,,NO_DATA,,0.0,,29.8,관찰,29.8
2026-09-27T22:54:51+09:00,SYRUP,KRW-SYRUP,SYRUPUSDT,297.0,-1.0,1118466168.3417547,1790517240197,False,False,,1087305985.161243,922174180.9328914,1867891821.5083742,1902703161.5017471,1340658259.7620935,1.1790679110765179,0.6950944829220969,0.7633769432752814,2,9.090909090909083,-4.153354632587858,중립,2327632.50815,-2.019,1897914.05905,2052788.08716,2216534.91004,2009543.79215,1436544.38437,0.9245543029605818,0.9068104752289906,1.027447343850909,1,9.990009990010007,-4.798962386511018,중립,,0.0,,29.8,관찰,29.8
2026-09-27T22:54:51+09:00,EUL,KRW-EUL,EULUSDT,2007.0,-3.04347826,1768496860.5057847,1790517043300,False,False,,2036415440.3273146,894530364.2578365,1943014679.1289468,12026810982.079859,1914192107.09643,2.2765190782728366,0.4109997305308861,0.5661207647356026,2,6.099436186570983,6.811145510835903,중립,843504.06875,-0.471,1280823.66631,558929.24953,887669.94263,3101157.90304,1022163.38048,2.291566718662579,0.8449156185112867,1.031910204589655,2,7.122708039492243,5.779944289693595,중립,,0.0,,29.4,관찰,29.4
2026-09-27T22:54:51+09:00,API3,KRW-API3,API3USDT,382.0,0.0,554367632.7109644,1790517218415,False,False,,709501841.3636439,652410981.0954163,918922735.4122962,9867817848.81384,691226718.2284254,1.0875075097178322,0.18607197500063016,0.2795924431913684,2,5.524861878453047,7.605633802816891,중립,652827.96376,-1.366,611330.942317,726719.287029,529007.402933,3241184.735142,565703.915821,0.8412201977138453,0.4078338783176245,0.5315480388006255,1,6.509326227636092,6.468797564687989,중립,,0.0,,29.4,관찰,29.4
2026-09-27T22:54:51+09:00,PENDLE,KRW-PENDLE,PENDLEUSDT,3582.0,2.40137221,847551070.9682302,1790517272615,False,False,,846850447.0221015,840140410.6259723,1281369647.4021833,2115688278.1443222,1811945550.5843487,1.0079868035286266,0.5995828232485386,0.5610820825125424,2,3.2772364924712027,2.701115678214916,중립,3583650.8302,2.481,4088013.7924,6596483.8093,9014925.6728,8586146.7858,10142198.5292,0.6197261921020024,0.506829749311059,0.46266817089979634,1,4.051863857374394,1.8643395477984992,감소형,,0.0,,29.3,관찰,29.3
2026-09-27T22:54:51+09:00,NEO,KRW-NEO,NEOUSDT,3611.0,-0.57819383,491754421.35227746,1790517032251,False,False,,960346995.8905385,797935834.793989,883157518.4904234,1495313727.8878937,1107958656.3734434,1.2035391243438525,0.9070125188766168,0.913702099422736,2,6.510263929618776,6.823529411764695,중립,589931.51713,-0.449,562238.30755,733648.08877,803931.75427,1224065.13992,1070656.52957,0.7663596704690152,0.6107645743958504,0.5861576343226684,1,7.580645161290334,6.125696101829758,중립,,0.0,,29.2,관찰,29.2
2026-09-27T22:54:51+09:00,LAYER,KRW-LAYER,LAYERUSDT,112.0,0.9009009,1126239279.2669232,1790517233093,False,False,,1026309590.0710856,670782290.8856579,672995809.8412343,1444919044.3070695,765271334.4093354,1.5300189107795499,1.1040742719933327,0.9664563820343975,2,7.7669902912621325,5.714285714285716,중립,474985.489534,1.108,423824.055424,334884.443716,311872.887143,464393.371591,389111.41304,1.2655829895264576,1.1442841762764526,0.9886285481882996,3,9.919571045576415,6.493506493506507,중립,,0.0,,29.1,관찰,29.1
2026-09-27T22:54:51+09:00,KAITO,KRW-KAITO,KAITOUSDT,487.0,-0.6122449,1497113954.5594003,1790517163770,False,False,,2665275256.7620263,1676299452.973401,2705624146.60792,4909042866.376387,2313855096.108805,1.5899756168472114,0.8606021558233956,0.964564970581987,2,9.131403118040083,3.813559322033888,중립,1540748.22236,-0.361,2064985.68967,1959004.14913,3456613.44715,4267302.25743,2856122.69261,1.0540997019261378,0.6397819214249107,0.6746418816563134,2,10.466543891958269,3.0936694356917815,중립,,0.0,,29.0,관찰,29.0
2026-09-27T22:54:51+09:00,AGLD,KRW-AGLD,AGLDUSDT,297.0,-2.30263158,350126265.3962895,1790517251854,False,False,,391886313.2874657,363038766.0179357,472344061.63764673,539389090.5506123,902989025.4194108,1.0794613412389817,0.855166536567316,0.578139063172483,2,5.555555555555558,9.35251798561152,중립,126139.46818,-2.895,213964.41281,212252.08316,291713.70059,399293.44727,448218.19196,1.0080674338951445,0.7106412161491513,0.6094919826253847,2,7.0678127984718175,8.940719144800768,중립,,0.0,,29.0,관찰,29.0
2026-09-27T22:54:51+09:00,W,KRW-W,WUSDT,19.8,11.23595506,14147640022.156685,1790517274572,False,False,,1131367014.048889,836731873.5387086,521776961.02423143,1022270842.024354,708079457.8573585,1.3521261109178364,1.4256258466604135,1.1638106388960374,3,14.83870967741936,9.876543209876543,고수준 유지형,12534032.531393,14.748,1820695.899841,1336199.940635,705149.893797,1213148.43817,866543.100795,1.3625924118629686,1.6783194342137455,1.569069293178006,3,16.413916146297968,9.756097560975618,가속형,,0.0,,28.9,관찰,28.9
2026-09-27T22:54:51+09:00,POWR,KRW-POWR,POWRUSDT,94.8,-2.96827021,726218514.0283566,1790517283045,False,False,,1639108515.52632,889592822.0878876,1285140919.4390612,10935424031.639046,683905376.3859506,1.8425379283966206,0.3750775262707969,0.5521170516510342,2,4.603854389721618,13.736903376018628,중립,138764.9622,-1.969,210354.5347,199611.0425,300476.8309,1125712.2561,96384.7162,1.0538221336126732,0.388155710317281,0.5380620185754993,2,5.433186490455233,13.070866141732296,중립,,0.0,,28.4,관찰,28.4
2026-09-27T22:54:51+09:00,BREV,KRW-BREV,BREVUSDT,123.0,-1.6,281269237.288512,1790517239549,False,False,,291500795.6545754,238577412.48295832,424146050.858519,899154086.7775248,3915134182.15773,1.2218289762673884,0.5599045756801463,0.24161201778082775,2,7.758620689655182,8.695652173913038,중립,197400.67121,-1.737,163942.35967,258923.4015,198807.07642,387067.17133,839998.85869,0.6331693416672498,0.5821832949542858,0.41767522672651614,1,7.900943396226423,7.14285714285714,감소형,,0.0,,28.4,관찰,28.4
2026-09-27T22:54:51+09:00,RE,KRW-RE,REUSDT,676.0,1.19760479,3406242765.3658113,1790517201512,False,False,,2867501867.24106,2027687767.8427677,2551831665.5209427,4504310120.534931,2092317119.2125452,1.414173282848059,0.9470131017629139,1.0908552041110955,2,8.972267536704726,5.1968503937007915,중립,1829152.22415,2.35,2337986.11263,1443077.61719,1512523.62555,3410339.7021,1792186.18253,1.6201388510082986,1.1017944399209765,1.2429263028439617,2,9.896999552171959,4.737516005121645,중립,,0.0,,28.2,관찰,28.2
2026-09-27T22:54:51+09:00,SAFE,KRW-SAFE,,155.0,-1.8987341800000002,258386739.00723714,1790517209298,False,False,,293923422.0594258,228781778.53233784,642112008.6655991,394477936.05983543,501917251.8879182,1.2847326563547992,0.696846823720787,0.48405090613871204,2,8.965517241379306,7.48299319727892,중립,,,,,,,,,,,,,,NO_DATA,,0.0,,28.2,관찰,28.2
2026-09-27T22:54:51+09:00,0G,KRW-0G,0GUSDT,355.0,-0.8379888300000001,3541036823.766701,1790517269331,False,False,,4988616669.185425,2769289982.2243867,4918818100.313952,13441554283.758232,5135368829.580481,1.80140638979902,0.7082862824835267,0.8318658719955307,2,6.231454005934722,12.933753943217674,중립,1909472.75631,-0.494,2584348.675674,1551855.682323,2225640.132211,4773223.872767,2129528.963167,1.6653279716097331,0.9067126874169836,0.958497213452571,2,6.959706959706957,12.16389244558258,중립,,0.0,,28.0,관찰,28.0
2026-09-27T22:54:51+09:00,XCN,KRW-XCN,,7.15,1.85185185,4836062476.258084,1790517055978,False,False,,1035243575.9021567,616167530.56629,3041938854.4936404,3471930526.9087267,523575838.31889087,1.6801332828276654,0.43558410230571365,0.6022607580476607,2,-2.904564315352709,16.417910447761173,중립,,,,,,,,,,,,,,NO_DATA,,0.0,,27.9,관찰,27.9
2026-09-27T22:54:51+09:00,BARD,KRW-BARD,BARDUSDT,203.0,0.49504950000000003,626538331.5025604,1790517158705,False,False,,634597802.23686,593484930.9725345,829416272.3279619,1272499316.985045,1061732422.0339231,1.0692736565306797,0.7063118792115165,0.6753122212294751,2,7.446808510638303,9.782608695652172,중립,443835.54113,1.634,447061.10581,798908.81838,591125.71265,851408.64291,564644.8785,0.5595896496881024,0.5983570464882557,0.697302176489727,1,8.797653958944295,9.037472446730344,감소형,,0.0,,27.8,관찰,27.8
2026-09-27T22:54:51+09:00,COW,KRW-COW,COWUSDT,217.0,3.33333333,18647300222.13939,1790517241164,False,False,,336694762.9016514,307617798.7079198,396618244.6530735,416311128.8220103,232502692.1942505,1.09452302277652,0.9014205861027251,1.0257589878678437,2,8.247422680412363,-2.3255813953488413,중립,4528925.15186,4.094,425902.24064,409844.50155,612222.78088,515618.36643,576404.04522,1.0391800769054382,0.8309284299214591,0.7328186051975173,2,9.432624113475185,-3.0169704588309254,중립,,0.0,,27.6,관찰,27.6
2026-09-27T22:54:51+09:00,MTL,KRW-MTL,MTLUSDT,458.0,-2.76008493,559697957.9151226,1790517053708,False,False,,1062766943.3135656,954927968.0164298,1520091374.1976013,1013703917.0019915,3192336101.885564,1.1129289107754778,0.9138875723427728,0.6890254365440881,2,9.027777777777768,11.61137440758293,중립,267723.08125,-3.256,363763.66787,301303.61562,522791.25206,314972.66998,527729.1758,1.2072993784740167,0.9580564519043815,0.9320133479519574,2,10.317460317460302,10.66878980891719,중립,,0.0,,27.3,관찰,27.3
2026-09-27T22:54:51+09:00,ATH,KRW-ATH,,8.49,-2.18894009,1097441567.5334172,1790517147814,False,False,,1837788426.3344338,1420991113.4247174,2186292856.8161902,12795420198.684797,1174205146.0481954,1.293314510535676,0.3361253865352373,0.4689559224800827,2,7.558859975216836,14.361001317523048,중립,,,,,,,,,,,,,,NO_DATA,,0.0,,27.2,관찰,27.2
2026-09-27T22:54:51+09:00,BLUR,KRW-BLUR,BLURUSDT,28.4,-1.38888889,765079506.2824043,1790517195747,False,False,,969628729.7145889,1022404853.1101134,433045591.72313356,1049827901.1822863,1036313231.7456821,0.9483804060250871,1.1611029943120463,0.8742920725907767,1,8.270676691729317,5.882352941176472,중립,224156.812338,-1.508,419150.937922,268239.559108,186274.266864,338481.653337,279790.156146,1.5625992650593319,1.5856998514817746,1.323784166877144,3,9.349173553719027,5.323383084577116,가속형,EARLY,5.0,Binance 연속가속 우위,27.1,관찰,27.1
2026-09-27T22:54:51+09:00,SKY,KRW-SKY,SKYUSDT,103.0,-2.83018868,486334134.4769636,1790517075183,False,False,,569418022.7821141,468139735.9796117,542916176.2963797,1103636241.5894055,267425575.24606377,1.2163420000880107,0.807802717394995,1.0281767303917295,2,10.301768990634752,11.227701993704088,중립,1776236.31009,-2.582,2948962.05844,2793431.14192,3487512.6418,7869211.11034,3254812.39906,1.0556773761794247,0.6252147938701204,0.7376470794295348,2,11.705016435615256,10.70821529745043,중립,,0.0,,27.1,관찰,27.1
2026-09-27T22:54:51+09:00,IN,KRW-IN,,55.4,4.13533835,24898975504.218796,1790517291460,False,False,,2474954558.2258844,911806275.5038447,1465270296.4348595,3770871642.2945056,15308473023.805813,2.7143425360373588,1.207697823070181,0.5452939676479234,2,7.692307692307709,11.297071129707126,중립,,,,,,,,,,,,,,NO_DATA,,0.0,,26.2,관찰,26.2
2026-09-27T22:54:51+09:00,MMT,KRW-MMT,MMTUSDT,251.0,7.26495726,4196332409.218421,1790517190942,False,False,,591563442.2212769,533076983.26801175,820621231.7090731,1300878533.890594,870445235.0457644,1.1097148456771022,0.6685398444105384,0.6297863122193915,2,1.7391304347825987,4.0000000000000036,중립,1804531.48401,6.895,460386.72111,379828.81436,512169.90532,1246728.72979,655691.58185,1.2120900355749407,0.6457859619617575,0.6194662930401055,2,2.9358897543439344,3.0593881223755393,중립,,0.0,,25.7,관찰,25.7
2026-09-27T22:54:51+09:00,IMX,KRW-IMX,IMXUSDT,227.0,0.44247788,531222429.25289905,1790517262246,False,False,,734383159.4712043,695058425.5296264,1420214291.307391,595886747.0028359,631511117.748116,1.0565775947707028,0.812622609550698,0.774535431305402,2,12.99999999999999,10.784313725490202,중립,679656.303298,1.45,922221.479567,1083131.136842,836509.928384,995978.850852,674129.343599,0.8514402810502228,0.9489112155683961,0.9908103827244226,1,13.82393397524071,9.313077939233816,중립,,0.0,,25.7,관찰,25.7
2026-09-27T22:54:51+09:00,IOST,KRW-IOST,IOSTUSDT,1.34,-2.18978102,3079475000.475907,1790517209625,False,False,,1967976181.589408,1804204618.5581985,2517950308.568976,5258975556.2138605,3636022403.644857,1.0907721670516979,0.6162037512205414,0.5509967744890569,2,12.295081967213118,14.166666666666682,중립,1246198.159328,0.923,1138678.630271,994238.752473,871373.421503,2227265.337177,1530872.772679,1.1452768537121798,0.8346293974115713,0.7856602979416962,3,14.592760180995468,13.948256467941512,중립,,0.0,,25.6,관찰,25.6
2026-09-27T22:54:51+09:00,VTHO,KRW-VTHO,VTHOUSDT,1.04,-4.5871559600000005,3163796756.889511,1790517233426,False,False,,4298064701.475723,4149435438.5427394,12691708850.139778,8107500175.069359,5827670285.000215,1.0358191530231837,0.5168294463116531,0.6358122865690056,2,11.794871794871797,15.957446808510657,중립,80877338.466606,-7.627,20951947.94085,123415999.189048,10561752.233996,2696095.300426,2248886.534551,0.169766870410018,0.4598966468670866,0.7433816797878147,1,12.270803949224263,14.367816091954033,감소형,,0.0,,25.4,관찰,25.4
2026-09-27T22:54:51+09:00,ZAMA,KRW-ZAMA,ZAMAUSDT,117.0,-5.645161290000001,3317620201.2921505,1790517285641,False,False,,2571693775.362149,2705082600.4775496,2750667903.114675,4429447156.746226,10603773283.39481,0.950689555619539,0.7804680888720131,0.28608083288183145,1,-1.5873015873015928,-3.875968992248058,중립,8587383.81091,-4.556,8136590.46947,11666643.15932,17720900.90555,29938185.05938,28668230.89694,0.6974234454895463,0.4114533739195505,0.32416043089537105,1,-1.1076121185796595,-4.5987848313429724,감소형,,0.0,,25.0,관찰,25.0
2026-09-27T22:54:51+09:00,SKR,KRW-SKR,,25.8,-4.08921933,1060652470.7775321,1790517246027,False,False,,797704642.9124533,843480404.2992849,868533605.7360632,2969525965.1889606,11542752996.679033,0.9457299053380386,0.5111809236708904,0.18697538232513145,1,-4.6099290780141855,-6.597222222222232,중립,,,,,,,,,,,,,,NO_DATA,,0.0,,25.0,관찰,25.0
2026-09-27T22:54:51+09:00,PEPE,KRW-PEPE,PEPEUSDT,0.00596,0.16806722999999998,4375821154.829119,1790517228869,False,False,,3898243059.6748586,4655450252.4479,4828118137.286753,8877552221.897602,31341110292.91143,0.8373503846647504,0.636928944936817,0.2513084872517552,1,0.0,-7.751937984496116,중립,23649749.79718744,0.228,23566775.67035119,42050527.63656829,50701723.87102505,85551330.02034888,123825241.03097545,0.5604394759093789,0.39651658371188697,0.26930233105448975,1,0.691244239631339,-8.385744234800852,감소형,,0.0,,24.9,관찰,24.9
2026-09-27T22:54:51+09:00,BABY,KRW-BABY,BABYUSDT,19.5,2.6315789499999998,415251177.5771405,1790517238894,False,False,,896033971.0459964,215373224.33652237,356897057.9758629,605455744.7041986,889770508.8106133,4.160377752649216,2.282450970322436,1.4339757704417786,2,12.426035502958598,13.772455089820369,일회성 폭증형,17155337.81166,2.863,51266665.08328,62481594.10353,12561297.49116,61748014.22513,33804045.43625,0.8205082763786848,1.124343715162061,1.4936017105122161,1,13.344182262001624,12.06757843925985,중립,YES,7.0,Binance D2 선행→Upbit D1 확산,24.9,관찰,24.9
2026-09-27T22:54:51+09:00,ARB,KRW-ARB,ARBUSDT,303.0,0.0,14933690621.640064,1790517293412,False,False,,9514963647.431482,11271835402.889294,11907827161.115238,21374001390.475693,13298757309.570389,0.844136141749597,0.6406856004358769,0.5523646691387788,1,2.020202020202011,-0.6557377049180357,중립,32839381.96833,-0.134,22155430.97217,34270904.16426,30392679.07667,57518353.49166,35688759.7088,0.6464793244432451,0.5439944290781669,0.5237227358030866,1,2.824074074074079,-1.6386182462356125,감소형,,0.0,,24.3,관찰,24.3
2026-09-27T22:54:51+09:00,DRV,KRW-DRV,,565.0,0.17730496,19100723262.46722,1790517259012,False,False,,7341146050.198865,7846768030.728816,20079111650.90578,61977989364.305725,29424290827.87502,0.9355630268984786,0.2449665224011967,0.27719578730197075,1,-16.196136701337295,4.0590405904058935,중립,,,,,,,,,,,,,,NO_DATA,,0.0,,24.0,관찰,24.0
2026-09-27T22:54:51+09:00,HBAR,KRW-HBAR,HBARUSDT,127.0,-0.78125,8219479181.523055,1790517254778,False,False,,8031553194.968876,10266904064.419823,7837796522.098043,14375027606.343346,17750182229.6132,0.7822760536744856,0.7418368602666583,0.5580467929108797,1,2.400000000000002,0.7874015748031482,중립,10258544.10014,0.589,8082551.50232,17135320.24943,14905687.12617,24203118.76372,32928567.84822,0.4716895502778165,0.4311144322323923,0.34981574453772346,1,3.314917127071837,0.14995715509853458,감소형,,0.0,,24.0,관찰,24.0
2026-09-27T22:54:51+09:00,LA,KRW-LA,LAUSDT,98.9,-3.0392156900000002,3114932704.621144,1790517287579,False,False,,2722968081.139513,3471991488.9506016,4287843837.590035,7956574494.688955,4630406642.115474,0.7842669228323833,0.5197691035254154,0.5019191063636202,1,3.238866396761142,-0.9708737864077666,중립,1381241.62245,-0.274,1226975.31185,1088093.06814,1002037.29086,2375708.42475,871991.22914,1.1276382028123815,0.8242406664888825,0.9642410222765003,3,3.899721448467952,-1.7127799736495364,중립,,0.0,,23.9,관찰,23.9
2026-09-27T22:54:51+09:00,XEC,KRW-XEC,XECUSDT,0.0121,0.0,780622461.9527935,1790517237609,False,False,,726006029.491558,917789131.0954138,1804505048.3327699,9529571487.652,13884876390.773117,0.7910379464017449,0.17777032067261722,0.1289059657401784,1,0.0,5.217391304347818,중립,584465.15959028,-2.756,601111.05504357,398455.12504319,886503.58374443,1496958.10026248,2556422.33350247,1.5086041495348148,0.648234037503971,0.4967603733088195,2,1.258581235697953,4.7337278106508895,중립,,0.0,,23.9,관찰,23.9
2026-09-27T22:54:51+09:00,ONG,KRW-ONG,ONGUSDT,131.0,-1.5037593999999999,2132034241.8598278,1790517202556,False,False,,5347414116.075403,6209993635.70062,2762881478.364678,3721267476.097185,3682986318.3517327,0.8610981636653644,1.2637515479508152,1.257764195813711,1,9.016393442622949,6.400000000000006,중립,475474.39662,-1.011,944929.66237,1551278.22566,754212.99859,942023.54525,1560541.39826,0.6091297142831837,0.8729102677942417,0.727284736920224,1,10.138040280606475,5.403356794802372,감소형,,0.0,,23.8,관찰,23.8
2026-09-27T22:54:51+09:00,1INCH,KRW-1INCH,1INCHUSDT,140.0,0.0,232716299.43220595,1790517004054,False,False,,306865123.6683576,325141851.0759618,418180490.8950451,513773228.5490787,348475685.6499942,0.9437884500345842,0.7323193181121497,0.7436230134492562,1,3.703703703703698,0.0,중립,451940.85572,0.195,415697.09215,690369.47943,488621.53171,769396.48919,633990.81722,0.602137122998569,0.64006327090416,0.5801967309071269,1,4.480651731160901,-0.6776379477250738,감소형,,0.0,,23.7,관찰,23.7
2026-09-27T22:54:51+09:00,ARDR,KRW-ARDR,,42.6,-2.5171624699999997,986466126.0955205,1790517199465,False,False,,1498862910.8178852,1771026807.208894,1046520920.4602914,777376998.9750688,591853689.1637864,0.8463242367178314,1.2508158235210325,1.5405165911389527,1,10.075566750629728,11.764705882352944,중립,,,,,,,,,,,,,,NO_DATA,,0.0,,23.6,관찰,23.6
2026-09-27T22:54:51+09:00,HYPER,KRW-HYPER,HYPERUSDT,103.0,0.0,453668847.746301,1790517258032,False,False,,391849242.9942492,473711409.81540173,449491196.5298366,728547877.8815129,579877605.5458204,0.8271897929309894,0.711698128869063,0.6654308202604755,1,3.5175879396984966,0.9803921568627416,중립,427091.28136,-0.658,457223.40317,514442.03721,509024.91747,808074.36201,680614.7457,0.8887753529040575,0.7489157885823243,0.7134314385259615,1,4.132231404958686,0.13245033112583293,중립,,0.0,,23.6,관찰,23.6
2026-09-27T22:54:51+09:00,ORBS,KRW-ORBS,,10.1,-0.98039216,108256365.59303832,1790517219121,False,False,,177096651.04039443,204319278.92087072,310613852.3240799,460617911.8109733,1162541242.1165261,0.8667642719558581,0.5446049767492553,0.3339381251554274,1,0.990099009900991,5.8091286307053736,중립,,,,,,,,,,,,,,NO_DATA,,0.0,,23.4,관찰,23.4
2026-09-27T22:54:51+09:00,MASK,KRW-MASK,MASKUSDT,654.0,0.46082948999999995,650678098.8423226,1790517234389,False,False,,581026626.8983643,619798598.2168812,530394547.8678803,1013632685.6284941,714049576.2263523,0.9374442416777624,0.8055546131062554,0.2641546480872794,1,3.8277511961722466,-1.0638297872340385,중립,318654.6917,0.416,360586.2425,564922.6117,479760.1577,781487.8333,510594.476,0.638293166235463,0.5923645501141107,0.3771271144946455,1,4.814004376367609,-1.4403292181069949,감소형,,0.0,,23.3,관찰,23.3
2026-09-27T22:54:51+09:00,ELF,KRW-ELF,,105.0,1.94174757,1191510049.1326902,1790517284015,False,False,,207462018.09065077,248771073.66511115,371333818.55757296,510951601.3169092,316554082.8908878,0.8339475126032156,0.5502696442016097,0.5792225905851035,1,0.0,0.9803921568627416,중립,,,,,,,,,,,,,,NO_DATA,,0.0,,23.2,관찰,23.2
2026-09-27T22:54:51+09:00,ZORA,KRW-ZORA,,11.8,-2.47933884,1263645639.5397084,1790517253175,False,False,,1317407655.3298965,1466478020.6642866,1878670248.1246493,3255992507.7118173,2744705594.16971,0.8983480398384258,0.5987181761157278,0.5983733174529751,1,1.680672268907557,6.140350877192979,중립,,,,,,,,,,,,,,NO_DATA,,0.0,,23.1,관찰,23.1
2026-09-27T22:54:51+09:00,GAME2,KRW-GAME2,,1.43,0.70422535,375763701.96384156,1790516937421,False,False,,121854175.78458758,137201729.71968195,148620032.5038228,313459664.05012065,108230689.9990315,0.8881387722556334,0.6100014305913943,0.6669269833776468,1,3.649635036496335,0.7092198581560183,중립,,,,,,,,,,,,,,NO_DATA,,0.0,,23.0,관찰,23.0
2026-09-27T22:54:51+09:00,BSB,KRW-BSB,,144.0,-4.0,351166308.36651784,1790517279799,False,False,,373641532.7804729,394155605.7648663,336563707.6749792,589957087.1526254,376302059.26880765,0.9479543797313614,0.8487503811217939,0.8184347956103245,1,2.7397260273972712,4.895104895104896,중립,,,,,,,,,,,,,,NO_DATA,,0.0,,23.0,관찰,23.0
2026-09-27T22:54:51+09:00,HOME,KRW-HOME,HOMEUSDT,8.55,-1.94954128,1103208372.4140644,1790517293736,False,False,,2251639081.4195375,2917834491.75198,4086170245.3798304,1935064489.7062762,3078174757.432788,0.7716815630853575,0.7556622588823995,0.6008273656827607,1,6.082725060827254,-6.135629709364898,중립,677059.95223,-2.778,860520.30048,1467973.66799,1626470.62157,1831697.71185,2417582.42171,0.586196005585205,0.5240532856545923,0.42459404187687805,1,7.214765100671139,-6.986899563318783,감소형,,0.0,,22.9,관찰,22.9
2026-09-27T22:54:51+09:00,META,KRW-META,,12.1,-1.6260162599999999,191689061.26241356,1790517032262,False,False,,132784484.93596867,155690118.2106462,71827156.00219592,220086717.60263973,228579311.0627792,0.8528767686868437,0.8899685036145105,0.7295650581589369,1,3.3613445378151363,4.237288135593209,중립,,,,,,,,,,,,,,NO_DATA,,0.0,,22.9,관찰,22.9
2026-09-27T22:54:51+09:00,CHZ,KRW-CHZ,CHZUSDT,22.5,-1.3157894700000001,2575402625.011449,1790517291467,False,False,,2164912543.588663,2757985181.9071245,2736395827.3068814,3951817709.7122498,4335430932.745071,0.784961629885061,0.6875503918579687,0.6352409433094615,1,4.109589041095907,5.069124423963145,중립,1926173.24187,-1.428,2165420.0321,2105177.91638,2088439.12614,3143906.64532,3163725.74878,1.0286161636274385,0.8853477511855707,0.8084686192677552,3,5.303030303030298,4.054897067997509,중립,,0.0,,22.4,관찰,22.4
2026-09-27T22:54:51+09:00,MOVE,KRW-MOVE,MOVEUSDT,13.1,-0.75757576,1753384108.442992,1790517269648,False,False,,1606827041.1127176,1743283169.4483628,1784735854.5757542,2767534829.512264,1767934312.9040487,0.9217246338821565,0.7656961143506634,0.8039022629341158,1,5.600000000000005,3.124999999999978,중립,1557277.747204,0.093,679238.6481968,517529.7727365,402751.1714395,1191114.5643139,244648.76213,1.3124629421902534,0.9651038549607428,1.2919684034136998,3,6.9346289752650225,3.021276595744671,중립,,0.0,,22.4,관찰,22.4
2026-09-27T22:54:51+09:00,KAT,KRW-KAT,KATUSDT,6.98,0.28735632,670213233.2670717,1790517156037,False,False,,590267839.1414254,702462335.4967556,1499218082.5611184,2091643418.4949753,1673274775.0686462,0.8402839687113041,0.41245514776869735,0.4342568418878169,1,3.7257824143070106,4.8192771084337505,중립,409387.93881,-0.963,510257.38691,656576.01203,769216.82778,1149008.20212,1218653.93049,0.7771489935070695,0.5945205613178466,0.56385620767149,1,5.102040816326525,4.887983706720966,중립,,0.0,,22.4,관찰,22.4
2026-09-27T22:54:51+09:00,GLM,KRW-GLM,GLMUSDT,174.0,-0.57142857,588582981.1469218,1790517190580,False,False,,437786224.91856146,510658644.7384,525595074.9860031,669380080.1540663,577744860.6398064,0.8572971973143242,0.7700121062617687,0.7645364980752964,1,4.79041916167664,4.166666666666674,중립,122924.90638,-0.464,85849.98299,105343.31453,155335.40274,204053.13501,127156.30963,0.8149542604865673,0.5541904384355103,0.5410675314625689,1,6.363636363636371,3.6231884057970953,중립,,0.0,,22.4,관찰,22.4
2026-09-27T22:54:51+09:00,MBL,KRW-MBL,MBLUSDT,1.15,0.0,392105200.6029832,1790517126129,False,False,,319658586.47516066,320329527.38805723,222326450.02686757,609725695.8088008,246468092.2191028,0.9979054665413851,0.8321685268933504,0.9478347598547805,1,4.545454545454519,4.545454545454519,중립,184146.971849,-1.29,171838.523289,242830.114059,179429.759492,487160.9855,419044.387749,0.7076491478616557,0.5668613873723453,0.4997151282741004,1,5.230386052303859,3.5539215686274606,감소형,,0.0,,22.4,관찰,22.4
2026-09-27T22:54:51+09:00,ZETA,KRW-ZETA,,71.9,-3.6193029500000002,2939034211.9391513,1790517254788,False,False,,3068877780.0882287,3497202941.3979015,4238094682.1487226,12969103337.744614,65739964302.55201,0.8775235042154966,0.444670355712166,0.06740712172040281,1,8.11594202898549,-2.4836601307189565,중립,,,,,,,,,,,,,,NO_DATA,,0.0,,22.2,관찰,22.2
2026-09-27T22:54:51+09:00,MINA,KRW-MINA,MINAUSDT,193.0,-1.53061224,857498713.1597704,1790517129247,False,False,,1109735214.3021643,1473691638.4910636,2347674969.4345565,3772633172.863013,6766742124.402386,0.7530308141250227,0.4383994915734322,0.28313750864412174,1,-2.487562189054726,12.643678160919535,중립,1035689.13317,-2.61,1391407.84778,2948998.69498,3009125.85164,6166012.91159,8662819.3013,0.4718238262188978,0.3442903511881067,0.2642812581782696,1,-1.0224948875255602,12.99610894941634,감소형,,0.0,,22.2,관찰,22.2
2026-09-27T22:54:51+09:00,IQ,KRW-IQ,IQUSDT,1.29,-1.52671756,754306761.2512683,1790517285636,False,False,,640841967.8301753,727106329.7285781,678098441.7231289,1811662970.1155417,615969115.1320715,0.8813593578113885,0.5976390880633087,0.7038628187348888,1,3.9682539682539764,6.50406504065042,중립,144176.246646,-1.036,113470.413058,625510.006986,163683.027893,311192.54973,106093.187858,0.18140463268486073,0.30935632376078276,0.4211698820888221,1,4.787812840043526,5.016357688113415,감소형,,0.0,,22.2,관찰,22.2
2026-09-27T22:54:51+09:00,HOLO,KRW-HOLO,HOLOUSDT,92.8,-0.42918454999999994,1335144248.4922044,1790517275889,False,False,,711058587.2146423,825060671.44109,732718547.5869237,2367824615.3920426,1068109492.6874787,0.861825816970131,0.5434006720036405,0.5712805061483051,1,4.719101123595504,5.549263873159682,중립,671851.40448,0.0,450589.92182,547524.64925,743002.48209,2534038.52106,776361.55837,0.8229582402129633,0.35344399555848505,0.40196115170832386,1,6.346749226006176,4.7256097560975485,중립,,0.0,,22.1,관찰,22.1
2026-09-27T22:54:51+09:00,ZKP,KRW-ZKP,ZKPUSDT,70.3,0.0,1231050591.934706,1790517268370,False,False,,554386175.5434818,562272310.009124,1482892648.0525103,1157961395.1327899,1442231102.5746515,0.9859745281329713,0.5192297596914357,0.4598970692570592,1,5.714285714285716,4.148148148148145,중립,405441.88491,-0.193,331786.96839,326629.25086,441485.97847,417582.73057,429868.44201,1.015790739856948,0.8394725628556765,0.8197398253940041,2,7.039337474120089,3.607214428857719,중립,,0.0,,22.1,관찰,22.1
2026-09-27T22:54:51+09:00,SONIC,KRW-SONIC,,37.5,1.07816712,7876513651.336314,1790517281093,False,False,,781674966.1993244,817953896.4383346,1977507359.3659985,1212863885.2899134,5819485689.929285,0.9556467297277002,0.5850385924425774,0.3149525732360922,1,5.099150141643083,2.203856749311317,중립,,,,,,,,,,,,,,NO_DATA,,0.0,,21.9,관찰,21.9
2026-09-27T22:54:51+09:00,AUCTION,KRW-AUCTION,AUCTIONUSDT,5225.0,-1.87793427,523315555.5357677,1790517109340,False,False,,512985859.35526645,626187696.5127835,5813449819.581058,779707443.8509535,803985070.5651492,0.8192205982520353,0.21317135925827368,0.2864439576209432,1,4.71976401179941,6.627953544253096,중립,316148.80751,-0.848,381556.56009,374011.50177,1235923.616,678146.61102,702998.48775,1.0201733323288007,0.5002748222963751,0.5526854012835202,2,5.558553696708035,5.729729729729716,중립,,0.0,,21.9,관찰,21.9
2026-09-27T22:54:51+09:00,NXPC,KRW-NXPC,NXPCUSDT,336.0,-2.04081633,438747700.3628854,1790517276859,False,False,,621506456.0041522,686056408.8823014,840251522.1155685,1898021095.1757982,11161113796.0197,0.9059115955445824,0.5444918854938023,0.2018973184970031,1,4.255319148936176,7.8616352201257955,중립,279740.85449,-2.5,306837.95293,264367.4467,375679.60783,512491.95133,3178573.89759,1.1606495306443494,0.7986834754483059,0.3149703095279162,2,4.508196721311486,8.510638297872353,중립,,0.0,,21.8,관찰,21.8
2026-09-27T22:54:51+09:00,WAVES,KRW-WAVES,,406.0,-1.6949152499999998,1552488288.2164476,1790517262880,False,False,,2025617903.8091538,2362317773.48922,11326988386.6373,5880565288.264212,1133023063.365268,0.8574705429309158,0.3105208803978716,0.4576493857964605,1,5.35714285714286,6.994818652849744,중립,,,,,,,,,,,,,,NO_DATA,,0.0,,21.6,관찰,21.6
2026-09-27T22:54:51+09:00,ERA,KRW-ERA,ERAUSDT,97.0,1.8907562999999998,1568162847.602585,1790517203544,False,False,,725638871.1664078,742092960.1718245,676731388.6100804,1492755003.0251193,792835488.5428588,0.9778274557386896,0.7476755226156402,0.6416340429699477,1,4.271631982475355,2.9189189189189113,중립,893640.33476,1.714,425282.69015,504428.99915,386374.36391,731751.98087,594952.67761,0.8430972265009201,0.7863202171950335,0.6825322347195344,1,5.128205128205132,2.1994134897360684,중립,,0.0,,21.4,관찰,21.4
2026-09-27T22:54:51+09:00,ZBT,KRW-ZBT,ZBTUSDT,123.0,-0.80645161,1646225463.9429722,1790517259661,False,False,,1524275724.480649,1607927902.5807061,1656790508.8743086,2931961391.667702,3073702431.618949,0.9479751685596125,0.7379479525693008,0.7100959371601645,1,5.084745762711873,8.771929824561408,중립,497818.58357,-0.664,499475.38229,673894.20054,666362.16756,1541447.88195,2216729.6727,0.7411777425740776,0.5199791570713758,0.4446966119337454,1,6.2937062937062915,8.700834326579265,감소형,,0.0,,21.3,관찰,21.3
2026-09-27T22:54:51+09:00,BERA,KRW-BERA,BERAUSDT,321.0,-0.9259259299999999,1308212991.694113,1790517279795,False,False,,1679268793.045924,1778540360.0679815,1736413044.9187348,2968571353.1576314,2999838056.5819864,0.9441836860996153,0.7770166023981753,0.4550415936456724,1,8.000000000000007,4.180064308681675,중립,772753.8336047,-0.882,1076542.7388063,878642.6444354,835973.725652,1625723.7675311,1425841.7938964,1.2252338827670572,0.9668560934999477,0.6575850205387849,3,8.497030607583355,3.5761011774967155,중립,,0.0,,21.3,관찰,21.3
2026-09-27T22:54:51+09:00,ALGO,KRW-ALGO,ALGOUSDT,159.0,-1.24223602,3472985663.4898677,1790517206611,False,False,,4804599451.429185,5397254106.955454,3808832316.582384,3629799137.10771,4539579616.088626,0.8901933013006533,1.1229297960149973,1.0974858663158973,1,11.805555555555557,5.228758169934644,중립,3674881.7259,-0.256,3382384.093,5331410.7496,4241551.6487,4416722.3891,4506080.3258,0.6344257180435348,0.7253310159024577,0.6485061769563895,1,13.32694151486098,5.066666666666664,감소형,,0.0,,21.2,관찰,21.2
2026-09-27T22:54:51+09:00,OPG,KRW-OPG,OPGUSDT,180.0,-3.2258064500000003,1374610888.3662548,1790517294703,False,True,거래량급등,5097549420.003546,184430144.7257397,350458456.370961,1177705088.7889283,3036057761.1828437,27.639458980981402,8.929525053331194,1.0605169432229606,2,8.771929824561408,5.084745762711873,일회성 폭증형,931739.69587,-6.44,2055370.71337,539048.84836,654244.29941,2577499.13906,2761613.26933,3.812958175540587,1.635229859158771,0.7056051477644433,2,10.024057738572555,5.457340507302066,고수준 유지형,,0.0,,21.1,관찰,21.1
2026-09-27T22:54:51+09:00,THETA,KRW-THETA,THETAUSDT,318.0,0.63291139,333648802.52394664,1790517131645,False,False,,311815069.75217295,344530206.5192967,324425685.50521815,767327915.9683614,423235969.0430854,0.9050442134010929,0.6512955197648225,0.6705492801398459,1,7.849829351535842,3.60655737704918,중립,757816.13911,0.343,713257.57624,920902.18724,1113380.07981,1179074.65749,1475716.26513,0.7745204497533842,0.6658994873488303,0.6132106838022731,1,8.212785814279044,2.929427430093212,중립,,0.0,,21.0,관찰,21.0
2026-09-27T22:54:51+09:00,ICP,KRW-ICP,ICPUSDT,4334.0,-0.23020258,1007362026.2271312,1790517281742,False,False,,1044431910.9403377,1207825298.2587032,1556207005.9598398,2458192512.2722893,802934184.8936639,0.8647210092768164,0.5999925018407168,0.6879032444529058,1,8.005967180507213,6.10649731314119,중립,12265929.58747,-0.531,12833701.23801,11860567.83825,16246236.6791,16980964.87637,10252047.55139,1.082047791727279,0.8539145810879831,0.9512670782889325,2,9.33333333333335,5.509732761464847,중립,,0.0,,20.9,관찰,20.9
2026-09-27T22:54:51+09:00,ZRX,KRW-ZRX,ZRXUSDT,170.0,-2.29885057,247450503.14243928,1790517178726,False,False,,220507742.40611386,281156652.29055727,356970795.0249217,477787100.75450057,389216230.3164692,0.7842878360147543,0.5928081396218674,0.5821917381757564,1,7.407407407407418,7.407407407407418,중립,125174.0594,-1.489,147548.105,268044.7154,232768.9433,264175.5541,285828.5206,0.5504607870362812,0.5786281787946279,0.5580174178641982,1,9.129692832764524,7.298657718120816,감소형,,0.0,,20.8,관찰,20.8
2026-09-27T22:54:51+09:00,IOTA,KRW-IOTA,IOTAUSDT,68.5,-1.5804597699999998,1277900748.883821,1790517224033,False,False,,1526513158.1693034,1559266960.454715,1194717089.766715,1725997795.4161372,1212267762.6566405,0.9789941022826136,1.0222227750693427,0.9119957721524448,1,9.262166405023532,5.454545454545445,중립,1113968.7132,-2.326,1256384.4243,993385.2837,833936.3691,1143934.2513,737933.6601,1.2647503893156375,1.2685387575331333,1.3300670954265787,3,10.799136069114468,5.555555555555558,중립,,0.0,,20.7,관찰,20.7
2026-09-27T22:54:51+09:00,ETHFI,KRW-ETHFI,ETHFIUSDT,981.0,-1.20845921,1476975051.6366436,1790517152640,False,False,,1357545779.3831737,1397917986.9397137,961610344.5209469,1792246293.6845233,1591828665.8912306,0.9711197595755086,0.9809389251246037,0.8744092569628444,1,11.073825503355694,2.5826446280991844,중립,5896690.15084,-0.767,6232584.83986,5753531.01373,3994945.9606,7276437.77192,7144458.48291,1.0832625782301,1.098258334814773,1.0265029636236118,3,12.553979025293028,1.927374301675977,중립,,0.0,,20.6,관찰,20.6
2026-09-27T22:54:51+09:00,KERNEL,KRW-KERNEL,KERNELUSDT,75.2,1.34770889,1240705935.0574486,1790517288231,False,False,,1270990714.9728947,1592835717.4658628,11526621996.95025,18185337659.53942,92273439355.03189,0.7979421236202497,0.12180153549545128,0.03925098949399067,1,-3.7613488975356546,15.396578538102656,중립,432628.88607,1.282,399044.15988,767642.33837,1742754.25646,2264628.29558,10199423.58718,0.5198308377926683,0.2507070658509615,0.1010476039194667,1,-3.2028469750889688,14.046121593291394,감소형,,0.0,,20.5,관찰,20.5
2026-09-27T22:54:51+09:00,ME,KRW-ME,MEUSDT,108.0,-0.9174311900000001,998093190.474222,1790517257704,False,False,,1000264784.6709626,1055329044.3443562,889174117.4091609,1506210799.7621992,1554505697.6257641,0.9478226625444547,0.8696155020321643,0.7037789346674475,1,7.920792079207928,7.920792079207928,중립,343803.6132581,-0.415,383397.3535293,841582.6503155,325404.7888718,633997.6836679,675264.2145812,0.4555670835010306,0.6386460643075373,0.6081584360111216,1,8.911704312114988,7.021791767554486,감소형,,0.0,,20.5,관찰,20.5
2026-09-27T22:54:51+09:00,MOC,KRW-MOC,,31.0,1.30718954,701296337.6327786,1790517133057,False,False,,514560835.8465426,667347466.1016918,233955230.8774019,478193239.3238939,505952345.51210123,0.771053854227316,1.1190192496519098,0.9254868992358766,1,7.7464788732394485,7.7464788732394485,중립,,,,,,,,,,,,,,NO_DATA,,0.0,,20.5,관찰,20.5
2026-09-27T22:54:51+09:00,STRAX,KRW-STRAX,STRAXUSDT,16.3,0.61728395,540859009.8817644,1790517150916,False,False,,776249906.7352434,807317559.5505037,653944520.1811264,951535617.9607787,1023281088.444296,0.9615174320839026,0.9651657585851223,0.8577230498399948,1,6.578947368421062,7.999999999999985,중립,189658.68562,0.754,306685.61418,267258.44312,400394.33918,295922.34447,386446.59039,1.1475245107309744,0.9548366463382283,0.8848830894507482,2,8.983666061705975,8.003597122302164,중립,,0.0,,20.4,관찰,20.4
2026-09-27T22:54:51+09:00,PUNDIX,KRW-PUNDIX,PUNDIXUSDT,165.0,-3.50877193,636157234.2315125,1790516995559,False,False,,562540462.0794573,588240691.707069,632654301.2978371,758526014.0917277,545512805.5836389,0.9563100105281226,0.8525833464371146,0.8057161649272906,1,9.615384615384626,6.211180124223592,중립,211097.53976,-2.64,256525.27618,219586.51083,307890.22815,396153.63803,360304.17693,1.1682196470556305,0.8332075770735157,0.7461657756614758,2,10.350877192982445,5.008347245409017,중립,,0.0,,20.3,관찰,20.3
2026-09-27T22:54:51+09:00,MON,KRW-MON,,35.9,-1.37362637,1015486657.6047772,1790517291473,False,False,,1560777392.6524596,1586101106.285417,1487307911.1657581,2656321186.9634585,1583907792.1081078,0.9840339852657536,0.8171994161871257,0.8502835334680992,1,10.63829787234043,5.2023121387283044,중립,,,,,,,,,,,,,,NO_DATA,,0.0,,20.1,관찰,20.1
2026-09-27T22:54:51+09:00,ASTR,KRW-ASTR,ASTRUSDT,10.2,-0.97087379,239621919.28692254,1790517247328,False,False,,253700353.68204862,322340237.87975264,300161724.2520527,730088853.947684,687783652.5811684,0.787057661031727,0.5626986757548834,0.45573174225321655,1,8.53530031612224,9.341825902335454,중립,320038.0344798,-0.637,421552.236138,381421.9157769,322074.4432977,562632.4182095,509118.6303007,1.1052124136059682,0.99883734664553,0.8336482046733867,3,8.964316797214966,7.83807062876829,중립,,0.0,,20.0,관찰,20.0
2026-09-27T22:54:51+09:00,CYBER,KRW-CYBER,CYBERUSDT,485.0,-2.21774194,161678116.00569347,1790517151578,False,False,,197573201.34109342,203995751.48431224,297731945.10968703,609465993.0511297,608204635.0261744,0.9685162553803837,0.5334080003753183,0.4086996377501812,1,7.826086956521738,10.46770601336302,중립,415292.02468,-0.278,505566.2667,736506.54664,918498.72857,1230898.98267,1576047.92066,0.6864382523229868,0.5255540948590494,0.4758064283728187,1,7.738095238095233,8.383233532934131,감소형,,0.0,,20.0,관찰,20.0
2026-09-27T22:54:51+09:00,BAT,KRW-BAT,BATUSDT,130.0,0.0,169445605.312412,1790517279780,False,False,,247003997.79325888,290559670.5074061,294733966.6536725,890796621.5739106,817437359.8681678,0.8500973220471867,0.5020099475589146,0.46451454390284136,1,8.333333333333325,14.035087719298245,중립,506689.8318,2.457,392407.3565,319895.5469,561810.1474,1437734.119,764855.0318,1.2266733948086728,0.5075458577323887,0.548676189026988,2,8.924485125858128,12.796208530805696,중립,,0.0,,19.0,관찰,19.0
2026-09-27T22:54:51+09:00,APT,KRW-APT,APTUSDT,1146.0,-1.37693632,6056384551.533567,1790517276205,False,False,,6027131145.979233,7135695478.891968,6664399163.751749,8721493581.50685,6525581022.114303,0.8446452295796578,0.802847173031451,0.7907778906951757,1,12.0540019286403,8.496732026143782,중립,10440964.666378,-1.988,9326794.654447,13222754.047003,11241370.277064,18747176.794094,17916258.46249,0.7053594600105992,0.6475246807965545,0.5519370553196907,1,12.909211398277009,7.157232704402516,감소형,,0.0,,18.9,관찰,18.9
2026-09-27T22:54:51+09:00,ZK,KRW-ZK,ZKUSDT,17.6,0.57142857,481930898.1327144,1790517281737,False,False,,442941868.8835585,570491533.0336736,769030034.2945448,1286521602.2910051,692882973.4425244,0.7764214598035297,0.5060181881333486,0.4486184925746604,1,13.636363636363624,9.375,중립,1851235.651764,0.232,2158381.224657,3089775.049175,1930251.303285,2813717.888538,2564185.833385,0.6985561053168932,0.8265707271987837,0.8143469030752719,1,14.821428571428562,8.523206751054847,감소형,,0.0,,17.7,관찰,17.7
2026-09-27T22:54:51+09:00,ARKM,KRW-ARKM,ARKMUSDT,191.0,1.5957446800000001,530434842.7054662,1790517201511,False,False,,452927091.0845152,475561840.4064704,250199123.4451362,651016781.0671427,695163288.5306311,0.9524041935269472,0.9869285571098001,0.5159072402853152,1,11.904761904761907,9.302325581395344,중립,1173144.43534,0.142,1637970.36515,1580898.00127,1056159.66352,1659459.9336,2084688.38766,1.0361012309675586,1.1436962570085483,0.8262565505218928,3,13.13628899835797,7.909162098668743,중립,,0.0,,17.5,관찰,17.5
2026-09-27T22:54:51+09:00,CVC,KRW-CVC,CVCUSDT,41.7,-2.34192037,1863402516.3691165,1790517147125,False,False,,5467877829.353356,6612005577.792231,31106248063.232674,2120017815.5451925,2311886520.6408625,0.8269620714958771,0.4117556532527416,0.625221249499974,1,12.368421052631584,14.784946236559149,중립,465802.0723,-1.568,1048380.37939,1366992.46151,5646621.99966,755812.10383,2157609.57779,0.7669247701863283,0.40480994470535936,0.48931654470126673,1,13.4900542495479,14.233709501274095,중립,,0.0,,17.4,관찰,17.4
2026-09-27T22:54:51+09:00,RENDER,KRW-RENDER,RENDERUSDT,2754.0,1.73623938,2513022132.926779,1790517263217,False,False,,1927558030.264963,2111280360.4229527,2203188623.2684107,1977255095.0815663,1468587109.2706764,0.9129806094908283,0.919092130931889,0.92006624226822,1,13.787305590584275,6.869324911172514,중립,8853302.69478,2.323,8232516.04732,10297191.31111,7348053.68967,7979838.94389,8488804.81319,0.7994914145605561,0.9638035994452644,0.8475700113771761,1,14.763552479815445,6.246663107314476,중립,,0.0,,17.3,관찰,17.3
2026-09-27T22:54:51+09:00,VIRTUAL,KRW-VIRTUAL,VIRTUALUSDT,1106.0,2.6926648099999997,10172181004.19703,1790517264174,False,False,,8324627812.860142,10386867643.913097,8054190802.801289,9972809115.196741,8833453929.78185,0.8014570030396538,0.8789329148580248,0.888317075912244,1,12.187499999999996,8.897876643073822,중립,8300392.9737,3.877,7069531.24163,10257922.45009,6870656.4331,9525582.8067,6986531.61242,0.6891776844704041,0.7956953953999042,0.8693318326888717,1,13.183509876896649,8.092959671907018,감소형,,0.0,,16.6,관찰,16.6
2026-09-27T22:54:51+09:00,TAIKO,KRW-TAIKO,,137.0,9.6,15675499431.977646,1790517274249,False,False,,329731957.3937258,362138934.0388908,578621501.5962641,715931618.0725278,808403218.9420803,0.910512310058093,0.5970909741296541,0.5503180198546159,1,3.305785123966931,0.8064516129032251,중립,,,,,,,,,,,,,,NO_DATA,,0.0,,16.0,관찰,16.0
2026-09-27T22:54:51+09:00,RAY,KRW-RAY,RAYUSDT,3001.0,6.83517266,4946677365.464068,1790517294707,False,False,,1455817016.1238296,1707500215.5006154,8675593003.523516,10542000417.475857,1412862241.163368,0.8526013659664483,0.2087183514798362,0.28867217181866406,1,3.386087596613918,15.264669675830934,중립,10128751.22506,8.151,6064212.77023,8179939.04153,17220642.34483,19261376.73571,7477110.99125,0.7413518290835247,0.40734081253145926,0.4908454974162354,1,4.262958280657392,14.474487813003156,감소형,,0.0,,15.0,관찰,15.0
2026-09-27T22:54:51+09:00,KAVA,KRW-KAVA,KAVAUSDT,92.6,-0.96256684,562627979.2807727,1790517249595,False,False,,550013606.4540145,779215901.1626651,361282503.93662614,361954391.82756424,255150405.54327995,0.7058552137261846,1.0982313871937057,1.194013128336748,1,-1.8887722980062915,-2.298850574712652,감소형,320517.979299,0.397,512856.563704,920190.918395,679596.629644,552807.01349,847788.327032,0.5573371280370013,0.7147512674282448,0.6501321180531046,1,-1.1088709677419484,-3.1042754338930556,감소형,,0.0,,14.8,관찰,14.8
2026-09-27T22:54:51+09:00,AXS,KRW-AXS,AXSUSDT,1586.0,-0.37688442,3577337650.9608006,1790517275874,False,False,,15160232801.627638,28879221532.56968,1975789494.4618082,3769543785.5264745,3043974442.6814833,0.524952959155429,1.3135388642856296,1.850308613105197,1,12.270803949224263,8.594815825375179,감소형,2298833.52286,-0.764,5486527.02845,9670079.85353,1443065.25115,3361026.9165,2665687.28674,0.5673714293524865,1.1371690941122408,1.4110574839094083,1,13.26234269119071,7.93357933579335,감소형,,0.0,,13.6,관찰,13.6
2026-09-27T22:54:51+09:00,QTUM,KRW-QTUM,QTUMUSDT,1380.0,-1.5691868800000002,787850182.9554229,1790517272948,False,False,,1804277968.0302393,2498255308.2854114,900537802.3521221,1354635756.187242,711386724.0861069,0.7222152043653782,1.1387219743347954,1.472369961883654,1,6.615969581749059,3.9288361749443945,감소형,370439.0716,-3.51,703306.8482,978108.6181,238104.7797,447011.585,365174.8643,0.7190477981537376,1.268571940909641,1.5555590232999776,1,7.949790794979084,3.5105315947843607,감소형,,0.0,,13.3,관찰,13.3
2026-09-27T22:54:51+09:00,META2,KRW-META2,,8810.0,2.20417633,36838699178.26494,1790517291788,False,False,,23733103758.412453,3502073588.454111,47771446057.41733,1312374597.4304364,1226593040.516359,6.776871804366836,1.3539621660861338,2.118976586413758,2,14.021164021164022,16.172506738544467,일회성 폭증형,,,,,,,,,,,,,,NO_DATA,,0.0,,13.2,관찰,13.2
2026-09-27T22:54:51+09:00,G,KRW-G,GUSDT,7.48,-3.35917313,4765367447.634134,1790517270304,False,False,,3901990047.0562687,11576162194.883804,7022479748.427598,11382234353.84004,19505719492.900383,0.337071127837237,0.39044789835849525,0.14267374896120258,1,-1.526717557251911,-12.244897959183676,감소형,1777589.10796,-3.853,1610028.53919,2535529.78983,3059278.32221,3823180.29423,4091238.70329,0.6349870333402581,0.5128574605543561,0.2813378243010845,1,-0.7005253940455369,-12.36476043276662,감소형,,0.0,,13.0,관찰,13.0
2026-09-27T22:54:51+09:00,TRX,KRW-TRX,TRXUSDT,453.0,-0.22026431999999999,2543747099.536283,1790517274569,False,False,,2250078551.362814,4598805638.133217,3754011560.0374436,4032496318.0960135,4762966591.877639,0.4892745483099354,0.5450193606502403,0.5270541077102096,1,-3.404255319148941,-2.5751072961373356,감소형,20502823.86836,-0.802,13548453.23128,26937054.14437,35810580.52973,39796512.82649,57269061.78293,0.5029671455039825,0.3963693753815267,0.3514409267077961,1,-2.3085914669783825,-3.017116333043235,감소형,,0.0,,13.0,관찰,13.0
2026-09-27T22:54:51+09:00,USDT,KRW-USDT,,1359.0,-0.07352941,42608061075.36452,1790517291457,False,False,,43538457052.93687,75080233054.15648,92011396310.42532,168976915408.14075,108971107454.0189,0.5798924068540375,0.3886569367780123,0.3709960411402106,1,-0.9468317552804084,0.591715976331364,감소형,,,,,,,,,,,,,,NO_DATA,,0.0,,12.9,관찰,12.9
2026-09-27T22:54:51+09:00,ETH,KRW-ETH,ETHUSDT,3676000.0,0.16348774,42389834429.22437,1790517293411,False,False,,33503538009.07183,83710519127.93227,73617700334.64021,123274417001.84668,121569284329.97495,0.4002309191019277,0.3581955440392321,0.2686188595043241,1,-0.43407487791644606,-2.289669861554844,감소형,335640212.74218,0.739,232408625.067851,632500185.266342,713406122.987247,898195135.1752,831787685.162451,0.3674443588818636,0.31069267267091694,0.2506455029779611,1,0.4328214220530313,-2.8766042669990166,감소형,,0.0,,12.9,관찰,12.9
2026-09-27T22:54:51+09:00,O,KRW-O,,724.0,-2.4258760099999996,350993185.8027546,1790517260305,False,False,,313539216.55735785,561088405.3306783,672369495.7150644,677265532.4885241,920973857.6317621,0.558805374658514,0.49228351584729985,0.4571824785461398,1,-1.3297872340425565,0.4059539918809252,감소형,,,,,,,,,,,,,,NO_DATA,,0.0,,12.9,관찰,12.9
2026-09-27T22:54:51+09:00,XAUT,KRW-XAUT,XAUTUSDT,5822000.0,0.12037833,283343774.87958,1790516863015,False,False,,334279266.59118,1166787719.07099,682561611.69144,879604994.20958,1123424778.74585,0.2864953591192553,0.3674806099159706,0.29896092417370884,1,-1.2565800645270797,-1.6573651276847623,감소형,3950803.532523,-0.031,4543273.962046,29956065.870609,28922590.27496,25183829.199899,27666046.602608,0.15166457376846582,0.1621391733794701,0.1658909779460763,1,-0.19839188341738145,-2.0081442805771177,감소형,,0.0,,12.9,관찰,12.9
2026-09-27T22:54:51+09:00,RLUSD,KRW-RLUSD,RLUSDUSDT,1358.0,-0.14705882,120134219.9169735,1790515057610,False,False,,96392639.07835563,144155148.05026597,35507652.58288748,145268687.1338327,89311436.38431917,0.668672887386194,0.8899658177863059,0.7795322482780584,1,-1.0909090909090868,0.4431314623338345,감소형,15637906.6741,0.01,24591846.6888,91449891.5517,83672532.6146,89383767.4527,89365705.4058,0.26891061620228734,0.2789180079862469,0.2687289416751593,1,0.0,0.019998000199983323,감소형,,0.0,,12.9,관찰,12.9
2026-09-27T22:54:51+09:00,XTZ,KRW-XTZ,XTZUSDT,441.0,-2.0,534241687.2548695,1790517147136,False,False,,437934536.6863368,620324737.3013345,255899620.7051851,640220524.2867305,552687721.9646053,0.7059762578412245,0.8663708291673651,0.759441130099681,1,0.6711409395973256,-2.1739130434782594,감소형,558857.54089,-1.489,905842.30577,1765922.49347,869689.13619,1353309.95319,1309299.53639,0.5129570007288593,0.6812685736901312,0.6379057103564143,1,1.2623152709359653,-3.2647058823529362,감소형,,0.0,,12.8,관찰,12.8
2026-09-27T22:54:51+09:00,XRP,KRW-XRP,XRPUSDT,2079.0,-0.04807692,165692132905.64835,1790517294056,False,False,,161531810895.23608,393270807788.19995,277058018201.3417,534622788019.7696,437399315440.244,0.41073938796451603,0.4021700349222185,0.38030209571451007,1,0.9218825812712383,0.09624639076035724,감소형,181554984.13554,-0.74,181135648.39195,538764479.31241,296261421.47513,499673407.45481,477823347.13132,0.3362056248086764,0.4071381035564155,0.392208256649379,1,1.7588274483677724,-0.5793139360801836,감소형,,0.0,,12.7,관찰,12.7
2026-09-27T22:54:51+09:00,BTC,KRW-BTC,BTCUSDT,115324000.0,0.40834095000000004,65091012415.21535,1790517293416,False,False,,62950265085.00601,128171834220.45271,103868241728.45888,157018825615.72302,153194249446.10184,0.49113961322214483,0.48540412388853704,0.37022281981348354,1,-0.9084791386271829,-1.936425808765141,감소형,858964481.3870679,1.116,677578219.0470139,1520256978.6934962,1572042147.6733966,1887736866.156798,1834036114.8607607,0.4456997919057884,0.40817669996616424,0.35599685880102294,1,0.042062807473208785,-2.5247056107134513,감소형,,0.0,,12.7,관찰,12.7
2026-09-27T22:54:51+09:00,BIRB,KRW-BIRB,,94.4,0.31880978,849318729.2195458,1790517275890,False,False,,688635563.5130193,1149334179.1552646,3021273209.924191,3137085347.9467816,875986155.1660306,0.5991604321896625,0.2827030042015354,0.3680675564326091,1,-2.1829521829521914,0.21299254526090383,감소형,,,,,,,,,,,,,,NO_DATA,,0.0,,12.7,관찰,12.7
2026-09-27T22:54:51+09:00,LIT,KRW-LIT,,6415.0,-2.7293404100000003,2024478146.7764673,1790517219105,False,False,,2210687164.039057,4115182468.93631,4212133790.0804925,4763621412.950914,1300346390.1253138,0.5372027074683943,0.506614702346245,0.6731749107772095,1,-9.595613433858807,2.8059236165237644,감소형,,,,,,,,,,,,,,NO_DATA,,0.0,,12.4,관찰,12.4
2026-09-27T22:54:51+09:00,FF,KRW-FF,FFUSDT,176.0,-1.67597765,899356378.5446689,1790517245063,False,False,,889832595.3579551,1198618355.500902,2408375112.317738,2702913518.870683,1451625347.1749961,0.7423819193775775,0.4230645224573263,0.29157181144390865,1,0.0,3.4682080924855585,감소형,665850.386489,-2.525,578409.318016,1538592.615785,2515856.141719,4115501.310267,1312611.59399,0.3759340270334599,0.21239150051763053,0.17749349383229773,1,0.5658790242410339,3.137008862050017,감소형,,0.0,,12.2,관찰,12.2
2026-09-27T22:54:51+09:00,MVL,KRW-MVL,,1.58,0.63694268,174636859.74909982,1790516884100,False,False,,103655202.53699721,177544188.166818,64364446.52457794,203273432.17325035,115253018.87509552,0.5838276296580559,0.6985133291668238,0.7889127347025736,1,0.6410256410256387,1.2903225806451646,감소형,,,,,,,,,,,,,,NO_DATA,,0.0,,12.0,관찰,12.0
2026-09-27T22:54:51+09:00,KNC,KRW-KNC,KNCUSDT,198.0,-0.50251256,184182728.9308585,1790517219456,False,False,,146886638.6811493,228116197.21627834,114895018.94992566,327602306.9582442,188937038.7368544,0.6439114822779778,0.6570996570280512,0.6407155349088063,1,3.1088082901554515,-1.4851485148514865,감소형,170689.77029,-0.477,112069.98673,385954.07387,225229.87089,312880.22219,147189.42321,0.29037130145113654,0.36383832661719473,0.4270307265694362,1,3.766879886282881,-2.2103148024112507,감소형,,0.0,,11.9,관찰,11.9
2026-09-27T22:54:51+09:00,DOOD,KRW-DOOD,,2.51,-2.71317829,483090358.38081646,1790517110335,False,False,,394752858.1263822,609833974.1386179,507619830.13701385,1307836654.2663972,1260745100.8728518,0.6473120141985614,0.488295564850021,0.39120438186678164,1,3.6144578313253017,0.0,감소형,,,,,,,,,,,,,,NO_DATA,,0.0,,11.7,관찰,11.7
2026-09-27T22:54:51+09:00,SHIB,KRW-SHIB,SHIBUSDT,0.00805,-0.24783147,5961975070.961726,1790517274891,False,False,,7257317016.724076,10127354094.763533,10556722104.474813,14052369404.44906,19713467015.58345,0.716605437986666,0.6267754420982282,0.49101364504731976,1,4.1290322580645356,-1.465201465201449,감소형,5102085.11025696,0.338,4734969.35211526,6370535.16849092,5294558.73740545,11794271.88294115,15471210.75281483,0.7432608449498443,0.6055111712825924,0.44399823824609325,1,5.141843971631199,-1.983471074380161,감소형,,0.0,,11.6,관찰,11.6
2026-09-27T22:54:51+09:00,VVV,KRW-VVV,,41070.0,1.98659051,2984179479.2688766,1790517288548,False,False,,885237193.7668076,1912443219.3261023,2301540555.914533,3257964036.982668,3490875260.8062415,0.46288286356482955,0.35542426794737036,0.17228289207697722,1,-3.173839865352246,-6.69601482854495,감소형,,,,,,,,,,,,,,NO_DATA,,0.0,,11.4,관찰,11.4
2026-09-27T22:54:51+09:00,AKT,KRW-AKT,,947.0,-0.62959077,1370808263.8230472,1790517274247,False,False,,1255817342.83686,2063637006.7302861,1652359300.9812148,3581302871.8221903,2330021457.7207212,0.6085456593098367,0.5162803299989306,0.3129719055307097,1,1.5991471215351716,4.725274725274731,감소형,,,,,,,,,,,,,,NO_DATA,,0.0,,11.4,관찰,11.4
2026-09-27T22:54:51+09:00,WIF,KRW-WIF,WIFUSDT,334.0,0.0,140095470.6588207,1790516957583,False,False,,228640162.0043103,460423420.99201286,1066283524.2519665,550184537.2006671,5058460945.265097,0.4965867320817214,0.3302630357969183,0.10569976505417902,1,4.374999999999996,1.21212121212122,감소형,2425236.286761,-1.043,2552676.392501,4011763.215181,4963595.593394,7257684.60687,15616977.866023,0.6362978709315051,0.4717556025394926,0.29570917221592447,1,4.922945205479445,-0.04078303425774088,감소형,,0.0,,11.2,관찰,11.2
2026-09-27T22:54:51+09:00,DOGE,KRW-DOGE,DOGEUSDT,133.0,1.52671756,22146203258.130375,1790517273600,False,False,,19016903217.669945,29534661002.031883,32631455221.62486,65440324309.2849,70169349734.34349,0.6438842557346992,0.4470833087635744,0.33728779659212466,1,2.34375,-2.238805970149249,감소형,62392924.38946,0.37,50746561.78344,104142521.4922,98207104.29953,192205481.17435,225481255.8087,0.48727994152936643,0.3858515139265656,0.2879501412853385,1,4.324849007765308,-3.134388143400768,감소형,,0.0,,11.0,관찰,11.0
2026-09-27T22:54:51+09:00,TFUEL,KRW-TFUEL,TFUELUSDT,14.8,-1.3333333299999999,1344057444.6088781,1790517259009,False,False,,310399583.1067175,425114840.38362044,308316172.419269,493995973.9409945,328288447.0818187,0.7301546632119812,0.7586591784090024,0.8019471586819497,1,4.166666666666674,2.7397260273972712,감소형,795786.85316,-1.272,144985.08439,346250.56559,224736.05933,193784.61394,261533.92799,0.41872880162072806,0.5687390307961404,0.5777303393148758,1,4.957102001906599,1.6620498614958512,감소형,,0.0,,10.9,관찰,10.9
2026-09-27T22:54:51+09:00,XLM,KRW-XLM,XLMUSDT,293.0,-0.34013605,18113772375.557224,1790517291140,False,False,,21617357056.9015,60852984549.24012,34825542466.10956,44818941564.48005,40816393341.98725,0.3552390604508393,0.4615888942785898,0.48360249780125136,1,5.755395683453246,0.6849315068493178,감소형,14686196.5254,-0.598,14789143.2055,46785564.5863,28982143.9193,37720881.8659,35895079.4881,0.3161048356746909,0.390941763143459,0.37814461760722845,1,7.1251855517070695,0.46403712296982924,감소형,,0.0,,10.8,관찰,10.8
2026-09-27T22:54:51+09:00,ANKR,KRW-ANKR,ANKRUSDT,6.96,-0.57142857,3121659790.541712,1790517221758,False,False,,1174035776.8162823,3396157630.458345,218008019.4884472,522172817.4039794,624202678.4417462,0.3456953135175397,0.8515036567364552,1.1125989444194415,1,5.263157894736836,4.166666666666674,감소형,946152.846484,-1.721,384982.544994,1037782.350401,280593.996057,394541.460236,464602.832134,0.37096655656674293,0.6742574748587004,0.7409876959557948,1,6.198347107438007,3.2128514056224855,감소형,,0.0,,10.8,관찰,10.8
2026-09-27T22:54:51+09:00,SNT,KRW-SNT,,12.1,-0.8196721299999999,325202934.0016726,1790516808182,False,False,,381811145.2782115,523397839.59426653,395290027.1079964,1773502668.758186,664953354.6816213,0.7294855201813369,0.42546521902794276,0.46334707045671497,1,2.5210084033613356,6.0869565217391175,감소형,,,,,,,,,,,,,,NO_DATA,,0.0,,10.8,관찰,10.8
2026-09-27T22:54:51+09:00,TRAC,KRW-TRAC,,500.0,0.40160643,1512751156.2538245,1790517268359,False,False,,1057475282.7733263,3786212820.2565055,7731615583.871035,720401523.8286253,882134348.4465986,0.2792963134865951,0.25922260547443293,0.34556760875598347,1,5.285412262156441,0.60606060606061,감소형,,,,,,,,,,,,,,NO_DATA,,0.0,,10.7,관찰,10.7
2026-09-27T22:54:51+09:00,HP,KRW-HP,,12.9,0.0,158774442.21448034,1790517167184,False,False,,156035331.02008945,210304575.67215872,107713490.87238023,250708412.23709673,169792188.3701684,0.7419492919798905,0.8230775434670752,0.8085258891250138,1,4.0322580645161255,4.0322580645161255,감소형,,,,,,,,,,,,,,NO_DATA,,0.0,,10.7,관찰,10.7
2026-09-27T22:54:51+09:00,ENS,KRW-ENS,ENSUSDT,9585.0,-0.26014568,3410202469.065639,1790517287262,False,False,,2963833783.013102,5395225413.297055,9044053917.629648,22570380049.842197,7233284941.907596,0.5493438282872198,0.24024812705138116,0.28377526095419575,1,3.6677454153182243,4.912663755458513,감소형,1092400.5736,-0.704,952863.6632,1868628.2179,2609304.2228,4358131.4592,2581278.574,0.5099268297847104,0.3235140693847122,0.33303920447670005,1,4.592592592592593,4.129793510324475,감소형,,0.0,,10.6,관찰,10.6
2026-09-27T22:54:51+09:00,MIRA,KRW-MIRA,MIRAUSDT,74.4,-1.45695364,1443648692.2605364,1790517285322,False,False,,1415426338.547616,2323943089.0602827,2474564894.384905,3027705072.0470366,4145855952.375667,0.6090623927972189,0.5425713541829691,0.18731978816889117,1,5.006954102920713,3.0013642564802323,감소형,554044.44673,-2.218,542084.995988,788155.845972,1427686.406082,892418.103759,1124509.611278,0.6877890949593465,0.5232042370333018,0.3327037033445057,1,6.012597824012222,2.548005908419504,감소형,,0.0,,10.6,관찰,10.6
2026-09-27T22:54:51+09:00,NEWT,KRW-NEWT,NEWTUSDT,69.5,0.0,513244491.2570862,1790517289838,False,False,,298333441.3888942,486064066.39847547,586878954.509249,3489891895.963446,4645223991.742351,0.6137739076237747,0.19615005593505072,0.13468889304263923,1,3.268945022288272,6.431852986217468,감소형,292345.976319,0.039,316093.962223,436145.910972,483939.563382,905040.782759,1604833.487933,0.7247436105007823,0.5195705683227637,0.37632973399510333,1,3.827361563517906,5.677579776212194,감소형,,0.0,,10.4,관찰,10.4
2026-09-27T22:54:51+09:00,ENSO,KRW-ENSO,ENSOUSDT,1388.0,-2.80112045,1460021912.0728354,1790517191991,False,False,,989498714.8799146,1338022387.9962344,1617665543.691993,2437033625.405841,2490263279.8926144,0.739523287320884,0.5504634558286656,0.19635109459140665,1,5.387453874538739,3.4782608695652195,감소형,611144.29007,-1.347,531882.46992,573191.98687,1118675.56938,1606226.12139,937263.48879,0.9279307493889145,0.48380900172059066,0.36037407954944334,1,6.490872210953347,2.941176470588247,중립,,0.0,,10.3,관찰,10.3
2026-09-27T22:54:51+09:00,MED,KRW-MED,,2.52,0.0,278217690.8118734,1790517016700,False,False,,407686992.90178764,866593766.7482828,183815613.4134162,265705512.35250437,335476378.40449965,0.47044764057275684,0.929296511772557,1.0157091188575198,1,5.882352941176472,3.2786885245901676,감소형,,,,,,,,,,,,,,NO_DATA,,0.0,,10.3,관찰,10.3
2026-09-27T22:54:51+09:00,MORPHO,KRW-MORPHO,MORPHOUSDT,3659.0,-1.56039817,1292564243.6379385,1790517278817,False,False,,1728046598.0643027,3531586622.0659103,8231004960.029654,2037787911.1594174,1093118203.3933327,0.4893116842348408,0.37565197368135333,0.5150086877584665,1,5.716723549488045,3.624198494563702,감소형,4195326.86185,-1.648,4444928.23317,7448499.70856,11006076.30725,7351263.86064,5711971.82903,0.5967548374959025,0.5167351562031163,0.576145461806841,1,6.230529595015577,2.594960511470501,감소형,,0.0,,10.2,관찰,10.2
2026-09-27T22:54:51+09:00,WET,KRW-WET,,95.1,0.74152542,487263215.6512245,1790517233090,False,False,,332892155.23609227,446971916.58665293,381692459.15717155,1385467872.7863944,12964196024.655256,0.7447719708617434,0.4510464387893796,0.10644579669765725,1,1.6146393972013007,7.394766780432316,감소형,,,,,,,,,,,,,,NO_DATA,,0.0,,10.2,관찰,10.2
2026-09-27T22:54:51+09:00,GRVT,KRW-GRVT,,275.0,-1.07913669,738975701.6318488,1790517030293,False,False,,836577317.3919842,1268353984.1080494,4105181033.295554,1862802934.9533849,1252494842.3829708,0.6595771589587386,0.3468234856773782,0.4247604204263689,1,4.511278195488733,6.513409961685834,감소형,,,,,,,,,,,,,,NO_DATA,,0.0,,10.0,관찰,10.0
2026-09-27T22:54:51+09:00,SOL,KRW-SOL,SOLUSDT,167100.0,1.08892922,30838287311.18956,1790517291472,False,False,,24603800499.52651,58077017703.67109,37671346854.87487,51894789216.68141,52156395694.8951,0.42364090775224644,0.49993108119967655,0.4614223940763277,1,4.752851711026618,2.7346177750155354,감소형,294515270.32151,1.764,221338928.92664,481769969.76669,299095253.78508,420981927.35118,359248594.69513,0.45942865437177266,0.5524968680759803,0.5279027931840201,1,5.583094182102788,2.111017661900738,감소형,,0.0,,9.9,관찰,9.9
2026-09-27T22:54:51+09:00,MOODENG,KRW-MOODENG,,65.7,-1.05421687,607506739.628716,1790517292139,False,False,,752950731.6651403,3895280204.393586,1130209833.6030025,2270673600.1712136,1909225879.0063498,0.1932982204504487,0.3095945084316474,0.33525363861350466,1,8.143322475570036,1.8404907975460238,감소형,,,,,,,,,,,,,,NO_DATA,,0.0,,9.7,관찰,9.7
2026-09-27T22:54:51+09:00,CARV,KRW-CARV,,60.5,2.36886633,731190581.4706788,1790517285631,False,False,,490234582.44185376,661764432.6106302,1030663475.7849114,8542750304.020968,34220929918.672844,0.7407992304873517,0.14369107374617274,0.05377994215992147,1,-0.16891891891892552,6.871609403254975,감소형,,,,,,,,,,,,,,NO_DATA,,0.0,,9.6,관찰,9.6
2026-09-27T22:54:51+09:00,ADA,KRW-ADA,ADAUSDT,348.0,0.57803468,13105718731.686708,1790517291469,False,False,,16961662977.053387,24403876608.524612,15449326377.489492,25099966365.799915,26057610631.502766,0.6950396959116095,0.78341040843666,0.7266632339407486,1,5.810397553516822,4.53172205438066,감소형,32350008.34692,0.039,42377244.74393,57092332.74667,41843522.36475,60468039.9036,75672412.58103,0.7422580704832334,0.7975447163308705,0.6995561891000575,1,6.5436241610738355,3.6311709506323897,감소형,,0.0,,9.5,관찰,9.5
2026-09-27T22:54:51+09:00,BSV,KRW-BSV,,28870.0,-0.34518466999999997,1023100109.9066418,1790517276545,False,False,,1168562143.96585,2066862809.3949728,4438864970.851167,51279663413.94648,21715154545.11199,0.5653796365458432,0.06066734791353059,0.0712907697934105,1,-4.452506596306072,15.880000000000006,감소형,,,,,,,,,,,,,,NO_DATA,,0.0,,9.5,관찰,9.5
2026-09-27T22:54:51+09:00,DATA,KRW-DATA,,313.0,-0.31847134,8987498088.703909,1790517291140,False,False,,9075113051.978819,16345239650.771955,23844881873.41723,25536375552.554024,29071967110.75162,0.5552144383242626,0.41422166655478015,0.461231160621688,1,1.2903225806451646,14.598540145985407,감소형,,,,,,,,,,,,,,NO_DATA,,0.0,,9.3,관찰,9.3
2026-09-27T22:54:51+09:00,CAP,KRW-CAP,,71.1,1.28205128,7773076755.844087,1790517290486,False,False,,5779228683.3535795,14867271133.308311,13743323410.678299,21094502848.513226,4540520039.210416,0.38872155027871397,0.34881102662675556,0.4635500089086793,1,-3.703703703703709,12.86173633440515,감소형,,,,,,,,,,,,,,NO_DATA,,0.0,,9.1,관찰,9.1
2026-09-27T22:54:51+09:00,ETC,KRW-ETC,ETCUSDT,12850.0,-0.15540015999999998,3884289183.625383,1790517283685,False,False,,5783833070.050384,9029163429.900164,32540528088.281086,13125259571.38225,12739870658.671398,0.6405724201311014,0.3172413333314424,0.3868372833531782,1,6.893687707641205,6.804979253112031,감소형,3555274.5459,-0.316,5422341.8775,7748461.4414,23310380.4808,10340449.6871,9508612.6677,0.6997959425245958,0.3929300478379623,0.47795319930738867,1,8.00915331807779,6.186726659167596,감소형,,0.0,,9.1,관찰,9.1
2026-09-27T22:54:51+09:00,LSK,KRW-LSK,LSKUSDT,410.0,-1.44230769,3752523971.2278714,1790517276851,False,False,,4661539319.073166,9249159864.055618,36347301996.22043,11009233576.320787,28988238641.431293,0.5039959723465252,0.24705319578457355,0.25200460153733406,1,4.0000000000000036,11.229946524064172,감소형,6821860.43313,-0.479,8177758.14141,12332084.70361,40430871.73278,9784704.51593,8573360.98224,0.6631286062295781,0.392233283398586,0.499246973302988,1,-4.45752733389404,-6.476399560922063,감소형,,0.0,,9.1,관찰,9.1
2026-09-27T22:54:51+09:00,IRYS,KRW-IRYS,,22.7,-0.87336245,311743060.1172469,1790517242169,False,False,,392244077.4361227,664229774.6971644,358642660.6908418,563392125.7704713,547249363.9077971,0.5905246834424949,0.7418259608907731,0.7637696439187642,1,7.511737089201875,6.018518518518512,감소형,,,,,,,,,,,,,,NO_DATA,,0.0,,9.0,관찰,9.0
2026-09-27T22:54:51+09:00,CFX,KRW-CFX,CFXUSDT,76.1,-0.78226858,109269644.77370556,1790517241503,False,False,,164835634.0395843,403867746.61056376,139601863.77749023,334909691.7722206,223733585.80007896,0.408142604659465,0.562976496489124,0.5029886320550248,1,8.028169014084519,5.502063273727642,감소형,1421122.66168,0.698,1692207.18844,1802144.94216,1137405.78343,2360632.20551,2109246.02079,0.9389961644326833,0.9578200660833412,0.8025655414999766,1,8.833785354513758,4.056306723467307,중립,,0.0,,9.0,관찰,9.0
2026-09-27T22:54:51+09:00,CRO,KRW-CRO,,92.1,-0.32467532,2019995198.3001494,1790517221437,False,False,,1553539679.0051122,3860025378.5829763,1525639968.9601104,2638770402.68334,2828815233.173442,0.4024687732948067,0.5808033339769499,0.49819105100157524,1,9.608540925266906,3.4714445688689866,감소형,,,,,,,,,,,,,,NO_DATA,,0.0,,8.9,관찰,8.9
2026-09-27T22:54:51+09:00,MEW,KRW-MEW,,0.694,0.57971014,389330516.9070903,1790517272622,False,False,,302168948.6895216,718124770.5072286,696537551.3472297,3640111950.5194273,1353837140.9011655,0.42077499774320903,0.17933676109395086,0.18208638473851008,1,5.343511450381677,8.150470219435736,감소형,,,,,,,,,,,,,,NO_DATA,,0.0,,8.9,관찰,8.9
2026-09-27T22:54:51+09:00,YGG,KRW-YGG,YGGUSDT,37.7,-0.78947368,223884367.2021324,1790516452446,False,False,,177976937.57138267,250310838.7989945,196446736.3572445,505362448.49426496,627497717.3662634,0.7110236952795413,0.5607809934161606,0.4770458982635304,1,6.741573033707859,7.954545454545436,감소형,236128.670051,-0.928,385825.765874,406438.397931,451176.125515,756261.827465,890993.670417,0.9492847325402081,0.7172032088881083,0.6496952016042075,1,8.037094281298284,6.962509563886754,중립,,0.0,,8.9,관찰,8.9
2026-09-27T22:54:51+09:00,QKC,KRW-QKC,QKCUSDT,4.1,1.4851485100000001,1087784030.7108119,1790517262894,False,False,,796124737.5694954,2624484363.3786063,900630463.9158627,959008773.4429519,537671240.3657248,0.30334520131970283,0.5326289873712925,0.6957432460647246,1,3.0612244897959107,8.89487870619947,감소형,202594.48234,2.515,144058.958426,678699.223329,252677.580753,204767.657433,126414.046864,0.21225743816148043,0.38038901734530367,0.4985691623924065,1,5.069124423963123,6.427289048473961,감소형,,0.0,,8.8,관찰,8.8
2026-09-27T22:54:51+09:00,ID,KRW-ID,IDUSDT,53.7,-0.92250923,937563554.8737165,1790517229202,False,False,,834450945.4440094,1189977621.8235424,985741626.155564,1802659484.8418655,1621283019.2545738,0.701232468695741,0.6292394476372443,0.5793788077020048,1,8.617234468937895,6.06653620352251,감소형,299557.879,0.761,333821.0311,312879.7005,337655.8608,657724.8574,578432.229,1.0669309340508015,0.7654921596536107,0.671922001867034,2,9.615384615384603,5.555555555555558,중립,,0.0,,8.6,관찰,8.6
2026-09-27T22:54:51+09:00,ORDER,KRW-ORDER,,56.2,-2.59965338,389520063.7901303,1790517284012,False,False,,265090775.66663578,376222869.586265,334430854.7156139,494325895.48740286,1317728820.461924,0.7046110087835915,0.6599881972601154,0.4171494012892317,1,8.25515947467168,7.0500927643784905,감소형,,,,,,,,,,,,,,NO_DATA,,0.0,,8.6,관찰,8.6
2026-09-27T22:54:51+09:00,UNI,KRW-UNI,UNIUSDT,13390.0,1.5163002300000001,8944981386.538939,1790517283044,False,False,,9067287006.681377,13183105191.479092,14485210789.19492,27594345496.28572,26337056933.78433,0.6877959991203001,0.4922285733810561,0.48707953619207406,1,4.104183109707971,8.470394736842103,감소형,59541947.72091,2.179,52524369.55824,98946730.09729,93147164.54675,195413330.16936,206895117.87045,0.5308348189636493,0.4066326989144464,0.36991073721409823,1,4.96645747673663,7.8488048916064646,감소형,,0.0,,8.5,관찰,8.5
2026-09-27T22:54:51+09:00,COMP,KRW-COMP,COMPUSDT,32620.0,0.12277471,2143569631.4476438,1790517270312,False,False,,385799337.338533,1017042543.198578,13485979478.734259,364019591.5446127,303032233.6575213,0.3793345125221625,0.07784992079166447,0.12300472471366491,1,8.890374331550799,6.2969004893964176,감소형,2056728.43325,-0.083,871656.12567,1454331.65298,5092679.38648,1138940.75476,948586.69212,0.5993516842488658,0.34022700727533994,0.43218554322590924,1,9.720311783585522,5.558006175562413,감소형,,0.0,,8.4,관찰,8.4
2026-09-27T22:54:51+09:00,GMT,KRW-GMT,GMTUSDT,12.2,0.8264462800000001,698293946.452155,1790517225333,False,False,,554838614.0873101,791769948.2832922,561574738.2633239,1230701995.8781662,2706307916.4884,0.7007573541914615,0.6441508404561812,0.4181756515353423,1,7.079646017699104,7.079646017699104,감소형,490060.510235,1.701,327583.309601,525726.124439,477933.709214,691769.889362,1352821.763584,0.6231063939433534,0.5796465140739455,0.42296994477555727,1,8.935128518971847,6.205250596658707,감소형,,0.0,,8.3,관찰,8.3
2026-09-27T22:54:51+09:00,MANA,KRW-MANA,MANAUSDT,124.0,-0.8,240803681.2451653,1790516655381,False,False,,216139077.0996889,875759419.9218636,326525213.0659894,539069589.413937,326945991.75907177,0.24680188666308964,0.37236377467459036,0.4235004447370689,1,9.649122807017552,6.8376068376068355,감소형,344423.9482,-0.109,420515.2525,1454653.434,515985.6943,770464.0662,661992.5828,0.2890827757809425,0.4602328580811116,0.48831878204373325,1,10.666666666666668,6.534422403733964,감소형,,0.0,,8.1,관찰,8.1
2026-09-27T22:54:51+09:00,TIA,KRW-TIA,TIAUSDT,673.0,0.29806259,750669902.7387615,1790517024698,False,False,,576569801.7672564,853178412.7350194,743116126.490192,1489262923.3552291,1669032516.276445,0.6757904245595672,0.5605824640372179,0.52819443617781,1,6.170886075949378,13.15345699831365,감소형,4221624.921762,-1.785,4994412.127718,8034127.33786,7443907.012376,13506488.705924,12796488.322995,0.6216496101801057,0.5169392076634379,0.5285131394078906,1,6.876355748373109,12.33470132238943,감소형,,0.0,,7.7,관찰,7.7
2026-09-27T22:54:51+09:00,AAVE,KRW-AAVE,AAVEUSDT,209900.0,-0.8970727100000001,4815688037.738741,1790517287254,False,False,,4811621061.948952,6910748721.960256,5308166350.537992,9432826754.37514,5162788472.536403,0.6962517746679292,0.6666836922991021,0.684677023604164,1,11.122770199370402,7.240506329113927,감소형,17040864.83945,-0.515,17425951.4153,30344939.85835,21513121.98949,34731929.21475,20264502.81068,0.5742621833045061,0.6037401506152357,0.6401878734129497,1,11.987336307382357,6.675805346127461,감소형,,0.0,,7.5,관찰,7.5
2026-09-27T22:54:51+09:00,AXL,KRW-AXL,AXLUSDT,75.6,4.27586207,5285395802.895739,1790517114367,False,False,,358943771.528814,490369345.40625334,368343951.150007,827496735.4252514,904972583.5669816,0.7319865625601902,0.6386104305885478,0.2944672268031525,1,5.3779069767441845,1.9690576652602099,감소형,1623488.658207,4.128,426730.79741,469318.104278,661310.189648,1532346.119609,1318111.369181,0.9092570551193281,0.48073777416831887,0.37167814263643767,1,7.18562874251496,2.091254752851701,중립,,0.0,,7.3,관찰,7.3
2026-09-27T22:54:51+09:00,PROS,KRW-PROS,,865.0,2.97619048,18750336328.00753,1790517290478,False,False,,301890985.82830775,3316880068.8205247,638858680.2266619,941441105.4189333,411581992.65517116,0.09101655156788938,0.18493765481350855,0.19645700434889776,1,5.1314142678347885,8.247422680412363,감소형,,,,,,,,,,,,,,NO_DATA,,0.0,,7.0,관찰,7.0
2026-09-27T22:54:51+09:00,LINK,KRW-LINK,LINKUSDT,19230.0,-0.20757654,9296985301.350306,1790517291799,False,False,,13557068006.017862,18627353208.430157,11456517784.600773,10710856925.352594,9345250303.727001,0.7278043130616302,0.9969720621601629,1.066214013757266,1,13.62028301886793,8.015695067264584,감소형,35913847.65409,-1.034,44634687.22463,82230887.10534,46880834.15198,54181103.02568,42447250.90538,0.5427971021089891,0.730547211532652,0.7797284629614503,1,14.496155402670997,7.304862322688321,감소형,,0.0,,6.8,관찰,6.8
2026-09-27T22:54:51+09:00,CHIP,KRW-CHIP,CHIPUSDT,64.9,-1.96374622,3213030129.4606495,1790517289846,False,False,,3073121789.3010616,4268932407.2429996,5271834333.730741,4756169042.432073,4111369274.789103,0.7198806390297879,0.6448490437093471,0.56401421976694,1,14.53287197231834,5.0793650793650835,감소형,3538596.2621,-1.732,3399045.61955,5213498.55063,5072408.47591,3088065.91625,4364275.56104,0.6519701859587663,0.7624613046751636,0.7241402759432305,1,15.770694576593701,4.64416254568909,감소형,,0.0,,6.8,관찰,6.8
2026-09-27T22:54:51+09:00,WAL,KRW-WAL,WALUSDT,50.6,0.99800399,1604367749.310345,1790517226935,False,False,,867718883.0473788,1445988189.5251055,501219169.4550028,1127348761.8448186,1612160211.1168861,0.6000871164323665,0.8466772265141446,0.4965977876958606,1,11.333333333333329,7.280513918629539,감소형,408512.19002,-0.615,538127.607544,853179.019316,400364.543347,849758.220575,608364.10858,0.6307323496719609,0.7675469281192179,0.6864019672545053,1,12.51529987760096,6.579710144927509,감소형,,0.0,,6.6,관찰,6.6
2026-09-27T22:54:51+09:00,RED,KRW-RED,REDUSDT,230.0,-0.43290042999999995,592033081.1393296,1790517288881,False,False,,884460140.9396214,2204074590.0917773,640842412.1753476,1222816918.1502063,1010173800.4242463,0.4012841239201404,0.6522994066796384,0.7492043246844261,1,10.526315789473696,12.135922330097081,감소형,606530.28298,-0.178,554588.43753,1451062.03742,591737.59609,606538.96095,541416.86083,0.3821948498604944,0.6279927058281941,0.7501225813749374,1,11.500330469266352,10.840998685939551,감소형,,0.0,,6.6,관찰,6.6
2026-09-27T22:54:51+09:00,PENGU,KRW-PENGU,PENGUUSDT,14.0,3.7037037,8013603155.343212,1790517265795,False,False,,4925815426.15655,8224441236.762701,8292785129.560726,16686843180.274664,14896165848.775595,0.598924022234907,0.44504925089773123,0.4303529154878526,1,1.5037593984962294,14.406779661016934,감소형,14258550.589182,2.61,9256111.232219,18798727.771286,20331306.149912,39844769.890271,38886904.431001,0.4923796623278512,0.35161003708152777,0.3211516785441244,1,1.68274163759492,12.767410104688203,감소형,,0.0,,6.3,관찰,6.3
2026-09-27T22:54:51+09:00,SIGN,KRW-SIGN,SIGNUSDT,18.8,0.0,802153784.3301243,1790516989809,False,False,,586277738.0114946,1541002300.8490715,489528796.0384107,999778247.71731,671805223.8335526,0.3804522145674043,0.580413751211881,0.5986671443603628,1,9.941520467836252,14.634146341463428,감소형,540165.91973,2.209,288424.60207,646766.98478,497346.44753,661806.26076,442240.80136,0.44594824543820616,0.47913194010253296,0.5197239000474573,1,10.454908220271353,13.349713349713355,감소형,,0.0,,6.3,관찰,6.3
2026-09-27T22:54:51+09:00,BEAM,KRW-BEAM,,2.88,-2.04081633,431848459.9823111,1790517275545,False,False,,560232484.8565059,999873776.6124752,5711145321.3826,538087147.03928,419368053.6085024,0.5603032082254892,0.23184892009560445,0.32993723009585746,1,10.943396226415093,13.076923076923075,감소형,,,,,,,,,,,,,,NO_DATA,,0.0,,6.3,관찰,6.3
2026-09-27T22:54:51+09:00,ORCA,KRW-ORCA,ORCAUSDT,2317.0,3.52993744,10298104750.868265,1790517289207,False,False,,766264200.6482804,1170744280.1362903,1695147149.2328582,3455183343.948443,1085809691.7455356,0.6545103090822506,0.3636711610576833,0.45554275824931734,1,6.06635071090047,8.95813047711782,감소형,3772652.75237,4.032,453713.15118,948622.27348,1549149.97573,2516648.37815,1155197.07167,0.47828642006850974,0.2714450092425962,0.3163158279219928,1,7.526178010471196,8.448844884488448,감소형,,0.0,,6.1,관찰,6.1
2026-09-27T22:54:51+09:00,BIO,KRW-BIO,BIOUSDT,42.9,-2.05479452,370863975.8628371,1790517260302,False,False,,642930172.4192992,1368540983.820868,674603529.8236185,676170750.999676,488373934.99172974,0.4697924139796562,0.7092927187720879,0.9124454684788179,1,12.596401028277636,11.45038167938932,감소형,1304784.095357,-2.465,1604753.479124,3475737.284606,2714109.142674,2340262.089126,1860475.833141,0.46170160392485204,0.564384430527784,0.6556342494418742,1,13.705404450724146,10.618556701030935,감소형,,0.0,,6.1,관찰,6.1
2026-09-27T22:54:51+09:00,JST,KRW-JST,JSTUSDT,171.0,2.39520958,634478939.8650479,1790516928335,False,False,,423463884.27158016,650766518.5410441,320554317.893869,361308993.49174523,502504948.2263434,0.6507155365352008,0.9532967252313846,0.8792020659834443,1,9.868421052631572,8.441558441558449,감소형,3150108.123724,1.824,3086817.294195,5250594.680957,2693348.122049,2781502.885313,5296863.746618,0.5878986061122473,0.8634095171140987,0.7513247993395068,1,10.827162723496485,7.094240837696342,감소형,,0.0,,5.8,관찰,5.8
2026-09-27T22:54:51+09:00,CKB,KRW-CKB,CKBUSDT,1.9,-3.5532994900000006,220881848.38344428,1790517294698,False,False,,225247524.08964974,315883686.7812772,771389511.3674283,370739005.4557307,270446607.9438947,0.7130710876045164,0.4634683925130441,0.5834208035371424,1,13.218390804597702,11.931818181818187,감소형,279817.589657,-2.573,328533.915645,474851.217279,530523.268623,553070.91951,371946.016555,0.6918670600184418,0.6324262264897501,0.7103354134250939,1,13.611329661683701,10.73619631901841,감소형,,0.0,,5.7,관찰,5.7
2026-09-27T22:54:51+09:00,A,KRW-A,AUSDT,142.0,2.15827338,515891852.94777876,1790517073544,False,False,,421954743.427924,608212345.2589536,716662038.5041709,1066322565.2732933,1383003699.6623428,0.6937622143270896,0.5293851812557213,0.44424776525333415,1,10.317460317460325,10.317460317460325,감소형,527543.44689,2.956,353520.72727,592476.24542,595297.70272,639575.2434,627864.96105,0.5966833776084861,0.580382877405172,0.6099177652865808,1,11.123227917121037,9.452201933404947,감소형,,0.0,,5.4,관찰,5.4
2026-09-27T22:54:51+09:00,GRT,KRW-GRT,GRTUSDT,37.8,0.53191489,722142733.7359527,1790517231493,False,False,,731855728.3630054,1211123677.7500463,951787328.2330859,2101522100.2157292,1056286694.7942948,0.6042782762885155,0.5148555811316393,0.5632606695953807,1,10.26392961876832,17.868338557993745,감소형,968892.39378,-0.676,1125552.21867,2674194.94095,2025342.67638,3667964.17778,1921244.16789,0.42089385535601637,0.4035441806517844,0.45749541757913065,1,10.972668810289399,17.09075487701441,감소형,,0.0,,5.1,관찰,5.1
2026-09-27T22:54:51+09:00,BIGTIME,KRW-BIGTIME,BIGTIMEUSDT,13.0,4.83870968,3341436812.734726,1790517259337,False,False,,1147267740.7328522,1669694652.512611,684288594.7464048,1136401114.5560539,644978334.6270931,0.6871123046398971,0.9860814355725425,1.1378893191580854,1,11.711711711711725,9.734513274336276,감소형,1461668.4201,8.39,282942.66406,493566.22312,207267.76227,459842.29385,240241.98122,0.5732618052171868,0.7313219089269271,0.7327807684298994,1,12.967581047381561,8.37320574162681,감소형,,0.0,,3.6,관찰,3.6
2026-09-27T22:54:51+09:00,SC,KRW-SC,SCUSDT,1.58,8.21917808,10337401523.558922,1790517290166,False,False,,1376351611.1847699,3556456943.0561314,955904669.1379834,4963779603.161496,809053872.4821354,0.3870007800521956,0.4357316696445367,0.6139796784856743,1,8.955223880596996,10.606060606060597,감소형,1658489.65201,8.24,614723.260837,3376942.058417,386682.489163,1121330.284613,379230.920896,0.1820354777200892,0.3775203345499712,0.5344588369079666,1,11.111111111111116,11.570247933884303,감소형,,0.0,,1.0,관찰,1.0
2026-09-27T22:54:51+09:00,AVNT,KRW-AVNT,AVNTUSDT,172.0,-2.82485876,1992100854.3432584,1790517271641,False,False,,5782477902.048407,1752719222.1020172,1150978016.5932298,2381212864.789187,2704188126.4419727,3.299146736756583,3.2824463172434575,2.6112799927376056,3,17.999999999999993,12.73885350318471,가속형,1071473.25402,-4.367,3607849.00092,2062373.80492,626823.00318,1137267.31249,2426845.49601,1.7493671575507377,2.8286027678971477,2.342915249671109,3,17.974452554744524,11.273666092943202,가속형,,0.0,,63.0,시동,63.0
2026-09-27T22:54:51+09:00,WAXP,KRW-WAXP,WAXPUSDT,8.65,-4.4198895,6071277993.344724,1790517291123,False,True,거래량급등,42462153497.91535,22824305048.547558,181620909.6402677,393643010.4519714,303773448.79495156,1.860391955312456,5.443966111703594,8.792500991904117,3,21.96765498652291,20.66666666666668,가속형,609027.96332,-7.558,1877779.88597,2151077.76048,138000.26881,176323.56658,165792.98876,0.8729483984581685,2.2849582264191266,3.256237570129792,1,23.605947955390327,19.819819819819816,중립,,0.0,,55.8,시동,55.8
2026-09-27T22:54:51+09:00,SOMI,KRW-SOMI,SOMIUSDT,292.0,-2.99003322,314418767.7722919,1790517286944,False,False,,420368634.5193351,148701151.869303,135297929.99869627,232961572.29158592,372711970.32817864,2.8269359667691556,2.439462062365588,1.2091322565310707,3,18.972332015810277,16.666666666666675,가속형,531566.06298,-1.466,684427.35608,357866.81683,394628.36187,806392.75755,650993.28988,1.9125197528585847,1.317145396082348,1.0158776350060272,2,19.328641039523564,15.756302521008392,중립,,0.0,,48.3,시동,48.3
2026-09-27T22:54:51+09:00,KITE,KRW-KITE,KITEUSDT,201.0,-3.3653846199999995,5907694310.880744,1790517271320,False,False,,4620954677.440816,1959462780.5447605,1645136779.0401716,3999601697.563446,9831140481.348755,2.3582763211027262,1.8230532785137128,1.2409225350571953,3,13.661202185792343,29.19254658385093,가속형,5849623.7616,9.064,3781137.72426,2178491.51505,1569254.41002,3170506.19445,5989694.06566,1.7356678684026072,1.6396357023147956,1.3275300121682176,3,14.823175319789339,28.127623845507998,가속형,,0.0,,42.6,시동,42.6
2026-09-27T22:54:51+09:00,CC,KRW-CC,,184.0,0.0,1981764606.5729966,1790517288223,False,False,,4761875245.716115,3969138686.9737163,2608936747.0009675,2991076611.0929365,2195860727.7892985,1.1997250842718281,1.4928831384293673,1.6874264223072426,3,21.85430463576159,14.28571428571428,고수준 유지형,,,,,,,,,,,,,,NO_DATA,,0.0,,37.6,시동,37.6
2026-09-27T22:54:51+09:00,STEEM,KRW-STEEM,STEEMUSDT,90.6,-3.8216560500000005,3754909741.8513002,1790517294700,False,False,,20901412604.131207,10756260792.167986,36332726731.825714,1917377413.5040665,1177624724.16366,1.9431857415869151,1.279512118321079,2.0432546777589047,2,18.341708542713576,19.69504447268107,중립,1184922.612432,-0.98,1538584.647403,1289386.772879,3728518.166524,783302.98282,450997.199789,1.1932685209478144,0.7956539403676918,1.1358845189035776,2,19.778891000172738,19.448751076658066,중립,,0.0,,29.7,시동,29.7
2026-09-27T22:54:51+09:00,FIL,KRW-FIL,FILUSDT,1531.0,-0.64892927,19659352125.809963,1790517290155,False,True,거래량급등,18443857953.829006,3146047633.4990187,3185409877.1442676,5224206228.811191,4186280829.928217,5.862548855725951,4.788264448416627,4.789598920784836,2,19.922178988326845,15.6039009752438,일회성 폭증형,32047794.660634,2.912,32737197.186611,14256010.626851,16441816.358158,26646111.401134,28330855.867138,2.2963785622431385,1.712676079178502,1.5192041731436468,2,21.08749065270803,14.98275512274294,고수준 유지형,,0.0,,26.6,시동,26.6
2026-09-27T22:54:51+09:00,PROM,KRW-PROM,PROMUSDT,8525.0,-0.11716462,5351681904.232119,1790517290479,False,False,,21579936425.72203,3893344132.355357,17867927015.01864,3388322516.7550354,4304636776.007568,5.542776516050435,2.574189076044785,3.558157925281586,2,22.80575539568346,25.146627565982406,일회성 폭증형,1993281.31782,-2.291,6768657.92465,4107157.00747,6768551.80743,3688866.66206,6025612.72637,1.6480153820122594,1.3942029279241566,1.519830740065786,2,23.982615566969567,24.746571258199168,중립,,0.0,,26.1,시동,26.1
2026-09-27T22:54:51+09:00,CFG,KRW-CFG,CFGUSDT,226.0,-1.7391304300000001,3856166146.631433,1790517178043,False,False,,4083906565.855541,3885777834.9190354,4720810978.725211,3044107824.47045,1614905786.0346408,1.050988177748107,1.0515868774306343,1.2118935949501821,2,17.948717948717952,22.34042553191489,중립,3370966.19012,3.352,2120588.16306,3471573.13969,3869004.77242,2915913.89841,1944008.70386,0.6108435794757191,0.6202671056252187,0.6616230928791759,1,18.565400843881854,21.820809248554916,감소형,,0.0,,23.3,시동,23.3
2026-09-27T22:54:51+09:00,SENT,KRW-SENT,SENTUSDT,31.0,-4.32098765,230878563.97450545,1790517218073,False,False,,568315142.5595218,521080633.07266086,1042542809.2756765,4897154485.106926,746682627.1079001,1.0906472175109114,0.2638916624008001,0.37442450187846416,2,12.5,26.56249999999998,중립,806254.9688,-4.604,2132161.79776,1767046.56559,1698928.26228,5556437.3114,1884319.92602,1.2066245673882914,0.708955132457243,0.9024938533190676,3,13.266761768901581,25.500526870389884,중립,,0.0,,22.8,시동,22.8
2026-09-27T22:54:51+09:00,UP2,KRW-UP2,,96.5,-3.20962889,1665777593.1279755,1790517271636,False,False,,3320237954.492803,4140424663.944608,9121690269.55546,22677085362.77111,1973703867.9501529,0.8019075877423626,0.2771545772127787,0.42868487551667694,1,8.017334777898167,21.142162818955047,중립,,,,,,,,,,,,,,NO_DATA,,0.0,,17.5,시동,17.5
2026-09-27T22:54:51+09:00,POL,KRW-POL,POLUSDT,163.0,-0.6097560999999999,2208434233.5581546,1790517231813,False,False,,3602430986.3148084,4454245326.758308,3746017336.532518,6316580413.86697,3482901291.882836,0.8087634878738416,0.7444657837453423,0.75136508502736,1,17.985611510791365,8.609271523178808,중립,9820524.537581,1.008,11368259.391063,13085919.904033,7918305.896612,13201410.952584,8080052.798969,0.8687397962415597,0.9970514046919334,0.9388315507352797,1,18.99684044233807,7.377049180327866,중립,,0.0,,16.8,시동,16.8
2026-09-27T22:54:51+09:00,JUP,KRW-JUP,JUPUSDT,458.0,-0.8658008700000001,2699888181.5278263,1790517276534,False,False,,3701969898.403964,4706453927.904771,5739589855.251501,3115259946.378277,2849461655.910515,0.7865730664980747,0.8189411517290063,0.8503968170410099,1,15.500000000000004,14.356435643564346,중립,3704853.59576,-3.664,5451753.66575,8128637.36874,6371430.71717,6483993.13404,5397647.72908,0.670684816955374,0.7794135189474524,0.7633175084336948,1,16.701101928374662,13.458319383997308,감소형,,0.0,,16.4,시동,16.4
2026-09-27T22:54:51+09:00,PLUME,KRW-PLUME,PLUMEUSDT,24.8,0.40485829999999995,3173672819.272805,1790517256731,False,False,,3407720479.381135,4489907543.75483,6476327931.8389435,2363078480.1987147,1651758237.5168674,0.7589734189785384,0.7669683130016418,1.0257964592949318,1,14.883720930232558,21.078431372549034,중립,3616857.39695,-1.088,4838217.88938,9061975.44244,10395113.29038,5348305.67044,3490156.52323,0.5339032223284503,0.585141015384639,0.7747007341685007,1,15.159235668789805,19.655857048312363,감소형,,0.0,,15.0,시동,15.0
2026-09-27T22:54:51+09:00,BLAST,KRW-BLAST,,0.646,-1.52439024,5436186922.924649,1790517287895,False,False,,4104984173.507495,27362214893.855743,4219603536.204266,46160069348.195274,5233718882.863776,0.15002382626668428,0.1584082001667964,0.24393104878163352,1,0.9230769230769154,23.076923076923084,감소형,,,,,,,,,,,,,,NO_DATA,,0.0,,7.6,시동,7.6
2026-09-27T22:54:51+09:00,BCH,KRW-BCH,BCHUSDT,456800.0,-0.17482517,8898106925.989046,1790517290481,False,False,,5935642055.974839,12308245510.592625,24775409951.055656,97141284273.5118,91252987183.04053,0.4822492410365518,0.13266481030320784,0.1237977120052864,1,-1.2729234088457386,26.65375034597288,감소형,17694917.3935,0.659,10751602.9987,29865250.9969,40731044.2192,110125122.7108,108965108.6745,0.36000377160118335,0.17847806511316078,0.17057486694969923,1,-0.4148148148148123,25.73887018331462,감소형,,0.0,,7.1,시동,7.1
2026-09-27T22:54:51+09:00,CPOOL,KRW-CPOOL,,48.9,-4.4921875,5209630519.815384,1790517287903,False,False,,26946587683.036934,3169764996.98009,14137399776.086727,86128004791.0223,4386791449.631016,8.501131064514114,0.7815500606785581,1.2044484120560999,2,6.224066390041494,33.68146214099219,일회성 폭증형,,,,,,,,,,,,,,NO_DATA,,0.0,,6.8,시동,6.8
2026-09-27T22:54:51+09:00,MET2,KRW-MET2,,487.0,1.88284519,643786938.3715307,1790517129245,False,False,,846374243.0733413,1242903949.3253098,2833595948.7933507,21603751334.595505,1243319510.2147694,0.680965124885782,0.09887452837632,0.15332836316741644,1,1.7021276595744705,24.479166666666675,감소형,,,,,,,,,,,,,,NO_DATA,,0.0,,5.5,시동,5.5
2026-09-27T22:54:51+09:00,OP,KRW-OP,OPUSDT,194.0,-1.02040816,576928667.7586945,1790517291796,False,False,,816831250.957464,1571187955.011534,1597657854.4682693,1923671876.0399952,1343738377.6779423,0.5198813091406799,0.4811949421089281,0.4943417111538129,1,15.976331360946737,13.953488372093027,감소형,5505785.154676,-4.024,7384000.545402,9247184.815962,8142861.952457,13190211.13256,11099956.256687,0.7985133521562292,0.7243889736945882,0.671344710177538,1,16.991869918699187,12.86274509803922,중립,,0.0,,4.3,시동,4.3
2026-09-27T22:54:51+09:00,SPK,KRW-SPK,SPKUSDT,33.5,-2.33236152,2019949873.1247852,1790517264178,False,False,,3010280144.735454,6663872183.252292,465752301.2905843,1284345044.045714,846515996.7926046,0.45173137508563255,1.073315086716418,1.4252102849273973,1,22.93906810035842,18.685121107266433,감소형,2413758.456712,-1.451,2890252.318085,5449222.658569,1003479.965383,1352889.902704,1224247.142757,0.5303971775754156,1.110839045805232,1.360493039152789,1,24.474385549304124,17.60235008859461,감소형,,0.0,,3.6,시동,3.6
2026-09-27T22:54:51+09:00,XPL,KRW-XPL,XPLUSDT,147.0,-3.28947368,11304582606.688774,1790517275233,False,False,,13516830536.158382,24378451291.233715,13161432831.54337,10457320600.377972,9743554029.184214,0.554458130858334,0.8448511083586617,0.9040563725407813,1,21.599999999999998,15.15151515151516,감소형,26718432.860787,-8.502,40452468.312541,60692175.01912,32149657.542321,20748396.667269,15446445.716313,0.6665186788873058,1.068378906897653,1.2944638438496123,1,23.93599288809869,13.794510764207747,감소형,,0.0,,2.1,시동,2.1
2026-09-27T22:54:51+09:00,NEAR,KRW-NEAR,NEARUSDT,7070.0,3.21167883,67348120348.23959,1790517293087,False,False,,31254861439.00797,72064149364.41997,73082410539.58403,90832970870.53133,65412079711.7278,0.43370887902881905,0.39734202373090777,0.4277294796556684,1,15.222876366694704,18.71750433275563,감소형,175337024.0112,7.766,128880615.4841,259628294.889,248904564.2981,544327686.1423,288598939.5605,0.4964043519956131,0.36722987499862525,0.39779779233357165,1,16.297322253000935,17.958323577616486,감소형,,0.0,,1.0,시동,1.0
2026-09-27T22:54:51+09:00,SUI,KRW-SUI,SUIUSDT,1699.0,7.2601010100000005,63130369821.83468,1790517294060,False,False,,37959648415.27883,92344810108.28906,27258664338.04493,37117718593.12104,48484406272.05529,0.41106423166353445,0.7266339863630769,0.6232101352737766,1,20.090978013646698,12.420156139105742,감소형,102913945.97726,6.391,88530369.46325,182822564.77106,74510416.67574,114067847.02944,128823364.25566,0.4842420276409117,0.7151063972565719,0.6006395488039191,1,21.154046453494434,11.556535916370958,감소형,,0.0,,0,시동,0
2026-09-27T22:54:51+09:00,SEI,KRW-SEI,SEIUSDT,99.7,1.9427402900000001,9231265470.938505,1790517289517,False,False,,9321732754.902367,20394772206.696033,5879647499.848794,6985581769.358609,17085140590.674398,0.4570648134938151,0.840805683215848,0.550605968684984,1,20.59186189889026,21.641791044776106,감소형,10861492.939697,0.852,14069172.026541,22171877.136968,7059718.354956,8530981.551834,13498826.372126,0.6345503332725465,1.1177075132005518,0.9114523199522732,1,21.629403794037927,21.03488960053934,감소형,,0.0,,0,시동,0
2026-09-27T22:54:51+09:00,DEEP,KRW-DEEP,,33.0,8.196721310000001,5784215022.379887,1790517286624,False,False,,1404081062.7881067,6620882322.359408,1232392328.725216,830992587.3002938,961198650.655592,0.21206857249922398,0.4850430177627404,0.5428646298708902,1,22.489959839357443,11.721611721611724,감소형,,,,,,,,,,,,,,NO_DATA,,0.0,,0,시동,0
2026-09-27T22:54:51+09:00,ARK,KRW-ARK,ARKUSDT,342.0,-3.66197183,29737930613.071537,1790517292127,False,False,,55885811049.05972,52682106069.79903,12628264103.34839,3392887772.0143294,2253887005.923058,1.0608120141403625,2.440312703671224,3.832762570157341,5,62.10045662100456,70.67307692307692,연속 가속형,2946502.5764,-7.675,8592370.0907,13545476.7111,4416067.3941,744307.8361,471127.8359,0.6343350089450068,1.3780238586828337,2.188564347746641,1,64.71329552614998,69.85055230669266,감소형,,0.0,,66.5,이미 발동,66.5
2026-09-27T22:54:51+09:00,EDGE,KRW-EDGE,,188.0,-2.5906735800000003,44584455009.24063,1790517294059,False,True,"거래량급등,입금량급등",50292055955.15759,14228712507.995514,993838171.4625647,2265532510.5811124,957011196.6579014,3.534547200029312,8.627370205524203,12.227466558424844,3,67.82608695652175,69.29824561403508,가속형,,,,,,,,,,,,,,NO_DATA,,0.0,,53.0,이미 발동,53.0
2026-09-27T22:54:51+09:00,KMNO,KRW-KMNO,KMNOUSDT,61.8,-9.25110132,12476515727.307539,1790517291459,False,True,거래량급등,15492312873.99916,3889318693.153313,1784476065.7613142,2653405455.862969,638680850.8813342,3.9832973577792816,5.581340357293041,4.824052688053351,3,40.123456790123434,47.7223427331887,가속형,4010326.37836,-5.653,4322522.20685,3491120.48963,2152592.6384,3565962.78858,1529136.49899,1.238147528763212,1.408037235833945,1.3628159420268102,3,41.75637393767706,46.3157894736842,고수준 유지형,,0.0,,53.0,이미 발동,53.0
2026-09-27T22:54:51+09:00,SOON,KRW-SOON,,395.0,26.6025641,69629383077.5337,1790517294700,False,True,거래량급등,2942006336.9793057,307195966.51245296,252653347.67808473,677391423.3565129,458426645.3198881,9.576969288950753,7.133631105969203,7.393538843123405,3,18.181818181818187,18.181818181818187,가속형,,,,,,,,,,,,,,NO_DATA,,0.0,,47.6,이미 발동,47.6
2026-09-27T22:54:51+09:00,WLD,KRW-WLD,WLDUSDT,782.0,9.83146067,124487763219.58838,1790517291458,False,False,,77697669029.96974,52565565893.37676,39959977333.64724,42745220250.78275,27636946755.2671,1.4781096276518848,1.7231588045864152,1.9941637310938631,3,27.370304114490153,15.024232633279478,가속형,108832267.5324,16.313,77863222.94531,54755881.21814,42902740.43698,82422997.68308,37818804.81975,1.4220065719536772,1.2971322097967137,1.4811755866089573,3,28.666338582677177,14.120471409864699,중립,,0.0,,37.6,이미 발동,37.6
2026-09-27T22:54:51+09:00,PYTH,KRW-PYTH,PYTHUSDT,114.0,2.7027026999999997,4509830143.9761,1790517232459,False,False,,3468921211.4411983,3047857447.5176573,2924728495.8141713,3915445426.674636,8515974475.599065,1.1381507407003166,1.0524606208158491,0.8443698531302827,3,29.220023282887063,28.621089223638485,중립,10697000.294353,7.213,5981839.472423,6176793.668346,5268351.977541,7792857.527181,9588491.966588,0.968437638297346,0.9328160649433515,0.9240198003051447,1,29.573414283431852,27.33553148060921,중립,,0.0,,25.0,이미 발동,25.0
2026-09-27T22:54:51+09:00,2Z,KRW-2Z,2ZUSDT,91.1,-7.60649087,19713418030.513668,1790517291128,False,True,"거래량급등,입금량급등",46377199389.2875,1816024776.7233481,4426320467.1560545,1010653498.5870003,793098232.2870246,25.53775696439882,19.182630951422226,25.784665467719627,2,39.06911142454159,40.056818181818166,일회성 폭증형,6350662.17338,-8.836,14791129.08431,2270920.13317,3842032.20728,932822.46393,727390.85412,6.513275772346479,6.297871914007999,8.79768169353634,2,40.99125364431484,39.23224568138195,일회성 폭증형,,0.0,,22.0,이미 발동,22.0
2026-09-27T22:54:51+09:00,SUPER,KRW-SUPER,SUPERUSDT,277.0,-0.71684588,2223805576.8142242,1790517228553,False,False,,665389665.6627365,255317218.9796544,946627186.7872822,14373498003.060947,210063870.47633114,2.606129223567016,0.12816130319719304,0.19960144896664636,2,15.767634854771796,36.09756097560977,중립,5226050.1358,8.144,2746411.684,1502376.7698,1732911.2682,11237284.1419,1034214.3197,1.8280445619281034,0.5692999799609173,0.809275454466135,2,16.57175398633257,34.40577806959948,중립,,0.0,,20.5,이미 발동,20.5
2026-09-27T22:54:51+09:00,ARX,KRW-ARX,,386.0,24.91909385,21525689887.524265,1790517293730,False,False,,2571272303.087813,1526690452.5326693,4827116787.914237,2371809956.193425,6381756453.322437,1.684213259356052,0.8840425537156877,0.6720427023670449,2,-2.215189873417722,14.022140221402225,중립,,,,,,,,,,,,,,NO_DATA,,0.0,,19.9,이미 발동,19.9
2026-09-27T22:54:51+09:00,AERO,KRW-AERO,AEROUSDT,1139.0,-3.2285471500000003,1204803959.2986166,1790517286934,False,False,,5832876685.539823,9569737373.453264,556927863.2984602,2030215695.5642734,736086441.6119194,0.6095127230680746,1.4394012867316794,2.022001928543911,1,29.198682766191,24.550264550264544,감소형,5396898.13596,-6.987,13183278.97201,11766517.7364,4299156.80788,6555083.76461,3809634.3019,1.1204061615636047,1.7483868743908042,2.082437193902344,3,30.56393244873341,23.894691658320234,가속형,,0.0,,8.2,이미 발동,8.2
2026-09-27T22:54:51+09:00,ZRO,KRW-ZRO,ZROUSDT,2200.0,1.33578996,2074834162.2559772,1790517278162,False,False,,2688053191.834902,7174899630.116448,9700905994.68138,14936086077.33316,10655614168.72199,0.3746468007094999,0.25349512852027317,0.2991421247493874,1,5.4907677356657025,35.857321652065075,감소형,12727975.44886,2.407,11748239.91274,15071918.83523,20107382.00397,33229836.65702,20490437.17884,0.7794787141023454,0.5152048546170821,0.5844284172630984,1,6.466666666666665,35.33898305084746,중립,,0.0,,3.0,이미 발동,3.0
2026-09-27T22:54:51+09:00,B3,KRW-B3,,1.13,0.8928571399999999,14324875198.475994,1790517290805,False,False,,4878575540.299883,33742862659.562485,4519018857.223932,43335091960.85083,2319675230.466297,0.14458096189172406,0.17936604750310703,0.286225270367764,1,9.80392156862746,36.91931540342301,감소형,,,,,,,,,,,,,,NO_DATA,,0.0,,1.9,이미 발동,1.9
2026-09-27T22:54:51+09:00,ONDO,KRW-ONDO,ONDOUSDT,752.0,2.73224044,51147847319.419586,1790517294057,False,False,,51648941979.017944,182249626730.641,212301739136.4852,51633687378.31411,54275421378.62401,0.28339669554085506,0.3472703193663901,0.46105354387241354,1,29.328621908127218,18.446601941747566,감소형,23617024.74175,0.638,23617885.69497,74727385.76855,119026781.55669,26871723.27862,32204576.70395,0.31605395334075637,0.32114842410825545,0.40741821946553525,1,30.34415899175955,17.449224721554923,감소형,,0.0,,0,이미 발동,0
2026-09-27T22:54:51+09:00,ENA,KRW-ENA,ENAUSDT,368.0,0.27247956,25608387340.353973,1790517294697,False,False,,42380982587.99021,58634115789.54371,29841860937.01719,26144984028.471283,28788262258.684547,0.7228041562033424,1.109246920689318,1.0816007689080627,1,29.681978798586584,27.430555555555557,감소형,43216819.612735,-3.003,77584468.569489,122704831.401416,48196978.041166,55802386.259145,59278590.446491,0.6322853605957824,1.0266832732760665,1.0619966897835205,1,30.810286268801555,26.75129290079925,감소형,,0.0,,0,이미 발동,0
2026-09-27T22:54:51+09:00,JTO,KRW-JTO,JTOUSDT,840.0,2.68948655,6778747908.786735,1790517279132,False,False,,4522920033.734624,8337085133.595275,2877686035.285347,4143641074.957268,2336085631.799267,0.5425061590781868,0.8834741434061932,1.04457615382493,1,31.30016051364366,18.20809248554913,감소형,5716454.82994,5.552,7103124.16441,7928266.00227,2800244.30626,3999833.99673,3011321.73135,0.8959240472476897,1.4468274268696781,1.6866955382031468,1,33.067729083665334,17.353113410111256,중립,,0.0,,0,이미 발동,0
2026-09-27T22:54:51+09:00,MANTRA,KRW-MANTRA,MANTRAUSDT,7.02,-3.17241379,2410422027.7255435,1790517255756,True,False,,4180910332.930153,38492457450.42491,2991482478.067636,774887559.6126161,1051139326.1602514,0.108616352653369,0.29680735941670255,0.4110649427858522,1,15.814696485623013,10.518292682926834,감소형,688668.83861,-2.454,835752.80688,2186291.42177,1886172.0057,714683.74528,740131.40908,0.38226962725919805,0.5237479296463103,0.6309507174328137,1,11.805555555555557,7.095343680709543,감소형,,0.0,,0,유의종목,0
2026-09-27T22:54:51+09:00,SAND,KRW-SAND,SANDUSDT,60.8,-0.49099835999999997,1703260734.4707453,1790517292125,True,False,,2235041380.468845,5942227861.32193,2029361352.03652,5944895723.500585,2091094524.5369477,0.3761285215965497,0.48181161922917926,0.5807298800337474,1,9.694793536804314,7.950530035335679,감소형,1705037.08277,-2.932,1801513.63781,4095841.40309,1953205.61442,3940830.16572,2824175.85675,0.43983969605143775,0.5410017374890853,0.6243130874487287,1,11.405901314158196,7.410949079607931,감소형,,0.0,,0,유의종목,0
2026-09-27T22:54:51+09:00,SOPH,KRW-SOPH,SOPHUSDT,5.28,-1.49253731,1556450048.015979,1790517217050,True,False,,1412164280.628409,1791869991.560728,4613225693.404075,3045125179.522937,11986649091.712015,0.7880952788312541,0.4482956433119165,0.27413041240225844,1,3.875968992248069,-12.274959083469717,중립,400694.63237,-3.562,607166.49403,566674.12096,957325.82572,1490555.78654,3631544.58008,1.0714561889669534,0.6042348005105097,0.3918416575533038,2,3.200000000000003,-13.99999999999999,중립,,0.0,,0,유의종목,0
2026-09-27T22:54:51+09:00,EGLD,KRW-EGLD,EGLDUSDT,6620.0,-3.2163742699999998,1475656599.5377936,1790517290160,True,False,,2725265739.736606,8669285212.33961,92211240860.45322,2595424439.9131804,1437908511.8842857,0.31435875888101383,0.07901156914916087,0.12501972244930742,1,14.957983193277302,12.223133716160795,감소형,495963.50393,-2.469,489103.46102,739418.72465,990387.58821,3029233.72257,1577674.35175,0.6614702126342751,0.3083206638599799,0.24430407773013585,1,13.816425120772946,7.87545787545787,감소형,,0.0,,0,유의종목,0
2026-09-27T22:54:51+09:00,RVN,KRW-RVN,RVNUSDT,3.34,-0.89020772,786809747.4591037,1790516947209,True,False,,729312151.3701749,1294438833.3449526,1992025259.1813576,1917711221.0750299,6400571778.533943,0.5634195549322042,0.4204194367534577,0.2837809889915332,1,4.658385093167694,4.334365325077405,감소형,467978.0098484,-0.817,441414.0288915,813387.625776,773755.9670804,1231175.8493321,1134739.231898,0.5426859407534946,0.46986940758077833,0.4380360251192457,1,7.655081390233187,6.391304347826088,감소형,,0.0,,0,유의종목,0
2026-09-27T22:54:51+09:00,ICX,KRW-ICX,,19.8,1.02040816,522485038.94736433,1790517274256,True,False,,490681587.1460156,1806613109.393738,820791151.5531006,1115014111.2166288,1567171925.3032293,0.27160302590225205,0.39334051275166954,0.32306370134312207,1,0.512820512820511,2.083333333333348,감소형,,,,,,,,,,,,,,NO_DATA,,0.0,,0,유의종목,0
2026-09-27T22:54:51+09:00,ZIL,KRW-ZIL,ZILUSDT,4.63,-2.1141649,512335689.5775331,1790517271976,True,False,,753082291.889733,6935308182.743683,2069883485.6802201,1375602171.1410267,2024294507.0279028,0.1085867090612555,0.2176371971725706,0.22865597635531196,1,5.816554809843422,6.0538116591928315,감소형,441413.7410189,-2.975,587220.3951316,852608.2694845,409336.4625708,1299022.2905563,1369723.9567969,0.6887341070321102,0.6878890551266486,0.4736081783204127,1,4.39712389380531,3.794335991201536,감소형,,0.0,,0,유의종목,0
