scan_time_kst,coin,upbit_market,binance_symbol,upbit_price,upbit_price_24h_pct,upbit_24h_trade_krw,upbit_timestamp_ms,warning,caution_any,caution_types,upbit_D1_trade_krw,upbit_D2_trade_krw,upbit_D3_trade_krw,upbit_D4_trade_krw,upbit_D5_trade_krw,upbit_d1_vs_prev_x,upbit_d1_vs_3davg_x,upbit_d1_vs_5davg_x,upbit_rise_streak,upbit_price_3d_pct,upbit_price_5d_pct,upbit_supply_pattern,binance_24h_quote_usdt,binance_price_24h_pct,binance_D1_quote_usdt,binance_D2_quote_usdt,binance_D3_quote_usdt,binance_D4_quote_usdt,binance_D5_quote_usdt,binance_d1_vs_prev_x,binance_d1_vs_3davg_x,binance_d1_vs_5davg_x,binance_rise_streak,binance_price_3d_pct,binance_price_5d_pct,binance_supply_pattern,overseas_lead,overseas_lead_score,overseas_lead_reason,raw_signal_score,state,score
2026-09-29T06:57:19+09:00,SUN,KRW-SUN,SUNUSDT,23.4,2.18340611,1146899860.6519063,1790632399527,False,False,,985362355.1879239,377744687.9281972,326224635.72143286,273408579.08883953,627441619.5556046,2.608540600775369,3.024507774609237,2.19791498322273,4,-2.9661016949152685,-1.7167381974249052,연속 가속형,1569771.32405,1.827,950915.03817,385648.88753,493542.55529,704271.45937,1058520.72397,2.465753354717061,1.8015863273869732,1.2088449898557596,2,-1.909722222222221,-2.3054755043227737,고수준 유지형,,0.0,,77.4,발사 전,77.4
2026-09-29T06:57:19+09:00,ESP,KRW-ESP,ESPUSDT,132.0,-7.04225352,1852300643.917066,1790632600452,False,False,,11375178549.93428,11264305851.511736,1257248227.1640294,1138982721.04665,721548807.202768,1.0098428345149795,2.4981108832045513,3.772302910473505,5,6.766917293233088,11.811023622047244,연속 가속형,1302734.41982,-7.726,3493980.78611,2611907.3122,622218.02973,571953.46213,840295.40247,1.33771239499576,2.7540003499530172,3.3732977443525995,4,7.0437017994858575,9.406200735680503,연속 가속형,,0.0,,77.0,발사 전,77.0
2026-09-29T06:57:19+09:00,FOLD,KRW-FOLD,,84.0,-10.25641026,7790299930.263651,1790632632763,False,True,거래량급등,25698031405.360714,14492592348.077728,1701281137.632876,1551151032.7012749,5249694619.795462,1.7731838989295283,4.344547066480008,5.014657342304209,4,14.42542787286063,14.846625766871169,연속 가속형,,,,,,,,,,,,,,NO_DATA,,0.0,,70.7,발사 전,70.7
2026-09-29T06:57:19+09:00,GEOD,KRW-GEOD,,354.0,-3.80434783,1147525815.1874986,1790632592806,False,False,,3393315658.6610503,1220507833.774974,637106243.2519096,1092495234.6777556,2025961421.1696436,2.7802489789563105,3.450701618273578,2.7170830069743044,3,4.545454545454541,7.917888563049846,가속형,,,,,,,,,,,,,,NO_DATA,,0.0,,69.3,발사 전,69.3
2026-09-29T06:57:19+09:00,AZTEC,KRW-AZTEC,,25.8,5.306122449999999,15403612661.224028,1790632634041,False,True,거래량급등,3835294598.569169,606107054.9573615,272637604.19872695,250071331.86229235,509177249.7179386,6.327751124492314,10.192878101706619,9.285143747702257,4,9.865470852017943,11.363636363636353,연속 가속형,,,,,,,,,,,,,,NO_DATA,,0.0,,68.8,발사 전,68.8
2026-09-29T06:57:19+09:00,FLUID,KRW-FLUID,,1892.0,-7.52688172,505161713.1042996,1790632423169,False,False,,522627513.5447782,274944161.92958355,273941140.80621785,124217697.37550235,333588349.1137448,1.900849648441087,2.3293352434546732,2.022139472082669,4,7.232704402515733,7.008368200836812,연속 가속형,,,,,,,,,,,,,,NO_DATA,,0.0,,68.7,발사 전,68.7
2026-09-29T06:57:19+09:00,XCN,KRW-XCN,,6.56,-3.95314788,1260917737.6267114,1790632366150,False,False,,4529084564.505775,1035243575.9021567,616167530.56629,3041938854.4936404,3471930526.9087267,4.374897531297339,2.8950011839159937,2.6062604757626944,3,-1.157742402315487,9.105431309904155,가속형,,,,,,,,,,,,,,NO_DATA,,0.0,,67.2,발사 전,67.2
2026-09-29T06:57:19+09:00,AHT,KRW-AHT,,1.65,-1.19760479,402537334.077039,1790632424781,False,False,,343667660.808783,239721415.9712518,163901230.7816942,136327190.98387405,301883883.05296075,1.433612676682991,1.9094421562339203,1.7452615281228636,4,1.8292682926829285,3.0864197530864113,연속 가속형,,,,,,,,,,,,,,NO_DATA,,0.0,,66.7,발사 전,66.7
2026-09-29T06:57:19+09:00,MMT,KRW-MMT,MMTUSDT,242.0,-2.0242915,5015645660.782269,1790632634992,False,True,거래량급등,5015776659.559391,591563442.2212769,533076983.26801175,820621231.7090731,1300878533.890594,8.47884825459383,7.735375815894042,6.092156654537069,3,5.555555555555558,6.926406926406936,가속형,1903650.71135,-2.456,2011355.28126,460386.72111,379828.81436,512169.90532,1246728.72979,4.368838606835986,4.461794442459528,3.089823839346397,3,6.896551724137945,5.783689994216323,가속형,,0.0,,64.5,발사 전,64.5
2026-09-29T06:57:19+09:00,PIEVERSE,KRW-PIEVERSE,,1956.0,-6.99001427,919816548.1961879,1790632579086,False,False,,2377992513.77992,816502260.2305021,771434779.5047857,1021020419.8879246,1307374121.4384334,2.91241387759123,2.734416966066612,1.8965313761255735,3,-4.53926463912846,-12.702366127023657,가속형,,,,,,,,,,,,,,NO_DATA,,0.0,,64.4,발사 전,64.4
2026-09-29T06:57:19+09:00,COW,KRW-COW,COWUSDT,210.0,-2.77777778,2609208385.911094,1790632459022,False,True,"거래량급등,입금량급등",19336877656.45499,336694762.9016514,307617798.7079198,396618244.6530735,416311128.8220103,57.43147737080572,55.72957647170247,57.21834336468432,3,10.20408163265305,2.857142857142847,가속형,1605601.90942,-4.413,4700499.39913,425902.24064,409844.50155,612222.78088,515618.36643,11.036568842809082,9.738808706064377,9.252980954146548,3,11.265646731571621,2.2364217252396124,가속형,,0.0,,63.8,발사 전,63.8
2026-09-29T06:57:19+09:00,ARX,KRW-ARX,,347.0,1.75953079,23243663060.31761,1790632630222,False,True,"거래량급등,입금량급등",41713138805.01888,2571272303.087813,1526690452.5326693,4827116787.914237,2371809956.193425,16.22276207577316,14.021098165529176,11.797605686486687,3,-1.1594202898550732,14.046822742474907,가속형,,,,,,,,,,,,,,NO_DATA,,0.0,,63.5,발사 전,63.5
2026-09-29T06:57:19+09:00,TRUST,KRW-TRUST,,83.7,-6.896551720000001,16494108345.54308,1790632638482,False,True,거래량급등,25986025236.140594,1005002350.3405551,525975307.1376437,665071344.8213401,721275844.0710351,25.85668105884028,35.49924233329489,26.185101224678068,3,9.234507897934407,5.640423031727404,가속형,,,,,,,,,,,,,,NO_DATA,,0.0,,63.5,발사 전,63.5
2026-09-29T06:57:19+09:00,T,KRW-T,TUSDT,7.24,-9.8381071,3699364816.9591312,1790632595459,False,False,,10410323084.293438,5415883989.6512375,2105069605.701688,3262242952.0365148,9992842013.607557,1.9221835445858255,2.8962626356320267,2.2546764030776942,3,5.38057742782152,11.682892906815013,가속형,542741.348665,-8.591,1527840.209048,813472.954541,412870.107776,902794.912274,1636364.876929,1.8781696435256166,2.1527588544488188,1.65161931608115,3,5.913978494623673,10.467289719626184,가속형,,0.0,,63.0,발사 전,63.0
2026-09-29T06:57:19+09:00,IN,KRW-IN,,51.5,-7.706093190000001,6758734308.202542,1790632642589,False,True,"거래량급등,입금량급등",25811537238.671104,2474954558.2258844,911806275.5038447,1465270296.4348595,3770871642.2945056,10.4290954162704,15.9592157673124,5.39282351721284,3,12.273641851106621,10.05917159763312,가속형,,,,,,,,,,,,,,NO_DATA,,0.0,,61.5,발사 전,61.5
2026-09-29T06:57:19+09:00,MOCA,KRW-MOCA,,13.5,-7.53424658,417797313.96956885,1790632212571,False,False,,484934326.20286804,191501365.7372173,166581706.18616933,194407096.8372007,494665611.5166454,2.532276071954006,2.633174418057418,1.8362119136067188,3,4.285714285714293,3.546099290780136,가속형,,,,,,,,,,,,,,NO_DATA,,0.0,,61.0,발사 전,61.0
2026-09-29T06:57:19+09:00,MLK,KRW-MLK,,59.3,-3.10457516,443858201.6813716,1790632631513,False,False,,435520315.5903159,344391630.55574757,290523472.05161804,253517901.9892675,554763115.3993033,1.2646077225730288,1.4706353095967581,1.0945411479153389,4,1.830282861896837,2.5125628140703515,연속 가속형,,,,,,,,,,,,,,NO_DATA,,0.0,,60.0,발사 전,60.0
2026-09-29T06:57:19+09:00,ANIME,KRW-ANIME,ANIMEUSDT,4.37,-6.22317597,782291647.6569403,1790632457441,False,False,,1136106584.7464838,493091298.7290356,390908613.1037221,667551791.5967109,1163195125.3474052,2.30404914399189,2.1967168394748815,1.3710696177722874,3,0.6479481641468832,-2.1008403361344463,가속형,260133.988718,-7.225,392374.113016,156442.574613,165124.054083,201649.051487,311153.314687,2.5081031425533356,2.249784139948347,1.7263216598632283,2,1.7699115044247815,-2.5423728813559365,고수준 유지형,,0.0,,57.2,발사 전,57.2
2026-09-29T06:57:19+09:00,LAYER,KRW-LAYER,LAYERUSDT,108.0,-5.2631578900000004,2798035379.4891686,1790632638796,False,False,,1350579788.9927747,1026309590.0710856,670782290.8856579,672995809.8412343,1444919044.3070695,1.3159574869598842,1.709531416373103,1.4743425710133446,3,6.542056074766345,7.547169811320753,가속형,978132.713246,-6.478,666666.772354,423824.055424,334884.443716,311872.887143,464393.371591,1.5729800227763298,1.8681441156060932,1.7324244164109155,4,8.58974358974358,7.351077313054488,연속 가속형,EARLY,5.0,Binance 연속가속 우위,55.1,발사 전,55.1
2026-09-29T06:57:19+09:00,LPT,KRW-LPT,LPTUSDT,2272.0,-7.03764321,452964933.44685316,1790632634353,False,False,,1032380302.4272715,479214082.84828466,329803739.3906603,584352637.4498216,2199737303.010241,2.1543196232697417,2.2227691750933305,1.2451520765253965,3,9.058456046407848,4.533789563729673,가속형,1332518.35958,-6.8,1687486.65687,1307100.89314,1436612.11208,2013358.4461,2733593.65007,1.2910148449338241,1.06419674844389,0.9751119635060934,2,9.945088468578401,3.089244851258588,중립,,0.0,,52.8,관찰,52.8
2026-09-29T06:57:19+09:00,FCT2,KRW-FCT2,,12.6,-3.07692308,2269986691.001038,1790632469561,False,False,,288300257.7328749,205599583.94292477,138354121.38492206,203811181.51823166,225194179.05446297,1.4022414452594814,1.5789635187800217,1.3286463256516041,3,0.0,2.3622047244094446,가속형,,,,,,,,,,,,,,NO_DATA,,0.0,,51.8,관찰,51.8
2026-09-29T06:57:19+09:00,ERA,KRW-ERA,ERAUSDT,91.7,-5.17063082,1200586080.9102278,1790632623016,False,False,,1861528691.5905914,725638871.1664078,742092960.1718245,676731388.6100804,1492755003.0251193,2.5653651775825206,2.6041883221976536,2.1010227107985098,2,3.5331905781584627,4.2025862068965525,고수준 유지형,643979.59144,-4.533,1056425.17058,425282.69015,504428.99915,386374.36391,731751.98087,2.4840540070121166,2.4081066006360126,1.9986924539787752,2,4.2397660818713545,3.3333333333333215,고수준 유지형,,0.0,,49.2,관찰,49.2
2026-09-29T06:57:19+09:00,SLX,KRW-SLX,,88.4,-8.959835219999999,6942872736.93299,1790632623356,False,False,,6586882409.107595,4607809296.074293,3562415701.9781637,4986684453.448385,19107787809.89808,1.429504127855163,1.5019216557022543,0.9171801046778153,3,-0.6141248720573311,5.543478260869561,가속형,,,,,,,,,,,,,,NO_DATA,,0.0,,48.8,관찰,48.8
2026-09-29T06:57:19+09:00,ANKR,KRW-ANKR,ANKRUSDT,6.68,-4.84330484,485938446.9730075,1790632618369,False,False,,3181360754.9715753,1174035776.8162823,3396157630.458345,218008019.4884472,522172817.4039794,2.709764742943951,1.9932499521781244,2.680360197920453,2,4.6199701937406745,1.0071942446043147,고수준 유지형,376096.120537,-4.845,938096.641569,384982.544994,1037782.350401,280593.996057,394541.460236,2.436725128885052,1.6522002138421956,1.8304301971048074,2,5.284552845528445,-0.38461538461538325,고수준 유지형,,0.0,,47.5,관찰,47.5
2026-09-29T06:57:19+09:00,GAME2,KRW-GAME2,,1.49,4.1958042,12717059319.52493,1790632598460,False,False,,359450489.8094554,121854175.78458758,137201729.71968195,148620032.5038228,313459664.05012065,2.949841377983532,2.6451192451955823,2.16701892307341,2,2.877697841726623,1.4184397163120588,고수준 유지형,,,,,,,,,,,,,,NO_DATA,,0.0,,47.3,관찰,47.3
2026-09-29T06:57:19+09:00,BLEND,KRW-BLEND,,90.5,-3.4151547499999997,864913729.848776,1790632189254,False,False,,703250963.5124041,496851075.13511527,444289202.3914961,515476211.5431836,933411207.7961878,1.4154160043251587,1.4483928380383189,1.1878901874876129,3,-0.31914893617021045,1.1879049676025932,고수준 유지형,,,,,,,,,,,,,,NO_DATA,,0.0,,45.3,관찰,45.3
2026-09-29T06:57:19+09:00,MEGA,KRW-MEGA,MEGAUSDT,56.9,-4.3697479,1220712667.7848766,1790632638173,False,False,,904424928.8728448,680991238.7441318,581382344.569024,730792229.8956327,1384555697.1908326,1.328100682382881,1.3612890451148398,0.9824209809225888,3,-3.0944625407166138,-4.800000000000004,중립,2167468.139885,-4.869,1415751.092026,1387680.45736,1945548.435377,1934186.230112,3282502.051348,1.0202284571474063,0.8063259069243013,0.6050350940542016,2,-2.2924549298909302,-5.713058419243977,중립,,0.0,,43.9,관찰,43.9
2026-09-29T06:57:19+09:00,BTT,KRW-BTT,,0.000509,-0.97276265,5531050641.994936,1790632484830,False,False,,1454488743.0162747,975497707.2225146,652159722.7495574,1509297891.038131,10991623469.202335,1.4910222056365126,1.3909876879099585,0.1676204540946552,3,0.5870841487279899,0.7843137254901933,중립,,,,,,,,,,,,,,NO_DATA,,0.0,,43.7,관찰,43.7
2026-09-29T06:57:19+09:00,WCT,KRW-WCT,WCTUSDT,55.2,-7.07070707,882815807.3457595,1790632625694,False,False,,734146555.6611935,672667242.9781916,437472528.51433104,451220702.5853356,818351594.4625832,1.0913963231074046,1.4105901254381021,1.0403687999895386,3,2.4137931034482696,-1.655629139072845,고수준 유지형,556125.333448,-6.59,884896.550629,714658.11011,549165.873911,660777.316205,896342.574492,1.2382096251490058,1.379345244947755,1.2022431704137229,3,2.749706227967108,-3.1028368794326244,중립,,0.0,,43.6,관찰,43.6
2026-09-29T06:57:19+09:00,VVV,KRW-VVV,,37180.0,-6.41832368,1515630016.2248561,1790632595450,False,False,,3446086691.2242074,885237193.7668076,1912443219.3261023,2301540555.914533,3257964036.982668,3.89283992526413,2.027419509079434,1.4542830698125784,2,-6.075650118203313,-7.453994875378522,고수준 유지형,,,,,,,,,,,,,,NO_DATA,,0.0,,43.5,관찰,43.5
2026-09-29T06:57:19+09:00,RE,KRW-RE,REUSDT,624.0,-6.02409639,2684916421.269954,1790632597120,False,False,,3506531385.8571577,2867501867.24106,2027687767.8427677,2551831665.5209427,4504310120.534931,1.222852346119284,1.412590851152417,1.2484403094330092,3,3.4267912772585563,4.731861198738163,고수준 유지형,1471843.05596,-6.753,1743439.12579,2337986.11263,1443077.61719,1512523.62555,3410339.7021,0.7457012325145105,0.9880478069497017,0.8305165378484426,1,4.104636324968092,3.7955894826123826,감소형,,0.0,,43.3,관찰,43.3
2026-09-29T06:57:19+09:00,PRL,KRW-PRL,,155.0,-6.626506020000001,1991120791.0252795,1790632563671,False,False,,2036659418.3975313,1606130806.212406,1197459194.4558792,1726664075.631089,2575765115.471831,1.2680532684634835,1.3487054262933633,1.1564997465851372,3,2.4691358024691468,2.4691358024691468,중립,,,,,,,,,,,,,,NO_DATA,,0.0,,43.2,관찰,43.2
2026-09-29T06:57:19+09:00,POKT,KRW-POKT,,11.9,-7.03125,1018291832.8930454,1790632623021,False,False,,640579899.9761405,530477166.2463315,389865355.95711,437220023.1756466,930469888.0438541,1.207554143204501,1.4155809663942898,1.137235981684282,3,4.065040650406493,4.918032786885251,고수준 유지형,,,,,,,,,,,,,,NO_DATA,,0.0,,42.5,관찰,42.5
2026-09-29T06:57:19+09:00,VANA,KRW-VANA,VANAUSDT,1466.0,-6.80228862,752928025.3455275,1790632558335,False,False,,570330580.8217007,520481662.09814745,410509430.81426674,515170172.2216138,784802475.1400633,1.0957745917936936,1.1831265182631827,0.9589989001770495,3,0.4469987228607808,0.7042253521126751,중립,334289.70243,-7.093,287243.71728,409379.6077,296423.7553,328720.89863,831286.70857,0.7016561447547647,0.8329733615741919,0.6039396448512,1,1.5761821366024442,-0.3436426116838476,감소형,,0.0,,42.2,관찰,42.2
2026-09-29T06:57:19+09:00,MVL,KRW-MVL,,1.54,-1.9108280299999998,290974691.3211041,1790631773407,False,False,,203450499.01969174,103655202.53699721,177544188.166818,64364446.52457794,203273432.17325035,1.9627620615287014,1.7662481756031556,1.531798481405514,2,0.0,0.0,고수준 유지형,,,,,,,,,,,,,,NO_DATA,,0.0,,41.8,관찰,41.8
2026-09-29T06:57:19+09:00,IOST,KRW-IOST,IOSTUSDT,1.23,-7.51879699,2069835367.7289097,1790632635303,False,False,,2882587196.5004644,1967976181.589408,1804204618.5581985,2517950308.568976,5258975556.2138605,1.4647469941289553,1.374814203398354,0.9491480722629493,3,4.7244094488189115,5.555555555555558,중립,919861.290544,-8.155,939052.572782,1138678.630271,994238.752473,871373.421503,2227265.337177,0.8246862177070188,0.9377113941045718,0.6943160399243623,1,5.717367853290178,4.8128342245989275,중립,,0.0,,41.1,관찰,41.1
2026-09-29T06:57:19+09:00,META,KRW-META,,11.8,-2.47933884,155672722.78097236,1790632440125,False,False,,213348513.98260647,132784484.93596867,155690118.2106462,71827156.00219592,220086717.60263973,1.6067277294142264,1.776415256644555,1.318646534487227,2,-0.8196721311475419,0.0,고수준 유지형,,,,,,,,,,,,,,NO_DATA,,0.0,,40.8,관찰,40.8
2026-09-29T06:57:19+09:00,KNC,KRW-KNC,KNCUSDT,189.0,-5.02512563,297302491.45139956,1790632630868,False,False,,282367681.0104984,146886638.6811493,228116197.21627834,114895018.94992566,327602306.9582442,1.9223510289689545,1.7291421765776929,1.4028082470436665,2,0.5050505050504972,-1.4851485148514865,고수준 유지형,272056.78151,-5.798,182999.15179,112069.98673,385954.07387,225229.87089,312880.22219,1.632900628701627,0.7590659814859101,0.7732422279244898,2,1.031636863823926,-2.5862068965517127,중립,,0.0,,40.7,관찰,40.7
2026-09-29T06:57:19+09:00,USD1,KRW-USD1,USD1USDT,1361.0,0.36873155999999996,123092730.67345414,1790632440770,False,False,,61175275.92302112,60038114.28148366,53084316.22571936,81052858.60441387,166234390.80315208,1.0189406621967836,0.9451554243010195,0.5605409397939738,3,-0.659340659340657,1.2696041822255477,중립,150380837.52017,0.012,90350200.34471,92903616.62693,154258017.216,184997218.5303,218678681.25364,0.9725154264717846,0.6272013162420186,0.5099768519296018,1,0.042029420594413835,0.02000960461021606,중립,,0.0,,40.4,관찰,40.4
2026-09-29T06:57:19+09:00,BREV,KRW-BREV,BREVUSDT,114.0,-7.3170731700000005,608830901.359049,1790632551347,False,False,,312734147.50547904,291500795.6545754,238577412.48295832,424146050.858519,899154086.7775248,1.072841488487959,0.9832095900637946,0.27107000807505494,3,1.6528925619834656,1.6528925619834656,중립,331294.08425,-6.881,228717.56897,163942.35967,258923.4015,198807.07642,387067.17133,1.3951096557984537,1.1037199398480477,0.6185772717205863,2,2.8441410693970326,0.22172949002217113,중립,,0.0,,40.1,관찰,40.1
2026-09-29T06:57:19+09:00,ALT,KRW-ALT,ALTUSDT,10.1,-6.481481479999999,417794723.18365467,1790632641015,False,False,,193897019.53793445,184067916.77096668,151369530.6561429,203614084.65303737,690332237.8898102,1.0533993263975383,1.0791010209526994,0.5917284274488755,3,1.8867924528301883,3.8461538461538547,중립,794217.67184,-7.125,611606.01679,1399402.72688,732118.38666,697349.20714,1085963.3964,0.43704789553582585,0.648604510767729,0.6920706697247895,1,2.423469387755106,3.7467700258398073,감소형,,0.0,,40.1,관찰,40.1
2026-09-29T06:57:19+09:00,TREE,KRW-TREE,TREEUSDT,61.7,-8.86262925,2605396139.8780494,1790632528717,False,False,,1899662970.9883165,1822910803.6530046,1736925099.6178071,2060314882.9458199,4143205677.2998075,1.0421041814999972,1.0140277600632472,0.5437677378143455,3,2.26586102719033,4.475308641975317,중립,734292.87175,-7.927,479485.17256,497174.69671,398941.86128,635977.87179,1071141.08412,0.9644199025673299,0.9388817619332732,0.5797641508332549,1,2.8865979381443196,3.7422037422037535,중립,,0.0,,39.3,관찰,39.3
2026-09-29T06:57:19+09:00,DRV,KRW-DRV,,515.0,-11.965811969999999,5951265829.879288,1790632633724,False,False,,19978974108.44091,7341146050.198865,7846768030.728816,20079111650.90578,61977989364.305725,2.7215061479262763,1.6995173559878967,0.7886272827777948,2,-5.797101449275366,0.0,고수준 유지형,,,,,,,,,,,,,,NO_DATA,,0.0,,38.6,관찰,38.6
2026-09-29T06:57:19+09:00,ARB,KRW-ARB,ARBUSDT,272.0,-10.81967213,16780820158.1914,1790632638164,False,False,,16999696218.708061,9514963647.431482,11271835402.889294,11907827161.115238,21374001390.475693,1.786627553043468,1.5598614991440272,1.2617156091961226,2,3.0405405405405483,-3.1746031746031744,고수준 유지형,33798380.96246,-10.908,36445864.16164,22155430.97217,34270904.16426,30392679.07667,57518353.49166,1.6450081340065368,1.2593738074075276,1.0122381869026087,2,4.432132963988922,-3.8674033149171283,중립,,0.0,,37.7,관찰,37.7
2026-09-29T06:57:19+09:00,SAFE,KRW-SAFE,,147.0,-8.695652169999999,634614187.9442519,1790632583803,False,False,,387007161.44240797,293923422.0594258,228781778.53233784,642112008.6655991,394477936.05983543,1.3166938474340517,0.9967413557251967,0.9387852556271423,3,5.228758169934644,6.62251655629138,중립,,,,,,,,,,,,,,NO_DATA,,0.0,,37.7,관찰,37.7
2026-09-29T06:57:19+09:00,MOVE,KRW-MOVE,MOVEUSDT,12.0,-8.39694656,1912366802.582768,1790632600444,False,False,,1685799758.8939643,1606827041.1127176,1743283169.4483628,1784735854.5757542,2767534829.512264,1.0491482379625368,0.9849174079470914,0.871636406214166,2,2.34375,0.0,중립,801368.3454936,-8.266,1741353.5408115,679238.6481968,517529.7727365,402751.1714395,1191114.5643139,2.563684421424393,3.2660185266533004,2.868519323217428,4,3.3419023136246784,-0.5360824742268067,연속 가속형,EARLY,5.0,Binance 연속가속 우위,37.2,관찰,37.2
2026-09-29T06:57:19+09:00,SKY,KRW-SKY,SKYUSDT,105.0,-5.40540541,1541559702.0765212,1790632619027,False,False,,678908052.5319871,569418022.7821141,468139735.9796117,542916176.2963797,1103636241.5894055,1.1922840959878942,1.2886793716854825,1.1500928831650263,3,11.00000000000001,19.226638023630514,중립,7451642.76131,-2.136,4456765.84562,2948962.05844,2793431.14192,3487512.6418,7869211.11034,1.5112998259386314,1.4485843913799947,1.0948170666806447,3,12.218737215327957,18.761726078799246,고수준 유지형,,0.0,,36.0,관찰,36.0
2026-09-29T06:57:19+09:00,SONIC,KRW-SONIC,,35.2,-6.87830688,1526240117.8656366,1790632415854,False,True,거래량급등,8148590703.687558,781674966.1993244,817953896.4383346,1977507359.3659985,1212863885.2899134,10.424525609804032,6.8338946559239195,3.840238282717027,2,0.8000000000000007,3.2786885245901454,일회성 폭증형,,,,,,,,,,,,,,NO_DATA,,0.0,,36.0,관찰,36.0
2026-09-29T06:57:19+09:00,SKR,KRW-SKR,,24.9,-2.35294118,1139753355.7484174,1790632610034,False,False,,1137387348.1673708,797704642.9124533,843480404.2992849,868533605.7360632,2969525965.1889606,1.4258251575604746,1.3595795052542412,0.33409338137181943,2,-9.57446808510638,-10.526315789473683,중립,,,,,,,,,,,,,,NO_DATA,,0.0,,35.9,관찰,35.9
2026-09-29T06:57:19+09:00,ZKP,KRW-ZKP,ZKPUSDT,65.5,-7.61636107,923449509.0319343,1790632369630,False,False,,1282796947.367905,554386175.5434818,562272310.009124,1482892648.0525103,1157961395.1327899,2.3139050069391423,1.4804059025246716,1.233519417806462,2,3.958944281524923,3.654970760233911,고수준 유지형,397788.87951,-7.115,433158.51732,331786.96839,326629.25086,441485.97847,417582.73057,1.3055320388920233,1.1814464546517842,1.1121723564051182,3,4.609218436873763,2.1526418786692814,중립,,0.0,,35.8,관찰,35.8
2026-09-29T06:57:19+09:00,ELF,KRW-ELF,,102.0,-3.7735849100000003,310142838.6526613,1790632371230,False,True,"거래량급등,글로벌가격차이",1228603256.108883,207462018.09065077,248771073.66511115,371333818.55757296,510951601.3169092,5.922063553686455,4.453790651116198,3.7116295085061175,2,0.952380952380949,3.9215686274509887,일회성 폭증형,,,,,,,,,,,,,,NO_DATA,,0.0,,35.8,관찰,35.8
2026-09-29T06:57:19+09:00,DOOD,KRW-DOOD,,2.37,-6.692913390000001,3051633615.1000214,1790632569798,False,False,,670634296.0259807,394752858.1263822,609833974.1386179,507619830.13701385,1307836654.2663972,1.6988712867311873,1.3304417564740807,0.8216969705452752,2,-0.39215686274508554,-3.053435114503822,중립,,,,,,,,,,,,,,NO_DATA,,0.0,,35.6,관찰,35.6
2026-09-29T06:57:19+09:00,HOLO,KRW-HOLO,HOLOUSDT,85.4,-8.172043010000001,1210242970.8583274,1790632560652,False,False,,1130659569.3609943,711058587.2146423,825060671.44109,732718547.5869237,2367824615.3920426,1.5901074675013946,1.4950291725349563,0.9909770156826119,2,0.9771986970684043,4.494382022471921,고수준 유지형,644960.10964,-8.065,646485.88537,450589.92182,547524.64925,743002.48209,2534038.52106,1.4347544276151294,1.1139157201349712,0.6398927969571544,2,1.6320474777448135,3.474320241691853,중립,,0.0,,35.6,관찰,35.6
2026-09-29T06:57:19+09:00,TFUEL,KRW-TFUEL,TFUELUSDT,14.5,-3.97350993,437415396.9886383,1790632090506,False,True,거래량급등,1453063754.9459515,310399583.1067175,425114840.38362044,308316172.419269,493995973.9409945,4.68126838445649,4.176148200598777,3.8932856275240324,2,2.7210884353741527,2.7210884353741527,일회성 폭증형,265442.85081,-4.403,886631.35062,144985.08439,346250.56559,224736.05933,193784.61394,6.115328030813308,3.7150826174729823,3.784849014500707,2,3.249767873723308,1.8315018315018472,일회성 폭증형,,0.0,,35.4,관찰,35.4
2026-09-29T06:57:19+09:00,WAL,KRW-WAL,WALUSDT,46.0,-10.85271318,1024574500.4078044,1790632554034,False,False,,1592914804.3924878,867718883.0473788,1445988189.5251055,501219169.4550028,1127348761.8448186,1.8357498442332645,1.6976446280651074,1.4339124886125683,2,11.206896551724155,7.499999999999996,고수준 유지형,536472.517351,-10.738,435918.807438,538127.607544,853179.019316,400364.543347,849758.220575,0.8100658678849831,0.729908726590108,0.6706869336829857,1,11.511423550087873,6.638655462184873,중립,,0.0,,35.2,관찰,35.2
2026-09-29T06:57:19+09:00,PUNDIX,KRW-PUNDIX,PUNDIXUSDT,157.0,-5.9880239500000005,527255476.09010804,1790632415839,False,False,,717939962.2576756,562540462.0794573,588240691.707069,632654301.2978371,758526014.0917277,1.2762459070122294,1.207680311969094,1.16266549672474,2,0.6024096385542244,3.0864197530864113,중립,231877.48682,-6.726,267168.10405,256525.27618,219586.51083,307890.22815,396153.63803,1.0414884179387147,1.0223243010241858,0.8671699801129767,3,1.312551271534046,2.1505376344086002,중립,,0.0,,34.6,관찰,34.6
2026-09-29T06:57:19+09:00,GLM,KRW-GLM,GLMUSDT,169.0,-3.9772727299999997,481335629.1709232,1790632479741,False,False,,631626652.215151,437786224.91856146,510658644.7384,525595074.9860031,669380080.1540663,1.442774158398082,1.285501090748543,1.1605813664498945,2,2.3255813953488413,2.923976608187129,중립,118892.03013,-4.381,152633.20042,85849.98299,105343.31453,155335.40274,204053.13501,1.777906006548412,1.3213901212697206,1.1260484714381909,2,3.898170246618915,2.7537372147915073,중립,,0.0,,34.6,관찰,34.6
2026-09-29T06:57:19+09:00,AXL,KRW-AXL,AXLUSDT,69.8,-6.55957162,3627146676.257178,1790632425756,False,True,"거래량급등,입금량급등",5812403481.727314,358943771.528814,490369345.40625334,368343951.150007,827496735.4252514,16.193075191056007,14.320296660047516,9.8511092731279,2,5.657708628005653,2.609890109890123,일회성 폭증형,1722858.106836,-6.715,1823949.653141,426730.79741,469318.104278,661310.189648,1532346.119609,4.274239553862249,3.5135435301109044,2.0689945010017428,2,6.563706563706573,2.2222222222222143,일회성 폭증형,,0.0,,34.4,관찰,34.4
2026-09-29T06:57:19+09:00,YGG,KRW-YGG,YGGUSDT,35.2,-8.33333333,484902188.2335305,1790632490558,False,False,,278737695.7942525,177976937.57138267,250310838.7989945,196446736.3572445,505362448.49426496,1.566145027540194,1.3385095113951846,0.7929521498613047,2,3.2258064516129004,0.7874015748031482,중립,527622.835474,-7.733,360617.937555,385825.765874,406438.397931,451176.125515,756261.827465,0.9346652542452747,0.8700488651985318,0.6237562927783107,1,3.703703703703698,0.03537318712416582,중립,,0.0,,34.4,관찰,34.4
2026-09-29T06:57:19+09:00,NEWT,KRW-NEWT,NEWTUSDT,65.0,-6.2049062,614545705.2598761,1790632566752,False,False,,594594206.7364419,298333441.3888942,486064066.39847547,586878954.509249,3489891895.963446,1.9930524850593443,1.3008191048666,0.31273388728600643,2,1.9117647058823461,1.7621145374449476,중립,374586.811178,-7.087,327835.303644,316093.962223,436145.910972,483939.563382,905040.782759,1.037145098686563,0.7956012548270041,0.4375742171126039,2,2.6717557251908497,0.45204402515723885,중립,,0.0,,34.3,관찰,34.3
2026-09-29T06:57:19+09:00,WET,KRW-WET,,88.4,-6.94736842,477798062.60424,1790632196085,False,False,,467907455.23551524,332892155.23609227,446971916.58665293,381692459.15717155,1385467872.7863944,1.4055827026133074,1.208483899205777,0.15082870409673166,2,0.7423117709437932,0.31678986272438703,중립,,,,,,,,,,,,,,NO_DATA,,0.0,,34.3,관찰,34.3
2026-09-29T06:57:19+09:00,ZAMA,KRW-ZAMA,ZAMAUSDT,108.0,-3.57142857,1371715129.801459,1790632398167,False,False,,2998433097.140991,2571693775.362149,2705082600.4775496,2750667903.114675,4429447156.746226,1.1659370667951119,1.1205682629284683,0.6501185316349826,2,-7.438016528925617,-18.248175182481752,중립,9047289.06663,-4.916,9518791.19307,8136590.46947,11666643.15932,17720900.90555,29938185.05938,1.1698746826187547,0.7610135165962801,0.4950970916365886,2,-6.732829592872447,-18.68239921337267,중립,,0.0,,34.0,관찰,34.0
2026-09-29T06:57:19+09:00,MASK,KRW-MASK,MASKUSDT,621.0,-7.174887889999999,791405270.774462,1790632516620,False,False,,743216568.9113666,581026626.8983643,619798598.2168812,530394547.8678803,1013632685.6284941,1.2791437337025404,1.2879067935390502,1.0743533083991805,2,4.694835680751175,0.2998500749625155,중립,539529.7412,-6.16,462372.4748,360586.2425,564922.6117,479760.1577,781487.8333,1.2822798551445014,0.9870831937897371,0.857086118456196,2,5.567451820128477,-0.6048387096774244,중립,,0.0,,34.0,관찰,34.0
2026-09-29T06:57:19+09:00,BSB,KRW-BSB,,130.0,-9.72222222,794893891.62169,1790632566768,False,False,,405612041.3579212,373641532.7804729,394155605.7648663,336563707.6749792,589957087.1526254,1.0855646542811719,1.1018464917860793,0.9794458732150815,2,-5.263157894736848,-0.6896551724137945,중립,,,,,,,,,,,,,,NO_DATA,,0.0,,33.8,관찰,33.8
2026-09-29T06:57:19+09:00,MOC,KRW-MOC,,29.7,-4.19354839,494757512.9776122,1790632548777,False,False,,664498369.9833472,514560835.8465426,667347466.1016918,233955230.8774019,478193239.3238939,1.2913893240439318,1.4079712230257295,1.3843663448886787,2,6.529209621993126,9.540636042402827,고수준 유지형,,,,,,,,,,,,,,NO_DATA,,0.0,,33.8,관찰,33.8
2026-09-29T06:57:19+09:00,CARV,KRW-CARV,,56.7,-7.35294118,1007724834.5483794,1790632529664,False,False,,873398090.2665765,490234582.44185376,661764432.6106302,1030663475.7849114,8542750304.020968,1.7815921633194236,1.2004578269883917,0.09716008439588099,2,3.204047217537953,-0.8103727714748765,중립,,,,,,,,,,,,,,NO_DATA,,0.0,,33.5,관찰,33.5
2026-09-29T06:57:19+09:00,XRP,KRW-XRP,XRPUSDT,2024.0,-1.46056475,286732389267.8225,1790632639437,False,False,,162509635787.9956,161531810895.23608,393270807788.19995,277058018201.3417,534622788019.7696,1.006053450941584,0.5860704134165146,0.45044401211171237,2,-1.8633540372670843,-2.561669829222013,중립,297958911.7798,-2.28,173509013.61734,181135648.39195,538764479.31241,296261421.47513,499673407.45481,0.9578954510483374,0.5122483145247179,0.4351523360086739,1,-1.1793067500651566,-3.560755388821779,중립,,0.0,,33.0,관찰,33.0
2026-09-29T06:57:19+09:00,BTC,KRW-BTC,BTCUSDT,113266000.0,-1.03451289,136143655358.9235,1790632643858,False,False,,72287952928.79047,62950265085.00601,128171834220.45271,103868241728.45888,157018825615.72302,1.1483343689049623,0.7351557953602171,0.5972202982191578,2,-0.5837285662167124,-1.037613488975353,중립,1779508805.0679832,-1.666,813976178.3611975,677578219.0470139,1520256978.6934962,1572042147.6733966,1887736866.156798,1.2013021603705352,0.6477474759369088,0.5432555864823196,2,0.07316647837987134,-2.014370730702375,중립,,0.0,,33.0,관찰,33.0
2026-09-29T06:57:19+09:00,ETH,KRW-ETH,ETHUSDT,3640000.0,0.0,104203207013.50414,1790632641640,False,False,,52618705914.91758,33503538009.07183,83710519127.93227,73617700334.64021,123274417001.84668,1.5705417708622262,0.8272004609516243,0.6038750272901414,2,-0.7904061052057765,-1.4884979702300405,중립,792486346.092886,-0.361,413981188.407887,232408625.067851,632500185.266342,713406122.987247,898195135.1752,1.7812643067228096,0.7868794364189967,0.6256709934134701,2,0.022321013374004828,-2.359794162614437,중립,,0.0,,33.0,관찰,33.0
2026-09-29T06:57:19+09:00,DOGE,KRW-DOGE,DOGEUSDT,127.0,-3.05343511,43315869817.87645,1790632632764,False,False,,22124702805.776806,19016903217.669945,29534661002.031883,32631455221.62486,65440324309.2849,1.163423011230303,0.8175861020456489,0.5102732580632892,2,0.0,-2.9629629629629672,중립,109296100.25406,-4.101,68807221.60588,50746561.78344,104142521.4922,98207104.29953,192205481.17435,1.3558991818896724,0.8155858323876666,0.512887396851945,2,1.1587848418415314,-3.5244922341696516,중립,,0.0,,33.0,관찰,33.0
2026-09-29T06:57:19+09:00,BCH,KRW-BCH,BCHUSDT,418500.0,-7.000000000000001,9713190045.525307,1790632631184,False,False,,9227583177.172312,5935642055.974839,12308245510.592625,24775409951.055656,97141284273.5118,1.5546057343339619,0.643496084987825,0.19937428946100524,2,-2.6395499783643417,-2.828762686244868,중립,24625653.7661,-7.69,20430272.4248,10751602.9987,29865250.9969,40731044.2192,110125122.7108,1.9002071065375339,0.7534406987696344,0.3400079818762325,2,-1.9179699026261487,-3.680092726745887,중립,,0.0,,33.0,관찰,33.0
2026-09-29T06:57:19+09:00,G,KRW-G,GUSDT,6.74,-10.37234043,7265007630.5159,1790632612675,False,False,,4572135501.858091,3901990047.0562687,11576162194.883804,7022479748.427598,11382234353.84004,1.1717445320772646,0.6096009441621973,0.4281941008709204,2,-2.083333333333337,-9.506618531889298,중립,2182167.14071,-10.163,1439318.94913,1610028.53919,2535529.78983,3059278.32221,3823180.29423,0.8939710782108973,0.5993136356051659,0.47598869367917507,1,-1.245551601423478,-10.483870967741925,중립,,0.0,,33.0,관찰,33.0
2026-09-29T06:57:19+09:00,LA,KRW-LA,LAUSDT,91.2,-8.064516130000001,6836101455.994875,1790632626025,False,False,,3273346362.0892315,2722968081.139513,3471991488.9506016,4287843837.590035,7956574494.688955,1.2021243968160638,0.9367760420912897,0.709444502131644,2,-1.7821782178217838,-3.689320388349515,중립,1165985.67704,-8.505,943480.23966,1226975.31185,1088093.06814,1002037.29086,2375708.42475,0.7689480224646461,0.8532862681624208,0.718589655739233,1,-1.2145748987854255,-3.68421052631579,중립,,0.0,,33.0,관찰,33.0
2026-09-29T06:57:19+09:00,PEPE,KRW-PEPE,PEPEUSDT,0.00564,-4.56852792,4771342284.1952915,1790632602453,False,False,,4019480391.440557,3898243059.6748586,4655450252.4479,4828118137.286753,8877552221.897602,1.0311005060253504,0.9011067911029164,0.37494821352921204,2,-2.1523178807946963,-11.52694610778443,중립,41404455.56204105,-5.467,23148639.9622677,23566775.67035119,42050527.63656829,50701723.87102505,85551330.02034888,0.9822574070406443,0.5970297514658968,0.3553723183260914,1,-1.5801354401805856,-12.625250501002006,중립,,0.0,,33.0,관찰,33.0
2026-09-29T06:57:19+09:00,XAUT,KRW-XAUT,XAUTUSDT,5617000.0,-2.8200692,1887620266.86745,1790632358146,False,False,,438137192.50183,334279266.59118,1166787719.07099,682561611.69144,879604994.20958,1.3106920957729247,0.6019391663483689,0.5232540534104873,2,-0.6360667010486543,-1.0443417223078288,중립,81460778.374331,-3.574,7518921.844691,4543273.962046,29956065.870609,28922590.27496,25183829.199899,1.654956735495862,0.3556619216065869,0.32333383771914237,2,-0.021818796071682023,-2.290351130615831,중립,,0.0,,33.0,관찰,33.0
2026-09-29T06:57:19+09:00,GMT,KRW-GMT,GMTUSDT,11.4,-7.3170731700000005,1253322016.2068336,1790632641019,False,False,,817101758.9552699,554838614.0873101,791769948.2832922,561574738.2633239,1230701995.8781662,1.4726836564887855,1.2846277797586063,0.6989518816400511,2,3.3613445378151363,5.128205128205132,중립,582354.741412,-7.135,530674.933593,327583.309601,525726.124439,477933.709214,691769.889362,1.6199693880599957,1.1958933338710487,0.7859906743516492,2,4.152249134948094,3.5550458715596367,중립,,0.0,,33.0,관찰,33.0
2026-09-29T06:57:19+09:00,XEC,KRW-XEC,XECUSDT,0.0114,-5.0,1206283043.280682,1790632438099,False,False,,746570673.74713,726006029.491558,917789131.0954138,1804505048.3327699,9529571487.652,1.0283257210273777,0.6495119002249026,0.1389602194309454,2,-3.2258064516129004,-4.0000000000000036,중립,471587.98656732,-6.081,385314.01100303,601111.05504357,398455.12504319,886503.58374443,1496958.10026248,0.6410030355790104,0.6128840275033172,0.32436841642259856,1,-2.53025302530252,-4.112554112554112,감소형,,0.0,,33.0,관찰,33.0
2026-09-29T06:57:19+09:00,O,KRW-O,,718.0,-1.7783857699999999,635685887.2798733,1790632620327,False,False,,397370220.7605367,313539216.55735785,561088405.3306783,672369495.7150644,677265532.4885241,1.2673700761379656,0.770596563313998,0.6317016538895587,2,-3.1788079470198682,-2.6631158455392767,중립,,,,,,,,,,,,,,NO_DATA,,0.0,,33.0,관찰,33.0
2026-09-29T06:57:19+09:00,XTZ,KRW-XTZ,XTZUSDT,420.0,-3.6697247699999997,446899538.8350439,1790632116787,False,False,,439354285.68350655,437934536.6863368,620324737.3013345,255899620.7051851,640220524.2867305,1.0032419206028198,1.0029706927932605,0.8762315905070661,2,-3.964757709251099,-6.8376068376068355,중립,1143010.78143,-4.881,547586.59345,905842.30577,1765922.49347,869689.13619,1353309.95319,0.6045054309806506,0.463865917869277,0.44131285895833455,1,-3.1372549019607954,-7.570523891767412,감소형,,0.0,,33.0,관찰,33.0
2026-09-29T06:57:19+09:00,ENSO,KRW-ENSO,ENSOUSDT,1342.0,-3.93700787,3860963153.377111,1790632643858,False,False,,1380392368.329186,989498714.8799146,1338022387.9962344,1617665543.691993,2437033625.405841,1.3950421032095126,1.0496783741752511,0.7779064115812185,2,-0.3566333808844524,2.0452885317750136,중립,1211210.43238,-4.554,496106.43939,531882.46992,573191.98687,1118675.56938,1606226.12139,0.9327369624808636,0.6692835528520964,0.5203288246800196,1,0.291545189504383,1.17647058823529,중립,,0.0,,32.9,관찰,32.9
2026-09-29T06:57:19+09:00,CHZ,KRW-CHZ,CHZUSDT,21.3,-5.33333333,3462742503.780636,1790632619984,False,False,,2251736423.884769,2164912543.588663,2757985181.9071245,2736395827.3068814,3951817709.7122498,1.0401050289782987,0.8819624453723226,0.7060265467939763,2,0.44642857142858094,-2.1739130434782594,중립,2389766.86294,-6.13,1054489.51777,2165420.0321,2105177.91638,2088439.12614,3143906.64532,0.4869676562229675,0.4974760354733489,0.416245770197933,1,1.3431013431013605,-3.1505250875145774,감소형,,0.0,,32.8,관찰,32.8
2026-09-29T06:57:19+09:00,ZBT,KRW-ZBT,ZBTUSDT,114.0,-7.3170731700000005,2166466760.7538557,1790632634362,False,False,,1669878160.7951381,1524275724.480649,1607927902.5807061,1656790508.8743086,2931961391.667702,1.095522374315906,1.0460723776615448,0.7734743273493411,2,1.6528925619834656,0.0,중립,611086.14466,-7.103,554381.57508,499475.38229,673894.20054,666362.16756,1541447.88195,1.109927725643385,0.9040147972047741,0.49516841455511806,2,2.2753128555176305,-2.4945770065076034,중립,,0.0,,32.8,관찰,32.8
2026-09-29T06:57:19+09:00,BIRB,KRW-BIRB,,87.5,-8.08823529,4292696358.00014,1790632556975,False,False,,945575304.2637004,688635563.5130193,1149334179.1552646,3021273209.924191,3137085347.9467816,1.3731142484711703,0.5837793953639769,0.5328797288376395,2,0.9544008483563182,0.634249471458781,중립,,,,,,,,,,,,,,NO_DATA,,0.0,,32.5,관찰,32.5
2026-09-29T06:57:19+09:00,USDT,KRW-USDT,,1361.0,0.5169867100000001,101995397546.74486,1790632641326,False,False,,46114573562.700485,43538457052.93687,75080233054.15648,92011396310.42532,168976915408.14075,1.0591687598536488,0.6568089252637511,0.47192631727492085,2,-0.7331378299120228,0.8941877794336861,중립,,,,,,,,,,,,,,NO_DATA,,0.0,,32.4,관찰,32.4
2026-09-29T06:57:19+09:00,KERNEL,KRW-KERNEL,KERNELUSDT,68.8,-9.94764398,1031252989.2962081,1790632634358,False,False,,1384304288.8559883,1270990714.9728947,1592835717.4658628,11526621996.95025,18185337659.53942,1.08915373853499,0.28858814837810376,0.05543904192971327,2,1.7310252996005415,-6.829268292682922,중립,632922.91411,-10.935,520187.0384,399044.15988,767642.33837,1742754.25646,2264628.29558,1.303582637461553,0.5363783787910642,0.16918310323710758,2,2.3636363636363678,-7.5533661740558316,중립,,0.0,,32.4,관찰,32.4
2026-09-29T06:57:19+09:00,ENS,KRW-ENS,ENSUSDT,9010.0,-5.057955740000001,5070692970.981218,1790632577117,False,False,,3274452696.9403462,2963833783.013102,5395225413.297055,9044053917.629648,22570380049.842197,1.1048030816395722,0.5644598197176905,0.3468201843397667,2,-1.7598343685300222,3.0961434003259125,중립,1555166.1298,-6.232,1150658.9331,952863.6632,1868628.2179,2609304.2228,4358131.4592,1.207579822317649,0.6356299763898414,0.46509286924856125,2,-0.9887005649717562,2.186588921282784,중립,,0.0,,32.3,관찰,32.3
2026-09-29T06:57:19+09:00,HYPER,KRW-HYPER,HYPERUSDT,98.4,-6.28571429,782940154.528043,1790632244143,False,False,,414976004.8280189,391849242.9942492,473711409.81540173,449491196.5298366,728547877.8815129,1.0590195393949227,0.9466759923643681,0.7908892515384708,2,1.9417475728155331,-0.9433962264150941,중립,782316.03963,-5.249,414802.20092,457223.40317,514442.03721,509024.91747,808074.36201,0.9072199674034895,0.8404232499811168,0.6984661370010717,1,1.8543046357615944,-1.913265306122447,중립,,0.0,,32.3,관찰,32.3
2026-09-29T06:57:19+09:00,TRX,KRW-TRX,TRXUSDT,456.0,1.10864745,3845246257.163404,1790632615023,False,False,,2841601413.3366075,2250078551.362814,4598805638.133217,3754011560.0374436,4032496318.0960135,1.262889871829374,0.8040071732653707,0.7324334659478883,2,-3.010752688172047,-1.9565217391304346,중립,27837996.80411,0.629,18884655.34943,13548453.23128,26937054.14437,35810580.52973,39796512.82649,1.3938606147179988,0.7425540103517556,0.5446606555188579,2,-2.0276226858654156,-2.543116047939209,중립,,0.0,,32.1,관찰,32.1
2026-09-29T06:57:19+09:00,SNT,KRW-SNT,,11.4,-5.0,754949591.2785434,1790632466053,False,False,,393098547.9477693,381811145.2782115,523397839.59426653,395290027.1079964,1773502668.758186,1.0295627899005753,0.9068024142881961,0.5256796942244888,2,-1.6393442622950727,4.347826086956519,중립,,,,,,,,,,,,,,NO_DATA,,0.0,,32.0,관찰,32.0
2026-09-29T06:57:19+09:00,ME,KRW-ME,MEUSDT,100.0,-7.407407409999999,1478167103.5074513,1790632584135,False,False,,1007617610.4761986,1000264784.6709626,1055329044.3443562,889174117.4091609,1506210799.7621992,1.0073508794050514,1.0265164815784302,0.8389145121459476,2,1.8867924528301883,2.857142857142847,중립,393626.683443,-6.814,365500.6937628,383397.3535293,841582.6503155,325404.7888718,633997.6836679,0.9533208573252911,0.7072451216237087,0.6390661736596747,1,3.579766536964968,2.17502558853635,중립,,0.0,,31.9,관찰,31.9
2026-09-29T06:57:19+09:00,IQ,KRW-IQ,IQUSDT,1.26,-3.8167938899999996,947190579.3652308,1790631757936,False,False,,745103716.3790227,640841967.8301753,727106329.7285781,678098441.7231289,1811662970.1155417,1.1626949447488075,1.0925024859997157,0.8327639797179524,2,0.0,8.264462809917372,중립,151797.630504,-3.531,131149.891013,113470.413058,625510.006986,163683.027893,311192.54973,1.155806941021385,0.43587637666974655,0.4967990148834255,2,0.0,6.174200661521501,중립,,0.0,,31.9,관찰,31.9
2026-09-29T06:57:19+09:00,PENGU,KRW-PENGU,PENGUUSDT,12.6,-9.35251799,9113228052.51335,1790632636565,False,False,,8093676872.226272,4925815426.15655,8224441236.762701,8292785129.560726,16686843180.274664,1.6431141185778246,1.1323501046010234,0.7631793002525454,2,4.5112781954887105,2.9629629629629672,중립,20247720.498375,-8.527,17856512.377635,9256111.232219,18798727.771286,20331306.149912,39844769.890271,1.9291592256885828,1.1071255410624905,0.702360709593138,2,5.388174807197954,1.929388363998008,중립,,0.0,,31.8,관찰,31.8
2026-09-29T06:57:19+09:00,AKT,KRW-AKT,,881.0,-7.6519916100000005,1819555043.0224235,1790632626676,False,False,,1558882023.970281,1255817342.83686,2063637006.7302861,1652359300.9812148,3581302871.8221903,1.2413286317967271,0.94063180976122,0.7161914269680183,2,3.1351351351351253,0.952380952380949,중립,,,,,,,,,,,,,,NO_DATA,,0.0,,31.7,관찰,31.7
2026-09-29T06:57:19+09:00,ORDER,KRW-ORDER,,54.4,-5.719237440000001,1228725492.254838,1790632635306,False,False,,377982601.58873856,265090775.66663578,376222869.586265,334430854.7156139,494325895.48740286,1.4258610117164907,1.1621359944153473,0.677922928291472,2,4.528985507246386,4.909090909090907,중립,,,,,,,,,,,,,,NO_DATA,,0.0,,31.6,관찰,31.6
2026-09-29T06:57:19+09:00,TIA,KRW-TIA,TIAUSDT,601.0,-13.275613280000002,1032554280.4834015,1790632641959,False,False,,657274427.7845945,576569801.7672564,853178412.7350194,743116126.490192,1489262923.3552291,1.1399737304485402,0.9074764798492401,0.6164460031505983,2,4.054054054054057,-0.8583690987124415,중립,6679382.078298,-11.971,3908474.913296,4994412.127718,8034127.33786,7443907.012376,13506488.705924,0.7825695624125084,0.5727417459615618,0.4177915046265379,1,4.42079410560785,-2.016516228154419,중립,,0.0,,31.6,관찰,31.6
2026-09-29T06:57:19+09:00,TRAC,KRW-TRAC,,508.0,0.39525691999999996,1695832250.9023519,1790632630858,False,False,,1435285095.374523,1057475282.7733263,3786212820.2565055,7731615583.871035,720401523.8286253,1.3572753129608435,0.342405670139703,0.5061720050448684,2,0.7968127490039834,3.901437371663241,중립,,,,,,,,,,,,,,NO_DATA,,0.0,,31.5,관찰,31.5
2026-09-29T06:57:19+09:00,PROS,KRW-PROS,,897.0,0.11160714000000001,20204365467.796024,1790632641638,False,True,"거래량급등,입금량급등",21214689552.952564,301890985.82830775,3316880068.8205247,638858680.2266619,941441105.4189333,70.27268301749771,14.948239424750925,18.90572290301529,2,6.161137440758302,15.167095115681239,일회성 폭증형,,,,,,,,,,,,,,NO_DATA,,0.0,,31.4,관찰,31.4
2026-09-29T06:57:19+09:00,SIGN,KRW-SIGN,SIGNUSDT,17.0,-10.05291005,1610076241.0447185,1790632576791,False,False,,1109105485.6723983,586277738.0114946,1541002300.8490715,489528796.0384107,999778247.71731,1.8917748598713688,1.2715168233317462,1.293148348396529,2,7.386363636363624,12.499999999999979,중립,871590.62698,-10.216,737698.21107,288424.60207,646766.98478,497346.44753,661806.26076,2.5576812996381015,1.5448767014188376,1.4541168204604722,2,8.584686774941996,11.87250996015936,고수준 유지형,,0.0,,31.3,관찰,31.3
2026-09-29T06:57:19+09:00,UNI,KRW-UNI,UNIUSDT,11840.0,-9.75609756,9433260209.3507,1790632633715,False,False,,9427454122.886324,9067287006.681377,13183105191.479092,14485210789.19492,27594345496.28572,1.039721596541452,0.7698897001471277,0.5198944246301558,2,5.044035228182553,-4.303428154631661,중립,113655650.5171,-10.076,65096632.36703,52524369.55824,98946730.09729,93147164.54675,195413330.16936,1.2393605656675164,0.7983455272154195,0.5031221553784738,2,5.769230769230771,-5.339331116761203,중립,,0.0,,31.2,관찰,31.2
2026-09-29T06:57:19+09:00,KAT,KRW-KAT,KATUSDT,6.57,-6.80851064,1086870924.2003512,1790632638803,False,False,,776008678.4990764,590267839.1414254,702462335.4967556,1499218082.5611184,2091643418.4949753,1.3146721319389865,0.8338356663645885,0.5917526949239482,2,3.372434017595305,3.0701754385964897,중립,844278.59296,-7.839,396609.88487,510257.38691,656576.01203,769216.82778,1149008.20212,0.7772741660278104,0.6145654891535406,0.4607764782539324,1,4.800000000000004,2.544031311154593,중립,,0.0,,31.1,관찰,31.1
2026-09-29T06:57:19+09:00,MEW,KRW-MEW,,0.634,-7.848837209999999,934641860.3391228,1790632585155,False,False,,360970585.49299365,302168948.6895216,718124770.5072286,696537551.3472297,3640111950.5194273,1.1945985418372378,0.6307619013345785,0.26894829365814615,2,2.2288261515601704,5.521472392638027,중립,,,,,,,,,,,,,,NO_DATA,,0.0,,31.0,관찰,31.0
2026-09-29T06:57:19+09:00,SOL,KRW-SOL,SOLUSDT,160500.0,-2.90381125,43798876324.83208,1790632643224,False,False,,34621983468.677864,24603800499.52651,58077017703.67109,37671346854.87487,51894789216.68141,1.4071803040893682,0.8630168834596044,0.7714230530284097,2,3.571428571428581,3.9622641509434064,중립,315461985.26424,-4.062,318882945.21313,221338928.92664,481769969.76669,299095253.78508,420981927.35118,1.4406997754959758,0.9545448731913917,0.8945150971610194,2,4.2293233082706605,2.884372100868693,중립,,0.0,,30.9,관찰,30.9
2026-09-29T06:57:19+09:00,TAIKO,KRW-TAIKO,,125.0,-8.75912409,2649633674.2007995,1790632513462,False,True,거래량급등,16866060178.749851,329731957.3937258,362138934.0388908,578621501.5962641,715931618.0725278,51.15082053939483,39.825646193459235,30.173708051512378,2,12.295081967213118,8.73015873015872,일회성 폭증형,,,,,,,,,,,,,,NO_DATA,,0.0,,30.8,관찰,30.8
2026-09-29T06:57:19+09:00,ID,KRW-ID,IDUSDT,50.8,-6.2730627299999995,1584962743.751934,1790632432480,False,False,,955521246.9697388,834450945.4440094,1189977621.8235424,985741626.155564,1802659484.8418655,1.1450897769206891,0.9522929125975458,0.7425431383398882,2,4.431599229287109,3.23809523809524,중립,516734.7197,-6.516,271982.9593,333821.0311,312879.7005,337655.8608,657724.8574,0.8147568126662585,0.8289159479397621,0.6124325238270629,1,5.54089709762533,2.0408163265306145,중립,,0.0,,30.7,관찰,30.7
2026-09-29T06:57:19+09:00,BLAST,KRW-BLAST,,0.579,-8.675078860000001,3100827206.4273977,1790632638156,False,False,,5237812604.019222,4104984173.507495,27362214893.855743,4219603536.204266,46160069348.195274,1.2759641408175721,0.44031509313436895,0.3007451232138671,2,1.6025641025640969,8.191126279863493,중립,,,,,,,,,,,,,,NO_DATA,,0.0,,30.6,관찰,30.6
2026-09-29T06:57:19+09:00,QKC,KRW-QKC,QKCUSDT,3.8,-5.70719603,964426182.8176877,1790632384049,False,False,,1092759978.830193,796124737.5694954,2624484363.3786063,900630463.9158627,959008773.4429519,1.372598949966435,0.7586434140671815,0.9391329357972206,2,2.5445292620865256,7.466666666666666,중립,137523.611746,-5.819,204419.918211,144058.958426,678699.223329,252677.580753,204767.657433,1.4190017784697933,0.5702430363695833,0.7266364986755097,2,4.069565217391302,5.612424991175424,중립,,0.0,,30.5,관찰,30.5
2026-09-29T06:57:19+09:00,A,KRW-A,AUSDT,128.0,-8.57142857,926511266.0362595,1790632508670,False,False,,515992381.3725983,421954743.427924,608212345.2589536,716662038.5041709,1066322565.2732933,1.222861905001282,0.8861640328879716,0.6148394579723659,2,2.941176470588225,6.870229007633588,중립,1237017.37693,-9.51,719008.46776,353520.72727,592476.24542,595297.70272,639575.2434,2.0338509521419383,1.3994892979865836,1.2799507581075764,2,4.2211055276381915,5.600814663951126,중립,,0.0,,30.5,관찰,30.5
2026-09-29T06:57:19+09:00,JST,KRW-JST,JSTUSDT,174.0,1.1627907,994966976.0405185,1790632624005,False,False,,642966590.6786553,423463884.27158016,650766518.5410441,320554317.893869,361308993.49174523,1.5183504770062077,1.3829372686696266,1.4233750364228883,2,10.967741935483865,13.907284768211925,중립,5279524.550701,2.951,2996951.766365,3086817.294195,5250594.680957,2693348.122049,2781502.885313,0.9708873187930497,0.8150712389598957,0.7841676411607355,1,11.214706658457207,12.301270095035077,중립,,0.0,,30.4,관찰,30.4
2026-09-29T06:57:19+09:00,MANA,KRW-MANA,MANAUSDT,121.0,-3.2,434344699.0337664,1790632511864,False,False,,230051015.77932343,216139077.0996889,875759419.9218636,326525213.0659894,539069589.413937,1.064365680034888,0.4865633889434742,0.50351746413095,2,4.166666666666674,5.932203389830515,중립,666450.9811,-3.05,373383.5429,420515.2525,1454653.434,515985.6943,770464.0662,0.8879191436700622,0.4684560050552802,0.48826036433879944,1,4.886363636363633,4.411764705882337,중립,,0.0,,30.2,관찰,30.2
2026-09-29T06:57:19+09:00,APT,KRW-APT,APTUSDT,1096.0,-6.4846416399999995,7271111656.315538,1790632634986,False,False,,6418606050.97403,6027131145.979233,7135695478.891968,6664399163.751749,8721493581.50685,1.0649521132879205,0.9711806562454774,0.9150012942800366,2,5.967450271247743,5.300988319856237,중립,13667053.543121,-5.861,9963255.46664,9326794.654447,13222754.047003,11241370.277064,18747176.794094,1.0682400369873626,0.8845502668609115,0.7070716618446158,2,6.819866567828026,4.294330518697231,중립,,0.0,,29.7,관찰,29.7
2026-09-29T06:57:19+09:00,ZK,KRW-ZK,ZKUSDT,16.5,-7.82122905,656263563.505178,1790632412855,False,False,,534990852.2840566,442941868.8835585,570491533.0336736,769030034.2945448,1286521602.2910051,1.207812785078342,0.9004238315615471,0.7110707374438244,2,9.146341463414643,7.831325301204806,중립,2202428.38506,-7.235,2083114.360618,2158381.224657,3089775.049175,1930251.303285,2813717.888538,0.9651280954545177,0.8705751261289997,0.82950888641048,1,9.362054681027331,6.2801932367149815,중립,,0.0,,28.1,관찰,28.1
2026-09-29T06:57:19+09:00,ASTR,KRW-ASTR,ASTRUSDT,10.1,-3.80952381,436305561.85330915,1790632452437,False,False,,289142569.1020807,253700353.68204862,322340237.87975264,300161724.2520527,730088853.947684,1.139701087939555,0.9899856364800158,0.6301942863546374,2,8.247422680412386,9.034267912772576,중립,627445.4444835,-2.377,352918.9245235,421552.236138,381421.9157769,322074.4432977,562632.4182095,0.837189069987445,0.9410764815633829,0.8032569686815567,1,7.821698906644237,6.818497430912385,중립,,0.0,,28.1,관찰,28.1
2026-09-29T06:57:19+09:00,ORCA,KRW-ORCA,ORCAUSDT,2337.0,-4.49530037,2110939234.2612286,1790632638803,False,True,거래량급등,11125809928.916687,766264200.6482804,1170744280.1362903,1695147149.2328582,3455183343.948443,14.519548113436526,9.189427212564098,6.806318093535054,2,13.81395348837209,19.133398247322297,일회성 폭증형,2018530.84485,-3.928,4562602.29677,453713.15118,948622.27348,1549149.97573,2516648.37815,10.05613852034872,4.637599389277458,3.444341223438459,2,15.019011406844097,18.705035971223015,일회성 폭증형,,0.0,,28.0,관찰,28.0
2026-09-29T06:57:19+09:00,RENDER,KRW-RENDER,RENDERUSDT,2585.0,-7.14798851,2199082603.316437,1790632629267,False,False,,2178690076.2046256,1927558030.264963,2111280360.4229527,2203188623.2684107,1977255095.0815663,1.130285076763755,1.0471070077076101,1.1244423449107053,2,9.735908553409534,12.212817412333731,중립,11166903.84861,-6.863,8690161.87486,8232516.04732,10297191.31111,7348053.68967,7979838.94389,1.05559003163911,1.0074474981093524,1.0260802439829533,2,10.78167115902966,10.961123110151183,중립,,0.0,,27.9,관찰,27.9
2026-09-29T06:57:19+09:00,CRO,KRW-CRO,,94.0,3.63836825,6117153365.370295,1790632621330,False,False,,1896859861.1642115,1553539679.0051122,3860025378.5829763,1525639968.9601104,2638770402.68334,1.2209922197667729,0.8200621773994947,0.7644442115526582,2,5.834305717619603,1.227678571428581,중립,,,,,,,,,,,,,,NO_DATA,,0.0,,27.8,관찰,27.8
2026-09-29T06:57:19+09:00,HP,KRW-HP,,13.5,3.05343511,10152646162.141817,1790632483245,False,False,,157915355.2603152,156035331.02008945,210304575.67215872,107713490.87238023,250708412.23709673,1.0120487086349932,0.9993516937432332,0.8826485353764575,2,3.9682539682539764,6.5040650406503975,중립,,,,,,,,,,,,,,NO_DATA,,0.0,,27.7,관찰,27.7
2026-09-29T06:57:19+09:00,OPEN,KRW-OPEN,OPENUSDT,174.0,-7.936507939999999,1857493704.940775,1790632604806,False,False,,1359552016.0778334,1503851136.4397848,1246557249.3883724,645051369.9364836,1730678986.496826,0.9040469386460918,1.2012087733653631,1.1825556430959328,1,0.5319148936170137,-3.076923076923077,중립,1512414.89374,-8.363,762584.16012,830978.09412,697840.877,548998.15831,1332178.15185,0.917694660684854,1.1010364906307182,0.9222587658542679,1,0.8727272727272473,-4.4107512060647895,중립,,0.0,,27.3,관찰,27.3
2026-09-29T06:57:19+09:00,VIRTUAL,KRW-VIRTUAL,VIRTUALUSDT,1101.0,-3.1662269100000002,13414314412.920393,1790632631185,False,False,,9524361457.04915,8324627812.860142,10386867643.913097,8054190802.801289,9972809115.196741,1.1441185925856796,1.067526686745287,1.0449806956247059,2,11.909448818897639,12.685827552031714,중립,17773808.05543,-2.74,8886474.3753,7069531.24163,10257922.45009,6870656.4331,9525582.8067,1.2570104115207323,1.1017150921449617,1.091430282545913,2,12.855609232420818,11.909514304723889,중립,,0.0,,26.8,관찰,26.8
2026-09-29T06:57:19+09:00,CTC,KRW-CTC,,152.0,-6.17283951,921164547.8070331,1790632637521,False,False,,855797958.4094466,966598404.0661058,533162724.42825633,507150679.77491117,1122192074.792623,0.8853707546064998,1.2792758828014554,1.1748782631624708,1,3.8461538461538547,3.8461538461538547,중립,,,,,,,,,,,,,,NO_DATA,,0.0,,25.9,관찰,25.9
2026-09-29T06:57:19+09:00,STX,KRW-STX,STXUSDT,420.0,-8.29694323,6128866013.472799,1790632641645,False,False,,8127510943.64809,9516321270.439722,5667517324.351759,4435230530.986427,6508480643.59532,0.8540601680708644,1.2427976411433073,1.2097415237644833,1,7.009345794392519,1.777777777777767,중립,2334081.95238,-8.962,2543947.18361,3073574.50456,2061839.04223,1879725.57724,2235634.5708,0.8276835911528297,1.0879102204384683,1.056553871498763,1,7.873764743385392,0.7442691277165903,중립,,0.0,,25.1,관찰,25.1
2026-09-29T06:57:19+09:00,CASHCAT,KRW-CASHCAT,,243.0,-5.078125,67637576829.45266,1790632621330,False,False,,,,,,,,,,,,,NO_DATA,,,,,,,,,,,,,,NO_DATA,,0.0,,25.0,관찰,25.0
2026-09-29T06:57:19+09:00,FLOCK,KRW-FLOCK,,86.8,-10.42311662,15777271478.947718,1790632616361,False,False,,8842480695.776299,11641525936.892641,11614627205.163279,28876594592.805668,17715554280.63883,0.7595637155910968,0.5088441189066614,0.43114523137332034,1,-0.7172131147540894,-16.465517241379303,중립,,,,,,,,,,,,,,NO_DATA,,0.0,,25.0,관찰,25.0
2026-09-29T06:57:19+09:00,KAVA,KRW-KAVA,KAVAUSDT,93.0,0.0,3032609052.2041306,1790632630224,False,False,,427000849.6386993,550013606.4540145,779215901.1626651,361282503.93662614,361954391.82756424,0.776345975132526,0.757760098811167,0.925198776476616,1,-3.526970954356856,-1.6913319238900604,중립,1961051.205831,-0.117,328051.907362,512856.563704,920190.918395,679596.629644,552807.01349,0.639656252018524,0.4658407521719499,0.4668795164965252,1,-3.0714791224345395,-2.796309439318667,감소형,,0.0,,25.0,관찰,25.0
2026-09-29T06:57:19+09:00,LIT,KRW-LIT,,5995.0,-5.2173913,2828884841.6854124,1790632636886,False,False,,1892470249.719269,2210687164.039057,4115182468.93631,4212133790.0804925,4763621412.950914,0.8560552033339776,0.5387558270038448,0.5699534783979309,1,-8.59826589595376,-6.985294117647056,중립,,,,,,,,,,,,,,NO_DATA,,0.0,,25.0,관찰,25.0
2026-09-29T06:57:19+09:00,CHIP,KRW-CHIP,CHIPUSDT,58.6,-7.42496051,2649686848.7121215,1790632628623,False,False,,2667956317.825542,3073121789.3010616,4268932407.2429996,5271834333.730741,4756169042.432073,0.8681583421502899,0.6345282768486822,0.620991411968646,1,-2.914110429447858,0.0,중립,2891607.52336,-7.712,2793611.35308,3399045.61955,5213498.55063,5072408.47591,3088065.91625,0.8218811000982819,0.6124123536250987,0.6608252070424618,1,-2.594142259414234,-0.8517887563884274,중립,,0.0,,25.0,관찰,25.0
2026-09-29T06:57:19+09:00,ZORA,KRW-ZORA,,10.6,-9.4017094,1923332745.8681016,1790632561317,False,False,,1224867180.991769,1317407655.3298965,1466478020.6642866,1878670248.1246493,3255992507.7118173,0.9297556273005306,0.7881088404681736,0.5743402426713077,1,-3.3057851239669422,-6.400000000000006,중립,,,,,,,,,,,,,,NO_DATA,,0.0,,25.0,관찰,25.0
2026-09-29T06:57:19+09:00,JPYC,KRW-JPYC,,8.57,0.0,1874568292.1091294,1790632616674,False,False,,1022664404.4608597,1250263158.2683022,1209124386.3152997,1668314310.229142,2957296186.876625,0.8179593213618468,0.7432690928986101,0.5126635368384008,1,-0.6952491309385911,0.1168224299065379,중립,,,,,,,,,,,,,,NO_DATA,,0.0,,25.0,관찰,25.0
2026-09-29T06:57:19+09:00,TOSHI,KRW-TOSHI,,0.164,-6.8181818199999995,1017540354.9768628,1790632440118,False,False,,372061558.5677266,401168339.80022264,375750547.4203052,551199581.3500766,1038933313.9414418,0.9274449692441061,0.840425535912079,0.35319608639864963,1,0.0,-2.7624309392265234,중립,,,,,,,,,,,,,,NO_DATA,,0.0,,25.0,관찰,25.0
2026-09-29T06:57:19+09:00,BOUNTY,KRW-BOUNTY,,20.0,-0.99009901,419785977.7691971,1790632549400,False,False,,199431661.9274251,214269109.43335652,160304521.96869004,93487629.62447628,314225027.1343003,0.9307532124197946,1.2782407680356453,1.0310207948012264,1,3.589743589743577,5.759162303664911,중립,,,,,,,,,,,,,,NO_DATA,,0.0,,24.9,관찰,24.9
2026-09-29T06:57:19+09:00,MINA,KRW-MINA,MINAUSDT,199.0,0.0,1554546858.5446613,1790632623359,False,False,,872124287.9060602,1109735214.3021643,1473691638.4910636,2347674969.4345565,3772633172.863013,0.7858850261451592,0.5305858524203318,0.2818672886329931,1,0.5050505050504972,-5.238095238095242,중립,2243655.35408,-0.747,1113391.81242,1391407.84778,2948998.69498,3009125.85164,6166012.91159,0.8001908385067856,0.45447455130683656,0.2510085464223159,1,1.172413793103444,-6.3218390804597675,중립,,0.0,,24.8,관찰,24.8
2026-09-29T06:57:19+09:00,SAHARA,KRW-SAHARA,SAHARAUSDT,12.6,-5.97014925,7063662338.129477,1790632632771,False,False,,3911595547.3575625,4091737000.1330953,3586700200.756401,5670755424.691838,6411877449.244839,0.9559743324730614,0.8790633989043707,0.7713069236079078,1,0.7518796992481258,0.7518796992481258,중립,2023966.41668,-7.739,1026390.15343,1653134.63841,1449471.35524,1594377.95334,2039412.28299,0.6208751117919781,0.6555633349062744,0.6028690416932591,1,2.471678681771383,0.4036326942482349,감소형,,0.0,,24.6,관찰,24.6
2026-09-29T06:57:19+09:00,FF,KRW-FF,FFUSDT,163.0,-7.90960452,2853763602.190086,1790632642271,False,False,,745571393.9605957,889832595.3579551,1198618355.500902,2408375112.317738,2702913518.870683,0.8378782681709619,0.4973984206766837,0.4308981299830683,1,-4.8387096774193505,2.3121387283236983,중립,1785935.188661,-8.776,721604.379432,578409.318016,1538592.615785,2515856.141719,4115501.310267,1.2475670030821304,0.46727378715416784,0.35861567481034234,2,-3.8453071108828007,1.7708737864077673,중립,,0.0,,24.5,관찰,24.5
2026-09-29T06:57:19+09:00,MIRA,KRW-MIRA,MIRAUSDT,69.5,-7.7025232400000005,2211078984.2289133,1790632643858,False,False,,1332521515.9384596,1415426338.547616,2323943089.0602827,2474564894.384905,3027705072.0470366,0.9414276671619479,0.6433226263217671,0.49767394178599705,1,-2.207792207792214,2.448979591836742,중립,976154.375435,-8.236,443105.520745,542084.995988,788155.845972,1427686.406082,892418.103759,0.8174096756494786,0.48199841499762286,0.4639989320840747,1,-1.5400955921401893,1.348396501457727,중립,,0.0,,24.5,관찰,24.5
2026-09-29T06:57:19+09:00,USDC,KRW-USDC,USDCUSDT,1360.0,0.29498525,1830915831.7444656,1790632525220,False,False,,1153356903.4482853,1200605612.706693,972971952.0326549,1303531410.828122,2462911451.9630013,0.9606459367186463,0.9950998759767565,0.7203816388478845,1,-0.7320644216691097,1.0432190760059523,중립,3401798904.89646,0.036,1131292993.26282,875062768.7218,2970483318.24134,2984297405.54443,3509948476.96585,1.292813537153791,0.49691899726715416,0.4196874053695635,2,-0.007998080460702717,0.01099945002747127,중립,,0.0,,24.5,관찰,24.5
2026-09-29T06:57:19+09:00,AUCTION,KRW-AUCTION,AUCTIONUSDT,4976.0,-5.12869399,566557401.1156269,1790632634989,False,False,,492022561.2306101,512985859.35526645,626187696.5127835,5813449819.581058,779707443.8509535,0.9591347446672241,0.21230370235558502,0.2881937404722608,1,0.7684918347742542,1.6472868217054293,중립,381829.53067,-5.236,312069.56161,381556.56009,374011.50177,1235923.616,678146.61102,0.8178854572344144,0.4701042415783645,0.46264923008078207,1,1.4952780692550016,0.7552083333333348,중립,,0.0,,24.4,관찰,24.4
2026-09-29T06:57:19+09:00,SHIB,KRW-SHIB,SHIBUSDT,0.00767,-4.48318804,10448857754.916243,1790632638795,False,False,,6164235630.590132,7257317016.724076,10127354094.763533,10556722104.474813,14052369404.44906,0.8493821637369567,0.6618391126325741,0.4994743457899804,1,1.9035532994923887,-2.073170731707319,중립,5560451.35311312,-5.059,4569829.53060953,4734969.35211526,6370535.16849092,5294558.73740545,11794271.88294115,0.9651233599997945,0.8359412019420923,0.5232763540535266,1,2.772963604852685,-2.9459901800327315,중립,,0.0,,24.3,관찰,24.3
2026-09-29T06:57:19+09:00,MBL,KRW-MBL,MBLUSDT,1.11,-3.47826087,1079471885.1147428,1790631946701,False,False,,312702944.4419855,319658586.47516066,320329527.38805723,222326450.02686757,609725695.8088008,0.9782404029565598,1.087896311403981,0.9098092077730803,1,1.7699115044247815,3.603603603603589,중립,344290.042214,-4.22,162693.17996,171838.523289,242830.114059,179429.759492,487160.9855,0.9467794348207983,0.8215466368468378,0.5422007969437711,1,3.649635036496357,4.029304029304037,중립,,0.0,,24.3,관찰,24.3
2026-09-29T06:57:19+09:00,AI,KRW-AI,AIUSDT,27.5,-4.18118467,648111311.2770008,1790632557616,False,False,,596083938.2082591,636133196.8618762,586004411.7189287,530954130.03510886,856018693.2078984,0.9370426526218328,1.0200560388451907,0.9731434585938309,1,2.499999999999991,-0.692041522491349,중립,522464.12991,-5.528,442940.7781,542451.00564,883235.46961,3041037.50173,1323182.19715,0.8165544417737878,0.29749372048693973,0.353478191245065,1,-2.4752475247524774,5.3475935828876775,중립,,0.0,,24.3,관찰,24.3
2026-09-29T06:57:19+09:00,BSV,KRW-BSV,,27120.0,-6.41821946,2003621688.3006117,1790632624365,False,False,,1100154631.3252623,1168562143.96585,2066862809.3949728,4438864970.851167,51279663413.94648,0.9414600986401739,0.43006765792923635,0.06818933915305003,1,0.1728309713100673,3.5739814152966343,중립,,,,,,,,,,,,,,NO_DATA,,0.0,,24.2,관찰,24.2
2026-09-29T06:57:19+09:00,DOS,KRW-DOS,,284.0,-7.491856680000001,2311993782.303626,1790632507411,False,False,,1600798639.8116198,1730808432.9591353,1291286134.9064682,2347559901.2211156,3909547061.2758193,0.9248849319937505,0.8943584633019523,0.7141226469278643,1,0.32679738562091387,3.716216216216206,중립,,,,,,,,,,,,,,NO_DATA,,0.0,,24.1,관찰,24.1
2026-09-29T06:57:19+09:00,DKA,KRW-DKA,,5.76,-2.7027026999999997,414577810.5193636,1790632612003,False,False,,267430080.20628577,339462835.9896932,275775194.9614227,254989420.3100747,765478487.005146,0.7878037058949378,0.9219316621834047,0.6577283345452432,1,0.8517887563884052,2.77777777777779,중립,,,,,,,,,,,,,,NO_DATA,,0.0,,24.1,관찰,24.1
2026-09-29T06:57:19+09:00,MORPHO,KRW-MORPHO,MORPHOUSDT,3413.0,-7.556879739999999,2077439359.7117746,1790632623361,False,False,,1439537297.7488236,1728046598.0643027,3531586622.0659103,8231004960.029654,2037787911.1594174,0.8330431015930606,0.32011916972153903,0.43303355940481014,1,-4.004160166406656,4.441301272984433,중립,6291841.00953,-7.556,4086786.04356,4444928.23317,7448499.70856,11006076.30725,7351263.86064,0.9194267779314442,0.5353984085147218,0.568197257846841,1,-3.336883209087693,3.4574468085106336,중립,,0.0,,24.0,관찰,24.0
2026-09-29T06:57:19+09:00,ADA,KRW-ADA,ADAUSDT,333.0,-3.47826087,28064078614.44236,1790632638485,False,False,,13020394514.746384,16961662977.053387,24403876608.524612,15449326377.489492,25099966365.799915,0.7676366717320728,0.687516953214866,0.6029498897012705,1,2.3738872403560762,1.1730205278592365,중립,57538125.77932,-4.727,28652083.37617,42377244.74393,57092332.74667,41843522.36475,60468039.9036,0.6761195436207317,0.608268095572852,0.5163401790051859,1,2.9874848607186033,0.3145890680298802,감소형,,0.0,,23.9,관찰,23.9
2026-09-29T06:57:19+09:00,CYBER,KRW-CYBER,CYBERUSDT,452.0,-7.56646217,287415939.9770098,1790632486724,False,False,,153565741.99416873,197573201.34109342,203995751.48431224,297731945.10968703,609465993.0511297,0.7772599773237994,0.6587968460255959,0.40054257434279605,1,2.3012552301255207,1.4522821576763434,중립,454366.71901,-7.735,367992.66023,505566.2667,736506.54664,918498.72857,1230898.98267,0.7278821481346275,0.5109657140601117,0.3703988865734557,1,3.1339031339031376,0.27700831024930483,감소형,,0.0,,23.9,관찰,23.9
2026-09-29T06:57:19+09:00,ORBS,KRW-ORBS,,9.85,-3.4313725500000003,282442041.9138809,1790632182095,False,False,,171460058.11936706,177096651.04039443,204319278.92087072,310613852.3240799,460617911.8109733,0.9681722218465797,0.7432919615965408,0.37029387847680195,1,2.0000000000000018,2.0000000000000018,중립,,,,,,,,,,,,,,NO_DATA,,0.0,,23.9,관찰,23.9
2026-09-29T06:57:19+09:00,CAP,KRW-CAP,,76.0,4.97237569,22413031190.91322,1790632642273,False,False,,8540514263.639539,5779228683.3535795,14867271133.308311,13743323410.678299,21094502848.513226,1.4777948289603997,0.745032698235834,0.7114149236857612,2,5.693430656934306,15.286624203821674,중립,,,,,,,,,,,,,,NO_DATA,,0.0,,23.7,관찰,23.7
2026-09-29T06:57:19+09:00,ZETA,KRW-ZETA,,70.4,-2.22222222,1547199924.9829664,1790632637212,False,False,,2499920976.7806897,3068877780.0882287,3497202941.3979015,4238094682.1487226,12969103337.744614,0.814604280757254,0.6941541256187789,0.1396397276967037,1,3.746397694524495,-4.0000000000000036,중립,,,,,,,,,,,,,,NO_DATA,,0.0,,23.7,관찰,23.7
2026-09-29T06:57:19+09:00,1INCH,KRW-1INCH,1INCHUSDT,136.0,-3.5460992900000003,737029468.6743715,1790632621357,False,False,,261708655.09498495,306865123.6683576,325141851.0759618,418180490.8950451,513773228.5490787,0.8528458756291406,0.747605538033119,0.6842283953965937,1,2.9197080291970767,1.4388489208633004,중립,965104.75204,-3.582,448626.07704,415697.09215,690369.47943,488621.53171,769396.48919,1.0792138927883526,0.8439758397540683,0.7481901148792176,2,2.8884462151394397,-0.7684918347742542,중립,,0.0,,23.7,관찰,23.7
2026-09-29T06:57:19+09:00,NCT,KRW-NCT,,14.0,-4.76190476,748883011.3596665,1790631480875,False,False,,392299666.82538277,465134700.00733536,314112406.86464876,373800609.8509307,565667304.705099,0.8434108803733543,1.0206854264635479,0.9343683540745958,1,2.083333333333326,4.255319148936176,중립,,,,,,,,,,,,,,NO_DATA,,0.0,,23.5,관찰,23.5
2026-09-29T06:57:19+09:00,IRYS,KRW-IRYS,,22.9,0.88105727,41714425513.02603,1790632573468,False,False,,295724527.42604685,392244077.4361227,664229774.6971644,358642660.6908418,563392125.7704713,0.7539298728460874,0.6269261747978759,0.5854173818969541,1,0.4424778761061843,3.65296803652968,중립,,,,,,,,,,,,,,NO_DATA,,0.0,,23.3,관찰,23.3
2026-09-29T06:57:19+09:00,PENDLE,KRW-PENDLE,PENDLEUSDT,3200.0,-10.33903054,1544835200.8461816,1790632575778,False,False,,846343734.0356897,846850447.0221015,840140410.6259723,1281369647.4021833,2115688278.1443222,0.9994016499746873,0.8553648378582239,0.6136488032552536,1,0.9047215154085464,6.157049375371804,중립,7934943.2547,-10.416,4610249.7756,4088013.7924,6596483.8093,9014925.6728,8586146.7858,1.127748097173959,0.7020890476881763,0.5998591571694465,2,1.580570547417115,4.854755272582567,중립,,0.0,,23.3,관찰,23.3
2026-09-29T06:57:19+09:00,GRVT,KRW-GRVT,,277.0,1.46520147,1180851613.286242,1790632527141,False,False,,692425510.2193677,836577317.3919842,1268353984.1080494,4105181033.295554,1862802934.9533849,0.8276886019071049,0.33449902653435315,0.37125740417493974,1,-2.1505376344086002,3.802281368821303,중립,,,,,,,,,,,,,,NO_DATA,,0.0,,23.0,관찰,23.0
2026-09-29T06:57:19+09:00,THETA,KRW-THETA,THETAUSDT,301.0,-5.04731861,516243782.2932126,1790632131442,False,False,,255798144.71392927,311815069.75217295,344530206.5192967,324425685.50521815,767327915.9683614,0.8203520917614235,0.7824400028643141,0.589034310144078,1,4.276315789473695,2.2580645161290214,중립,693751.49178,-4.616,696601.75341,713257.57624,920902.18724,1113380.07981,1179074.65749,0.9766482356657148,0.7606096287679651,0.6447233458988885,1,4.751232631107127,0.7327586206896441,중립,,0.0,,23.0,관찰,23.0
2026-09-29T06:57:19+09:00,ZRX,KRW-ZRX,ZRXUSDT,165.0,-3.50877193,381123607.2379214,1790631687691,False,False,,197601107.59548363,220507742.40611386,281156652.29055727,356970795.0249217,477787100.75450057,0.8961186824522352,0.6904018492168527,0.5725449021175307,1,3.6363636363636376,3.6363636363636376,중립,293425.2132,-4.607,122066.4043,147548.105,268044.7154,232768.9433,264175.5541,0.8272990310516017,0.5648069232371359,0.509303588222179,1,3.70981038746907,2.777777777777768,중립,,0.0,,22.9,관찰,22.9
2026-09-29T06:57:19+09:00,CRV,KRW-CRV,CRVUSDT,491.0,2.50521921,941008264.9492571,1790632570789,False,False,,477144736.28523475,616903610.9507459,259539870.064275,847104212.1523826,759612922.4042169,0.7734510348381318,0.8305161583461173,0.7688608041390845,1,1.2684989429175397,-1.4403292181069949,중립,8667501.65391,3.113,2874488.96753,3432043.37315,3971553.5212,5080269.04276,6223934.73163,0.837544475695753,0.6907689449752552,0.6127481382239621,1,2.1971668112171105,-2.4827586206896624,중립,,0.0,,22.6,관찰,22.6
2026-09-29T06:57:19+09:00,CKB,KRW-CKB,CKBUSDT,1.77,-8.29015544,382036442.4104147,1790632592488,False,False,,198866818.33452657,225247524.08964974,315883686.7812772,771389511.3674283,370739005.4557307,0.8828812620172308,0.45454555108748707,0.5089475698239645,1,1.5789473684210575,8.426966292134818,중립,423457.114627,-8.515,298509.582669,328533.915645,474851.217279,530523.268623,553070.91951,0.9086111614472004,0.6713570039505042,0.6607336189884134,1,1.7191977077363862,7.088989441930638,중립,,0.0,,22.6,관찰,22.6
2026-09-29T06:57:19+09:00,ETHFI,KRW-ETHFI,ETHFIUSDT,954.0,-2.35414534,1262911279.9396935,1790632392392,False,False,,1237463121.7685735,1357545779.3831737,1397917986.9397137,961610344.5209469,1792246293.6845233,0.911544303375786,0.9987396685138865,0.871311888750038,1,5.507559395248385,2.733964248159837,중립,7233002.04065,-1.792,6812319.25748,6232584.83986,5753531.01373,3994945.9606,7276437.77192,1.0930166909100627,1.2788235231211917,1.1203750827519634,4,6.122148638704927,1.6922859963333758,연속 가속형,,0.0,,22.5,관찰,22.5
2026-09-29T06:57:19+09:00,BLUR,KRW-BLUR,BLURUSDT,26.7,-6.96864111,1741781245.7115593,1790632608743,False,False,,833666587.5044135,969628729.7145889,1022404853.1101134,433045591.72313356,1049827901.1822863,0.8597791731581674,1.0313064368216185,0.9239923243417045,1,5.514705882352944,4.744525547445266,중립,425012.968914,-6.667,194688.630196,419150.937922,268239.559108,186274.266864,338481.653337,0.46448334616927356,0.6685240320151717,0.6524695274254255,1,6.009013520280426,3.7236648701616915,감소형,,0.0,,22.3,관찰,22.3
2026-09-29T06:57:19+09:00,API3,KRW-API3,API3USDT,364.0,-5.69948187,839371870.9746248,1790632014727,False,False,,538929203.3822637,709501841.3636439,652410981.0954163,918922735.4122962,9867817848.81384,0.7595881673068754,0.7088575958784579,0.20986535627251007,1,4.607046070460696,5.177111716621252,중립,833772.724971,-5.101,666942.564764,611330.942317,726719.287029,529007.402933,3241184.735142,1.0909681133368236,1.0716475269430839,0.587723721260646,2,5.331358756016269,3.9839181286549508,중립,,0.0,,22.2,관찰,22.2
2026-09-29T06:57:19+09:00,AAVE,KRW-AAVE,AAVEUSDT,198900.0,-5.19542421,4284461399.449709,1790632612674,False,False,,3630293912.715418,4811621061.948952,6910748721.960256,5308166350.537992,9432826754.37514,0.754484583464884,0.6394914201272599,0.5739386166903254,1,4.638403990024931,5.745967741935476,중립,22914008.68583,-5.391,15568836.4205,17425951.4153,30344939.85835,21513121.98949,34731929.21475,0.8934282008172333,0.6741311171468827,0.626359053685007,1,5.2065609473899155,4.4036201539916275,중립,,0.0,,22.1,관찰,22.1
2026-09-29T06:57:19+09:00,DATA,KRW-DATA,,305.0,-4.08805031,18096097911.68093,1790632630223,False,False,,8772959290.434776,9075113051.978819,16345239650.771955,23844881873.41723,25536375552.554024,0.9667052344347206,0.534228205705856,0.4222902264263654,1,5.298013245033117,7.796610169491536,중립,,,,,,,,,,,,,,NO_DATA,,0.0,,21.4,관찰,21.4
2026-09-29T06:57:19+09:00,BARD,KRW-BARD,BARDUSDT,186.0,-9.26829268,1038450021.5658605,1790632378920,False,False,,503596149.607618,634597802.23686,593484930.9725345,829416272.3279619,1272499316.985045,0.7935674341015974,0.7342839266297879,0.5733458844577843,1,6.770833333333326,6.217616580310881,중립,498737.43173,-8.367,420699.74066,447061.10581,798908.81838,591125.71265,851408.64291,0.9410340895072105,0.6870079034921367,0.6466038293895989,1,7.270135424091229,4.513888888888884,중립,,0.0,,21.3,관찰,21.3
2026-09-29T06:57:19+09:00,XLM,KRW-XLM,XLMUSDT,306.0,4.79452055,100076411357.05205,1790632640703,False,False,,18829612761.311474,21617357056.9015,60852984549.24012,34825542466.10956,44818941564.48005,0.8710413910335066,0.48159267250280313,0.4639407592403549,1,-1.683501683501687,0.6896551724137945,중립,69269228.6723,4.061,16351085.1393,14789143.2055,46785564.5863,28982143.9193,37720881.8659,1.1056140921821032,0.5416846377830437,0.49798394856084505,2,-0.8727606798346388,-0.18501387604070718,중립,,0.0,,21.0,관찰,21.0
2026-09-29T06:57:19+09:00,BAT,KRW-BAT,BATUSDT,123.0,-7.51879699,452569849.66917455,1790632455130,False,False,,186442715.045811,247003997.79325888,290559670.5074061,294733966.6536725,890796621.5739106,0.7548165888467223,0.6720289973767851,0.36693641961100304,1,7.258064516129026,7.258064516129026,중립,644319.1412,-6.936,604750.3074,392407.3565,319895.5469,561810.1474,1437734.119,1.5411288738161055,1.4239324532943558,0.8697183024788407,3,7.947019867549665,6.5359477124183,고수준 유지형,,0.0,,20.9,관찰,20.9
2026-09-29T06:57:19+09:00,PLUME,KRW-PLUME,PLUMEUSDT,24.4,-4.3137254899999995,3266844632.3229136,1790632640387,False,False,,2623513162.1985455,3407720479.381135,4489907543.75483,6476327931.8389435,2363078480.1987147,0.7698733443873874,0.5475555589045475,0.7133456798647715,1,3.238866396761142,16.972477064220183,중립,6909701.73166,-2.129,3295830.61703,4838217.88938,9061975.44244,10395113.29038,5348305.67044,0.6812075628640919,0.4069712724701831,0.4973522081574077,1,3.703703703703698,14.74006116207951,감소형,,0.0,,20.1,관찰,20.1
2026-09-29T06:57:19+09:00,MON,KRW-MON,,38.1,0.0,8454777953.823832,1790632542082,False,False,,1418302383.849408,1560777392.6524596,1586101106.285417,1487307911.1657581,2656321186.9634585,0.9087153559029177,0.9181562360701565,0.7990962343161325,1,11.730205278592365,4.383561643835621,중립,,,,,,,,,,,,,,NO_DATA,,0.0,,19.9,관찰,19.9
2026-09-29T06:57:19+09:00,AWE,KRW-AWE,AWEUSDT,88.7,-4.31499461,1191422274.734247,1790632484507,False,False,,2928508554.087917,4738631938.853953,531760012.6767444,325220751.3625015,890359306.5973148,0.6180071784170226,1.5700739362681793,2.080362854495878,1,4.509582863585115,7.5406032482598695,감소형,418193.36785,-5.213,718133.10357,1023590.2836,177350.37928,87769.81325,263862.75461,0.7015825717339782,1.6717481161320777,2.067012794016746,1,5.460434983803797,6.429016189290149,감소형,,0.0,,19.7,관찰,19.7
2026-09-29T06:57:19+09:00,ARKM,KRW-ARKM,ARKMUSDT,178.0,-9.18367347,493238924.3835227,1790632627973,False,False,,400168560.4425198,452927091.0845152,475561840.4064704,250199123.4451362,651016781.0671427,0.8835165047962414,1.018510093743692,0.7924543792091975,1,12.00000000000001,10.1123595505618,중립,1251328.86644,-8.112,907056.99484,1637970.36515,1580898.00127,1056159.66352,1659459.9336,0.5537688679470918,0.6365270509251355,0.5655549617039329,1,13.458528951486691,9.5166163141994,감소형,,0.0,,18.7,관찰,18.7
2026-09-29T06:57:19+09:00,ZRO,KRW-ZRO,ZROUSDT,2075.0,-6.86714542,4540972046.765017,1790632571150,False,False,,2083116976.6755073,2688053191.834902,7174899630.116448,9700905994.68138,14936086077.33316,0.7749537780736933,0.3194334506602282,0.23066008038828495,1,13.211382113821134,19.335832886984463,중립,14436192.68063,-9.004,9339634.48358,11748239.91274,15071918.83523,20107382.00397,33229836.65702,0.7949815932386549,0.5970673724167336,0.4639760198385918,1,14.176511466296038,18.20143884892087,중립,,0.0,,16.1,관찰,16.1
2026-09-29T06:57:19+09:00,ELSA,KRW-ELSA,,75.7,-3.44387755,12704015491.023413,1790632625704,False,False,,1295423297.4916577,2422830825.4513936,531986137.5683196,643727038.1422617,605405122.6466119,0.5346734422740017,1.0799561965117257,1.316581454403994,1,-0.6337135614702172,0.9009009009009139,감소형,,,,,,,,,,,,,,NO_DATA,,0.0,,15.0,관찰,15.0
2026-09-29T06:57:19+09:00,XPL,KRW-XPL,XPLUSDT,133.0,-7.63888889,13583347836.709026,1790632620006,False,True,입금량급등,10645900593.455856,13516830536.158382,24378451291.233715,13161432831.54337,10457320600.377972,0.7876033190604406,0.6255338204527058,0.7470011755768385,1,-1.3698630136986356,10.769230769230775,중립,25595841.164789,-9.723,25954950.195166,40452468.312541,60692175.01912,32149657.542321,20748396.667269,0.6416159823582259,0.5841573876373931,0.7656817922468221,1,-4.177569250203006,10.200269793504212,감소형,,0.0,,14.6,관찰,14.6
2026-09-29T06:57:19+09:00,IOTA,KRW-IOTA,IOTAUSDT,75.7,9.23520924,18914541666.166126,1790632632765,False,False,,1239698535.8889723,1526513158.1693034,1559266960.454715,1194717089.766715,1725997795.4161372,0.8121112676000131,0.8688466378103591,0.8586641340038824,1,5.640243902439024,5.000000000000004,중립,8937058.9456,10.277,1163520.2214,1256384.4243,993385.2837,833936.3691,1143934.2513,0.9260861555556613,1.1319368892260369,1.171586833762471,1,6.4583333333333215,4.2857142857142705,중립,,0.0,,14.5,관찰,14.5
2026-09-29T06:57:19+09:00,WLFI,KRW-WLFI,WLFIUSDT,76.6,-3.52644836,3652343073.453986,1790632537636,False,False,,3899726003.1758885,5502014510.796696,1831309784.0394216,2631666888.2063565,4786155788.871419,0.7087814827684279,1.174027933856708,1.0109439617027176,1,2.983138780804162,1.146496815286624,감소형,6636679.25026,-3.425,5015620.26881,6955342.23556,6814575.39247,7127876.38296,9080895.05936,0.7211176817679877,0.7200214911926571,0.6275036091498649,1,3.7168141592920367,0.3424657534246478,감소형,,0.0,,13.2,관찰,13.2
2026-09-29T06:57:19+09:00,COMP,KRW-COMP,COMPUSDT,31920.0,-3.85542169,391066596.6496533,1790632557298,False,False,,2210952578.26587,385799337.338533,1017042543.198578,13485979478.734259,364019591.5446127,5.73083560360238,0.44549246543731846,0.7106488179887733,2,1.3431013431013383,6.206014075495836,일회성 폭증형,1363800.94433,-3.938,2284364.44862,871656.12567,1454331.65298,5092679.38648,1138940.75476,2.6207174840469563,0.9237634191316239,1.2015136139407268,2,2.000833680700298,4.931389365351624,중립,,0.0,,13.2,관찰,13.2
2026-09-29T06:57:19+09:00,VET,KRW-VET,VETUSDT,11.9,-4.03225806,1276818388.6672785,1790632497543,False,False,,774775244.77991,1110578197.936596,863791921.013069,1208455392.947247,3071323794.0764594,0.6976323200107902,0.7302711774967738,0.5148397803343849,1,-1.5873015873015817,0.0,감소형,2025661.1803913,-5.841,1805608.0399451,3105022.6978709,2077075.8693211,1874288.7073794,3797549.1906224,0.5815120260419343,0.7676483601396883,0.690271926623781,1,-0.7328375902575734,-0.903711672942431,감소형,,0.0,,13.0,관찰,13.0
2026-09-29T06:57:19+09:00,HOME,KRW-HOME,HOMEUSDT,7.96,-5.4631829,1080082100.2198176,1790632639127,False,False,,1105206277.8784149,2251639081.4195375,2917834491.75198,4086170245.3798304,1935064489.7062762,0.49084521893341876,0.35822670995502837,0.38727848311262986,1,-1.6355140186915973,-4.426787741203187,감소형,785926.08936,-5.778,759867.80352,860520.30048,1467973.66799,1626470.62157,1831697.71185,0.8830329779508329,0.5763903465282212,0.4630943061304564,1,-1.4285714285714235,-5.335365853658535,중립,,0.0,,13.0,관찰,13.0
2026-09-29T06:57:19+09:00,INJ,KRW-INJ,INJUSDT,9790.0,-7.20379147,1071888906.6402452,1790632619680,False,False,,901449146.6057216,1413060366.293055,1204157289.1378722,3299221219.841468,2699436780.3268714,0.6379410024573358,0.45709040468919837,0.41692857531377425,1,-3.7408759124087587,-0.2835538752362976,감소형,13936204.65077,-7.628,9774427.57151,13087085.27086,17714271.38839,23851049.90338,26842439.41671,0.7468758221721045,0.5365414728979301,0.4870594238975117,1,-3.1195625155356677,-1.3665696570922425,감소형,,0.0,,13.0,관찰,13.0
2026-09-29T06:57:19+09:00,BFC,KRW-BFC,,37.8,-6.896551720000001,1742172726.740769,1790632524589,False,False,,1004614797.0265989,2098615287.4534564,657952625.2843801,760647213.9787546,1687073173.7591593,0.47870364951245475,0.8568837226323703,0.6234890520589967,1,0.24691358024691024,-0.4901960784313597,감소형,,,,,,,,,,,,,,NO_DATA,,0.0,,12.9,관찰,12.9
2026-09-29T06:57:19+09:00,EURC,KRW-EURC,,1542.0,-0.06480881000000001,117540083.20422953,1790632189266,False,False,,19873668.86053213,34999292.2745994,95424965.79996535,92468937.31486689,102430058.50231782,0.5678305922475857,0.2674868852655126,0.21854183314097925,1,-0.8354755784061751,0.39037085230968493,감소형,,,,,,,,,,,,,,NO_DATA,,0.0,,12.9,관찰,12.9
2026-09-29T06:57:19+09:00,MOODENG,KRW-MOODENG,,62.3,-5.60606061,619457216.9836333,1790632459345,False,False,,485690246.9347231,752950731.6651403,3895280204.393586,1130209833.6030025,2270673600.1712136,0.6450491732183137,0.252156385932717,0.2438610425022048,1,-1.3452914798206317,0.7633587786259444,감소형,,,,,,,,,,,,,,NO_DATA,,0.0,,12.8,관찰,12.8
2026-09-29T06:57:19+09:00,NXPC,KRW-NXPC,NXPCUSDT,308.0,-8.875739639999999,981681502.199998,1790632628617,False,False,,391581005.8188522,621506456.0041522,686056408.8823014,840251522.1155685,1898021095.1757982,0.630051388905019,0.5469481090013065,0.12875067794836043,1,0.29673590504450953,0.8955223880596996,감소형,881255.35707,-9.984,211012.40439,306837.95293,264367.4467,375679.60783,512491.95133,0.687699818014817,0.6685470866923003,0.22748451948313528,1,-0.5140371688414525,0.5997600959616101,감소형,,0.0,,12.7,관찰,12.7
2026-09-29T06:57:19+09:00,PYUSD,KRW-PYUSD,,1354.0,-0.58737151,903965157.8195904,1790632226044,False,False,,56762622.14386304,143889127.62964725,169623701.76420486,188151862.18501136,309240083.97385824,0.39448861132832064,0.33944558843806777,0.2641296954496186,1,-0.43859649122807154,1.5659955257270708,감소형,,,,,,,,,,,,,,NO_DATA,,0.0,,12.7,관찰,12.7
2026-09-29T06:57:19+09:00,F,KRW-F,FUSDT,4.75,-7.58754864,2228940361.3170304,1790632580421,False,False,,1371685684.647897,1931243672.5285752,1663248314.4275296,1650657542.8913343,3548448424.673397,0.7102602867570567,0.7845452318426815,0.5993650991302879,1,0.19493177387914784,1.5810276679841806,감소형,562549.469719,-8.047,340633.654587,386546.634428,358943.227689,597008.545865,1048141.314729,0.8812226630586485,0.7611934268861356,0.516022226714305,1,0.8739406779661119,0.9006622516556151,중립,,0.0,,12.6,관찰,12.6
2026-09-29T06:57:19+09:00,WAVES,KRW-WAVES,,385.0,-4.7029703,1718537758.2803073,1790632534126,False,False,,1296331374.3627748,2025617903.8091538,2362317773.48922,11326988386.6373,5880565288.264212,0.6399683631967494,0.24747139135169055,0.2851773469950037,1,-1.703163017031628,1.7632241813602123,감소형,,,,,,,,,,,,,,NO_DATA,,0.0,,12.6,관찰,12.6
2026-09-29T06:57:19+09:00,SPX,KRW-SPX,,561.0,-6.96517413,521393743.5027358,1790632562327,False,False,,443239479.26344657,699051316.2309495,636904174.199095,902396799.4358153,1585496530.6417246,0.6340585719132114,0.5940612850848546,0.48284182011265264,1,1.1744966442952975,-13.486370157819227,감소형,,,,,,,,,,,,,,NO_DATA,,0.0,,12.6,관찰,12.6
2026-09-29T06:57:19+09:00,MNT,KRW-MNT,,902.0,-1.74291939,600669287.6804923,1790631857126,False,False,,488890096.72619236,852527066.4546248,532304333.0492524,732090609.2035265,909645682.1683378,0.5734599122574758,0.6928315186604954,0.6390963563369164,1,-0.8639308855291628,2.2271714922049046,감소형,,,,,,,,,,,,,,NO_DATA,,0.0,,12.5,관찰,12.5
2026-09-29T06:57:19+09:00,TRUMP,KRW-TRUMP,TRUMPUSDT,2696.0,-6.25869263,28235583625.041573,1790632640700,False,False,,19658973401.580322,27361577859.25581,27165574975.272278,35829199609.617615,56764668225.943756,0.7184882941584501,0.6527147080355848,0.5321086618305694,1,1.6254416961130724,-4.451827242524919,감소형,24820693.503233,-7.039,15720694.684865,17592642.604479,21577041.133215,26792867.109435,44376078.825917,0.8935948417927042,0.714982720481734,0.5310755413229868,1,2.409638554216853,-5.30303030303031,중립,,0.0,,12.4,관찰,12.4
2026-09-29T06:57:19+09:00,CP,KRW-CP,,17.0,-6.07734807,4119756052.732355,1790632571124,False,False,,2231776752.114995,3243233227.9681396,2451448370.5874968,2763263527.8686366,4883607939.08363,0.6881332902207548,0.7916024703716114,0.6480988881523749,1,2.259887005649719,-3.208556149732611,감소형,,,,,,,,,,,,,,NO_DATA,,0.0,,12.2,관찰,12.2
2026-09-29T06:57:19+09:00,LSK,KRW-LSK,LSKUSDT,378.0,-7.1253071299999995,3367222902.3436527,1790632573092,False,False,,3218280270.2533245,4661539319.073166,9249159864.055618,36347301996.22043,11009233576.320787,0.6903900299811697,0.1921055470611733,0.1782872633160819,1,-6.65137614678899,4.092071611253201,감소형,6776902.85171,-2.139,4480916.85822,8177758.14141,12332084.70361,40430871.73278,9784704.51593,0.5479395184763198,0.2205873473554089,0.2825337826084576,1,-23.21253672869735,-1.4765944077913984,감소형,,0.0,,12.1,관찰,12.1
2026-09-29T06:57:19+09:00,KAITO,KRW-KAITO,KAITOUSDT,448.0,-8.57142857,2502779105.650745,1790632636247,False,False,,1416279118.6572537,2665275256.7620263,1676299452.973401,2705624146.60792,4909042866.376387,0.5313819332783866,0.602911517410536,0.4962401925642712,1,2.5104602510460206,-0.8097165991902799,감소형,2839238.18821,-9.006,1510200.046,2064985.68967,1959004.14913,3456613.44715,4267302.25743,0.7313368095259494,0.6056463582969748,0.5170491393183836,1,3.0571428571428694,-1.9570535471595485,감소형,,0.0,,12.1,관찰,12.1
2026-09-29T06:57:19+09:00,WIF,KRW-WIF,WIFUSDT,313.0,-5.72289157,161495645.17026317,1790632639749,False,False,,138501509.18271646,228640162.0043103,460423420.99201286,1066283524.2519665,550184537.2006671,0.6057619447457592,0.23670790001158287,0.09403968533060035,1,2.4691358024691468,-3.206997084548102,감소형,3144047.994222,-6.977,2538309.51993,2552676.392501,4011763.215181,4963595.593394,7257684.60687,0.9943718394492912,0.6605573653244258,0.3689114068881038,1,3.208104685521307,-4.267815191855917,중립,,0.0,,12.1,관찰,12.1
2026-09-29T06:57:19+09:00,OPG,KRW-OPG,OPGUSDT,166.0,-6.7415730300000005,560393945.0503249,1790632635312,False,False,,801978487.778165,5097549420.003546,184430144.7257397,350458456.370961,1177705088.7889283,0.1573262800809898,0.42715702406690964,0.40725275579861725,1,2.8901734104046284,-3.2608695652173947,감소형,1050299.20572,-6.712,784708.41184,2055370.71337,539048.84836,654244.29941,2577499.13906,0.3817843694743449,0.7246441417592233,0.45687520681238375,1,4.189723320158101,-3.372434017595305,감소형,,0.0,,12.0,관찰,12.0
2026-09-29T06:57:19+09:00,ETC,KRW-ETC,ETCUSDT,12510.0,-3.84319754,7191519873.794801,1790632620980,False,False,,4064383601.5935335,5783833070.050384,9029163429.900164,32540528088.281086,13125259571.38225,0.7027145410955176,0.25749193773446927,0.2775510975775612,1,1.4029618082618933,2.7646129541864184,감소형,6425496.1632,-4.171,3143511.7325,5422341.8775,7748461.4414,23310380.4808,10340449.6871,0.5797332229352777,0.25850408937600183,0.27902520822278326,1,2.1299254526091493,1.58898305084747,감소형,,0.0,,11.9,관찰,11.9
2026-09-29T06:57:19+09:00,BORA,KRW-BORA,,38.4,-2.29007634,541627904.4485564,1790632609387,False,False,,358360261.2094626,721981630.8988461,500004948.32935196,358469586.4965401,1252435872.5863886,0.496356480376536,0.6802344835267202,0.4595835447624716,1,2.34375,1.5503875968992054,감소형,,,,,,,,,,,,,,NO_DATA,,0.0,,11.8,관찰,11.8
2026-09-29T06:57:19+09:00,QTUM,KRW-QTUM,QTUMUSDT,1315.0,-5.46369518,816625642.3609264,1790632518201,False,False,,724737288.899015,1804277968.0302393,2498255308.2854114,900537802.3521221,1354635756.187242,0.4016771815321909,0.41787087545491386,0.4985059574639636,1,1.9794721407624616,2.581120943952797,감소형,275564.4292,-5.458,296237.011,703306.8482,978108.6181,238104.7797,447011.585,0.4212059242109908,0.46298601687163443,0.5422196524789549,1,2.497502497502513,1.5841584158415856,감소형,,0.0,,11.7,관찰,11.7
2026-09-29T06:57:19+09:00,PROVE,KRW-PROVE,PROVEUSDT,304.0,-5.29595016,668142348.8829004,1790632590143,False,False,,497179926.4486892,1392396108.7870903,398791095.8248659,748567903.4606488,2003050654.7005785,0.35706787983038846,0.5872770073796534,0.2553485479473993,1,0.9433962264151052,4.90196078431373,감소형,1438854.71588,-6.11,808369.55342,1128234.81915,1201165.02622,167470680.70228,36052813.4043,0.7164905210326844,0.014282140811938283,0.01797460443528787,1,1.0287183883411766,3.422553751645463,감소형,,0.0,,11.6,관찰,11.6
2026-09-29T06:57:19+09:00,HUNT,KRW-HUNT,,138.0,-3.4965034999999998,326961340.9621686,1790632075752,False,False,,167241175.71379066,451084632.30524045,223800197.50289848,375851535.13567114,714973402.3237224,0.3707534323639332,0.47749706194684,0.42890585490281935,1,1.4184397163120588,4.379562043795615,감소형,,,,,,,,,,,,,,NO_DATA,,0.0,,11.5,관찰,11.5
2026-09-29T06:57:19+09:00,POLYX,KRW-POLYX,POLYXUSDT,57.5,-6.65584416,1187409654.992639,1790632606778,False,False,,977146160.995729,3132571496.227811,1085720360.3985474,1411692152.519149,1433869239.0717933,0.3119310005126433,0.5206832698326095,0.598768203556945,1,1.9867549668874274,4.761904761904767,감소형,432515.61824,-7.253,337690.85346,695559.81833,605478.5719,493417.63061,469853.35465,0.4854950567311044,0.5645569178707274,0.6449468483179409,1,2.708803611738153,3.6446469248291535,감소형,,0.0,,11.3,관찰,11.3
2026-09-29T06:57:19+09:00,NEO,KRW-NEO,NEOUSDT,3376.0,-7.65864333,1048023213.5510951,1790632565732,False,False,,463981165.2367272,960346995.8905385,797935834.793989,883157518.4904234,1495313727.8878937,0.48313908120936355,0.526963819623999,0.4423322961796718,1,2.696629213483148,3.3060186493359733,감소형,957982.76714,-7.732,702909.55116,562238.30755,733648.08877,803931.75427,1224065.13992,1.2501986110177845,1.0042434640768754,0.7997533074432398,2,3.370356185369583,2.196137826580835,중립,,0.0,,11.3,관찰,11.3
2026-09-29T06:57:19+09:00,ICP,KRW-ICP,ICPUSDT,4081.0,-4.22436048,783132552.1361659,1790632632773,False,False,,701595645.680755,1044431910.9403377,1207825298.2587032,1556207005.9598398,2458192512.2722893,0.6717485729147097,0.5526602898524171,0.4962066789873386,1,1.5007146260123783,5.183905208590467,감소형,13339739.56789,-5.088,9854553.13073,12833701.23801,11860567.83825,16246236.6791,16980964.87637,0.7678652438583689,0.7221127059066552,0.7227552129743263,1,2.075226977950706,4.1694242223693,중립,,0.0,,11.3,관찰,11.3
2026-09-29T06:57:19+09:00,GAS,KRW-GAS,GASUSDT,1900.0,-6.54205607,2595499123.409665,1790632620666,False,False,,1752705454.3112159,12145465293.972284,1999638884.7185578,1619003174.0239973,1929827811.180036,0.14430945310766086,0.33354989567665644,0.44608453296654205,1,2.9888551165146993,3.4605597964376678,감소형,567309.5848,-7.257,418141.0687,1684242.4825,353208.402,404369.5972,448391.7133,0.2482665489350047,0.5137245819261326,0.6360810509769816,1,3.7370242214533,2.600958247775509,감소형,,0.0,,11.2,관찰,11.2
2026-09-29T06:57:19+09:00,AGLD,KRW-AGLD,AGLDUSDT,292.0,-3.3112582799999997,801273469.215921,1790632499444,False,False,,244799300.08882564,391886313.2874657,363038766.0179357,472344061.63764673,539389090.5506123,0.6246691751881998,0.5984000377473494,0.45848622782451137,1,2.3728813559322104,4.498269896193774,감소형,417408.48234,-3.299,148869.71918,213964.41281,212252.08316,291713.70059,399293.44727,0.6957685963982992,0.6220788033153515,0.47548786475631943,1,3.3317908375751992,3.6194895591647347,감소형,,0.0,,11.2,관찰,11.2
2026-09-29T06:57:19+09:00,MED,KRW-MED,,2.41,-3.5999999999999996,324452752.25202316,1790631943842,False,False,,268928928.3342121,407686992.90178764,866593766.7482828,183815613.4134162,265705512.35250437,0.6596455933510674,0.5533151305407632,0.6529688897781105,1,3.3057851239669533,2.8806584362139898,감소형,,,,,,,,,,,,,,NO_DATA,,0.0,,11.2,관찰,11.2
2026-09-29T06:57:19+09:00,SYRUP,KRW-SYRUP,SYRUPUSDT,302.0,2.37288136,1108243607.0974905,1790632570483,False,False,,775206799.3220973,1087305985.161243,922174180.9328914,1867891821.5083742,1902703161.5017471,0.7129610338778163,0.5997929539394775,0.5443307274759451,1,-0.33783783783783994,-0.33783783783783994,감소형,1966937.08791,1.187,1716623.70662,1897914.05905,2052788.08716,2216534.91004,2009543.79215,0.9044791561738339,0.8350369983980134,0.8928355512036334,1,0.0,-1.1353315168029066,중립,,0.0,,11.1,관찰,11.1
2026-09-29T06:57:19+09:00,MTL,KRW-MTL,MTLUSDT,438.0,-5.19480519,547297449.0194253,1790632461589,False,False,,516382810.0673916,1062766943.3135656,954927968.0164298,1520091374.1976013,1013703917.0019915,0.48588527646275753,0.43788638011839304,0.333415801031704,1,0.8733624454148492,7.441860465116279,감소형,337823.82485,-5.484,277589.73054,363763.66787,301303.61562,522791.25206,314972.66998,0.7631046062555198,0.7010676496375999,0.6835298597675314,1,1.6984505363528024,6.656249999999986,중립,,0.0,,11.1,관찰,11.1
2026-09-29T06:57:19+09:00,AVAX,KRW-AVAX,AVAXUSDT,14140.0,-5.98404255,12687428728.485344,1790632609715,False,False,,6351590566.483566,11523853654.978065,8691757638.73907,6781883132.745587,13583222610.403173,0.5511689714785479,0.7057977825073044,0.5872597707349603,1,5.840957072484176,-0.79155672823219,감소형,59653187.15561,-5.334,48613988.84509,48017776.27594,49214793.68163,51208788.48539,62891600.42385,1.012416496876569,0.98248876233042,0.8925630173472997,2,6.838444204957361,-3.6064704322461005,중립,,0.0,,11.0,관찰,11.0
2026-09-29T06:57:19+09:00,VTHO,KRW-VTHO,VTHOUSDT,0.961,-6.69902913,2485179890.5695,1790632445484,False,False,,3059187680.823201,4298064701.475723,4149435438.5427394,12691708850.139778,8107500175.069359,0.7117593366551326,0.43414883909527513,0.43610004350388176,1,0.0,9.225874867444329,감소형,16492747.392015,-7.349,76111215.052677,20951947.94085,123415999.189048,10561752.233996,2696095.300426,3.632655792556787,1.4737887318927025,2.3803398537508538,2,0.5326231691078487,7.549857549857553,고수준 유지형,,0.0,,11.0,관찰,11.0
2026-09-29T06:57:19+09:00,CELO,KRW-CELO,CELOUSDT,129.0,-2.27272727,919023372.1228156,1790632299916,False,False,,610244573.5689971,1124444243.3423002,291328478.15849984,568359220.1189625,534476426.8312035,0.5427077217764974,0.9226874898311737,0.9273466004394598,1,4.761904761904767,1.538461538461533,감소형,945884.442329,-1.894,579154.163557,754747.986934,502909.627459,445392.719867,573236.982345,0.7673477420054979,1.0202061886949176,0.983527134025301,1,5.8026030368763415,1.234952262349509,중립,,0.0,,11.0,관찰,11.0
2026-09-29T06:57:19+09:00,BERA,KRW-BERA,BERAUSDT,292.0,-9.31677019,1907036183.4189315,1790632637530,False,False,,1239795580.2880137,1679268793.045924,1778540360.0679815,1736413044.9187348,2968571353.1576314,0.7382948968159073,0.7160623090542397,0.5553330181678553,1,4.885993485342022,1.577287066246047,감소형,1047059.8879059,-10.093,1009596.458614,1076542.7388063,878642.6444354,835973.725652,1625723.7675311,0.9378136345366725,1.0851367685171078,0.863977438250995,1,5.260831122900078,1.0182435299109116,중립,,0.0,,10.9,관찰,10.9
2026-09-29T06:57:19+09:00,STRAX,KRW-STRAX,STRAXUSDT,15.3,-5.55555556,586705359.7847067,1790632543348,False,False,,391431958.26539236,776249906.7352434,807317559.5505037,653944520.1811264,951535617.9607787,0.5042602322642192,0.524822160461558,0.46462656027741706,1,3.1847133757961776,4.516129032258065,감소형,341514.15482,-6.617,160260.04183,306685.61418,267258.44312,400394.33918,295922.34447,0.5225548066820641,0.4934426552693788,0.4836703465915623,1,4.4232437120555135,4.513888888888884,감소형,,0.0,,10.9,관찰,10.9
2026-09-29T06:57:19+09:00,CVC,KRW-CVC,CVCUSDT,40.4,-3.117506,1437051186.1376703,1790632625696,False,False,,1599159088.7926528,5467877829.353356,6612005577.792231,31106248063.232674,2120017815.5451925,0.29246430492792724,0.11108837728770843,0.16791527219736804,1,0.7246376811594235,9.4488188976378,감소형,724476.83,-4.056,393017.29296,1048380.37939,1366992.46151,5646621.99966,755812.10383,0.37488043527548376,0.1462481559710476,0.17904436344887648,1,1.1482939632545985,8.44178684488217,감소형,,0.0,,10.7,관찰,10.7
2026-09-29T06:57:19+09:00,ATOM,KRW-ATOM,ATOMUSDT,2336.0,-8.42806742,3242248338.0102754,1790632559339,False,False,,1352849862.5475645,1836383640.010355,1626712318.3985448,1063871956.418247,1526143841.5679188,0.7366923953536942,0.8965271378111063,0.8558745036331885,1,4.893092105263164,3.1540638900121376,감소형,5978296.12103,-8.578,4273829.47847,4112897.81137,4767523.86585,2794095.53677,3571178.86895,1.0391285352762982,1.0982457090427298,1.0909878413826752,2,5.658263305322131,2.1668472372697645,중립,,0.0,,10.6,관찰,10.6
2026-09-29T06:57:19+09:00,ONT,KRW-ONT,ONTUSDT,76.4,-6.14250614,1173637453.4498262,1790632565091,False,False,,552688551.3363923,2928897578.1057897,738193729.7565117,743208674.072926,1153233650.631319,0.18870190458958738,0.3759530328550627,0.44315869919399964,1,3.5623409669211403,5.167958656330751,감소형,669651.29498,-6.048,486092.97467,1133616.28373,484443.1094,622708.49006,889295.32869,0.4287985111422196,0.6507942812594968,0.6418336126620554,1,4.3568824856795585,3.9778623313732275,감소형,,0.0,,10.6,관찰,10.6
2026-09-29T06:57:19+09:00,TOKAMAK,KRW-TOKAMAK,,502.0,-4.015296370000001,1113208574.5819993,1790632601109,False,False,,335766775.29606783,2982323009.404212,194135864.6856406,209145573.5551036,392672787.112917,0.11258565025897212,0.29752451636483607,0.41446684934194183,1,3.155818540433919,6.085192697768771,감소형,,,,,,,,,,,,,,NO_DATA,,0.0,,10.6,관찰,10.6
2026-09-29T06:57:19+09:00,CFX,KRW-CFX,CFXUSDT,72.0,-6.12777053,234768941.74459183,1790632636254,False,False,,111867024.33442667,164835634.0395843,403867746.61056376,139601863.77749023,334909691.7722206,0.6786580158241904,0.4738085389646802,0.4414821217749215,1,4.211956521739135,4.211956521739135,감소형,1988335.19943,-6.867,1314412.74002,1692207.18844,1802144.94216,1137405.78343,2360632.20551,0.7767445670950739,0.8513480827906799,0.7220749762758276,1,4.708935854653329,2.467343976777947,중립,,0.0,,10.6,관찰,10.6
2026-09-29T06:57:19+09:00,ONG,KRW-ONG,ONGUSDT,122.0,-6.870229009999999,2627777601.128632,1790632638805,False,False,,1997772770.5581977,5347414116.075403,6209993635.70062,2762881478.364678,3721267476.097185,0.3735960460874894,0.4185193619595424,0.4597962701210688,1,3.9682539682539764,5.645161290322576,감소형,577624.26076,-8.065,440460.03624,944929.66237,1551278.22566,754212.99859,942023.54525,0.4661299711295674,0.40652584843990996,0.38280994360631593,1,3.4304207119741026,3.5532994923857864,감소형,,0.0,,10.4,관찰,10.4
2026-09-29T06:57:19+09:00,LINEA,KRW-LINEA,LINEAUSDT,3.95,-3.6585365899999998,1725638576.1289,1790632590123,False,False,,920766905.2231573,1380578315.800216,1188108829.6634636,594235649.3743852,1388258948.8556542,0.6669428997147901,0.8733380151351106,0.8559078428436213,1,4.3256997455470625,4.859335038363155,감소형,3414002.342366,-1.855,955986.056151,1093619.568089,909271.243243,1134813.949149,2034180.35075,0.8741486381973743,0.914030601149788,0.7599741076685967,1,5.146036161335199,4.09638554216869,중립,,0.0,,10.4,관찰,10.4
2026-09-29T06:57:19+09:00,SENT,KRW-SENT,SENTUSDT,28.0,-8.196721310000001,281218760.1246302,1790632449045,False,False,,293535332.5065201,568315142.5595218,521080633.07266086,1042542809.2756765,4897154485.106926,0.5165009877873825,0.4130541112926194,0.1887498713569751,1,3.3898305084745672,6.271777003484313,감소형,1166370.42221,-6.733,847931.40606,2132161.79776,1767046.56559,1698928.26228,5556437.3114,0.397686238891822,0.45440016710805586,0.32515465459186416,1,3.840814437760298,4.761904761904767,감소형,,0.0,,10.4,관찰,10.4
2026-09-29T06:57:19+09:00,HIVE,KRW-HIVE,HIVEUSDT,75.0,-7.17821782,1484206319.7388153,1790632629262,False,False,,1252997828.2207923,7128125470.1953945,1930753153.80951,10119001102.891792,1141522182.4377542,0.1757822352398134,0.19600672953384118,0.2929878338010264,1,3.1928480204342247,7.161803713527837,감소형,388483.6194,-6.914,351933.6781,718556.7261,441699.4897,1548123.382,225614.2634,0.489778559321456,0.3898275689115443,0.5423024650094744,1,3.472222222222232,6.428571428571428,감소형,,0.0,,10.3,관찰,10.3
2026-09-29T06:57:19+09:00,POWR,KRW-POWR,POWRUSDT,90.8,-4.5215562600000005,681777986.1414435,1790632631507,False,False,,652975185.9377671,1639108515.52632,889592822.0878876,1285140919.4390612,10935424031.639046,0.39837215154000705,0.5136357053547483,0.21154925251537912,1,1.3859275053304865,9.942196531791891,감소형,219048.9829,-5.39,158612.349,210354.5347,199611.0425,300476.8309,1125712.2561,0.7540239112325635,0.6697756800196848,0.41037287676686346,1,2.3255813953488413,8.809891808346237,중립,,0.0,,10.3,관찰,10.3
2026-09-29T06:57:19+09:00,ARDR,KRW-ARDR,,42.7,0.9456264799999999,10870701213.295,1790632628299,False,False,,812298186.8629528,1498862910.8178852,1771026807.208894,1046520920.4602914,777376998.9750688,0.5419429495521413,0.5645650436639194,0.714341742820595,1,0.9546539379474916,8.461538461538453,감소형,,,,,,,,,,,,,,NO_DATA,,0.0,,10.0,관찰,10.0
2026-09-29T06:57:19+09:00,BIO,KRW-BIO,BIOUSDT,39.7,-8.52534562,501539208.3083065,1790632565397,False,False,,278258437.18871534,642930172.4192992,1368540983.820868,674603529.8236185,676170750.999676,0.43279729140981077,0.3107788908094132,0.36131646665481826,1,3.5799522673030992,7.96019900497511,감소형,2437893.135442,-8.48,1102242.56681,1604753.479124,3475737.284606,2714109.142674,2340262.089126,0.6868609921392351,0.4242331537393229,0.4594462375938439,1,3.9961013645224197,6.487025948103775,감소형,,0.0,,10.0,관찰,10.0
2026-09-29T06:57:19+09:00,TAO,KRW-TAO,TAOUSDT,411300.0,-5.03347957,3725537363.043339,1790632627345,False,False,,4391027473.88628,6108682892.241184,5240401253.689657,4071613239.594975,7212508003.220612,0.7188173868811314,0.8542468665537374,0.7120962932875216,1,7.202970297029698,2.4603737875561915,감소형,61860838.49553,-7.784,47054426.2516,58668835.2636,56025376.05486,48442023.51155,55735237.52064,0.8020344368553376,0.8653091626265244,0.7850591831508884,1,7.9311508606142445,1.5238095238095273,중립,,0.0,,9.9,관찰,9.9
2026-09-29T06:57:19+09:00,UP2,KRW-UP2,,89.6,-6.374085679999999,1551345953.9555955,1790632606103,False,False,,1398915526.0265374,3320237954.492803,4140424663.944608,9121690269.55546,22677085362.77111,0.4213299002059732,0.25308510839366094,0.16963484398047168,1,0.8429926238145313,12.853773584905671,감소형,,,,,,,,,,,,,,NO_DATA,,0.0,,9.9,관찰,9.9
2026-09-29T06:57:19+09:00,RED,KRW-RED,REDUSDT,217.0,-6.06060606,606836636.4516562,1790632413842,False,False,,453305584.49506223,884460140.9396214,2204074590.0917773,640842412.1753476,1222816918.1502063,0.5125223438712402,0.3646498332737266,0.3801388936438766,1,5.000000000000004,7.943925233644866,감소형,507890.6813,-6.389,606508.8524,554588.43753,1451062.03742,591737.59609,606538.96095,1.0936197211417547,0.7005216422940825,0.809683796410132,2,6.024844720496891,7.089084065244666,중립,,0.0,,9.5,관찰,9.5
2026-09-29T06:57:19+09:00,QUID,KRW-QUID,,91.4,-7.76992936,2279138568.3222165,1790632620646,False,False,,2572799367.912117,3557051525.6104727,1950152431.75513,1849882511.7334845,7600800215.63554,0.7232955017345623,1.0491106956748204,0.8065472858805998,1,4.64625131995775,10.726256983240212,감소형,,,,,,,,,,,,,,NO_DATA,,0.0,,9.4,관찰,9.4
2026-09-29T06:57:19+09:00,AXS,KRW-AXS,AXSUSDT,1490.0,-6.23033354,3954784000.9989877,1790632634038,False,False,,3334933511.6849756,15160232801.627638,28879221532.56968,1975789494.4618082,3769543785.5264745,0.21997904354918146,0.21742361232091867,0.3156361593420563,1,8.39017735334242,4.402102496714844,감소형,2462319.56612,-6.65,1929666.95195,5486527.02845,9670079.85353,1443065.25115,3361026.9165,0.351710096741317,0.3487418793227959,0.42641960657416683,1,9.01486988847584,3.621908127208484,감소형,,0.0,,9.1,관찰,9.1
2026-09-29T06:57:19+09:00,EUL,KRW-EUL,EULUSDT,1907.0,-7.51697381,5930144579.6740465,1790632591126,False,False,,1410705228.3242621,2036415440.3273146,894530364.2578365,1943014679.1289468,12026810982.079859,0.6927394088592839,0.8683114479721412,0.3748891734121883,1,5.419222903885479,9.914712153518114,감소형,2207737.58573,-7.697,688931.24688,1280823.66631,558929.24953,887669.94263,3101157.90304,0.5378814156868154,0.7577826570682213,0.5028149005429647,1,6.058495821727017,9.019327129563347,감소형,,0.0,,8.9,관찰,8.9
2026-09-29T06:57:19+09:00,DOT,KRW-DOT,DOTUSDT,1585.0,-7.848837209999999,4000022376.27135,1790632631196,False,False,,2054063317.6555839,3759517640.3333883,2988179751.944406,2591438912.4337125,4454398719.391595,0.5463635269639093,0.6598243940243151,0.6376486924183757,1,8.998732572877067,5.327617881200242,감소형,16950478.97945,-7.399,12395495.1393,17276923.99882,13539404.31128,13005945.5901,16094070.9573,0.717459609137981,0.8485749850084865,0.8491175237174524,1,9.688581314878908,4.019688269072996,감소형,,0.0,,8.7,관찰,8.7
2026-09-29T06:57:19+09:00,ZKC,KRW-ZKC,ZKCUSDT,56.9,-7.92880259,2614543723.2481427,1790632641642,False,False,,2417817042.4090457,3455438784.1736565,1580692279.7088804,4305029227.44298,3322372054.9508696,0.6997134643168768,0.7765042993602103,0.7408752984405621,1,7.853403141361248,7.66550522648084,감소형,787951.32481,-7.895,776929.46989,825262.65865,417812.66952,982698.06784,1149829.64203,0.9414329628835194,1.0471813590045838,0.9004978734214484,1,8.571428571428562,6.2937062937062915,중립,,0.0,,8.6,관찰,8.6
2026-09-29T06:57:19+09:00,IO,KRW-IO,IOUSDT,210.0,-9.48275862,349904300.36881703,1790632475933,False,False,,183613644.38910028,294453668.74039084,263662915.3313798,189923379.67554346,519390994.63632125,0.6235739740467822,0.7363790169817364,0.6116542698835737,1,7.906976744186056,7.407407407407418,감소형,2184903.888178,-7.995,1308206.766022,2559451.696468,1929557.542863,1494302.5987,2205380.763772,0.511127741862565,0.6559277544453578,0.6764006620116916,1,8.444444444444454,6.285003111387688,감소형,,0.0,,8.6,관찰,8.6
2026-09-29T06:57:19+09:00,BABY,KRW-BABY,BABYUSDT,17.9,-5.7894736799999995,435551339.55587584,1790632635625,False,False,,442023890.03166485,896033971.0459964,215373224.33652237,356897057.9758629,605455744.7041986,0.4933115309407999,0.9031313960045642,0.7457724646439392,1,7.954545454545436,7.954545454545436,감소형,25740318.82768,-6.945,20114796.07821,51266665.08328,62481594.10353,12561297.49116,61748014.22513,0.39235624251225576,0.4777499804585636,0.4533185237288471,1,10.21840873634945,7.452471482889744,감소형,,0.0,,8.5,관찰,8.5
2026-09-29T06:57:19+09:00,0G,KRW-0G,0GUSDT,366.0,3.09859155,6540209950.220113,1790632627653,False,False,,2982387898.327439,4988616669.185425,2769289982.2243867,4918818100.313952,13441554283.758232,0.5978386587106568,0.7057945857636211,0.47712636796893104,1,1.139601139601143,7.902735562310026,감소형,4517952.728451,2.236,1365956.573586,2584348.675674,1551855.682323,2225640.132211,4773223.872767,0.5285496444204679,0.6441323309718343,0.5148880663320096,1,2.1442495126705596,6.8079902160619765,감소형,,0.0,,8.4,관찰,8.4
2026-09-29T06:57:19+09:00,AVNT,KRW-AVNT,AVNTUSDT,166.0,-4.59770115,5601113014.727707,1790632636885,False,False,,1195438873.5401845,5782477902.048407,1752719222.1020172,1150978016.5932298,2381212864.789187,0.20673470677971942,0.41287638834248924,0.434023986101568,1,9.433962264150942,7.407407407407418,감소형,2621057.51776,-5.599,831675.04443,3607849.00092,2062373.80492,626823.00318,1137267.31249,0.23051825179433041,0.39622153132760796,0.4216923572004967,1,11.398963730569944,7.321131447587348,감소형,,0.0,,8.1,관찰,8.1
2026-09-29T06:57:19+09:00,CBK,KRW-CBK,,309.0,3.6912751700000004,5658771202.247027,1790632605469,False,False,,1324405180.9486356,11160507175.796453,214565846.56875736,295594897.2345304,339719024.96521544,0.11866890635766482,0.3404445718289423,0.5404448252538417,1,3.114186851211076,4.195804195804187,감소형,,,,,,,,,,,,,,NO_DATA,,0.0,,8.0,관찰,8.0
2026-09-29T06:57:19+09:00,BEAM,KRW-BEAM,,2.74,-6.8027210899999995,369549428.7773218,1790632234021,False,False,,359994157.64910626,560232484.8565059,999873776.6124752,5711145321.3826,538087147.03928,0.6425799420419412,0.1485277273989989,0.21874285177531516,1,6.521739130434789,13.513513513513509,감소형,,,,,,,,,,,,,,NO_DATA,,0.0,,7.7,관찰,7.7
2026-09-29T06:57:19+09:00,STEEM,KRW-STEEM,STEEMUSDT,85.9,-6.22270742,1960581816.246962,1790632493430,False,False,,3083767269.9115906,20901412604.131207,10756260792.167986,36332726731.825714,1917377413.5040665,0.14753870125036803,0.13606776533600481,0.2169058042593047,1,7.009345794392519,14.786967418546372,감소형,594741.158079,-5.996,1033858.397974,1538584.647403,1289386.772879,3728518.166524,783302.98282,0.671954188363354,0.47305423929345936,0.6635132178978248,1,7.275615567911031,13.457661290322577,감소형,,0.0,,7.3,관찰,7.3
2026-09-29T06:57:19+09:00,ATH,KRW-ATH,,8.12,-6.98739977,1936936298.78548,1790632626687,False,False,,1366851252.7325058,1837788426.3344338,1420991113.4247174,2186292856.8161902,12795420198.684797,0.7437478836771014,0.7530760767802731,0.3520145590070864,1,8.04455445544554,13.376623376623375,감소형,,,,,,,,,,,,,,NO_DATA,,0.0,,7.2,관찰,7.2
2026-09-29T06:57:19+09:00,SOMI,KRW-SOMI,SOMIUSDT,268.0,-9.152542369999999,196453413.13108158,1790632563698,False,False,,206529955.53623167,420368634.5193351,148701151.869303,135297929.99869627,232961572.29158592,0.4913067688134858,0.8796397850068135,0.7882574465355541,1,8.455882352941169,13.899613899613893,감소형,480456.38135,-9.266,376117.86315,684427.35608,357866.81683,394628.36187,806392.75755,0.549536572156004,0.7852570769396114,0.6497542547153154,1,9.406438631790737,12.28704181724316,감소형,,0.0,,7.0,관찰,7.0
2026-09-29T06:57:19+09:00,POL,KRW-POL,POLUSDT,157.0,-4.848484849999999,5577782992.663361,1790632528396,False,False,,2439214404.6058927,3602430986.3148084,4454245326.758308,3746017336.532518,6316580413.86697,0.6771023272540592,0.619997725185571,0.5645761050636925,1,10.738255033557053,12.244897959183664,감소형,18631015.078734,-6.416,9530285.679891,11368259.391063,13085919.904033,7918305.896612,13201410.952584,0.8383240874485238,0.8831838788514255,0.8881252794616541,1,12.195570260086374,11.366538952745842,중립,,0.0,,6.5,관찰,6.5
2026-09-29T06:57:19+09:00,OP,KRW-OP,OPUSDT,181.0,-9.95024876,1014884287.076308,1790632519805,False,False,,566818697.8174865,816831250.957464,1571187955.011534,1597657854.4682693,1923671876.0399952,0.6939238638985462,0.4266417142350974,0.3907430541414254,1,12.290502793296088,10.439560439560447,감소형,7803731.57797,-9.783,4279659.367694,7384000.545402,9247184.815962,8142861.952457,13190211.13256,0.5795854620242321,0.518243060588625,0.43612838741984294,1,13.698630136986312,10.421286031042133,감소형,,0.0,,6.4,관찰,6.4
2026-09-29T06:57:19+09:00,FIL,KRW-FIL,FILUSDT,1410.0,-8.796895209999999,5173583377.286717,1790632624673,False,False,,6401116537.707158,18443857953.829006,3146047633.4990187,3185409877.1442676,5224206228.811191,0.3470595226731436,0.7751001048062941,0.9362244068076048,1,14.518518518518508,10.42857142857143,감소형,18934957.489111,-8.828,12959961.239863,32737197.186611,14256010.626851,16441816.358158,26646111.401134,0.395878766468237,0.6129087870196376,0.5472402364941943,1,15.149374243035929,9.281609195402307,감소형,,0.0,,5.6,관찰,5.6
2026-09-29T06:57:19+09:00,SPK,KRW-SPK,SPKUSDT,30.3,-8.18181818,1069293148.2696345,1790632615686,False,False,,1600890459.0084813,3010280144.735454,6663872183.252292,465752301.2905843,1284345044.045714,0.5318077992867899,0.4736406852543796,0.6523188943731426,1,14.18685121107266,11.486486486486491,감소형,1830488.286471,-8.576,1911992.369416,2890252.318085,5449222.658569,1003479.965383,1352889.902704,0.6615312986524418,0.6139360773795418,0.8020040329476195,1,14.758822695705586,9.487965383575215,감소형,,0.0,,5.5,관찰,5.5
2026-09-29T06:57:19+09:00,WAXP,KRW-WAXP,WAXPUSDT,8.08,-7.01956272,1268185601.6563048,1790632493737,False,False,,3247008281.521007,42462153497.91535,22824305048.547558,181620909.6402677,393643010.4519714,0.07646829032541688,0.14879044758132012,0.24537020667653728,1,13.89252948885975,15.558510638297873,감소형,432217.57885,-6.875,559065.29223,1877779.88597,2151077.76048,138000.26881,176323.56658,0.2977267444427892,0.40250853539971204,0.6199472805571311,1,14.438502673796783,14.03197158081706,감소형,,0.0,,4.7,관찰,4.7
2026-09-29T06:57:19+09:00,LINK,KRW-LINK,LINKUSDT,20610.0,8.47368421,39759394544.61163,1790632643276,False,False,,8911153345.193707,13557068006.017862,18627353208.430157,11456517784.600773,10710856925.352594,0.6573068263165844,0.6125775624617933,0.6994950215806532,1,5.3215077605321515,8.63350485991996,감소형,118488746.1745,8.115,28895608.03183,44634687.22463,82230887.10534,46880834.15198,54181103.02568,0.6473800944635058,0.49892728634155137,0.5343621529973019,1,6.073670675440579,7.496550666871071,감소형,,0.0,,2.5,관찰,2.5
2026-09-29T06:57:19+09:00,ALGO,KRW-ALGO,ALGOUSDT,184.0,13.58024691,26300570207.92182,1790632627001,False,False,,2848396924.686025,4804599451.429185,5397254106.955454,3808832316.582384,3629799137.10771,0.5928479477802745,0.6099052430634977,0.6421074447793187,1,4.516129032258065,7.284768211920523,감소형,27999756.2332,14.129,3491556.6524,3382384.093,5331410.7496,4241551.6487,4416722.3891,1.0322768072454982,0.8085210198148025,0.7979552153823267,2,5.5653710247349775,6.601248884924171,중립,,0.0,,0,관찰,0
2026-09-29T06:57:19+09:00,WLD,KRW-WLD,WLDUSDT,656.0,-11.111111110000001,56179559283.17814,1790632637837,False,False,,105492502626.24637,77697669029.96974,52565565893.37676,39959977333.64724,42745220250.78275,1.3577305978839023,1.8591912564835082,2.1922307587087633,4,23.0,16.77215189873418,연속 가속형,83203117.69498,-12.911,96159565.92176,77863222.94531,54755881.21814,42902740.43698,82422997.68308,1.2349805503080842,1.6435486900333842,1.6256150284789361,4,23.767325607816403,15.549427238014424,연속 가속형,,0.0,,58.1,시동,58.1
2026-09-29T06:57:19+09:00,SUPER,KRW-SUPER,SUPERUSDT,260.0,-4.41176471,377440843.0305209,1790632641641,False,False,,1948985384.0434065,665389665.6627365,255317218.9796544,946627186.7872822,14373498003.060947,2.9290887499765907,3.131178422537783,0.5923645102866529,3,14.28571428571428,25.34562211981566,가속형,2101838.1936,-4.018,4827810.9989,2746411.684,1502376.7698,1732911.2682,11237284.1419,1.7578613676259034,2.421290547807274,1.3224561937966732,3,14.78510028653297,22.883435582822088,가속형,,0.0,,52.5,시동,52.5
2026-09-29T06:57:19+09:00,BIGTIME,KRW-BIGTIME,BIGTIMEUSDT,12.2,-7.57575758,1101986767.086546,1790632217974,False,False,,3549424260.235683,1147267740.7328522,1669694652.512611,684288594.7464048,1136401114.5560539,3.0938063838249126,3.0412766229062416,3.359523538933952,2,15.78947368421051,14.782608695652177,고수준 유지형,504626.28156,-7.676,1672254.7728,282942.66406,493566.22312,207267.76227,459842.29385,5.910224880208898,5.0994952169323415,4.965537083404592,2,15.814506539833516,13.91812865497075,일회성 폭증형,,0.0,,52.3,시동,52.3
2026-09-29T06:57:19+09:00,PYTH,KRW-PYTH,PYTHUSDT,109.0,-3.5398230099999997,2682008235.606714,1790632630868,False,False,,3991614836.613909,3468921211.4411983,3047857447.5176573,2924728495.8141713,3915445426.674636,1.1506790132473352,1.2683191691262983,0.9124555726362977,4,21.244635193133043,25.13842746400887,연속 가속형,5987775.500127,-4.934,10497146.137928,5981839.472423,6176793.668346,5268351.977541,7792857.527181,1.754835813685925,1.8070502843717302,1.5078495215173748,2,22.175058548009364,24.026745913818726,고수준 유지형,,0.0,,46.2,시동,46.2
2026-09-29T06:57:19+09:00,META2,KRW-META2,,8255.0,-8.27777778,7265954463.647011,1790632641656,False,False,,37052125116.073135,23733103758.412453,3502073588.454111,47771446057.41733,1312374597.4304364,1.5612001486716465,1.48195413022513,2.389054272337344,3,8.695652173913038,21.212121212121215,고수준 유지형,,,,,,,,,,,,,,NO_DATA,,0.0,,44.1,시동,44.1
2026-09-29T06:57:19+09:00,IMX,KRW-IMX,IMXUSDT,232.0,-10.42471042,2238302330.4626536,1790632639435,False,False,,1151696682.1553848,734383159.4712043,695058425.5296264,1420214291.307391,595886747.0028359,1.5682503980410838,1.2124586955188017,1.412412927694432,3,24.51923076923077,25.120772946859905,중립,3915508.434136,-4.591,1686061.242208,922221.479567,1083131.136842,836509.928384,995978.850852,1.828260650575648,1.7798833148675164,1.8684310467076597,2,25.757575757575758,23.559870550161797,고수준 유지형,,0.0,,31.2,시동,31.2
2026-09-29T06:57:19+09:00,RAY,KRW-RAY,RAYUSDT,2557.0,-13.086335830000001,1819800166.6322327,1790632595464,False,False,,5359480776.789576,1455817016.1238296,1707500215.5006154,8675593003.523516,10542000417.475857,3.681424737745823,1.3581015491302761,1.126236011563554,2,2.5801952580195353,20.032639738882096,중립,10336928.0955,-13.181,11415519.83473,6064212.77023,8179939.04153,17220642.34483,19261376.73571,1.882440519034928,1.0884088207841458,0.9806594632901937,2,3.2232032659261556,19.09195465250013,중립,,0.0,,31.2,시동,31.2
2026-09-29T06:57:19+09:00,JTO,KRW-JTO,JTOUSDT,752.0,-6.815365549999999,2884634864.1572323,1790632633400,False,False,,6966882506.618098,4522920033.734624,8337085133.595275,2877686035.285347,4143641074.957268,1.5403505820697583,1.3280631352317476,1.5678875319888812,2,20.808383233532936,15.121255349500707,중립,3587091.69677,-7.415,5687937.90967,7103124.16441,7928266.00227,2800244.30626,3999833.99673,0.8007656600132728,0.9569405291985327,1.1447864478275198,1,21.71428571428573,14.034416826003838,중립,,0.0,,27.9,시동,27.9
2026-09-29T06:57:19+09:00,SC,KRW-SC,SCUSDT,1.48,-6.32911392,2622392613.1693673,1790632545901,False,True,거래량급등,10782846319.552984,1376351611.1847699,3556456943.0561314,955904669.1379834,4963779603.161496,7.834368944626773,5.49331199050948,4.623248784167203,2,14.492753623188426,21.53846153846155,일회성 폭증형,592405.776174,-5.474,1694167.148409,614723.260837,3376942.058417,386682.489163,1121330.284613,2.7559834747464116,1.1608263362395113,1.4408856680685527,2,15.346534653465337,20.10309278350515,중립,,0.0,,27.2,시동,27.2
2026-09-29T06:57:19+09:00,NEAR,KRW-NEAR,NEARUSDT,6420.0,-11.93415638,55158032127.06853,1790632639115,False,False,,79909839221.04,31254861439.00797,72064149364.41997,73082410539.58403,90832970870.53133,2.5567171166949296,1.358999920964167,1.2011226026018353,2,16.3607342378292,22.72727272727273,중립,242635674.2848,-14.449,209530185.3042,128880615.4841,259628294.889,248904564.2981,544327686.1423,1.6257695892990962,0.9861582487518777,0.7125228552594848,2,17.33827052929644,21.71260732037956,중립,,0.0,,26.2,시동,26.2
2026-09-29T06:57:19+09:00,SUI,KRW-SUI,SUIUSDT,1560.0,-8.82524839,71274156059.38124,1790632643540,False,False,,72150280824.74692,37959648415.27883,92344810108.28906,27258664338.04493,37117718593.12104,1.900709933754452,1.3737404955114327,1.4835648082782806,2,23.71655820679681,24.526928675400296,중립,213157444.3164,-9.903,125595106.63793,88530369.46325,182822564.77106,74510416.67574,114067847.02944,1.4186669207346527,1.0894051622479712,1.066616844289522,2,24.642540183413875,23.48573661586557,중립,,0.0,,25.0,시동,25.0
2026-09-29T06:57:19+09:00,KITE,KRW-KITE,KITEUSDT,186.0,-10.57692308,3057693725.427976,1790632552358,False,False,,3615246971.318374,4620954677.440816,1959462780.5447605,1645136779.0401716,3999601697.563446,0.7823593226239076,1.3185422649254575,0.8195498698290039,1,16.201117318435763,13.043478260869556,중립,3878742.57842,-11.067,4134543.50921,3781137.72426,2178491.51505,1569254.41002,3170506.19445,1.093465462176246,1.6474727337211281,1.238696962531101,4,16.98400609291697,11.223750905141184,연속 가속형,EARLY,5.0,Binance 연속가속 우위,24.0,시동,24.0
2026-09-29T06:57:19+09:00,MET2,KRW-MET2,,441.0,-15.192307690000002,2600319318.313129,1790632357830,False,False,,849874054.7980781,846374243.0733413,1242903949.3253098,2833595948.7933507,21603751334.595505,1.004135064072872,0.5179133350292967,0.15302047865533505,2,15.812917594654795,17.381489841986465,중립,,,,,,,,,,,,,,NO_DATA,,0.0,,23.6,시동,23.6
2026-09-29T06:57:19+09:00,ONDO,KRW-ONDO,ONDOUSDT,694.0,-12.704402519999999,178912020290.83667,1790632643222,False,False,,72093255782.74284,51648941979.017944,182249626730.641,212301739136.4852,51633687378.31411,1.3958321897867776,0.48471451844628644,0.6528892065118634,2,11.65730337078652,34.06408094435076,중립,86797357.46746,-9.188,31087976.78357,23617885.69497,74727385.76855,119026781.55669,26871723.27862,1.3162895775294117,0.4290520747947247,0.5622745884700093,2,12.586206896551722,33.17471108089733,중립,,0.0,,21.9,시동,21.9
2026-09-29T06:57:19+09:00,DEEP,KRW-DEEP,,29.8,-8.30769231,2199449507.4794188,1790632631828,False,False,,6313913085.301114,1404081062.7881067,6620882322.359408,1232392328.725216,830992587.3002938,4.496829458523908,2.046128488669605,2.857091387016645,2,19.485294117647058,22.180451127819545,일회성 폭증형,,,,,,,,,,,,,,NO_DATA,,0.0,,21.0,시동,21.0
2026-09-29T06:57:19+09:00,B3,KRW-B3,,1.06,-7.8260869600000005,5013809965.547883,1790632634037,False,False,,14135762584.19652,4878575540.299883,33742862659.562485,4519018857.223932,43335091960.85083,2.8975184390252577,0.9830050640509774,0.7959753862804556,2,18.31275720164609,34.18903150525088,중립,,,,,,,,,,,,,,NO_DATA,,0.0,,19.6,시동,19.6
2026-09-29T06:57:19+09:00,CFG,KRW-CFG,CFGUSDT,214.0,-5.30973451,3935651937.945212,1790632608422,False,False,,3317633450.915733,4083906565.855541,3885777834.9190354,4720810978.725211,3044107824.47045,0.8123676184596351,0.7842798925584183,0.9561173900734121,1,10.2439024390244,20.85561497326203,중립,4038940.02543,-4.446,3654737.03126,2120588.16306,3471573.13969,3869004.77242,2915913.89841,1.7234544146404314,1.1588646691822282,1.27599832442114,2,10.49136786188578,19.712230215827333,중립,,0.0,,16.8,시동,16.8
2026-09-29T06:57:19+09:00,JUP,KRW-JUP,JUPUSDT,438.0,-13.095238100000001,5520531069.749472,1790632624676,False,False,,3529787836.045504,3701969898.403964,4706453927.904771,5739589855.251501,3115259946.378277,0.9534890701211014,0.7484699793539302,0.8775006945176675,1,22.330097087378633,24.444444444444446,중립,11978427.026,-12.06,7087091.53458,5451753.66575,8128637.36874,6371430.71717,6483993.13404,1.2999654733308692,1.0656307413116826,1.113151217689012,2,23.38308457711442,23.056566324842876,중립,,0.0,,11.8,시동,11.8
2026-09-29T06:57:19+09:00,ENA,KRW-ENA,ENAUSDT,347.0,-6.216216220000001,33275843677.473614,1790632642904,False,False,,32886600909.365326,42380982587.99021,58634115789.54371,29841860937.01719,26144984028.471283,0.7759754234363747,0.7539515150351284,0.8850466794753142,1,20.915032679738555,27.586206896551737,중립,76013956.472068,-8.489,55822219.623208,77584468.569489,122704831.401416,48196978.041166,55802386.259145,0.7195025067834355,0.6739473109315468,0.7677014211105363,1,21.32680320569904,25.8660508083141,감소형,,0.0,,11.6,시동,11.6
2026-09-29T06:57:19+09:00,CPOOL,KRW-CPOOL,,49.0,-0.40650406999999994,8511907547.390695,1790632544942,False,False,,4225574305.575965,26946587683.036934,3169764996.98009,14137399776.086727,86128004791.0223,0.1568129647909369,0.2864553221628428,0.15677152964984198,1,5.353319057815842,26.478149100257077,감소형,,,,,,,,,,,,,,NO_DATA,,0.0,,5.3,시동,5.3
2026-09-29T06:57:19+09:00,CC,KRW-CC,,175.0,-5.91397849,6623640806.8094,1790632626674,False,False,,1805957812.103909,4761875245.716115,3969138686.9737163,2608936747.0009675,2991076611.0929365,0.3792534913065157,0.47776869488637436,0.5463695918052935,1,19.23076923076923,19.23076923076923,감소형,,,,,,,,,,,,,,NO_DATA,,0.0,,2.0,시동,2.0
2026-09-29T06:57:19+09:00,PROM,KRW-PROM,PROMUSDT,8580.0,-0.17452007,4794598705.46708,1790632567746,False,False,,3859100346.707132,21579936425.72203,3893344132.355357,17867927015.01864,3388322516.7550354,0.17882816105553065,0.26711994631427816,0.3780898742650811,1,13.1665569453588,28.860569715142436,감소형,2258564.20659,-0.268,1651019.69972,6768657.92465,4107157.00747,6768551.80743,3688866.66206,0.24392127924020807,0.2807161726046917,0.3017341615938063,1,13.704765317090661,27.577889447236203,감소형,,0.0,,2.0,시동,2.0
2026-09-29T06:57:19+09:00,AERO,KRW-AERO,AEROUSDT,1094.0,-4.1191936899999995,1425334557.957666,1790632558302,False,False,,794691964.5867388,5832876685.539823,9569737373.453264,556927863.2984602,2030215695.5642734,0.1362435736995512,0.14938247634979107,0.2121912267513903,1,20.485744456177414,24.29193899782136,감소형,8833769.02928,-4.999,4818271.80995,13183278.97201,11766517.7364,4299156.80788,6555083.76461,0.3654835659762556,0.49419940517870115,0.6081576911999823,1,21.10791366906475,23.073548764439256,감소형,,0.0,,0.5,시동,0.5
2026-09-29T06:57:19+09:00,2Z,KRW-2Z,2ZUSDT,91.0,-1.08695652,4737460515.874126,1790632628615,False,False,,11479689720.476973,46377199389.2875,1816024776.7233481,4426320467.1560545,1010653498.5870003,0.24752873980416817,0.6544919649442091,1.0546668878423489,1,20.734908136482932,27.071823204419875,감소형,3632748.67696,-0.963,3276419.57963,14791129.08431,2270920.13317,3842032.20728,932822.46393,0.2215124728446546,0.4702076374065239,0.7260186097050552,1,21.54093671791204,26.14100185528756,감소형,,0.0,,0.1,시동,0.1
2026-09-29T06:57:19+09:00,W,KRW-W,WUSDT,18.3,-13.67924528,3617083574.059372,1790632616015,False,True,"거래량급등,입금량급등",17624755942.3373,1131367014.048889,836731873.5387086,521776961.02423143,1022270842.024354,15.578283371779207,21.235704525786172,20.88129323191443,4,31.677018633540357,28.48484848484849,연속 가속형,6647754.523513,-13.441,17649365.554316,1820695.899841,1336199.940635,705149.893797,1213148.43817,9.693747075421713,13.709857496784684,14.852024536502123,4,33.56047700170357,27.89559543230016,연속 가속형,,0.0,,64.7,이미 발동,64.7
2026-09-29T06:57:19+09:00,SOON,KRW-SOON,,464.0,4.26966292,102193974931.80359,1790632638170,False,True,"거래량급등,입금량급등",111059257121.1353,2942006336.9793057,307195966.51245296,252653347.67808473,677391423.3565129,37.74949622819813,95.14320536087865,119.73595365913032,4,64.81481481481481,64.81481481481481,연속 가속형,,,,,,,,,,,,,,NO_DATA,,0.0,,60.6,이미 발동,60.6
2026-09-29T06:57:19+09:00,PUMP,KRW-PUMP,PUMPUSDT,6.75,-3.43347639,15440835147.375063,1790632628621,False,False,,10436854627.000069,7077553989.372783,4101793198.247136,3212175210.8482614,6006452055.01929,1.4746414711454556,2.1756255533002453,2.106824580109971,4,32.8897338403042,16.306156405990023,연속 가속형,97836580.841484,-3.012,44401920.944388,32172533.501279,30642050.637338,23589540.330818,31396090.739447,1.380118881300499,1.541659772043461,1.492258950258386,4,33.79185050609914,14.964317573594998,연속 가속형,,0.0,,60.4,이미 발동,60.4
2026-09-29T06:57:19+09:00,HBAR,KRW-HBAR,HBARUSDT,164.0,27.131782949999998,95339186864.30437,1790632639111,False,False,,8487655595.480886,8031553194.968876,10266904064.419823,7837796522.098043,14375027606.343346,1.0567888164891595,0.974239345826945,0.7284107769084357,2,0.78125,-3.007518796992481,중립,194034725.14423,27.727,11052489.19023,8082551.50232,17135320.24943,14905687.12617,24203118.76372,1.36745051201437,0.8263840122351799,0.5682207234458296,2,2.9756149962401945,-3.2694248234106937,중립,,0.0,,22.7,이미 발동,22.7
2026-09-29T06:57:19+09:00,GRT,KRW-GRT,GRTUSDT,41.3,-15.020576129999998,10583231993.907644,1790632641643,False,True,거래량급등,9071361149.54614,731855728.3630054,1211123677.7500463,951787328.2330859,2101522100.2157292,12.39501283926097,9.401131747766014,7.493802518901487,2,36.13445378151259,42.10526315789473,일회성 폭증형,11313428.93396,-13.717,8625115.02899,1125552.21867,2674194.94095,2025342.67638,3667964.17778,7.66300744285485,4.442050820754072,3.7782064616293733,2,37.02857142857143,41.335952848723004,일회성 폭증형,,0.0,,22.0,이미 발동,22.0
2026-09-29T06:57:19+09:00,SEI,KRW-SEI,SEIUSDT,104.0,-2.8037383200000003,23883526142.221794,1790632640386,False,False,,10291383553.012356,9321732754.902367,20394772206.696033,5879647499.848794,6985581769.358609,1.104020445941238,0.8673451630053459,0.8624034343849559,2,25.5868544600939,29.539951573849898,중립,34854749.721,-0.953,10643171.503871,14069172.026541,22171877.136968,7059718.354956,8530981.551834,0.7564888313109704,0.7373891120520463,0.8145628162460232,1,26.448000000000004,28.35796654214715,중립,,0.0,,18.5,이미 발동,18.5
2026-09-29T06:57:19+09:00,EDGE,KRW-EDGE,,150.0,-13.79310345,6132000391.0809355,1790632639755,False,False,,22661913821.031116,50292055955.15759,14228712507.995514,993838171.4625647,2265532510.5811124,0.4506062317523345,1.0377188379113615,1.6484472885714079,1,47.457627118644076,56.75675675675676,감소형,,,,,,,,,,,,,,NO_DATA,,0.0,,1.5,이미 발동,1.5
2026-09-29T06:57:19+09:00,ARK,KRW-ARK,ARKUSDT,326.0,-2.6865671599999996,6168114734.393915,1790632624691,False,False,,26498691902.278065,55885811049.05972,52682106069.79903,12628264103.34839,3392887772.0143294,0.4741577764527031,0.6559288824544902,1.044547239274677,1,26.415094339622634,58.01886792452831,감소형,1991891.0049,-3.671,2379822.6635,8592370.0907,13545476.7111,4416067.3941,744307.8361,0.2769692923348139,0.26886687732094705,0.4284980877876002,1,27.357032457496146,56.65399239543727,감소형,,0.0,,0,이미 발동,0
2026-09-29T06:57:19+09:00,KMNO,KRW-KMNO,KMNOUSDT,57.3,-12.91793313,2056204884.8891084,1790632573099,False,False,,3981742006.335139,15492312873.99916,3889318693.153313,1784476065.7613142,2653405455.862969,0.25701404552819995,0.5643562919632097,0.8139893763535184,1,27.27272727272727,43.04347826086956,감소형,2387905.51806,-12.433,2208147.23103,4322522.20685,3491120.48963,2152592.6384,3565962.78858,0.5108469373577071,0.6646884676609698,0.7330516472752016,1,28.326745718050073,42.18978102189781,감소형,,0.0,,0,이미 발동,0
2026-09-29T06:57:19+09:00,EGLD,KRW-EGLD,EGLDUSDT,7290.0,8.80597015,64288452025.08389,1790632638159,True,True,글로벌가격차이,1194750422.935048,2725265739.736606,8669285212.33961,92211240860.45322,2595424439.9131804,0.43839776999160435,0.0345950859126747,0.05549796254618957,1,-12.873862158647597,10.652353426919902,감소형,626169.38558,-4.207,471722.15588,489103.46102,739418.72465,990387.58821,3029233.72257,0.9644629275291731,0.6377755798359619,0.34554259018528843,1,8.450379921713091,6.512890094979662,중립,,0.0,,0,유의종목,0
2026-09-29T06:57:19+09:00,MANTRA,KRW-MANTRA,MANTRAUSDT,6.92,-1.56472262,15521165055.080923,1790632639751,True,True,글로벌가격차이,1633788795.185256,4180910332.930153,38492457450.42491,2991482478.067636,774887559.6126161,0.3907734596260116,0.10733346014486778,0.17201080431947072,1,-4.092769440654842,7.8220858895705625,감소형,957997.67983,-6.131,509941.64063,835752.80688,2186291.42177,1886172.0057,714683.74528,0.610158454069325,0.31168653719523753,0.40070652608660345,1,0.0,3.04347826086957,감소형,,0.0,,0,유의종목,0
2026-09-29T06:57:19+09:00,RVN,KRW-RVN,RVNUSDT,3.19,-4.491017960000001,5828571757.161174,1790632421810,True,False,,815590032.0764959,729312151.3701749,1294438833.3449526,1992025259.1813576,1917711221.0750299,1.1183003471753883,0.6092894493183715,0.3306251478019889,2,-1.183431952662728,-0.29850746268657025,중립,987621.1038449,-7.134,457867.6334544,441414.0288915,813387.625776,773755.9670804,1231175.8493321,1.0372747658342873,0.677132799008016,0.5209585590827736,2,1.9222732971165835,-0.448979591836729,중립,,0.0,,0,유의종목,0
2026-09-29T06:57:19+09:00,SOPH,KRW-SOPH,SOPHUSDT,5.03,-4.19047619,4331343106.324466,1790632640071,True,False,,1608623818.9112577,1412164280.628409,1791869991.560728,4613225693.404075,3045125179.522937,1.1391194643412343,0.6173354190565878,0.3520113371615662,2,-1.6853932584269593,0.190839694656475,중립,898539.19565,-8.511,331077.18013,607166.49403,566674.12096,957325.82572,1490555.78654,0.5452823622273886,0.4660506666288834,0.22822625233875327,1,-2.088772845953013,-3.598971722365041,감소형,,0.0,,0,유의종목,0
2026-09-29T06:57:19+09:00,SAND,KRW-SAND,SANDUSDT,57.8,-6.320907620000001,3607198991.935944,1790632514094,True,False,,1340190107.479589,2235041380.468845,5942227861.32193,2029361352.03652,5944895723.500585,0.5996265300459257,0.3939174917205589,0.36732389471254007,1,4.931972789115657,6.563039723661501,감소형,1561496.17783,-5.875,1293294.2342,1801513.63781,4095841.40309,1953205.61442,3940830.16572,0.7178931133556036,0.4942172760579544,0.44243725293433417,1,6.554307116104852,5.2728954671600325,감소형,,0.0,,0,유의종목,0
2026-09-29T06:57:19+09:00,ICX,KRW-ICX,,19.1,-3.5353535399999996,2371755983.74376,1790631646909,True,False,,573091450.0530171,490681587.1460156,1806613109.393738,820791151.5531006,1115014111.2166288,1.1679497765268259,0.5513877532302802,0.49402119543167144,2,-0.5025125628140614,0.5076142131979822,중립,,,,,,,,,,,,,,NO_DATA,,0.0,,0,유의종목,0
2026-09-29T06:57:19+09:00,ZIL,KRW-ZIL,ZILUSDT,4.38,-5.60344828,1982967825.8593187,1790632622052,True,False,,464567523.5296199,753082291.889733,6935308182.743683,2069883485.6802201,1375602171.1410267,0.6168881256839356,0.1428226524749122,0.1765319573265524,1,0.0,0.6507592190889255,감소형,472784.0026536,-7.233,410873.6653161,587220.3951316,852608.2694845,409336.4625708,1299022.2905563,0.6996924301718446,0.666582436487683,0.4547163846899552,1,1.1758417958311007,-2.6234567901234573,감소형,,0.0,,0,유의종목,0
