scan_time_kst,coin,upbit_market,binance_symbol,upbit_price,upbit_price_24h_pct,upbit_24h_trade_krw,upbit_timestamp_ms,warning,caution_any,caution_types,upbit_D1_trade_krw,upbit_D2_trade_krw,upbit_D3_trade_krw,upbit_D4_trade_krw,upbit_D5_trade_krw,upbit_d1_vs_prev_x,upbit_d1_vs_3davg_x,upbit_d1_vs_5davg_x,upbit_rise_streak,upbit_price_3d_pct,upbit_price_5d_pct,upbit_supply_pattern,binance_24h_quote_usdt,binance_price_24h_pct,binance_D1_quote_usdt,binance_D2_quote_usdt,binance_D3_quote_usdt,binance_D4_quote_usdt,binance_D5_quote_usdt,binance_d1_vs_prev_x,binance_d1_vs_3davg_x,binance_d1_vs_5davg_x,binance_rise_streak,binance_price_3d_pct,binance_price_5d_pct,binance_supply_pattern,overseas_lead,overseas_lead_score,overseas_lead_reason,raw_signal_score,state,score
2026-10-09T05:04:49+09:00,ORBS,KRW-ORBS,,9.45,-2.47678019,149360036.16592133,1791489024895,False,False,,327600127.2230467,152047372.8340687,69718798.26145488,41301974.98991258,43298479.90241617,2.154592487306973,3.7359155652009575,4.035521285730334,4,-3.1000000000000028,-2.8084252758274975,연속 가속형,,,,,,,,,,,,,,NO_DATA,,0.0,,87.0,발사 전,87.0
2026-10-09T05:04:49+09:00,USDE,KRW-USDE,USDEUSDT,1371.0,0.29261156,112840079.39412577,1791487880024,False,False,,19975873.73628953,5228815.55545916,2598877.2868235,3543503.65683388,8236830.93977418,3.820343923861239,5.270124495124549,3.191664521525279,3,0.8856088560885711,0.8112094395280156,가속형,743316.8359,0.02,1079036.4513,1289422.2385,1076430.2862,859360.0132,235784.2651,0.8368371655783259,1.003688692097094,1.2443367251348403,1,0.0,0.010002000400088917,중립,YES,10.7,Binance D2 선행→Upbit D1 확산,84.9,발사 전,84.9
2026-10-09T05:04:49+09:00,MINA,KRW-MINA,MINAUSDT,107.0,-15.748031500000002,17863968912.37437,1791489878119,False,False,,14466987178.036215,8474394052.801973,6115613012.173465,1066143826.3222744,1739126897.9787982,1.7071411935644945,2.772134852010947,3.289567199071432,4,-40.375586854460096,-42.79279279279279,연속 가속형,12628938.22778,-15.038,14319147.89594,12123599.97486,2664049.45456,1179313.16838,1846533.36305,1.1810970277502375,2.690395460294926,3.2407336850991646,4,-41.4711477488903,-43.304668304668304,연속 가속형,,0.0,,82.6,발사 전,82.6
2026-10-09T05:04:49+09:00,WAL,KRW-WAL,WALUSDT,46.3,-8.49802372,1455862147.6796188,1791489780017,False,False,,2079670409.9435294,1071918665.4721947,562955627.9547884,464380234.0294989,447541666.8739779,1.9401382557578717,2.972012754160857,3.3640892004582565,5,3.476482617586929,9.05172413793105,연속 가속형,842903.557727,-8.417,1563301.735107,777112.541373,468709.137083,597876.555805,254076.146464,2.011679971532776,2.5437488186350787,3.0425450418387214,3,2.4612831858407125,8.81057268722467,가속형,,0.0,,82.4,발사 전,82.4
2026-10-09T05:04:49+09:00,USD1,KRW-USD1,USD1USDT,1371.0,0.66079295,281743929.9468084,1791489868269,False,False,,125478234.27709049,50643877.67906396,44059142.71401059,42728387.87608658,17741028.29808755,2.4776585053826325,2.7390733135326633,2.967221445247645,5,0.5908419497784312,0.07347538574578039,연속 가속형,251457332.25786,0.035,181778995.95581,95074142.69815,145445402.70314,64756971.54799,61996923.25363,1.911970918664378,1.7863705774592378,1.5749804918798624,2,-0.019002850427563,0.0020007202592875473,고수준 유지형,,0.0,,81.0,발사 전,81.0
2026-10-09T05:04:49+09:00,INJ,KRW-INJ,INJUSDT,9310.0,-8.63591757,1651670039.60234,1791489888253,False,False,,2432291764.0843763,1114032783.0187428,543745269.5734411,717279083.737277,915339432.4807373,2.1833215334054086,3.0722946326799137,3.0248722858752535,3,-1.545893719806768,0.4930966469427922,가속형,16660323.58357,-9.487,19818556.32309,15485926.1145,8011305.64509,6665001.3697,9228838.4477,1.279778566458044,1.9711958565671872,1.927489270756731,4,-2.3289284312442704,0.18789424238356833,연속 가속형,,0.0,,72.6,발사 전,72.6
2026-10-09T05:04:49+09:00,NXPC,KRW-NXPC,NXPCUSDT,286.0,-4.66666667,256839866.21956322,1791489803441,False,False,,455570309.25143445,251981426.7475696,211877229.01703063,195964028.10164368,94813827.11869138,1.807951939679334,2.071330618320113,1.9488612263215324,5,-5.956112852664575,-6.542056074766355,연속 가속형,274553.5144,-4.304,325190.488,135553.88041,209537.91393,141382.98778,107264.79856,2.3989758686097358,2.005389590285799,1.44430437955907,2,-6.627017841971117,-7.100591715976334,고수준 유지형,,0.0,,71.3,발사 전,71.3
2026-10-09T05:04:49+09:00,UNI,KRW-UNI,UNIUSDT,9985.0,-7.4606116799999995,10687575545.110643,1791489882846,False,False,,9061233598.873013,4840678885.124172,4445360046.261664,2433921206.509129,7438763878.909842,1.8718931401789474,2.3194362844907706,1.7181929587227303,4,-12.205044751830751,-11.412151067323483,연속 가속형,85980506.96152,-6.362,82771095.84665,55614341.67978,48243371.53267,17963681.97351,51677110.1026,1.4883048750848296,2.038338890807321,1.8039662223297819,4,-12.914235384784767,-11.64972634870992,연속 가속형,,0.0,,71.1,발사 전,71.1
2026-10-09T05:04:49+09:00,IQ,KRW-IQ,IQUSDT,1.11,-1.7699115,204378883.491689,1791489050734,False,False,,373967351.18126345,264541535.85876778,201041169.66478026,99517255.31326328,109276181.54687741,1.4136432298514945,1.9853161056363466,2.157492038437319,4,-8.870967741935488,-8.13008130081302,연속 가속형,46386.145798,-2.533,62128.313892,53528.573952,39672.283591,23984.216206,32275.817134,1.1606569969099407,1.5905177657285938,1.5966926364770113,4,-9.309967141292441,-7.382550335570482,연속 가속형,,0.0,,70.7,발사 전,70.7
2026-10-09T05:04:49+09:00,BTT,KRW-BTT,,0.000491,-1.40562249,567077788.396834,1791489740466,False,False,,908806622.8215019,290679060.00108755,215164139.2932532,378806334.5416653,456376598.4042485,3.1264949832234272,3.081920878477422,2.5921449266613763,3,-1.9685039370078816,-1.7751479289940808,가속형,,,,,,,,,,,,,,NO_DATA,,0.0,,70.6,발사 전,70.6
2026-10-09T05:04:49+09:00,USDT,KRW-USDT,,1370.0,0.58737151,133436228409.5999,1791489891412,False,False,,107137240698.59589,58080427362.25045,54774518938.8202,37055247273.333,43892751489.19913,1.844635887927885,2.1440284641902227,1.647965463887822,4,0.7396449704142105,0.14705882352941124,연속 가속형,,,,,,,,,,,,,,NO_DATA,,0.0,,68.6,발사 전,68.6
2026-10-09T05:04:49+09:00,MED,KRW-MED,,2.18,-2.67857143,235165886.56929109,1791489470730,False,False,,226953474.0841302,150066135.60335013,140615713.5507437,85958329.64655621,84018086.00287859,1.512356356560058,1.807721163526634,1.7721264718034975,5,-7.438016528925607,-7.05394190871369,연속 가속형,,,,,,,,,,,,,,NO_DATA,,0.0,,68.3,발사 전,68.3
2026-10-09T05:04:49+09:00,PROM,KRW-PROM,PROMUSDT,7000.0,-4.95587237,26600098311.34615,1791489860260,False,True,"거래량급등,입금량급등",25352109934.565525,9977567548.719543,577090614.4841491,591756973.7949591,993325070.0146778,2.5409108794075816,6.823389302201779,9.248224244170817,3,-11.478365384615385,-15.198618307426592,가속형,14367848.19277,-3.642,9043958.63508,11707541.46487,750287.73147,524358.0167,686033.69898,0.772489993925503,2.0899310308810906,2.955664334026675,1,-11.857514638906963,-15.275171982489056,중립,,0.0,,68.0,발사 전,68.0
2026-10-09T05:04:49+09:00,O,KRW-O,,622.0,-3.41614907,320885640.8556549,1791489890781,False,False,,437779801.2186607,284969629.1471705,208226466.94402292,176888205.13734385,242385808.3907158,1.5362331857216003,1.959961457458556,1.5189015043667484,4,-7.338129496402878,-9.423347398030945,연속 가속형,,,,,,,,,,,,,,NO_DATA,,0.0,,67.3,발사 전,67.3
2026-10-09T05:04:49+09:00,BFC,KRW-BFC,,33.7,-4.26136364,354028358.298481,1791489411025,False,False,,578625872.5717145,352260804.19008166,283418129.06149775,280082436.53502566,616176355.9003713,1.6426064600121821,1.8955567192353242,1.4420018831170742,4,-5.88235294117646,-7.124010554089699,연속 가속형,,,,,,,,,,,,,,NO_DATA,,0.0,,66.4,발사 전,66.4
2026-10-09T05:04:49+09:00,LAYER,KRW-LAYER,LAYERUSDT,97.3,-4.60784314,817122744.1819952,1791489845044,False,False,,742853140.0311446,537338992.6627241,450127902.3611871,296480525.6022977,359675037.0616995,1.382466469351159,1.7357092543606787,1.6295449534362179,4,-4.672897196261683,-2.857142857142858,연속 가속형,564548.98097,-4.054,399953.700836,245846.737181,333739.109916,202898.272511,246571.300383,1.6268416063685305,1.5333999405752705,1.390875718667388,2,-5.089058524173029,-2.737940026075625,고수준 유지형,,0.0,,66.0,발사 전,66.0
2026-10-09T05:04:49+09:00,JTO,KRW-JTO,JTOUSDT,698.0,-6.43431635,10024513019.805134,1791489891414,False,False,,6531901632.828878,5154055613.588483,3214033552.110702,2806784917.2868385,3371997966.290048,1.2673323926904774,1.7535503982386254,1.8275567829277761,4,-4.481434058898848,5.665722379603388,연속 가속형,8057294.44102,-2.045,6295638.53565,4087463.38405,2928654.92399,3033368.59139,3246271.49685,1.5402311761902718,1.8793910371703908,1.949163525315556,3,-5.229437229437228,5.432479291080727,가속형,,0.0,,65.9,발사 전,65.9
2026-10-09T05:04:49+09:00,MOCA,KRW-MOCA,,12.6,-1.5625,316692172.6671237,1791489772476,False,False,,416733503.8092496,188008485.47925988,130500539.93643324,142417580.20838875,267045671.31030774,2.2165675275078023,2.7123635220297424,2.2285655420147354,3,-8.571428571428562,-8.571428571428562,가속형,,,,,,,,,,,,,,NO_DATA,,0.0,,65.8,발사 전,65.8
2026-10-09T05:04:49+09:00,JUP,KRW-JUP,JUPUSDT,464.0,-5.11247444,11890847327.681381,1791489765487,False,False,,4546040177.680451,2715531365.3651285,2058850700.8076384,1554050830.039491,1698429375.308351,1.6740886279798848,2.1550549333001774,2.019910988052674,4,8.185840707964598,13.720930232558137,연속 가속형,19875100.69945,3.431,9286357.76573,5568524.06084,5186534.86295,2549202.60941,2634368.73068,1.6676515472089333,2.0939962152479734,2.3377208184371883,4,7.1321993434795505,13.751584283903684,연속 가속형,,0.0,,65.5,발사 전,65.5
2026-10-09T05:04:49+09:00,BARD,KRW-BARD,BARDUSDT,168.0,-1.75438596,339446743.5758167,1791489891735,False,False,,597906221.7955773,442694632.9726171,340963844.6427497,286083780.485731,309857287.63911986,1.3506064389819716,1.6767764868621402,1.4896828104559483,4,-7.065217391304346,-7.567567567567568,연속 가속형,646678.05805,-1.616,374924.25756,386838.03734,302627.66605,134487.47891,183652.36244,0.9692021501765383,1.3650930621328339,1.170574302524884,1,-8.07043286867205,-7.799852832965415,중립,,0.0,,64.9,발사 전,64.9
2026-10-09T05:04:49+09:00,GLM,KRW-GLM,GLMUSDT,177.0,1.14285714,200665118.31560835,1791489629536,False,False,,366394095.6350728,248558596.73600098,238463663.05070415,130346445.48176046,176890705.92629507,1.4740753305114096,1.780430847117905,1.4878123844754019,4,-0.5681818181818232,0.0,연속 가속형,258725.75201,3.264,285418.77495,334747.67548,147455.95754,55219.2938,69731.09676,0.8526385569092706,1.59326348415498,1.9531302589568378,1,-1.388888888888884,-1.2364760432766575,중립,,0.0,,64.8,발사 전,64.8
2026-10-09T05:04:49+09:00,CP,KRW-CP,,14.0,-10.25641026,2083661563.5432398,1791489873679,False,False,,1692574710.2813601,1253673793.106924,1057301066.5681438,785119017.7392651,1329841425.8794234,1.3500918018607755,1.640042043907494,1.3702052095775115,4,-8.235294117647063,-11.363636363636376,연속 가속형,,,,,,,,,,,,,,NO_DATA,,0.0,,64.0,발사 전,64.0
2026-10-09T05:04:49+09:00,ZBT,KRW-ZBT,ZBTUSDT,108.0,-5.2631578900000004,1605679078.6332746,1791489886029,False,False,,1677480049.1580229,912972996.6891007,514464073.767092,593329842.6128178,558015578.3677182,1.8373818888854427,2.49036151320942,2.2160598049750844,3,-2.564102564102566,-4.201680672268903,가속형,930312.61258,-3.898,644210.22267,406933.3638,415205.74607,254418.628,273246.75009,1.583085291051773,1.795194628235885,1.5036366314337235,2,-3.3681765389082408,-4.367816091954024,고수준 유지형,,0.0,,64.0,발사 전,64.0
2026-10-09T05:04:49+09:00,QTUM,KRW-QTUM,QTUMUSDT,1260.0,-1.4084507,268019123.54116553,1791489746630,False,False,,487879190.66604596,377440092.66306,331615851.37192327,209963176.94684097,214519398.80699444,1.292600336185204,1.5926084001761316,1.3998874424669427,4,-4.697986577181212,-5.403404885270168,연속 가속형,328064.3009,-0.754,810851.5271,171271.0769,191360.762,128552.1227,90389.3271,4.734316743821443,4.952430802862762,4.479758057887988,2,-5.7344064386317894,-5.639476334340376,일회성 폭증형,,0.0,,63.7,발사 전,63.7
2026-10-09T05:04:49+09:00,ALT,KRW-ALT,ALTUSDT,9.89,-3.0392156900000002,517583882.2951272,1791489761998,False,False,,524834522.9648417,232461906.20442328,210932261.35146916,240853925.02156833,163587741.3224632,2.2577227019007178,2.3010711845225678,2.1742268031920617,3,-3.7735849056603765,-5.55555555555557,가속형,622373.53673,-1.769,835904.38148,369075.27671,366689.41022,267579.43501,297039.59599,2.264861490944054,2.4993549965601547,2.018603366130859,4,-5.590851334180435,-5.7106598984771555,연속 가속형,,0.0,,62.3,발사 전,62.3
2026-10-09T05:04:49+09:00,DOS,KRW-DOS,,315.0,5.7046979900000006,8328873407.3832445,1791489876851,False,True,거래량급등,3943323444.7362475,647458009.3614076,397609146.85606664,439343949.19352615,430404877.6578312,6.090469787570587,7.969470378580391,6.39468433875549,3,2.405498281786933,1.7064846416382284,가속형,,,,,,,,,,,,,,NO_DATA,,0.0,,62.2,발사 전,62.2
2026-10-09T05:04:49+09:00,ARDR,KRW-ARDR,,36.2,-2.94906166,261305966.87684444,1791489301812,False,False,,438689158.8059133,368880508.2922272,289664275.0929747,258515362.17687017,276347116.38465613,1.1892446170085618,1.4350939606159787,1.2754317610102002,4,-8.578431372549023,-8.353808353808368,연속 가속형,,,,,,,,,,,,,,NO_DATA,,0.0,,61.9,발사 전,61.9
2026-10-09T05:04:49+09:00,ONG,KRW-ONG,ONGUSDT,117.0,0.0,1128290777.2399697,1791489875580,False,False,,933542793.2814658,784926315.3949425,691372173.0597999,515211711.52310616,580561456.2356304,1.1893381263587086,1.4062837237165786,1.1632321422802605,4,-4.878048780487809,-6.399999999999995,연속 가속형,769017.79614,-0.28,639046.88336,492317.67751,494883.54732,227209.67731,291841.55315,1.2980376544513164,1.578658958596032,1.483874230466549,2,-4.924200509018495,-6.730351715154148,고수준 유지형,,0.0,,61.1,발사 전,61.1
2026-10-09T05:04:49+09:00,MMT,KRW-MMT,MMTUSDT,233.0,-3.31950207,889781816.0706015,1791489312344,False,False,,1027888071.022509,1016547529.8531127,797150299.9118913,551023305.3492824,2095556959.4130497,1.0111559379530783,1.3040286938182646,0.8990634350274248,4,-4.743083003952564,-2.0325203252032575,연속 가속형,617201.44074,-0.997,689740.77956,480570.45617,536695.30352,331251.80599,881889.44847,1.4352542290198689,1.5344422581819166,1.2003639819836516,2,-5.037513397642012,-1.9911504424778736,고수준 유지형,,0.0,,59.4,발사 전,59.4
2026-10-09T05:04:49+09:00,AHT,KRW-AHT,,1.48,-1.3333333299999999,109683872.20980698,1791489793379,False,False,,155662183.0800351,110574687.44827516,42354909.39657592,81469158.50264978,38234400.67921695,1.4077560305368355,1.9922740142019455,2.0876674810252274,3,-6.25,-5.660377358490576,가속형,,,,,,,,,,,,,,NO_DATA,,0.0,,59.4,발사 전,59.4
2026-10-09T05:04:49+09:00,DATA,KRW-DATA,,269.0,-2.18181818,2610775330.2371197,1791489880950,False,False,,5985312574.787958,5508919826.005373,4576369438.591596,3910960384.914904,10098339284.40305,1.0864766168013062,1.2829106492102402,0.8883828181229039,4,-4.181184668989546,-4.844290657439442,연속 가속형,,,,,,,,,,,,,,NO_DATA,,0.0,,59.3,발사 전,59.3
2026-10-09T05:04:49+09:00,GAME2,KRW-GAME2,,1.25,-3.1007751900000002,518555021.5047728,1791489886665,False,False,,285805363.62716436,131512719.68421786,51809881.37869862,260481607.12253454,70585093.82518652,2.1732146085445327,1.9319692672296773,2.1194034233402346,3,-6.521739130434778,-6.521739130434778,가속형,,,,,,,,,,,,,,NO_DATA,,0.0,,59.1,발사 전,59.1
2026-10-09T05:04:49+09:00,SAHARA,KRW-SAHARA,SAHARAUSDT,11.7,-1.6806722699999999,3166185023.291752,1791489745357,False,False,,3705616742.548507,1692193425.7941213,1800526553.1199396,1001692818.4109429,1538963057.320325,2.189830480407118,2.4734822387169415,2.1149136545664917,2,-5.5555555555555465,-5.5555555555555465,고수준 유지형,1497156.66702,-0.117,1272223.75619,686421.99748,589300.07515,234159.72054,370361.53878,1.8534134407996858,2.5277947491219765,2.201153760645892,4,-6.270270270270261,-5.863192182410415,연속 가속형,YES,8.4,Binance D2 선행→Upbit D1 확산,58.8,발사 전,58.8
2026-10-09T05:04:49+09:00,TRX,KRW-TRX,TRXUSDT,456.0,-0.21881838,3401353188.3272552,1791489865706,False,False,,3729244795.2844405,2149679652.5722265,1588717032.014298,1619388548.1418867,1898759656.661378,1.7347909446982788,2.088126697858707,1.7207780486046362,3,0.6607929515418443,0.439560439560438,가속형,32911503.68039,-0.804,34837464.11703,21825981.18062,23153628.51717,12645789.77636,19976257.08452,1.5961465296214643,1.8136515027192637,1.6864931670844245,2,-0.08936550491510653,0.20914251568568965,고수준 유지형,,0.0,,58.0,발사 전,58.0
2026-10-09T05:04:49+09:00,CFX,KRW-CFX,CFXUSDT,67.8,-4.10183876,120712908.76705414,1791489638441,False,False,,132171400.04161267,89182283.07584025,63318570.93312923,64191479.65366765,58908920.41891717,1.4820365153605077,1.8298487695561998,1.9758517563081914,3,-3.940217391304335,-2.2130013831258566,가속형,1497210.25771,-2.952,1111882.62106,771147.62914,1138710.44,583351.40246,829200.14985,1.4418544245542126,1.3378931458331782,1.0611192614651621,2,-4.765409383624664,-2.4684379121914457,중립,,0.0,,57.5,발사 전,57.5
2026-10-09T05:04:49+09:00,ETH,KRW-ETH,ETHUSDT,3381000.0,-3.67521368,114247886475.03474,1791489892365,False,False,,130889514495.43661,42774825175.8157,49982685382.4237,29032389094.45153,24715635658.61988,3.0599660888722875,3.2241470319467003,2.3310280842181323,2,-4.723127035830621,-3.3856317093311272,고수준 유지형,1030496177.130329,-4.166,1133065272.211513,626253789.874759,733041779.987097,265059874.296777,212257992.57391,1.809274914628634,2.092642856499441,1.8960922574767154,2,-5.603350275400276,-3.539322263817235,고수준 유지형,,0.0,,57.4,발사 전,57.4
2026-10-09T05:04:49+09:00,CASHCAT,KRW-CASHCAT,,153.0,-9.467455619999999,12069000761.304764,1791489880004,False,False,,4766971368.957096,2888988659.0954967,1802063686.1095088,1840004486.2479036,5212029574.204098,1.6500484880579527,2.1896784051854414,1.367647838759766,3,-24.215246636771305,-19.523809523809522,가속형,,,,,,,,,,,,,,NO_DATA,,0.0,,57.4,발사 전,57.4
2026-10-09T05:04:49+09:00,HP,KRW-HP,,11.6,-4.1322314,301080192.30739874,1791488333522,False,False,,594230060.6492265,208576488.9579805,223427063.82678565,138179097.74691433,125320017.13008949,2.8489791136955,3.126524772869479,2.46571948072065,2,-11.029411764705888,-10.370370370370374,고수준 유지형,,,,,,,,,,,,,,NO_DATA,,0.0,,57.3,발사 전,57.3
2026-10-09T05:04:49+09:00,PUNDIX,KRW-PUNDIX,PUNDIXUSDT,149.0,-3.87096774,129280776.62272544,1791489604224,False,False,,517678174.7734744,205075897.71458122,164005260.63818887,394182439.91099614,346476886.88698053,2.524324801415543,2.034728929629538,1.531876978422789,3,-6.060606060606055,-4.320987654320985,가속형,174278.49186,-3.028,296002.61052,109750.12626,198789.7864,130153.40705,139419.47341,2.6970594076471905,2.0242109730483726,1.6279310250280523,2,-7.585644371941269,-5.425709515859767,고수준 유지형,,0.0,,56.9,발사 전,56.9
2026-10-09T05:04:49+09:00,WAVES,KRW-WAVES,,352.0,-5.63002681,1328243224.662596,1791489868587,False,False,,1453009692.612406,942124381.059545,522412467.8300607,776333163.3952507,724722575.0105822,1.5422694941598922,1.9452395962015776,1.150487282207297,3,-8.128078817733986,-8.128078817733986,가속형,,,,,,,,,,,,,,NO_DATA,,0.0,,54.3,관찰,54.3
2026-10-09T05:04:49+09:00,BIO,KRW-BIO,BIOUSDT,38.6,-5.39215686,787329005.8282198,1791489562145,False,False,,1298801660.2040112,410034700.51066214,965027373.2667061,176832664.10975978,242096316.3707632,3.167540841266527,2.5107405067413957,2.838235266744276,2,-1.9230769230769384,-3.087885985748229,고수준 유지형,2371947.715753,-3.845,3353201.660007,1911817.355843,2760014.264862,753767.093885,946485.602543,1.7539341034637868,1.854100442955664,1.9580397600342814,2,-2.6974325641858865,-3.6989385654551232,고수준 유지형,,0.0,,54.3,관찰,54.3
2026-10-09T05:04:49+09:00,VANA,KRW-VANA,VANAUSDT,1367.0,-2.56593015,473316103.4575049,1791489763904,False,False,,667459705.2822078,471852041.46536136,316590646.12269664,456549502.6199587,336251548.9765071,1.4145529670898034,1.6083467282730992,1.6727604279201855,3,-5.521885521885517,-4.101161995898838,가속형,272522.27489,-2.157,287329.82711,206959.41217,242904.60389,188389.90725,209425.08756,1.3883390182514743,1.3505431770159786,1.2162640841577355,2,-6.357856494096281,-4.0930232558139545,중립,,0.0,,54.2,관찰,54.2
2026-10-09T05:04:49+09:00,PYTH,KRW-PYTH,PYTHUSDT,113.0,11.88118812,5281289584.736354,1791489861542,False,False,,1576648453.1343997,1306917308.384099,1145357932.5253918,549838218.0447361,1083010231.567132,1.2063873077660912,1.5755385078120447,1.409617050435103,4,-3.809523809523807,-6.481481481481477,연속 가속형,12467526.576445,14.125,4000728.24722,4239044.480864,2878236.529793,1391927.444255,1750971.08347,0.9437806716301721,1.4104936793188625,1.5315183011816529,1,-5.469450493147166,-6.380819484967648,중립,,0.0,,54.1,관찰,54.1
2026-10-09T05:04:49+09:00,OP,KRW-OP,OPUSDT,162.0,-3.57142857,804910309.1395615,1791489783024,False,True,입금량급등,1125317107.8764124,530473354.71556073,415722297.78539586,499036285.1200512,980934633.4656436,2.1213452058865543,2.3359235536867398,2.0145998070902813,3,-7.182320441988955,-2.3255813953488413,가속형,10913672.925518,-1.658,9571489.968289,4830100.700139,6658942.268643,4194462.682557,7295557.859818,1.9816336268131125,1.8308706320653167,1.4777172964503449,2,-8.271236959761563,-3.22327044025158,고수준 유지형,,0.0,,53.8,관찰,53.8
2026-10-09T05:04:49+09:00,NEWT,KRW-NEWT,NEWTUSDT,61.6,-4.0498442400000005,291364151.71727914,1791489847886,False,False,,350817710.6207252,240092864.02333635,191043198.81663635,195851305.48198268,200583562.55343786,1.4611750834319954,1.6785874565207275,1.439046259842014,3,-7.22543352601156,-5.02958579881656,가속형,427931.662512,-3.696,354070.160756,280196.980707,300837.528127,206811.144927,198614.465178,1.2636473093414546,1.3482469278052667,1.2071968959876311,2,-7.9812206572769995,-5.3521126760563416,중립,,0.0,,53.6,관찰,53.6
2026-10-09T05:04:49+09:00,CC,KRW-CC,,161.0,-0.61728395,2403814704.406301,1791489892050,False,False,,2772612254.701789,1536001157.827258,1352348849.3920774,1948975805.460683,1558749000.156801,1.8050847426598116,1.7195113759552707,1.3520757062436721,3,-7.428571428571429,-1.2195121951219523,가속형,,,,,,,,,,,,,,NO_DATA,,0.0,,53.5,관찰,53.5
2026-10-09T05:04:49+09:00,BOUNTY,KRW-BOUNTY,,17.9,-1.10497238,335915943.3385995,1791489760732,False,False,,139543638.17794278,88197978.8000408,74085282.95724583,87040034.08470108,88549095.58402824,1.5821636740033576,1.6790685889181485,1.399922002424166,3,-8.121827411167503,-7.653061224489798,가속형,,,,,,,,,,,,,,NO_DATA,,0.0,,53.4,관찰,53.4
2026-10-09T05:04:49+09:00,XAUT,KRW-XAUT,XAUTUSDT,5671000.0,1.14143035,551079920.71286,1791489815048,False,False,,937349777.60718,482060099.79344,703784468.67383,398211416.88374,306201148.94285,1.944466629801614,1.775220925792228,1.8208192752967198,2,0.10712372790573355,-0.5851063829787284,고수준 유지형,25971713.168605,0.625,49562782.645015,26997777.256684,23497058.268151,4592553.733544,4308773.103049,1.8358097473652,2.699135862795112,2.2279155097077434,5,-0.8051654123909069,-0.7486486421237393,연속 가속형,YES,10.6,Binance D2 선행→Upbit D1 확산,53.0,관찰,53.0
2026-10-09T05:04:49+09:00,LINEA,KRW-LINEA,LINEAUSDT,3.59,-3.49462366,316045187.5504462,1791489855821,False,False,,504499897.53365654,328036276.85405445,264618273.58420038,375239054.55073905,335865225.06738585,1.5379393473549023,1.5637046105064203,1.4513927729558576,3,-4.61538461538461,-1.846965699208436,가속형,696572.34635,-3.276,759300.264919,639759.808445,640000.50583,450576.506078,364834.276925,1.1868520886995935,1.3164493571212879,1.100856219779621,2,-5.144247480013897,-2.11621233859397,중립,,0.0,,52.8,관찰,52.8
2026-10-09T05:04:49+09:00,ME,KRW-ME,MEUSDT,93.7,-4.3877551,1195712195.3742275,1791489586143,False,False,,1253542445.7701786,743020287.4893937,663689354.1198916,793162082.6138486,2740138898.20079,1.6870904696368365,1.7094757371085214,0.9727308275668471,3,-6.666666666666665,-5.769230769230771,가속형,827990.0050666,-3.547,330003.0970586,389046.4703897,325601.9697544,236197.8013823,938575.1823168,0.8482356792185841,1.04118757369912,0.680557960789713,1,-7.268267492899561,-6.714285714285706,중립,,0.0,,51.7,관찰,51.7
2026-10-09T05:04:49+09:00,SONIC,KRW-SONIC,,34.4,-2.82485876,434864073.98176646,1791489365871,False,False,,2066299011.9714096,565469245.8608922,1866686932.3280404,362273441.7691847,413112739.4765956,3.654131550205876,2.21830494196062,2.7242214025829283,2,-5.09383378016085,-1.939058171745156,고수준 유지형,,,,,,,,,,,,,,NO_DATA,,0.0,,51.4,관찰,51.4
2026-10-09T05:04:49+09:00,DOGE,KRW-DOGE,DOGEUSDT,115.0,-5.7377049200000005,37766009249.90735,1791489888250,False,True,입금량급등,39997316169.59772,20581201953.602676,18898472017.390926,20265390641.826797,7705251501.350028,1.943390685333434,2.0083993428813645,1.854338812243762,3,-6.153846153846154,-3.937007874015752,가속형,116656531.14191,-5.239,114362666.49249,71214512.34507,53876318.57131,56229379.40938,27911884.49271,1.605889905393799,1.892166344066543,1.810455074726752,3,-7.162965279949951,-4.185946411277309,가속형,,0.0,,50.3,관찰,50.3
2026-10-09T05:04:49+09:00,NEO,KRW-NEO,NEOUSDT,3233.0,-2.3852656999999997,439097923.01042247,1791489810244,False,False,,754428945.8802983,299821707.7922236,420367174.0485988,403456686.73438877,314199508.15500283,2.5162585839285443,2.0142355391573834,1.163211336394725,2,-4.854926745188159,-3.9164490861618773,고수준 유지형,1092377.91298,-1.586,954709.55264,707612.95019,345105.07211,537560.012,347936.07893,1.3491974000527442,1.8010238437209607,1.370422486200135,3,-5.520995334370138,-4.21757981868347,가속형,YES,7.7,Binance D2 선행→Upbit D1 확산,49.6,관찰,49.6
2026-10-09T05:04:49+09:00,PRL,KRW-PRL,,153.0,-1.29032258,738034611.3589125,1791489868593,False,False,,1018424169.1551036,315449309.582448,468851380.7272711,493520482.74092966,342744111.2639745,3.228487551623318,2.3910016298847236,2.023953276980524,2,-1.273885350318471,-2.515723270440251,고수준 유지형,,,,,,,,,,,,,,NO_DATA,,0.0,,49.2,관찰,49.2
2026-10-09T05:04:49+09:00,SNT,KRW-SNT,,10.6,-3.6363636400000003,203448857.1844478,1791489445202,False,False,,333542456.56709343,160828442.83487317,178017161.64184588,96355973.93032642,118994864.30291563,2.073902169839139,2.2992273450933816,1.8215015647490425,2,-5.982905982905972,-5.982905982905972,고수준 유지형,,,,,,,,,,,,,,NO_DATA,,0.0,,47.5,관찰,47.5
2026-10-09T05:04:49+09:00,SHIB,KRW-SHIB,SHIBUSDT,0.00725,-2.29110512,6846912225.576729,1791489888882,False,False,,12135140338.5034,5656064422.986652,6958255194.149682,4657747188.402546,4100227984.419696,2.145509568311372,2.1077628650576754,2.0405211057852624,2,-7.250000000000001,-4.99359795134443,고수준 유지형,6473667.87960251,-2.214,6056002.12601031,3704207.05741048,6145461.89341102,3730735.18838556,2005355.83733107,1.6348983823393264,1.3378104356687968,1.1803392447016177,2,-8.121827411167526,-5.069930069930084,중립,,0.0,,47.1,관찰,47.1
2026-10-09T05:04:49+09:00,KAT,KRW-KAT,KATUSDT,6.06,-3.80952381,436674571.12489706,1791489887303,False,False,,342834355.84168637,313823038.0185973,285579607.254911,345969269.5939652,216568984.1277997,1.0924448313490924,1.087934866003756,0.9991823616520213,3,-3.2258064516129004,-3.669724770642202,중립,737061.97899,-3.289,502059.73671,464165.22644,393359.21628,251048.76847,205391.55618,1.0816401318139208,1.358664628485104,1.2058244429891258,5,-3.950103950103956,-3.7499999999999867,연속 가속형,EARLY,5.0,Binance 연속가속 우위,46.7,관찰,46.7
2026-10-09T05:04:49+09:00,GAS,KRW-GAS,GASUSDT,1788.0,-2.5613079,715892041.8294886,1791489867643,False,False,,1190565799.5024104,567402194.2726518,599881049.3072895,454040222.8804355,492903510.657849,2.0982749300583636,2.2029517689673925,1.7961118191109002,2,-5.069839627521988,-6.13810741687979,고수준 유지형,242783.899,-2.616,285339.3642,114237.4653,139237.9706,114161.2316,146141.1039,2.497773943519036,2.3284350236908837,1.4986672915685864,2,-5.865921787709483,-6.128133704735362,고수준 유지형,,0.0,,46.6,관찰,46.6
2026-10-09T05:04:49+09:00,DKA,KRW-DKA,,5.33,-0.9293680299999999,842054458.7184397,1791489830680,False,False,,257429237.06122136,211166028.60337013,93158395.24619354,286914352.74263215,64798318.84749182,1.2190845220882887,1.3062196556778713,1.6008692488877576,3,-5.944055944055937,-4.6099290780141855,중립,,,,,,,,,,,,,,NO_DATA,,0.0,,46.5,관찰,46.5
2026-10-09T05:04:49+09:00,MBL,KRW-MBL,MBLUSDT,1.01,-0.98039216,198276912.52690393,1791489463167,False,False,,283406718.29628414,111080428.1442629,161425043.44325426,131169684.51907279,106058390.48584303,2.551365015700307,2.1061988631877875,1.8310323948093197,2,-8.108108108108114,-8.108108108108114,고수준 유지형,446670.395178,-1.864,559183.32857,397402.06358,205082.247035,243474.667171,439632.84775,1.407097194042205,1.983015760528243,1.464080294455993,3,-8.63746958637469,-7.965686274509798,가속형,,0.0,,46.0,관찰,46.0
2026-10-09T05:04:49+09:00,ETC,KRW-ETC,ETCUSDT,11020.0,-4.67128028,3849858836.4315,1791489866030,False,False,,4832901532.509934,2202976668.847917,2882529985.502245,1786217082.5223155,1550658917.7257023,2.193805136863923,2.1099079579890954,1.7999024330437507,2,-5.168170631665303,-3.8269550748752046,고수준 유지형,4853172.7881,-4.291,4520201.7604,4046188.8791,3523448.3054,2475022.3856,2377765.761,1.1171504582369955,1.3500313461658708,1.2293700361958002,5,-5.986696230598665,-3.9637599093997666,연속 가속형,,0.0,,45.9,관찰,45.9
2026-10-09T05:04:49+09:00,BTC,KRW-BTC,BTCUSDT,112185000.0,-1.20037341,140842191803.62048,1791489888260,False,False,,170951546647.47925,88086932206.02402,108438489244.53793,48500327620.66657,39508958234.91915,1.9407140465244668,2.093064267271567,1.8204874815101182,2,-2.8408118561111695,-1.305519339417649,고수준 유지형,1770859201.530176,-1.964,1745755734.9707692,1083162507.3845277,1391807556.3811734,683674414.6744858,583778209.308663,1.6117209772947005,1.6580742912537576,1.4522176548138708,2,-3.7076042990870195,-1.4153196460730655,고수준 유지형,,0.0,,45.8,관찰,45.8
2026-10-09T05:04:49+09:00,COMP,KRW-COMP,COMPUSDT,31510.0,-0.47378395000000006,251914203.6260776,1791489363561,False,False,,170214540.706736,49839225.6868628,111221751.9924874,100913314.3859428,404513291.1571413,3.4152725761869758,1.9492127189065485,0.6966002284755466,2,-6.662735849056601,-4.695966285370257,고수준 유지형,1644699.17268,-0.563,1857790.8995,753657.64337,720896.88067,445619.46575,1077024.19553,2.4650329175895296,2.9025352536462243,2.188792424191141,4,-7.102952913008764,-4.511894995898269,연속 가속형,EARLY,5.0,Binance 연속가속 우위,45.6,관찰,45.6
2026-10-09T05:04:49+09:00,G,KRW-G,GUSDT,5.61,-6.655574039999999,2278830052.7474127,1791489705863,False,False,,2248588569.5945864,2147580869.32981,1416122068.452043,1420758260.9338999,1071047762.9943345,1.0470332464342995,1.3533590572481144,1.202504514964542,3,-7.822085889570552,-7.68049155145929,중립,788255.45776,-5.324,997579.06523,669877.98106,385290.31735,387919.44417,312774.25143,1.489195186937557,2.0738428491808025,1.7362375192676798,3,-8.713692946058082,-8.14196242171189,가속형,,0.0,,44.8,관찰,44.8
2026-10-09T05:04:49+09:00,ARB,KRW-ARB,ARBUSDT,236.0,-7.08661417,5352253705.682326,1791489875573,False,False,,8403677314.166893,3994823989.4605346,6304200425.618201,2801204221.661904,2906688229.9004183,2.103641446115811,1.9244726669727215,1.8527309792139888,2,-7.971014492753625,-4.511278195488721,고수준 유지형,19926782.43192,-6.226,16065340.51124,12363409.19371,18164143.09089,7778850.95217,8786080.86864,1.2994264170608696,1.2581714142103801,1.2189498220612538,2,-8.96619304262617,-5.155691679428276,중립,,0.0,,44.7,관찰,44.7
2026-10-09T05:04:49+09:00,IOST,KRW-IOST,IOSTUSDT,1.12,-0.88495575,411914700.7750051,1791489849468,False,False,,1029177791.2581521,784391112.053039,636604182.3736615,861569244.0571847,1091389873.466738,1.3120722244855845,1.3526598357763167,1.1597294047724565,3,-2.5862068965517238,-4.23728813559322,중립,476791.440642,-2.27,638336.23216,294428.36114,362891.039428,235239.296966,290245.6068,2.1680527979316255,2.1455269012232687,1.6916535035362281,2,-2.5821596244131495,-3.7122969837587005,고수준 유지형,,0.0,,44.6,관찰,44.6
2026-10-09T05:04:49+09:00,ZAMA,KRW-ZAMA,ZAMAUSDT,101.0,-2.88461538,1924209137.035846,1791489816982,False,False,,2986597338.050079,2583975260.641726,1440532662.9610527,2469095435.6665506,3236298962.1312323,1.1558149892303389,1.3797873874388298,1.152052988503218,3,-11.864406779661019,1.9607843137254832,중립,4677994.63033,-3.847,5122619.81688,4568449.01071,3509795.37276,5233795.52842,7373777.68472,1.1213039271907894,1.1544330960812244,0.9704290081887035,3,-11.974813966800223,2.766639935846027,중립,,0.0,,44.4,관찰,44.4
2026-10-09T05:04:49+09:00,HOLO,KRW-HOLO,HOLOUSDT,80.7,-4.94699647,518731767.3180343,1791489874001,False,False,,683968535.6409742,270007514.4790868,394625762.8896851,336095040.5998998,304271444.07694113,2.53314629765221,2.0504122548345416,1.5948531385389797,2,-4.927211646136609,-5.456570155901996,고수준 유지형,537343.38245,-4.235,418236.22489,191176.41668,284939.26779,162493.51448,181691.5684,2.187697793238082,1.96475195899619,1.4593620169319963,2,-5.4628224582701,-5.4628224582701,고수준 유지형,,0.0,,44.4,관찰,44.4
2026-10-09T05:04:49+09:00,BSV,KRW-BSV,,25380.0,-3.68121442,645901889.807038,1791489707171,False,False,,846258949.473483,674056664.4252181,505075385.1015281,618480951.5492165,447560746.2431008,1.2554715265594254,1.41230445424063,0.8779142922063902,3,-3.6915204678362623,-1.236881559220393,고수준 유지형,,,,,,,,,,,,,,NO_DATA,,0.0,,44.3,관찰,44.3
2026-10-09T05:04:49+09:00,RED,KRW-RED,REDUSDT,199.0,-3.39805825,507824374.0063401,1791489536629,False,False,,594904548.19537,433943342.23311085,402164242.25551546,480457023.3268088,773353626.8115404,1.3709267784451733,1.3555837928436119,1.0824400215609673,3,-14.166666666666671,-10.043668122270743,중립,381595.46209,-2.939,517196.47979,324156.06812,518460.68362,321357.83735,951692.33221,1.5955168841650003,1.3330097185223253,0.9636105558312185,2,-14.883984153933216,-10.582639714625442,중립,,0.0,,44.3,관찰,44.3
2026-10-09T05:04:49+09:00,ASTR,KRW-ASTR,ASTRUSDT,9.11,-4.30672269,183687851.8842443,1791488448045,False,False,,453432796.88731915,180398648.5328409,224196735.0290988,285736502.8635318,217003643.4261034,2.5135044002548246,1.9704991431086325,1.709268656135572,2,-9.333333333333337,-4.800000000000004,고수준 유지형,393171.3985132,-3.4,425916.8295605,188499.4314394,307749.0317922,454175.0334831,165770.5542218,2.2595125423358446,1.3444011991478126,1.3888300280271966,2,-9.300817226618241,-5.590062111801242,중립,,0.0,,44.3,관찰,44.3
2026-10-09T05:04:49+09:00,ELF,KRW-ELF,,94.6,-0.6302521,425515863.2001014,1791489640671,False,False,,304665368.82917464,134279697.11682704,216628160.20962334,111310743.48910443,247491882.16854674,2.2688863273507933,1.9774109152570603,1.6431400555053184,2,-9.333333333333327,-8.461538461538453,고수준 유지형,,,,,,,,,,,,,,NO_DATA,,0.0,,44.0,관찰,44.0
2026-10-09T05:04:49+09:00,1INCH,KRW-1INCH,1INCHUSDT,129.0,-4.44444444,258079576.06451827,1791489643209,False,False,,356009628.36286,288782008.8781611,275482359.8448655,320849444.27130646,166792442.70339194,1.2327971183033868,1.2066571207102132,1.274463678452369,3,-5.594405594405593,-2.877697841726623,중립,887347.85747,-3.842,811423.80146,650282.90219,616891.78665,1030985.13557,766717.85919,1.2478012242476548,1.0592263334013088,1.050545426805625,3,-6.077872744539414,-2.7531956735496577,중립,,0.0,,44.0,관찰,44.0
2026-10-09T05:04:49+09:00,SUN,KRW-SUN,SUNUSDT,23.0,-0.8620689699999999,181992206.34745455,1791489606441,False,False,,194219183.00898603,161410708.05877703,113322543.2222731,144090216.20403624,119867962.02177428,1.2032608328455008,1.3911769379248204,0.9365414659489032,3,-0.42918454935623185,0.43290043290042934,중립,685605.53657,-1.7,889181.7738,436895.12799,754435.70473,526426.48523,284300.14932,2.0352293189690873,1.552923275904592,1.7916586830822223,2,-0.927536231884063,0.23460410557185618,고수준 유지형,,0.0,,44.0,관찰,44.0
2026-10-09T05:04:49+09:00,XRP,KRW-XRP,XRPUSDT,1883.0,-2.88808664,227993102280.81586,1791489893000,False,True,입금량급등,235086800024.86563,85767885870.36824,111816609989.57098,62788972100.2783,49434688175.49766,2.7409653116573467,2.708649255239607,2.0493134674185174,2,-5.6447688564476906,-3.9623576027736473,고수준 유지형,249680666.61632,-2.984,238718904.80596,117180420.72288,149790145.02408,87591204.07582,69979683.25064,2.0371910540456786,2.0198362468007627,1.622676456550011,2,-6.5171642772589795,-4.256752205832825,고수준 유지형,,0.0,,43.9,관찰,43.9
2026-10-09T05:04:49+09:00,F,KRW-F,FUSDT,4.3,-3.37078652,527128199.25631094,1791489751520,False,False,,783487541.8577425,372639249.54386884,509540427.30297107,300451795.34230345,472418491.08864534,2.102536280911833,1.9874852655682649,1.5919128546052752,2,-4.914529914529908,-6.118143459915615,고수준 유지형,364059.502389,-2.847,306498.608805,175647.68321,254490.184454,166143.215532,107032.661852,1.7449624339112855,1.5420509761715149,1.587043200259025,2,-5.924855491329472,-6.492387245044529,고수준 유지형,,0.0,,43.9,관찰,43.9
2026-10-09T05:04:49+09:00,ENSO,KRW-ENSO,ENSOUSDT,1210.0,-2.65486726,1317479932.6969273,1791489861547,False,False,,1651655202.0216827,892533798.4465243,1096363743.70473,739083485.7784156,669181125.1437963,1.8505239856422544,1.8163489977881153,1.834109629429001,2,-8.130081300813007,-6.259426847662142,고수준 유지형,1319801.86283,-2.434,1094502.22329,417704.6942,441701.83476,461241.83402,322075.75166,2.620277527371872,2.4862838299067547,2.387785745771114,2,-8.80880880880881,-6.5641025641025585,고수준 유지형,,0.0,,43.7,관찰,43.7
2026-10-09T05:04:49+09:00,CVC,KRW-CVC,CVCUSDT,35.9,-6.51041667,785112757.4998688,1791489864102,False,False,,1361024047.9187527,595475662.9321607,1067725354.0032743,522681019.3229241,548016985.0863615,2.2856081829053805,1.86792886168065,1.7473528363158857,2,-7.913669064748207,-6.796116504854377,고수준 유지형,703653.35005,-7.062,446922.48754,261614.76627,472426.98759,184667.12773,289763.34228,1.7083228669086394,1.4594040500615901,1.394610906817158,2,-8.640776699029118,-6.5231788079470165,고수준 유지형,,0.0,,43.7,관찰,43.7
2026-10-09T05:04:49+09:00,FLOCK,KRW-FLOCK,,75.1,-8.19070905,2939361957.53455,1791489871459,False,False,,3961933434.389673,3090438378.088611,2437561891.869028,3978950182.014581,3084698120.6526027,1.2819972281214254,1.250222178312006,1.0759759725190803,3,-6.407322654462256,-6.727480045610045,중립,,,,,,,,,,,,,,NO_DATA,,0.0,,43.4,관찰,43.4
2026-10-09T05:04:49+09:00,IRYS,KRW-IRYS,,20.0,-1.9607843100000002,300579396.9219946,1791489744062,False,False,,783784605.7732214,373310827.492818,528786891.82375103,355925093.15634495,264987271.52200043,2.0995496193806495,1.86908678762158,1.6447386714367136,2,-5.116279069767449,-6.422018348623859,고수준 유지형,,,,,,,,,,,,,,NO_DATA,,0.0,,43.2,관찰,43.2
2026-10-09T05:04:49+09:00,TRUMP,KRW-TRUMP,TRUMPUSDT,2495.0,-2.6911076400000002,13384391234.561575,1791489890148,False,False,,19120501462.068935,9897880069.150152,13035028938.39628,13386676124.921307,15469432842.075308,1.9317774441078526,1.5793546147896036,1.047159142932835,2,-8.166189111747846,-10.817391304347822,고수준 유지형,14988175.81492,-1.676,22733057.470085,12829031.815214,12139146.289077,14414480.214338,11848951.028962,1.7720010206168304,1.7317056623878293,1.3406784417862214,3,-8.9588377723971,-11.111111111111127,가속형,EARLY,5.0,Binance 연속가속 우위,42.9,관찰,42.9
2026-10-09T05:04:49+09:00,BCH,KRW-BCH,BCHUSDT,387500.0,-5.3030303,3783267714.161758,1791489817947,False,False,,4394843202.709848,2075214533.854299,2396828440.195377,2102441546.505242,2164422326.676155,2.117777767557988,2.0054088753131185,1.3631539759991438,2,-5.1460361613351875,-3.558802733914679,고수준 유지형,16043183.3849,-5.923,13846786.5245,9915013.2342,9870239.004,7757139.24,8211234.5341,1.3965474576209416,1.5082335753734197,1.2172327891942771,4,-5.832549388523034,-3.6264441591784324,연속 가속형,,0.0,,42.9,관찰,42.9
2026-10-09T05:04:49+09:00,TIA,KRW-TIA,TIAUSDT,721.0,12.30529595,2324768992.2337303,1791489886663,False,False,,1326637063.9374704,682202314.6762044,629094155.6933221,695284096.916693,872950791.504209,1.9446387609621874,1.9834295501002501,0.8392112384130349,3,-0.6191950464396245,5.418719211822665,가속형,19487145.446334,17.948,7621931.61886,5605019.6596,4927511.102219,4044206.224218,5764685.766488,1.3598403006143847,1.568649751894615,1.142398497693168,4,-1.6058394160583855,5.477308294209715,연속 가속형,,0.0,,42.8,관찰,42.8
2026-10-09T05:04:49+09:00,TAO,KRW-TAO,TAOUSDT,369500.0,-6.97381672,3852559398.650049,1791489866687,False,False,,3886537471.578123,1896158423.300406,2342450171.553623,2090062924.256172,2431689797.147409,2.049690270506677,1.842347541585424,1.5824983700571509,2,-3.592233009708734,-0.050327126321092486,고수준 유지형,55146622.28173,-6.754,43444840.52554,22380237.36631,37129496.18829,18281909.97441,26088793.43479,1.9412144658903179,1.6754308774568538,1.368456034748864,2,-4.302134646962241,-0.205479452054802,고수준 유지형,,0.0,,42.7,관찰,42.7
2026-10-09T05:04:49+09:00,PYUSD,KRW-PYUSD,,1375.0,1.17733628,185922073.8933498,1791489551332,False,False,,76191789.57266961,40710432.07698798,56421510.13277761,9284740.64265906,37795273.00197927,1.8715544317629056,2.147927961962412,1.3120437989625386,2,0.14738393515105752,0.14738393515105752,고수준 유지형,,,,,,,,,,,,,,NO_DATA,,0.0,,42.7,관찰,42.7
2026-10-09T05:04:49+09:00,HYPER,KRW-HYPER,HYPERUSDT,96.7,4.54054054,2039563661.5898554,1791489786929,False,False,,548356671.4018991,253158392.2274443,395790077.5480641,186550910.95606884,153254039.7232726,2.1660615971570905,1.968966168191826,2.0440243393650417,2,-5.322415557830096,-4.540763673890613,고수준 유지형,2130351.49,5.224,408486.7372,255405.44554,358528.5648,222706.71189,198493.40239,1.599365809669181,1.4647389005087301,1.3557517754907509,2,-6.353591160221006,-4.7752808988763995,고수준 유지형,,0.0,,42.3,관찰,42.3
2026-10-09T05:04:49+09:00,KNC,KRW-KNC,KNCUSDT,180.0,-3.2258064500000003,305893449.60614514,1791489739820,False,False,,433603841.84758925,433516828.2539019,268794095.6240298,451774653.466318,4826644753.3289585,1.0002007156078296,1.1271361076499715,0.3516612292507977,3,-3.626943005181349,-0.5347593582887722,중립,370688.0339,-3.095,325256.7555,260938.64141,223383.39723,137783.64834,1228991.44215,1.2464875027418425,1.5684959757189456,0.7762629444189687,4,-4.4723969252271285,-1.156905278380349,연속 가속형,,0.0,,42.0,관찰,42.0
2026-10-09T05:04:49+09:00,CBK,KRW-CBK,,274.0,-1.0830324900000001,4813883107.578169,1791489302450,False,False,,356028203.2213994,122250339.81619354,169131688.93947423,286335253.5495114,259362976.72387668,2.912288045634039,1.8488015546330545,1.4310324918136121,2,-7.0469798657718075,-7.0469798657718075,고수준 유지형,,,,,,,,,,,,,,NO_DATA,,0.0,,41.9,관찰,41.9
2026-10-09T05:04:49+09:00,IO,KRW-IO,IOUSDT,202.0,-5.607476640000001,316026753.39509887,1791489600716,False,False,,423325621.3186746,273976444.63244057,248776486.3622785,696260048.4954176,447881196.1269405,1.5451168507810842,1.0418074994469735,1.1707078399237005,3,-8.936170212765958,1.904761904761898,중립,2358892.425401,-4.525,2430611.123509,1612907.97687,1399729.314416,3901791.564048,3175063.732444,1.5069744575421038,1.0545821676799607,1.0763463177748465,3,-9.263521288837751,2.2697795071335847,중립,,0.0,,41.8,관찰,41.8
2026-10-09T05:04:49+09:00,OPG,KRW-OPG,OPGUSDT,186.0,0.5405405400000001,655915560.7327077,1791489314645,False,False,,774873870.0959446,273075275.0874458,367169226.70787,715873533.1614984,306028182.3350754,2.8375834093650916,1.71417350876973,1.7151242939200986,2,0.5434782608695565,2.20994475138121,고수준 유지형,1476008.0364,0.816,1025463.24488,342615.24322,700107.43537,588940.80174,1114158.22886,2.9930461798558388,1.8854315070027845,1.3518280819316586,2,-0.14760147601476925,1.88253012048194,고수준 유지형,,0.0,,41.2,관찰,41.2
2026-10-09T05:04:49+09:00,LINK,KRW-LINK,LINKUSDT,17190.0,-5.39350578,9548975221.164112,1791489874315,False,False,,9000713949.70979,4943754112.396701,5994024628.44764,3890665840.033407,6678665876.74546,1.8206233046947191,1.8209692663214592,1.297030507294074,2,-5.854922279792751,-3.2481363152289666,고수준 유지형,36358768.30471,-6.014,24870303.2344,16193431.26943,23232611.27447,13716812.86517,20880664.27139,1.5358266460395098,1.4039687767787126,0.9412020725975183,2,-6.6676005042723085,-3.392779469334495,고수준 유지형,,0.0,,41.1,관찰,41.1
2026-10-09T05:04:49+09:00,TOSHI,KRW-TOSHI,,0.152,-1.93548387,289779643.2664064,1791489871141,False,False,,522919245.359014,391955934.4539035,374911241.53929037,1289754609.6096926,1286285332.7931154,1.3341276388315855,0.7627837782614804,0.6629520981306033,3,-9.35672514619884,-7.185628742514972,중립,,,,,,,,,,,,,,NO_DATA,,0.0,,41.0,관찰,41.0
2026-10-09T05:04:49+09:00,TRUST,KRW-TRUST,,73.8,-2.12201592,690713723.0041068,1791489866686,False,False,,571053775.2919148,289645611.31936264,482499527.6535446,187184913.8839556,424612036.4916116,1.9715602549291593,1.7857892815658067,1.3296979825139132,2,-8.160779537149809,-10.238095238095235,고수준 유지형,,,,,,,,,,,,,,NO_DATA,,0.0,,40.9,관찰,40.9
2026-10-09T05:04:49+09:00,SOL,KRW-SOL,SOLUSDT,149700.0,-5.61160151,53133086417.809235,1791489895600,False,False,,33434819834.30134,19839066990.41259,21566254206.477856,17631041486.353455,11198942660.843275,1.6853020280872593,1.6990284452496107,1.420919951731375,2,-3.410475030450666,-1.7348203221809189,고수준 유지형,368429081.57362,-5.872,234192954.05018,175936491.98135,193703786.97465,150940704.45927,105210732.07242,1.331122107828576,1.3496053150871425,1.1547595903037444,2,-4.358552631578949,-1.9806152549515454,중립,,0.0,,40.7,관찰,40.7
2026-10-09T05:04:49+09:00,ENS,KRW-ENS,ENSUSDT,8450.0,-4.35766836,4007858729.2762117,1791489861864,False,False,,2734132764.089469,1490950475.1843243,1970928751.5811164,1302952400.6823697,1278869146.1448681,1.8338186342181833,1.7214455690351147,1.3644043818373404,2,-5.051047823750676,-4.2795232936078005,고수준 유지형,2711113.0513,-4.644,1594136.2741,890341.4477,1116012.99,616716.3157,460087.4765,1.7904774378617305,1.8232099977101595,1.6428958324452463,2,-5.813953488372081,-4.424778761061942,고수준 유지형,,0.0,,40.6,관찰,40.6
2026-10-09T05:04:49+09:00,MLK,KRW-MLK,,56.3,-0.3539823,130227534.02075142,1791488330581,False,False,,242534384.91247928,101948704.48289552,132949765.08968677,229812512.1549092,93715211.8370148,2.378984472070173,1.5657111265860024,1.5917710336703703,2,-5.6761268781302165,-4.074702886247872,고수준 유지형,,,,,,,,,,,,,,NO_DATA,,0.0,,40.5,관찰,40.5
2026-10-09T05:04:49+09:00,DOT,KRW-DOT,DOTUSDT,1470.0,-3.6697247699999997,1894018051.9630394,1791489891420,False,False,,2636270750.473667,1765654073.7126446,2066797884.5462449,1173611974.6591537,1676378337.0102031,1.4930845116962095,1.5798464337252163,1.5311559125477803,2,-6.380368098159506,-2.9262086513994867,고수준 유지형,16923355.36949,-3.162,13732960.20166,9888960.89626,13916594.17864,7997545.4185,10096468.35713,1.3887162003900528,1.2954359784364382,1.219910094888359,2,-7.3029045643153605,-3.2900432900432874,중립,,0.0,,40.3,관찰,40.3
2026-10-09T05:04:49+09:00,BLEND,KRW-BLEND,,89.8,1.24013529,3782256513.0975757,1791488965877,False,False,,382883654.49195075,129425124.53829858,239617959.166723,280241436.2697295,302901525.83053875,2.958341016536171,1.7691026478199727,1.40090295939995,2,-4.21166306695463,-0.893854748603351,고수준 유지형,,,,,,,,,,,,,,NO_DATA,,0.0,,40.2,관찰,40.2
2026-10-09T05:04:49+09:00,STRAX,KRW-STRAX,STRAXUSDT,14.5,-2.02702703,270056514.6834204,1791489861871,False,False,,384219245.34722483,227907251.52057377,293566684.5032824,156747419.2711624,378643397.8916593,1.685857921517431,1.6995302891049213,1.3158011967466252,2,-5.128205128205121,-6.329113924050633,고수준 유지형,157620.32273,-0.188,133976.30065,107533.59046,143073.98999,141532.31966,125536.47654,1.2459018626355274,1.0249630344610532,0.9525768273171784,2,-5.938864628820961,-6.591500433651342,중립,,0.0,,40.2,관찰,40.2
2026-10-09T05:04:49+09:00,XCN,KRW-XCN,,5.72,-6.2295082,140580650.3393279,1791489464737,False,False,,260267142.27499443,106763646.86824432,212164060.50692862,117428771.09678999,263402018.34498197,2.4377880478004545,1.789365955008164,1.1758747216537868,2,-6.441717791411039,-5.71870170015456,고수준 유지형,,,,,,,,,,,,,,NO_DATA,,0.0,,40.2,관찰,40.2
2026-10-09T05:04:49+09:00,HBAR,KRW-HBAR,HBARUSDT,126.0,-0.7874015700000001,11769771824.200432,1791489826164,False,False,,7476439911.057745,3732172928.112674,4791211507.244737,4372496980.393501,4689941486.501719,2.0032404861900415,1.7392622504870638,1.2365691118224202,2,-9.9290780141844,-9.285714285714286,고수준 유지형,23678458.88796,-0.312,17002542.11691,12531982.38865,14749127.29143,8247355.51962,8202843.54671,1.3567320468235662,1.4356833616094598,1.2734020459065698,2,-10.729737525237958,-9.326171875,고수준 유지형,,0.0,,40.1,관찰,40.1
2026-10-09T05:04:49+09:00,AERO,KRW-AERO,AEROUSDT,1134.0,4.4198895,1185696281.413288,1791489655204,False,False,,952196970.994686,385886663.00329965,583644267.251472,637003405.0396292,554237047.8745093,2.4675560528158083,1.7781076010806713,1.8083358931184796,2,-8.508845829823086,0.7421150278293043,고수준 유지형,9829024.2216,3.457,4123680.43754,5945803.20541,5620529.06165,6653853.79821,5912047.07339,0.693544723072557,0.6789744774451444,0.6886466832440414,1,-9.364319890635686,0.4038364462392696,감소형,,0.0,,39.6,관찰,39.6
2026-10-09T05:04:49+09:00,VET,KRW-VET,VETUSDT,10.4,-5.45454545,1532465159.8925354,1791489736525,False,False,,865462556.0626662,441912761.55464137,686762554.1335176,566447351.7058812,412473788.39593613,1.9584466242114937,1.5316812866289484,1.4426557399723112,2,-8.333333333333337,-5.1724137931034475,고수준 유지형,3002121.3037532,-6.038,1343443.3086422,977662.9211117,1426474.6066332,1352930.4963185,942137.4189567,1.3741375269858565,1.072732753336645,1.0272410923349888,2,-8.841463414634132,-5.7112824106517195,중립,,0.0,,39.5,관찰,39.5
2026-10-09T05:04:49+09:00,SIGN,KRW-SIGN,SIGNUSDT,16.8,1.20481928,538828433.7879384,1791489832272,False,False,,682071152.0812212,275610165.7194334,544683892.2854615,445329694.83837694,393877168.0249116,2.4747677586593753,1.6167628425484013,1.4656592099401224,2,-4.046242774566466,-4.597701149425271,고수준 유지형,495081.87595,1.995,701129.53946,352338.78702,384372.60572,336881.67677,309943.05953,1.9899300482640347,1.9592047286035574,1.8256504190175311,2,-4.446177847113875,-3.996865203761757,고수준 유지형,,0.0,,39.3,관찰,39.3
2026-10-09T05:04:49+09:00,SKR,KRW-SKR,,21.9,-0.90497738,354038283.3182177,1791487155495,False,False,,549709591.3919368,298786037.45709604,447927560.72524613,369271705.3859757,285770120.15002865,1.8398101734284418,1.477733415397844,1.4354520165977558,2,-10.162601626016254,-4.741379310344818,고수준 유지형,,,,,,,,,,,,,,NO_DATA,,0.0,,39.0,관찰,39.0
2026-10-09T05:04:49+09:00,TREE,KRW-TREE,TREEUSDT,58.3,-7.01754386,1864376089.7486374,1791489859626,False,False,,2199205781.941646,1310166761.4497654,2361639712.070336,1024592560.3821844,1010502925.6560144,1.6785693597570086,1.4048246961551116,1.5372373751101074,2,-0.9478672985781866,-1.2598425196850394,고수준 유지형,1139266.23349,-9.208,1240747.33475,342062.73642,460629.6711,239256.08305,253560.73452,3.6272508012289144,3.572385811714877,3.4385517525012372,2,-1.7094017094017144,-1.498929336188437,고수준 유지형,,0.0,,38.9,관찰,38.9
2026-10-09T05:04:49+09:00,USDC,KRW-USDC,USDCUSDT,1375.0,0.8804108600000001,1195339886.726321,1791489783669,False,False,,1949601328.9473374,1167887522.955283,1353689810.8937788,1303716414.7863557,607819168.119504,1.6693399754917884,1.5289816602786215,1.5024304640812116,2,0.9629629629629655,0.22058823529411686,고수준 유지형,4942719131.9043,0.036,4498091055.83662,2901892321.54423,4112421799.83264,824550090.01457,1328136568.42923,1.5500544325652235,1.721457701474147,1.6512969228967667,2,0.01699796024476896,0.009998100360930628,고수준 유지형,,0.0,,38.7,관찰,38.7
2026-10-09T05:04:49+09:00,AGLD,KRW-AGLD,AGLDUSDT,258.0,-5.14705882,499396429.0357772,1791489816015,False,False,,475702126.7815502,289815528.16449994,364302714.1428033,297429418.95265245,407423404.04846334,1.6413962695316333,1.4997739350806685,1.3247789377886696,2,-5.226480836236935,-5.555555555555558,고수준 유지형,259706.60561,-4.226,265185.96154,220812.16787,117846.67138,177624.40835,283458.30696,1.2009571940624415,1.540932982656786,1.1852640441620628,3,-6.182161396885322,-6.093528578176666,가속형,,0.0,,38.6,관찰,38.6
2026-10-09T05:04:49+09:00,ERA,KRW-ERA,ERAUSDT,83.3,-2.0,29975764944.015648,1791489888250,False,False,,643753647.2881728,403569867.39658487,671220130.987125,252577693.37566414,239459214.18718845,1.5951479515579425,1.454955513724089,1.3756821766177478,2,-3.518728717366626,-4.921700223713654,고수준 유지형,9993160.91338,-0.655,581627.84104,280384.05098,675990.53632,208989.89488,179380.32626,2.0743970243924035,1.4972856559485295,1.5598774110822842,2,-4.307692307692312,-5.038167938931304,고수준 유지형,,0.0,,38.5,관찰,38.5
2026-10-09T05:04:49+09:00,XLM,KRW-XLM,XLMUSDT,264.0,-3.64963504,26950977326.998722,1791489884746,False,False,,26804440342.896217,16382954177.810324,28193994027.92959,11460810959.543312,10564368244.99492,1.6361176410540865,1.4349845930046874,1.4110273806813964,2,-9.570957095709575,-6.484641638225252,고수준 유지형,23615827.1764,-3.372,18561710.1769,9937871.4858,23118495.3577,8162203.3302,7998712.6722,1.867775227665442,1.3509719113505436,1.3266132805263087,2,-10.531012940651486,-6.960556844547561,중립,,0.0,,38.5,관찰,38.5
2026-10-09T05:04:49+09:00,ARK,KRW-ARK,ARKUSDT,303.0,3.41296928,7519076952.527881,1791489890149,False,False,,11505399210.505716,3003266005.9761114,5110274495.852327,9225575300.408625,23367381481.659386,3.83096242144767,1.9906550037034718,1.021827662149358,2,-2.98013245033113,-0.6779661016949157,고수준 유지형,3387348.4085,4.297,3697335.7003,899604.9491,1275177.3705,1699911.8694,6600153.7547,4.109954824058004,2.862679365094018,1.3028232620963645,2,-4.0304523063143805,-0.9704251386321694,일회성 폭증형,,0.0,,38.3,관찰,38.3
2026-10-09T05:04:49+09:00,APT,KRW-APT,APTUSDT,1020.0,-1.9230769200000002,8801921661.245556,1791489864420,False,False,,7588158617.1172495,5133792197.374657,6797270502.45591,3343561940.5330114,3928791615.1194787,1.478080593327817,1.4903460076652915,1.2536425801889293,2,-4.059040590405905,-3.703703703703709,고수준 유지형,15380654.659215,-0.655,12318023.257803,12018372.907434,12375664.787072,5037273.002895,6269202.109424,1.0249326886989545,1.2556039434788855,1.2826854159160728,2,-4.7280439121756395,-3.77976565452941,중립,,0.0,,38.2,관찰,38.2
2026-10-09T05:04:49+09:00,ENA,KRW-ENA,ENAUSDT,282.0,-8.73786408,24235278158.810158,1791489889206,False,False,,22147220245.770554,14022733540.380547,27460952627.0528,7419341326.511031,10431815940.880327,1.5793796681648653,1.3586410523466892,1.3429986244171854,2,-5.214723926380371,-2.215189873417722,중립,63119812.568421,-9.364,42316701.113198,34088020.159612,62929656.12413,25918252.218208,21866381.19204,1.2413950976048607,1.0326525767247963,1.061048902992629,2,-6.213753106876563,-2.5817555938037917,중립,,0.0,,37.6,관찰,37.6
2026-10-09T05:04:49+09:00,KMNO,KRW-KMNO,KMNOUSDT,49.7,-2.9296875,583122956.8402226,1791489310374,False,False,,411762198.35557455,251463631.06740558,380385312.8572815,261180255.5770573,72261095.7793402,1.637462231050026,1.3832544285852444,1.2621118159083717,2,-6.569343065693422,-6.909090909090909,중립,850229.78613,-2.539,710837.45415,518827.95991,926426.47098,308649.22881,241922.30889,1.3700831664378834,1.2158663052306762,1.3499732907557107,2,-7.247093742270594,-7.475943745373792,중립,,0.0,,37.4,관찰,37.4
2026-10-09T05:04:49+09:00,NEAR,KRW-NEAR,NEARUSDT,6290.0,-13.48005502,89305088643.8159,1791489892050,False,False,,49590930223.92741,23981144733.17408,37210684141.99549,19351726394.627514,15467911584.772303,2.067913386775331,1.8471098050419723,1.7708943807969186,2,9.405568096313011,13.94984326018809,고수준 유지형,312267547.207,-15.082,185341276.426,101753041.8881,148850669.8928,82000722.216,72232865.4934,1.8214814317769858,1.6717270500464294,1.6038371887326555,2,8.501118568232657,13.704177323103139,고수준 유지형,,0.0,,37.3,관찰,37.3
2026-10-09T05:04:49+09:00,ICP,KRW-ICP,ICPUSDT,4049.0,-8.662305439999999,707216399.4212354,1791489816342,False,False,,921938029.705828,712632346.8636924,837035696.2151397,738896587.1051387,409218984.32359827,1.2937078056634583,1.2085365877978933,1.4505981963905799,2,-2.63562486272787,-0.827740492170026,중립,11141238.35345,-7.311,11157495.5042,8359577.9153,14854017.78128,12661087.27971,5299845.96911,1.334696035762661,0.9330392281019558,1.081852394921723,2,-3.6552748885587016,-1.3089802130898054,중립,,0.0,,36.9,관찰,36.9
2026-10-09T05:04:49+09:00,PENDLE,KRW-PENDLE,PENDLEUSDT,2870.0,-6.36215334,567576453.8169739,1791489839937,False,False,,751488728.4868695,353717536.9748294,1096636640.637982,469508998.6137738,258756511.33243966,2.124544728299252,1.17428482059418,1.4168121141590453,2,-7.205570693309116,-4.068857589984354,중립,6670440.442,-5.941,6068565.8921,2130029.3942,4649812.0037,2920950.4785,1670936.5648,2.849052650927966,1.8767228395643305,1.8701566776000873,2,-8.255006129955046,-4.508719693747332,고수준 유지형,,0.0,,36.5,관찰,36.5
2026-10-09T05:04:49+09:00,CTC,KRW-CTC,,145.0,-3.97350993,556462043.272638,1791489885386,False,False,,1616151991.4863257,1910527988.8841631,441925923.0466579,368093937.6263437,369373673.1481876,0.8459190343661144,1.7821616242655616,2.0413379711626565,1,-4.430379746835444,-3.205128205128205,중립,,,,,,,,,,,,,,NO_DATA,,0.0,,36.5,관찰,36.5
2026-10-09T05:04:49+09:00,POL,KRW-POL,POLUSDT,135.0,-3.57142857,2921265980.0532103,1791489865709,False,False,,3091611829.8205814,2881999201.9834595,3514971992.4725127,1247692016.670652,1093034932.3380268,1.0727316744893134,1.2132431780594917,1.3458609102946595,2,-6.040268456375841,-3.4482758620689613,중립,10488524.282247,-3.526,8451850.803441,5261504.44666,8091017.204621,2726567.634552,3032618.648812,1.6063562977327197,1.576927148023447,1.4977520764572714,2,-6.620652075197531,-4.121596419246554,고수준 유지형,,0.0,,36.4,관찰,36.4
2026-10-09T05:04:49+09:00,JST,KRW-JST,JSTUSDT,189.0,-2.57731959,615330307.9611024,1791489853264,False,False,,547661198.0698049,337015635.24105984,410686444.8100264,398501844.36229086,441391846.81197846,1.6250320187016694,1.4334129897961112,1.4681930939772354,2,2.645502645502651,7.182320441988943,고수준 유지형,6366750.553659,-2.768,5321185.063954,5165477.767313,4235855.951218,4029713.829408,5099513.980678,1.0301438325078682,1.1885562265254297,1.1746512573255974,4,1.3644806400914478,7.046397585816666,중립,,0.0,,36.3,관찰,36.3
2026-10-09T05:04:49+09:00,ZRX,KRW-ZRX,ZRXUSDT,157.0,-3.6809816000000004,274255149.2153644,1791489614685,False,False,,474772137.2072086,161939460.1698148,314404869.8239708,729612828.0714984,310862183.32813406,2.9317878218770623,1.1810671731545217,1.3610098188148076,2,-5.780346820809246,-1.8072289156626509,중립,308011.1159,-3.44,335030.8594,328171.071,226994.6716,643049.4204,154966.958,1.0209030868537465,0.838824786429447,1.115039889188168,3,-6.103286384976525,-1.3157894736842146,중립,,0.0,,36.3,관찰,36.3
2026-10-09T05:04:49+09:00,MEW,KRW-MEW,,0.632,-5.24737631,476638173.00767577,1791489522119,False,False,,604472471.9203143,286540937.91166466,558146149.0088938,453788525.71936154,903369607.9465176,2.109550126853644,1.3965741043638848,0.797824057171229,2,-9.251700680272101,-7.617728531855949,중립,,,,,,,,,,,,,,NO_DATA,,0.0,,36.2,관찰,36.2
2026-10-09T05:04:49+09:00,SPK,KRW-SPK,SPKUSDT,29.3,-4.56026059,520370521.0229327,1791489752797,False,False,,888200931.7880528,515818596.77257395,642709092.8911489,776917009.555213,1386042756.336613,1.7219249894157334,1.3767393077360879,0.39066494431672316,2,-8.90207715133532,-13.276836158192085,중립,1079074.102921,-3.531,1046004.260083,950736.154618,1228734.628063,1244928.897451,1617832.70636,1.1002045677996521,0.9163687283512533,0.48785480398960873,2,-9.187122736418507,-13.060060869900225,중립,,0.0,,36.0,관찰,36.0
2026-10-09T05:04:49+09:00,CRV,KRW-CRV,CRVUSDT,465.0,-10.57692308,2386880610.026018,1791489827478,False,False,,702437276.1577263,430670758.0020595,734678962.4045687,433535898.00270635,445742246.1737448,1.631030812067271,1.3179878561730116,1.2830122603745888,2,1.5625,3.1746031746031855,중립,14076719.78946,-4.369,4894269.37936,3179174.62867,3206360.94292,2191612.22487,3531158.24143,1.5394779938236691,1.7118520616072346,1.3447378886163655,2,0.6861968857218237,3.2196969696969724,고수준 유지형,,0.0,,35.7,관찰,35.7
2026-10-09T05:04:49+09:00,PLUME,KRW-PLUME,PLUMEUSDT,23.7,-3.6585365899999998,2482353535.945317,1791489851996,False,False,,2495403456.1327753,1404443290.3864222,3859407509.7282667,1110614119.3291106,1222050195.4575624,1.7767918955603992,1.1744060816090476,1.224005315801636,2,-3.529411764705881,-0.4048582995951344,중립,5810903.51688,-3.663,3164330.22786,2400767.36873,4540212.76145,2029146.63867,1193490.3803,1.3180494991207425,1.0582894677191983,1.1418517697620167,2,-4.825026511134666,-1.6438356164383494,중립,,0.0,,35.5,관찰,35.5
2026-10-09T05:04:49+09:00,HUNT,KRW-HUNT,,131.0,-1.5037593999999999,116583571.08185561,1791487224388,False,False,,120761257.82837616,71683125.59805454,122781674.21814421,98587051.9578188,119508349.36478376,1.6846539101198676,1.2362446143643482,1.0851713659604203,2,-5.000000000000004,-3.6231884057971064,중립,,,,,,,,,,,,,,NO_DATA,,0.0,,35.3,관찰,35.3
2026-10-09T05:04:49+09:00,SLX,KRW-SLX,,79.9,-2.32273839,2318821440.606353,1791489886664,False,False,,3310408960.5268464,3164110096.1452074,3397558921.9753513,2142409508.1490586,1812294429.3610291,1.0462369702495096,1.1409854416647653,1.2110961379468042,2,-1.918465227817756,-5.760368663594473,중립,,,,,,,,,,,,,,NO_DATA,,0.0,,35.2,관찰,35.2
2026-10-09T05:04:49+09:00,WAXP,KRW-WAXP,WAXPUSDT,7.75,-2.51572327,252042215.0954213,1791489663165,False,False,,439165061.2673319,222654687.2030477,282277184.87787384,536617414.4422168,1477037421.2531338,1.9724042946683613,1.2649379159002738,0.6389855184152659,2,-6.139315230224329,-8.93470790378007,중립,289855.85186,-3.259,259219.03387,206616.95531,247847.56171,271805.84947,672322.52042,1.2545874247400362,1.070754277595474,0.6713338420618007,2,-7.154213036565982,-8.607198748043821,중립,,0.0,,35.1,관찰,35.1
2026-10-09T05:04:49+09:00,AVAX,KRW-AVAX,AVAXUSDT,13900.0,-8.43214756,12361644841.091385,1791489891418,False,False,,14011198139.714058,14366514077.04796,5677841654.983336,2882654176.004517,4244853912.5901937,0.9752677695209614,1.8333657370824266,1.8825400470722236,1,1.0652463382157196,3.195105370496254,중립,65342826.04817,-9.471,78512477.3343,66053196.32928,35657009.14241,18646057.63219,33069293.56592,1.1886249522719472,1.9570018703522445,1.7742430324523721,4,0.24317751958931044,3.055555555555567,연속 가속형,,0.0,,35.0,관찰,35.0
2026-10-09T05:04:49+09:00,BERA,KRW-BERA,BERAUSDT,288.0,-5.2631578900000004,1120859219.2318156,1791489863459,False,False,,1427395434.791495,1182786022.8899927,1543975981.061052,731378097.7193445,928245743.6865474,1.2068078309750645,1.2382917344228062,1.0180438891438455,2,-0.9771986970684043,-4.402515723270439,중립,1430515.8931833,-3.139,1022100.0805733,998899.5455104,1026764.834405,470672.6300765,779211.5934178,1.0232260943226732,1.2283198259876977,1.1402660959048896,2,-1.892605633802824,-4.457779682811836,중립,,0.0,,35.0,관찰,35.0
2026-10-09T05:04:49+09:00,GEOD,KRW-GEOD,,381.0,-8.19277108,2744420406.767902,1791489886336,False,True,"거래량급등,입금량급등",11880978851.346653,938386543.481214,2333830027.9181156,2375495268.646774,554931067.9542477,12.661071211945083,6.311040216554143,8.237677374459164,2,-2.352941176470591,9.49868073878628,일회성 폭증형,,,,,,,,,,,,,,NO_DATA,,0.0,,34.9,관찰,34.9
2026-10-09T05:04:49+09:00,AZTEC,KRW-AZTEC,,19.8,-6.16113744,678016050.7785337,1791489524955,False,False,,504706041.3827877,350474372.5043437,370186787.53708345,539473851.8479086,253944629.54070473,1.440065468343288,1.2015523018269507,1.0395646825623068,2,-11.344537815126044,-8.658008658008654,중립,,,,,,,,,,,,,,NO_DATA,,0.0,,34.8,관찰,34.8
2026-10-09T05:04:49+09:00,ARX,KRW-ARX,,360.0,-2.96495957,1770077554.1455076,1791489885067,False,False,,1950390881.0240338,1750234287.1583614,2121924223.6700199,996548765.2159966,1698402695.8411922,1.114359886178805,1.2017918332987017,0.914093204591617,2,-0.536193029490617,-5.597964376590325,중립,,,,,,,,,,,,,,NO_DATA,,0.0,,34.6,관찰,34.6
2026-10-09T05:04:49+09:00,KAITO,KRW-KAITO,KAITOUSDT,421.0,-4.10022779,1209666886.684707,1791489537578,False,False,,1172292186.1978178,956310846.4943767,969938106.0829109,1010203582.4556446,1615189901.1756525,1.2258484680950559,1.1976616398991144,0.8900152651616041,2,-6.196581196581197,-3.7280701754385914,중립,2008056.05206,-3.058,1743134.51003,734870.75475,1106858.15422,1103907.42479,2945404.46091,2.3720286849937406,1.7753052100001947,1.0555978837029585,2,-6.9700460829493105,-3.5820895522388096,고수준 유지형,,0.0,,34.6,관찰,34.6
2026-10-09T05:04:49+09:00,ELSA,KRW-ELSA,,68.0,-4.895104900000001,304513546.0765219,1791489728376,False,False,,499771583.9371841,273518753.49639845,369425620.24320245,702534954.2594742,442148503.8233178,1.8271931176513088,1.1143350333306519,1.090531629495464,2,-4.920212765957455,-2.9850746268656803,중립,,,,,,,,,,,,,,NO_DATA,,0.0,,34.4,관찰,34.4
2026-10-09T05:04:49+09:00,SOMI,KRW-SOMI,SOMIUSDT,271.0,-0.36764706,161222615.85530928,1791489542687,False,False,,204703241.85474443,115067486.95165963,204682848.53203708,209147674.6140985,357029734.71739864,1.778984205510121,1.16111180953523,0.6507007334928395,2,-6.849315068493156,-1.0909090909090868,중립,405631.02161,-1.15,441665.79415,326234.71637,327860.96303,315539.68807,345805.43476,1.3538283082327864,1.3664903600899176,1.1326323403694185,2,-7.026523964634713,-1.0401188707280795,중립,,0.0,,34.3,관찰,34.3
2026-10-09T05:04:49+09:00,PENGU,KRW-PENGU,PENGUUSDT,10.9,-7.62711864,5465698754.023251,1791489890774,False,False,,4890159206.023069,4863757312.327433,4930195694.830554,2918949294.5231686,4150286175.55276,1.005428291750643,1.1539833524976577,0.9316029566211627,2,-9.23076923076922,-3.2786885245901565,중립,15187017.990858,-6.524,19560929.845722,15183351.80169,21219232.490166,7180425.182528,8438801.43407,1.2883143393637728,1.3464602432206276,1.236729242789691,2,-9.308149848690373,-2.6436652850901576,중립,,0.0,,34.2,관찰,34.2
2026-10-09T05:04:49+09:00,BSB,KRW-BSB,,136.0,0.74074074,540897947.3113773,1791489764863,False,False,,496004875.074802,184179418.9326748,211395736.66282874,850705225.5955215,503508799.55644625,2.693052665434417,1.1939645746508216,1.1581532301275717,2,-2.877697841726623,2.2727272727272707,중립,,,,,,,,,,,,,,NO_DATA,,0.0,,34.2,관찰,34.2
2026-10-09T05:04:49+09:00,POKT,KRW-POKT,,10.8,-5.2631578900000004,344995401.886707,1791489822834,False,False,,238984828.50737122,199796462.28692713,249250092.4322645,229509598.56954828,87783432.97963801,1.196141442004943,1.0565882897786272,1.1239205618405592,2,-6.5573770491803245,-4.999999999999993,중립,,,,,,,,,,,,,,NO_DATA,,0.0,,34.1,관찰,34.1
2026-10-09T05:04:49+09:00,ALGO,KRW-ALGO,ALGOUSDT,165.0,2.48447205,19121739732.204388,1791489880629,False,False,,2563448887.816032,1283311568.4779327,1994444028.8969197,2466330653.874582,2390075252.950801,1.9975265171624703,1.3388285494103291,1.0285124401693884,2,-10.555555555555552,-6.936416184971095,중립,20529190.7796,2.12,3497439.8067,3515228.8199,3879786.6424,4155448.4322,3746532.8731,0.9949394437428098,0.9083894392411496,0.7870297397416375,1,-10.407239819004522,-6.6037735849056585,중립,,0.0,,33.9,관찰,33.9
2026-10-09T05:04:49+09:00,GRVT,KRW-GRVT,,309.0,0.98039216,1239647515.7604527,1791489875263,False,False,,941731440.3666922,671993745.797889,871413566.1732167,634397236.3310195,421553966.7511367,1.401399114583323,1.2972671598572398,1.2168493917603675,2,2.341137123745818,4.436860068259385,중립,,,,,,,,,,,,,,NO_DATA,,0.0,,33.9,관찰,33.9
2026-10-09T05:04:49+09:00,CFG,KRW-CFG,CFGUSDT,182.0,-5.69948187,1552111784.488897,1791489453706,False,False,,1780539543.0531776,1544522849.449775,1815748648.9370987,2033802057.0429645,950759922.236608,1.1528088067376159,0.9902754521733389,1.11546509986245,2,-6.763285024154586,-2.5252525252525304,중립,2829391.71542,-5.575,1955472.30014,1414150.47663,2712671.70281,1780987.15314,1440954.15612,1.382789407814648,0.9929936073035174,1.0005569773277618,2,-7.41469816272966,-3.2899246058944454,중립,,0.0,,33.6,관찰,33.6
2026-10-09T05:04:49+09:00,AWE,KRW-AWE,AWEUSDT,84.9,-2.63761468,477478324.0839598,1791489735864,False,False,,452597201.23516923,426993378.4401718,547969093.785225,356080859.32238257,280107768.1226981,1.0599630441308703,1.0200957185418034,1.0865078504744783,2,-7.822410147991532,-9.071949947862358,중립,677601.58519,-2.109,195453.96135,188309.02277,364791.22937,137318.44272,326652.48322,1.0379426247075096,0.8492844826122499,0.7279318431926519,2,-8.89588100686497,-9.555587107766572,중립,,0.0,,33.6,관찰,33.6
2026-10-09T05:04:49+09:00,WLD,KRW-WLD,WLDUSDT,659.0,-7.18309859,31004653941.78449,1791489885062,False,False,,25410032188.84534,19913489705.704582,27074495489.910954,25069245616.062458,64888089318.21112,1.2760210573019843,1.057910437410006,0.6150571756455628,2,-10.012674271229404,-6.33245382585752,중립,48408745.18646,-6.178,41423606.03701,23788639.23626,39765795.4915,32339559.28793,81274531.36695,1.741318855004946,1.2959186796484568,0.7716859713483716,2,-10.789518753211158,-6.413941789435851,중립,,0.0,,33.5,관찰,33.5
2026-10-09T05:04:49+09:00,MOODENG,KRW-MOODENG,,55.3,-5.47008547,621467077.2855449,1791489566581,False,False,,478919730.428063,425897612.0260003,748064391.2524743,216705098.72454405,301484232.633217,1.1244949887129814,1.0331438697404882,1.054439855191858,2,-7.290015847860543,-7.290015847860543,중립,,,,,,,,,,,,,,NO_DATA,,0.0,,33.5,관찰,33.5
2026-10-09T05:04:49+09:00,ORDER,KRW-ORDER,,48.2,-3.01810865,273589044.5166632,1791489309108,False,False,,204117303.08569235,161257543.33716,289140897.93450344,182618669.92485848,95007464.1863828,1.2657845261782295,0.9673544339103509,1.1059429575543926,2,-4.423076923076918,-7.620817843866156,중립,,,,,,,,,,,,,,NO_DATA,,0.0,,33.5,관찰,33.5
2026-10-09T05:04:49+09:00,2Z,KRW-2Z,2ZUSDT,48.7,-8.11320755,4627140447.5967655,1791489819608,False,False,,4125694427.1899996,3962888917.1224546,4112510087.7652497,3901947184.702299,6452428210.537172,1.0410825318277561,1.0333744291642353,0.7526267382412836,2,-13.539967373572592,-15.73926868044515,중립,2845724.69664,-7.51,3092482.39461,2569907.29574,3846077.5854,1980420.43268,6532934.29076,1.2033439493075275,1.1049308408873324,0.6256937143108295,2,-14.137168141592927,-15.575375244724821,중립,,0.0,,33.3,관찰,33.3
2026-10-09T05:04:49+09:00,AAVE,KRW-AAVE,AAVEUSDT,228400.0,-3.7099494099999997,2387165597.706676,1791489890776,False,False,,3393453769.02237,2639000662.381107,4603676928.26495,2551073227.544985,4109643173.635948,1.2858859102977784,1.039475222113878,0.6176378585249497,2,-2.064409578860449,-3.0253475061324586,중립,31958112.10214,-3.788,27194754.2917,17882237.90971,28897141.42952,16311248.0958,24126674.12241,1.5207690686708364,1.2931280951218078,0.9283505250157724,2,-2.819181599955334,-3.0680995601091277,중립,,0.0,,33.3,관찰,33.3
2026-10-09T05:04:49+09:00,TAIKO,KRW-TAIKO,,113.0,-4.2372881399999995,287760104.6766399,1791489829724,False,False,,358836975.59327465,190619476.22197926,372822525.5114206,548439123.018974,218291500.9466728,1.8824780274571922,0.968188867330195,1.055682097604027,2,-6.349206349206349,-3.2786885245901676,중립,,,,,,,,,,,,,,NO_DATA,,0.0,,33.3,관찰,33.3
2026-10-09T05:04:49+09:00,BABY,KRW-BABY,BABYUSDT,17.4,-2.79329609,241319145.2877739,1791488844872,False,False,,299666660.47586536,394916822.89172107,219196932.7178663,161711723.47948265,90694043.1757162,0.7588095596475222,1.1587657348958822,1.3963431926263024,1,-3.7634408602150726,-3.2432432432432545,중립,1054427.23564,-2.521,1144897.38349,787581.93479,604463.31739,336302.32314,512097.80974,1.453686699651477,1.9872693429931614,1.792620905842093,4,-4.360465116279066,-3.801169590643272,연속 가속형,EARLY,5.0,Binance 연속가속 우위,33.3,관찰,33.3
2026-10-09T05:04:49+09:00,LPT,KRW-LPT,LPTUSDT,2444.0,6.16854909,6329352972.453354,1791489891412,False,False,,4783202389.958473,5905880526.264743,1988902598.2912946,265830705.6295757,1496375654.5283198,0.8099050376462114,1.7583980161880834,2.4132102418271306,1,-0.9892473118279566,-0.6044905008635526,중립,3957092.32028,6.843,2682459.70141,4424508.19614,1820993.94049,624151.38051,2004731.19906,0.6062729646992663,1.1714388628409773,1.3159249147876884,1,-2.031340684852012,-0.9970674486803555,감소형,,0.0,,33.2,관찰,33.2
2026-10-09T05:04:49+09:00,ATOM,KRW-ATOM,ATOMUSDT,2374.0,1.06428267,3130884755.365956,1791489866356,False,False,,1669441427.0661657,837890636.2402885,1943257282.0683393,1521947080.1418889,951095189.1783506,1.9924335645486397,1.1638888481434697,1.1363608572116806,2,-0.6765327695560264,4.400000000000004,중립,6900993.0326,1.465,2956772.81873,2478974.37297,4540174.0464,3234011.26635,2054670.37005,1.1927403731840767,0.8651302357598175,0.927361306825807,2,-1.4285714285714235,4.355716878402904,중립,,0.0,,33.2,관찰,33.2
2026-10-09T05:04:49+09:00,CELO,KRW-CELO,CELOUSDT,124.0,-4.61538462,932192983.5950154,1791489755341,False,False,,995809385.4657749,407422401.44930273,2339459945.8653436,562559822.2468047,531899320.581939,2.4441694465582486,0.9026984015234212,1.0492656084162537,2,-5.109489051094895,-5.797101449275366,중립,712819.477093,-3.421,690304.419032,589772.796158,1376863.748484,522608.710952,783223.513999,1.1704582231138847,0.8319442419111189,0.8114092471646878,2,-6.340454858718115,-5.643721483832575,중립,,0.0,,33.2,관찰,33.2
2026-10-09T05:04:49+09:00,BIRB,KRW-BIRB,,78.7,-3.3169533199999996,536179364.75262564,1791489808320,False,False,,678228208.5878501,424046808.7511292,1093760753.8208194,523157377.552861,448029856.9952635,1.5994182590014456,0.9969228700416211,1.039041784542783,2,-5.895953757225425,-6.004618937644324,중립,,,,,,,,,,,,,,NO_DATA,,0.0,,33.2,관찰,33.2
2026-10-09T05:04:49+09:00,LA,KRW-LA,LAUSDT,83.1,-3.81944444,3290297596.518011,1791489838034,False,False,,3708647268.583612,2266345800.28972,9434001785.357718,1675010629.093362,1496691711.9080462,1.6363995591976803,0.8318238380703021,1.0251202919917242,2,-5.263157894736836,-6.493506493506496,중립,870854.97537,-3.195,898727.11298,782224.67002,1889941.22469,403930.30807,328285.87211,1.148937316125585,0.8764944791074302,1.025996928401446,2,-6.360946745562124,-6.774668630338743,중립,,0.0,,33.1,관찰,33.1
2026-10-09T05:04:49+09:00,GMT,KRW-GMT,GMTUSDT,10.7,-4.46428571,850789070.3694491,1791489844731,False,False,,946145922.3395724,334027857.2807688,578297520.663897,1905107600.6402328,969498049.0319927,2.832535974819264,1.0074552930250602,0.8586554793195561,2,-9.677419354838722,-4.273504273504269,중립,767796.802601,-3.822,657535.621435,264032.086356,547280.779444,1832195.312087,1230031.675674,2.490362555967652,0.7462079674297575,0.6007138034599506,2,-9.471365638766516,-4.750869061413676,중립,,0.0,,33.1,관찰,33.1
2026-10-09T05:04:49+09:00,ANKR,KRW-ANKR,ANKRUSDT,6.21,-4.01854714,209442130.55296862,1791487628387,False,False,,251881464.14465764,191740403.52864486,372449920.2865385,180203576.88757962,268722185.92496014,1.3136587777496154,1.0151136269662993,0.8737590548100159,2,-3.720238095238093,-3.8632986627043175,중립,375926.254943,-1.518,368124.974444,305698.460177,446808.352693,136791.034608,311648.321935,1.2042094495041125,1.2418504401691142,1.2135094127396084,2,-4.435483870967738,-4.048582995951411,중립,,0.0,,33.1,관찰,33.1
2026-10-09T05:04:49+09:00,SUI,KRW-SUI,SUIUSDT,1430.0,-6.961613530000001,33506664067.817352,1791489864111,False,False,,24906110671.671844,17943229969.110435,41411566391.55418,29865930333.027576,27724113677.18818,1.3880505747598466,0.8374548693324871,0.7776557696355519,2,-5.82107843137255,-1.4743589743589691,중립,112665989.13432,-6.474,81566223.75173,62894006.50512,107933633.18854,79347458.72761,67593013.47748,1.2968838890092007,0.9781096232173425,0.9563025915335157,2,-6.620872299925507,-1.5530930983334579,중립,,0.0,,33.0,관찰,33.0
2026-10-09T05:04:49+09:00,FOLD,KRW-FOLD,,83.6,-5.85585586,6882656633.115798,1791489694536,False,False,,8110158114.231741,4597191856.447896,11350472210.5998,7031721109.75667,36463191759.46196,1.7641548074302478,1.0587957056072441,0.6398399849698811,2,-7.015706806282729,2.0689655172413834,중립,,,,,,,,,,,,,,NO_DATA,,0.0,,33.0,관찰,33.0
2026-10-09T05:04:49+09:00,SEI,KRW-SEI,SEIUSDT,90.5,-3.72340426,3555887989.712099,1791489815042,False,False,,3890214085.882729,3707146592.611032,4366553110.437951,4398860626.25655,3365618062.9720993,1.049382318367604,0.9357054164914995,0.8398343374121898,2,-5.432595573440646,-0.423728813559332,중립,7852506.032968,-4.408,6712353.417573,4950688.777366,6840139.747436,6366002.273597,3548456.99152,1.3558423321338913,1.1090625052525471,1.122969891676994,2,-6.296749626002985,-0.5341417641114399,중립,,0.0,,33.0,관찰,33.0
2026-10-09T05:04:49+09:00,PEPE,KRW-PEPE,PEPEUSDT,0.00523,-6.27240143,2786545714.906287,1791489844725,False,False,,2865749927.4686394,2768629671.4211035,4574508717.405985,1442217650.2282224,2397440355.3234954,1.0350788178896042,0.978588658693721,0.755358835414809,2,-6.218487394957995,-3.626943005181349,중립,38616949.5911806,-6.158,27939287.93953724,22129199.36605726,27716101.41400485,14859176.57596254,11662217.99186094,1.2625530403233542,1.295395113964357,1.0811851204947605,2,-7.029478458049898,-3.529411764705892,중립,,0.0,,33.0,관찰,33.0
2026-10-09T05:04:49+09:00,PROS,KRW-PROS,,890.0,-1.43964563,2685896477.1592827,1791489771196,False,False,,3649210485.8583927,1757786683.2073395,5087579516.14981,15326250758.06848,530123745.2789107,2.076025788976779,0.49376784194842593,0.7226210136820249,2,-17.834394904458595,-11.64383561643836,중립,,,,,,,,,,,,,,NO_DATA,,0.0,,33.0,관찰,33.0
2026-10-09T05:04:49+09:00,OPEN,KRW-OPEN,OPENUSDT,142.0,-8.38709677,1596175419.823847,1791489761054,False,False,,1934523732.6048243,1533977377.9178624,2354556016.2854977,6502676238.372361,5625867885.031413,1.261116207092077,0.5585077582903033,0.5511239903912645,2,-4.320987654320985,-10.404624277456643,중립,2402543.62858,-7.014,2005558.63203,1605370.94189,2243482.99931,5673132.90728,5790810.99741,1.2492805118727637,0.6318718973079075,0.6088035995425071,2,-5.113160100586766,-10.795902285264003,중립,,0.0,,33.0,관찰,33.0
2026-10-09T05:04:49+09:00,CHZ,KRW-CHZ,CHZUSDT,20.5,-4.20560748,1448605956.9386284,1791489884429,False,False,,1867558309.1486568,1350831784.819856,1809978179.748648,2779292375.5296054,5937314472.620069,1.3825247008069999,0.9431950169655552,0.6013420599099812,2,-6.956521739130439,-7.359307359307376,중립,1711980.47733,-4.609,1552723.56053,1115640.89568,1239490.93475,1408386.82443,5161631.60294,1.391777198686851,1.2377169103638412,0.6794026622623301,2,-7.403055229142186,-6.690349319123734,중립,,0.0,,33.0,관찰,33.0
2026-10-09T05:04:49+09:00,TRAC,KRW-TRAC,,545.0,-1.62454874,912758173.4164429,1791489320470,False,False,,1412192461.030086,1394335353.6403844,1908548795.8421776,3935705977.0837984,21029278564.46849,1.012806895660416,0.5852765951675575,0.1399598944344073,2,-10.932475884244376,-5.621805792163547,중립,,,,,,,,,,,,,,NO_DATA,,0.0,,33.0,관찰,33.0
2026-10-09T05:04:49+09:00,TOKAMAK,KRW-TOKAMAK,,475.0,-0.83507307,781753898.9152019,1791489563740,False,False,,338832542.3270325,203768843.4448941,409384955.0526688,2068849170.057277,443516147.3716972,1.662828019233785,0.3790068985377832,0.5039596927639831,2,-7.528957528957525,-3.81526104417671,중립,,,,,,,,,,,,,,NO_DATA,,0.0,,33.0,관찰,33.0
2026-10-09T05:04:49+09:00,SKY,KRW-SKY,SKYUSDT,105.0,-4.54545455,764737263.6388851,1791489637780,False,False,,737792165.0768347,644428867.2527342,1142178481.3693247,712143955.0224568,537143638.2548276,1.1448775847396746,0.8857930327048624,0.8316025364446527,2,-17.29323308270677,-6.779661016949157,중립,4084045.74595,-4.597,5053797.35794,4411132.89862,8925376.77308,4305503.01112,3248732.30309,1.1456914752038085,0.8593912920482333,0.7430918842218116,2,-17.933503836317144,-7.729468599033817,중립,,0.0,,33.0,관찰,33.0
2026-10-09T05:04:49+09:00,KITE,KRW-KITE,KITEUSDT,175.0,-5.40540541,759591819.7573212,1791489889210,False,False,,1040434126.6368511,1014947297.7407923,1229015481.8253994,4320170320.339766,1273542651.3768756,1.025111480125905,0.47550869740213997,0.5442271698492522,2,-7.0351758793969825,-8.866995073891626,중립,1577619.8562,-5.007,1367667.22814,804358.12833,1206794.37853,3818731.52805,4579787.32736,1.700321262345588,0.7037878729406564,0.4600282708623626,2,-7.828454731109602,-9.066487575554072,중립,,0.0,,33.0,관찰,33.0
2026-10-09T05:04:49+09:00,DEEP,KRW-DEEP,,27.6,-7.07070707,662746929.759648,1791489742752,False,False,,575631249.0110427,560387364.7250628,805785837.822624,877784318.1611962,1217385803.8748221,1.0272024054172935,0.7695750615134592,0.5567611548530415,2,-9.999999999999998,-4.807692307692313,중립,,,,,,,,,,,,,,NO_DATA,,0.0,,33.0,관찰,33.0
2026-10-09T05:04:49+09:00,ZK,KRW-ZK,ZKUSDT,15.5,-4.907975459999999,532366232.04826766,1791489406512,False,False,,782205744.5457486,564675329.6146219,1344349283.225447,494598048.9239172,733278390.5199794,1.38523095223513,0.976283536915522,0.39543250795666846,2,-7.909604519774005,-5.232558139534871,중립,2654737.047317,-5.29,1903609.441411,1842568.305906,1665250.661895,2106462.260647,2184114.260127,1.0331282890893891,1.0171966974678412,0.6681875063036101,3,-8.486238532110091,-4.9245432883240685,중립,,0.0,,33.0,관찰,33.0
2026-10-09T05:04:49+09:00,BLUR,KRW-BLUR,BLURUSDT,25.3,-4.16666667,490352291.49896616,1791489849153,False,False,,537921511.9252286,468047536.8288604,800232497.8958299,1155062231.264308,2847802593.0821857,1.1492882017279311,0.665925139186679,0.3969601202481135,2,-10.508474576271187,-6.382978723404253,중립,258200.232785,-2.839,268747.969997,223006.128239,258576.8193,325211.161345,850093.014932,1.2051147298919855,0.9993180429964206,0.5907979177702573,2,-11.27406049495876,-6.698795180722906,중립,,0.0,,33.0,관찰,33.0
2026-10-09T05:04:49+09:00,MASK,KRW-MASK,MASKUSDT,608.0,-5.29595016,426648629.86319846,1791489849157,False,False,,390342129.54245675,267611680.62028864,335672456.83305824,623567135.4294308,675340843.4640515,1.4586139462884993,0.9544974313600102,0.6220244655052564,2,-4.46428571428571,-4.46428571428571,중립,502192.6827,-4.936,412714.4335,466378.5397,380667.0469,326320.7029,424866.1626,0.8849344435219517,1.0552061292195491,0.7997003087632839,1,-5.443548387096775,-4.86815415821501,중립,,0.0,,33.0,관찰,33.0
2026-10-09T05:04:49+09:00,BIGTIME,KRW-BIGTIME,BIGTIMEUSDT,11.0,-2.65486726,421337127.03037894,1791489759788,False,False,,697312632.840589,470725544.6044369,811663428.6751593,2603079767.9925003,4397476207.06238,1.4813571110243429,0.5384003933169901,0.3427503854681713,2,-9.599999999999998,-9.599999999999998,중립,271371.14415,-2.2,318149.14394,252446.03874,445337.50253,518951.18518,1514205.27612,1.2602659385266455,0.7844334603687516,0.4517797395086654,2,-9.803921568627471,-9.60698689956333,중립,,0.0,,33.0,관찰,33.0
2026-10-09T05:04:49+09:00,XTZ,KRW-XTZ,XTZUSDT,397.0,-6.80751174,213020985.1341996,1791489761373,False,False,,338552018.55874515,240941208.65462336,457983385.7970629,464300392.4791598,319984641.79282963,1.4051229362098943,0.8731381006145945,0.7648360043419152,2,-4.91071428571429,-0.6993006993006978,중립,1270247.48187,-6.963,977464.05534,450380.78388,913718.56574,789523.19138,329452.86638,2.1703058618958235,1.3616091539691957,1.372920315107762,2,-5.360387643852205,-1.0136205258156394,중립,,0.0,,33.0,관찰,33.0
2026-10-09T05:04:49+09:00,BORA,KRW-BORA,,35.8,-1.9178082199999997,162253568.72981143,1791489301809,False,False,,395264050.41599506,204976428.98221692,260813777.16648418,1430891074.4634185,170146286.10943392,1.9283390406332372,0.6251931536253114,0.7617130444816275,2,-6.649616368286448,-5.68475452196383,중립,,,,,,,,,,,,,,NO_DATA,,0.0,,33.0,관찰,33.0
2026-10-09T05:04:49+09:00,AXS,KRW-AXS,AXSUSDT,1584.0,-7.04225352,5343926943.046903,1791489880005,False,False,,8819840074.788776,6775750441.464645,20058740584.903965,90328656211.74347,20471633605.13922,1.3016772313241043,0.22583483670502916,0.26038762023736534,2,-7.290533188248094,1.3079667063020217,중립,3233059.10203,-5.319,5876713.82847,3356032.0851,6771332.30942,16870970.691,7619251.70117,1.7510898821740233,0.6530084699506364,0.6388500418510982,2,-8.161764705882346,1.051779935275099,중립,,0.0,,32.7,관찰,32.7
2026-10-09T05:04:49+09:00,ARKM,KRW-ARKM,ARKMUSDT,166.0,-4.59770115,431638095.1980513,1791489780014,False,False,,489257566.3052008,556515143.8094503,204848899.8107498,202628362.49773714,156724213.33078757,0.8791451081746693,1.5225977814767468,1.699250647408871,1,-2.7932960893854775,-2.2471910112359605,중립,897737.70132,-3.654,1062642.01107,865980.79806,1196750.70665,602863.37819,532583.65878,1.2270965054312606,1.1959529385582166,1.154654219676035,2,-3.692539562923902,-2.8875379939209744,중립,,0.0,,32.7,관찰,32.7
2026-10-09T05:04:49+09:00,VIRTUAL,KRW-VIRTUAL,VIRTUALUSDT,960.0,-9.1769158,7738397802.609364,1791489844094,False,False,,6340266639.743583,5149127905.643521,9298253504.28612,7523471257.762381,4031241610.6148586,1.2313282474095382,0.8657288001935718,0.9321123534971084,2,-7.361963190184051,2.0270270270270174,중립,8582217.86219,-8.81,9601667.5506,6252655.78778,12209416.21662,9919208.76998,4726684.20392,1.5356142855912853,1.0149296249449917,1.1005464386767743,2,-8.133744368034145,1.8937401367701279,중립,,0.0,,32.6,관찰,32.6
2026-10-09T05:04:49+09:00,SOON,KRW-SOON,,440.0,0.456621,3303815553.071009,1791489872094,False,False,,4909184008.990165,3840995367.689799,5449237182.522016,12644457571.514025,20888741684.938396,1.2781020384158488,0.6714274031335948,0.2820796027200395,2,-10.245901639344257,-12.749003984063744,중립,,,,,,,,,,,,,,NO_DATA,,0.0,,32.6,관찰,32.6
2026-10-09T05:04:49+09:00,SYRUP,KRW-SYRUP,SYRUPUSDT,318.0,1.27388535,842646584.5754316,1791489676816,False,False,,880882337.2204186,634940481.7730268,914048451.686204,902913355.4980508,1110496823.3417513,1.3873463143515694,1.077794585682732,0.917198395884085,2,-10.028653295128942,-4.268292682926833,중립,2301028.06873,-0.607,1889997.35478,1013856.13131,1345495.81983,1684593.3802,1974369.67781,1.864167209146273,1.4020941431622156,1.1295802258043215,2,-11.153994596680816,-4.7973531844499595,고수준 유지형,,0.0,,32.6,관찰,32.6
2026-10-09T05:04:49+09:00,ID,KRW-ID,IDUSDT,50.0,-0.79365079,1820745093.7373757,1791489515798,False,False,,1205083664.8700166,1222291125.9496126,535680144.92989624,473317481.0254116,527650925.26038206,0.9859219618679409,1.6202524175876376,1.6314215971648962,1,1.8181818181818077,0.19880715705766772,중립,890441.3113,-0.545,518906.3147,594882.8048,529437.0457,301900.6405,243241.539,0.8722832640530879,1.0914994938885647,1.1929444076981013,1,1.0928961748633892,0.27100271002709064,중립,,0.0,,32.4,관찰,32.4
2026-10-09T05:04:49+09:00,GRT,KRW-GRT,GRTUSDT,35.7,-5.053191490000001,956301684.3876792,1791489768013,False,True,입금량급등,865201318.3417417,318818317.25726175,993765510.1999106,343379465.07768404,423026219.15300304,2.713775437324045,1.5674284368055158,1.560032097122529,2,-5.999999999999995,-3.3419023136246673,고수준 유지형,1731139.49951,-4.57,1437305.12582,1073429.56715,2666339.32484,986223.5433,705099.21647,1.338984102735408,0.9123830468415486,1.0736080843953155,2,-6.569590247206236,-3.4639608117564724,중립,,0.0,,32.3,관찰,32.3
2026-10-09T05:04:49+09:00,PUMP,KRW-PUMP,PUMPUSDT,7.58,-10.718492340000001,7369375916.186596,1791489859315,False,False,,8147923596.636858,2139696991.6225896,6480707199.913941,10704000442.160408,11673626017.31161,3.8079801151928847,1.2649171476820942,0.9956368645555069,2,-3.5227272727272774,16.142270861833108,중립,71111529.286406,-14.679,56016581.737091,21861928.246379,30308201.10609,42312961.433968,37759950.394913,2.562289158842567,1.778622437226582,1.4925986304876537,2,-4.339825180187096,15.861812778603257,고수준 유지형,,0.0,,31.6,관찰,31.6
2026-10-09T05:04:49+09:00,ONDO,KRW-ONDO,ONDOUSDT,677.0,5.78125,69565245752.14949,1791489889206,False,False,,41014768671.71415,35045162840.84614,37997592249.62797,22027325070.80855,31445338053.714085,1.1703403650306416,1.2942484723522123,1.1472644918089676,2,-5.0445103857566735,-4.477611940298509,중립,44920804.85351,5.014,23546957.46101,19364368.24401,26833027.63938,12753030.55886,16000108.91762,1.2159940961819813,1.1983097773216687,1.0989921305725825,2,-5.6959486562374595,-4.566673432108792,중립,,0.0,,31.5,관찰,31.5
2026-10-09T05:04:49+09:00,IMX,KRW-IMX,IMXUSDT,245.0,2.08333333,707415562.8258446,1791489766124,False,False,,963074488.9666463,451816967.57401586,704247050.0531129,1787908807.3594327,4848886217.94718,2.1315589233794703,0.9814028996389013,0.46568563058218954,2,-3.6144578313253017,-0.4149377593360981,중립,1798420.559576,4.06,993855.786841,1062406.096966,617285.052439,892686.791008,2914787.677865,0.9354763585028693,1.15907049025786,0.6596418900891752,1,-4.818624796968052,-1.3468013468013407,중립,,0.0,,31.3,관찰,31.3
2026-10-09T05:04:49+09:00,BAT,KRW-BAT,BATUSDT,135.0,-2.87769784,1050313282.6995488,1791489745020,False,False,,1219596583.600309,332416105.75768715,721159811.4277694,4127481109.9279046,1819851401.6534905,3.668885359271151,0.7061859639169867,0.6194157439510236,2,-1.4184397163120588,8.59375,중립,1213872.0918,-2.772,1536359.5319,943976.5733,1387887.6391,4388975.8185,984766.1015,1.6275398938441008,0.6857890642403507,0.7074832613199692,2,-1.8286814244465988,7.594936708860756,중립,,0.0,,31.1,관찰,31.1
2026-10-09T05:04:49+09:00,0G,KRW-0G,0GUSDT,388.0,-5.825242719999999,3687523674.8081317,1791489874940,False,False,,3115201888.56943,3317046655.2124157,1997400851.144756,1034919312.5555382,1463052953.5578542,0.9391492530483988,1.471895691688619,1.4024322171811925,1,0.9803921568627416,-0.2421307506053294,중립,2586502.940993,-4.995,2111408.723402,2188781.146222,1780025.028509,739898.4977,906904.759025,0.9646504526258596,1.3452162772688354,1.2687342392844663,1,0.5313849219528599,0.03304692663583797,중립,,0.0,,30.4,관찰,30.4
2026-10-09T05:04:49+09:00,ONT,KRW-ONT,ONTUSDT,84.8,6.0,2849862241.91598,1791489880008,False,False,,505431332.2981089,221928265.9860753,484865436.21660346,484607020.4092527,978932376.5414402,2.277453617962399,1.2726985707798844,0.8706956212170425,2,-1.5990159901599021,-1.9607843137254832,중립,2680042.38334,6.949,571544.65615,387355.16211,646954.77499,359522.28894,927062.8306,1.4755054587027667,1.2301580752810015,0.8829936506041346,2,-2.1807890794073526,-2.164502164502169,중립,,0.0,,30.4,관찰,30.4
2026-10-09T05:04:49+09:00,COW,KRW-COW,COWUSDT,195.0,-2.5,140186817.98021182,1791489778725,False,False,,195149236.20978215,249764854.00696474,202437410.82944134,236479564.30950212,120725938.94999734,0.7813318530570373,0.8500989627610895,0.8457603956888288,1,-6.542056074766355,-6.542056074766355,중립,327968.16708,-2.957,436159.9219,384254.66397,275144.41868,245349.00779,156679.7855,1.1350803589310563,1.446236559685532,1.2275567881172325,5,-7.327858496525586,-7.1518987341772196,연속 가속형,EARLY,5.0,Binance 연속가속 우위,30.0,관찰,30.0
2026-10-09T05:04:49+09:00,THETA,KRW-THETA,THETAUSDT,284.0,-5.64784053,352334793.27439445,1791489552947,False,False,,662208556.6158218,844212007.5938426,269908678.84063774,351322147.577438,444110648.73616225,0.7844102555508969,1.355648697949352,1.3808710038759593,1,-3.833865814696491,-1.3114754098360604,중립,1148910.08143,-5.914,1140733.37205,1037592.48797,738399.47914,721137.1306,681398.03786,1.0994040389419069,1.370453822066444,1.352882024401383,5,-4.643164230438524,-0.937918713711472,연속 가속형,,0.0,,29.7,관찰,29.7
2026-10-09T05:04:49+09:00,STX,KRW-STX,STXUSDT,506.0,0.0,9176195275.342691,1791489885391,False,True,입금량급등,14400511907.246675,3251062527.211712,6889045063.377171,5241288855.367424,4549894833.170034,4.429478604829338,2.8086874864406406,2.6797011331686513,2,-3.802281368821292,0.9980039920159722,일회성 폭증형,3359352.14607,0.984,6201435.32455,1406177.51495,2419632.59798,2612769.50721,2896535.58892,4.410136884296935,2.8895046844579473,2.5857430552831033,2,-4.799794661190959,0.760662863352346,일회성 폭증형,,0.0,,29.6,관찰,29.6
2026-10-09T05:04:49+09:00,AI,KRW-AI,AIUSDT,26.8,-6.293706289999999,566911025.6388167,1791489798869,False,False,,765842295.4986007,977009885.4520509,422780521.4253645,329370615.1238314,304801627.6642094,0.7838634049687784,1.3286945849824654,1.5116653822212152,1,0.35087719298245723,2.508960573476715,중립,584501.99541,-3.518,621479.99585,1037069.5795,1069441.69834,720990.96846,2484801.34624,0.5992654766227283,0.6593946972066106,0.36417171245207636,1,1.5151515151515138,-2.898550724637683,감소형,,0.0,,29.5,관찰,29.5
2026-10-09T05:04:49+09:00,POLYX,KRW-POLYX,POLYXUSDT,53.0,-4.3321299600000005,382170945.022386,1791489732616,False,False,,646217498.6264638,743624589.316862,403936468.61209923,315475592.3388891,486207549.4567816,0.8690103957160935,1.3250881278500206,1.2591746596569715,1,-4.152249134948094,-4.152249134948094,중립,372440.46944,-3.98,271625.43427,426662.61806,192497.33369,156109.23778,240695.89774,0.636628152485115,1.0510882075734387,1.005611014733128,1,-4.683840749414525,-4.23529411764707,감소형,,0.0,,28.9,관찰,28.9
2026-10-09T05:04:49+09:00,IN,KRW-IN,,44.4,-4.7210300400000005,731350347.5977631,1791489890148,False,False,,889608951.1260549,967193625.3037552,618411049.6955235,623358432.4905313,369063531.05256236,0.9197837205002937,1.2081808176556321,1.1516443416201454,1,-7.355864811133195,-7.722772277227719,중립,,,,,,,,,,,,,,NO_DATA,,0.0,,27.4,관찰,27.4
2026-10-09T05:04:49+09:00,XPL,KRW-XPL,XPLUSDT,115.0,-3.3613445399999997,6470233168.184946,1791489756943,False,False,,5914447384.774763,6436321459.615956,5059803708.565746,2436294108.451076,3986808885.005697,0.9189173384027447,1.2735291554197716,0.9896006628081452,1,-9.160305343511455,-7.03125,중립,12135720.025849,-3.542,10050064.527806,8165131.310212,8153434.516505,4563683.976695,8134345.026167,1.2308515498380956,1.443819218104157,0.9749723156484,4,-8.983279675978817,-6.126820908311914,연속 가속형,,0.0,,27.2,관찰,27.2
2026-10-09T05:04:49+09:00,XEC,KRW-XEC,XECUSDT,0.00988,-5.0,960370518.856213,1791489414566,False,False,,645504673.4765732,690703584.6826924,537724020.4410108,291713761.54229665,615905790.3372707,0.9345610588847842,1.27390390321192,0.9738222363887119,1,-7.142857142857151,-3.703703703703709,중립,451101.67479284,-4.624,339961.34811663,268647.20195018,273068.79091905,207223.46300429,187355.2936349,1.2654565007517742,1.361771016804497,1.1830185400130444,2,-7.073170731707313,-4.868913857677903,중립,,0.0,,27.2,관찰,27.2
2026-10-09T05:04:49+09:00,AXL,KRW-AXL,AXLUSDT,68.5,-3.2485875699999998,357188413.88819766,1791489714911,False,False,,434372991.29602647,545378421.2870462,290306880.95797753,275546623.53340274,385599998.93207,0.7964616390046081,1.1726795672966601,1.0833412938717646,1,-2.613480055020645,-1.8030513176144236,중립,548000.384621,-1.965,426153.37877,366290.363966,484660.142167,227164.719388,319730.637608,1.163430493108895,1.1858288483888013,1.1398450017717785,2,-3.5381750465549366,-2.0793950850661713,중립,,0.0,,26.8,관찰,26.8
2026-10-09T05:04:49+09:00,MON,KRW-MON,,33.9,-2.02312139,3659365200.9038215,1791489884114,False,False,,2862552445.362984,3694555038.021446,1953070781.9567327,1812554601.71979,1331230562.183218,0.7748030320035437,1.1511326604262426,1.0784806370370539,1,-23.281596452328156,-21.541950113378682,중립,,,,,,,,,,,,,,NO_DATA,,0.0,,26.6,관찰,26.6
2026-10-09T05:04:49+09:00,ZORA,KRW-ZORA,,9.53,-2.8542303799999997,689299741.5430354,1791489747920,False,False,,610971645.383033,711019836.3127749,564948343.3896139,421199603.08900577,334305812.3334594,0.8592891705404812,1.0799845217038213,1.0378809896050845,1,-7.452830188679238,-6.571428571428561,중립,,,,,,,,,,,,,,NO_DATA,,0.0,,25.8,관찰,25.8
2026-10-09T05:04:49+09:00,UP2,KRW-UP2,,94.1,-3.97959184,2010552328.8983314,1791489844092,False,False,,6225714047.590167,1161635771.5392647,4693002119.790124,2161817310.5041633,10501892710.835117,5.3594372695157055,2.3298504978233523,1.564629396195269,2,3.813559322033888,8.287292817679548,일회성 폭증형,,,,,,,,,,,,,,NO_DATA,,0.0,,25.3,관찰,25.3
2026-10-09T05:04:49+09:00,AUCTION,KRW-AUCTION,AUCTIONUSDT,4863.0,-3.51190476,242513235.74722028,1791489386284,False,False,,299408920.24354744,340594935.1596564,302983460.2670195,227003512.01031995,226548193.9459564,0.8790762555033218,1.0317544541845962,1.0029498943679074,1,-1.079489695780178,-1.079489695780178,중립,353882.11522,-3.524,447390.08036,516632.85633,387648.90583,242976.98617,181806.78484,0.8659729532846997,1.1698932285621897,1.252887545831381,1,-1.4627659574467988,-0.776647027316546,중립,,0.0,,25.3,관찰,25.3
2026-10-09T05:04:49+09:00,PONS,KRW-PONS,,481.0,-15.909090910000002,56320712163.06726,1791489844413,False,False,,,,,,,,,,,,,NO_DATA,,,,,,,,,,,,,,NO_DATA,,0.0,,25.0,관찰,25.0
2026-10-09T05:04:49+09:00,NMR,KRW-NMR,NMRUSDT,19190.0,-6.481481479999999,25368314166.860832,1791489855503,False,False,,,,,,,,,,,,,NO_DATA,7997793.3405,-5.616,20434521.3799,32306028.0711,1385648.3567,3165294.6086,1267057.4345,0.6325296732525317,1.6632827499350535,2.3539001251749516,1,27.357689039932033,26.818950930626052,감소형,,0.0,,25.0,관찰,25.0
2026-10-09T05:04:49+09:00,CPOOL,KRW-CPOOL,,39.2,-9.25925926,2019213126.2975206,1791489785294,False,False,,1935595181.609272,2148552532.08313,1635682434.4463763,2703873543.0437984,1340916354.6625786,0.900883340158602,0.894988968858923,0.953185707103687,1,-15.459882583170248,-12.903225806451612,중립,,,,,,,,,,,,,,NO_DATA,,0.0,,25.0,관찰,25.0
2026-10-09T05:04:49+09:00,ZKC,KRW-ZKC,ZKCUSDT,52.5,-4.71869328,1579265197.3121023,1791489892682,False,False,,2555320465.887119,2617033353.307817,4394743738.456893,798528969.4007913,1123470855.0493581,0.976418761594041,0.9815186930737764,0.7159724852758873,1,-4.006968641114983,-4.506065857885622,중립,762930.46834,-4.25,913974.87725,1496355.64822,869993.20398,270171.92242,207344.15397,0.6108005662539016,1.039978390515505,0.9842539308568092,1,-4.255319148936165,-4.028436018957349,감소형,,0.0,,25.0,관찰,25.0
2026-10-09T05:04:49+09:00,MOVE,KRW-MOVE,MOVEUSDT,12.2,-3.93700787,1533107799.1690595,1791489793375,False,False,,1478803789.747527,1532139847.1946652,1876798476.421831,2260715803.3211474,4733943181.427153,0.9651885188256175,0.7824835995134723,0.4595356245734924,1,-7.971014492753636,-5.9259259259259345,중립,293520.2590465,-2.758,464529.6359139,271949.555529,425017.4162746,461671.7810592,1176994.3032342,1.7081463325442492,1.202781198452389,0.6184076975073898,2,-8.484908071969322,-6.23551929082301,중립,,0.0,,25.0,관찰,25.0
2026-10-09T05:04:49+09:00,CRO,KRW-CRO,,82.7,-4.282407409999999,1254562961.9534686,1791489783017,False,False,,1302324396.6992579,1606302694.8392982,1638489560.4942827,1358028298.808142,1228980470.1387343,0.8107590187598784,0.8488215310897119,0.8046914889111079,1,-7.096774193548383,-5.263157894736836,중립,,,,,,,,,,,,,,NO_DATA,,0.0,,25.0,관찰,25.0
2026-10-09T05:04:49+09:00,RE,KRW-RE,REUSDT,598.0,-5.37974684,861965276.3719623,1791489865071,False,False,,1491760279.4267168,1493360074.999261,5146744371.487244,1365550655.6649644,1722148867.0995028,0.9989287275056252,0.5590149439584834,0.5823477831376672,1,-9.84308131241084,-8.538350217076696,중립,678947.38771,-5.622,840863.39818,611846.14508,1810821.40883,539900.62381,767489.71551,1.3743052970776755,0.8514876428873923,0.754117393719521,2,-10.697045761730061,-8.866995073891616,중립,,0.0,,25.0,관찰,25.0
2026-10-09T05:04:49+09:00,B3,KRW-B3,,0.933,-7.6237623800000005,787069154.0474752,1791489871453,False,False,,1065012611.570501,1248176234.8853145,6434129674.505938,6921515289.980912,651313910.7947844,0.8532549986167274,0.21878094719818,0.3274635947369176,1,-9.82142857142858,-5.607476635514019,중립,,,,,,,,,,,,,,NO_DATA,,0.0,,25.0,관찰,25.0
2026-10-09T05:04:49+09:00,CKB,KRW-CKB,CKBUSDT,1.67,-2.90697674,722149458.6075525,1791489803761,False,False,,160557439.68431994,197017842.2058682,202404691.84089413,169795296.77033475,289683196.9127498,0.8149385755456097,0.8462003348727358,0.14265959219450491,1,-3.370786516853941,-3.370786516853941,중립,1242788.541373,-1.84,326181.177661,259107.457629,232301.841666,269134.864757,270782.847169,1.258864490608521,1.2866360419749336,0.6403481248228741,3,-3.639120545868091,-2.4558710667689887,중립,,0.0,,25.0,관찰,25.0
2026-10-09T05:04:49+09:00,FF,KRW-FF,FFUSDT,146.0,-3.3112582799999997,649536761.4113846,1791489891731,False,False,,676164545.6173617,782979273.2715137,787688745.858708,682080593.853289,386336437.03109926,0.8635791121164048,0.9004527292397594,0.9569637213134428,1,-3.205128205128205,-5.031446540880502,중립,1024444.163831,-3.284,768757.043919,835188.8692,797983.658894,1592115.777589,566993.50731,0.9204589192566313,0.7150589073520405,0.6980388199023648,1,-4.436148971264875,-5.7937526743688466,중립,,0.0,,25.0,관찰,25.0
2026-10-09T05:04:49+09:00,ZETA,KRW-ZETA,,62.8,-2.78637771,387140766.4584047,1791489852320,False,False,,541576836.2629367,617474333.3590978,499737175.84009546,1764022671.0869906,569886464.6100688,0.8770839644730265,0.5639008866080545,0.3401095491667101,1,-6.240928882438334,-2.7108433734939874,중립,,,,,,,,,,,,,,NO_DATA,,0.0,,25.0,관찰,25.0
2026-10-09T05:04:49+09:00,ANIME,KRW-ANIME,ANIMEUSDT,4.11,-3.7470726,291993296.1895868,1791489671117,False,False,,426549840.4969136,478194275.1345905,453643236.96713644,497672187.64255726,268135275.71113983,0.8920011440472781,0.8951667286480456,0.9990936779064635,1,-6.359649122807021,-6.153846153846154,중립,186387.959388,-3.226,141172.400622,133461.050365,127257.261279,102252.487835,130410.465967,1.0577797809616392,1.1668079153306734,0.9107386328008984,4,-7.100591715976334,-6.547619047619047,중립,,0.0,,25.0,관찰,25.0
2026-10-09T05:04:49+09:00,WET,KRW-WET,,81.1,-3.9099526099999995,144322474.74587137,1791489779035,False,False,,148874289.0095095,163674168.6642376,205656154.30152056,174897498.2124096,156769704.30327937,0.9095771814482915,0.8206542364219092,0.6105992503492166,1,-6.326304106548264,-4.416761041902594,중립,,,,,,,,,,,,,,NO_DATA,,0.0,,25.0,관찰,25.0
2026-10-09T05:04:49+09:00,ADA,KRW-ADA,ADAUSDT,319.0,-8.33333333,27989497325.797775,1791489892054,False,False,,25323734778.160454,25760618559.084038,35381792481.9244,15442820750.08312,8245941298.147485,0.9830406331307008,0.9919824300031482,1.1650073656353985,1,-1.1363636363636354,4.819277108433728,중립,66245007.82246,-8.798,56967221.27278,59664672.74881,87700036.28922,52225328.09752,17370962.88558,0.9547898052271845,0.8562635002781901,1.0279170722041153,1,-1.6172506738544423,4.541734860883806,중립,,0.0,,24.8,관찰,24.8
2026-10-09T05:04:49+09:00,IOTA,KRW-IOTA,IOTAUSDT,68.0,-7.35694823,2463959089.0450506,1791489890778,False,False,,1626341896.9644322,1798392008.524948,3134825485.9328523,16201168500.466282,822079509.974763,0.9043311409609565,0.2308572244334474,0.3427355165667369,1,-8.020050125313272,0.8241758241758435,중립,1701622.3785,-7.143,1506701.4113,925993.7675,1670609.1387,6576502.3709,538259.0777,1.6271183070354738,0.4927561711500375,0.6969206404088651,2,-9.137055837563457,0.37383177570093906,중립,,0.0,,24.8,관찰,24.8
2026-10-09T05:04:49+09:00,ATH,KRW-ATH,,8.73,-5.1086956500000005,1482635147.6462624,1791489413927,False,False,,1459989180.564986,1546644310.421526,1327119688.1647084,9106214000.776157,17753811652.827282,0.9439721665332848,0.3656073109590078,0.19941621173059218,1,-12.380952380952392,1.2101210121012063,중립,,,,,,,,,,,,,,NO_DATA,,0.0,,24.7,관찰,24.7
2026-10-09T05:04:49+09:00,EDGE,KRW-EDGE,,147.0,-8.125,3176883388.2592077,1791489884750,False,False,,18109716989.553696,979690202.0769857,4285109634.6157045,29362500355.48917,408597902.9340027,18.485146581195067,1.5689687231500509,2.5141827231495606,2,-8.571428571428575,14.28571428571428,일회성 폭증형,,,,,,,,,,,,,,NO_DATA,,0.0,,24.0,관찰,24.0
2026-10-09T05:04:49+09:00,LIT,KRW-LIT,,4940.0,1.27101271,2996764159.2591558,1791489821220,False,False,,2250513760.582086,2918103430.1173406,8929323488.028978,3485638072.879171,3335528834.31915,0.7712248090163103,0.4403256156350974,0.4927316902288949,1,-1.3549039433771504,0.847632830266698,중립,,,,,,,,,,,,,,NO_DATA,,0.0,,23.8,관찰,23.8
2026-10-09T05:04:49+09:00,DRV,KRW-DRV,,583.0,14.76377953,17595233172.917313,1791489873369,False,False,,2640547508.7312374,2249293945.113977,3302037940.7962365,16084033966.887653,2669554280.9844375,1.1739450570554195,0.36614322032226193,0.37139959122154026,2,-9.769094138543522,-6.44567219152854,중립,,,,,,,,,,,,,,NO_DATA,,0.0,,23.0,관찰,23.0
2026-10-09T05:04:49+09:00,SAND,KRW-SAND,SANDUSDT,91.7,-14.299065420000002,35594805974.43981,1791489890780,False,False,,106596160333.26495,24915319839.638115,44054569457.363266,63451260250.983315,180751874901.55615,4.278338027340099,2.414935092252125,0.9819867708446067,2,2.8846153846153744,13.708820403825728,일회성 폭증형,17593320.8579,-15.187,48378506.43326,9723670.29675,18351155.72156,26656079.60105,59433145.30251,4.975333897266122,2.6518018961564764,1.3616464805424433,2,2.2446836440010554,12.606621367644944,일회성 폭증형,,0.0,,22.3,관찰,22.3
2026-10-09T05:04:49+09:00,CAP,KRW-CAP,,100.0,2.77492292,22267921723.95872,1791489892051,False,True,입금량급등,47191476377.377785,60922006319.539055,10909666296.040758,4341537065.917943,11200953468.718998,0.77462117924771,1.8585855804697877,1.76984928097009,1,9.81941309255079,-4.607843137254908,중립,,,,,,,,,,,,,,NO_DATA,,0.0,,22.1,관찰,22.1
2026-10-09T05:04:49+09:00,AKT,KRW-AKT,,1001.0,3.19587629,4583790265.94302,1791489873679,False,False,,4256199922.670696,4833032102.592449,13446954933.579714,17176634377.980618,935987312.4574096,0.8806479726024705,0.36011890751991965,0.5639946648860876,1,-7.619047619047614,8.01781737193763,중립,,,,,,,,,,,,,,NO_DATA,,0.0,,20.7,관찰,20.7
2026-10-09T05:04:49+09:00,MANA,KRW-MANA,MANAUSDT,128.0,-8.57142857,1577350839.6901906,1791489868277,False,False,,5502191067.181591,1247330256.6400034,1737670714.923269,7415099355.465024,16943381724.915022,4.4111742162040715,1.5871551891328077,0.534181997319153,2,-0.7092198581560294,2.1897810218978186,일회성 폭증형,1691743.2162,-11.575,4941233.1068,961694.0648,2343323.8498,2829502.4575,9496670.1195,5.138050953686202,2.4164398227151827,0.8115066434536026,2,-0.38572806171648377,2.7860696517412853,일회성 폭증형,,0.0,,19.2,관찰,19.2
2026-10-09T05:04:49+09:00,ETHFI,KRW-ETHFI,ETHFIUSDT,949.0,-4.14141414,2397426283.9204307,1791489836112,False,False,,1502981150.0102217,2501520852.6045766,684175578.4474899,954708948.1590344,669978475.3860552,0.6008269523099605,1.0890101420189404,1.233812369189395,1,-1.980198019801982,4.100946372239744,감소형,13630161.82819,-2.895,8328572.77198,7822569.04126,4467545.24119,3564432.16855,3293118.05204,1.0646851089521987,1.575933969045457,1.4554864971755692,5,-3.3716885202033753,3.422597737362154,연속 가속형,EARLY,5.0,Binance 연속가속 우위,19.0,관찰,19.0
2026-10-09T05:04:49+09:00,QUID,KRW-QUID,,86.3,7.875,40577895879.65763,1791489876527,False,False,,824641975.8887994,974649772.9009237,1489365024.321297,1003384362.1651896,1134881574.9609132,0.8460905638282306,0.7134817233166401,0.7178484349815109,1,-8.361970217640312,-7.7277970011534025,중립,,,,,,,,,,,,,,NO_DATA,,0.0,,18.7,관찰,18.7
2026-10-09T05:04:49+09:00,WLFI,KRW-WLFI,WLFIUSDT,75.7,0.5312085,1671738533.1644177,1791489812175,False,False,,1701738007.3840516,2855983516.9312825,768852610.3566173,1443978824.102513,1390391307.4364738,0.5958500801197015,1.0071809823619142,0.9814802678676903,1,1.0738255033557076,-0.13262599469496816,감소형,5916912.96235,0.912,6302786.52009,5208751.36574,3305233.34243,2979743.44731,2239412.21772,1.210037891527305,1.645102381445731,1.4415781905496896,5,0.1814882032667775,-0.1808318264014508,연속 가속형,EARLY,5.0,Binance 연속가속 우위,17.3,관찰,17.3
2026-10-09T05:04:49+09:00,KAVA,KRW-KAVA,KAVAUSDT,93.8,2.17864924,246870107.9686592,1791488979773,False,False,,300713811.52520883,411267982.58314294,138320397.5772932,88589770.29842503,207771750.67104703,0.7311870222341361,1.4136200587985834,1.4439692846262073,1,-1.2903225806451646,-1.6077170418006381,감소형,620136.390218,2.688,573713.393132,269122.327084,326995.631368,254285.453938,229164.351833,2.131794115145747,2.0239102457959977,1.3264012084365144,2,-2.154294032023285,-2.111547983107609,고수준 유지형,,0.0,,16.8,관찰,16.8
2026-10-09T05:04:49+09:00,RENDER,KRW-RENDER,RENDERUSDT,2546.0,-7.75362319,1693632024.1926637,1791489856775,False,False,,2182249673.9805117,2978446602.4954267,1042242601.0395665,950711029.5139761,990429191.2889012,0.732680475840044,1.3168823098208693,1.575714832287844,1,3.2547699214365844,2.7932960893854775,감소형,8582308.98914,-9.193,11029234.77471,10666672.46118,8878658.5344,2944198.08782,3937965.8411,1.0339901984287507,1.4712493179126964,1.7222089568494825,4,2.583586626139822,2.583586626139822,연속 가속형,,0.0,,16.7,관찰,16.7
2026-10-09T05:04:49+09:00,META2,KRW-META2,,7925.0,-3.11735941,4581938357.284492,1791489889831,False,False,,8284905381.445074,1613772175.127184,2805123393.0849586,27389551554.99147,669845922.919582,5.133875468383341,0.7813872852096642,1.221101522850384,2,-4.88372093023256,2.4420788979336194,일회성 폭증형,,,,,,,,,,,,,,NO_DATA,,0.0,,15.6,관찰,15.6
2026-10-09T05:04:49+09:00,MIRA,KRW-MIRA,MIRAUSDT,64.2,-5.86510264,2078391013.2953568,1791489748583,False,False,,3473003688.8502293,7103847143.264991,1530127023.7877398,1494317029.1395252,971697771.7698917,0.48889054322388,1.0287037432797872,1.315222586876966,1,-3.125,-3.536067892503536,감소형,1080965.234145,-4.602,1467217.092122,3809271.075472,569533.183614,408657.620881,370598.205251,0.38517003989804,0.91941228707942,1.2878357147871866,1,-4.221028396009208,-3.9260969976905313,감소형,,0.0,,14.8,관찰,14.8
2026-10-09T05:04:49+09:00,SC,KRW-SC,SCUSDT,1.3,-1.51515152,2189461135.5031395,1791489873681,False,False,,2016896909.2442126,5387216915.948266,403011933.97701955,290193711.58740175,426510131.9093271,0.3743856875845133,0.9951102355997026,1.268643668003782,1,-6.382978723404243,-5.714285714285705,감소형,659876.897643,-1.255,593422.792399,680851.304686,413658.797357,305398.624557,376105.144358,0.8715894180046833,1.2717031784784933,1.340714739586878,1,-6.956521739130428,-5.865102639296193,중립,,0.0,,14.3,관찰,14.3
2026-10-09T05:04:49+09:00,HIVE,KRW-HIVE,HIVEUSDT,72.5,-3.2042723600000005,269234442.2550715,1791489738812,False,False,,790101723.3846264,1744330807.7718287,349249542.3939234,359269454.3397132,240983752.35335177,0.4529540611587808,0.9663474566604258,1.1876881713444594,1,-4.46428571428571,-1.963350785340312,감소형,298532.7997,-2.018,257891.2378,382721.8129,172853.6098,123307.4352,82227.82,0.6738346995324864,1.1396277051290087,1.3507483598147074,1,-5.1724137931034475,-2.135231316725983,감소형,,0.0,,13.9,관찰,13.9
2026-10-09T05:04:49+09:00,MNT,KRW-MNT,,759.0,-4.28751576,165237714.0305808,1791489780354,False,False,,473499089.8585396,904122095.9555287,314956914.4991768,236209727.85477528,206724823.73559764,0.5237114455853645,0.9760930818620384,1.1554019656010905,1,-11.594202898550721,-10.798650168728907,감소형,,,,,,,,,,,,,,NO_DATA,,0.0,,13.8,관찰,13.8
2026-10-09T05:04:49+09:00,NCT,KRW-NCT,,12.8,-3.7593985000000005,278365677.807953,1791489811208,False,False,,347188745.3980149,464866452.381758,400048797.49365884,274292801.4488055,123477379.44245784,0.7468569599272703,0.9142897427588593,1.0463465914584937,1,-6.99300699300699,-2.9197080291970656,감소형,,,,,,,,,,,,,,NO_DATA,,0.0,,13.2,관찰,13.2
2026-10-09T05:04:49+09:00,VVV,KRW-VVV,,31250.0,-10.45845272,3102453651.849263,1791489873992,False,False,,729094869.1728216,1097073661.397349,1035697372.2479391,1005448709.178948,722702576.3393958,0.6645815088151594,0.6969826165041015,0.44657231653715074,1,-13.805877994566561,-7.623080995235576,감소형,,,,,,,,,,,,,,NO_DATA,,0.0,,13.0,관찰,13.0
2026-10-09T05:04:49+09:00,MORPHO,KRW-MORPHO,MORPHOUSDT,3229.0,-6.784064670000001,1653824919.7903721,1791489794059,False,False,,1250575883.2391798,1696702696.2041683,845314763.2687933,1240482048.1522958,1558034398.0803704,0.737062471838434,0.9918646762952159,0.7971254792083539,1,-6.555165902346916,-0.9436659994280783,감소형,5096637.09948,-7.12,3528738.62631,3475177.77245,2421249.88916,3034009.92204,3613469.76071,1.0154124068945802,1.1854084169751578,0.9952285857519636,3,-7.260124042320326,-1.0124610591900396,중립,,0.0,,13.0,관찰,13.0
2026-10-09T05:04:49+09:00,MEGA,KRW-MEGA,MEGAUSDT,55.9,-7.60330579,1526725302.3530374,1791489840264,False,False,,1692798830.7260442,2571548745.8098526,8169465127.522542,2565724519.825799,6146016159.752802,0.658279892023954,0.38164096581242224,0.16360776550111886,1,-9.022556390977442,-4.272151898734178,감소형,1843736.792786,-6.798,1769027.939119,1899212.02568,3867534.391399,2693873.302789,4307054.645643,0.9314536319269627,0.6272689227355794,0.3859861469296291,1,-9.758080910754218,-4.187351608029366,중립,,0.0,,13.0,관찰,13.0
2026-10-09T05:04:49+09:00,LSK,KRW-LSK,LSKUSDT,314.0,-1.875,1200527025.1755352,1791489836111,False,False,,2538317868.731381,12248076188.063297,1351595139.7339742,1458292855.2658813,1020611024.5242027,0.2072421684643968,0.5057093717063867,0.6889993447112845,1,-12.328767123287676,-14.893617021276595,감소형,1775030.00293,-1.441,1911362.27617,3001062.99111,2744580.22126,1620688.22043,1707245.23386,0.6368950874513455,0.7784182507696954,0.7438224080393645,1,-13.626373626373633,-19.467213114754102,감소형,,0.0,,13.0,관찰,13.0
2026-10-09T05:04:49+09:00,ZKP,KRW-ZKP,ZKPUSDT,62.7,-1.25984252,917451049.6156881,1791489750201,False,False,,2200641995.12908,4164276958.208577,32228585566.882862,607648774.7703199,450822905.7630455,0.5284571648845782,0.1784279663565597,0.27945925379441633,1,-5.223880597014929,-5.7863501483679585,감소형,427218.59606,-1.29,576823.00246,773973.04717,4142288.96713,120741.64347,125577.07136,0.7452753097399568,0.34355127074617203,0.502816330233297,1,-5.645161290322576,-5.454545454545457,감소형,,0.0,,13.0,관찰,13.0
2026-10-09T05:04:49+09:00,SUPER,KRW-SUPER,SUPERUSDT,303.0,-0.32894737,889739484.5978473,1791489597559,False,False,,284226830.1911563,749293329.0346053,371737102.10398257,1552780143.695631,5601548564.234786,0.37932651897135683,0.3189008595443739,0.14185361951364964,1,-10.32448377581121,-4.402515723270439,감소형,3114580.4723,-1.293,1549628.1693,1685174.654,1756084.6024,1979370.5081,11946205.8082,0.9195653196075187,0.8576281188480716,0.3163340065342224,1,-10.938743038981713,-4.3571123451516485,중립,,0.0,,13.0,관찰,13.0
2026-10-09T05:04:49+09:00,DOOD,KRW-DOOD,,2.14,-2.72727273,749908996.0789404,1791489544285,False,False,,596388708.7170901,1269843646.6200511,607527202.2138863,303243249.6398356,354963369.2146146,0.4696552290547744,0.820487278057828,0.9472592477619414,1,-6.382978723404253,-7.563025210084017,감소형,,,,,,,,,,,,,,NO_DATA,,0.0,,13.0,관찰,13.0
2026-10-09T05:04:49+09:00,T,KRW-T,TUSDT,6.88,-1.71428571,648234044.9786059,1791489841212,False,False,,1099714904.264055,5085322446.26249,623463303.5961863,821810707.7498016,2322515492.4140644,0.21625273832386022,0.5051827553895927,0.5530371985331715,1,-6.417112299465244,-5.913978494623661,감소형,332475.360248,-1.949,418647.502525,995663.088843,406840.376207,99662.843709,396538.793442,0.42047104810472086,0.8360875225677141,0.9371490750451151,1,-6.8840579710144905,-5.860805860805862,감소형,,0.0,,13.0,관찰,13.0
2026-10-09T05:04:49+09:00,WCT,KRW-WCT,WCTUSDT,53.8,-3.9285714300000003,526728696.7820399,1791489399439,False,False,,504459222.84918857,715427041.6047099,1341340896.9627316,231029021.43534464,382925050.23810124,0.7051162361960509,0.661499991041916,0.7783563704484812,1,-2.9462738301559876,-4.436860068259385,감소형,518029.927472,-3.164,371750.663071,534023.873225,519909.355915,207380.859416,266731.839349,0.6961311688669966,0.8841984715240774,0.8942115427457782,1,-3.682852451325358,-4.40046565774157,감소형,,0.0,,13.0,관찰,13.0
2026-10-09T05:04:49+09:00,SAFE,KRW-SAFE,,144.0,-2.7027026999999997,476603586.7214905,1791489217821,False,False,,549115735.0282774,925658996.3049843,7428267362.302567,317102033.3419842,335078613.58296394,0.5932160085087703,0.18998290982581523,0.2897047282121405,1,-3.26797385620915,0.0,감소형,,,,,,,,,,,,,,NO_DATA,,0.0,,13.0,관찰,13.0
2026-10-09T05:04:49+09:00,QKC,KRW-QKC,QKCUSDT,3.52,-3.56164384,449361394.38803273,1791489528435,False,False,,1110011356.198205,7283305260.966978,189079142.77467272,268914128.57563114,336677077.0877267,0.15240489261750823,0.43016479143555286,0.5819601081405412,1,-3.9473684210526327,-3.693931398416894,감소형,120030.883822,-5.613,113393.661015,458384.331351,60151.553411,64643.056496,81545.456811,0.24737682608127967,0.5833217885254588,0.6639201386070882,1,-5.044404973357008,-3.292329956584661,감소형,,0.0,,13.0,관찰,13.0
2026-10-09T05:04:49+09:00,SPX,KRW-SPX,,505.0,-5.78358209,397661371.4904947,1791489873683,False,False,,267950066.45700574,445627594.4104854,857434705.3645791,197835208.49781525,218998877.85113645,0.6012869710446751,0.5355796747880724,0.6250886526080937,1,-10.666666666666668,-7.4265975820379975,감소형,,,,,,,,,,,,,,NO_DATA,,0.0,,13.0,관찰,13.0
2026-10-09T05:04:49+09:00,YGG,KRW-YGG,YGGUSDT,34.4,-1.43266476,280072658.93536395,1791489000615,False,False,,808750496.5297767,5621717141.46408,393443293.8405938,969223214.2987968,738108813.7443101,0.14386182658758806,0.3473823334041905,0.45635621369288953,1,-8.638743455497389,-7.671957671957674,감소형,934860.267574,-0.986,1016243.711988,2032526.494516,1227790.461046,1088010.912533,1646586.116024,0.4999903886763333,0.7011272444135284,0.6199690790656269,1,-9.274336283185846,-7.63963963963964,감소형,,0.0,,13.0,관찰,13.0
2026-10-09T05:04:49+09:00,POWR,KRW-POWR,POWRUSDT,84.1,-1.98135198,234513477.2346927,1791489727401,False,False,,330222763.4206137,1210547688.498365,1249941766.8925343,239875232.0254592,301779041.19678646,0.27278790134260766,0.3668646293881468,0.4723397469647641,1,-8.528784648187637,-7.939914163090133,감소형,55451.0112,-1.757,94066.9036,145670.6535,241311.628,45598.5236,141928.847,0.6457505430220372,0.6523653094934795,0.6535694526892823,1,-9.248554913294804,-7.917888563049857,감소형,,0.0,,13.0,관찰,13.0
2026-10-09T05:04:49+09:00,PROVE,KRW-PROVE,PROVEUSDT,273.0,-2.84697509,193901123.35432655,1791489078575,False,False,,274421598.14559186,555638563.860692,324462879.7352819,494431260.53521997,199678787.1916903,0.4938850828474785,0.5989415835377593,0.6518824295711045,1,-2.0905923344947785,-6.020066889632103,감소형,864265.34686,-2.628,829553.04536,1006224.15259,818500.09328,572162.69515,454474.28441,0.8244217187837797,1.0382880783775918,0.9567121054228569,1,-2.5980160604629265,-5.887722501141024,중립,,0.0,,13.0,관찰,13.0
2026-10-09T05:04:49+09:00,TFUEL,KRW-TFUEL,TFUELUSDT,12.8,-3.7593985000000005,184866721.79661804,1791489771206,False,False,,291231846.86920637,397078691.2187239,209993523.50505984,554176402.3421249,184476794.1832461,0.7334361004750728,0.7523759578850211,0.9079084772592577,1,-7.638888888888884,-6.338028169014076,감소형,101422.89418,-3.512,220048.72233,452507.99263,100001.83976,287725.88272,132549.42642,0.48628692954364267,0.7856678252525561,0.9141560712831033,1,-8.52272727272727,-6.576402321083174,감소형,,0.0,,13.0,관찰,13.0
2026-10-09T05:04:49+09:00,MTL,KRW-MTL,MTLUSDT,412.0,-0.7228915699999999,172763485.41425553,1791489828755,False,False,,302869060.1265833,691919070.3394201,147587123.3111198,199792347.68591157,289535854.4496258,0.4377232441042725,0.8742504143336491,0.8772866248983873,1,-4.157043879907619,-4.377880184331795,감소형,254349.22214,-0.629,261674.59384,336662.18327,202685.80956,71524.7212,115580.40495,0.7772616196400632,1.2850856872311496,1.4388494786434476,1,-4.788732394366191,-4.639498432601874,중립,,0.0,,13.0,관찰,13.0
2026-10-09T05:04:49+09:00,KERNEL,KRW-KERNEL,KERNELUSDT,66.7,-4.7142857099999995,170315456.3717565,1791489548160,False,False,,241199947.19098297,455328554.47642803,213010784.47732392,160561779.57571867,162034057.17175606,0.5297272591839387,0.8729628002633973,0.823946337740338,1,-5.787348586810226,-4.502046384720327,감소형,355994.55138,-5.058,373653.77875,293720.90681,434286.10793,169928.72718,193476.9099,1.272138857285043,1.2483758958665776,1.2196767456420339,2,-6.5573770491803245,-4.469273743016755,중립,,0.0,,13.0,관찰,13.0
2026-10-09T05:04:49+09:00,FCT2,KRW-FCT2,,11.3,-2.5862069,103950272.37649792,1791488568859,False,False,,198011804.12835202,877443212.8025413,49947626.0337178,98569118.56828557,198286256.97091028,0.22566908175847084,0.5790044807283087,0.4294340044732144,1,-11.45038167938931,-12.121212121212121,감소형,,,,,,,,,,,,,,NO_DATA,,0.0,,13.0,관찰,13.0
2026-10-09T05:04:49+09:00,FIL,KRW-FIL,FILUSDT,1439.0,0.27874564,4887870128.180124,1791489838349,False,False,,4546647201.9199295,6171936742.425137,7752174429.219243,1542510384.5349863,2027518886.8339262,0.7366645822318356,0.8818953483936662,1.1054446742512898,1,0.20949720670391248,2.0625889046941737,감소형,19070723.227395,1.983,16970815.680756,16056821.143757,21611153.513178,4125022.164054,8103619.532305,1.0569225084352618,1.2182052237206185,1.3745827027107533,2,-0.5850712465792163,1.9351717464924922,중립,,0.0,,12.8,관찰,12.8
2026-10-09T05:04:49+09:00,BREV,KRW-BREV,BREVUSDT,112.0,-4.27350427,441858614.80632883,1791489866048,False,False,,1047585577.7817035,4502672613.151255,648684984.7783673,118651448.61771955,41762927.07389666,0.2326586158456093,0.5963475025539272,0.9466225026637143,1,0.0,0.8620689655172376,감소형,494762.16223,-3.538,555574.62843,1216757.07496,296942.77224,95346.60575,81715.58558,0.4566027515790398,1.0358457223122772,1.3816795756127194,1,-0.8101851851851971,0.7050528789659172,감소형,,0.0,,12.8,관찰,12.8
2026-10-09T05:04:49+09:00,A,KRW-A,AUSDT,131.0,-2.96296296,692221183.6101824,1791489817627,False,False,,1335921969.7218146,2021708640.6675494,1861311922.8162313,297290234.8595898,326358162.10379684,0.6607885740057508,0.9587243873717943,1.3626236518920827,1,3.053435114503822,4.651162790697683,감소형,478631.26777,-0.936,607003.74372,1268142.3234,1731236.98376,330618.66215,234292.55109,0.4786558515708001,0.5468505530462311,0.6777678225800465,1,1.7598343685300222,4.1313559322033955,감소형,,0.0,,12.7,관찰,12.7
2026-10-09T05:04:49+09:00,STEEM,KRW-STEEM,STEEMUSDT,81.3,0.37037037,334904878.94804096,1791489372973,False,False,,600916654.5291704,3697484909.441167,381332710.55041605,313551559.8454122,701716869.5092161,0.16252038054159149,0.4104276962562634,0.5236867289000658,1,-6.250000000000011,-6.358381502890175,감소형,488025.373565,1.038,345354.718009,924435.51955,353276.92963,221675.371205,656475.613218,0.37358443147783094,0.6909914432684723,0.689860307303374,1,-7.331561669532594,-6.909547738693467,감소형,,0.0,,12.7,관찰,12.7
2026-10-09T05:04:49+09:00,JPYC,KRW-JPYC,,8.58,0.23364485999999998,1793000479.6425269,1791489819270,False,False,,895396005.2803743,1596154004.4048905,610218024.3982232,641664357.7939078,477043895.1854716,0.5609709356423996,0.9431719441796588,0.9751815029163167,1,0.5875440658049458,0.46948356807512415,감소형,,,,,,,,,,,,,,NO_DATA,,0.0,,12.5,관찰,12.5
2026-10-09T05:04:49+09:00,HOME,KRW-HOME,HOMEUSDT,7.64,-5.0931677,643705108.1713465,1791489869561,False,False,,1244400342.642315,3656880166.4371295,348538844.1842277,293881733.93353343,321342491.15006423,0.34029016155996294,0.8683274908495487,1.240403560336342,1,4.545454545454541,2.5477707006369643,감소형,1161630.00357,-1.93,1123693.98022,1658538.98159,482767.21901,417482.75429,510113.08239,0.6775203915573589,1.3174521228949574,1.4606795118566591,1,4.049295774647899,2.604166666666674,감소형,,0.0,,12.1,관찰,12.1
2026-10-09T05:04:49+09:00,AVNT,KRW-AVNT,AVNTUSDT,178.0,0.56497175,4198075300.015033,1791489892682,False,False,,1954169673.8523674,2761991036.4904604,4269738516.086061,950649460.1493598,930964933.6978681,0.707522091141702,0.7344313032757298,0.9233874496077714,1,2.3121387283236983,0.0,감소형,3079437.14253,3.757,1031260.76109,1436512.40259,2336733.34962,307749.34404,336352.68534,0.7178919995613402,0.7580950749274011,0.9916592786626471,1,1.8838304552590168,-0.3072196620583778,감소형,,0.0,,11.7,관찰,11.7
2026-10-09T05:04:49+09:00,CARV,KRW-CARV,,59.2,-3.7398374,837833588.4087292,1791489854857,False,False,,1941542764.8857791,20361683405.799873,60319041286.37627,411761392.7189648,206979056.8236832,0.09535276264695998,0.07182697899481806,0.11897380699167513,1,1.1513157894736947,4.591836734693877,감소형,,,,,,,,,,,,,,NO_DATA,,0.0,,11.6,관찰,11.6
2026-10-09T05:04:49+09:00,PIEVERSE,KRW-PIEVERSE,,1793.0,2.04894707,422888092.9457131,1791489830357,False,False,,399220512.2668004,664830415.4526248,490734147.59571004,348409348.02121097,213521437.4593324,0.6004847296208705,0.7963313246229706,0.9544970890444167,1,-4.093886462882102,-5.435952637244346,감소형,,,,,,,,,,,,,,NO_DATA,,0.0,,11.4,관찰,11.4
2026-10-09T05:04:49+09:00,CYBER,KRW-CYBER,CYBERUSDT,438.0,2.0979021,1625244464.0943449,1791489867952,False,False,,753979065.5674555,2887631641.717753,690450613.610679,249554203.51298526,247668978.84759808,0.2611063872118188,0.5909488064044174,0.7535053342621317,1,-0.46403712296984034,0.4683840749414525,감소형,2607825.21184,3.215,1074252.1466,2600023.42988,1431867.01116,356554.23861,391968.88681,0.4131701792585694,0.734373263207463,0.9740243237815054,1,-0.6309148264984188,0.6389776357827559,감소형,,0.0,,11.2,관찰,11.2
2026-10-09T05:04:49+09:00,EUL,KRW-EUL,EULUSDT,1774.0,-9.48979592,1650805307.2914565,1791489878746,False,False,,1386116452.397815,1992939339.8451202,6505684835.942459,828905584.5389547,416338674.06521887,0.6955136188467914,0.4458146437527819,0.6631526060934799,1,1.449275362318847,6.118029236599898,감소형,1409593.26649,-8.102,997820.11203,779120.09646,1385546.36146,775315.75426,382943.66093,1.2807012892668055,1.0181899481188854,1.2947867344234407,2,0.6306937631394449,5.510653930933129,중립,,0.0,,11.1,관찰,11.1
2026-10-09T05:04:49+09:00,VTHO,KRW-VTHO,VTHOUSDT,0.91,-3.2943676900000005,1555880437.4937856,1791489777058,False,False,,4211143206.323041,30649264304.92666,1041028937.9026288,869766260.3462062,647582541.5200278,0.137397856092948,0.3880038861027579,0.6130891547911307,1,5.375139977603571,2.841530054644803,감소형,1080056.988511,-3.907,1614029.07789,7200479.688897,652848.382767,252381.278322,288777.412881,0.2241557712299087,0.5973674881000222,0.7564374251358222,1,4.545454545454541,2.526002971768193,감소형,,0.0,,10.5,관찰,10.5
2026-10-09T05:04:49+09:00,API3,KRW-API3,API3USDT,391.0,-7.5650118200000005,2184727149.0152893,1791489864097,False,False,,11300625796.042633,38247949278.90457,3591323591.554529,658449402.3797809,770016846.746852,0.295457037804519,0.7977339860822434,1.2921040112272908,1,5.486284289276799,11.609498680738795,감소형,4253392.412567,-8.765,5978779.242098,20653717.704263,6093507.576184,954315.743477,1842517.521882,0.289477145359838,0.6474851962496802,0.9828615860525353,1,4.686446392447752,11.410118406889126,감소형,,0.0,,10.0,관찰,10.0
2026-10-09T05:04:49+09:00,CHIP,KRW-CHIP,CHIPUSDT,66.0,-5.0359712199999995,6639744541.685739,1791489831644,False,False,,2901473721.4146156,6002320039.676744,2929529595.6014876,2967260573.5881934,728460359.0957423,0.48339203878420234,0.7315186607615326,0.9770689897534878,1,5.303030303030298,15.4485049833887,감소형,6415772.32267,-6.038,3552732.34717,7022260.26062,3559302.63111,3467006.91632,763617.47613,0.5059243342337082,0.7586677638461622,0.994660346081277,1,4.508196721311464,15.567641060503036,감소형,,0.0,,7.7,관찰,7.7
2026-10-09T05:04:49+09:00,ESP,KRW-ESP,ESPUSDT,151.0,-4.43037975,1316249474.2922494,1791489859943,False,False,,2941612694.729678,4024164712.7940903,2413849017.462226,11584184625.874586,275019950.7486227,0.7309871500481485,0.48966490712199645,0.7811397633342715,1,9.722222222222232,11.267605633802823,감소형,1490853.65837,-1.916,2584096.15343,2587797.00172,1504112.83968,5439391.35402,282278.01279,0.9985698846209574,0.8133504860821253,1.2359389521442403,1,9.183673469387754,11.426091987272201,중립,,0.0,,7.1,관찰,7.1
2026-10-09T05:04:49+09:00,RAY,KRW-RAY,RAYUSDT,3074.0,-8.78338279,4883733891.501203,1791489878434,False,True,"거래량급등,입금량급등",20036503601.4852,1671539169.6655862,1446473905.010322,1215644563.091806,3360280935.6529393,11.986858558327274,13.870387517602397,10.997988171011242,4,18.038528896672503,28.67506681939671,연속 가속형,14524862.38558,-10.788,29433916.61012,10334576.54509,6686152.92396,6834444.25219,8031272.22988,2.848100885575634,3.701576474026618,3.855422175331287,3,16.879795396419418,28.104235880398676,가속형,,0.0,,66.4,시동,66.4
2026-10-09T05:04:49+09:00,W,KRW-W,WUSDT,21.0,-4.54545455,18847132043.95778,1791489781344,False,False,,2293952285.702273,1274579312.2463772,1226404529.323825,5862107655.315313,849023329.5481235,1.7997721002228617,0.8228843197123551,1.1059448015061526,3,11.675126903553302,20.879120879120894,중립,18630835.954272,5.809,2764975.677236,1286041.709564,1250118.208218,3412193.270868,992979.810152,2.1499891151846042,1.3944913438454658,1.6187299577838201,3,11.149346180316599,21.155288822205563,중립,,0.0,,32.9,시동,32.9
2026-10-09T05:04:49+09:00,BEAM,KRW-BEAM,,3.53,-0.28248587999999997,2425654058.7454987,1791489871134,False,False,,6125251834.741721,2031359011.1331267,22724708160.131466,50893666353.02065,223206660.577595,3.0153467708915476,0.24290575324136648,0.4005604632305907,2,2.3121387283236983,20.408163265306122,중립,,,,,,,,,,,,,,NO_DATA,,0.0,,27.7,시동,27.7
2026-10-09T05:04:49+09:00,POD,KRW-POD,,790.0,-14.96232508,6689609484.167426,1791489826834,False,False,,17145524435.365097,47299722893.28072,49616620440.47409,112410176753.17758,150657084373.7014,0.3624867839934163,0.24572411218957782,0.1845808970927766,1,-21.932773109243698,23.046357615894042,감소형,,,,,,,,,,,,,,NO_DATA,,0.0,,7.9,시동,7.9
2026-10-09T05:04:49+09:00,SENT,KRW-SENT,SENTUSDT,32.8,-7.082152969999999,747002248.7821331,1791489778062,False,False,,517143928.2075914,1874747609.5468647,422815601.1469798,1574548402.2677085,253566995.3502988,0.2758472263541584,0.400668146917432,0.5821629717495983,1,12.063492063492065,20.4778156996587,감소형,3196774.58928,-4.76,2150907.41809,3479825.48036,1344323.17983,3527577.28671,790733.61119,0.6181078419678337,0.7726214072751184,1.0906746280548332,1,11.688869789428447,20.883720930232563,감소형,,0.0,,4.3,시동,4.3
2026-10-09T05:04:49+09:00,ZRO,KRW-ZRO,ZROUSDT,2730.0,-8.84808013,3852849634.2510877,1791489811550,False,False,,3204958800.875868,5248154904.177109,6153323374.855066,9993690912.163496,25736991147.491062,0.6106829656123486,0.44939473563893206,0.3035548702173516,1,12.04638982416759,25.84033613445378,감소형,22248894.76054,-9.891,18044122.16543,18046117.32952,25183691.72105,13989121.04907,36364951.30287,0.999889440811363,0.946056950069232,0.7392867945301449,1,11.246200607902757,25.77319587628868,중립,,0.0,,3.1,시동,3.1
2026-10-09T05:04:49+09:00,FLUID,KRW-FLUID,,2569.0,-9.38271605,1616392953.6837313,1791489815382,False,False,,2205465120.7777424,15702280581.865583,27724738941.870705,1022128299.9108783,574073063.894377,0.1404550828957173,0.14885314311500192,0.2392433098636216,1,17.830423940149622,29.807692307692314,감소형,,,,,,,,,,,,,,NO_DATA,,0.0,,0.2,시동,0.2
2026-10-09T05:04:49+09:00,MET2,KRW-MET2,,596.0,-1.8121911000000002,57077153485.6409,1791489888259,False,True,거래량급등,19306414742.511986,7513030557.466016,514883670.8346726,791165917.6762142,428887714.17607176,2.5697239742125615,6.56749267143894,8.905864809535709,3,47.68856447688565,50.99502487562189,가속형,,,,,,,,,,,,,,NO_DATA,,0.0,,53.0,이미 발동,53.0
2026-10-09T05:04:49+09:00,ORCA,KRW-ORCA,ORCAUSDT,3146.0,-19.271234279999998,37785315636.67212,1791489890785,False,False,,68293445201.3841,121542238799.69038,31729464950.25717,6441430818.199152,963421459.3672208,0.5618906305809966,1.2828020447919615,2.113877272578696,1,43.74769457764663,63.19095477386936,감소형,14352409.35764,-17.994,30297720.22399,45109545.37658,13744645.86346,7161192.31785,1256261.5906,0.6716476517566499,1.3768481795196155,2.209328462909973,1,42.11050273768044,62.67806267806269,감소형,,0.0,,5.8,이미 발동,5.8
2026-10-09T05:04:49+09:00,EGLD,KRW-EGLD,EGLDUSDT,6195.0,-4.17633411,1236852821.2566216,1791489870190,True,True,"거래량급등,글로벌가격차이",7242178928.530055,1278521090.4704456,862054268.767453,1438004529.3910868,1145528156.3051655,5.66449703685781,6.0712733714920555,3.3549744529818004,3,-8.036984352773825,-8.49256900212314,가속형,909095.3783,-2.147,703037.1779,595535.35056,436055.89769,256616.7123,311642.52209,1.180512923773396,1.6372446051330993,1.4301757571777312,4,-9.58241758241758,-8.353753619959903,연속 가속형,YES,10.7,Binance D2 선행→Upbit D1 확산,28.5,유의종목,28.5
2026-10-09T05:04:49+09:00,BLAST,KRW-BLAST,,0.289,-1.70068027,3933142401.236404,1791489823479,True,True,글로벌가격차이,1527621701.8505232,4190913041.9266124,5702696462.626582,37972340323.40995,8535818712.640915,0.3645080884685351,0.09574374105231427,0.10878345229856815,1,-13.52941176470589,-16.000000000000004,감소형,,,,,,,,,,,,,,NO_DATA,,0.0,,0,유의종목,0
2026-10-09T05:04:49+09:00,RVN,KRW-RVN,RVNUSDT,3.09,-2.83018868,1976188714.1837528,1791489859945,True,False,,2332436045.702198,2405395983.3306165,12788599064.172958,1167252495.3460958,1172438736.1500592,0.9696682217256408,0.4276757086390161,0.5125804439485038,1,-5.074626865671639,-5.917159763313606,중립,1285472.1070295,-0.575,1199390.7573494,2206990.8704814,8747567.6429274,334059.7542911,386703.2029598,0.5434507108259052,0.3187433737877064,0.4864973660108544,1,-1.7513882956001758,-2.0025564550490094,감소형,,0.0,,0,유의종목,0
2026-10-09T05:04:49+09:00,ZIL,KRW-ZIL,ZILUSDT,4.27,-3.39366516,1418553392.627019,1791489832591,True,False,,1108352781.927924,4044093297.504254,16489935912.692007,394531383.6298132,549336472.0975242,0.27406706532016106,0.15887659024026068,0.24516686406424387,1,-2.428256070640189,-1.5590200445434355,감소형,594139.4192107,-3.241,488090.5821291,687335.0752104,2041152.8008087,169819.1243629,193262.2973372,0.7101202888266551,0.5052162335440336,0.7096438348461612,1,-3.7510656436487655,-3.5866780529462017,감소형,,0.0,,0,유의종목,0
2026-10-09T05:04:49+09:00,SOPH,KRW-SOPH,SOPHUSDT,4.96,-3.5019455300000004,831981834.5586495,1791489863781,True,False,,696505384.5552555,610123090.0791684,1756726314.3516705,1923324709.8212464,756262245.3354429,1.1415817494546523,0.48704693516385084,0.5104440148350227,2,-2.281368821292773,-0.9633911368015502,중립,611536.50166,-2.732,410748.76788,188989.89353,303604.74502,260361.1229,290032.997,2.1733901226564707,1.636545421031123,1.1679815810114673,2,-2.116402116402105,-1.3333333333333308,고수준 유지형,,0.0,,0,유의종목,0
2026-10-09T05:04:49+09:00,MANTRA,KRW-MANTRA,MANTRAUSDT,6.48,-4.14201183,647047442.9096488,1791489322769,True,True,글로벌가격차이,1131472372.9086566,5053499429.110761,1005128549.3465364,4032899503.9046497,692801900.9790127,0.22389878316613487,0.33636306541886346,0.4594043854527835,1,-3.566333808844513,-1.4577259475218707,감소형,502022.13018,-3.837,461198.29975,376999.09154,442990.55898,302596.77323,596675.18886,1.223340613013298,1.2325063531662008,0.9250742800065349,2,-2.4017467248908297,0.0,중립,,0.0,,0,유의종목,0
2026-10-09T05:04:49+09:00,ICX,KRW-ICX,,19.1,-1.54639175,536187762.0683145,1791489861548,True,False,,903950030.3558644,2373078766.7172904,1329686480.2790043,6259587337.315711,3176827492.0588474,0.38091867957940134,0.2722098086889656,0.1474314495875376,1,-6.2801932367149815,-11.009174311926618,감소형,,,,,,,,,,,,,,NO_DATA,,0.0,,0,유의종목,0
