scan_time_kst,coin,upbit_market,binance_symbol,upbit_price,upbit_price_24h_pct,upbit_24h_trade_krw,upbit_timestamp_ms,warning,caution_any,caution_types,upbit_D1_trade_krw,upbit_D2_trade_krw,upbit_D3_trade_krw,upbit_D4_trade_krw,upbit_D5_trade_krw,upbit_d1_vs_prev_x,upbit_d1_vs_3davg_x,upbit_d1_vs_5davg_x,upbit_rise_streak,upbit_price_3d_pct,upbit_price_5d_pct,upbit_supply_pattern,binance_24h_quote_usdt,binance_price_24h_pct,binance_D1_quote_usdt,binance_D2_quote_usdt,binance_D3_quote_usdt,binance_D4_quote_usdt,binance_D5_quote_usdt,binance_d1_vs_prev_x,binance_d1_vs_3davg_x,binance_d1_vs_5davg_x,binance_rise_streak,binance_price_3d_pct,binance_price_5d_pct,binance_supply_pattern,overseas_lead,overseas_lead_score,overseas_lead_reason,raw_signal_score,state,score
2026-10-03T21:29:42+09:00,MEGA,KRW-MEGA,MEGAUSDT,62.8,-0.63291139,7775115571.342428,1791030585078,False,False,,32280695431.60297,30684214498.22025,865028891.5158341,613436933.5047845,1160352554.0216484,1.0520293890356984,3.0110079546085116,4.715613939901866,4,11.072056239015815,6.218487394957983,연속 가속형,3776184.633463,-3.182,10148017.728505,16133569.371924,1916675.220346,1380986.82187,2062441.294633,0.6290001607557971,1.5667588191740143,2.214812955738999,1,10.204567078972415,5.535307517084287,감소형,,0.0,,79.8,발사 전,79.8
2026-10-03T21:29:42+09:00,FCT2,KRW-FCT2,,13.2,0.0,227501402.25345993,1791030494032,False,False,,1081251278.4378188,791665436.4731266,207624266.51391056,166839381.10557035,2269860482.9498725,1.3657932108982784,2.7816421694322955,1.4516207509481873,4,3.937007874015741,1.538461538461533,연속 가속형,,,,,,,,,,,,,,NO_DATA,,0.0,,71.8,발사 전,71.8
2026-10-03T21:29:42+09:00,BEAM,KRW-BEAM,,2.88,-2.04081633,549023357.8007865,1791030512553,False,False,,585577280.1471372,320970427.43676424,245801421.7692941,159437802.2857255,359039145.16258943,1.8243963620682913,2.4190422653192822,2.0258783424733946,4,6.137184115523464,0.0,연속 가속형,,,,,,,,,,,,,,NO_DATA,,0.0,,71.3,발사 전,71.3
2026-10-03T21:29:42+09:00,CKB,KRW-CKB,CKBUSDT,1.77,-0.56179775,550918672.8488047,1791030514947,False,True,거래량급등,4768391088.225902,188220215.88725707,185349835.186103,203798998.8212613,381061750.4729305,25.334106996679587,24.776480947997847,20.601403697579986,3,0.0,-7.772020725388595,가속형,374244.778272,-1.145,1515578.062884,251944.737651,383632.235106,264105.11686,426768.185946,6.015517835436657,5.05371201797245,4.663432315592674,2,-0.5343511450381699,-8.23943661971832,일회성 폭증형,,0.0,,68.0,발사 전,68.0
2026-10-03T21:29:42+09:00,ZKC,KRW-ZKC,ZKCUSDT,56.4,-2.25303293,1884981868.0121818,1791030572064,False,True,거래량급등,8911325503.485468,1116531910.1765485,1059881170.4734648,1257073907.30738,2608535424.32849,7.981254653148596,7.7862466362106835,5.266840790069591,3,1.405975395430592,-6.634304207119735,가속형,428923.50258,-4.388,1799118.19089,404485.69372,410784.48121,291629.10686,796276.27337,4.447915510543165,4.876102696481812,3.3564322555912445,2,0.4761904761904745,-7.4561403508771935,일회성 폭증형,,0.0,,67.5,발사 전,67.5
2026-10-03T21:29:42+09:00,ZK,KRW-ZK,ZKUSDT,16.9,-1.74418605,1479387513.6896794,1791030579899,False,True,"거래량급등,입금량급등",6753607805.822647,267601713.31819445,220752687.26523867,577623494.3710495,639002411.6098866,25.237535746986058,19.00679508774718,15.075211524809749,3,5.521472392638027,-3.9106145251396662,가속형,2647123.267656,-7.057,6446179.750056,1613044.742712,1704433.016156,1775158.325031,2115466.599644,3.9962808094325313,3.79735345930356,3.4689641407672513,2,4.568106312292364,-4.621212121212115,고수준 유지형,,0.0,,66.1,발사 전,66.1
2026-10-03T21:29:42+09:00,WAVES,KRW-WAVES,,400.0,-1.47783251,979086905.6694607,1791030575378,False,False,,3349165146.5957913,2882477103.787814,2013928443.3012526,667226187.7585667,1683639596.49608,1.1619052037550308,1.8059238854461197,1.9600426552833496,4,5.729166666666674,0.4950495049504955,연속 가속형,,,,,,,,,,,,,,NO_DATA,,0.0,,66.1,발사 전,66.1
2026-10-03T21:29:42+09:00,VVV,KRW-VVV,,37760.0,-0.052938059999999995,1431851820.9538674,1791030543468,False,True,거래량급등,4302311743.646523,1010091793.4748545,892334392.6737078,1026920297.1880865,1360192201.9195788,4.259327490272919,4.406080094778692,2.780842875824472,3,3.280481137233471,-4.908129876667511,가속형,,,,,,,,,,,,,,NO_DATA,,0.0,,63.8,발사 전,63.8
2026-10-03T21:29:42+09:00,OPG,KRW-OPG,OPGUSDT,178.0,-1.65745856,489335957.91174376,1791030472073,False,False,,596797559.6774409,225609811.47142154,171222417.62468308,349684736.0523854,565421743.9761583,2.6452642098548025,2.3983281862538717,1.41159161899017,3,5.84795321637428,1.6853932584269593,가속형,1723177.25961,-0.532,1047054.2437,646875.65915,446212.28128,622162.47918,949182.75921,1.6186329302849918,1.831314363889917,1.5178475805912683,3,5.480540111199361,0.7587253414264028,가속형,,0.0,,56.8,발사 전,56.8
2026-10-03T21:29:42+09:00,GMT,KRW-GMT,GMTUSDT,11.9,1.70940171,1513744384.3156996,1791030585401,False,False,,1722530829.47944,1170444683.0441892,530189362.52776253,915451455.7126865,1255834302.9223845,1.471689225841361,1.975314830459767,1.8367700023091378,3,2.631578947368407,-4.87804878048782,가속형,1711581.808751,-5.344,1599412.63769,568523.396255,330503.86213,388160.127668,564739.650448,2.8132749649807107,3.7276918380805446,3.356441104652698,3,2.130177514792919,-4.4296788482834915,가속형,,0.0,,55.7,발사 전,55.7
2026-10-03T21:29:42+09:00,BSV,KRW-BSV,,26760.0,0.29985007,736058479.8822976,1791030387348,False,False,,2574539048.030524,807172019.9391148,867597760.6033612,1037673342.4501705,1890427629.9000912,3.1895791534309152,2.8474761659039256,2.2571695500032787,2,-1.8034596981965412,-7.936507936507942,고수준 유지형,,,,,,,,,,,,,,NO_DATA,,0.0,,53.8,관찰,53.8
2026-10-03T21:29:42+09:00,WET,KRW-WET,,88.3,0.0,193987840.61693695,1791030542752,False,False,,518085931.6663031,331411611.9415198,174163072.8193102,438326015.1595408,470795550.9405142,1.563270304957581,1.6466327391536306,1.3759824491702506,3,0.2270147559591429,-7.052631578947366,가속형,,,,,,,,,,,,,,NO_DATA,,0.0,,53.0,관찰,53.0
2026-10-03T21:29:42+09:00,SNT,KRW-SNT,,11.7,0.0,264994462.47838578,1791030290526,False,False,,361373609.5536154,156808640.3338312,151689020.78504086,259219304.67705002,723669568.560577,2.3045516419521537,1.9096149912323679,1.0726530420182745,3,3.539823008849541,-2.500000000000002,가속형,,,,,,,,,,,,,,NO_DATA,,0.0,,52.4,관찰,52.4
2026-10-03T21:29:42+09:00,WCT,KRW-WCT,WCTUSDT,57.3,-2.21843003,613572918.0250949,1791030553431,False,False,,569819482.0740287,342383233.1888593,211766808.1518971,417221597.22118676,863406033.019258,1.6642739095804822,1.7598397753848731,1.1090624550761858,3,4.2704626334519435,-1.3468013468013407,가속형,435365.975427,-2.463,550604.62233,282862.713291,366816.622704,453315.968836,555394.801332,1.946543663970146,1.4975710773701703,1.082466698866951,2,4.0203439089367965,-1.7612076852698944,고수준 유지형,,0.0,,51.1,관찰,51.1
2026-10-03T21:29:42+09:00,SKY,KRW-SKY,SKYUSDT,121.0,2.54237288,1011620447.6635154,1791030566796,False,False,,1400071356.5628707,624767159.462247,579216531.0750043,1067373307.0822468,1440338225.1071994,2.2409490245421155,1.8492091177611698,1.5943951990064302,3,5.35714285714286,6.3063063063063085,가속형,9442745.32705,-5.752,13114453.19515,3614469.94956,3296730.23036,6366773.13907,7091214.80052,3.628319885947996,2.9630545746903705,2.6412788031368857,3,6.25763871913958,5.650747356908492,가속형,,0.0,,50.5,관찰,50.5
2026-10-03T21:29:42+09:00,2Z,KRW-2Z,2ZUSDT,61.9,-1.5898251200000002,12415077404.321297,1791030580209,False,True,"입금량급등,소수계정집중",8978861365.530071,3082835864.707654,3312971312.419256,2620478011.3151684,4444744136.350129,2.9125330570855867,2.987547923963193,1.8000405981144327,2,-28.846153846153854,-31.630434782608695,고수준 유지형,13162604.26422,-22.557,9783090.1664,2969425.32324,2343001.5204,2261295.6006,3628614.58169,3.2946072392638834,3.8751447145413724,3.378428974572025,4,-29.363859864781805,-32.38711575231652,연속 가속형,EARLY,5.0,Binance 연속가속 우위,49.9,관찰,49.9
2026-10-03T21:29:42+09:00,USDC,KRW-USDC,USDCUSDT,1361.0,0.07352941,1268835216.5522223,1791030573702,False,False,,2055045355.979472,1581488631.3213503,1318222080.6696765,1530278582.0070238,1761778859.9772894,1.2994373246062856,1.3916819339250368,1.3989178808483753,3,0.07358351729211954,0.2949852507374562,중립,2947922319.94277,0.001,4452872767.65104,4435066737.89797,2901145994.44802,3048582782.34266,3449242220.57328,1.0040148279169998,1.286363153136543,1.4877294890528607,3,-0.020991603358655464,0.002999520076785167,중립,,0.0,,46.0,관찰,46.0
2026-10-03T21:29:42+09:00,PEPE,KRW-PEPE,PEPEUSDT,0.00581,0.34542314,4973608062.762097,1791030568171,False,False,,7786664166.0110035,4322788763.379305,4464254870.896714,3269241175.923696,4399875758.608813,1.8013057292958823,1.93757802389259,1.9014457669793696,2,0.17301038062282892,-2.0304568527918843,고수준 유지형,33115881.46477171,-4.26,52840076.97040139,30224003.06822363,42132381.67599123,31210276.95431895,39878458.28349142,1.7482818821559558,1.5306106068440395,1.585896044007606,2,-0.23474178403755097,-2.522935779816504,고수준 유지형,,0.0,,44.7,관찰,44.7
2026-10-03T21:29:42+09:00,OPEN,KRW-OPEN,OPENUSDT,161.0,-6.93641618,1831701531.2550313,1791030586067,False,False,,1533634902.2190304,615964525.9791826,694076503.2066075,808856955.7477189,1860351222.7360988,2.4898104315034235,2.1713667856461094,1.4363101733375014,2,-1.1428571428571455,-8.465608465608465,고수준 유지형,2193698.10634,-12.286,1158512.71746,770020.58379,769727.57567,729862.16025,1424430.76676,1.5045217515587215,1.531336953395633,1.2997645677594716,4,-1.5515903801396225,-8.507570295602008,연속 가속형,,0.0,,44.6,관찰,44.6
2026-10-03T21:29:42+09:00,JPYC,KRW-JPYC,,8.52,0.0,1001148086.6178572,1791030541048,False,False,,1265839473.169068,1058681871.7023259,859653062.0279824,921894373.7899803,1899004136.411753,1.1956750247679593,1.3370464171509777,1.0984570591807123,3,-0.4672897196261738,-0.583430571761967,중립,,,,,,,,,,,,,,NO_DATA,,0.0,,44.2,관찰,44.2
2026-10-03T21:29:42+09:00,ADA,KRW-ADA,ADAUSDT,334.0,0.60240964,19133684443.77911,1791030586071,False,False,,23853696745.677475,16184194925.979229,15265457746.184877,23325980987.100357,27372354564.237602,1.4738883741067028,1.3064402081075508,1.2532364247107568,3,0.30211480362538623,-3.7681159420289823,중립,44714220.12901,-4.521,60139277.87691,35642723.99314,35362507.3654,42122114.97634,56126026.63776,1.6872806323244192,1.5948206996445975,1.5193941336037253,3,-0.04089979550101486,-4.194433555468436,가속형,,0.0,,44.1,관찰,44.1
2026-10-03T21:29:42+09:00,SUN,KRW-SUN,SUNUSDT,23.2,0.43290042999999995,186593570.6803672,1791030129381,False,False,,498204373.13762385,271599920.40288025,252091877.87962645,506868115.28542954,1137859831.2689235,1.834331808340031,1.4502923117185116,0.789852243015947,3,-0.4310344827586077,0.8733624454148492,고수준 유지형,387428.93394,0.351,479391.09823,461039.81255,491246.85696,727709.09468,1595393.89484,1.039804123592927,0.8560576909450762,0.5671516047430334,2,0.05868544600937664,0.5899705014749124,중립,,0.0,,44.1,관찰,44.1
2026-10-03T21:29:42+09:00,KAITO,KRW-KAITO,KAITOUSDT,455.0,-0.21929825000000003,1513397861.197905,1791030551696,False,False,,2034155763.4715042,1605494160.9923124,1598554152.4847195,1686293984.324753,2504874792.559625,1.2669966748519643,1.2478609714411157,1.1542624063036668,3,0.0,-6.938775510204087,중립,2059447.57715,-5.061,2365581.05415,1779458.10794,2712955.59141,2432824.35459,2800010.40681,1.329382829297695,1.02476522932124,1.0527310292636796,2,-0.2085195114685634,-7.125034654837814,중립,,0.0,,43.8,관찰,43.8
2026-10-03T21:29:42+09:00,ID,KRW-ID,IDUSDT,49.6,-1.3916501,734424417.7371502,1791030552072,False,False,,934414839.423865,865318248.9650791,566144790.6956267,682789129.7698361,1557882123.1473405,1.0798510727601383,1.325879929935996,1.0095985228788324,3,-0.3960396039603964,-7.19557195571957,중립,463229.2557,-4.211,505435.2718,326918.2381,301287.2875,318518.3322,535159.3276,1.5460601853769746,1.601634735310882,1.4409174649028162,3,-1.0723860589812229,-7.750000000000002,가속형,,0.0,,43.7,관찰,43.7
2026-10-03T21:29:42+09:00,USDT,KRW-USDT,,1361.0,0.07352941,108324731002.9316,1791030584107,False,False,,131256174943.20087,60350850647.97362,72578772368.23082,83961507289.44925,99235751784.747,2.1748852507285745,1.8155123461004816,1.8117221661799212,2,0.2949852507374562,0.4431314623338345,고수준 유지형,,,,,,,,,,,,,,NO_DATA,,0.0,,43.3,관찰,43.3
2026-10-03T21:29:42+09:00,ASTR,KRW-ASTR,ASTRUSDT,10.1,1.0,457959682.5852113,1791030474070,False,False,,419058642.4737693,346350348.422462,320662130.92639095,344815440.1984187,441332219.1243052,1.2099270128714326,1.2424799742468204,1.2025999862252674,3,-0.990099009900991,-4.761904761904767,중립,353745.2401048,-3.177,417171.5192388,411403.0075911,536855.1701247,372884.7603166,595716.3735668,1.0140215592527544,0.9472968606866274,0.9189697755482585,2,0.18939393939394478,-3.718148725949033,중립,,0.0,,43.2,관찰,43.2
2026-10-03T21:29:42+09:00,APT,KRW-APT,APTUSDT,1083.0,0.27777778000000003,6752414980.312363,1791030574380,False,False,,11061025687.665052,5291317569.483258,5975148176.608398,6798076540.487979,6947541358.002651,2.0904104776204644,1.836917677545988,1.7595900368086521,2,0.746268656716409,-7.849829351535831,고수준 유지형,10042911.559262,-3.241,12316027.745348,8663261.215613,12027958.603911,14324996.870259,12703345.379531,1.421638738440895,1.0551706246101875,1.0675646814297306,2,0.4302163735290243,-8.200323849178815,중립,,0.0,,43.0,관찰,43.0
2026-10-03T21:29:42+09:00,BTC,KRW-BTC,BTCUSDT,115425000.0,0.32594524,107553164575.18353,1791030587037,False,False,,184986638991.9129,92081396132.22375,117747705920.11533,95436693181.98767,134347415261.73451,2.008946940012534,1.817956435472054,1.806858942791496,2,1.2879995069858374,0.5242463958060384,고수준 유지형,1528821934.7130034,-2.046,2268231876.268694,1409485416.762407,1557658297.3238585,1126045075.038149,1746910498.4279687,1.6092623941287951,1.662443629985045,1.7043929602902947,2,1.0211721552702668,0.05446775262807346,고수준 유지형,,0.0,,42.8,관찰,42.8
2026-10-03T21:29:42+09:00,DATA,KRW-DATA,,287.0,-0.69204152,10560227687.612648,1791030582499,False,False,,9591973056.525984,8381058452.140626,6274903338.891525,9227613555.574533,18046195994.053455,1.1444823003323734,1.2048413502573163,0.9459030053347294,3,-2.6936026936026924,-9.11949685534591,중립,,,,,,,,,,,,,,NO_DATA,,0.0,,42.6,관찰,42.6
2026-10-03T21:29:42+09:00,NCT,KRW-NCT,,13.5,-1.45985401,246605888.68261412,1791030555851,False,False,,396366876.72003603,290152790.2099427,260081013.94670597,487096482.7687506,859890383.8053346,1.3660626059575065,1.1463086011732573,0.8656111723889,3,-1.4388489208633115,-6.802721088435371,중립,,,,,,,,,,,,,,NO_DATA,,0.0,,42.2,관찰,42.2
2026-10-03T21:29:42+09:00,BORA,KRW-BORA,,38.6,-0.25839793,292507433.70344704,1791030570984,False,False,,527745634.2992205,216907502.72514647,342626617.23798704,297763206.693273,534661856.1702951,2.433044628096389,1.8467769041955755,1.5075694785240483,2,1.0443864229765065,-1.5267175572518887,고수준 유지형,,,,,,,,,,,,,,NO_DATA,,0.0,,41.9,관찰,41.9
2026-10-03T21:29:42+09:00,SC,KRW-SC,SCUSDT,1.39,-0.7142857100000001,641553959.6520286,1791030437990,False,False,,1442095706.4036486,586079796.8239911,597672930.021626,874035496.0454645,2479596004.6933637,2.460579112636999,2.1023966757535164,0.47065078491038204,2,-1.4084507042253502,-11.392405063291145,고수준 유지형,400735.521383,-3.868,437069.848036,318755.071037,294453.672906,353987.362288,585321.343984,1.3711777089979735,1.3556811650302876,0.6731017977866369,3,-2.105263157894721,-12.188841201716738,중립,,0.0,,41.8,관찰,41.8
2026-10-03T21:29:42+09:00,MED,KRW-MED,,2.38,-1.24481328,145207802.51719615,1791030493683,False,False,,179683939.0267631,165762908.84760404,131350140.43629947,176237816.50688905,317489822.01285064,1.0839815751059094,1.1387996854716531,0.8477500028807664,3,0.8368200836819994,-3.599999999999992,중립,,,,,,,,,,,,,,NO_DATA,,0.0,,41.8,관찰,41.8
2026-10-03T21:29:42+09:00,BREV,KRW-BREV,BREVUSDT,116.0,0.0,171130082.9658795,1791030358938,False,False,,221508583.48514745,208676007.7924672,196518570.3082608,204934693.68146637,600571775.5594938,1.0614952136972187,1.0891556612492224,0.7270036304608594,3,-1.6949152542372836,-5.691056910569103,중립,232948.74156,-3.311,319742.56122,243739.21739,221796.12801,182834.37635,331395.3849,1.3118223839555094,1.479445525418692,1.3229091639892945,4,-1.6184971098265888,-5.86283185840708,연속 가속형,,0.0,,41.7,관찰,41.7
2026-10-03T21:29:42+09:00,ETH,KRW-ETH,ETHUSDT,3652000.0,0.52298376,84912563116.21133,1791030585070,False,False,,134249371464.81076,69919574478.80243,79562019962.6668,90415076982.755,102509171733.25249,1.9200541831888758,1.67883994389496,1.6992535246234473,2,-0.10998075336815516,-0.19230769230769162,고수준 유지형,759463284.358822,-2.471,1151282504.890507,709347817.568287,732267196.250156,853836574.439267,779141918.865414,1.6230155029407363,1.504648380449206,1.6500757549570904,2,-0.3506374207424945,-0.7460993435367214,고수준 유지형,,0.0,,41.5,관찰,41.5
2026-10-03T21:29:42+09:00,ATOM,KRW-ATOM,ATOMUSDT,2288.0,1.6888888899999999,1631592606.0379128,1791030570288,False,False,,2091370056.1590054,1836599915.570257,1508391280.0048594,1966515423.853107,3303458517.173811,1.138718366710609,1.1812298502138392,1.0490614323888585,3,-3.6402569593147804,-11.799294394355153,중립,3217331.5212,-3.5,3634029.91276,2389658.23021,3732390.11574,6888410.09964,5923038.9605,1.520732072402105,0.8379481617709905,0.7829488356924352,2,-4.118329466357307,-12.354188759278895,중립,,0.0,,41.3,관찰,41.3
2026-10-03T21:29:42+09:00,IN,KRW-IN,,50.2,-0.59405941,848625052.7336595,1791030567824,False,False,,1284315748.6678302,1197525625.316245,1097811322.2599995,1637709502.4694736,6392659609.067613,1.072474543773262,0.9796343101817939,0.1776997401385306,3,-1.7509727626459082,-9.498207885304655,중립,,,,,,,,,,,,,,NO_DATA,,0.0,,41.0,관찰,41.0
2026-10-03T21:29:42+09:00,VET,KRW-VET,VETUSDT,11.7,0.8620689699999999,836255752.5060961,1791030570311,False,False,,891949908.8863151,850833237.6705239,715076914.9281629,932049539.7281693,1247643267.6484022,1.0483251821806627,1.0712141332298217,0.9865877018299454,3,-2.5210084033613467,-6.451612903225811,중립,1400598.1048974,-4.11,1839879.2892138,1406459.1958593,1311552.0791592,1749419.1301142,1829585.245505,1.3081640012241484,1.2355285627504802,1.1353601990378641,3,-2.237953870746745,-7.045923352513306,중립,,0.0,,40.9,관찰,40.9
2026-10-03T21:29:42+09:00,WAXP,KRW-WAXP,WAXPUSDT,8.46,-3.09278351,1739178167.3960493,1791030578923,False,False,,917837503.8122447,319216426.6780694,461411473.4810164,490177241.35227627,1185790009.8443406,2.8752828084811757,2.1667464361703757,0.8046119568215823,2,4.301075268817223,0.4602991944764101,고수준 유지형,877134.28397,-4.321,532034.00562,231260.13265,313403.46394,340659.97417,394939.74408,2.3005867873698977,1.8028459532482988,1.4462723071205736,2,3.9024390243902474,-0.4672897196261738,고수준 유지형,,0.0,,40.7,관찰,40.7
2026-10-03T21:29:42+09:00,CHZ,KRW-CHZ,CHZUSDT,23.4,1.2987013,6907031140.825514,1791030561646,False,False,,3650836020.8539796,1131943849.6126337,1930884415.9779475,2600327853.7637496,3446057572.2463756,3.2252801427414837,1.9339936656753618,1.6067476679955357,2,5.000000000000004,2.666666666666684,고수준 유지형,5412133.69673,1.596,2501972.76347,1082302.75768,1413649.17036,1962803.26276,2331703.91361,2.3117124535773823,1.6834111695339056,1.5946393558245748,2,4.388133498145841,1.7469879518072107,고수준 유지형,,0.0,,40.1,관찰,40.1
2026-10-03T21:29:42+09:00,GEOD,KRW-GEOD,,378.0,-0.26385224,794530068.7525522,1791030474054,False,False,,1008721601.238327,916023298.0157992,639672172.8855157,939603131.0176567,1045785396.0776638,1.101196447102734,1.2127465632320538,0.7273316012799018,3,5.571030640668528,2.9891304347826164,중립,,,,,,,,,,,,,,NO_DATA,,0.0,,40.1,관찰,40.1
2026-10-03T21:29:42+09:00,ZKP,KRW-ZKP,ZKPUSDT,66.2,-1.78041543,815734068.451877,1791030552098,False,False,,1921883271.5101266,308348977.8760194,662928196.724206,638797732.8230119,884164508.5251579,6.232818687282547,3.5809823430872054,2.544168346082167,2,3.215926493108734,-4.936530324400568,일회성 폭증형,318303.32028,-5.62,573340.79705,206976.1094,325579.42405,244578.30746,403453.25469,2.7700820095229797,2.2132897843387007,1.7764286776667535,2,3.125,-5.1724137931034475,고수준 유지형,,0.0,,39.6,관찰,39.6
2026-10-03T21:29:42+09:00,QTUM,KRW-QTUM,QTUMUSDT,1338.0,-0.96225019,350783336.29965496,1791030561639,False,False,,609027260.3794923,180775865.09825966,432201182.2891913,399733775.14135724,799380323.8407555,3.368963329526644,1.8041495563127572,1.200371400589046,2,2.7376425855513364,-2.875629043853345,고수준 유지형,183654.4196,-3.533,323443.8089,149858.9319,270973.8461,198762.598,256197.9625,2.1583218617615145,1.5660727376054528,1.3798439990823803,2,2.2657054582904346,-3.2163742690058506,고수준 유지형,,0.0,,39.5,관찰,39.5
2026-10-03T21:29:42+09:00,HBAR,KRW-HBAR,HBARUSDT,138.0,-1.42857143,9244643091.797068,1791030574721,False,False,,12644755557.042625,11932059053.340208,10810733173.71919,30198576119.93635,98265617186.31361,1.0597295488160452,0.7165335512768347,0.3959041915140066,3,-4.761904761904767,8.52713178294573,중립,16892917.30289,-4.519,23028997.51965,30306452.45712,47139510.31394,87862955.48141,200128977.21502,0.7598711050801236,0.41792659034545293,0.3058377910578836,1,-0.009764671418799331,6.822449405382858,중립,,0.0,,39.1,관찰,39.1
2026-10-03T21:29:42+09:00,THETA,KRW-THETA,THETAUSDT,305.0,0.0,713912149.1338905,1791030524198,False,False,,488239485.4476173,204880088.352734,374340754.17849594,404639248.95016,488070319.47640103,2.383049955577111,1.4887466917551635,1.4129519473555139,2,0.9933774834437026,-3.785488958990535,고수준 유지형,1208268.28651,-2.052,1037410.95613,505495.68459,843712.80381,725635.94284,685287.02229,2.052264713142761,1.499983719998718,1.5005655542742133,2,0.5840071877807773,-4.19341035515618,고수준 유지형,,0.0,,38.6,관찰,38.6
2026-10-03T21:29:42+09:00,XTZ,KRW-XTZ,XTZUSDT,426.0,-0.6993007,633822275.2888583,1791030568534,False,False,,730023120.7599479,587869555.5952792,611478281.3015581,364886446.08907735,413796077.65273345,1.2418114083501457,1.4000903739939092,1.5099440667636739,2,1.6587677725118377,-1.6055045871559592,고수준 유지형,792470.96841,-2.9,1076723.52845,651664.51005,948873.93806,718316.60531,1047005.08173,1.6522666369653716,1.3930023701075807,1.3756716305618246,2,1.1858974358974317,-1.6817190906259771,중립,,0.0,,38.2,관찰,38.2
2026-10-03T21:29:42+09:00,ZAMA,KRW-ZAMA,ZAMAUSDT,108.0,5.88235294,1900213557.0466392,1791030580227,False,False,,3232163520.424805,1556129552.4022105,2168886571.857357,1654479620.8382125,1344622781.5337963,2.077052977649121,1.8024906089219646,1.6621992073160385,2,0.0,-8.92857142857143,고수준 유지형,4190390.36586,0.79,5707765.93013,3488827.44584,7135447.18061,6353615.44672,8948336.12325,1.636012677249433,1.0085645340259206,0.8051577274472493,2,-0.21339023739664897,-9.528415961305924,중립,,0.0,,38.0,관찰,38.0
2026-10-03T21:29:42+09:00,GLM,KRW-GLM,GLMUSDT,175.0,0.0,349907888.8584544,1791030569618,False,False,,437058796.18883455,201655240.27369574,381468830.0808924,213378009.7229215,459247010.5102493,2.1673565020955485,1.6461681913484894,1.157847868543033,2,2.941176470588225,-0.5681818181818232,고수준 유지형,108643.5064,-2.133,123516.0729,80496.20375,156825.44703,137495.90712,116667.78159,1.5344335154438882,0.988609553874904,0.9587992368396846,2,3.51999999999999,-0.9188361408882129,중립,,0.0,,37.9,관찰,37.9
2026-10-03T21:29:42+09:00,MOC,KRW-MOC,,30.7,0.0,172258906.13864383,1791030495393,False,False,,225180053.70261124,120043223.0762675,133781573.05789398,152436790.5075433,475606468.01536703,1.8758247898721179,1.662820663632209,0.7280940988969449,2,1.320132013201314,-0.9677419354838679,고수준 유지형,,,,,,,,,,,,,,NO_DATA,,0.0,,37.8,관찰,37.8
2026-10-03T21:29:42+09:00,SOL,KRW-SOL,SOLUSDT,162600.0,0.74349442,26321096836.637287,1791030581852,False,False,,47416712257.472244,26313761670.150043,39774856430.66171,32338537959.32132,43435367501.069084,1.8019739196490894,1.445232621427266,1.3433675583048281,2,-0.18552875695733162,-2.3593466424682408,고수준 유지형,231298057.26212,-2.234,388241664.34585,253033335.63552,348023503.90991,288801539.90648,303030487.60797,1.5343498648932559,1.3088880432355297,1.2840617254336584,2,-0.4196391103650887,-2.7379293384703574,중립,,0.0,,37.7,관찰,37.7
2026-10-03T21:29:42+09:00,BCH,KRW-BCH,BCHUSDT,423900.0,-0.09427292,3920182448.432265,1791030565769,False,False,,7381220739.561106,3669594423.279302,4946931325.562694,5432749600.374084,9596574726.524368,2.011454097688796,1.5761426599072876,1.1226726278897399,2,1.5314668581000168,-5.711111111111111,고수준 유지형,10330566.6141,-1.425,21124510.3944,10589204.7762,15230245.9353,20406146.0071,24410486.7015,1.9949099900191616,1.3709618843643852,1.159841645051565,2,1.267468313292186,-6.257521058965088,중립,,0.0,,37.7,관찰,37.7
2026-10-03T21:29:42+09:00,ZBT,KRW-ZBT,ZBTUSDT,117.0,-1.6806722699999999,1307305075.32319,1791030555201,False,False,,1206043273.1749878,840315363.292076,1180986424.1273835,1701217551.4054873,2107295997.255689,1.435226970562708,0.9719572929517848,0.8040617084400862,2,0.8474576271186418,-3.2520325203251987,중립,779744.61892,-1.376,792369.3897,477964.80252,410463.07928,534171.21766,572019.41538,1.6577986193174634,1.6709613903188323,1.5542749347742635,3,0.11507479861909697,-3.2258064516129004,가속형,EARLY,5.0,Binance 연속가속 우위,37.7,관찰,37.7
2026-10-03T21:29:42+09:00,DOGE,KRW-DOGE,DOGEUSDT,127.0,0.0,26312567964.367493,1791030581836,False,False,,40397602253.02564,23886764932.82384,35146304524.99178,29422330175.083595,42470461673.928345,1.6912127852655987,1.3701007203861153,1.3197469243989126,2,0.0,-3.053435114503822,중립,76388165.94663,-4.35,106607464.22099,51416954.06312,82317736.86043,64180754.30915,105119995.1064,2.0733912804348065,1.615954693616445,1.433502326808916,2,-1.0224731068271375,-4.097007223942207,고수준 유지형,,0.0,,37.6,관찰,37.6
2026-10-03T21:29:42+09:00,MET2,KRW-MET2,,403.0,0.24875622,509179639.42228794,1791030566149,False,False,,1591189905.7723372,800844888.4518642,1326629080.7692537,1236367304.518391,2474926328.772637,1.9868890077431987,1.4190829259938116,1.1894716351213677,2,-9.459459459459463,-22.69230769230769,고수준 유지형,,,,,,,,,,,,,,NO_DATA,,0.0,,37.1,관찰,37.1
2026-10-03T21:29:42+09:00,PYUSD,KRW-PYUSD,,1355.0,-0.14738394,111774956.9172659,1791030027434,False,False,,146143402.83452135,61855433.98058847,81694276.65649675,145719010.48992598,904390454.4623022,2.3626606981754295,1.5156502465783694,0.584376420418522,2,-0.07363770250368162,-0.36710719530103075,고수준 유지형,,,,,,,,,,,,,,NO_DATA,,0.0,,37.1,관찰,37.1
2026-10-03T21:29:42+09:00,ALT,KRW-ALT,ALTUSDT,10.6,-1.85185185,338229727.43506014,1791030528667,False,False,,359109371.1594401,111243706.47318831,144877587.15920928,476207535.42511225,371176465.46272284,3.228132022425842,1.4710988707966288,1.3839553362448371,2,4.854368932038833,0.0,고수준 유지형,649499.0468,-2.871,770118.08422,318953.25048,533337.13638,656924.15507,752242.4751,2.414517121430905,1.5308322233004021,1.3402387541704184,2,3.547963206307503,-1.8679950186799577,고수준 유지형,,0.0,,37.0,관찰,37.0
2026-10-03T21:29:42+09:00,XRP,KRW-XRP,XRPUSDT,2020.0,0.04952947,180391597305.92477,1791030585075,False,False,,263766369583.37878,129618805967.86353,180321013274.34146,287684769613.08856,275989666698.4003,2.0349390477240976,1.3240738810058204,1.2728514986843151,2,-0.24703557312253377,-1.7039922103213256,중립,210736457.07495,-3.546,311030027.74261,169889610.42734,227000051.15465,285945986.80544,283162448.44635,1.8307772144526415,1.3664929261256284,1.3647568535990802,2,-0.39581376626861564,-2.109843739698025,중립,,0.0,,36.9,관찰,36.9
2026-10-03T21:29:42+09:00,GRVT,KRW-GRVT,,288.0,-1.70648464,806732661.1365353,1791030526571,False,False,,1270189543.8249483,617109705.947298,627673226.7992601,1128022625.5272768,1244394396.9878218,2.058288067070888,1.605933793516124,1.4736658138843328,2,5.776173285198549,7.326007326007322,고수준 유지형,,,,,,,,,,,,,,NO_DATA,,0.0,,36.6,관찰,36.6
2026-10-03T21:29:42+09:00,CHIP,KRW-CHIP,CHIPUSDT,58.9,-2.15946844,1779839522.325415,1791030500820,False,False,,2220274117.737307,1489428210.3125777,1794685753.2066138,1556453050.3835177,2336803613.221547,1.490688911600077,1.3760417600006805,1.1275776468125347,2,0.5008347245408995,-4.897314375987349,중립,2002273.03743,-3.695,3046835.45241,2318953.76838,3144342.84593,1932589.57785,2746399.66829,1.3138836547562962,1.2358906180735154,1.1776668452588017,2,0.27266530334015826,-5.219072164948447,중립,,0.0,,36.5,관찰,36.5
2026-10-03T21:29:42+09:00,ONT,KRW-ONT,ONTUSDT,82.7,1.34803922,1298338323.0445848,1791030575710,False,False,,732123970.6985826,378087626.8658462,558940002.3622552,358233980.4707746,1141716028.8431633,1.936387013686529,1.6956975298653092,1.2244242738155877,2,5.836575875486383,0.24570024570023108,고수준 유지형,1404388.59526,1.23,915507.92179,450375.02855,591467.29846,351858.79333,600810.53292,2.032767946165918,1.9706691235922755,1.8453322054671155,2,5.535055350553497,-0.09980039920158834,고수준 유지형,,0.0,,36.5,관찰,36.5
2026-10-03T21:29:42+09:00,NEO,KRW-NEO,NEOUSDT,3429.0,-0.52219321,664589959.3793441,1791030481337,False,True,거래량급등,1805026284.1120336,273991712.79060096,297909430.1065034,511586101.39160067,1053985227.2233016,6.587886420825913,4.99782427608645,3.469264757622077,2,1.2929767851895368,-5.716630196936546,일회성 폭증형,676927.74403,-4.04,1545053.13557,456729.62246,830744.75813,432207.2272,947114.21632,3.3828616748091798,2.6953590628132282,2.292564131732439,2,1.2370311252992927,-6.00222304557243,고수준 유지형,,0.0,,36.5,관찰,36.5
2026-10-03T21:29:42+09:00,NEWT,KRW-NEWT,NEWTUSDT,68.0,0.59171598,406198995.27069885,1791030551697,False,False,,391353437.3351179,256033714.01773062,277902803.98266816,212108095.8201602,511271208.2365861,1.5285230651617083,1.5737132743213427,1.0566210864737908,2,3.0487804878048808,-2.4531024531024626,고수준 유지형,458597.834955,-1.637,480037.028017,449470.447546,424109.915466,276408.169247,339787.142862,1.0680057624208357,1.2522829955722192,1.3205164185990104,4,2.5588113908378007,-2.758755625122289,연속 가속형,,0.0,,36.3,관찰,36.3
2026-10-03T21:29:42+09:00,AAVE,KRW-AAVE,AAVEUSDT,247000.0,0.98119379,5117127192.142358,1791030575698,False,False,,13567831437.31573,10041403583.838585,6154306787.054549,22120412717.777035,4260627050.174973,1.3511887381115575,1.0623072229346437,1.468156177895294,3,9.147701918786266,16.58722592945663,중립,36759453.35151,-1.428,59250834.98634,39199996.43478,40773036.81145,74898658.72893,22323603.03165,1.5115010299789209,1.1477404468954202,1.536873964767742,2,8.658034849951601,16.179324621555182,중립,,0.0,,36.2,관찰,36.2
2026-10-03T21:29:42+09:00,TRX,KRW-TRX,TRXUSDT,457.0,0.43956044,2610499371.2924094,1791030579887,False,False,,3579381331.044195,2606326074.707076,2686183392.1002235,2784883479.4634333,3797993611.610182,1.3733436371527228,1.3294071570568198,1.2160712973485146,2,0.22026431718060735,0.8869179600886845,중립,23986309.00739,0.448,25682082.7323,35090235.10203,36499167.989,22580827.2263,27789365.75602,0.7318868812826582,0.8181592838551366,0.9117192385512656,1,0.08971291866028963,0.38992201559688855,감소형,,0.0,,36.1,관찰,36.1
2026-10-03T21:29:42+09:00,AI,KRW-AI,AIUSDT,27.7,-0.71684588,426986444.8407072,1791030540005,False,False,,499145220.98408264,329932034.4430802,434186136.50312585,354489478.8781454,648116812.3988975,1.5128728613050004,1.3386603097049996,1.05625411881244,2,0.3597122302158251,-2.7874564459930307,중립,4938849.45357,3.646,3220484.30119,262906.04823,313301.17978,307451.42178,496476.30434,12.249563381564354,10.933467245373572,8.832557650390857,2,8.947368421052637,5.076142131979711,일회성 폭증형,,0.0,,35.9,관찰,35.9
2026-10-03T21:29:42+09:00,AUCTION,KRW-AUCTION,AUCTIONUSDT,5040.0,-1.0794896999999999,339428561.21078944,1791030485465,False,False,,395511365.1792677,187178740.64918137,255744298.9929453,406402155.5190228,558622356.9054862,2.1130143509222155,1.3970315519871892,1.040835754234285,2,1.4940239043824688,-2.859866539561484,중립,408985.38316,-2.087,456370.36588,402692.40192,430261.9526,345828.50851,392069.92487,1.1332976825588674,1.1614616572561727,1.2118671967507395,2,1.2472885032537961,-3.4892737141380303,중립,,0.0,,35.9,관찰,35.9
2026-10-03T21:29:42+09:00,XPL,KRW-XPL,XPLUSDT,128.0,0.0,10158529235.125446,1791030584116,False,False,,11963772158.872643,7252075637.625768,10836728294.743868,10535134486.510292,13244734939.071503,1.6497031686764676,1.253891618665045,1.1390906617601948,2,-2.2900763358778664,-11.111111111111116,중립,20328024.112322,-4.715,22523661.065391,10125389.836221,18161016.275551,21128380.687403,25285011.627886,2.224473470129352,1.3674243596514135,1.1188573501845314,2,-2.546972860125263,-12.09039548022599,중립,,0.0,,35.7,관찰,35.7
2026-10-03T21:29:42+09:00,XAUT,KRW-XAUT,XAUTUSDT,5642000.0,0.035460990000000005,576753586.64762,1791030415854,False,False,,683720937.89683,214279877.8308,405538119.04278,905787481.32044,1843915966.6392,3.1907846169144762,1.3444909860435306,0.8978233121960755,2,-0.721703925365258,-2.422145328719727,중립,32874747.155934,-1.019,51835126.323116,17421441.26334,22303745.3119,36879282.981282,83240257.592052,2.975363836985912,2.029977883400257,1.5485778015392677,2,-1.0283931118688083,-2.7999859202853417,고수준 유지형,,0.0,,35.7,관찰,35.7
2026-10-03T21:29:42+09:00,TAO,KRW-TAO,TAOUSDT,393900.0,-0.8807247100000001,3018489408.81805,1791030567154,False,False,,3519390578.329691,2626274629.748786,2691113317.937377,2961503923.60242,3503286700.489166,1.34006951842136,1.2753121914304852,1.0880312067975,2,-2.7410670582476704,-8.242900023089362,중립,48439699.51325,-6.77,54856268.57279,33475328.2155,42066408.70719,44100848.50993,58979693.42493,1.6387074151939167,1.375503589489475,1.2153728615068713,2,-2.893249085467242,-8.69293308317699,중립,,0.0,,35.6,관찰,35.6
2026-10-03T21:29:42+09:00,SENT,KRW-SENT,SENTUSDT,30.2,3.07167235,364356777.2156335,1791030357616,False,False,,315894914.07653916,167714413.8347954,318951121.46773565,92858382.24644414,262597152.72390565,1.8835287132071237,1.6352815018191706,1.3908032099472132,2,5.776173285198571,-3.934426229508192,고수준 유지형,910768.56447,2.583,717985.35721,740800.55103,1019744.80597,666782.53124,1074908.37446,0.9692019750953507,0.8873774664171078,0.8252387170799089,1,4.878048780487787,-4.188948306595375,중립,,0.0,,35.6,관찰,35.6
2026-10-03T21:29:42+09:00,PENGU,KRW-PENGU,PENGUUSDT,12.4,1.6393442599999999,7999036664.155341,1791030538315,False,False,,9382752302.941484,5535974238.357682,9289384136.138597,6215696977.941231,8979812491.575188,1.6948692134313468,1.3377778080681493,1.230862440151869,2,-10.294117647058831,-12.230215827338142,중립,21999555.187034,-8.792,27061504.860802,16689694.60289,21556778.915288,13784255.156226,18922352.236561,1.621449972854267,1.5603186165321552,1.523568786812344,2,-10.470364055761728,-12.89881939701435,고수준 유지형,,0.0,,35.5,관찰,35.5
2026-10-03T21:29:42+09:00,JUP,KRW-JUP,JUPUSDT,435.0,1.1627907,2307916750.714554,1791030551698,False,False,,3226208295.868921,1324858994.9273396,2594503071.957283,3013990629.5411963,5136339493.234394,2.435133329827193,1.395951614086522,1.034075587953121,2,-3.803131991051456,-14.682539682539685,중립,3135415.94303,-3.238,3923360.29652,3562594.99422,5722364.78769,6902047.03762,10598449.74157,1.101264753048076,0.7271313974711572,0.5791356890892382,2,-4.334646862685676,-15.161290322580644,중립,,0.0,,35.4,관찰,35.4
2026-10-03T21:29:42+09:00,HIVE,KRW-HIVE,HIVEUSDT,76.0,-0.5235602100000001,358285892.2498808,1791030216837,False,False,,632383468.9882694,362618277.8490702,562468352.5936468,488977820.6557203,1464039042.206188,1.7439371030587751,1.3416293758683437,0.7653933173863193,2,0.9247027741083214,-5.44554455445544,중립,125624.9506,-3.621,193512.8681,134819.0026,263184.0476,159754.3724,373922.4531,1.4353530612753544,1.0408442465791041,0.7537816484062744,2,0.7168458781361853,-5.7046979865771785,중립,,0.0,,35.4,관찰,35.4
2026-10-03T21:29:42+09:00,BAT,KRW-BAT,BATUSDT,128.0,0.0,3869140030.1646457,1791030512197,False,True,거래량급등,2843825060.092779,84508705.49946734,405337643.625914,243079346.94842562,472578165.0133614,33.65126756214132,11.640300273247892,10.215280919736587,2,4.918032786885251,-3.759398496240607,일회성 폭증형,3097274.7431,-2.786,3152315.2906,258660.4332,475630.7069,574440.3281,606847.9931,12.187079607040571,7.226039949056067,6.2537754577766655,2,4.751381215469608,-3.0674846625766916,일회성 폭증형,,0.0,,35.3,관찰,35.3
2026-10-03T21:29:42+09:00,AVNT,KRW-AVNT,AVNTUSDT,170.0,-3.95480226,1203510441.812131,1791030507074,False,False,,1668182121.9803803,920569402.5075862,1090231106.9395337,1231249650.3027768,5581408326.980525,1.8121198873613802,1.543636316326213,0.8325178220686569,2,4.7337278106508895,1.724137931034475,고수준 유지형,607002.38089,-1.185,782325.04596,645981.49476,738519.51255,688065.24818,2611917.82875,1.2110641749120932,1.1324005356466271,0.7091211726415753,2,4.662379421221874,0.9302325581395321,중립,,0.0,,35.3,관찰,35.3
2026-10-03T21:29:42+09:00,NXPC,KRW-NXPC,NXPCUSDT,320.0,-0.31152648,216048594.71919733,1791030526222,False,False,,414175057.2746518,226889713.36251467,269249118.2353886,393698045.44696426,1028665328.4578537,1.8254466063558406,1.3963516278965191,0.8964505158186635,2,2.5559105431310014,-5.029585798816571,중립,358902.95745,-2.171,532028.96438,229396.24429,177800.8445,269820.53928,895431.21774,2.3192575189130618,2.3575263434277565,1.4915630051405306,3,2.2471910112359605,-5.96184419713831,가속형,,0.0,,35.3,관찰,35.3
2026-10-03T21:29:42+09:00,HOLO,KRW-HOLO,HOLOUSDT,88.1,-1.89309577,646652814.8658118,1791030586076,False,False,,839299669.3977962,398122897.7809946,547939699.268775,849021297.8397475,1228893103.8026485,2.108142169354677,1.4026636946393856,1.0100759183745973,2,2.9816513761467878,-3.440860215053765,고수준 유지형,548233.49299,-3.72,612641.23072,324141.46921,392291.39815,486486.4676,637294.38531,1.8900427403291955,1.5278860674569799,1.2318360233992256,2,2.488335925349938,-3.7956204379562153,고수준 유지형,,0.0,,35.2,관찰,35.2
2026-10-03T21:29:42+09:00,BLEND,KRW-BLEND,,88.8,-0.78212291,332489567.1669632,1791030484463,False,False,,414374185.6612481,293377527.87546426,418762677.7923398,278383287.1697727,828099345.0700777,1.412426468591506,1.2550157224666534,0.8215601142053885,2,-1.2141280353200834,-4.4823906083244385,중립,,,,,,,,,,,,,,NO_DATA,,0.0,,35.0,관찰,35.0
2026-10-03T21:29:42+09:00,XEC,KRW-XEC,XECUSDT,0.0109,0.9259259299999999,882831799.3075585,1791030524872,False,False,,1178236751.0657222,895692632.6321021,1236648739.3220181,839296198.0461569,1209586130.9773533,1.3154476302917997,1.18948228710032,1.195501132422487,2,-3.57142857142857,-9.999999999999998,중립,409108.32902327,-2.439,500543.8824241,343590.70301369,562561.6931557,377684.06894514,470270.6228853,1.4568027540726454,1.169644022487195,1.1698115033487169,2,-3.725961538461542,-9.59367945823928,중립,,0.0,,34.8,관찰,34.8
2026-10-03T21:29:42+09:00,PRL,KRW-PRL,,157.0,-1.25786164,638095743.6924521,1791030534760,False,False,,895362777.7067995,513359560.53143734,722503201.1526929,904378007.3383466,1985983643.3387537,1.744124092633839,1.2550402608895397,0.7264154268477947,2,0.6329113924050667,-4.216867469879515,중립,,,,,,,,,,,,,,NO_DATA,,0.0,,34.8,관찰,34.8
2026-10-03T21:29:42+09:00,TIA,KRW-TIA,TIAUSDT,622.0,2.13464696,2439603852.1401916,1791030582828,False,True,"거래량급등,입금량급등",5024539769.035311,799191437.6802341,1104721466.4524794,625274971.4491115,1136705335.2782269,6.287029029765066,5.959865398942866,5.811178502680677,2,2.181208053691286,-12.121212121212121,일회성 폭증형,9139642.251723,-5.375,13017915.666822,8191790.159367,7131898.26031,9776815.000043,6903543.689051,1.5891417399085241,1.5558949694125956,1.8124479894259367,3,1.474591651542645,-12.328498627989026,가속형,,0.0,,34.5,관찰,34.5
2026-10-03T21:29:42+09:00,YGG,KRW-YGG,YGGUSDT,37.4,-1.05820106,989954032.519511,1791030413267,False,True,거래량급등,1138463871.4555748,82467192.24871556,140027335.5129033,176617028.28265986,458022210.0193718,13.805051929281689,8.5574861530389,5.011411544724574,2,7.082152974504252,-1.5625,일회성 폭증형,2262548.776777,-4.231,2201008.573177,287406.421907,354851.26365,281510.826328,502236.963736,7.658174645412795,7.147922487698966,6.159688037627263,2,6.2811183454615005,-1.8741159830268694,일회성 폭증형,,0.0,,34.5,관찰,34.5
2026-10-03T21:29:42+09:00,BARD,KRW-BARD,BARDUSDT,182.0,-1.6216216200000002,564653636.5990553,1791030582825,False,False,,627224382.1420399,377945360.3002588,553904503.967953,666532154.9272028,1039384849.1692346,1.659563651327116,1.1772361824823998,0.9983315817904258,2,0.0,-9.756097560975608,중립,423377.70167,-6.237,593848.78734,492044.2098,494333.10267,738662.43881,509575.42298,1.20690128145473,1.0327567006488236,1.1182266630658602,2,-0.07352941176471672,-9.70099667774087,중립,,0.0,,34.4,관찰,34.4
2026-10-03T21:29:42+09:00,TFUEL,KRW-TFUEL,TFUELUSDT,14.0,-1.4084507,177432884.91629437,1791030534774,False,False,,258135848.79965788,157237331.23127395,226281451.5412189,272299810.6979654,433314997.9011818,1.641695688792736,1.1808258474358997,0.5077022229874704,2,-1.388888888888895,-5.960264900662249,중립,177022.04847,-2.746,230776.97025,179569.49963,227151.50704,227293.73385,266161.31036,1.285167975215792,1.0919792025374218,0.6457802056793192,2,-2.083333333333326,-7.014388489208622,중립,,0.0,,34.4,관찰,34.4
2026-10-03T21:29:42+09:00,ME,KRW-ME,MEUSDT,107.0,2.88461538,3106739132.582322,1791030569955,False,False,,1503408308.3081434,640644072.372829,693039485.1545814,2172479974.030692,1450251751.6714628,2.346713835562066,1.2863703829924136,1.2603957214042105,2,-0.952380952380949,-3.703703703703709,중립,1028310.5885559,-0.858,535082.5572407,242123.5032707,380105.2637768,721229.2165214,385998.0796171,2.209957108717631,1.1948625795186798,1.2770730361518798,2,0.39113428943937656,-3.581267217630857,중립,,0.0,,34.3,관찰,34.3
2026-10-03T21:29:42+09:00,BOUNTY,KRW-BOUNTY,,19.7,0.51020408,115697795.57689467,1791029540293,False,False,,160525511.94396794,108139452.367387,145825864.18382862,143158066.76006585,441451198.7906743,1.4844305979894132,1.2126622507504792,0.7732396258081865,2,-1.9999999999999907,-2.970297029702962,중립,,,,,,,,,,,,,,NO_DATA,,0.0,,34.3,관찰,34.3
2026-10-03T21:29:42+09:00,BIRB,KRW-BIRB,,85.7,-1.03926097,661379850.3808564,1791030553110,False,False,,774724808.1809583,438834009.3445742,673677589.3022734,899203667.3209085,4273147890.4985576,1.7654165166871587,1.1553197730618239,0.5357384703490989,2,-3.563474387527843,-9.033613445378164,중립,,,,,,,,,,,,,,NO_DATA,,0.0,,34.2,관찰,34.2
2026-10-03T21:29:42+09:00,HYPER,KRW-HYPER,HYPERUSDT,96.0,-0.9287925699999999,325424304.777256,1791030551728,False,False,,352611897.0742001,278938763.13762057,328061042.15125453,311882711.6163261,771847948.7914499,1.2641193827199673,1.1512197389339758,0.8372769472146354,2,-1.0214504596527063,-7.714285714285706,중립,439170.66498,-3.689,471361.18147,607143.87783,472478.66727,453164.4098,749052.23898,0.7763582878488333,0.9225571367824277,0.8739782426742714,1,-1.1111111111111072,-7.412223667100126,중립,,0.0,,34.2,관찰,34.2
2026-10-03T21:29:42+09:00,MNT,KRW-MNT,,880.0,-1.0123734500000001,246655871.50374973,1791030250022,False,False,,387052927.17542714,205262261.06233197,533214760.04291594,294337042.54377264,531992807.0108681,1.8856507044804052,1.1242670122285205,0.942332129136031,2,-1.3318534961154316,-3.1590413943355156,중립,,,,,,,,,,,,,,NO_DATA,,0.0,,34.0,관찰,34.0
2026-10-03T21:29:42+09:00,DOS,KRW-DOS,,290.0,-1.0238907800000001,816241264.8422347,1791030215193,False,False,,1168466346.3163924,845918372.4131896,918425954.92722,1302023647.03011,2289337513.910077,1.3812991707261961,1.1431762489851807,0.8398373125359145,2,0.6872852233676952,-4.56026058631922,중립,,,,,,,,,,,,,,NO_DATA,,0.0,,33.9,관찰,33.9
2026-10-03T21:29:42+09:00,SAHARA,KRW-SAHARA,SAHARAUSDT,12.5,-0.79365079,2645165163.1913524,1791030587036,False,False,,2727305070.9030786,1844238570.2247522,2448638610.1829057,3080808847.913265,7075726463.627898,1.4788244400347346,1.1096099266071349,0.7426893624425717,2,0.8000000000000007,-5.97014925373135,중립,955808.35376,-2.757,1009658.72518,636914.20449,1138853.20015,1372588.333,2060199.42345,1.585235056876255,0.9620819335398589,0.8096772900547318,2,0.7658643326039272,-7.437185929648249,중립,,0.0,,33.6,관찰,33.6
2026-10-03T21:29:42+09:00,T,KRW-T,TUSDT,7.4,-0.53763441,2592641338.503863,1791030551724,False,False,,1089391982.6319387,797120448.607119,880027443.9393383,1259362871.725729,3527431156.6495466,1.3666591849895864,1.1129453321468865,0.3227968691659312,2,0.8130081300813163,-7.347447073474456,중립,545484.063206,-2.5,334917.6675,269155.332495,375798.242745,404006.117108,489263.634452,1.2443285607437171,0.9578566362745099,0.5461688311155133,2,0.5524861878452914,-7.614213197969555,중립,,0.0,,33.6,관찰,33.6
2026-10-03T21:29:42+09:00,KAT,KRW-KAT,KATUSDT,6.43,-1.68195719,392494718.4634343,1791030438327,False,False,,553633599.7121161,511207143.20382804,630932144.4739393,403636264.2801938,1025208328.5463567,1.0829926910692087,1.0744773373033125,0.8270612945087737,2,-0.9090909090909038,-7.234042553191489,중립,627051.13351,-4.646,767846.31064,638270.97887,667691.11249,572486.77842,802395.99511,1.2030099065437712,1.2262984470744664,1.247534688690194,2,-1.437371663244369,-8.3969465648855,중립,,0.0,,33.6,관찰,33.6
2026-10-03T21:29:42+09:00,HOME,KRW-HOME,HOMEUSDT,7.69,-2.03821656,498512368.1515721,1791030559233,False,False,,395467578.68552095,261337316.75921202,457415627.35630924,411528077.0335535,967375977.9678823,1.513245730038211,1.0496528861914651,0.6173656888915219,2,-1.505646173149311,-6.7695961995249405,중립,816321.1495,-5.369,777574.79456,506828.47722,702602.8484,482045.90645,719029.6995,1.5341971288295952,1.3791048081831128,1.2263137003233882,2,-2.0408163265306034,-7.246376811594201,중립,,0.0,,33.4,관찰,33.4
2026-10-03T21:29:42+09:00,GAS,KRW-GAS,GASUSDT,1928.0,-1.38107417,854750667.6776588,1791030587037,False,False,,1200059435.4386399,907499787.0226144,979758789.1358341,1319662120.1314473,2580051255.4184575,1.3223798535268803,1.1226277938462854,0.7958294306335505,2,2.088772845953013,-3.8366945400885366,중립,277713.8738,-2.346,438199.2478,287903.367,336636.6885,259084.1658,552150.103,1.5220358565657204,1.4877339390560682,1.181821051420549,2,1.9886363636363757,-4.202801867911954,고수준 유지형,,0.0,,33.2,관찰,33.2
2026-10-03T21:29:42+09:00,ETC,KRW-ETC,ETCUSDT,12040.0,0.16638935,3555499332.8796597,1791030574386,False,False,,5003071536.096998,3512252661.1302266,5049267182.042468,5986224715.533039,7023346064.081847,1.424462309179953,1.0317210717938476,0.9758102175731803,2,-2.593192868719607,-7.609531129900082,중립,4444930.8903,-3.282,5961794.3396,4627298.453,7486323.4127,6335141.6734,6282322.8597,1.288396328906516,0.9694624239122595,1.0693955678782654,2,-2.860286028602854,-7.924921793534933,중립,,0.0,,33.1,관찰,33.1
2026-10-03T21:29:42+09:00,WLFI,KRW-WLFI,WLFIUSDT,74.1,-1.7241379300000002,2277647836.6332684,1791030521797,False,False,,2210035819.167984,1986271934.5487258,2983070927.662493,1592597043.6922023,3466032872.7944937,1.1126552113671668,1.0103883230535537,0.7933958989852057,2,-1.8229166666666519,-5.037783375314864,중립,6407150.79991,-3.552,8127576.44885,5365768.60936,8404925.86272,5504137.5826,6544122.69873,1.5147087100760042,1.2650034655233109,1.317932295644274,2,-2.123893805309729,-5.631399317406139,중립,,0.0,,33.1,관찰,33.1
2026-10-03T21:29:42+09:00,TREE,KRW-TREE,TREEUSDT,62.5,-1.57480315,1648497135.4306364,1791030577957,False,False,,1446208606.0240786,1050244259.5318342,1424135763.0641716,1246333037.3475018,2524996315.048991,1.3770211956871374,1.1660737466646003,0.8877486163893317,2,3.420195439739415,-6.20384047267356,중립,472606.91256,-1.08,508662.15876,460842.57954,536510.33621,388365.91382,701387.91214,1.1037655402149085,1.101223743025507,0.990929169401431,2,3.5476718403547602,-6.412825651302612,중립,,0.0,,33.1,관찰,33.1
2026-10-03T21:29:42+09:00,ONDO,KRW-ONDO,ONDOUSDT,662.0,-1.19402985,46358823519.74372,1791030584435,False,False,,52234856741.40611,42533096162.8736,67599947785.99202,78403311211.69446,171542275731.96045,1.228099091149659,0.831163677110267,0.6043296469751133,2,-1.9033674963396807,-15.723270440251568,중립,28307253.176,-4.53,32179246.58289,27012004.85743,42640122.3001,37004235.9351,83243111.42036,1.1912942690752806,0.9051287419657084,0.7280785943747142,2,-1.8525896414342546,-16.164709885996253,중립,,0.0,,33.0,관찰,33.0
2026-10-03T21:29:42+09:00,LSK,KRW-LSK,LSKUSDT,371.0,-1.32978723,1600978772.8558369,1791030505691,False,False,,2341746148.415004,2162649187.7377563,3691893922.090325,8914575427.550499,3282389100.1855855,1.0828136905850145,0.4756708010342738,0.5504864831196364,2,-3.589743589743588,-7.616707616707618,중립,2853061.43113,-0.499,3774666.78172,4225621.59977,3511030.89704,4991777.23076,6362879.34369,0.8932808327952163,0.889662007610571,0.8006598089235412,1,-1.9095477386934623,-6.632653061224481,중립,,0.0,,33.0,관찰,33.0
2026-10-03T21:29:42+09:00,VTHO,KRW-VTHO,VTHOUSDT,0.884,-3.3879781400000004,1063322462.4534007,1791030567503,False,False,,1136002541.2024934,1105796104.2251985,1456425584.3714652,1537656722.442391,2198760936.602741,1.0273164617436048,0.8312460229140722,0.6069798777787607,2,-2.2435897435897467,-11.165048543689316,중립,1573827.405293,-3.284,2274135.810905,60449746.297602,16426085.509167,17559804.567635,16763983.51243,0.03762027055844259,0.07224399278325992,0.06070486556849195,1,-2.604920405209843,-10.86092715231789,감소형,,0.0,,33.0,관찰,33.0
2026-10-03T21:29:42+09:00,STEEM,KRW-STEEM,STEEMUSDT,85.2,-1.50289017,847913349.0126383,1791030551739,False,False,,643281553.9088463,627499493.7064334,1114493610.1376076,861256915.7967217,1864858108.9765108,1.0251507138423226,0.7413212896058478,0.42590847965669565,2,-0.11547344110853786,-5.567685589519645,중립,575965.452174,-3.578,347213.742695,308923.672649,497177.940025,707719.120451,571833.016026,1.1239467008716593,0.6880875689519236,0.5565192990432793,2,-0.48445069542116803,-5.701169850436849,중립,,0.0,,33.0,관찰,33.0
2026-10-03T21:29:42+09:00,DOOD,KRW-DOOD,,2.36,-0.8403361300000001,702330822.2792503,1791030337659,False,False,,612392373.3353777,450009218.0362208,3201816011.455294,556007733.0980675,3001424968.476454,1.3608440645011117,0.4366088521906294,0.38857915545462607,2,-0.4184100418410108,-6.299212598425208,중립,,,,,,,,,,,,,,NO_DATA,,0.0,,33.0,관찰,33.0
2026-10-03T21:29:42+09:00,ELSA,KRW-ELSA,,72.3,-1.89959294,681401048.2518166,1791030574733,False,False,,503784771.0766363,432702251.08452934,746174283.5783622,5179491245.1649065,12785566159.191805,1.164275826654345,0.2376953277262047,0.1232388976931023,2,-3.407601572739183,-5.994897959183676,중립,,,,,,,,,,,,,,NO_DATA,,0.0,,33.0,관찰,33.0
2026-10-03T21:29:42+09:00,FF,KRW-FF,FFUSDT,159.0,0.0,650442690.7468964,1791030502174,False,False,,893778999.885415,733522880.2518207,1659792039.549592,1418967683.5098915,2907244678.2037406,1.2184746024262771,0.7033416141099474,0.5986384365029627,2,-7.017543859649122,-10.169491525423723,중립,1497784.068106,-4.131,1714267.550741,645658.354215,1541857.865809,1557441.041549,1812023.614317,2.6550691082209092,1.3732607058011823,1.3651702422037775,2,-7.269264344099691,-10.821949171945366,중립,,0.0,,33.0,관찰,33.0
2026-10-03T21:29:42+09:00,POLYX,KRW-POLYX,POLYXUSDT,57.3,-0.8650519000000001,647000591.6369076,1791030576671,False,False,,616791789.2878394,430565165.0466332,813322960.3824418,628701100.2485245,1143821095.0945725,1.4325166998148506,0.9881373568161789,0.7722337121106558,2,0.0,-6.168831168831179,중립,397555.22019,-4.328,334584.13251,408786.34013,248437.87227,253360.48335,406309.34367,0.8184816850866332,1.1023163492806816,1.0110817944421604,1,-0.23474178403755097,-6.593406593406581,중립,,0.0,,33.0,관찰,33.0
2026-10-03T21:29:42+09:00,ZORA,KRW-ZORA,,10.4,-0.9523809499999999,577112009.3543074,1791030568911,False,False,,911887211.6643176,671762194.5976688,1355523643.3036327,1154734763.0261993,1932534802.9477913,1.3574553897163926,0.8597246775195476,0.7192194552869045,2,-1.869158878504662,-10.256410256410254,중립,,,,,,,,,,,,,,NO_DATA,,0.0,,33.0,관찰,33.0
2026-10-03T21:29:42+09:00,A,KRW-A,AUSDT,128.0,-0.7751938,461500820.7750645,1791030399299,False,False,,395352107.0236959,361235900.1252551,609387045.342948,578454018.1742153,958351083.7494037,1.0944430132404097,0.7656535788139648,0.653815961654503,2,-1.526717557251911,-7.857142857142863,중립,603152.26178,-3.897,913671.72196,465148.54865,820497.76807,394384.47687,1254453.60009,1.9642579227899306,1.6315267412586048,1.2504085222160286,2,-2.0746887966805017,-8.968177434908398,고수준 유지형,,0.0,,33.0,관찰,33.0
2026-10-03T21:29:42+09:00,SONIC,KRW-SONIC,,36.1,0.0,432038394.5726825,1791030552085,False,False,,584915570.0351167,494810634.1555543,1401528178.3618383,672087087.069634,1422114069.1775267,1.1820998371090707,0.6831992740719104,0.24092152305539166,2,-1.6348773841961872,-4.497354497354489,중립,,,,,,,,,,,,,,NO_DATA,,0.0,,33.0,관찰,33.0
2026-10-03T21:29:42+09:00,KMNO,KRW-KMNO,KMNOUSDT,54.5,-0.9090909100000001,362891485.54180413,1791030521122,False,False,,665952646.768466,547712889.8510478,914586196.4124576,1203395424.147983,1959045896.533412,1.2158790839294906,0.7494699533282227,0.38689014558426493,2,-8.026755852842804,-16.413373860182368,중립,408997.42638,-3.057,636957.43171,1380945.22854,1039244.68757,1154620.00501,2269163.18841,0.4612474257095781,0.5345381537184828,0.3955215550502451,1,-7.949125596184425,-16.776180698151954,감소형,,0.0,,33.0,관찰,33.0
2026-10-03T21:29:42+09:00,TAIKO,KRW-TAIKO,,121.0,-0.8196721299999999,306440738.3412521,1791029958447,False,False,,369377723.82231957,356222726.78254354,460731531.03238696,1199204088.136758,2385840105.142615,1.0369291346416718,0.5496260617089012,0.08683860860341869,2,-0.8130081300813052,-10.948905109489049,중립,,,,,,,,,,,,,,NO_DATA,,0.0,,33.0,관찰,33.0
2026-10-03T21:29:42+09:00,BABY,KRW-BABY,BABYUSDT,18.0,-2.7027026999999997,200373501.47268665,1791030192060,False,False,,206521339.24519622,180291260.19919565,777763209.1843685,280282245.46619403,424252990.13042885,1.1454872466752972,0.5003195094726377,0.490639563800863,2,-1.0695187165775333,-2.631578947368418,중립,947923.06373,-4.817,952916.3005,1456749.56528,2973278.57097,102749882.88358,30785849.60607,0.6541387230940009,0.026672432121828182,0.03014021206553686,1,-1.1560693641618491,-3.1847133757961887,감소형,,0.0,,33.0,관찰,33.0
2026-10-03T21:29:42+09:00,ORDER,KRW-ORDER,,53.0,-1.48698885,163355805.73699763,1791030551729,False,False,,194795637.41117793,130137176.73741879,244518903.22202173,391919553.76967627,1197897697.5439727,1.4968484970610838,0.7623343170858433,0.4157936008068079,2,-0.5545286506469571,-6.7590987868284325,중립,,,,,,,,,,,,,,NO_DATA,,0.0,,33.0,관찰,33.0
2026-10-03T21:29:42+09:00,AXS,KRW-AXS,AXSUSDT,1644.0,-2.25921522,26519648089.13659,1791030581513,False,True,"거래량급등,입금량급등",31725038697.108288,997139546.4232591,2059369222.2195618,2489002444.4799623,3809294294.7387547,31.816047022611873,17.162550472552365,12.500272325632915,2,8.028259473346179,5.852737570799249,일회성 폭증형,10884278.95909,-4.43,11376883.30399,1439375.17004,1993346.53018,1862509.38923,2384477.9048,7.904043046451774,6.44554493192384,5.919678534634165,2,7.85340314136127,5.3708439897698135,일회성 폭증형,,0.0,,32.9,관찰,32.9
2026-10-03T21:29:42+09:00,XLM,KRW-XLM,XLMUSDT,292.0,-0.34129693,21244118101.45692,1791030579576,False,False,,28379871911.20964,27602178806.80511,39282468285.45715,67284609576.76048,105177172307.78835,1.0281750621879457,0.6345687368877412,0.5496224924696225,2,-2.98013245033113,0.3424657534246478,중립,15037237.4708,-4.408,20741726.4953,20943946.5748,34053817.5974,43584007.2257,70734760.8849,0.9903447003754624,0.6312037063601144,0.5585714618221602,1,-3.058929374718844,-0.13901760889712955,중립,,0.0,,32.9,관찰,32.9
2026-10-03T21:29:42+09:00,SLX,KRW-SLX,,85.4,-1.61290323,2703984738.4459004,1791030586072,False,False,,3150621995.48467,2651501273.293359,4241935840.7780137,3498388339.785306,7015259727.114234,1.1882408004923817,0.9095481855833304,0.6565446051505568,2,0.3468208092485492,-10.607621009268797,중립,,,,,,,,,,,,,,NO_DATA,,0.0,,32.9,관찰,32.9
2026-10-03T21:29:42+09:00,JTO,KRW-JTO,JTOUSDT,717.0,1.5580736499999999,2419702271.872165,1791030554113,False,False,,3323712585.4860406,2384883861.145883,3509540468.155938,2858144414.140831,2689276895.40845,1.3936580475197946,1.1392241579283122,0.9027545410039858,2,-5.107526881720426,-12.515489467162332,중립,2947526.44823,-4.789,2853832.0662,2234465.50765,2828113.13049,2735541.90764,3366136.55285,1.2771877911874285,1.0978922611337556,0.8467241403254704,2,-5.669634744684715,-12.961099932930919,중립,,0.0,,32.9,관찰,32.9
2026-10-03T21:29:42+09:00,BIO,KRW-BIO,BIOUSDT,41.8,-0.71258907,472988201.6041996,1791030576978,False,False,,494053343.2980934,345033977.37768203,559726635.9643859,1569892578.4131658,515876339.3650685,1.4318976555670961,0.5989364630293939,0.7557133532183077,2,0.23809523809523725,-2.995391705069117,중립,1695424.680756,-2.663,2190565.248135,1325079.056886,1466652.987133,2551230.411058,2390358.416444,1.6531581544145255,1.2299722859104936,1.2396296305404537,2,0.680051813471505,-2.874101843174004,중립,,0.0,,32.9,관찰,32.9
2026-10-03T21:29:42+09:00,ENS,KRW-ENS,ENSUSDT,9255.0,0.27085590000000004,3567316392.2515206,1791030568895,False,False,,3975809572.774059,2548280953.5301003,4503173753.456954,5507311284.451462,4911255041.911808,1.5601927908562914,0.9497293544965539,0.9582816186290279,2,-3.5023523261892286,-2.73972602739726,중립,1509937.3086,-3.262,1768446.609,980031.3414,1586633.5992,2844783.1725,1546528.025,1.8044796470220312,0.9803918869991317,1.0904712035205002,2,-3.8297872340425476,-3.2810271041369354,중립,,0.0,,32.8,관찰,32.8
2026-10-03T21:29:42+09:00,CP,KRW-CP,,17.1,-2.84090909,1853112110.5905197,1791030585069,False,False,,1750419517.321939,1501656959.477723,1559368626.9336069,2482848400.520668,4133863892.8922143,1.165658712047481,0.9472182384275089,0.7348828106846707,2,0.5714285714285783,-2.7624309392265234,중립,,,,,,,,,,,,,,NO_DATA,,0.0,,32.8,관찰,32.8
2026-10-03T21:29:42+09:00,AZTEC,KRW-AZTEC,,23.0,-0.43290042999999995,708699802.9055278,1791029651394,False,False,,913407795.613291,877013063.8506675,1431427574.9944558,4379794921.130774,15295850150.397793,1.0414985058521553,0.40970796591526576,0.17688414374858583,2,0.43478260869564966,-5.714285714285705,중립,,,,,,,,,,,,,,NO_DATA,,0.0,,32.8,관찰,32.8
2026-10-03T21:29:42+09:00,PYTH,KRW-PYTH,PYTHUSDT,107.0,-0.9259259299999999,1587566539.7768815,1791030544207,False,False,,1507347160.5077894,1237064928.8290472,1621571823.7009432,2475514151.4164877,2667062232.7613816,1.2184866981352223,0.8477528219491748,0.6284369140710209,2,0.9345794392523255,-4.424778761061942,중립,3028721.670842,-0.255,2801134.336004,1834466.470557,2740094.074432,4457764.302143,5875734.123815,1.5269476880400492,0.9303698826421528,0.5512914231551427,2,0.10158730158729146,-5.5588834311728785,중립,,0.0,,32.7,관찰,32.7
2026-10-03T21:29:42+09:00,MIRA,KRW-MIRA,MIRAUSDT,71.0,0.42432815,1397535485.596883,1791030573065,False,False,,2103113394.722244,1050364459.9126416,4645017923.221279,1814693886.4941995,2149928583.427451,2.002270140496908,0.8401166589589314,0.956610575278842,2,-0.42253521126760507,-6.108897742363872,중립,475096.419121,-1.138,538385.025269,666290.409576,1470776.720173,1112040.096835,946189.929052,0.8080335804497115,0.49710734770213133,0.5803560652576435,1,-0.574052812858783,-6.580366774541535,중립,,0.0,,32.7,관찰,32.7
2026-10-03T21:29:42+09:00,AERO,KRW-AERO,AEROUSDT,1082.0,0.37105751,425629724.74558485,1791030548665,False,False,,472027574.7520653,454353842.93668145,716443653.962248,1500216637.6126738,1551135667.4078739,1.038898607528333,0.5301666906061235,0.470442956665933,2,-2.3550724637681153,-5.521472392638039,중립,5921141.99304,0.05,5808232.25438,5133076.84364,4976334.0563,7512942.46085,9573120.04884,1.1315303532961003,0.9887837569929911,0.9071466356937853,3,-2.25730849882817,-5.857193774503977,중립,,0.0,,32.7,관찰,32.7
2026-10-03T21:29:42+09:00,VIRTUAL,KRW-VIRTUAL,VIRTUALUSDT,1066.0,2.8957528999999997,6374068617.799141,1791030564407,False,False,,8008111765.825606,4593157840.4735565,6096698651.869875,8676883140.341162,12911090364.270296,1.743487170255827,1.2404945671356968,0.95785788822066,2,-1.2392755004766443,-8.883025505716802,중립,8231855.48041,-3.638,10514308.52678,6367394.45121,8294525.83753,10586906.14719,16527186.92113,1.6512733123957728,1.2492828393581599,1.0376818231198035,2,-1.5153477528817572,-9.583828775267545,중립,,0.0,,32.6,관찰,32.6
2026-10-03T21:29:42+09:00,W,KRW-W,WUSDT,18.3,0.54945055,1332527755.6170805,1791030550046,False,False,,1158892309.628708,485512550.57148445,1096062470.8119147,3237780571.3968887,3166398493.2673864,2.38694614230797,0.7213987144037296,0.22625326640201018,2,-1.6216216216216273,-14.150943396226412,중립,1470643.318,-1.249,1599238.156814,1355665.700361,2771322.19652,3872966.647385,6107284.368465,1.1796700000510003,0.5997177163813739,0.2517961513286926,2,-1.8409425625920517,-14.987244897959185,중립,,0.0,,32.6,관찰,32.6
2026-10-03T21:29:42+09:00,ANKR,KRW-ANKR,ANKRUSDT,6.62,-1.63447251,371470739.411453,1791030558832,False,False,,428250745.32702565,339816666.95248264,374801148.7818206,508964198.0687297,431293025.037231,1.2602405560846401,1.0499927438357157,0.4427521357364233,2,2.5914634146341653,-4.131054131054124,중립,344646.244133,-3.953,315832.236174,336000.561961,353546.982769,408070.55089,376590.529807,0.9399753212634776,0.8632298540839904,0.6546274231853338,1,2.2774327122153215,-4.633204633204624,중립,,0.0,,32.5,관찰,32.5
2026-10-03T21:29:42+09:00,MLK,KRW-MLK,,58.4,-0.84889643,173229191.25067273,1791030394146,False,False,,203411972.1710319,171434548.555658,287491933.1429051,266604678.08332956,433732083.0954142,1.186528467480941,0.8410885022450907,0.6377416267273411,2,1.551724137931032,-3.7581699346405317,중립,,,,,,,,,,,,,,NO_DATA,,0.0,,32.5,관찰,32.5
2026-10-03T21:29:42+09:00,LINK,KRW-LINK,LINKUSDT,18910.0,0.69222577,11779075259.921669,1791030585732,False,False,,13190276763.003939,7490512140.887117,13116878135.121498,26678862393.85493,42800223611.44052,1.7609312307238028,0.8368358255259055,0.6661915448263127,2,-5.199394245330646,-1.1578947368421022,중립,47460374.28806,-3.541,58096372.30917,35591436.30333,58459687.83252,82775025.89427,126167499.84316,1.6323132287789803,0.9856523873749563,0.8752373107203767,2,-5.5658246046416,-1.6400456360524673,중립,,0.0,,32.4,관찰,32.4
2026-10-03T21:29:42+09:00,ARKM,KRW-ARKM,ARKMUSDT,179.0,0.56179775,223754292.2487634,1791030398974,False,False,,318910804.1195782,281906330.91360587,1396539107.3160887,3700722648.2636228,481778421.1870372,1.131265137203722,0.17785880585531746,0.25467572521007015,2,0.5649717514124353,-9.183673469387754,중립,1164333.9146,-3.109,1403380.92505,917787.97415,1853791.13516,2880243.80584,1245034.93048,1.5290905574893012,0.7449176731748791,0.8991518703998822,2,1.230769230769213,-9.241379310344822,중립,,0.0,,32.4,관찰,32.4
2026-10-03T21:29:42+09:00,MOCA,KRW-MOCA,,14.1,0.7142857100000001,196814696.6566469,1791030517345,False,False,,207009207.68576095,184539999.82038543,258957351.59096947,907961364.1435826,412498783.62666845,1.121757927209521,0.45952393211084946,0.46024714339110184,2,-3.4482758620689613,-4.109589041095885,중립,,,,,,,,,,,,,,NO_DATA,,0.0,,32.4,관찰,32.4
2026-10-03T21:29:42+09:00,LPT,KRW-LPT,LPTUSDT,2352.0,1.5544041499999999,1492282009.0308936,1791030536893,False,False,,253465698.7037671,204208861.3563764,397809519.5372839,78412867.03742911,443452878.4216685,1.241208128874632,1.1175223043082678,0.5877426147756211,2,1.0912265386294084,-5.237315875613746,중립,2322282.389,-1.142,1317913.00256,701828.62663,1428882.8693,890702.4435,1349845.56644,1.8778273677553996,1.30857243891113,1.0876119969053042,2,0.5306603773584939,-5.382907880133181,중립,,0.0,,32.3,관찰,32.3
2026-10-03T21:29:42+09:00,VANA,KRW-VANA,VANAUSDT,1449.0,-0.9569378,430029540.86589676,1791030399307,False,False,,413840835.215915,272761378.5906982,291089516.09407747,723666198.0693655,742746115.2827972,1.5172266592658583,0.9642765231116205,0.7956660455563562,2,1.9512195121951237,-6.99300699300699,중립,338420.9714,-3.165,333519.34421,314351.00811,336246.39531,364224.39352,314543.89422,1.0609774920565627,0.985944562530082,1.0315396609371474,2,1.3195098963242335,-7.3275862068965525,중립,,0.0,,32.3,관찰,32.3
2026-10-03T21:29:42+09:00,STRAX,KRW-STRAX,STRAXUSDT,15.4,-2.5316455700000002,420534773.7609571,1791030312170,False,False,,403155371.0434237,393354545.3045544,410660943.6760527,380996694.0882457,561699339.0882275,1.024916009884368,1.020636015739593,0.9427696848570818,2,2.5974025974025983,-2.4691358024691246,중립,141450.36365,-3.146,185554.56918,171146.26694,183348.09106,193542.41548,316683.9645,1.0841870669901974,1.0157415240682108,0.905161212946823,2,1.585903083700435,-4.2358803986711,중립,,0.0,,32.3,관찰,32.3
2026-10-03T21:29:42+09:00,1INCH,KRW-1INCH,1INCHUSDT,142.0,2.15827338,248803451.28672054,1791030567159,False,False,,344797449.4842711,183767769.8207312,243767056.21062717,464705448.3838373,736676280.518855,1.8762672574229273,1.1593203962136645,0.9118609221310866,2,0.7246376811594235,-1.4184397163120588,중립,999035.80776,-0.857,797039.09199,369538.0347,469497.71937,912519.08213,1006533.56184,2.1568526569587236,1.3651398326515036,1.242765918487513,2,0.49407114624506754,-1.5488867376573179,중립,,0.0,,32.3,관찰,32.3
2026-10-03T21:29:42+09:00,CASHCAT,KRW-CASHCAT,,212.0,0.9523809499999999,6892824768.447427,1791030585070,False,False,,5684540918.640027,3660898042.074967,9606654205.562593,12090132984.640335,68873497797.75136,1.5527722578742116,0.6725228505562668,,2,-9.482758620689658,,중립,,,,,,,,,,,,,,NO_DATA,,0.0,,32.2,관찰,32.2
2026-10-03T21:29:42+09:00,COMP,KRW-COMP,COMPUSDT,33550.0,0.9933774799999999,450395020.4262547,1791030035048,False,False,,555264389.7796187,406663210.246772,3955852672.5696416,816899303.5832723,303365820.4586935,1.3654158423691003,0.3216180030735829,0.36085496309179227,2,-1.0720667063728428,0.060240963855417995,중립,1146945.79027,0.162,1246673.63863,1422686.67769,3506527.12811,2091047.49318,1296606.91503,0.876281234779122,0.5327466822970538,0.5879852269560131,1,-1.6935483870967771,-0.3677973028197834,중립,,0.0,,32.2,관찰,32.2
2026-10-03T21:29:42+09:00,IO,KRW-IO,IOUSDT,212.0,0.9523809499999999,268683071.39505535,1791030504689,False,False,,141095857.77274114,119347795.08929835,1109472830.9646275,185195556.33408725,332933902.2441792,1.1822242519618436,0.2993512935639595,0.3654265737300221,2,-1.869158878504673,-9.482758620689658,중립,1368287.092566,-3.26,1201534.674404,1405648.612581,1817437.712613,1748854.554095,2149356.062942,0.8547902111878348,0.7249893171954745,0.7126959759372452,1,-2.0952380952380945,-9.718969555035128,중립,,0.0,,32.2,관찰,32.2
2026-10-03T21:29:42+09:00,ELF,KRW-ELF,,105.0,0.9615384600000001,179398571.16687202,1791030017082,False,False,,217372293.09575072,179960800.26932043,218095407.93345535,1045164091.7712574,310517648.368578,1.207886899649491,0.45184846644617266,0.3644323003204614,2,-0.952380952380949,-1.8867924528301883,중립,,,,,,,,,,,,,,NO_DATA,,0.0,,32.2,관찰,32.2
2026-10-03T21:29:42+09:00,QUID,KRW-QUID,,87.8,1.26874279,1440360035.4714074,1791030571717,False,False,,1141563897.0747378,975418907.4278814,1200671862.9489586,1928034536.8922777,2261428796.9831176,1.1703319347017482,0.8344510546884352,0.6385761654144547,2,-6.371490280777525,-12.512613521695249,중립,,,,,,,,,,,,,,NO_DATA,,0.0,,32.0,관찰,32.0
2026-10-03T21:29:42+09:00,RENDER,KRW-RENDER,RENDERUSDT,2678.0,-0.26070764,1170276168.91994,1791030551739,False,False,,962804491.8511869,583056949.4638827,1190497707.180217,975601602.689823,2077584571.631818,1.6513043755613919,1.0506545292748757,0.6871843464088085,2,3.9086687306501444,-3.5560344827586188,중립,5059743.43656,-0.405,5593110.73675,3344765.40864,5351037.61841,6152809.43527,10813459.68891,1.6721982122579382,1.1300269471527669,0.814082532813167,2,3.4049240440021,-3.9416058394160625,중립,,0.0,,32.0,관찰,32.0
2026-10-03T21:29:42+09:00,AGLD,KRW-AGLD,AGLDUSDT,288.0,0.0,560601936.0511086,1791030509153,False,False,,436430843.6908121,316931606.2349121,371515332.04418707,1082641896.3506818,779252246.4075727,1.3770505531951467,0.739258531515797,0.7806957508069263,2,2.857142857142847,-4.635761589403975,중립,395224.26346,-1.992,318937.28686,176910.30406,252412.94355,434129.37834,397404.81249,1.8028191662133533,1.1081231694990594,1.1312021802802332,2,2.468538238141327,-5.1948051948051965,중립,,0.0,,32.0,관찰,32.0
2026-10-03T21:29:42+09:00,ICP,KRW-ICP,ICPUSDT,4453.0,-0.38031319999999996,564002557.6362568,1791030566156,False,False,,480002046.60734427,473330201.17496794,1773193867.4018872,4055348517.790975,747370268.6390898,1.0140955413700932,0.22850448340340057,0.3096452381021467,2,-4.26215463696723,4.904951889227882,중립,9802827.17151,-0.669,10392096.76331,8070357.63113,17526609.08151,29936724.28525,13291102.10455,1.2876872671942439,0.5613941686518648,0.6604081795820039,2,-4.505813953488369,4.351969504447273,중립,,0.0,,31.9,관찰,31.9
2026-10-03T21:29:42+09:00,CC,KRW-CC,,167.0,1.82926829,2118655675.8333077,1791030519380,False,False,,3857094598.8252015,2211843173.560329,2295551689.879947,6638049645.136911,6760360664.637764,1.7438372868979526,1.0382074745938312,0.9783738272669802,2,-2.3809523809523836,-11.827956989247312,중립,,,,,,,,,,,,,,NO_DATA,,0.0,,31.8,관찰,31.8
2026-10-03T21:29:42+09:00,SIGN,KRW-SIGN,SIGNUSDT,16.8,-3.4482758600000003,642980176.1616522,1791030576032,False,False,,667339955.4262667,341166760.6888493,410324621.19826305,1594020023.5569654,1517995582.4492009,1.9560520904171368,0.853553669204928,0.6710154460797363,2,3.5714285714285587,-7.936507936507942,중립,474743.43059,-4.622,536682.36448,353994.21613,366494.25644,682299.41149,851254.482,1.5160766476560452,1.1477480749121831,0.8969400097431636,2,2.4077046548956593,-9.11680911680911,중립,,0.0,,31.8,관찰,31.8
2026-10-03T21:29:42+09:00,ANIME,KRW-ANIME,ANIMEUSDT,4.49,-1.31868132,449474681.2087206,1791030583473,False,False,,437038938.2228275,293419560.5482846,664850782.1371098,2432380708.495475,761722277.0631595,1.4894676326492187,0.38668585911011316,0.41319901504144324,2,3.409090909090895,-2.3605150214592308,중립,227315.181817,-2.941,281662.174777,175635.977156,248545.460683,630311.528097,249036.291593,1.6036701553852342,0.801320209453426,0.8304192905946176,2,3.70370370370372,-2.608695652173909,중립,,0.0,,31.8,관찰,31.8
2026-10-03T21:29:42+09:00,KNC,KRW-KNC,KNCUSDT,190.0,1.60427807,4686920236.869111,1791030409689,False,False,,184348526.2051518,135366073.7907144,159500921.75708655,243639387.35145375,267052209.22614554,1.3618517627257753,1.0269991149184219,0.8472473308038396,2,0.5376344086021501,-6.030150753768848,중립,1332431.21822,-0.428,243919.50047,143136.04358,267147.28938,183209.9391,272241.37225,1.7041095615701523,1.232968486517269,1.1629238104897572,2,0.8017492711370311,-5.854322668481959,중립,,0.0,,31.7,관찰,31.7
2026-10-03T21:29:42+09:00,SPK,KRW-SPK,SPKUSDT,34.1,-3.67231638,8871501455.75641,1791030555867,False,True,"거래량급등,입금량급등",8046322028.112417,570240640.5453111,1347506957.8134873,1224240360.120453,1063902503.6673146,14.110397358592087,7.68270483634212,6.928384364216632,2,10.971786833855802,7.272727272727275,일회성 폭증형,6004299.345058,-0.983,5678214.06119,1317168.535491,2419418.967939,2199648.652782,1784291.465908,4.310924462732733,2.8696031854703126,2.9474187783567487,2,10.572949946751864,6.858507266065628,일회성 폭증형,,0.0,,31.6,관찰,31.6
2026-10-03T21:29:42+09:00,INJ,KRW-INJ,INJUSDT,10320.0,1.7751479300000002,1112648940.6387737,1791030575060,False,False,,730090139.7395271,598216115.2157673,642193745.9552627,1324480088.419186,1107672969.409521,1.220445456365205,0.8539432343163548,0.7980850610664989,2,-1.744186046511631,-3.886255924170612,중립,14515539.05258,0.745,12019218.02558,8847264.29564,12774018.803,14754616.20553,14115365.41038,1.3585236773703215,0.9912512066088351,0.9971857593976527,2,-2.15364412344059,-4.413085311096864,중립,,0.0,,31.6,관찰,31.6
2026-10-03T21:29:42+09:00,HUNT,KRW-HUNT,,140.0,1.44927536,146895158.77415347,1791030534748,False,False,,143855410.3323767,96300432.39724213,177420912.96059477,206763847.07823676,321356336.90950847,1.4938189450590302,0.898188409946781,0.7422246294425567,2,0.7299270072992803,-3.4965034965035002,중립,,,,,,,,,,,,,,NO_DATA,,0.0,,31.6,관찰,31.6
2026-10-03T21:29:42+09:00,WAL,KRW-WAL,WALUSDT,47.2,1.7241379300000002,661003845.0101976,1791030552072,False,False,,544189635.7424119,447165713.3554803,531205278.0928564,513464051.86685574,976268462.8910679,1.2169753169554864,1.0943360759238507,0.6700162300698634,2,2.65486725663715,-10.077519379844968,중립,424917.292663,-0.259,471294.792631,550465.962733,390132.922401,345372.675666,508045.392743,0.8561742678713061,1.0994678428296079,1.0567452230634362,1,2.0989505247376306,-10.559495665878648,중립,,0.0,,31.4,관찰,31.4
2026-10-03T21:29:42+09:00,POWR,KRW-POWR,POWRUSDT,93.6,0.42918454999999994,406953175.7739651,1791030315884,False,False,,493462617.6938479,401781115.1468787,695436291.406475,769316265.6482794,701630819.0714033,1.2281876850121571,0.7931214288437569,0.7659751937878381,2,3.5555555555555562,-1.9978969505783262,중립,176922.9406,0.73,145130.0374,103569.9074,268061.8847,251590.2329,215772.3973,1.4012761143011314,0.6986115617463936,0.7273910000173632,2,2.556390977443601,-3.125000000000011,중립,,0.0,,31.4,관찰,31.4
2026-10-03T21:29:42+09:00,TOKAMAK,KRW-TOKAMAK,,506.0,1.6064257,391934284.7219,1791030453355,False,False,,236183686.81840667,183531915.4556941,200033968.95660233,403869399.9760191,1114295636.9996495,1.2868807380557366,0.899821324371598,0.5277853183233002,2,1.0141987829614507,-4.780114722753348,중립,,,,,,,,,,,,,,NO_DATA,,0.0,,31.4,관찰,31.4
2026-10-03T21:29:42+09:00,POKT,KRW-POKT,,12.2,1.66666667,149662037.47481135,1791030540021,False,False,,296835324.0473652,171594219.20944193,294887658.9728771,478784223.43993694,941122357.673878,1.729867855775831,0.9420690857461389,0.587334865033389,2,0.8403361344537785,-6.25,중립,,,,,,,,,,,,,,NO_DATA,,0.0,,31.4,관찰,31.4
2026-10-03T21:29:42+09:00,MORPHO,KRW-MORPHO,MORPHOUSDT,3585.0,2.51644267,1372322852.822804,1791030534791,False,False,,2503751064.843547,2501285809.4969273,2519819040.9005857,1782694528.9236295,2148589155.0947676,1.0009855952235684,1.1039792292170858,1.204661727422083,2,4.294661497166707,-5.2816901408450745,중립,3427528.32686,-2.193,5184374.76504,4938890.67925,6083212.18676,6573219.99119,6294724.20312,1.049704296315236,0.8839351469334173,0.9265478236564594,2,3.7995149555375862,-5.692251193536535,중립,,0.0,,31.3,관찰,31.3
2026-10-03T21:29:42+09:00,AVAX,KRW-AVAX,AVAXUSDT,15080.0,2.51529572,6624461411.137608,1791030575705,False,False,,10041682211.248976,9016897871.499283,13113317640.808268,32935927333.649796,12597075397.951035,1.113651541179017,0.5470702155046355,0.6783562892780916,2,-5.341055341055345,-2.194148936170215,중립,63173602.95446,-0.999,67830708.39153,50077365.9725,68867752.34062,118483100.93423,56704299.97883,1.3545182953268602,0.8570679838296487,0.9895171328401314,2,-5.561385099685201,-0.9628610729023213,중립,,0.0,,31.0,관찰,31.0
2026-10-03T21:29:42+09:00,CFG,KRW-CFG,CFGUSDT,203.0,2.52525253,1250059946.0142195,1791030581851,False,False,,1636319600.4206183,1401601713.2321749,2157065535.0309687,2279966409.0519123,3909259842.6960053,1.1674640412982733,0.8407718465280934,0.62619732314147,2,-4.807692307692313,-12.389380530973447,중립,2164800.50089,-1.454,2423155.2748,1808612.59223,3343364.65702,3727145.36593,3970174.8659,1.3397867985715366,0.818714431533124,0.7341099756511708,2,-4.640522875816988,-12.319711538461531,중립,,0.0,,31.0,관찰,31.0
2026-10-03T21:29:42+09:00,SUI,KRW-SUI,SUIUSDT,1612.0,3.33333333,44250944666.77676,1791030585740,False,False,,43190991215.27299,31207430798.98007,46134606090.508934,43139338689.81033,68654850783.94474,1.3839970196035674,1.0754606097648316,0.8265063450865038,2,-0.1280409731113985,-8.825248392752771,중립,107852346.90388,0.169,108698492.2591,87280951.6727,131998082.00301,118157184.10957,207344898.20534,1.2453861945354916,0.966391452931717,0.8107275332118167,2,-0.5553145336225751,-9.327531645569632,중립,,0.0,,30.9,관찰,30.9
2026-10-03T21:29:42+09:00,SEI,KRW-SEI,SEIUSDT,96.9,2.64830508,5747116666.547102,1791030531037,False,False,,7322425506.520901,4896719792.037279,8855298915.788832,10308325634.27267,22898113694.215786,1.4953736005944516,0.9130075699343254,0.6395149142112229,2,-5.125628140703508,-11.775700934579437,중립,6441310.357787,-0.987,8181325.677291,6039147.172132,9985784.965248,11845052.463651,33064035.195206,1.354715400055857,0.8806598705822407,0.5715036821568225,2,-5.45926027023339,-12.349740604833615,중립,,0.0,,30.9,관찰,30.9
2026-10-03T21:29:42+09:00,ARB,KRW-ARB,ARBUSDT,274.0,3.0075187999999997,5283875804.82485,1791030551369,False,False,,6672245430.661567,5091088305.210691,6948402708.818792,10839677343.08904,15907654233.295643,1.3105735022966647,0.8748891559144798,0.5980159340548885,2,-3.971119133574008,-12.786885245901637,중립,16973934.72655,-1.661,18805800.71518,13461570.11871,18412094.49159,27439832.52973,32597447.93638,1.3969990535533552,0.9511730864957638,0.732559527882266,2,-3.734643734643728,-13.395225464190986,중립,,0.0,,30.6,관찰,30.6
2026-10-03T21:29:42+09:00,BSB,KRW-BSB,,136.0,3.03030303,600145393.72213,1791030383730,False,False,,391572006.06269956,355926790.9362567,560464354.8204803,718623599.3159071,861941792.69393,1.1001476034795779,0.7184742655858468,0.6745267086519792,2,-1.4925373134328401,-8.333333333333337,중립,,,,,,,,,,,,,,NO_DATA,,0.0,,30.6,관찰,30.6
2026-10-03T21:29:42+09:00,MMT,KRW-MMT,MMTUSDT,254.0,3.2520325199999998,2085420625.8559244,1791030556849,False,False,,1256159872.8957005,1174924933.2486851,1898077830.7149239,1831064978.318263,5028671809.963136,1.0691405360020743,0.7684395519654099,0.4201620599319912,2,0.0,-0.4048582995951455,중립,856232.25746,-0.267,642641.45245,894345.41141,941104.39395,783404.40789,1916806.01565,0.7185606861188335,0.7361709359748759,0.4907896212042842,1,-0.27578599007170856,-1.1481683980317237,감소형,,0.0,,30.4,관찰,30.4
2026-10-03T21:29:42+09:00,IMX,KRW-IMX,IMXUSDT,251.0,4.14937759,5144443146.138279,1791030560251,False,True,거래량급등,2547533978.8847814,369512639.55338436,391313405.18300647,464607231.8458094,1568509875.4383714,6.894308086359068,6.236652849814862,3.228290069482269,2,7.589285714285721,-6.949806949806947,일회성 폭증형,3480144.185512,0.821,2046132.386088,591247.815162,784855.811645,938686.628492,3128121.173108,3.4607018133798366,2.6518157073678825,1.4350822205575133,2,7.9345850999394285,-6.652697747511782,고수준 유지형,,0.0,,30.2,관찰,30.2
2026-10-03T21:29:42+09:00,ALGO,KRW-ALGO,ALGOUSDT,175.0,1.15606936,3313921966.3288326,1791030580540,False,False,,4327763056.448983,3633006013.3072085,4179109735.4296513,10291565037.981155,26834611515.894547,1.191234762782383,0.7171629527887112,0.45282097655519404,2,1.1695906432748648,6.790123456790131,중립,5256327.0576,-1.831,6922238.6062,7303745.5915,5911362.6254,16019069.5566,28783071.3892,0.9477655703473582,0.71035744461486,0.5627030564541246,1,1.2738853503184933,6.443514644351467,중립,,0.0,,30.2,관찰,30.2
2026-10-03T21:29:42+09:00,WIF,KRW-WIF,WIFUSDT,340.0,0.29498525,151318709.55679917,1791029353943,False,False,,624327502.282399,98729025.27721097,676850766.7592312,123455997.29360946,143316344.78869298,6.323646977465996,2.0833236330256844,2.6435431089363797,2,4.307692307692301,2.108433734939763,일회성 폭증형,2355291.504497,-3.067,4211066.522921,2450102.588036,5286775.369674,3165133.379396,3065609.806856,1.7187306945774001,1.1587953064921828,1.275622262285711,2,3.660565723793674,1.9222903885480536,중립,,0.0,,29.7,관찰,29.7
2026-10-03T21:29:42+09:00,MASK,KRW-MASK,MASKUSDT,652.0,-2.97619048,1212126090.6941304,1791030574054,False,True,거래량급등,1235482936.5579689,172045512.06680274,317798895.19133025,298683080.4003672,762933287.9184737,7.181140162948563,4.700468744190584,2.6920624364151133,2,11.074380165289256,0.4484304932735439,일회성 폭증형,966565.9608,-3.219,982199.4233,297636.4224,338660.3864,334279.8687,514096.3849,3.299997410867952,3.0359252784538504,2.5222815916069368,2,10.290827740492169,0.0,고수준 유지형,,0.0,,29.5,관찰,29.5
2026-10-03T21:29:42+09:00,API3,KRW-API3,API3USDT,396.0,4.48548813,677957884.9039415,1791030410338,False,False,,461812440.697937,451793886.16957325,1682133501.0405512,760299978.207192,800107789.9570355,1.0221750555619593,0.47868987027356297,0.5454566518420544,2,-1.558441558441559,-1.813471502590669,중립,1037689.20822,2.983,871105.333528,588694.611034,1177100.544084,1492582.054061,814564.524567,1.4797236414275408,0.8020299163713052,0.9189099128451671,2,-2.0042194092826926,-2.0386643233743285,중립,,0.0,,29.4,관찰,29.4
2026-10-03T21:29:42+09:00,OP,KRW-OP,OPUSDT,180.0,4.65116279,598145076.6424197,1791030291934,False,False,,366738262.70692927,306557727.5404711,461909423.9619071,632186413.5002618,1025747529.5245478,1.1963106121946094,0.785501008679983,0.612614990126824,2,-1.7142857142857126,-14.427860696517413,중립,7853035.919311,-1.129,9407002.454508,9639741.672416,10787735.610572,8225023.671284,7644161.509854,0.9758562806123756,0.984940456282101,1.1591738765157142,1,-1.318851823118683,-14.859437751004013,중립,,0.0,,29.3,관찰,29.3
2026-10-03T21:29:42+09:00,SHIB,KRW-SHIB,SHIBUSDT,0.00772,-1.15236876,6879600465.70742,1791030570991,False,True,입금량급등,8363100507.100563,5063731011.991006,6244131140.531029,7767983503.001731,10333046871.257227,1.6515688703243894,1.3152392808355846,1.1754800519795785,2,-0.12787723785167016,-2.7397260273972712,중립,5528391.65509886,-3.729,10067890.67176014,3602777.22595702,4684844.91015352,4724454.10178291,5349305.0658219,2.794480491112177,2.3212031241656903,2.195237474483878,2,-0.694444444444442,-3.5413153456998248,고수준 유지형,,0.0,,28.4,관찰,28.4
2026-10-03T21:29:42+09:00,SYRUP,KRW-SYRUP,SYRUPUSDT,333.0,1.52439024,1275472709.53593,1791030581855,False,False,,1239628132.6970644,1201747667.153182,1717613584.2877884,5892271444.03353,1320170519.2875504,1.0315211475580537,0.42204260284262035,0.5682712911679466,2,2.8213166144200663,11.186440677966104,중립,1670350.13195,0.534,2347612.93295,2460129.20899,3153178.00538,7168794.44926,2374727.01817,0.9542640786391079,0.5509922377545773,0.6956528157098223,1,3.201024327784885,11.070280202112981,중립,,0.0,,28.3,관찰,28.3
2026-10-03T21:29:42+09:00,MANA,KRW-MANA,MANAUSDT,140.0,2.18978102,21360507587.867577,1791030585076,False,True,"거래량급등,입금량급등",24157608351.65415,156366517.8488429,273477437.438803,310867830.80433726,422434722.5933814,154.49348545963616,97.84213835361142,86.69843266099791,2,14.16666666666666,9.600000000000009,일회성 폭증형,11904972.8797,-2.469,14813619.4595,407254.0169,620999.6871,634389.2821,691676.3621,36.374397414814055,26.729044509274523,27.154019427544974,2,13.559322033898313,8.884073672806082,일회성 폭증형,,0.0,,28.2,관찰,28.2
2026-10-03T21:29:42+09:00,ATH,KRW-ATH,,9.62,5.8305830599999995,18513576778.492546,1791030579575,False,True,거래량급등,6872792327.649704,558695021.5622308,738919839.0840796,700897906.0643902,1785399226.7048416,12.301509879991245,10.316860280499661,6.671625154572441,2,10.315533980582515,4.123711340206171,일회성 폭증형,,,,,,,,,,,,,,NO_DATA,,0.0,,27.8,관찰,27.8
2026-10-03T21:29:42+09:00,DEEP,KRW-DEEP,,32.9,5.448717950000001,1364104670.372325,1791030561656,False,False,,1708119774.5703845,1177605845.5575104,4623360434.823575,826441924.2268783,2143454962.991837,1.450502119205866,0.7732071370144733,0.5661733876370557,2,3.31125827814569,-4.0000000000000036,중립,,,,,,,,,,,,,,NO_DATA,,0.0,,27.5,관찰,27.5
2026-10-03T21:29:42+09:00,ARX,KRW-ARX,,375.0,-4.5801526699999995,3455838884.973016,1791030534771,False,False,,4101336479.8928137,3711601851.6386847,7976673040.7006035,13190893496.064827,20648252157.757217,1.1050044276926039,0.4945506717745917,0.23505904308701162,2,6.7934782608695565,15.249266862170096,중립,,,,,,,,,,,,,,NO_DATA,,0.0,,27.3,관찰,27.3
2026-10-03T21:29:42+09:00,BIGTIME,KRW-BIGTIME,BIGTIMEUSDT,12.4,-0.8,4899029172.096218,1791030578614,False,True,거래량급등,1889365024.2438533,353060188.2044791,588738912.8402421,443623475.91557294,1115114065.3159738,5.3513964116214785,4.091239140311776,1.5614687885498457,2,4.166666666666674,-5.303030303030298,일회성 폭증형,1837356.89711,-5.735,790124.75662,290366.83941,257780.85506,278161.86357,499173.8812,2.721126001252293,2.8686274372554874,1.3178681738228064,3,3.153153153153143,-5.954825462012325,가속형,,0.0,,26.3,관찰,26.3
2026-10-03T21:29:42+09:00,RAY,KRW-RAY,RAYUSDT,2851.0,8.85834288,3026305008.4442472,1791030572065,False,False,,1415229071.575498,779378702.2183571,1838221044.9935622,1305027137.1957245,1803307194.8220067,1.8158426289393215,1.0823581594270433,0.6383293227889656,2,0.7695267410542606,-10.978925900747793,중립,8124918.41007,6.535,6285659.81521,4938299.86762,8812087.3488,7018074.48803,10222327.47436,1.2728388278776916,0.9079622609501968,0.7411231915047167,2,0.6636358885927729,-11.409519429753978,중립,,0.0,,26.3,관찰,26.3
2026-10-03T21:29:42+09:00,PUMP,KRW-PUMP,PUMPUSDT,7.9,8.07113543,8646787102.513021,1791030586067,False,False,,9920118760.194832,4677429348.938793,9797798945.251717,22835625014.268757,15401523372.512354,2.1208484447649627,0.7976326897309826,0.7854504761756743,2,-8.625000000000005,4.577968526466369,중립,40679082.146494,-1.075,55404798.609276,34874415.395584,55089451.523488,78454691.006376,94724451.395402,1.5886946915328557,0.9869125936905616,0.9007594201194095,2,-8.57530989981321,4.442289039767222,중립,,0.0,,25.5,관찰,25.5
2026-10-03T21:29:42+09:00,NEAR,KRW-NEAR,NEARUSDT,6320.0,-0.94043887,25252622563.13182,1791030583475,False,False,,44005156275.74692,53203180862.96155,53981237223.89639,47859905913.321304,52856478258.43534,0.8271151378917267,0.8514692148748904,0.7644810499277117,1,-3.8432554634513894,-12.48285322359396,중립,119260539.5343,-4.737,172968470.7215,230791674.2336,233188950.403,205643612.9107,231585436.0113,0.7494571513287209,0.7749202956947123,0.7786182756536214,1,-3.9705280392959508,-12.90142936699461,감소형,,0.0,,25.0,관찰,25.0
2026-10-03T21:29:42+09:00,ENA,KRW-ENA,ENAUSDT,316.0,0.0,17847548776.014107,1791030576991,False,False,,23119523394.410423,24151468039.281754,29920917833.593338,15244514401.196398,31121668550.107548,0.9572719702507153,1.00060115078711,0.8670352132540206,1,-6.508875739644971,-14.59459459459459,중립,35926771.539586,-6.217,54607448.865894,61551418.085873,102964877.643334,42776563.593053,71001695.818066,0.8871842528422144,0.7902942104870182,0.8171910689689492,1,-6.441223832528187,-14.715596330275238,중립,,0.0,,25.0,관찰,25.0
2026-10-03T21:29:42+09:00,LIT,KRW-LIT,,4800.0,-0.76493694,4388326345.06877,1791030554800,False,False,,4168518189.2755904,4777216737.238296,18666840932.308918,7723092419.460458,2644367223.389924,0.8725830161277981,0.4012415165362633,0.5837608729309732,1,-9.673202614379084,-23.525691699604746,중립,,,,,,,,,,,,,,NO_DATA,,0.0,,25.0,관찰,25.0
2026-10-03T21:29:42+09:00,FLOCK,KRW-FLOCK,,86.2,-1.7103762799999997,4355573306.948661,1791030577975,False,False,,5819233898.635085,6260049721.767917,8779976745.089445,11096578529.029034,15678719912.27088,0.9295826961884993,0.6679406793136636,0.5743669538444459,1,-0.7918552036199178,-9.494324045407643,중립,,,,,,,,,,,,,,NO_DATA,,0.0,,25.0,관찰,25.0
2026-10-03T21:29:42+09:00,G,KRW-G,GUSDT,6.38,-1.9969278,2063013765.7377732,1791030555513,False,False,,3294096555.824665,3315674029.079162,3267911426.903149,3443820340.9609303,7267445874.393592,0.9934922814892966,0.9855280485892489,0.7532122577596441,1,-2.6905829596412634,-13.430851063829785,중립,824969.25613,-1.471,1116956.54078,841893.49184,1258474.55239,1105665.01192,2163928.95765,1.3267195335348607,1.0451762547838257,0.8201721641835286,2,-2.4439918533604943,-13.693693693693698,중립,,0.0,,25.0,관찰,25.0
2026-10-03T21:29:42+09:00,IOST,KRW-IOST,IOSTUSDT,1.13,-4.2372881399999995,1249256694.0181732,1791030572712,False,False,,1063191818.1222485,1100504169.1031055,910350290.8432857,1297988552.8909307,2011608500.6384096,0.966095220692107,0.9639549056852037,0.6480475441553376,1,-2.4793388429752095,-11.27819548872181,중립,611963.544919,-5.006,703918.451909,545499.530465,502145.951664,533447.865566,931123.333897,1.2904107384088106,1.3356297772080483,1.0197964864909947,3,-3.146067415730325,-12.040816326530601,중립,,0.0,,25.0,관찰,25.0
2026-10-03T21:29:42+09:00,ETHFI,KRW-ETHFI,ETHFIUSDT,950.0,-0.10515247000000001,1121390231.4008498,1791030050335,False,False,,1280417257.2350612,1341932722.1885378,1217348496.7645085,5214060657.923823,1299908436.9530792,0.9541590543725977,0.4941570604441884,0.6209159362408052,1,-9.169054441260748,-2.6612077789150423,중립,6973902.43165,-6.204,9463294.0601,6067214.02894,7309627.98945,14579340.70261,7101277.38769,1.5597429091772668,1.0155135435917084,1.1300864493862328,2,-9.72204266321912,-3.161836083760916,중립,,0.0,,25.0,관찰,25.0
2026-10-03T21:29:42+09:00,B3,KRW-B3,,1.04,-2.8037383200000003,878804473.1525562,1791030577960,False,False,,1006407068.6838939,1169858831.3805685,1931144527.0212042,4637694568.377155,4941007451.283248,0.8602807806273662,0.39014589206331374,0.18765420579278289,1,-4.464285714285721,-6.956521739130417,중립,,,,,,,,,,,,,,NO_DATA,,0.0,,25.0,관찰,25.0
2026-10-03T21:29:42+09:00,F,KRW-F,FUSDT,4.7,-0.84388186,850088900.5014218,1791030551362,False,False,,805786820.567434,864668641.8429292,707016261.9416915,2373976445.0606766,2148135714.4282126,0.9319024439813195,0.6126629347979257,0.5396749599292737,1,-0.42016806722687816,-7.78210116731517,중립,246387.283967,-3.2,262314.061287,258905.801124,328087.296951,741171.79676,500540.246878,1.0131640934587158,0.5925033758393103,0.6045945007169925,2,-0.797948133371329,-8.611184037805186,중립,,0.0,,25.0,관찰,25.0
2026-10-03T21:29:42+09:00,BFC,KRW-BFC,,37.1,-2.11081794,714348118.078776,1791030536903,False,False,,474390696.4401142,581280975.474958,1274945908.868048,7794516346.997785,1749141432.275201,0.8161125453185442,0.1474676152090122,0.19121718612882238,1,-3.316326530612257,-6.650246305418728,중립,,,,,,,,,,,,,,NO_DATA,,0.0,,25.0,관찰,25.0
2026-10-03T21:29:42+09:00,GRT,KRW-GRT,GRTUSDT,38.5,-1.0282776299999998,698718846.6081579,1791030568897,False,False,,694034581.6548381,736466886.084879,1207999702.126848,1357947824.0735304,7040990001.6251135,0.9423839615442662,0.6304792448878961,0.1787388519800585,1,-2.015113350125952,-19.95884773662552,중립,1147192.15837,-3.689,1262715.64492,1465101.20438,2539594.8624,3078667.60887,8903797.89491,0.8618624031876042,0.5347949234601996,0.25652150458586326,1,-2.1232876712328763,-20.544898526549904,중립,,0.0,,25.0,관찰,25.0
2026-10-03T21:29:42+09:00,LAYER,KRW-LAYER,LAYERUSDT,104.0,-0.9523809499999999,606516369.3046932,1791030518354,False,False,,635704474.854492,708239292.6194296,815671339.7243128,941970506.8784773,2726176390.420811,0.897584307280288,0.7734003858616687,0.48581668514910265,1,-2.777777777777779,-7.8947368421052655,중립,388241.148227,-2.795,408721.138576,417737.230004,491071.255861,612577.231097,913751.683328,0.9784168353203432,0.8059517070900871,0.6588442013533098,1,-2.6649746192893287,-9.445100354191261,중립,,0.0,,25.0,관찰,25.0
2026-10-03T21:29:42+09:00,EDGE,KRW-EDGE,,138.0,-1.42857143,596975174.4573054,1791030568204,False,False,,979218910.5155672,1072259492.1898253,2572931449.571768,3988499472.490327,5858490507.236139,0.9132294166179441,0.38482785810414394,0.13542296073091173,1,-6.666666666666665,-19.54022988505747,중립,,,,,,,,,,,,,,NO_DATA,,0.0,,25.0,관찰,25.0
2026-10-03T21:29:42+09:00,O,KRW-O,,699.0,-1.6877637099999998,509498479.8470009,1791030483773,False,False,,528636505.7869164,580512031.0454932,1603053598.987542,1221300498.0286026,652675738.3301406,0.9106383287782169,0.46577734856894193,0.5933186732365276,1,-7.901554404145072,-2.735978112175108,중립,,,,,,,,,,,,,,NO_DATA,,0.0,,25.0,관찰,25.0
2026-10-03T21:29:42+09:00,LINEA,KRW-LINEA,LINEAUSDT,3.78,-0.26385224,472650174.64029104,1791030356294,False,False,,434226596.5425455,551315240.3235275,709330455.6454579,823465791.6112721,1634726239.6158504,0.7876194321922408,0.6250528330133162,0.4679564649845211,1,-3.562340966921118,-7.560975609756094,중립,771452.558754,-3.985,1353509.353794,958884.230438,1025780.070951,1133657.205596,3289059.696665,1.4115461604533248,1.3021518314537066,0.9190831490799358,2,-3.6294503975112358,-7.804232804232802,중립,,0.0,,25.0,관찰,25.0
2026-10-03T21:29:42+09:00,ERA,KRW-ERA,ERAUSDT,87.6,-2.01342282,438860640.9383767,1791030558161,False,False,,772934625.5683166,914872806.4648117,2685267103.1111236,728855634.7741921,1163599968.3941042,0.8448547383925828,0.535644782478761,0.5255109949820518,1,-0.8869179600886845,-7.549120992761116,중립,374007.07613,-5.727,519593.49439,458024.99823,1158640.45226,365917.20529,595964.86785,1.1344216940078082,0.7862373246459855,0.7147144395577433,2,-1.6516516516516533,-8.134642356241228,중립,,0.0,,25.0,관찰,25.0
2026-10-03T21:29:42+09:00,PROVE,KRW-PROVE,PROVEUSDT,295.0,-1.33779264,349600590.1346613,1791030461689,False,False,,530628167.61793965,593618239.4372921,462360684.01245195,981135744.5345285,637196084.3189248,0.8938879103865431,0.7814407936245389,0.8365595572659288,1,-7.716049382716051,-6.853582554517135,중립,692556.94485,-5.07,1484075.94871,922087.23162,1253178.14936,1276475.37215,1337800.51449,1.609474567935022,1.289850010344134,1.3255623358021653,2,-8.095637583892623,-7.04285108188375,중립,,0.0,,25.0,관찰,25.0
2026-10-03T21:29:42+09:00,PIEVERSE,KRW-PIEVERSE,,1843.0,-0.8073197000000001,309385054.1998491,1791030569937,False,False,,373765677.03629786,394828847.61964494,329172216.4205704,575568481.0440459,825287969.7126143,0.9466524021475804,0.8628218746355673,0.41503234025588126,1,-4.127966976264186,-11.650023775558726,중립,,,,,,,,,,,,,,NO_DATA,,0.0,,25.0,관찰,25.0
2026-10-03T21:29:42+09:00,IQ,KRW-IQ,IQUSDT,1.22,-0.8130081299999999,124354941.94472575,1791030499752,False,False,,192295308.81696016,197183029.29663217,277430850.6590055,503405784.1763918,903180331.987074,0.9752122659992246,0.5898510506563831,0.3660949567672999,1,-1.6000000000000014,-6.106870229007644,중립,50121.495568,-2.838,45092.251258,43814.762721,96470.291515,89264.398614,152656.793753,1.02915657777573,0.5893142070018225,0.43919072894897226,2,-2.614379084967311,-7.1651090342679025,중립,,0.0,,25.0,관찰,25.0
2026-10-03T21:29:42+09:00,GAME2,KRW-GAME2,,1.37,-0.72463768,106860573.1657926,1791030466851,False,False,,159869691.06187463,190734744.30088708,330253759.6888787,901436683.2455019,12823381020.944473,0.8381781287298011,0.3371770111283168,0.054730188714822436,1,-2.8169014084507116,-3.4965034965035002,중립,,,,,,,,,,,,,,NO_DATA,,0.0,,25.0,관찰,25.0
2026-10-03T21:29:42+09:00,TRUST,KRW-TRUST,,81.8,-2.61904762,630666746.0549507,1791030458631,False,False,,763364226.8282503,770487222.34593,717983131.2500188,1382969472.5107877,16130369458.779985,0.9907552061720218,0.7975415886007927,0.08484118372839815,1,0.35842293906809264,-6.562847608453848,중립,,,,,,,,,,,,,,NO_DATA,,0.0,,24.9,관찰,24.9
2026-10-03T21:29:42+09:00,MOODENG,KRW-MOODENG,,62.0,-1.7432646600000001,503503863.5050199,1791030481737,False,False,,578816175.1271464,737239473.9847494,3134742272.8612466,361685744.7290208,601812231.8803312,0.785112837215116,0.4101523156546813,0.5438805547915208,1,0.15873015873015817,-4.3939393939393945,중립,,,,,,,,,,,,,,NO_DATA,,0.0,,24.9,관찰,24.9
2026-10-03T21:29:42+09:00,MTL,KRW-MTL,MTLUSDT,430.0,-0.9216589900000001,379251969.81193566,1791030320771,False,False,,397334974.2397306,510648117.8954468,1464936418.6454394,512420636.10434264,532677902.5713018,0.7780993610184683,0.4791006609732491,0.5616731312425586,1,0.23094688221709792,-6.060606060606055,중립,166700.62189,-2.738,182865.74211,347273.07638,584325.59576,472108.68539,326260.76522,0.5265762149378406,0.39082022573090014,0.45544326857210693,1,0.03135779241141279,-6.533841195429235,감소형,,0.0,,24.9,관찰,24.9
2026-10-03T21:29:42+09:00,EUL,KRW-EUL,EULUSDT,1859.0,0.64970222,418843327.4186286,1791030320756,False,False,,707092925.4918565,726573924.6238754,751837610.2869008,783865226.5347394,5880425340.432155,0.9731878636546121,0.9376742990190761,0.37007368211782843,1,-3.6515388628064693,-10.426770126091178,중립,351077.96684,-1.729,530295.99541,571192.84601,632013.49955,630942.17462,2171678.31016,0.9284009754574482,0.8673714089815765,0.5647745705823618,1,-3.5435861091424603,-10.636900853578457,중립,,0.0,,24.5,관찰,24.5
2026-10-03T21:29:42+09:00,AXL,KRW-AXL,AXLUSDT,71.2,-1.2482663,459912089.1928543,1791030541059,False,False,,507951765.1256788,520749337.6614583,563508559.562091,571799227.5223174,3456235139.3677144,0.9754246974307257,0.9201707311943617,0.23247867809914038,1,2.414772727272707,-3.4805890227577074,중립,366623.254589,-1.128,471502.066228,656795.46332,731745.808803,456180.788142,1640523.647627,0.7178826477342423,0.7667855386739408,0.4440428672945468,1,1.7307692307692468,-4.1666666666666625,감소형,,0.0,,24.2,관찰,24.2
2026-10-03T21:29:42+09:00,AKT,KRW-AKT,,895.0,-0.33407571999999996,1017907975.9737762,1791030575053,False,False,,1340017020.21614,1444975794.9592226,1980159999.6060953,1090297895.4221783,1545890848.1420207,0.9273629529925486,0.8902912403657847,0.8792524253088552,1,2.511415525114158,-5.87002096436059,중립,,,,,,,,,,,,,,NO_DATA,,0.0,,24.1,관찰,24.1
2026-10-03T21:29:42+09:00,ONG,KRW-ONG,ONGUSDT,123.0,-1.6,1013092360.1842822,1791030574736,False,False,,1440638959.964392,1656503242.712172,2680023876.142253,1696940566.940832,2549483558.8006268,0.8696867732088781,0.7163238629865165,0.6807846787710645,1,2.4590163934426146,-4.580152671755721,중립,472261.39406,-3.414,647052.96049,1146217.05121,1953918.32815,744993.40856,587381.39226,0.5645117212372132,0.5048358555813311,0.663920495870963,1,1.8013040114929657,-3.9215686274509887,감소형,,0.0,,24.1,관찰,24.1
2026-10-03T21:29:42+09:00,DKA,KRW-DKA,,5.7,1.06382979,116232853.85129096,1791030564061,False,True,글로벌가격차이,147992456.755398,127683618.55945624,219630170.3136484,185799284.69219807,407930381.26711607,1.1590559417493709,0.8328015054986451,0.6123115337840566,2,-1.3986013986013957,-4.729729729729737,중립,,,,,,,,,,,,,,NO_DATA,,0.0,,24.1,관찰,24.1
2026-10-03T21:29:42+09:00,ZRX,KRW-ZRX,ZRXUSDT,167.0,0.60240964,398471809.69229674,1791030500116,False,False,,227371371.42836332,228396848.92218718,181250999.80146438,308480256.6529364,389159605.2078159,0.9955101066469914,0.949850185751173,0.8712289057143974,1,2.4691358024691468,-2.92397660818714,중립,188061.6137,-1.205,149144.6686,158579.4209,157666.5674,247091.2858,284457.5783,0.9405045607654884,0.7942559925842477,0.7688969302035632,1,1.7573221757322122,-3.338632750397452,중립,,0.0,,23.7,관찰,23.7
2026-10-03T21:29:42+09:00,KERNEL,KRW-KERNEL,KERNELUSDT,72.9,-0.54570259,215307737.05138266,1791030545251,False,False,,472752058.1814472,509225202.15579224,940282904.6206737,550044436.4816182,920808640.2581806,0.9283752182336285,0.7092867748468493,0.5491159083273883,1,4.564907275320973,-4.057591623036661,중립,292896.06047,-0.741,440361.15663,576545.71364,968629.41214,575816.28441,596640.42179,0.7637922652304466,0.6228613013438165,0.6800274725965721,1,3.868471953578334,-4.61811722912967,중립,,0.0,,23.4,관찰,23.4
2026-10-03T21:29:42+09:00,POL,KRW-POL,POLUSDT,148.0,2.06896552,1818637636.567811,1791030572392,False,False,,2747930892.093382,3615694142.5386906,3927142077.146339,4227628880.0489774,5489951437.785447,0.7600009247917122,0.700379518262744,0.6974574549559845,1,-8.805031446540879,-12.121212121212121,중립,7957185.567029,-2.822,9103411.697947,9173885.922247,13247575.536117,15849082.794271,18307078.584333,0.9923179528394726,0.713609791215881,0.6885266757172802,1,-8.840530431825899,-12.155963302752292,중립,,0.0,,23.3,관찰,23.3
2026-10-03T21:29:42+09:00,UNI,KRW-UNI,UNIUSDT,12460.0,2.29885057,8549258751.273486,1791030537612,False,False,,7209774215.224235,7713943947.179135,6655654419.180832,8982019306.356514,9641048591.838934,0.9346417688011244,0.9262451513559993,0.8498059587495479,1,1.078838174273855,-7.164634146341465,중립,65727753.58192,1.417,55915701.09207,63970701.68659,68210697.91752,81224895.07486,115959384.26661,0.8740829726398242,0.7860457140149228,0.7087584730972815,1,0.7199910001125076,-7.510330578512403,중립,,0.0,,22.8,관찰,22.8
2026-10-03T21:29:42+09:00,DOT,KRW-DOT,DOTUSDT,1621.0,3.1170483499999997,1881873198.390904,1791030558517,False,False,,1926317716.1368618,2049593702.0500307,1675950447.9663336,2780749267.597658,4014464577.8655586,0.9398534520330216,0.8882097344035607,0.765942381274518,1,-2.8430160692212603,-8.604651162790699,중립,14138850.9408,-2.379,14387202.85176,10888002.07453,13438525.54572,12735964.23096,16657611.71083,1.3213813474021632,1.1645630501196558,1.0880339234883467,2,-3.1852472757753603,-8.911671924290221,중립,,0.0,,22.5,관찰,22.5
2026-10-03T21:29:42+09:00,BLUR,KRW-BLUR,BLURUSDT,28.6,1.41843972,3264482091.3476157,1791030551712,False,False,,1504365884.7915676,1526719648.344635,7252574095.049259,635363347.912123,1766536303.9048116,0.9853583049269689,0.47936930794243493,0.62604386857432,1,6.41509433962264,-1.7421602787456414,중립,984336.816593,-4.336,617562.073731,676086.788144,3135425.185425,191462.618312,437942.213733,0.9134360921714464,0.4628273746605075,0.6661072456257169,1,5.9754851889683325,-1.983939537080781,중립,,0.0,,21.6,관찰,21.6
2026-10-03T21:29:42+09:00,ORCA,KRW-ORCA,ORCAUSDT,2420.0,1.3400334999999999,1072582116.5859945,1791030528286,False,False,,859418854.4944104,1053387312.5792247,714907045.0583446,1043339764.4454974,1839671749.0359619,0.8158621660157636,0.9169957581724992,0.2723624727697267,1,9.541284403669724,-2.4111156518185517,중립,1375096.07072,2.009,1296068.37312,1446157.23108,966165.45954,1106594.38113,1926392.44626,0.8962153943330817,1.1049436630873337,0.6475218792425435,1,9.277708592777078,-3.3057851239669422,중립,,0.0,,20.6,관찰,20.6
2026-10-03T21:29:42+09:00,FLUID,KRW-FLUID,,2236.0,2.38095238,851579849.1453642,1791030370999,False,False,,1069293089.8596888,146040617.99614674,282329685.1955641,1315557962.1226056,445290640.7329087,7.321888283764329,1.839455976132651,1.9715222110929196,2,10.136157337367635,6.74486803519061,일회성 폭증형,,,,,,,,,,,,,,NO_DATA,,0.0,,19.6,관찰,19.6
2026-10-03T21:29:42+09:00,UP2,KRW-UP2,,98.7,9.06077348,10121875664.763525,1791030574718,False,False,,1376823629.9641166,1770194365.5762312,1743814432.0797217,6040406810.521175,1456511938.019588,0.7777810486454321,0.4323101547265009,0.5547304756197273,1,-5.136268343815519,-5.433646812957161,중립,,,,,,,,,,,,,,NO_DATA,,0.0,,17.8,관찰,17.8
2026-10-03T21:29:42+09:00,TRUMP,KRW-TRUMP,TRUMPUSDT,2790.0,-2.95652174,28609282250.134163,1791030584110,False,False,,39508000206.07998,63112984891.156975,23876405981.201538,19584911289.12464,27142323598.160007,0.625988459810837,1.1121255144476612,1.2879493355572955,1,4.621542940320222,-0.03477051460362146,감소형,26975425.20753,-6.176,33550306.888032,33501698.682096,18310299.854362,18227851.592759,23825142.746172,1.001450917650393,1.4370521992609127,1.5307795951722656,4,4.392892398815418,-0.47058823529411153,연속 가속형,,0.0,,13.7,관찰,13.7
2026-10-03T21:29:42+09:00,ZETA,KRW-ZETA,,67.2,1.20481928,1025449435.4636271,1791030585402,False,False,,4510679275.00947,11405982480.784832,939996956.6822984,1051769004.1658117,1535499077.076099,0.39546608831009666,1.0100232799548743,1.2937060971378962,1,-7.002801120448177,-7.777777777777772,감소형,,,,,,,,,,,,,,NO_DATA,,0.0,,13.6,관찰,13.6
2026-10-03T21:29:42+09:00,LA,KRW-LA,LAUSDT,90.2,-2.38095238,2383314611.126532,1791030585073,False,False,,3216789488.372469,4807887697.098967,2695056914.0922995,3044543768.4845533,6647412190.950571,0.6690650221121947,0.9149446880370978,0.7857999512481165,1,-1.17647058823529,-6.854838709677413,감소형,780072.63731,-5.832,975392.79627,1457046.19462,903323.7108,825577.86939,1144764.21356,0.669431621228992,0.9184640162485113,0.9246845337625528,1,-1.0204081632652962,-7.240437158469948,감소형,,0.0,,13.0,관찰,13.0
2026-10-03T21:29:42+09:00,BERA,KRW-BERA,BERAUSDT,308.0,-3.14465409,1938087498.3663259,1791030576996,False,False,,2624094989.5700636,3705595554.7890778,19253446402.490276,5065138101.314943,1962147803.3017795,0.7081439274123447,0.28091044777226093,0.42017623391975595,1,-0.31347962382445305,-1.2422360248447228,감소형,1184990.0876567,-3.574,1206300.3450245,2533582.1086496,8859291.6821917,4525129.4716942,1004651.1138756,0.47612443303345653,0.22734641873022607,0.33634939532196534,1,-0.6811409110259681,-2.0159596808063784,감소형,,0.0,,13.0,관찰,13.0
2026-10-03T21:29:42+09:00,ENSO,KRW-ENSO,ENSOUSDT,1300.0,-1.9607843100000002,928764695.9559382,1791030549034,False,False,,1105445476.0459547,2763481592.3614035,1143327151.2229965,696334428.7101974,3850046780.28065,0.4000191204824882,0.720450419204476,0.5620766878088648,1,-0.3007518796992459,-5.082319255547607,감소형,613563.00873,-4.404,649152.83711,1182119.01298,541845.61281,309438.0319,1202506.23714,0.5491433857184588,0.9577338280566452,0.8697081589640285,1,-0.30674846625766694,-5.523255813953498,감소형,,0.0,,13.0,관찰,13.0
2026-10-03T21:29:42+09:00,META2,KRW-META2,,7880.0,-1.31496556,898134581.5007539,1791030542750,False,False,,1445607736.9412858,8149322741.818998,1287005824.3900883,1691268972.1821597,6914874035.885461,0.17738992340099832,0.3897358073799321,0.1311932406970948,1,-2.3838630806846006,-11.277777777777775,감소형,,,,,,,,,,,,,,NO_DATA,,0.0,,13.0,관찰,13.0
2026-10-03T21:29:42+09:00,IRYS,KRW-IRYS,,21.6,-0.9174311900000001,595406457.4738932,1791030555527,False,False,,859692467.4340284,1153575064.5512717,1574453227.6806483,3538800383.9578795,42373621636.32119,0.7452418952627409,0.4115442651402035,0.08783813510618216,1,-1.3574660633484226,-3.964757709251099,감소형,,,,,,,,,,,,,,NO_DATA,,0.0,,13.0,관찰,13.0
2026-10-03T21:29:42+09:00,CYBER,KRW-CYBER,CYBERUSDT,419.0,-1.8735363,504675033.5977892,1791030568862,False,False,,927838078.9112206,7204739309.251772,548943020.5456606,267735457.19932258,280960683.82227117,0.12878163096335246,0.3470102556241268,0.5486306765749933,1,-2.733485193621865,-12.67893660531697,감소형,701337.77035,-4.361,734090.12904,1954936.95083,739412.46586,637733.79963,449406.25814,0.37550578228537257,0.6609289877076415,0.8845563195741324,1,-3.3950617283950657,-13.535911602209937,감소형,,0.0,,13.0,관찰,13.0
2026-10-03T21:29:42+09:00,SKR,KRW-SKR,,23.2,0.0,388756329.1758764,1791030240675,False,False,,513005867.6232964,721618251.0586721,501339276.1892216,517816750.39933735,1089782260.559643,0.7109103281003155,0.8840994623093643,0.646437906272991,1,-7.200000000000006,-9.019607843137257,감소형,,,,,,,,,,,,,,NO_DATA,,0.0,,13.0,관찰,13.0
2026-10-03T21:29:42+09:00,ARDR,KRW-ARDR,,40.5,-0.49140049,281877997.53160703,1791030573706,False,False,,526360005.1724922,1322925120.3347976,3159017372.74492,3273884871.4973555,10956650434.700672,0.39787588661048656,0.20359917018390009,0.13479284104107497,1,-4.460093896713612,-3.782505910165468,감소형,,,,,,,,,,,,,,NO_DATA,,0.0,,13.0,관찰,13.0
2026-10-03T21:29:42+09:00,MBL,KRW-MBL,MBLUSDT,1.1,-0.9009009,178444751.5721378,1791030230523,False,False,,264165154.21618268,493456162.0713652,184364796.74368623,277071232.6616316,1067697084.21981,0.5353366205972685,0.829931870552844,0.5655933590197937,1,-0.8928571428571397,-3.4782608695651973,감소형,587695.990655,-3.129,624082.564207,605782.843684,560202.892052,448567.584826,333294.087574,1.0302083836044487,1.1596072231106624,1.4784898421925374,5,-0.366300366300365,-4.225352112676061,중립,,0.0,,13.0,관찰,13.0
2026-10-03T21:29:42+09:00,CRO,KRW-CRO,,89.7,-1.64473684,2105475080.6326036,1791030561284,False,False,,2260271618.7490883,4282695343.1592464,2445928261.197923,4224391795.2317796,6181793882.307962,0.5277684816781147,0.619082016126969,0.593818545750932,1,-1.9354838709677358,0.5512679162072764,감소형,,,,,,,,,,,,,,NO_DATA,,0.0,,12.9,관찰,12.9
2026-10-03T21:29:42+09:00,CBK,KRW-CBK,,298.0,0.0,227327605.98396164,1791030506056,False,False,,406875434.7029181,621178215.0314392,425404710.17478156,858608606.6668468,5728326972.039775,0.6550059626323587,0.6406843006008479,0.22710365092221135,1,0.33670033670034627,0.0,감소형,,,,,,,,,,,,,,NO_DATA,,0.0,,12.9,관찰,12.9
2026-10-03T21:29:42+09:00,CPOOL,KRW-CPOOL,,48.9,-1.41129032,1645197355.038248,1791030574394,False,False,,2324270381.297625,3987822835.9904747,1564134317.0973244,2041328633.0846634,8660813458.839634,0.5828419357853281,0.9182864098952412,0.5674578687878755,1,-0.40160642570280514,0.8130081300812941,감소형,,,,,,,,,,,,,,NO_DATA,,0.0,,12.8,관찰,12.8
2026-10-03T21:29:42+09:00,KAVA,KRW-KAVA,KAVAUSDT,92.7,-0.6430868200000001,291365545.6006681,1791030577968,False,False,,195325057.85598537,299152898.65656126,574573594.1017337,522799364.84567815,3075232259.915701,0.6529271778182764,0.4195949329383108,0.19936177628401233,1,0.43057050592032464,0.3225806451612856,감소형,983455.307463,-1.057,1083101.379483,314089.594487,752199.973002,838232.103283,1923729.608868,3.448383513793319,1.7060998508522565,1.302962429293153,2,0.14583637159106821,0.27745327102803863,고수준 유지형,,0.0,,12.8,관찰,12.8
2026-10-03T21:29:42+09:00,CTC,KRW-CTC,,157.0,0.64102564,594294818.0952784,1791030474058,False,False,,868639025.124551,1652903677.7599518,718366176.1493086,695794281.3189025,889035879.9882836,0.525523076034139,0.8496454460936128,0.9025950154030474,1,-2.500000000000002,-3.703703703703709,감소형,,,,,,,,,,,,,,NO_DATA,,0.0,,12.5,관찰,12.5
2026-10-03T21:29:42+09:00,BTT,KRW-BTT,,0.00051,0.59171598,521522728.1403499,1791030568551,False,False,,411975047.35047156,818345760.137258,691075120.4610466,1921823471.5873723,5528203155.845686,0.5034241850063139,0.36019735559320903,0.19779987001026006,1,0.0,-1.361867704280173,감소형,,,,,,,,,,,,,,NO_DATA,,0.0,,12.5,관찰,12.5
2026-10-03T21:29:42+09:00,QKC,KRW-QKC,QKCUSDT,3.81,0.52770449,600508774.4297671,1791030577649,False,False,,1458858107.1264794,10417798525.24314,318837072.4933537,391634324.2779166,919999238.174926,0.14003516228419588,0.39328434267410384,0.5550775710536652,1,0.5305039787798504,-5.955334987593053,감소형,104348.09437,-2.261,189246.241027,917880.788186,129161.712138,109578.887512,143099.227163,0.20617736362148484,0.4908596097667018,0.6290843071130058,1,-0.5397625044980092,-7.62032085561497,감소형,,0.0,,12.4,관찰,12.4
2026-10-03T21:29:42+09:00,CVC,KRW-CVC,CVCUSDT,40.1,-2.6699029100000002,865539689.6291786,1791030478180,False,False,,1160632236.5445912,3359238780.9891133,5806793875.287289,821673094.6464834,1347823108.8530328,0.3455045360612466,0.3486182709489653,0.44865103864876527,1,1.980198019801982,-1.1990407673860948,감소형,389583.37543,-5.239,393847.41007,813702.62442,1021088.00894,437045.02241,697193.7824,0.48401885191255334,0.5200826156632956,0.5857256629172819,1,1.0371361659417877,-2.043464158287378,감소형,,0.0,,12.3,관찰,12.3
2026-10-03T21:29:42+09:00,PUNDIX,KRW-PUNDIX,PUNDIXUSDT,161.0,-0.61728395,371916727.36108494,1791030543089,False,False,,579945377.5693543,1449015823.849479,7636275731.85733,315763379.7543102,520959347.86331743,0.400233985042801,0.18506818060868235,0.27253189449106763,1,1.8867924528301883,-2.9940119760479056,감소형,250172.22413,-2.303,331024.6518,495606.29635,1134251.81921,200779.07478,227601.63966,0.66791857617206,0.5424744786352551,0.7117563961664922,1,2.2184300341296925,-2.995951417004039,감소형,,0.0,,12.3,관찰,12.3
2026-10-03T21:29:42+09:00,AWE,KRW-AWE,AWEUSDT,93.0,-3.02398332,433873418.8314173,1791030580216,False,False,,471655761.95284116,962733226.5568477,841607378.0821661,1524237212.027118,1175608786.4447358,0.48991324797180535,0.42509665202171526,0.31728447889863254,1,0.2089864158829613,3.4519956850054045,감소형,535404.77583,-6.404,325458.09288,670171.05027,495430.57281,304235.33428,410411.71818,0.48563436565766116,0.6642738663978643,0.6262707341479977,1,-0.014196479273131946,3.013017405294738,감소형,,0.0,,12.2,관찰,12.2
2026-10-03T21:29:42+09:00,PENDLE,KRW-PENDLE,PENDLEUSDT,3214.0,0.59467919,324106087.94712794,1791030568179,False,False,,473421189.903823,632117890.8764998,967393944.6849976,845927371.3113129,1602450644.534154,0.7489444559896468,0.580780567237114,0.4836520178684983,1,1.6221374045801484,-10.479125805547774,감소형,3581511.6078,-4.381,4853024.1819,4423887.0171,3948198.4989,4144994.0716,7629198.4231,1.0970045489727072,1.1631365322725034,0.9801504120027713,3,1.1617900172117057,-10.777988614800748,중립,,0.0,,12.0,관찰,12.0
2026-10-03T21:29:42+09:00,PLUME,KRW-PLUME,PLUMEUSDT,24.1,-2.4291498000000002,1753934620.0019894,1791030574031,False,False,,2597082183.7282786,9301796803.499865,2253554776.811264,2114446482.394919,3191720813.355228,0.27920220561592024,0.5699606179582799,0.666430052213612,1,3.347280334728042,-3.1372549019607843,감소형,2393593.37176,-3.493,3692516.85903,10376830.08146,4946952.12402,5110600.38841,7081169.45371,0.3558424711634548,0.5421035123616729,0.5992131056274916,1,3.8702333523050747,-2.7185501066098072,감소형,,0.0,,11.8,관찰,11.8
2026-10-03T21:29:42+09:00,XCN,KRW-XCN,,6.57,1.54559505,397515605.42311704,1791029506377,False,False,,406937384.47960454,818027316.2458725,472502491.48481643,434619847.4553762,1218033140.6464708,0.4974618529209266,0.707655796567483,0.2722984636762115,1,0.0,-5.27086383601757,감소형,,,,,,,,,,,,,,NO_DATA,,0.0,,11.8,관찰,11.8
2026-10-03T21:29:42+09:00,CELO,KRW-CELO,CELOUSDT,134.0,-2.89855072,756832628.9451134,1791030436993,False,False,,903926902.7129964,1417865766.9625895,1986097048.4424932,13329453836.9909,1016320480.9025987,0.6375264314684922,0.16205780113355997,0.24616770243700217,1,0.7299270072992803,4.545454545454541,감소형,1011336.65679,-4.879,981268.918535,1349159.499596,2118814.759226,11123129.519914,968375.361022,0.727318689027381,0.20175353422508632,0.3040123968655511,1,0.8300830083008304,3.352127114300374,감소형,,0.0,,11.7,관찰,11.7
2026-10-03T21:29:42+09:00,SAFE,KRW-SAFE,,149.0,0.67567568,489410274.7899892,1791030551372,False,False,,471055110.8237681,1383537645.7414057,447841055.61715364,218396745.58798385,592718298.4574497,0.3404714806812073,0.6894244608971348,0.777446723582795,1,2.0689655172413834,-8.074534161490687,감소형,,,,,,,,,,,,,,NO_DATA,,0.0,,11.7,관찰,11.7
2026-10-03T21:29:42+09:00,DRV,KRW-DRV,,512.0,-5.70902394,3444551811.782994,1791030584754,False,False,,11243685345.917162,18994324398.019337,6291549015.820265,14153095726.27984,5260805639.99834,0.5919497377379537,0.8552722541482058,0.8691947153531062,1,4.022988505747116,-7.179487179487176,감소형,,,,,,,,,,,,,,NO_DATA,,0.0,,11.6,관찰,11.6
2026-10-03T21:29:42+09:00,TOSHI,KRW-TOSHI,,0.169,1.19760479,1428660504.8075516,1791030565452,False,False,,600961879.3305691,816064116.9624174,7159982728.967835,660878646.584022,953485552.6823546,0.7364150277400882,0.20874159902783573,0.3016128140234451,1,1.8292682926829285,-5.1136363636363535,감소형,,,,,,,,,,,,,,NO_DATA,,0.0,,11.4,관찰,11.4
2026-10-03T21:29:42+09:00,CRV,KRW-CRV,CRVUSDT,507.0,0.5952381,608549461.1642699,1791030532037,False,False,,692825618.3347,1797950672.6504776,2697871689.106791,5004227155.934706,1210091610.1677065,0.3853418388355227,0.2187858969717311,0.30964866132329544,1,-2.3255813953488413,5.219206680584554,감소형,5417459.48295,-1.583,6089550.29081,4669938.17999,8773749.69948,20499171.92628,9661166.20256,1.3039894868207955,0.5382177865088212,0.6550930353492801,2,-3.017580687483601,4.5544554455445585,중립,,0.0,,11.4,관찰,11.4
2026-10-03T21:29:42+09:00,HP,KRW-HP,,13.4,-0.74074074,219763119.24659204,1791030416181,False,False,,509480432.19100064,1911107783.089405,418651469.9022255,903489737.6223888,10241483531.33458,0.2665890624794584,0.4727261343032968,0.18686040921028663,1,3.053435114503822,3.053435114503822,감소형,,,,,,,,,,,,,,NO_DATA,,0.0,,11.3,관찰,11.3
2026-10-03T21:29:42+09:00,FIL,KRW-FIL,FILUSDT,1440.0,2.41820768,3099401799.3578906,1791030541034,False,False,,3070648134.033057,4112998272.945681,4501844335.646726,3059981427.6595926,5001038147.688715,0.7465717051794177,0.7890435327757204,0.6653054914750534,1,-2.089136490250698,-9.055627425614487,감소형,11681286.281895,2.236,11834175.280009,13754584.069804,15188427.267097,17034841.279719,19193415.495163,0.8603804535237854,0.7721658107015117,0.7573268319346934,1,-2.371056111845826,-9.413620825663948,중립,,0.0,,11.1,관찰,11.1
2026-10-03T21:29:42+09:00,COW,KRW-COW,COWUSDT,219.0,2.3364486,230413304.77161112,1791030551705,False,False,,344283260.7376391,536060185.9431351,1628941011.9207385,1147397001.667671,2296883565.9437156,0.642247400134582,0.31181329055153695,0.06900526347854945,1,-1.834862385321101,-0.92592592592593,감소형,458919.02745,-3.475,715108.76221,532440.77604,1333798.75758,1101620.56137,1538842.08479,1.3430766282187916,0.7228529034274536,0.38834207988235364,2,-2.1065675340768197,-1.2499999999999956,중립,,0.0,,11.1,관찰,11.1
2026-10-03T21:29:42+09:00,IOTA,KRW-IOTA,IOTAUSDT,73.0,0.27472527,1250441308.5488951,1791030572058,False,False,,1769437098.599699,2990623695.14122,2162489715.336786,5414772188.6904,19649358940.08074,0.5916615659383868,0.5023059008338254,0.2812474648876748,1,2.390998593530247,5.050505050505061,감소형,822473.0847,-4.286,1098341.3989,2548062.6844,1402804.8874,3319125.6049,9145048.1787,0.43104959922076236,0.453236215855113,0.3124093499065303,1,2.490421455938696,4.6966731898238745,감소형,,0.0,,10.8,관찰,10.8
2026-10-03T21:29:42+09:00,SPX,KRW-SPX,,590.0,1.8998272900000002,279252454.87359005,1791030501850,False,False,,423400131.41011363,1114769355.3551073,996148338.848483,244668954.96398523,478079053.4389037,0.37980962553033265,0.5392288985332839,0.6460365923198692,1,2.841918294849033,-3.9800995024875663,감소형,,,,,,,,,,,,,,NO_DATA,,0.0,,10.5,관찰,10.5
2026-10-03T21:29:42+09:00,RED,KRW-RED,REDUSDT,232.0,1.31004367,623233227.3622077,1791030563398,False,False,,658061036.027988,1920902697.501612,4744350817.635605,883550296.2216319,607811882.480631,0.34257905769192964,0.26152264086044574,0.38215276002806836,1,4.566210045662111,-0.8658008658008698,감소형,850920.08437,-1.73,567971.59148,1327479.93684,2408255.0052,620940.0312,477594.78407,0.4278570061345168,0.39110440528750795,0.5219580065860036,1,4.601990049751237,-1.4645577035735213,감소형,,0.0,,10.4,관찰,10.4
2026-10-03T21:29:42+09:00,CARV,KRW-CARV,,59.9,1.8707483,269288328.3491519,1791030564734,False,False,,295921858.95242923,399325904.5771449,346255799.12193775,498073383.1644702,926083582.1919852,0.7410534993110138,0.7138358426179047,0.4862118964024943,1,3.157894736842093,-3.9215686274509887,감소형,,,,,,,,,,,,,,NO_DATA,,0.0,,10.4,관찰,10.4
2026-10-03T21:29:42+09:00,ESP,KRW-ESP,ESPUSDT,138.0,-2.81690141,372073531.78990036,1791030561633,False,False,,531759763.4051878,1783114644.4079378,786055436.5627625,573618679.4053618,1771144421.0942655,0.29821961536396463,0.5075999094589718,0.16322552517703623,1,7.575757575757569,0.0,감소형,504008.42022,-3.689,640400.53305,1843602.83604,795247.35726,590886.14403,1313838.54862,0.34736360811071426,0.5948478137191359,0.39838015385457815,1,6.27113433753459,-0.37463976945245614,감소형,,0.0,,10.3,관찰,10.3
2026-10-03T21:29:42+09:00,PROM,KRW-PROM,PROMUSDT,8375.0,-3.56937248,1188534787.3939059,1791030548322,False,False,,1566734282.1541624,2319516367.5695124,9218543471.440582,6162472099.968297,4624016925.502995,0.675457308281835,0.2655402031230574,0.2991818041704978,1,7.487623762376239,1.0471204188481575,감소형,991456.03588,-1.911,1631146.02042,1309004.65364,3303453.67863,5318482.55699,2120469.58337,1.2460964259250027,0.4927466708166695,0.5952031865528034,2,7.297433316557611,0.7720182763510275,중립,,0.0,,10.1,관찰,10.1
2026-10-03T21:29:42+09:00,SOON,KRW-SOON,,503.0,0.19920318999999997,25635736182.24087,1791030584435,False,False,,44194274572.17075,67970165555.52118,140715366205.5067,93994084071.06313,100084561806.51474,0.6502010729409041,0.43803023653255024,0.4300531231398153,1,-10.196779964221825,12.808988764044948,감소형,,,,,,,,,,,,,,NO_DATA,,0.0,,10.0,관찰,10.0
2026-10-03T21:29:42+09:00,RE,KRW-RE,REUSDT,664.0,-3.9073806099999997,1995596299.867893,1791030574726,False,False,,3080352278.800411,9498351808.64271,2038267057.4670746,2749752111.1687074,2646655439.8827677,0.32430387301484737,0.6468442441469923,0.7535271331421659,1,6.635802469135799,4.06626506024097,감소형,1296094.16278,-3.583,1845091.31552,3722112.14253,1623328.26144,2580097.57274,1429378.21038,0.4957108342968548,0.698409869819054,0.8312453798351147,1,6.4834242551405685,3.6772216547497294,감소형,,0.0,,9.8,관찰,9.8
2026-10-03T21:29:42+09:00,SOMI,KRW-SOMI,SOMIUSDT,284.0,3.27272727,573662889.0057555,1791030229860,False,False,,687016861.8086208,1697493215.1642423,17317693731.270782,256298340.3805838,209078903.37703896,0.4047243639451884,0.10694819598756662,0.1744840697979974,1,1.85185185185186,-6.779661016949157,감소형,506437.21433,1.117,634290.71438,998833.89234,4103252.39703,632159.50093,489960.56126,0.6350312291606635,0.33184349131997126,0.48049966467281263,1,0.7485029940119681,-7.172413793103449,감소형,,0.0,,9.7,관찰,9.7
2026-10-03T21:29:42+09:00,0G,KRW-0G,0GUSDT,411.0,-0.48426149999999996,2373646915.298346,1791030578924,False,False,,3294006086.8511987,7336374346.476862,29780503326.061634,59501435461.2376,8162433428.363627,0.44899645673520944,0.10227893594945214,0.15283548048890516,1,-7.191011235955058,16.338028169014084,감소형,2297576.882318,0.467,2705316.488352,4086895.046692,8920727.60616,29816546.45665,5348611.917574,0.6619490976509729,0.1895179669289882,0.2730506084107246,1,-7.659444613976197,15.496183206106862,감소형,,0.0,,9.4,관찰,9.4
2026-10-03T21:29:42+09:00,MOVE,KRW-MOVE,MOVEUSDT,13.7,1.48148148,5375447008.362242,1791030549343,False,False,,5686600172.190113,14979745176.309935,982136464.7263615,1316580164.9749055,1841143555.3561778,0.37961928626017744,0.987344863686605,1.36661606426789,1,10.655737704918034,3.053435114503822,감소형,1377704.2409481,-1.95,1420219.5779038,6161631.6041352,780677.5778592,843649.1309715,978988.4941604,0.2304940751327393,0.5472234197062364,0.675889481011536,1,11.01543278908521,2.8917910447761264,감소형,,0.0,,9.2,관찰,9.2
2026-10-03T21:29:42+09:00,MEW,KRW-MEW,,0.708,-1.93905817,1239554616.5921788,1791030582829,False,False,,1586411516.51633,3321118402.332946,33008331574.9801,421626829.64375645,948006946.5910215,0.4776738810040445,0.1294991865013351,0.20840899258636086,1,9.893455098934535,4.941860465116288,감소형,,,,,,,,,,,,,,NO_DATA,,0.0,,8.5,관찰,8.5
2026-10-03T21:29:42+09:00,JST,KRW-JST,JSTUSDT,186.0,2.7624309400000002,433042435.61884063,1791030475094,False,False,,277489960.0602612,742492068.4423066,368742083.1948214,349886433.5934584,981678918.7474205,0.3737278441807662,0.5697475544425428,0.449628960115877,1,5.232558139534893,5.232558139534893,감소형,5232217.438736,7.152,4119501.759397,4688834.101273,4617421.392886,4612523.586671,5393721.612773,0.8785769917256342,0.8879015326288261,0.9232637526154034,1,4.345430213335422,4.832331540651702,중립,,0.0,,7.8,관찰,7.8
2026-10-03T21:29:42+09:00,KITE,KRW-KITE,KITEUSDT,207.0,1.97044335,1168489119.8410473,1791030436037,False,False,,1721146228.5628748,3344920627.719736,1644216580.753953,1479690787.666232,2914959965.6232333,0.5145551778716484,0.7982031194475648,0.6620284649680771,1,11.538461538461542,-2.4038461538461564,감소형,5097941.49809,0.664,4455363.1885,4378345.41261,2575247.85127,2126076.63402,3837457.86767,1.017590612122146,1.4720898133743152,1.306430060931808,4,11.036539895600296,-3.059895833333326,연속 가속형,,0.0,,7.4,관찰,7.4
2026-10-03T21:29:42+09:00,ARK,KRW-ARK,ARKUSDT,317.0,7.457627120000001,11303275539.912104,1791030584749,False,False,,15591642004.605211,41385144184.68402,111556201152.77808,2858627602.1073933,5848018396.910383,0.37674489993381316,0.30022422424911677,0.4143480431387524,1,-13.48973607038123,-11.940298507462687,감소형,3506217.4822,12.396,3714857.6283,10940473.3871,42233158.828,1118463.7161,1982323.413,0.3395518179935631,0.2052706327459271,0.316674250756861,1,-13.990461049284574,-12.459546925566345,감소형,,0.0,,7.0,관찰,7.0
2026-10-03T21:29:42+09:00,PROS,KRW-PROS,,975.0,-4.59882583,814727094.6070372,1791030569606,False,False,,2548081934.3669853,8646797577.465675,5652029405.178363,4430895402.688109,20150074274.72191,0.2946850451324909,0.40813449584748857,0.21200629999025503,1,11.816192560175054,14.0625,감소형,,,,,,,,,,,,,,NO_DATA,,0.0,,5.8,관찰,5.8
2026-10-03T21:29:42+09:00,FOLD,KRW-FOLD,,98.2,12.873563220000001,32808246878.259,1791030578608,False,False,,3933878933.504821,5976135757.898439,31416455881.46384,29587061018.661278,7492553485.051548,0.6582646534268498,0.17619734250892286,0.19635966878897798,1,-3.0100334448160515,-7.051282051282048,감소형,,,,,,,,,,,,,,NO_DATA,,0.0,,3.0,관찰,3.0
2026-10-03T21:29:42+09:00,MINA,KRW-MINA,MINAUSDT,218.0,-1.8018018,2534391795.4946775,1791030583159,False,False,,4593917601.107836,1802552404.645452,968972339.1486241,1577652060.3702743,1607538276.595507,2.548562576748732,3.168818703835502,3.3636152156301957,3,16.230366492146597,11.557788944723612,가속형,3072763.46742,0.881,4278951.74903,1587275.43369,1464938.05725,2280109.3876,2426842.60626,2.69578401971645,2.4073664591377395,2.411340724939982,3,15.297450424929181,10.974778459441037,가속형,,0.0,,66.9,시동,66.9
2026-10-03T21:29:42+09:00,SUPER,KRW-SUPER,SUPERUSDT,346.0,8.805031450000001,1454198468.7280285,1791030582175,False,False,,1742955203.7598386,1150546710.0138516,138609773.9109126,207680911.74512517,342618469.66427946,1.514893040491033,3.493275639963155,2.30035928899016,3,22.307692307692317,16.91176470588236,가속형,7787525.0185,13.586,7126708.2337,5138053.3043,1172732.2709,1215686.6408,1986060.8911,1.387044433294553,2.8406568293243,2.4848456149382727,3,21.863612701717862,16.87468796804792,가속형,,0.0,,51.9,시동,51.9
2026-10-03T21:29:42+09:00,WLD,KRW-WLD,WLDUSDT,823.0,8.57519789,87464331114.59561,1791030583143,False,False,,69621103245.10054,37926898195.00614,63374019074.428535,41578577596.16642,52648955047.52918,1.8356656240943952,1.4618144467249683,1.1564162337834836,2,15.372907153729077,2.7100271002709952,고수준 유지형,108352179.02883,10.134,91228255.01127,65990069.32665,79648404.22022,55256593.77921,80967882.63636,1.3824542986868418,1.3623269534516864,1.20665107471027,2,15.071325201571216,2.1846888195336867,중립,,0.0,,24.6,시동,24.6
2026-10-03T21:29:42+09:00,STX,KRW-STX,STXUSDT,505.0,0.79840319,3679344069.616787,1791030587161,False,False,,6938331846.006617,22017898075.975597,13200206905.736553,3295061519.5244155,5656939672.173287,0.315122352827005,0.5404644029296196,0.6633506676295139,1,16.783216783216794,9.388646288209612,감소형,1527284.5036,0.651,2656477.13396,9666873.63848,8093460.19765,1125506.85173,2295389.15276,0.27480209562123736,0.42197917125303436,0.5598434800395796,1,16.156516251183326,8.77659574468086,감소형,,0.0,,4.4,시동,4.4
2026-10-03T21:29:42+09:00,TRAC,KRW-TRAC,,620.0,5.62180579,20962318891.279953,1791030569606,False,False,,22182028643.37315,40691072330.110794,24290819687.977432,729845864.3978401,1716502797.8294106,0.5451325652816177,1.0126970930083368,1.610578923567386,1,15.324165029469539,16.00790513833992,감소형,,,,,,,,,,,,,,NO_DATA,,0.0,,2.8,시동,2.8
2026-10-03T21:29:42+09:00,MON,KRW-MON,,42.4,-3.8548752800000003,2903910729.8160043,1791030554830,False,False,,4479816829.848371,8637520196.148613,3615856685.983057,2795614809.740239,8652974115.963469,0.5186461771569435,0.8930465751272808,0.8916737663117908,1,21.153846153846168,15.748031496062985,감소형,,,,,,,,,,,,,,NO_DATA,,0.0,,2.1,시동,2.1
2026-10-03T21:29:42+09:00,CAP,KRW-CAP,,96.8,-5.09803922,32917584883.542107,1791030585074,False,False,,45946444668.747314,29200885784.003063,15885017549.86421,11666947920.090324,22752317143.253166,1.5734606480299944,2.428764915958824,2.609238935981213,4,25.461254612546135,40.88397790055247,연속 가속형,,,,,,,,,,,,,,NO_DATA,,0.0,,61.5,이미 발동,61.5
2026-10-03T21:29:42+09:00,SAND,KRW-SAND,SANDUSDT,100.0,6.2699256100000005,258839045683.2906,1791030585089,False,True,"거래량급등,입금량급등",229584594584.27567,2000674342.6598895,1989368887.534509,1339064738.0489335,3579969741.9514084,114.75360566629938,129.24372856717807,112.00048562901682,4,58.684654300168624,52.512155591572096,연속 가속형,76722588.47328,4.063,63483037.0873,1709138.47007,1766835.31453,1137560.92803,1544738.28348,37.143296578363234,41.28051984534267,42.597104156207806,2,58.13900320073158,51.955184534270636,일회성 폭증형,,0.0,,59.0,이미 발동,59.0
2026-10-03T21:29:42+09:00,ZRO,KRW-ZRO,ZROUSDT,2747.0,15.42016807,13234880719.005459,1791030586068,False,False,,5658275844.746117,3044064496.8704634,10518166784.646025,3952799593.9476113,4431044441.147276,1.8587897367362838,0.9691577282925322,1.1773753723563334,2,5.030891438658425,6.8222621184919285,중립,31239369.38332,8.266,28453481.49194,24840241.80707,24841847.12459,14445033.19308,13850549.58304,1.1454591188336019,1.331112977591244,1.6293151227995313,2,4.676258992805771,6.269020085209975,중립,,0.0,,20.6,이미 발동,20.6
2026-10-03T21:29:42+09:00,POD,KRW-POD,,1012.0,34.0397351,158637087830.8869,1791030585072,False,False,,,,,,,,,,,,,NO_DATA,,,,,,,,,,,,,,NO_DATA,,0.0,,15.0,이미 발동,15.0
2026-10-03T21:29:42+09:00,BLAST,KRW-BLAST,,0.328,-6.28571429,19155510602.879326,1791030580861,True,True,거래량급등,13812113698.47939,732004621.9423101,1387771398.3093429,1513387424.9972043,2945084106.629026,18.86888864421396,11.405030827783179,5.844635824567168,2,-40.17094017094017,-44.79495268138801,일회성 폭증형,,,,,,,,,,,,,,NO_DATA,,0.0,,0,유의종목,0
2026-10-03T21:29:42+09:00,ICX,KRW-ICX,,20.0,-8.25688073,4773987490.603859,1791030584438,True,False,,17517441454.67985,57369923426.075386,385121084.0576574,646703746.5579331,2368889209.262423,0.30534190057360167,0.8998416303063108,1.4278102883723642,1,15.343915343915349,10.1010101010101,감소형,,,,,,,,,,,,,,NO_DATA,,0.0,,0,유의종목,0
2026-10-03T21:29:42+09:00,RVN,KRW-RVN,RVNUSDT,3.25,-3.8461538500000003,1606625907.6062644,1791030554464,True,False,,5218216112.505917,11826452103.619108,1124976123.3973978,1281993468.0942023,5840504512.602642,0.4412325917177687,1.0998513690418688,1.2490035797397705,1,4.968944099378869,1.1976047904191711,감소형,560228.3522214,-4.53,651474.5322054,516341.8310093,581569.2936214,652248.0940935,967428.7159794,1.2617117054644873,1.1167118829570837,1.0257969576681931,2,1.7779705117086042,-3.772037720377208,중립,,0.0,,0,유의종목,0
2026-10-03T21:29:42+09:00,EGLD,KRW-EGLD,EGLDUSDT,6820.0,-3.4677990100000002,1553328381.991222,1791030562681,True,True,글로벌가격차이,6069087298.317157,5033233383.488637,10289057855.29516,26908856037.09215,64963389785.34979,1.2058028777736804,0.4311334896021676,0.27996711848502775,2,-7.161629434954008,5.447761194029854,중립,803019.88089,-4.167,858019.37836,576906.69252,620963.71082,394219.44436,600079.5049,1.4872758272435094,1.6167794416870334,1.6104623173065717,2,-0.5538325210456385,-4.692144373673035,고수준 유지형,,0.0,,0,유의종목,0
2026-10-03T21:29:42+09:00,MANTRA,KRW-MANTRA,MANTRAUSDT,6.77,-1.31195335,1255840204.9588237,1791030532716,True,True,글로벌가격차이,1530228430.397484,1948538540.1058996,1709126477.1339016,4950163583.179074,15619143366.397055,0.7853211003536624,0.5333151372192819,0.2958591289096845,1,-2.832861189801694,-2.4182076813655695,중립,808808.05145,-0.221,773501.99415,463892.91879,482623.78515,503319.77519,929807.34193,1.6674149632798279,1.6005294499435279,1.3384307271839788,2,1.3605442176870763,-5.696202531645578,고수준 유지형,,0.0,,0,유의종목,0
2026-10-03T21:29:42+09:00,SOPH,KRW-SOPH,SOPHUSDT,5.16,-0.57803468,951513434.0099889,1791030317275,True,False,,1776107977.428242,2368617569.201894,972428809.7598357,1199294742.187595,4316474424.770483,0.7498500393318884,1.1735514557408264,0.848558725301502,1,1.5655577299412915,-1.1428571428571344,감소형,368916.96842,-1.596,715381.29874,1197379.58698,757090.55551,641273.01296,897236.45195,0.5974557329345461,0.8267936262160509,0.9353696067914209,1,6.232294617563738,0.0,감소형,,0.0,,0,유의종목,0
2026-10-03T21:29:42+09:00,ZIL,KRW-ZIL,ZILUSDT,4.44,-1.1135857500000002,775151921.0927156,1791030570668,True,False,,1126152346.6733963,1433356946.9051814,456655704.05510837,906362299.6560632,1994243487.304348,0.7856747400603298,1.208155951788775,1.0714676463728812,1,2.0454545454545503,-3.2327586206896464,중립,277192.896476,-3.64,347413.4578691,375536.6299999,412853.1015374,245325.0313339,457823.2343961,0.9251120399871312,1.0082475466563132,0.9130869640415424,1,-0.02845759817872162,-7.210776545166397,중립,,0.0,,0,유의종목,0
