scan_time_kst,coin,upbit_market,binance_symbol,upbit_price,upbit_price_24h_pct,upbit_24h_trade_krw,upbit_timestamp_ms,warning,caution_any,caution_types,upbit_D1_trade_krw,upbit_D2_trade_krw,upbit_D3_trade_krw,upbit_D4_trade_krw,upbit_D5_trade_krw,upbit_d1_vs_prev_x,upbit_d1_vs_3davg_x,upbit_d1_vs_5davg_x,upbit_rise_streak,upbit_price_3d_pct,upbit_price_5d_pct,upbit_supply_pattern,binance_24h_quote_usdt,binance_price_24h_pct,binance_D1_quote_usdt,binance_D2_quote_usdt,binance_D3_quote_usdt,binance_D4_quote_usdt,binance_D5_quote_usdt,binance_d1_vs_prev_x,binance_d1_vs_3davg_x,binance_d1_vs_5davg_x,binance_rise_streak,binance_price_3d_pct,binance_price_5d_pct,binance_supply_pattern,overseas_lead,overseas_lead_score,overseas_lead_reason,raw_signal_score,state,score
2026-10-05T08:05:23+09:00,BIGTIME,KRW-BIGTIME,BIGTIMEUSDT,12.3,0.8196721299999999,2596649980.7027097,1791154924904,False,True,"거래량급등,입금량급등",4397476207.06238,1889365024.2438533,353060188.2044791,588738912.8402421,443623475.91557294,2.3274889450344847,4.659718771988347,5.008627232587037,3,0.8264462809917328,-1.6129032258064613,가속형,517245.27339,2.581,1514205.27612,790124.75662,290366.83941,257780.85506,278161.86357,1.9164128999039034,3.3943879100702676,3.5786524156106134,4,0.9049773755656076,-2.300109529025174,연속 가속형,,0.0,,67.1,발사 전,67.1
2026-10-05T08:05:23+09:00,LPT,KRW-LPT,LPTUSDT,2327.0,-3.84297521,276962445.0075947,1791155077361,False,True,거래량급등,1496375654.5283198,253465698.7037671,204208861.3563764,397809519.5372839,78412867.03742911,5.903661371857573,5.247469906976465,5.432082784295233,3,-0.12381345439538283,4.94362532523851,가속형,625332.64525,-3.208,2004731.19906,1317913.00256,701828.62663,1428882.8693,890702.4435,1.5211407696607286,1.7439398229100762,1.7618829417542408,3,-0.2245929253228529,3.978935049736676,가속형,,0.0,,66.9,발사 전,66.9
2026-10-05T08:05:23+09:00,KNC,KRW-KNC,KNCUSDT,192.0,-0.51813472,490468609.8943087,1791155095318,False,True,거래량급등,4826644753.3289585,184348526.2051518,135366073.7907144,159500921.75708655,243639387.35145375,26.18217163264782,30.21591247090622,24.379280964606792,3,2.659574468085113,1.5789473684210575,가속형,141222.35463,0.211,1228991.44215,243919.50047,143136.04358,267147.28938,183209.9391,5.038512459159269,5.635827511047471,5.537722937959466,3,3.1204644412191618,1.7908309455587412,가속형,,0.0,,66.7,발사 전,66.7
2026-10-05T08:05:23+09:00,OPEN,KRW-OPEN,OPENUSDT,162.0,2.5316455700000002,6623828976.408469,1791155099768,False,True,"거래량급등,입금량급등",5625867885.031413,1533634902.2190304,615964525.9791826,694076503.2066075,808856955.7477189,3.6683228041376035,5.935136092232717,5.102472474380617,3,-10.22727272727273,-10.73446327683616,가속형,5750240.82985,3.559,5790810.99741,1158512.71746,770020.58379,769727.57567,729862.16025,4.998487207033996,6.438381529683748,5.966766399086726,5,-10.67285382830626,-10.879629629629617,연속 가속형,,0.0,,66.0,발사 전,66.0
2026-10-05T08:05:23+09:00,IMX,KRW-IMX,IMXUSDT,247.0,-0.80321285,1763514376.0749602,1791154923623,False,True,거래량급등,4848886217.94718,2547533978.8847814,369512639.55338436,391313405.18300647,464607231.8458094,1.9033646884152051,4.396939435243044,4.538900101146102,3,9.210526315789469,4.184100418410042,가속형,902776.264674,0.383,2914787.677865,2046132.386088,591247.815162,784855.811645,938686.628492,1.4245352342219566,2.555160719671642,1.9460346007212868,3,10.059880239520957,5.088622069754134,가속형,,0.0,,63.9,발사 전,63.9
2026-10-05T08:05:23+09:00,WAXP,KRW-WAXP,WAXPUSDT,8.51,1.91616766,540079301.4114534,1791154895166,False,False,,1477037421.2531338,917837503.8122447,319216426.6780694,461411473.4810164,490177241.35227627,1.6092580823056895,2.6088916815135774,2.1885714906638443,3,-1.9953051643192499,1.8292682926829285,가속형,277397.40417,2.447,672322.52042,532034.00562,231260.13265,313403.46394,340659.97417,1.2636833610598186,1.873290659438665,1.8548902347031835,3,-1.7543859649122973,1.9867549668874052,가속형,,0.0,,62.9,발사 전,62.9
2026-10-05T08:05:23+09:00,CHZ,KRW-CHZ,CHZUSDT,23.0,-0.8620689699999999,2806268281.0813904,1791155066299,False,False,,5937314472.620069,3650836020.8539796,1131943849.6126337,1930884415.9779475,2600327853.7637496,1.6262890030408024,2.6530881881931423,2.326524820206947,3,4.504504504504503,7.906976744186034,가속형,1441772.08079,-0.235,5161631.60294,2501972.76347,1082302.75768,1413649.17036,1962803.26276,2.0630246972718056,3.09826493286789,2.7773308840614552,3,4.612546125461248,7.318611987381707,가속형,,0.0,,62.5,발사 전,62.5
2026-10-05T08:05:23+09:00,OP,KRW-OP,OPUSDT,181.0,-2.1621621600000003,520828471.58419377,1791155079978,False,False,,980934633.4656436,366738262.70692927,306557727.5404711,461909423.9619071,632186413.5002618,2.674753995466068,2.5923096063161846,1.7559715216590661,3,4.519774011299438,1.6483516483516425,가속형,4223913.160518,-1.18,7295557.859818,9407002.454508,9639741.672416,10787735.610572,8225023.671284,0.7755454402291393,0.7336033264876013,0.7981370720276202,1,5.246913580246915,1.5636634400595595,중립,,0.0,,60.6,발사 전,60.6
2026-10-05T08:05:23+09:00,T,KRW-T,TUSDT,7.48,-0.13351135,887630594.4822168,1791155093383,False,False,,2322515492.4140644,1089391982.6319387,797120448.607119,880027443.9393383,1259362871.725729,2.1319373829087085,2.5185057116853957,1.5374108453760886,3,-0.5312084993359889,2.3224043715847076,가속형,105911.067317,1.471,396538.793442,334917.6675,269155.332495,375798.242745,404006.117108,1.183988878227811,1.2140537740443251,1.0584862395534407,3,-0.7207207207207245,2.4163568773234223,중립,,0.0,,60.3,발사 전,60.3
2026-10-05T08:05:23+09:00,RAY,KRW-RAY,RAYUSDT,2859.0,1.09618105,1218754576.5437777,1791155100719,False,False,,3360280935.6529393,1415229071.575498,779378702.2183571,1838221044.9935622,1305027137.1957245,2.3743724624820772,2.4996951916223176,2.352754631627535,3,6.918714555765604,9.825242718446603,가속형,6787696.22083,0.869,8031272.22988,6285659.81521,4938299.86762,8812087.3488,7018074.48803,1.2777134725690975,1.2025234644141225,1.077258221560804,3,7.134046052631571,9.75725343583802,중립,,0.0,,59.3,발사 전,59.3
2026-10-05T08:05:23+09:00,ME,KRW-ME,MEUSDT,105.0,-1.8691588799999999,811669640.653326,1791154487878,False,True,입금량급등,2740138898.20079,1503408308.3081434,640644072.372829,693039485.1545814,2172479974.030692,1.8226179029730107,2.897479913707824,2.1209084577714625,3,2.8846153846153744,3.8834951456310662,가속형,225277.1711384,-1.456,938575.1823168,535082.5572407,242123.5032707,380105.2637768,721229.2165214,1.7540754592278627,2.432988849117329,2.0723320279252895,3,3.061760840998695,3.5926561880861074,가속형,,0.0,,56.9,발사 전,56.9
2026-10-05T08:05:23+09:00,ONT,KRW-ONT,ONTUSDT,81.0,-2.17391304,508100155.1914975,1791155121216,False,False,,978932376.5414402,732123970.6985826,378087626.8658462,558940002.3622552,358233980.4707746,1.3371128602815128,1.7594550008239616,1.5444950923741625,3,2.857142857142847,7.11513583441139,가속형,369089.84922,-1.203,927062.8306,915507.92179,450375.02855,591467.29846,351858.79333,1.012621309477484,1.4208946474986137,1.5928807464878842,3,3.0764029749831057,6.9636905805998905,고수준 유지형,,0.0,,52.2,관찰,52.2
2026-10-05T08:05:23+09:00,TOKAMAK,KRW-TOKAMAK,,519.0,4.63709677,2029855899.4325426,1791155051638,False,False,,443516147.3716972,236183686.81840667,183531915.4556941,200033968.95660233,403869399.9760191,1.8778441193218445,2.1469130498515376,1.037263475513155,3,-1.195219123505975,-0.8000000000000007,가속형,,,,,,,,,,,,,,NO_DATA,,0.0,,51.7,관찰,51.7
2026-10-05T08:05:23+09:00,DATA,KRW-DATA,,287.0,-1.37457045,4028288481.971538,1791155085563,False,False,,10098339284.40305,9591973056.525984,8381058452.140626,6274903338.891525,9227613555.574533,1.0527906224186645,1.2493854855544524,0.9800075096986208,4,-1.0204081632653073,-3.322259136212624,중립,,,,,,,,,,,,,,NO_DATA,,0.0,,51.0,관찰,51.0
2026-10-05T08:05:23+09:00,MMT,KRW-MMT,MMTUSDT,253.0,-2.69230769,565839009.2577084,1791155068243,False,False,,2095556959.4130497,1256159872.8957005,1174924933.2486851,1898077830.7149239,1831064978.318263,1.6682247257129545,1.4521678683801909,0.9364446313211436,3,0.7751937984496138,4.8387096774193505,고수준 유지형,350059.0744,-3.06,881889.44847,642641.45245,894345.41141,941104.39395,783404.40789,1.372288458996682,1.0676234529587483,0.8515238226136802,2,0.6842105263157761,4.707170224411605,중립,,0.0,,43.3,관찰,43.3
2026-10-05T08:05:23+09:00,MOCA,KRW-MOCA,,13.9,0.0,171655488.88646686,1791155008736,False,False,,267045671.31030774,207009207.68576095,184539999.82038543,258957351.59096947,907961364.1435826,1.2900183247678618,1.2315587025638572,0.6774484581090343,3,-4.137931034482756,1.4598540145985384,중립,,,,,,,,,,,,,,NO_DATA,,0.0,,42.5,관찰,42.5
2026-10-05T08:05:23+09:00,ELF,KRW-ELF,,105.0,0.9615384600000001,103858497.56156172,1791154982887,False,False,,247491882.16854674,217372293.09575072,179960800.26932043,218095407.93345535,1045164091.7712574,1.138562227245441,1.2064368889953097,0.6277981742612897,3,0.0,1.9607843137254832,중립,,,,,,,,,,,,,,NO_DATA,,0.0,,41.5,관찰,41.5
2026-10-05T08:05:23+09:00,STEEM,KRW-STEEM,STEEMUSDT,86.1,-0.69204152,416084469.2299796,1791155081963,False,False,,701716869.5092161,643281553.9088463,627499493.7064334,1114493610.1376076,861256915.7967217,1.0908394081025525,0.8825610927803436,0.6864247426762597,3,-2.033898305084747,0.3472222222222099,중립,403678.754466,0.52,656475.613218,347213.742695,308923.672649,497177.940025,707719.120451,1.8906959388259648,1.7076221438358354,1.3491807823858966,3,-1.8433179723502446,0.39277297721915794,가속형,,0.0,,40.9,관찰,40.9
2026-10-05T08:05:23+09:00,BSB,KRW-BSB,,139.0,2.20588235,842250103.3861588,1791154762428,False,False,,503508799.55644625,391572006.06269956,355926790.9362567,560464354.8204803,718623599.3159071,1.2858651582866807,1.1548692305040302,0.8715662523607143,3,-1.449275362318836,2.2556390977443552,중립,,,,,,,,,,,,,,NO_DATA,,0.0,,40.0,관찰,40.0
2026-10-05T08:05:23+09:00,JTO,KRW-JTO,JTOUSDT,767.0,-0.38961039000000003,2777757351.8760147,1791155079617,False,False,,3371997966.290048,3323712585.4860406,2384883861.145883,3509540468.155938,2858144414.140831,1.01452754399248,1.0974011334808804,1.1418457450298747,3,6.796116504854366,0.7853403141361293,중립,2959352.66951,0.247,3246271.49685,2853832.0662,2234465.50765,2828113.13049,2735541.90764,1.1375131477769644,1.2302058160285834,1.1578865916313954,3,6.866628937936237,0.5145493257629585,중립,,0.0,,39.9,관찰,39.9
2026-10-05T08:05:23+09:00,RENDER,KRW-RENDER,RENDERUSDT,2670.0,-1.2208657,945393728.3779701,1791154991417,False,False,,990429191.2889012,962804491.8511869,583056949.4638827,1190497707.180217,975601602.689823,1.0286919095948548,1.0858543826385523,0.8553600810287842,3,4.081632653061229,1.884658876743317,중립,2977056.57713,0.051,3937965.8411,5593110.73675,3344765.40864,5351037.61841,6152809.43527,0.7040743561941778,0.8267876564018263,0.6299700525211849,1,3.866248693834895,1.9487179487179596,감소형,,0.0,,39.8,관찰,39.8
2026-10-05T08:05:23+09:00,API3,KRW-API3,API3USDT,400.0,-0.24937656,673240764.5498564,1791155051327,False,False,,770016846.746852,461812440.697937,451793886.16957325,1682133501.0405512,760299978.207192,1.6673800419562665,0.8899391670166937,0.9263588803662147,3,2.035623409669207,7.219251336898402,중립,948623.193118,1.061,1842517.521882,871105.333528,588694.611034,1177100.544084,1492582.054061,2.1151489389001377,2.096231006610453,1.8633697220219925,3,2.007615091727244,7.358834244080148,가속형,,0.0,,38.7,관찰,38.7
2026-10-05T08:05:23+09:00,IO,KRW-IO,IOUSDT,234.0,1.2987013,708019893.1852968,1791155116155,False,False,,447881196.1269405,141095857.77274114,119347795.08929835,1109472830.9646275,185195556.33408725,3.1743043573138006,0.9808215349212706,1.1860971866935703,3,3.587443946188351,7.943925233644866,중립,4009850.784398,3.027,3175063.732444,1201534.674404,1405648.612581,1817437.712613,1748854.554095,2.6425069538829034,2.1527699656529706,1.9074420093384685,2,4.105392156862742,8.01017164653528,고수준 유지형,,0.0,,37.9,관찰,37.9
2026-10-05T08:05:23+09:00,AERO,KRW-AERO,AEROUSDT,1182.0,2.60416667,690157400.8654526,1791155110499,False,False,,554237047.8745093,472027574.7520653,454353842.93668145,716443653.962248,1500216637.6126738,1.1741624377889892,1.0121048018536438,0.5903452334682517,3,2.673796791443861,3.2258064516129004,중립,6762697.59256,3.956,5912047.07339,5808232.25438,5133076.84364,4976334.0563,7512942.46085,1.017873737561323,1.1142441785017945,0.8956641314125204,4,2.887999029244015,2.8256124181421205,중립,,0.0,,37.4,관찰,37.4
2026-10-05T08:05:23+09:00,ZRX,KRW-ZRX,ZRXUSDT,173.0,2.36686391,730444598.408259,1791154895174,False,False,,310862183.32813406,227371371.42836332,228396848.92218718,181250999.80146438,308480256.6529364,1.3672001948850263,1.463984948149374,1.1645752369186682,2,1.1976047904191711,1.1976047904191711,고수준 유지형,639815.0457,2.823,154966.958,149144.6686,158579.4209,157666.5674,247091.2858,1.0390378647433598,0.9989475875960587,0.7772134353975522,2,1.6353229762878119,1.3039934800325836,중립,,0.0,,35.0,관찰,35.0
2026-10-05T08:05:23+09:00,INJ,KRW-INJ,INJUSDT,10270.0,-1.43953935,710684782.3022468,1791155052595,False,True,입금량급등,915339432.4807373,730090139.7395271,598216115.2157673,642193745.9552627,1324480088.419186,1.2537348234935775,1.393564220336611,1.0395316417947003,3,3.168316831683171,3.2705649157581673,중립,6302734.55677,-0.432,9228838.4477,12019218.02558,8847264.29564,12774018.803,14754616.20553,0.7678401729678792,0.8230113826445548,0.7381832648826547,1,3.6152704707945515,3.58732299393123,중립,,0.0,,34.5,관찰,34.5
2026-10-05T08:05:23+09:00,UP2,KRW-UP2,,94.7,-3.85786802,2243626259.1549845,1791155122161,False,True,거래량급등,10501892710.835117,1376823629.9641166,1770194365.5762312,1743814432.0797217,6040406810.521175,7.627623816355348,6.44178237524207,4.238821300772133,2,3.141361256544495,10.798650168728896,일회성 폭증형,,,,,,,,,,,,,,NO_DATA,,0.0,,33.5,관찰,33.5
2026-10-05T08:05:23+09:00,IOST,KRW-IOST,IOSTUSDT,1.15,-0.8620689699999999,881215377.438627,1791155098819,False,False,,1091389873.466738,1063191818.1222485,1100504169.1031055,910350290.8432857,1297988552.8909307,1.0265220770738166,1.0651009530205602,0.8548330606634447,2,-5.691056910569115,-5.691056910569115,중립,243884.763341,0.353,290245.6068,703918.451909,545499.530465,502145.951664,533447.865566,0.41232845369071514,0.4971196331912538,0.4512335376966053,1,-5.011135857461024,-5.849889624724058,감소형,,0.0,,33.5,관찰,33.5
2026-10-05T08:05:23+09:00,ARK,KRW-ARK,ARKUSDT,303.0,-3.1948881800000004,9526303325.315475,1791155123746,False,False,,23367381481.659386,15591642004.605211,41385144184.68402,111556201152.77808,2858627602.1073933,1.498712032687609,0.41595503379224824,0.6592030529845014,2,-17.847769028871397,-3.3950617283950657,중립,1807772.9001,-2.143,6600153.7547,3714857.6283,10940473.3871,42233158.828,1118463.7161,1.77669090315054,0.3480574245968876,0.5501111271707452,2,-3.5490605427974886,-3.629536921151433,중립,,0.0,,33.0,관찰,33.0
2026-10-05T08:05:23+09:00,ZAMA,KRW-ZAMA,ZAMAUSDT,117.0,-2.5,2536254916.655601,1791155123747,False,True,소수계정집중,3236298962.1312323,3232163520.424805,1556129552.4022105,2168886571.857357,1654479620.8382125,1.0012794654974275,1.3955219474333642,1.6252547621870848,3,12.149532710280365,9.090909090909083,중립,5247340.70246,-1.938,7373777.68472,5707765.93013,3488827.44584,7135447.18061,6353615.44672,1.2918850869121143,1.3544745359603922,1.1654832648408109,3,12.730744748567812,9.334485738980124,중립,,0.0,,33.0,관찰,33.0
2026-10-05T08:05:23+09:00,BFC,KRW-BFC,,37.3,-0.26737968,270067314.9705562,1791155101674,False,False,,616176355.9003713,474390696.4401142,581280975.474958,1274945908.868048,7794516346.997785,1.2988795111797808,0.7931498856539057,0.2594585089264175,2,-3.1088082901554515,-0.7957559681697757,중립,,,,,,,,,,,,,,NO_DATA,,0.0,,33.0,관찰,33.0
2026-10-05T08:05:23+09:00,BTT,KRW-BTT,,0.000508,-0.39215685999999994,333824437.2568059,1791155111129,False,False,,456376598.4042485,411975047.35047156,818345760.137258,691075120.4610466,1921823471.5873723,1.1077772824818781,0.7125703637117554,0.24349376826582206,2,0.7905138339920903,0.7905138339920903,중립,,,,,,,,,,,,,,NO_DATA,,0.0,,32.5,관찰,32.5
2026-10-05T08:05:23+09:00,UNI,KRW-UNI,UNIUSDT,12260.0,-0.2441009,2447037424.745659,1791155100080,False,False,,7438763878.909842,7209774215.224235,7713943947.179135,6655654419.180832,8982019306.356514,1.03176100344475,1.034149234522889,0.9251632226967995,2,1.738410596026485,2.7591973244147194,중립,17677865.79808,0.354,51677110.1026,55915701.09207,63970701.68659,68210697.91752,81224895.07486,0.9241967657261277,0.8242090374280208,0.6706411570882308,1,1.9139833370862336,2.781878051549902,중립,,0.0,,32.1,관찰,32.1
2026-10-05T08:05:23+09:00,TOSHI,KRW-TOSHI,,0.17,-1.1627907,1358829954.4746704,1791155099768,False,False,,1286285332.7931154,600961879.3305691,816064116.9624174,7159982728.967835,660878646.584022,2.140377579732595,0.4499069689662698,0.6310657760827593,2,1.1764705882352677,4.242424242424225,중립,,,,,,,,,,,,,,NO_DATA,,0.0,,31.7,관찰,31.7
2026-10-05T08:05:23+09:00,BLUR,KRW-BLUR,BLURUSDT,29.4,0.34129693,1168490854.0452762,1791154899258,False,False,,2847802593.0821857,1504365884.7915676,1526719648.344635,7252574095.049259,635363347.912123,1.8930252419787847,0.8307750439182934,1.1224584309701984,2,1.736111111111116,8.518518518518526,중립,325416.133496,1.069,850093.014932,617562.073731,676086.788144,3135425.185425,191462.618312,1.3765304753838992,0.5758041110987231,0.8402654584593964,2,1.6045304388862647,8.082329317269089,중립,,0.0,,30.9,관찰,30.9
2026-10-05T08:05:23+09:00,JST,KRW-JST,JSTUSDT,189.0,0.53191489,394591328.34531796,1791155058091,False,False,,441391846.81197846,277489960.0602612,742492068.4423066,368742083.1948214,349886433.5934584,1.5906587997494521,0.9535195142665462,0.8112957327650206,2,3.8674033149171283,6.214689265536721,중립,4005178.24609,1.26,5099513.980678,4119501.759397,4688834.101273,4617421.392886,4612523.586671,1.2378958132607887,1.1394919223630358,1.0881515548887946,2,3.791006681180087,6.263930520328942,중립,,0.0,,29.9,관찰,29.9
2026-10-05T08:05:23+09:00,RED,KRW-RED,REDUSDT,237.0,-3.26530612,536044763.5147839,1791155076721,False,False,,773353626.8115404,658061036.027988,1920902697.501612,4744350817.635605,883550296.2216319,1.1752004517384143,0.31680475612855913,0.4386738450606617,2,2.083333333333326,11.363636363636353,중립,345844.67015,-2.728,951692.33221,567971.59148,1327479.93684,2408255.0052,620940.0312,1.6755984744415022,0.6633995544056842,0.8808310021387337,2,2.4929178470255,12.081784386617112,중립,,0.0,,29.8,관찰,29.8
2026-10-05T08:05:23+09:00,THETA,KRW-THETA,THETAUSDT,313.0,1.29449838,344031081.4254394,1791154286290,False,False,,444110648.73616225,488239485.4476173,204880088.352734,374340754.17849594,404639248.95016,0.909616411562867,1.2481325172347653,1.132837132002128,1,0.9803921568627416,1.980198019801982,중립,712285.38173,1.983,681398.03786,1037410.95613,505495.68459,843712.80381,725635.94284,0.656825565446036,0.8565228605109961,0.8971565875428982,1,1.158129175946554,1.2483281319661144,감소형,,0.0,,25.8,관찰,25.8
2026-10-05T08:05:23+09:00,QUID,KRW-QUID,,87.1,-2.24466891,1016169602.3209004,1791155121204,False,False,,1134881574.9609132,1141563897.0747378,975418907.4278814,1200671862.9489586,1928034536.8922777,0.9941463442117011,1.0262203472484925,0.7558703451579616,1,-5.111821086261992,-3.6756756756756825,중립,,,,,,,,,,,,,,NO_DATA,,0.0,,25.2,관찰,25.2
2026-10-05T08:05:23+09:00,CP,KRW-CP,,16.9,-0.5882352900000001,803697557.593288,1791155109542,False,False,,1329841425.8794234,1750419517.321939,1501656959.477723,1559368626.9336069,2482848400.520668,0.7597272612190815,0.8291738119474213,0.5818267020943868,1,-2.298850574712641,-2.298850574712641,중립,,,,,,,,,,,,,,NO_DATA,,0.0,,25.0,관찰,25.0
2026-10-05T08:05:23+09:00,POLYX,KRW-POLYX,POLYXUSDT,57.5,-0.34662044999999997,304465841.0719251,1791155031124,False,False,,486207549.4567816,616791789.2878394,430565165.0466332,813322960.3824418,628701100.2485245,0.788284730602797,0.7839191667698854,0.6691171241348183,1,-2.368866328257191,-0.8591065292096189,중립,155387.99921,0.236,240695.89774,334584.13251,408786.34013,248437.87227,253360.48335,0.7193882624807562,0.7280516411520258,0.728728668144341,1,-1.8475750577367056,-0.932400932400923,감소형,,0.0,,25.0,관찰,25.0
2026-10-05T08:05:23+09:00,HOME,KRW-HOME,HOMEUSDT,7.67,-0.77619664,294465901.4792725,1791155120578,False,False,,321342491.15006423,395467578.68552095,261337316.75921202,457415627.35630924,411528077.0335535,0.8125634273690951,0.8652034796726965,0.6444573488447699,1,-4.449938195302838,-3.8557213930348055,중립,438103.06122,0.354,510113.08239,777574.79456,506828.47722,702602.8484,482045.90645,0.6560308872648755,0.7701733938450922,0.8000313765626459,1,-4.690117252931325,-3.7225042301184508,감소형,,0.0,,25.0,관찰,25.0
2026-10-05T08:05:23+09:00,STRAX,KRW-STRAX,STRAXUSDT,15.5,0.0,157891285.63614002,1791155026713,False,False,,378643397.8916593,403155371.0434237,393354545.3045544,410660943.6760527,380996694.0882457,0.9391996859961858,0.9409854323789472,0.8806205609501093,1,-1.273885350318471,0.0,중립,141293.46982,-0.348,125536.47654,185554.56918,171146.26694,183348.09106,193542.41548,0.6765474819335839,0.6973616845913573,0.5976360468735443,1,0.17421602787455193,0.7887817703768674,감소형,,0.0,,25.0,관찰,25.0
2026-10-05T08:05:23+09:00,LINEA,KRW-LINEA,LINEAUSDT,3.9,0.7751938,375090013.89821047,1791154866188,False,False,,335865225.06738585,434226596.5425455,551315240.3235275,709330455.6454579,823465791.6112721,0.7734791644308637,0.5944965173211141,0.40435832301898317,1,-2.7638190954773822,-3.4912718204488713,중립,446652.297882,1.695,364834.276925,1353509.353794,958884.230438,1025780.070951,1133657.205596,0.2695469195704773,0.3278747434471017,0.23504665748382608,1,-2.636986301369859,-3.5944387928111166,감소형,,0.0,,24.4,관찰,24.4
2026-10-05T08:05:23+09:00,A,KRW-A,AUSDT,131.0,0.76923077,279612638.21488124,1791155000864,False,False,,326358162.10379684,395352107.0236959,361235900.1252551,609387045.342948,578454018.1742153,0.8254873473691546,0.7167586878876743,0.56214757016194,1,-3.703703703703709,0.0,중립,327486.31454,0.733,234292.55109,913671.72196,465148.54865,820497.76807,394384.47687,0.2564296841620509,0.3195889093383953,0.3044218374324374,1,-2.9381965552178313,0.5246589716684236,감소형,,0.0,,24.4,관찰,24.4
2026-10-05T08:05:23+09:00,CASHCAT,KRW-CASHCAT,,221.0,0.91324201,1794139927.671054,1791155097560,False,False,,5212029574.204098,5684540918.640027,3660898042.074967,9606654205.562593,12090132984.640335,0.9168778356601269,0.8250322845834449,0.2608212885932612,1,-4.366812227074234,-10.97560975609756,중립,,,,,,,,,,,,,,NO_DATA,,0.0,,24.3,관찰,24.3
2026-10-05T08:05:23+09:00,AGLD,KRW-AGLD,AGLDUSDT,286.0,-2.05479452,285962246.6442818,1791154980327,False,False,,407423404.04846334,436430843.6908121,316931606.2349121,371515332.04418707,1082641896.3506818,0.9335348542347778,1.0865804549938953,0.6820463937592826,1,4.285714285714293,-1.016949152542368,중립,176151.24075,-1.307,283458.30696,318937.28686,176910.30406,252412.94355,434129.37834,0.8887587580326607,1.136469026102424,0.8971365153348383,1,3.827519379844957,-1.7423200366804226,중립,,0.0,,24.2,관찰,24.2
2026-10-05T08:05:23+09:00,KAITO,KRW-KAITO,KAITOUSDT,467.0,-1.05932203,1024117282.0767994,1791155094652,False,False,,1615189901.1756525,2034155763.4715042,1605494160.9923124,1598554152.4847195,1686293984.324753,0.7940345229114403,0.9250440861688795,0.8564672996884938,1,-0.42194092827003704,3.96475770925111,중립,1127526.38777,-0.49,2945404.46091,2365581.05415,1779458.10794,2712955.59141,2432824.35459,1.24510823915452,1.2884543806657784,1.218032417577414,3,-0.5998286203941827,4.129263913824044,중립,,0.0,,24.1,관찰,24.1
2026-10-05T08:05:23+09:00,DOT,KRW-DOT,DOTUSDT,1633.0,1.4916097,1172428114.9683728,1791155106723,False,False,,1676378337.0102031,1926317716.1368618,2049593702.0500307,1675950447.9663336,2780749267.597658,0.8702501788604736,0.8898191658129717,0.6734024825789782,1,-3.1889290012033666,0.062189054726369264,중립,7950940.77829,2.288,10096468.35713,14387202.85176,10888002.07453,13438525.54572,12735964.23096,0.7017672900813302,0.7823943779659576,0.7412177113411902,1,-3.107113654946858,0.2538071065989911,감소형,,0.0,,23.8,관찰,23.8
2026-10-05T08:05:23+09:00,ELSA,KRW-ELSA,,75.0,1.48849797,710093200.0893445,1791154650209,False,False,,442148503.8233178,503784771.0766363,432702251.08452934,746174283.5783622,5179491245.1649065,0.8776535719378815,0.7883021419375791,0.11251904364757472,1,-2.506596306068587,-4.645161290322575,중립,,,,,,,,,,,,,,NO_DATA,,0.0,,23.8,관찰,23.8
2026-10-05T08:05:23+09:00,VANA,KRW-VANA,VANAUSDT,1485.0,2.1320495200000003,451630367.7700081,1791154956348,False,False,,336251548.9765071,413840835.215915,272761378.5906982,291089516.09407747,723666198.0693655,0.8125141850757022,1.0317716884359716,0.6878830504469657,1,-1.2228260869565188,-1.756756756756761,중립,191797.28409,2.428,209425.08756,333519.34421,314351.00811,336246.39531,364224.39352,0.6279248601188655,0.6384153752012091,0.629704047800881,1,-0.8310249307479145,-1.5582034830430747,감소형,,0.0,,23.5,관찰,23.5
2026-10-05T08:05:23+09:00,ICP,KRW-ICP,ICPUSDT,4555.0,-0.17532324999999999,730479919.6723936,1791154791237,False,False,,409218984.32359827,480002046.60734427,473330201.17496794,1773193867.4018872,4055348517.790975,0.8525359156611084,0.4502641460626012,0.27175300423277643,1,0.8620689655172376,6.9871043376318775,중립,12819660.90889,0.447,5299845.96911,10392096.76331,8070357.63113,17526609.08151,29936724.28525,0.5099881274991073,0.4417880425800744,0.334514898154404,1,0.7192088702427268,7.208931419457754,감소형,,0.0,,23.2,관찰,23.2
2026-10-05T08:05:23+09:00,LIT,KRW-LIT,,4959.0,2.39520958,3451566938.178905,1791155106720,False,False,,3335528834.31915,4168518189.2755904,4777216737.238296,18666840932.308918,7723092419.460458,0.8001713517528879,0.3623923589787127,0.4391160764149635,1,-9.981412639405207,-19.950413223140494,중립,,,,,,,,,,,,,,NO_DATA,,0.0,,23.1,관찰,23.1
2026-10-05T08:05:23+09:00,WAL,KRW-WAL,WALUSDT,48.7,2.09643606,461795234.3483707,1791154972766,False,False,,447541666.8739779,544189635.7424119,447165713.3554803,531205278.0928564,513464051.86685574,0.8224002029428918,0.8818203864230936,0.742858755413924,1,3.0237580993520696,2.580645161290329,중립,598599.930494,3.5,254076.146464,471294.792631,550465.962733,390132.922401,345372.675666,0.53910238440281,0.5398624920529375,0.5607973094500616,1,3.330386089006776,1.9482407676650215,감소형,,0.0,,21.7,관찰,21.7
2026-10-05T08:05:23+09:00,ORCA,KRW-ORCA,ORCAUSDT,2689.0,9.755102039999999,6045520744.229189,1791155124380,False,False,,963421459.3672208,859418854.4944104,1053387312.5792247,714907045.0583446,1043339764.4454974,1.1210150374627217,1.0999162179333348,0.8741331742532061,2,9.131403118040083,6.382978723404253,중립,6898476.48083,10.667,1256261.5906,1296068.37312,1446157.23108,966165.45954,1106594.38113,0.9692865103835735,1.016285690214961,0.9317543170610062,1,9.134906231094986,6.24263839811543,중립,,0.0,,21.4,관찰,21.4
2026-10-05T08:05:23+09:00,AXL,KRW-AXL,AXLUSDT,72.4,-3.33778371,309707684.9158017,1791155117730,False,False,,385599998.93207,507951765.1256788,520749337.6614583,563508559.562091,571799227.5223174,0.7591271955451594,0.7265374806791511,0.34304560169094983,1,7.7697841726618755,5.940594059405946,중립,245965.921841,-2.727,319730.637608,471502.066228,656795.46332,731745.808803,456180.788142,0.6781107878610881,0.5156825612861045,0.4040321191298448,1,7.843137254901977,5.363984674329503,감소형,,0.0,,21.0,관찰,21.0
2026-10-05T08:05:23+09:00,POD,KRW-POD,,1157.0,6.6359447000000005,112801653327.02827,1791155123745,False,False,,,,,,,,,,,,,NO_DATA,,,,,,,,,,,,,,NO_DATA,,0.0,,19.7,관찰,19.7
2026-10-05T08:05:23+09:00,SENT,KRW-SENT,SENTUSDT,31.2,3.3112582799999997,1587922013.8646595,1791155074453,False,False,,253566995.3502988,315894914.07653916,167714413.8347954,318951121.46773565,92858382.24644414,0.8026941367244085,0.9478426038056574,1.0948337448586867,1,4.861111111111116,6.338028169014098,중립,3519070.3422,3.722,790733.61119,717985.35721,740800.55103,1019744.80597,666782.53124,1.1013227543562871,0.9570996316364426,0.9368389653513778,2,4.934210526315774,6.893250359023462,중립,,0.0,,19.7,관찰,19.7
2026-10-05T08:05:23+09:00,MOVE,KRW-MOVE,MOVEUSDT,13.7,-0.72463768,2259195421.0894623,1791155026064,False,False,,4733943181.427153,5686600172.190113,14979745176.309935,982136464.7263615,1316580164.9749055,0.8324733651186068,0.6560196537941368,0.9541852692914158,1,9.523809523809534,12.195121951219502,중립,452782.8691994,0.803,1176994.3032342,1420219.5779038,6161631.6041352,780677.5778592,843649.1309715,0.828741077468744,0.4222386566411741,0.5777982699252299,1,9.314624932541804,12.084993359893748,중립,,0.0,,19.0,관찰,19.0
2026-10-05T08:05:23+09:00,YGG,KRW-YGG,YGGUSDT,38.1,2.14477212,972759888.8165647,1791154877882,False,False,,738108813.7443101,1138463871.4555748,82467192.24871556,140027335.5129033,176617028.28265986,0.6483374942769211,1.6270346268530937,1.849342772979704,1,2.754820936639124,4.7752808988763995,감소형,1084980.719389,2.515,1646586.116024,2201008.573177,287406.421907,354851.26365,281510.826328,0.7481052714153084,1.7373534163035051,2.269892112176519,1,3.1894934333958735,4.682146935668063,감소형,,0.0,,18.5,관찰,18.5
2026-10-05T08:05:23+09:00,SYRUP,KRW-SYRUP,SYRUPUSDT,348.0,-0.57142857,886413422.6659472,1791155011288,False,False,,1110496823.3417513,1239628132.6970644,1201747667.153182,1717613584.2877884,5892271444.03353,0.8958306076239481,0.8010336556114382,0.4882836599061409,1,13.268608414239491,12.17948717948718,중립,1737754.25178,0.272,1974369.67781,2347612.93295,2460129.20899,3153178.00538,7168794.44926,0.8410115867478273,0.7440231686564501,0.5639624848547898,1,14.469026548672549,12.185602775368597,중립,,0.0,,17.7,관찰,17.7
2026-10-05T08:05:23+09:00,2Z,KRW-2Z,2ZUSDT,60.8,-1.7770597700000001,3905077913.5477066,1791155122479,False,False,,6452428210.537172,8978861365.530071,3082835864.707654,3312971312.419256,2620478011.3151684,0.7186243275019372,1.259037525128088,1.4377138239180307,1,-23.955773955773964,-32.79044516829532,감소형,2003954.30946,-0.597,6532934.29076,9783090.1664,2969425.32324,2343001.5204,2261295.6006,0.6677781947873022,1.2983194188874003,1.5565406962855954,1,-24.025430818136183,-32.9147584576747,감소형,,0.0,,17.3,관찰,17.3
2026-10-05T08:05:23+09:00,BAT,KRW-BAT,BATUSDT,139.0,7.751937979999999,4127618722.4400015,1791155108593,False,False,,1819851401.6534905,2843825060.092779,84508705.49946734,405337643.625914,243079346.94842562,0.6399308548164064,1.6377001614087963,2.2471024669480273,1,5.737704918032782,3.200000000000003,감소형,4377331.6315,8.957,984766.1015,3152315.2906,258660.4332,475630.7069,574440.3281,0.31239454518921655,0.760122836509565,0.971573157799698,1,5.456570155901996,3.1590413943355156,감소형,,0.0,,15.4,관찰,15.4
2026-10-05T08:05:23+09:00,AXS,KRW-AXS,AXSUSDT,1841.0,13.014119090000001,89729391859.53412,1791155094974,False,False,,20471633605.13922,31725038697.108288,997139546.4232591,2059369222.2195618,2489002444.4799623,0.6452831720897221,1.7657322715699193,2.4916883207973037,1,3.69191597708467,7.880794701986749,감소형,16818376.93094,13.987,7619251.70117,11376883.30399,1439375.17004,1993346.53018,1862509.38923,0.6697134441466797,1.5434412394531867,1.9991117986697144,1,3.6300777873811585,7.726864330637917,감소형,,0.0,,13.6,관찰,13.6
2026-10-05T08:05:23+09:00,USDT,KRW-USDT,,1352.0,-0.51508462,36201786912.564835,1791155120251,False,False,,43892751489.19913,131256174943.20087,60350850647.97362,72578772368.23082,83961507289.44925,0.33440523090203605,0.49843048144408963,0.4905499973583318,1,-0.07352941176470562,0.0,감소형,,,,,,,,,,,,,,NO_DATA,,0.0,,13.0,관찰,13.0
2026-10-05T08:05:23+09:00,TRX,KRW-TRX,TRXUSDT,454.0,-0.43859649,1613370944.0360875,1791155114893,False,False,,1898759656.661378,3579381331.044195,2606326074.707076,2686183392.1002235,2784883479.4634333,0.5304714644939666,0.642059184425895,0.6142957533584279,1,-0.6535947712418277,0.219780219780219,감소형,12588979.34276,0.149,19976257.08452,25682082.7323,35090235.10203,36499167.989,22580827.2263,0.7778285465686215,0.6160980347561056,0.6765114446719345,1,-0.5927682276229973,-0.05959475566150729,중립,,0.0,,13.0,관찰,13.0
2026-10-05T08:05:23+09:00,WLFI,KRW-WLFI,WLFIUSDT,74.5,-0.40106952,1449811225.1691244,1791154811770,False,False,,1390391307.4364738,2210035819.167984,1986271934.5487258,2983070927.662493,1592597043.6922023,0.629126141475805,0.5809937192932848,0.5680627270023877,1,-0.5319148936170248,-3.2341526520051733,감소형,2999637.41226,0.73,2239412.21772,8127576.44885,5365768.60936,8404925.86272,5504137.5826,0.27553259348755343,0.30679301929445135,0.32984404273549317,1,-0.18115942028984477,-3.3333333333333326,감소형,,0.0,,13.0,관찰,13.0
2026-10-05T08:05:23+09:00,LSK,KRW-LSK,LSKUSDT,362.0,-2.4258760099999996,1440504908.3552299,1791154851498,False,False,,1020611024.5242027,2341746148.415004,2162649187.7377563,3691893922.090325,8914575427.550499,0.43583333112984807,0.37356332568342365,0.25023251199519136,1,-2.110817941952503,-2.368421052631575,감소형,1574273.3028,-2.368,1707245.23386,3774666.78172,4225621.59977,3511030.89704,4991777.23076,0.4522903166255276,0.44493038353411457,0.37331562948307406,1,-3.6401820091004566,-10.091443500979768,감소형,,0.0,,13.0,관찰,13.0
2026-10-05T08:05:23+09:00,USDC,KRW-USDC,USDCUSDT,1350.0,-0.51584377,1283093960.6304297,1791154916958,False,False,,607819168.119504,2055045355.979472,1581488631.3213503,1318222080.6696765,1530278582.0070238,0.2957692229764955,0.3680216501769001,0.3685175900884622,1,-0.22058823529411686,0.0,감소형,834621154.21388,-0.004,1328136568.42923,4452872767.65104,4435066737.89797,2901145994.44802,3048582782.34266,0.29826510608562545,0.33797445147791094,0.36313858708327673,1,-0.049969019208107035,-0.0329851566795103,감소형,,0.0,,13.0,관찰,13.0
2026-10-05T08:05:23+09:00,POL,KRW-POL,POLUSDT,149.0,-0.66666667,1198892625.5297143,1791155083582,False,False,,1093034932.3380268,2747930892.093382,3615694142.5386906,3927142077.146339,4227628880.0489774,0.3977665288028221,0.3186453217137665,0.27314473026400693,1,-3.2258064516129004,-5.660377358490565,감소형,2688987.204226,0.055,3032618.648812,9103411.697947,9173885.922247,13247575.536117,15849082.794271,0.33312990222071537,0.2885929437788932,0.23085953732960068,1,-3.4180543382997253,-5.763639473234139,감소형,,0.0,,13.0,관찰,13.0
2026-10-05T08:05:23+09:00,SAHARA,KRW-SAHARA,SAHARAUSDT,12.5,-0.79365079,961448906.4289275,1791155088901,False,False,,1538963057.320325,2727305070.9030786,1844238570.2247522,2448638610.1829057,3080808847.913265,0.5642797623702346,0.6576594462485581,0.4479793801374022,1,-0.7874015748031482,-0.7874015748031482,감소형,211915.22132,0.0,370361.53878,1009658.72518,636914.20449,1138853.20015,1372588.333,0.36681853931780034,0.39889214955120733,0.297803795071901,1,-0.9635974304068484,-0.8574490889603492,감소형,,0.0,,13.0,관찰,13.0
2026-10-05T08:05:23+09:00,VTHO,KRW-VTHO,VTHOUSDT,0.889,-0.44792833000000004,877704109.2551054,1791155116160,False,False,,647582541.5200278,1136002541.2024934,1105796104.2251985,1456425584.3714652,1537656722.442391,0.5700537789594571,0.5253190460724416,0.4355169698837331,1,-4.389721627408994,-7.461139896373048,감소형,243404.362491,0.459,288777.412881,2274135.810905,60449746.297602,16426085.509167,17559804.567635,0.12698336286524597,0.010945452850059665,0.012724414165431292,1,-4.0875912408758985,-7.464788732394368,감소형,,0.0,,13.0,관찰,13.0
2026-10-05T08:05:23+09:00,ZKC,KRW-ZKC,ZKCUSDT,57.1,0.0,805107269.4266113,1791155120574,False,False,,1123470855.0493581,8911325503.485468,1116531910.1765485,1059881170.4734648,1257073907.30738,0.12607224981400772,0.30397655388182726,0.3756586355703091,1,-0.5226480836236891,-1.551724137931032,감소형,264310.93872,0.957,207344.15397,1799118.19089,404485.69372,410784.48121,291629.10686,0.11524765577931798,0.2379265720588151,0.28002120873204184,1,0.0,-1.4084507042253391,감소형,,0.0,,13.0,관찰,13.0
2026-10-05T08:05:23+09:00,MET2,KRW-MET2,,409.0,-1.2077294699999999,764158811.1030619,1791155069863,False,False,,428887714.17607176,1591189905.7723372,800844888.4518642,1326629080.7692537,1236367304.518391,0.2695389862770005,0.3460014633698185,0.288620569968171,1,-4.1666666666666625,-7.58928571428571,감소형,,,,,,,,,,,,,,NO_DATA,,0.0,,13.0,관찰,13.0
2026-10-05T08:05:23+09:00,FF,KRW-FF,FFUSDT,155.0,-1.27388535,693276901.379393,1791155117101,False,False,,386336437.03109926,893778999.885415,733522880.2518207,1659792039.549592,1418967683.5098915,0.4322505195139164,0.3525939140807149,0.2537244810279937,1,-11.299435028248583,-6.547619047619047,감소형,1587799.857536,-0.339,566993.50731,1714267.550741,645658.354215,1541857.865809,1557441.041549,0.33074971702341005,0.43594945846947813,0.3898873164843208,1,-11.710051447439152,-6.42142101407992,감소형,,0.0,,13.0,관찰,13.0
2026-10-05T08:05:23+09:00,JPYC,KRW-JPYC,,8.51,-0.23446659,631773800.2811787,1791154996778,False,False,,477043895.1854716,1265839473.169068,1058681871.7023259,859653062.0279824,921894373.7899803,0.37685970875215125,0.4494514127289888,0.3972007515736877,1,-0.5827505827505908,-0.4667444574095736,감소형,,,,,,,,,,,,,,NO_DATA,,0.0,,13.0,관찰,13.0
2026-10-05T08:05:23+09:00,IN,KRW-IN,,50.1,-0.19920318999999997,619833294.2463052,1791155122797,False,False,,369063531.05256236,1284315748.6678302,1197525625.316245,1097811322.2599995,1637709502.4694736,0.287361991344712,0.30930112139632954,0.15894179061972652,1,-1.953125,-3.4615384615384603,감소형,,,,,,,,,,,,,,NO_DATA,,0.0,,13.0,관찰,13.0
2026-10-05T08:05:23+09:00,PROM,KRW-PROM,PROMUSDT,8285.0,-2.70111568,565808704.2368413,1791155107030,False,False,,993325070.0146778,1566734282.1541624,2319516367.5695124,9218543471.440582,6162472099.968297,0.6340099156118021,0.22739580511466181,0.2078844120506272,1,-2.68571428571428,-0.9883720930232598,감소형,529493.64515,-2.639,686033.69898,1631146.02042,1309004.65364,3303453.67863,5318482.55699,0.4205838658168413,0.3296334906380296,0.25069646134056456,1,-2.7747636025422295,-0.9319222871584265,감소형,,0.0,,13.0,관찰,13.0
2026-10-05T08:05:23+09:00,PYTH,KRW-PYTH,PYTHUSDT,106.0,0.0,563376620.532321,1791154972453,False,False,,1083010231.567132,1507347160.5077894,1237064928.8290472,1621571823.7009432,2475514151.4164877,0.7184875919375412,0.7441691860107597,0.5694922247505046,1,0.0,-4.504504504504503,감소형,1393135.721869,0.284,1750971.08347,2801134.336004,1834466.470557,2740094.074432,4457764.302143,0.625093577613944,0.7121923202038414,0.4943678272411002,1,1.0093167701863415,-3.902499076695798,감소형,,0.0,,13.0,관찰,13.0
2026-10-05T08:05:23+09:00,BIRB,KRW-BIRB,,86.3,-0.23121387,517944149.61488754,1791154211089,False,False,,448029856.9952635,774724808.1809583,438834009.3445742,673677589.3022734,899203667.3209085,0.5783083906235437,0.7121998951074852,0.3173201178587829,1,-2.4802705749718212,-2.9180695847362492,감소형,,,,,,,,,,,,,,NO_DATA,,0.0,,13.0,관찰,13.0
2026-10-05T08:05:23+09:00,PROVE,KRW-PROVE,PROVEUSDT,287.0,-2.0477815699999997,497641461.0061862,1791155097877,False,False,,199678787.1916903,530628167.61793965,593618239.4372921,462360684.01245195,981135744.5345285,0.37630642204328296,0.3775581017805475,0.3115173052917397,1,-11.212121212121207,-4.248366013071891,감소형,573354.16749,-1.943,454474.28441,1484075.94871,922087.23162,1253178.14936,1276475.37215,0.3062338452456168,0.37258695770408,0.36221072209109273,1,-10.780669144981413,-4.0000000000000036,감소형,,0.0,,13.0,관찰,13.0
2026-10-05T08:05:23+09:00,ID,KRW-ID,IDUSDT,49.5,-1.39442231,459059209.81306934,1791155096925,False,False,,527650925.26038206,934414839.423865,865318248.9650791,566144790.6956267,682789129.7698361,0.5646859435427175,0.6690762823285021,0.5727182215367956,1,-1.5686274509803866,-2.5242718446601864,감소형,296866.3993,-0.545,243241.539,505435.2718,326918.2381,301287.2875,318518.3322,0.4812516113759673,0.643700031503471,0.6119843000469869,1,-1.3404825737265424,-2.645502645502651,감소형,,0.0,,13.0,관찰,13.0
2026-10-05T08:05:23+09:00,ZORA,KRW-ZORA,,10.5,0.0,436145382.04665965,1791155009688,False,False,,334305812.3334594,911887211.6643176,671762194.5976688,1355523643.3036327,1154734763.0261993,0.3666087297389619,0.341224358037918,0.2773657974203787,1,-3.669724770642202,-2.777777777777779,감소형,,,,,,,,,,,,,,NO_DATA,,0.0,,13.0,관찰,13.0
2026-10-05T08:05:23+09:00,CRV,KRW-CRV,CRVUSDT,507.0,-2.12355212,435792792.63984287,1791154947836,False,False,,445742246.1737448,692825618.3347,1797950672.6504776,2697871689.106791,5004227155.934706,0.643368597202203,0.25772161527472365,0.1954501210496411,1,-3.5381750465549366,0.19342359767891004,감소형,2225901.55458,-0.634,3531158.24143,6089550.29081,4669938.17999,8773749.69948,20499171.92628,0.5798717594563627,0.5423306996997593,0.35529322946842645,1,-3.4972123669538724,0.39546533087266855,감소형,,0.0,,13.0,관찰,13.0
2026-10-05T08:05:23+09:00,XAUT,KRW-XAUT,XAUTUSDT,5610000.0,-0.24893314000000002,423420795.86513,1791155044715,False,False,,306201148.94285,683720937.89683,214279877.8308,405538119.04278,905787481.32044,0.44784521282139556,0.7046996620705787,0.3777237086135089,1,-0.636042402826853,0.12462168417304298,감소형,4027463.028395,0.091,4308773.103049,51835126.323116,17421441.26334,22303745.3119,36879282.981282,0.08312457996514021,0.14117819063699485,0.10177570119173514,1,-0.4147551862431098,0.23401804383180735,감소형,,0.0,,13.0,관찰,13.0
2026-10-05T08:05:23+09:00,IRYS,KRW-IRYS,,21.4,-2.2831050200000003,367217217.90033084,1791154990471,False,False,,264987271.52200043,859692467.4340284,1153575064.5512717,1574453227.6806483,3538800383.9578795,0.30823495791805944,0.2215785084232754,0.02676631385691276,1,-2.6666666666666727,-5.194805194805207,감소형,,,,,,,,,,,,,,NO_DATA,,0.0,,13.0,관찰,13.0
2026-10-05T08:05:23+09:00,PIEVERSE,KRW-PIEVERSE,,1813.0,-1.4138118499999999,338377933.6221052,1791154869025,False,False,,213521437.4593324,373765677.03629786,394828847.61964494,329172216.4205704,575568481.0440459,0.5712708538472796,0.5835158676330772,0.42727818695758885,1,-5.788934426229508,-7.773319959879643,감소형,,,,,,,,,,,,,,NO_DATA,,0.0,,13.0,관찰,13.0
2026-10-05T08:05:23+09:00,KAT,KRW-KAT,KATUSDT,6.51,0.0,329035277.0723743,1791154876927,False,False,,216568984.1277997,553633599.7121161,511207143.20382804,630932144.4739393,403636264.2801938,0.39117745787180075,0.3831332351252658,0.34655279486050644,1,-5.3779069767441845,-1.957831325301207,감소형,245366.45971,0.628,205391.55618,767846.31064,638270.97887,667691.11249,572486.77842,0.2674904513232682,0.2971222741434336,0.29778189134090144,1,-5.148514851485142,-2.4439918533604943,감소형,,0.0,,13.0,관찰,13.0
2026-10-05T08:05:23+09:00,F,KRW-F,FUSDT,4.67,-1.05932203,309854248.24214804,1791155120570,False,False,,472418491.08864534,805786820.567434,864668641.8429292,707016261.9416915,2373976445.0606766,0.5862822263039359,0.5961187503301174,0.34235288608858366,1,-2.880658436214001,-1.4613778705636848,감소형,166382.296532,-0.289,107032.661852,262314.061287,258905.801124,328087.296951,741171.79676,0.4080324986272645,0.37807050372353984,0.2559341915617979,1,-3.000560852495804,-1.732954545454557,감소형,,0.0,,13.0,관찰,13.0
2026-10-05T08:05:23+09:00,DOOD,KRW-DOOD,,2.35,-0.42372881,302384507.2474239,1791155101348,False,False,,354963369.2146146,612392373.3353777,450009218.0362208,3201816011.455294,556007733.0980675,0.5796338828998093,0.24972696208980813,0.22691078953943322,1,-5.220883534136556,-1.2552301255230214,감소형,,,,,,,,,,,,,,NO_DATA,,0.0,,13.0,관찰,13.0
2026-10-05T08:05:23+09:00,BARD,KRW-BARD,BARDUSDT,184.0,-1.07526882,280766040.77553153,1791154899892,False,False,,309857287.63911986,627224382.1420399,377945360.3002588,553904503.967953,666532154.9272028,0.4940134606708421,0.5962332230538006,0.4745147289307951,1,-2.617801047120416,-1.5873015873015928,감소형,135160.51605,-0.804,183652.36244,593848.78734,492044.2098,494333.10267,738662.43881,0.30925778810229737,0.3486571240572756,0.324650348976184,1,-1.932712956334992,-1.5097052480229967,감소형,,0.0,,13.0,관찰,13.0
2026-10-05T08:05:23+09:00,LAYER,KRW-LAYER,LAYERUSDT,106.0,-0.9345794399999999,273753744.16753596,1791154942157,False,False,,359675037.0616995,635704474.854492,708239292.6194296,815671339.7243128,941970506.8784773,0.5657896889022631,0.49963769358187443,0.30858761629603576,1,0.0,-2.7272727272727226,감소형,187869.400964,0.513,246571.300383,408721.138576,417737.230004,491071.255861,612577.231097,0.6032751358103566,0.561440052221099,0.43351541051215803,1,0.12787723785165905,-3.094059405940597,감소형,,0.0,,13.0,관찰,13.0
2026-10-05T08:05:23+09:00,KMNO,KRW-KMNO,KMNOUSDT,54.7,-0.54545455,267720775.57090014,1791155098500,False,False,,72261095.7793402,665952646.768466,547712889.8510478,914586196.4124576,1203395424.147983,0.10850785882447803,0.10185979598812994,0.0682907655440552,1,-6.30323679727428,-5.3356282271944995,감소형,306816.28886,0.074,241922.30889,636957.43171,1380945.22854,1039244.68757,1154620.00501,0.37980922561893377,0.2374000478542626,0.18664164609586514,1,-5.8428008346858356,-5.315924457915589,감소형,,0.0,,13.0,관찰,13.0
2026-10-05T08:05:23+09:00,GAME2,KRW-GAME2,,1.37,0.0,259733722.13996822,1791154663716,False,False,,70585093.82518652,159869691.06187463,190734744.30088708,330253759.6888787,901436683.2455019,0.44151642100733063,0.311012312129839,0.0244990565936939,1,-2.142857142857124,-9.27152317880794,감소형,,,,,,,,,,,,,,NO_DATA,,0.0,,13.0,관찰,13.0
2026-10-05T08:05:23+09:00,CYBER,KRW-CYBER,CYBERUSDT,429.0,0.0,250723653.64241898,1791154706289,False,False,,247668978.84759808,927838078.9112206,7204739309.251772,548943020.5456606,267735457.19932258,0.2669312506964872,0.08558488623691597,0.13416206299885575,1,-3.378378378378377,-6.739130434782615,감소형,333098.61831,1.278,391968.88681,734090.12904,1954936.95083,739412.46586,637733.79963,0.5339519921383412,0.3429859691983048,0.4340183555907055,1,-2.777777777777779,-7.352941176470596,감소형,,0.0,,13.0,관찰,13.0
2026-10-05T08:05:23+09:00,ERA,KRW-ERA,ERAUSDT,87.8,-1.12612613,248880762.81591633,1791154951305,False,False,,239459214.18718845,772934625.5683166,914872806.4648117,2685267103.1111236,728855634.7741921,0.3098052620053358,0.16427290154519827,0.19109254037654375,1,-1.9867549668874163,-4.925053533190582,감소형,200760.14703,-0.154,179380.32626,519593.49439,458024.99823,1158640.45226,365917.20529,0.3452320481236809,0.2519081219389483,0.2894967098280128,1,-1.807228915662662,-5.09461426491995,감소형,,0.0,,13.0,관찰,13.0
2026-10-05T08:05:23+09:00,MOODENG,KRW-MOODENG,,63.0,0.0,202556810.27597204,1791154835721,False,False,,301484232.633217,578816175.1271464,737239473.9847494,3134742272.8612466,361685744.7290208,0.5208635238415565,0.203211359795613,0.2784149945629569,1,-1.4084507042253502,-0.7874015748031482,감소형,,,,,,,,,,,,,,NO_DATA,,0.0,,13.0,관찰,13.0
2026-10-05T08:05:23+09:00,ANKR,KRW-ANKR,ANKRUSDT,6.68,-0.89020772,194509931.3226241,1791154206986,False,False,,268722185.92496014,428250745.32702565,339816666.95248264,374801148.7818206,508964198.0687297,0.6274879585317603,0.7053886905649334,0.6449975031929706,1,-0.5899705014749235,-0.8823529411764675,감소형,134334.723236,1.018,311648.321935,315832.236174,336000.561961,353546.982769,408070.55089,0.9867527321159991,0.9299420811549763,0.8705061672621929,1,-1.002004008016022,-1.002004008016022,중립,,0.0,,13.0,관찰,13.0
2026-10-05T08:05:23+09:00,MTL,KRW-MTL,MTLUSDT,432.0,0.0,191419274.07335103,1791155062995,False,False,,289535854.4496258,397334974.2397306,510648117.8954468,1464936418.6454394,512420636.10434264,0.7286946108975935,0.36605015863480866,0.42354348376785955,1,-3.57142857142857,-1.5945330296127547,감소형,68468.8404,-0.031,115580.40495,182865.74211,347273.07638,584325.59576,472108.68539,0.6320506160222971,0.3111281171623107,0.3021182525918405,1,-3.188581840267235,-1.8170619032953583,감소형,,0.0,,13.0,관찰,13.0
2026-10-05T08:05:23+09:00,O,KRW-O,,693.0,-0.71633238,178468949.33609033,1791154916964,False,False,,242385808.3907158,528636505.7869164,580512031.0454932,1603053598.987542,1221300498.0286026,0.4585112941262083,0.26810591126988903,0.26425684820842327,1,-7.9155672823219,-3.3240997229916913,감소형,,,,,,,,,,,,,,NO_DATA,,0.0,,13.0,관찰,13.0
2026-10-05T08:05:23+09:00,CKB,KRW-CKB,CKBUSDT,1.78,0.0,169758749.5801254,1791154997098,False,False,,289683196.9127498,4768391088.225902,188220215.88725707,185349835.186103,203798998.8212613,0.060750721061457146,0.169011310508792,0.25291793821083725,1,-1.1111111111111072,-1.1111111111111072,감소형,271361.71336,0.767,270782.847169,1515578.062884,251944.737651,383632.235106,264105.11686,0.17866638070343022,0.37763365636030827,0.4763901251543585,1,-0.4555808656036442,-0.9070294784580435,감소형,,0.0,,13.0,관찰,13.0
2026-10-05T08:05:23+09:00,SUN,KRW-SUN,SUNUSDT,23.3,0.0,145933239.6076069,1791155025757,False,False,,119867962.02177428,498204373.13762385,271599920.40288025,252091877.87962645,506868115.28542954,0.24059997961652171,0.35189865284022037,0.22475601494376285,1,-0.42735042735041473,-0.8510638297872353,감소형,510738.78949,0.877,284300.14932,479391.09823,461039.81255,491246.85696,727709.09468,0.593044281317881,0.5957349252593067,0.37858422062366187,1,-0.7549361207897731,-1.2138728323699333,감소형,,0.0,,13.0,관찰,13.0
2026-10-05T08:05:23+09:00,ORDER,KRW-ORDER,,52.1,-2.61682243,137430148.25941074,1791154752051,False,False,,95007464.1863828,194795637.41117793,130137176.73741879,244518903.22202173,391919553.76967627,0.48772891143264896,0.5005207357617752,0.21999914221958836,1,-2.7272727272727226,-3.6036036036036,감소형,,,,,,,,,,,,,,NO_DATA,,0.0,,13.0,관찰,13.0
2026-10-05T08:05:23+09:00,NCT,KRW-NCT,,13.6,0.0,111941375.54989707,1791154848032,False,False,,123477379.44245784,396366876.72003603,290152790.2099427,260081013.94670597,487096482.7687506,0.3115229518274632,0.3913288314818256,0.2691795645204343,1,-2.158273381294973,-2.158273381294973,감소형,,,,,,,,,,,,,,NO_DATA,,0.0,,13.0,관찰,13.0
2026-10-05T08:05:23+09:00,ONDO,KRW-ONDO,ONDOUSDT,673.0,-1.31964809,22216367260.021645,1791155125629,False,False,,31445338053.714085,52234856741.40611,42533096162.8736,67599947785.99202,78403311211.69446,0.6019991250169858,0.5810016250754814,0.38132803069533455,1,0.2941176470588225,-3.672316384180796,감소형,12668455.18695,0.932,16000108.91762,32179246.58289,27012004.85743,42640122.3001,37004235.9351,0.4972182576246954,0.47137070815933807,0.3602350742715267,1,0.36014405762305746,-3.5199076745527913,감소형,,0.0,,12.9,관찰,12.9
2026-10-05T08:05:23+09:00,OPG,KRW-OPG,OPGUSDT,183.0,2.8089887599999996,739715196.2984794,1791154140761,False,False,,306028182.3350754,596797559.6774409,225609811.47142154,171222417.62468308,349684736.0523854,0.5127839036414266,0.9239704338357587,0.8016513002268688,1,3.488372093023262,7.2289156626506035,감소형,582803.71533,3.929,1114158.22886,1047054.2437,646875.65915,446212.28128,622162.47918,1.064088356036716,1.561800291291752,1.5009591870090677,4,3.898170246618915,6.006493506493493,연속 가속형,EARLY,5.0,Binance 연속가속 우위,12.9,관찰,12.9
2026-10-05T08:05:23+09:00,ZBT,KRW-ZBT,ZBTUSDT,117.0,0.0,611975103.6009704,1791155125946,False,False,,558015578.3677182,1206043273.1749878,840315363.292076,1180986424.1273835,1701217551.4054873,0.4626828827614997,0.5187070807962538,0.3965511598212424,1,-1.6806722689075682,0.8620689655172376,감소형,253445.96199,-0.347,273246.75009,792369.3897,477964.80252,410463.07928,534171.21766,0.34484768548852485,0.4877091747884837,0.4902187584755595,1,-0.9153318077803285,1.6431924882629012,감소형,,0.0,,12.8,관찰,12.8
2026-10-05T08:05:23+09:00,GAS,KRW-GAS,GASUSDT,1936.0,-0.10319916999999999,441088995.28410274,1791155117107,False,False,,492903510.657849,1200059435.4386399,907499787.0226144,979758789.1358341,1319662120.1314473,0.4107325821555541,0.4789628170531746,0.35272741980562056,1,-0.41109969167523186,1.0427528675703845,감소형,113099.0625,0.563,146141.1039,438199.2478,287903.367,336636.6885,259084.1658,0.33350377627006045,0.41254078995536847,0.3899230652869675,1,-0.6280530355896818,0.8498583569405138,감소형,,0.0,,12.8,관찰,12.8
2026-10-05T08:05:23+09:00,DOS,KRW-DOS,,290.0,0.0,433018194.8644552,1791155045981,False,False,,430404877.6578312,1168466346.3163924,845918372.4131896,918425954.92722,1302023647.03011,0.36835025588429565,0.4402652529096025,0.3298540324884148,1,-0.3436426116838476,1.0452961672473782,감소형,,,,,,,,,,,,,,NO_DATA,,0.0,,12.8,관찰,12.8
2026-10-05T08:05:23+09:00,AUCTION,KRW-AUCTION,AUCTIONUSDT,5075.0,0.29644269,229286352.8607044,1791154959827,False,False,,226548193.9459564,395511365.1792677,187178740.64918137,255744298.9929453,406402155.5190228,0.5727981896127616,0.810611513470334,0.6280935811166757,1,-0.2955665024630516,-0.7843137254901933,감소형,240223.34898,0.455,181806.78484,456370.36588,402692.40192,430261.9526,345828.50851,0.39837552661735504,0.4230279198794768,0.4484133493172656,1,0.0,-0.3734329154441274,감소형,,0.0,,12.8,관찰,12.8
2026-10-05T08:05:23+09:00,ARKM,KRW-ARKM,ARKMUSDT,179.0,-1.10497238,218401804.7121347,1791154396571,False,False,,156724213.33078757,318910804.1195782,281906330.91360587,1396539107.3160887,3700722648.2636228,0.4914358852264615,0.235397486949724,0.12680245305303045,1,0.5555555555555536,0.0,감소형,614440.57638,-0.601,532583.65878,1403380.92505,917787.97415,1853791.13516,2880243.80584,0.37950042591680877,0.3826985080552819,0.3208243000558693,1,0.6792452830188589,-0.14970059880240472,감소형,,0.0,,12.8,관찰,12.8
2026-10-05T08:05:23+09:00,TRUST,KRW-TRUST,,82.1,-1.6766467100000002,181769152.57824737,1791155095972,False,False,,424612036.4916116,763364226.8282503,770487222.34593,717983131.2500188,1382969472.5107877,0.556237797854189,0.5656881373741363,0.10741419402160592,1,0.48134777376656057,-1.1834319526627168,감소형,,,,,,,,,,,,,,NO_DATA,,0.0,,12.8,관찰,12.8
2026-10-05T08:05:23+09:00,PRL,KRW-PRL,,156.0,-1.8867924500000002,486710917.1426789,1791154881342,False,False,,342744111.2639745,895362777.7067995,513359560.53143734,722503201.1526929,904378007.3383466,0.38279915113492846,0.4824605912360528,0.34127069618732553,1,0.0,1.273885350318471,감소형,,,,,,,,,,,,,,NO_DATA,,0.0,,12.7,관찰,12.7
2026-10-05T08:05:23+09:00,NEO,KRW-NEO,NEOUSDT,3465.0,-0.0288517,413130042.1299101,1791155125002,False,False,,314199508.15500283,1805026284.1120336,273991712.79060096,297909430.1065034,511586101.39160067,0.17406921490318933,0.3965617602599966,0.39847762501737255,1,0.14446691707599157,1.0495626822157433,감소형,522772.64393,1.344,347936.07893,1545053.13557,456729.62246,830744.75813,432207.2272,0.2251936007376469,0.3685077129295004,0.4130443449667706,1,0.0393545848091259,0.7930214115781098,감소형,,0.0,,12.7,관찰,12.7
2026-10-05T08:05:23+09:00,QTUM,KRW-QTUM,QTUMUSDT,1345.0,-0.44411547,210208577.95660797,1791155063990,False,False,,214519398.80699444,609027260.3794923,180775865.09825966,432201182.2891913,399733775.14135724,0.3522328354782096,0.5266415120884506,0.4430171572959937,1,-0.8804108584005821,1.1985018726591745,감소형,131804.5955,0.202,90389.3271,323443.8089,149858.9319,270973.8461,198762.598,0.2794591351351106,0.3643376482248981,0.3768617712350226,1,-1.195219123505975,0.7106598984771617,감소형,,0.0,,12.7,관찰,12.7
2026-10-05T08:05:23+09:00,TRUMP,KRW-TRUMP,TRUMPUSDT,2783.0,-0.03591954,13522100276.486193,1791155121526,False,False,,15469432842.075308,39508000206.07998,63112984891.156975,23876405981.201538,19584911289.12464,0.39155190749681834,0.3668715862878869,0.4465136742490737,1,-0.35790980672870676,1.9033674963396807,감소형,14126983.623103,1.03,11848951.028962,33550306.888032,33501698.682096,18310299.854362,18227851.592759,0.3531696764654255,0.4164233019494784,0.4649736354646027,1,-0.2922552362396358,1.8407960199005258,감소형,,0.0,,12.6,관찰,12.6
2026-10-05T08:05:23+09:00,LINK,KRW-LINK,LINKUSDT,19280.0,0.46899427,3909886110.3806105,1791155099451,False,False,,6678665876.74546,13190276763.003939,7490512140.887117,13116878135.121498,26678862393.85493,0.5063325051281538,0.5928219130364496,0.3233382963676329,1,-1.7409114183307706,-8.400954653937942,감소형,13829072.00058,1.364,20880664.27139,58096372.30917,35591436.30333,58459687.83252,82775025.89427,0.3594142532733351,0.4117188535981353,0.28913377535587936,1,-1.7402199638034244,-8.646129950815428,감소형,,0.0,,12.6,관찰,12.6
2026-10-05T08:05:23+09:00,SLX,KRW-SLX,,83.3,-2.0,2097446266.6289809,1791155109866,False,False,,1812294429.3610291,3150621995.48467,2651501273.293359,4241935840.7780137,3498388339.785306,0.5752179829755293,0.5413033942532626,0.4407822365124019,1,1.1904761904761862,-4.601571268237925,감소형,,,,,,,,,,,,,,NO_DATA,,0.0,,12.6,관찰,12.6
2026-10-05T08:05:23+09:00,LA,KRW-LA,LAUSDT,91.5,0.43907794,1675270957.2064917,1791155100082,False,False,,1496691711.9080462,3216789488.372469,4807887697.098967,2695056914.0922995,3044543768.4845533,0.465274994623691,0.4188606819927439,0.366626111699213,1,-2.9818956336528313,-0.9782608695652284,감소형,408750.39066,1.502,328285.87211,975392.79627,1457046.19462,903323.7108,825577.86939,0.3365678661616101,0.2952421093475986,0.3093473323975009,1,-2.9027576197387495,-0.8888888888888946,감소형,,0.0,,12.6,관찰,12.6
2026-10-05T08:05:23+09:00,ENS,KRW-ENS,ENSUSDT,9245.0,-0.64481462,1173895810.7941859,1791155051642,False,False,,1278869146.1448681,3975809572.774059,2548280953.5301003,4503173753.456954,5507311284.451462,0.3216625753160902,0.3479201496490949,0.2981626521333372,1,-2.1041557075223594,1.6384489350081965,감소형,558088.4901,0.44,460087.4765,1768446.609,980031.3414,1586633.5992,2844783.1725,0.2601647537214396,0.3183914447662498,0.2636174580545609,1,-1.859799713876964,1.6296296296296253,감소형,,0.0,,12.6,관찰,12.6
2026-10-05T08:05:23+09:00,ZKP,KRW-ZKP,ZKPUSDT,66.8,0.3003003,591972788.5359217,1791154989518,False,False,,450822905.7630455,1921883271.5101266,308348977.8760194,662928196.724206,638797732.8230119,0.234573510496717,0.46747103815394486,0.510428420663392,1,-0.448430493273555,0.6042296072507503,감소형,121578.17681,0.407,125577.07136,573340.79705,206976.1094,325579.42405,244578.30746,0.21902692431121143,0.34065689856269943,0.35798812450113415,1,0.0,0.6147540983606481,감소형,,0.0,,12.6,관찰,12.6
2026-10-05T08:05:23+09:00,ONG,KRW-ONG,ONGUSDT,123.0,-0.80645161,515891233.05437016,1791155052598,False,False,,580561456.2356304,1440638959.964392,1656503242.712172,2680023876.142253,1696940566.940832,0.4029888628376259,0.30147728920110795,0.2895975615461122,1,-4.61538461538461,1.6393442622950838,감소형,219189.77103,0.0,291841.55315,647052.96049,1146217.05121,1953918.32815,744993.40856,0.45103194169607747,0.23364842651198237,0.28727032725840457,1,-5.769230769230771,1.2509773260359625,감소형,,0.0,,12.6,관찰,12.6
2026-10-05T08:05:23+09:00,SIGN,KRW-SIGN,SIGNUSDT,17.1,-0.58139535,445506503.9587243,1791153905532,False,False,,393877168.0249116,667339955.4262667,341166760.6888493,410324621.19826305,1594020023.5569654,0.5902196696334788,0.8328202746862126,0.43466174531194357,1,1.17647058823529,0.0,감소형,335368.99045,-0.157,309943.05953,536682.36448,353994.21613,366494.25644,682299.41149,0.5775167585957641,0.7396203850638791,0.5553092645400871,1,1.198083067092659,0.07898894154818592,감소형,,0.0,,12.6,관찰,12.6
2026-10-05T08:05:23+09:00,CTC,KRW-CTC,,157.0,0.0,348912796.84270394,1791155118675,False,False,,369373673.1481876,868639025.124551,1652903677.7599518,718366176.1493086,695794281.3189025,0.4252326483895015,0.3420222792731815,0.382791348982557,1,0.0,1.9480519480519431,감소형,,,,,,,,,,,,,,NO_DATA,,0.0,,12.6,관찰,12.6
2026-10-05T08:05:23+09:00,ENA,KRW-ENA,ENAUSDT,327.0,0.61538462,7396455831.248493,1791155124378,False,False,,10431815940.880327,23119523394.410423,24151468039.281754,29920917833.593338,15244514401.196398,0.45121241311585225,0.4054239378155168,0.4221421581366424,1,-9.722222222222221,-6.876790830945556,감소형,25565620.243907,1.427,21866381.19204,54607448.865894,61551418.085873,102964877.643334,42776563.593053,0.40042854310480375,0.29937031104198564,0.32842069030668025,1,-9.701774254435646,-6.780982073265784,감소형,,0.0,,12.5,관찰,12.5
2026-10-05T08:05:23+09:00,CBK,KRW-CBK,,297.0,0.6779661,297522921.99108857,1791155107349,False,False,,259362976.72387668,406875434.7029181,621178215.0314392,425404710.17478156,858608606.6668468,0.637450567427969,0.535336237785492,0.16128748087716754,1,0.0,-3.5947712418300637,감소형,,,,,,,,,,,,,,NO_DATA,,0.0,,12.5,관찰,12.5
2026-10-05T08:05:23+09:00,QKC,KRW-QKC,QKCUSDT,3.81,-0.2617801,279453255.73571646,1791154774405,False,False,,336677077.0877267,1458858107.1264794,10417798525.24314,318837072.4933537,391634324.2779166,0.2307812359838623,0.08282003629426078,0.1246294161684583,1,1.3262599469495928,-0.26109660574412663,감소형,72274.877106,0.534,81545.456811,189246.241027,917880.788186,129161.712138,109578.887512,0.43089604511281043,0.1978796394810363,0.2738323438193982,1,1.3659237958303372,-0.31813361611876534,감소형,,0.0,,12.5,관찰,12.5
2026-10-05T08:05:23+09:00,POKT,KRW-POKT,,12.2,0.0,230258467.5944805,1791154805457,False,False,,87783432.97963801,296835324.0473652,171594219.20944193,294887658.9728771,478784223.43993694,0.2957310867948811,0.3450076824806985,0.2010408498875961,1,0.8264462809917328,0.8264462809917328,감소형,,,,,,,,,,,,,,NO_DATA,,0.0,,12.5,관찰,12.5
2026-10-05T08:05:23+09:00,HYPER,KRW-HYPER,HYPERUSDT,97.7,0.61791967,177553580.41275588,1791154852164,False,False,,153254039.7232726,352611897.0742001,278938763.13762057,328061042.15125453,311882711.6163261,0.43462526646122596,0.4791126640469666,0.37500822797862954,1,-1.4213197969543234,-2.412060301507546,감소형,220409.14277,1.404,198493.40239,471361.18147,607143.87783,472478.66727,453164.4098,0.42110680767341296,0.3839371084098376,0.3604775812308368,1,-1.51724137931033,-2.4590163934426146,감소형,,0.0,,12.5,관찰,12.5
2026-10-05T08:05:23+09:00,ARB,KRW-ARB,ARBUSDT,276.0,0.7299270099999999,2432715254.8166537,1791155125003,False,False,,2906688229.9004183,6672245430.661567,5091088305.210691,6948402708.818792,10839677343.08904,0.4356386856729001,0.4660211368130582,0.31970389588198544,1,-1.0830324909747335,-0.363636363636366,감소형,7707677.48643,2.052,8786080.86864,18805800.71518,13461570.11871,18412094.49159,27439832.52973,0.46720057293534417,0.5200970933027569,0.39678193239072723,1,-0.7392804337111869,-0.2970297029703084,감소형,,0.0,,12.4,관찰,12.4
2026-10-05T08:05:23+09:00,XPL,KRW-XPL,XPLUSDT,131.0,0.76923077,2394254798.393594,1791155107350,False,False,,3986808885.005697,11963772158.872643,7252075637.625768,10836728294.743868,10535134486.510292,0.3332401212646779,0.39798340810132804,0.3702979538389829,1,0.0,-2.985074626865669,감소형,4528430.151317,1.337,8134345.026167,22523661.065391,10125389.836221,18161016.275551,21128380.687403,0.36114666272730966,0.4802795279410522,0.4183324204174464,1,0.7264687302590112,-2.724961870869347,감소형,,0.0,,12.4,관찰,12.4
2026-10-05T08:05:23+09:00,ANIME,KRW-ANIME,ANIMEUSDT,4.56,-0.21881838,500820577.8868391,1791154670653,False,False,,268135275.71113983,437038938.2228275,293419560.5482846,664850782.1371098,2432380708.495475,0.6135271992044542,0.5765071859980915,0.2921237624154028,1,0.21929824561404132,2.4663677130045025,감소형,109383.02904,0.898,130410.465967,281662.174777,175635.977156,248545.460683,630311.528097,0.4630031209204775,0.5542749001453974,0.4113398019609849,1,0.29850746268655914,2.1276595744680993,감소형,,0.0,,12.4,관찰,12.4
2026-10-05T08:05:23+09:00,ARDR,KRW-ARDR,,41.0,0.73710074,257525859.57405728,1791155034262,False,False,,276347116.38465613,526360005.1724922,1322925120.3347976,3159017372.74492,3273884871.4973555,0.5250154146763014,0.16553340167517558,0.07182011699291233,1,-2.631578947368407,-6.436781609195396,감소형,,,,,,,,,,,,,,NO_DATA,,0.0,,12.4,관찰,12.4
2026-10-05T08:05:23+09:00,WET,KRW-WET,,90.1,0.0,174754040.78903696,1791154984779,False,False,,156769704.30327937,518085931.6663031,331411611.9415198,174163072.8193102,438326015.1595408,0.3025940191023254,0.4594385144476406,0.4055545051080119,1,1.3498312710910954,0.4459308807134743,감소형,,,,,,,,,,,,,,NO_DATA,,0.0,,12.4,관찰,12.4
2026-10-05T08:05:23+09:00,TAO,KRW-TAO,TAOUSDT,410900.0,-1.6044061299999999,2331371028.864278,1791155102951,False,False,,2431689797.147409,3519390578.329691,2626274629.748786,2691113317.937377,2961503923.60242,0.6909405884417333,0.8255349356063673,0.7945883762941839,1,2.002931118710305,-0.0717875089734421,감소형,20138287.18205,0.231,26088793.43479,54856268.57279,33475328.2155,42066408.70719,44100848.50993,0.47558454327188154,0.6002114833503566,0.5586978701453028,1,2.0604852110335914,-0.35691109669044874,감소형,,0.0,,12.3,관찰,12.3
2026-10-05T08:05:23+09:00,CFG,KRW-CFG,CFGUSDT,205.0,-1.44230769,2020745869.1544418,1791155036775,False,False,,950759922.236608,1636319600.4206183,1401601713.2321749,2157065535.0309687,2279966409.0519123,0.5810355886418606,0.5490446558940756,0.41757823481034284,1,1.9607843137254832,-3.703703703703709,감소형,1754977.43154,0.529,1440954.15612,2423155.2748,1808612.59223,3343364.65702,3727145.36593,0.5946602642865848,0.5706649295752264,0.47174942334171655,1,1.8716577540107027,-3.84858044164037,감소형,,0.0,,12.3,관찰,12.3
2026-10-05T08:05:23+09:00,FIL,KRW-FIL,FILUSDT,1424.0,-1.65745856,1531296287.2210922,1791155005579,False,False,,2027518886.8339262,3070648134.033057,4112998272.945681,4501844335.646726,3059981427.6595926,0.6602902053029887,0.5205221410440454,0.5133866324189007,1,2.0436927413671535,0.13831258644536604,감소형,4033788.732805,-0.706,8103619.532305,11834175.280009,13754584.069804,15188427.267097,17034841.279719,0.6847641969604863,0.596187736670226,0.5261718636613139,1,2.2524681299722182,0.3291639236339794,감소형,,0.0,,12.3,관찰,12.3
2026-10-05T08:05:23+09:00,XEC,KRW-XEC,XECUSDT,0.0111,0.9090909100000001,290252951.6658737,1791154946573,False,False,,615905790.3372707,1178236751.0657222,895692632.6321021,1236648739.3220181,839296198.0461569,0.5227351716708719,0.5581252888019334,0.5745968235500738,1,-2.6548672566371723,-5.1724137931034475,감소형,207076.12525241,0.864,187355.2936349,500543.8824241,343590.70301369,562561.6931557,377684.06894514,0.37430343315265596,0.3995644898319426,0.4154862461919607,1,-2.2919179734619988,-4.70588235294117,감소형,,0.0,,12.3,관찰,12.3
2026-10-05T08:05:23+09:00,DKA,KRW-DKA,,5.72,0.8818342200000001,279701833.49580723,1791154897696,False,False,,64798318.84749182,147992456.755398,127683618.55945624,219630170.3136484,185799284.69219807,0.4378487949192607,0.3924742687139031,0.29750313170580267,1,-1.2195121951219523,-1.7331022530329254,감소형,,,,,,,,,,,,,,NO_DATA,,0.0,,12.3,관찰,12.3
2026-10-05T08:05:23+09:00,META,KRW-META,,11.9,0.0,127493774.17534164,1791154584987,False,False,,42026554.77233696,106144763.22911434,119847430.65963338,60190957.05480884,68520019.92707613,0.39593620536533014,0.44055586047369144,0.4220289869853432,1,0.8474576271186418,1.7094017094017255,감소형,,,,,,,,,,,,,,NO_DATA,,0.0,,12.3,관찰,12.3
2026-10-05T08:05:23+09:00,MBL,KRW-MBL,MBLUSDT,1.11,0.9090909100000001,126692449.09959185,1791154003220,False,False,,106058390.48584303,264165154.21618268,493456162.0713652,184364796.74368623,277071232.6616316,0.4014851648414192,0.3377705542108976,0.23189720133152442,1,0.0,-1.7857142857142905,감소형,247180.827776,0.493,439632.84775,624082.564207,605782.843684,560202.892052,448567.584826,0.7044466116572672,0.7367867155080043,0.8546749959710204,1,-0.8547008547008517,-1.5757575757575748,감소형,,0.0,,12.3,관찰,12.3
2026-10-05T08:05:23+09:00,IQ,KRW-IQ,IQUSDT,1.24,0.8130081299999999,104754106.75582606,1791154915702,False,False,,109276181.54687741,192295308.81696016,197183029.29663217,277430850.6590055,503405784.1763918,0.568272737484688,0.4915639942583172,0.26350718346634244,1,-1.6000000000000014,-3.90625,감소형,25114.23596,1.67,32275.817134,45092.251258,43814.762721,96470.291515,89264.398614,0.7157730260423363,0.5223263502723312,0.3776729533987188,1,-1.3157894736842146,-3.536977491961424,감소형,,0.0,,12.3,관찰,12.3
2026-10-05T08:05:23+09:00,ETH,KRW-ETH,ETHUSDT,3688000.0,1.01342098,26915453619.79219,1791155124377,False,False,,24715635658.61988,134249371464.81076,69919574478.80243,79562019962.6668,90415076982.755,0.1841024310873463,0.2613282154065317,0.2592611483145644,1,-0.027382256297914243,-0.027382256297914243,감소형,248241042.759674,1.672,212257992.57391,1151282504.890507,709347817.568287,732267196.250156,853836574.439267,0.1843665578798115,0.24558393578115312,0.25114081905205854,1,0.045420530824524796,-0.055044984397722985,감소형,,0.0,,12.2,관찰,12.2
2026-10-05T08:05:23+09:00,0G,KRW-0G,0GUSDT,403.0,-0.98280098,1016677177.13248,1791155118357,False,False,,1463052953.5578542,3294006086.8511987,7336374346.476862,29780503326.061634,59501435461.2376,0.444156117196618,0.10861328563876599,0.06768708313909402,1,-4.009433962264152,3.826530612244894,감소형,718344.529117,-0.034,906904.759025,2705316.488352,4086895.046692,8920727.60616,29816546.45665,0.33523055913412186,0.17315120058859507,0.08912526247173404,1,-3.5369774919614128,3.5911602209944604,감소형,,0.0,,12.2,관찰,12.2
2026-10-05T08:05:23+09:00,AVNT,KRW-AVNT,AVNTUSDT,171.0,-1.7241379300000002,851602128.3240949,1791155041545,False,False,,930964933.6978681,1668182121.9803803,920569402.5075862,1090231106.9395337,1231249650.3027768,0.5580715207477912,0.7591486780164329,0.4436698550867841,1,-0.5714285714285672,3.571428571428581,감소형,290786.90285,-0.707,336352.68534,782325.04596,645981.49476,738519.51255,688065.24818,0.4299398147572507,0.46568484558195644,0.307631634221419,1,-0.233281493001547,3.970826580226916,감소형,,0.0,,12.2,관찰,12.2
2026-10-05T08:05:23+09:00,BSV,KRW-BSV,,27310.0,1.03588605,570008488.3488158,1791155105469,False,False,,447560746.2431008,2574539048.030524,807172019.9391148,867597760.6033612,1037673342.4501705,0.1738411179218574,0.31597661946830097,0.31178430565963305,1,-0.14776505356483005,-2.136133236784943,감소형,,,,,,,,,,,,,,NO_DATA,,0.0,,12.2,관찰,12.2
2026-10-05T08:05:23+09:00,HP,KRW-HP,,13.4,0.0,115968104.28345908,1791155111125,False,False,,125320017.13008949,509480432.19100064,1911107783.089405,418651469.9022255,903489737.6223888,0.2459761145117108,0.13241574966436315,0.04480767617779745,1,2.2900763358778775,-1.4705882352941124,감소형,,,,,,,,,,,,,,NO_DATA,,0.0,,12.2,관찰,12.2
2026-10-05T08:05:23+09:00,ETC,KRW-ETC,ETCUSDT,12170.0,1.1637572699999998,1684691347.2253826,1791155114894,False,False,,1550658917.7257023,5003071536.096998,3512252661.1302266,5049267182.042468,5986224715.533039,0.30994138431516494,0.3429500102956707,0.2917606411171967,1,-0.8244023083264662,-4.523809523809518,감소형,2469764.9165,2.039,2377765.761,5961794.3396,4627298.453,7486323.4127,6335141.6734,0.3988339123351131,0.39464083161240865,0.3873480924234601,1,-0.4499437570303799,-4.633620689655171,감소형,,0.0,,12.1,관찰,12.1
2026-10-05T08:05:23+09:00,MIRA,KRW-MIRA,MIRAUSDT,70.1,-2.36768802,1451573057.013776,1791155120577,False,False,,971697771.7698917,2103113394.722244,1050364459.9126416,4645017923.221279,1814693886.4941995,0.46202823595169146,0.37380199955831034,0.4130272905968009,1,1.1267605633802802,2.2792022792022637,감소형,406236.286885,-1.445,370598.205251,538385.025269,666290.409576,1470776.720173,1112040.096835,0.6883516217150234,0.4155539143795753,0.39144812757597086,1,1.1690302798006869,2.2665633475397184,감소형,,0.0,,12.1,관찰,12.1
2026-10-05T08:05:23+09:00,TREE,KRW-TREE,TREEUSDT,63.3,-0.31496063,1008154882.2398918,1791155077677,False,False,,1010502925.6560144,1446208606.0240786,1050244259.5318342,1424135763.0641716,1246333037.3475018,0.6987255652101894,0.7732279675654298,0.6568601798341488,1,1.6000000000000014,1.6000000000000014,감소형,236066.78353,0.0,253560.73452,508662.15876,460842.57954,536510.33621,388365.91382,0.49848554714217796,0.5050960089542909,0.4884116118235512,1,2.1881838074398363,1.7429193899781925,감소형,,0.0,,12.1,관찰,12.1
2026-10-05T08:05:23+09:00,MASK,KRW-MASK,MASKUSDT,665.0,0.45317220999999996,622403874.6076573,1791154960460,False,False,,675340843.4640515,1235482936.5579689,172045512.06680274,317798895.19133025,298683080.4003672,0.5466209394567098,1.1742829774615238,1.2116155064838132,1,5.414012738853513,5.0793650793650835,감소형,285456.3279,1.443,424866.1626,982199.4233,297636.4224,338660.3864,334279.8687,0.43256608843500627,0.787520207041945,0.8611433405311177,1,5.399568034557234,5.399568034557234,감소형,,0.0,,12.1,관찰,12.1
2026-10-05T08:05:23+09:00,CELO,KRW-CELO,CELOUSDT,137.0,0.73529412,529627048.73075837,1791155093697,False,False,,531899320.581939,903926902.7129964,1417865766.9625895,1986097048.4424932,13329453836.9909,0.5884317846780814,0.37041290890865813,0.1425723438449111,1,0.0,1.4925373134328401,감소형,523971.599534,1.406,783223.513999,981268.918535,1349159.499596,2118814.759226,11123129.519914,0.7981741795799719,0.5281056683875803,0.23675577163703815,1,-0.02989238740533917,1.9613821138211307,중립,,0.0,,12.1,관찰,12.1
2026-10-05T08:05:23+09:00,BREV,KRW-BREV,BREVUSDT,117.0,0.8620689699999999,120578974.525432,1791154417891,False,False,,41762927.07389666,221508583.48514745,208676007.7924672,196518570.3082608,204934693.68146637,0.18853863997869383,0.1999172637084614,0.14579893255495815,1,-4.1322314049586755,0.8695652173912993,감소형,95139.97313,1.175,81715.58558,319742.56122,243739.21739,221796.12801,182834.37635,0.2555668074597529,0.3121783443458416,0.3144097861074516,1,-3.724604966139955,0.11737089201877549,감소형,,0.0,,12.1,관찰,12.1
2026-10-05T08:05:23+09:00,BERA,KRW-BERA,BERAUSDT,308.0,-0.9646302299999999,716162172.0613184,1791155082934,False,False,,928245743.6865474,2624094989.5700636,3705595554.7890778,19253446402.490276,5065138101.314943,0.3537393834354422,0.10885049932872225,0.14232347552108085,1,-10.115606936416189,4.7138047138047146,감소형,471859.7030112,-0.264,779211.5934178,1206300.3450245,2533582.1086496,8859291.6821917,4525129.4716942,0.6459515630843778,0.18553873095530166,0.21490803121055388,1,-9.921259842519682,5.002294630564474,감소형,,0.0,,12.0,관찰,12.0
2026-10-05T08:05:23+09:00,SKR,KRW-SKR,,24.3,1.25,375414309.9956125,1791155094335,False,False,,285770120.15002865,513005867.6232964,721618251.0586721,501339276.1892216,517816750.39933735,0.5570503929593873,0.4938527868634575,0.42734378106975246,1,-2.0408163265306145,-6.6147859922178975,감소형,,,,,,,,,,,,,,NO_DATA,,0.0,,12.0,관찰,12.0
2026-10-05T08:05:23+09:00,HIVE,KRW-HIVE,HIVEUSDT,77.6,0.9102730800000001,328192708.6778825,1791155055844,False,False,,240983752.35335177,632383468.9882694,362618277.8490702,562468352.5936468,488977820.6557203,0.3810721882703451,0.4641830731287758,0.34323407969011777,1,0.0,1.451187335092352,감소형,110767.2388,1.596,82227.82,193512.8681,134819.0026,263184.0476,159754.3724,0.424921716097494,0.4170360464836877,0.3653943755551617,1,-0.3527336860670194,1.073345259391778,감소형,,0.0,,12.0,관찰,12.0
2026-10-05T08:05:23+09:00,COW,KRW-COW,COWUSDT,214.0,-2.72727273,194814273.52278462,1791155094337,False,False,,120725938.94999734,344283260.7376391,536060185.9431351,1628941011.9207385,1147397001.667671,0.350658753177072,0.14433509744520667,0.10138961984832126,1,-2.6548672566371723,4.761904761904767,감소형,244831.20875,-2.718,156679.7855,715108.76221,532440.77604,1333798.75758,1101620.56137,0.21909923885674493,0.18209063738485734,0.15002437587321985,1,-2.22891566265061,4.709677419354841,감소형,,0.0,,12.0,관찰,12.0
2026-10-05T08:05:23+09:00,NXPC,KRW-NXPC,NXPCUSDT,317.0,-0.9375,194280755.77926502,1791155053557,False,False,,94813827.11869138,414175057.2746518,226889713.36251467,269249118.2353886,393698045.44696426,0.2289221078221944,0.31246527690394965,0.2032296293868842,1,1.2658227848101333,2.564102564102555,감소형,140590.3454,0.0,107264.79856,532028.96438,229396.24429,177800.8445,269820.53928,0.20161458443338895,0.34261655603984315,0.2548489654787943,1,1.7226528854435763,2.7850304612706545,감소형,,0.0,,12.0,관찰,12.0
2026-10-05T08:05:23+09:00,FLOCK,KRW-FLOCK,,87.1,1.39697322,3980599725.832665,1791155117108,False,False,,3084698120.6526027,5819233898.635085,6260049721.767917,8779976745.089445,11096578529.029034,0.5300866358673305,0.44364441498927215,0.3237878336570996,1,-4.661487236403983,-2.7180067950169806,감소형,,,,,,,,,,,,,,NO_DATA,,0.0,,11.9,관찰,11.9
2026-10-05T08:05:23+09:00,ATOM,KRW-ATOM,ATOMUSDT,2367.0,1.32705479,1512885805.858572,1791155039620,False,False,,951095189.1783506,2091370056.1590054,1836599915.570257,1508391280.0048594,1966515423.853107,0.4547713525769442,0.5248520904722611,0.4441740203601239,1,-1.3096746937051096,-0.8488964346349714,감소형,3198025.51894,2.1,2054670.37005,3634029.91276,2389658.23021,3732390.11574,6888410.09964,0.5653972089870619,0.6318123888199558,0.4552271812990769,1,-1.4326647564469996,-0.8645533141210415,감소형,,0.0,,11.9,관찰,11.9
2026-10-05T08:05:23+09:00,G,KRW-G,GUSDT,6.52,1.39968896,1411857922.1748068,1791154925214,False,False,,1071047762.9943345,3294096555.824665,3315674029.079162,3267911426.903149,3443820340.9609303,0.325141581263152,0.32529325049563995,0.260102592705872,1,-0.31007751937984773,-4.8816568047337245,감소형,377627.48855,2.119,312774.25143,1116956.54078,841893.49184,1258474.55239,1105665.01192,0.2800236535716793,0.2916469039716375,0.2410807603011834,1,0.21186440677964935,-5.020080321285148,감소형,,0.0,,11.9,관찰,11.9
2026-10-05T08:05:23+09:00,EUL,KRW-EUL,EULUSDT,1929.0,-0.97535934,841015199.7503175,1791155021661,False,False,,416338674.06521887,707092925.4918565,726573924.6238754,751837610.2869008,783865226.5347394,0.5888033369526532,0.5715001020705087,0.2352250378554641,1,2.472382956338759,1.2474012474012364,감소형,788910.95954,-0.21,382943.66093,530295.99541,571192.84601,632013.49955,630942.17462,0.7221319116957049,0.6627224870934754,0.42210459861906885,1,2.432045779685277,1.0585744530698493,감소형,,0.0,,11.9,관찰,11.9
2026-10-05T08:05:23+09:00,PENDLE,KRW-PENDLE,PENDLEUSDT,3296.0,0.5797985999999999,472720430.8534736,1791154988881,False,False,,258756511.33243966,473421189.903823,632117890.8764998,967393944.6849976,845927371.3113129,0.5465672362173033,0.3744788299771848,0.28615207952760396,1,1.017262638717642,1.3923267326732658,감소형,2896227.2827,1.713,1670936.5648,4853024.1819,4423887.0171,3948198.4989,4144994.0716,0.3443083121308112,0.37903728656375363,0.33419664115557013,1,0.9635525764558173,1.1754827875734675,감소형,,0.0,,11.9,관찰,11.9
2026-10-05T08:05:23+09:00,PUNDIX,KRW-PUNDIX,PUNDIXUSDT,165.0,-1.19760479,424021684.5070148,1791154761782,False,False,,346476886.88698053,579945377.5693543,1449015823.849479,7636275731.85733,315763379.7543102,0.5974302068569314,0.10754321573662783,0.16495820688454868,1,-2.3391812865497075,5.031446540880502,감소형,130890.386,0.245,139419.47341,331024.6518,495606.29635,1134251.81921,200779.07478,0.4211755005311058,0.2133010841811389,0.29176244996003015,1,-1.9952114924181918,4.599659284497437,감소형,,0.0,,11.9,관찰,11.9
2026-10-05T08:05:23+09:00,BLEND,KRW-BLEND,,92.3,-1.38888889,337818692.5687123,1791154885741,False,False,,302901525.83053875,414374185.6612481,293377527.87546426,418762677.7923398,278383287.1697727,0.7309855109511129,0.8066515478950378,0.6782398781401516,1,0.6451612903225712,4.0000000000000036,감소형,,,,,,,,,,,,,,NO_DATA,,0.0,,11.9,관찰,11.9
2026-10-05T08:05:23+09:00,SC,KRW-SC,SCUSDT,1.42,1.42857143,287771878.1505369,1791155116157,False,False,,426510131.9093271,1442095706.4036486,586079796.8239911,597672930.021626,874035496.0454645,0.2957571609258679,0.4872826548273658,0.3566448391982983,1,-2.0979020979021046,-4.761904761904767,감소형,267124.44007,1.55,376105.144358,437069.848036,318755.071037,294453.672906,353987.362288,0.8605149635648659,1.074301087055348,0.9451838195002183,1,-1.151631477927051,-4.805914972273562,중립,,0.0,,11.9,관찰,11.9
2026-10-05T08:05:23+09:00,HBAR,KRW-HBAR,HBARUSDT,140.0,1.44927536,3887879463.868971,1791155073153,False,False,,4689941486.501719,12644755557.042625,11932059053.340208,10810733173.71919,30198576119.93635,0.37090013052008813,0.3975925245045116,0.1431153997904596,1,-7.38255033557047,-16.867469879518072,감소형,8086266.14372,2.273,8202843.54671,23028997.51965,30306452.45712,47139510.31394,87862955.48141,0.3561962929437438,0.24492202404388833,0.10557969925871588,1,-2.66323024054983,-16.452273658336747,감소형,,0.0,,11.8,관찰,11.8
2026-10-05T08:05:23+09:00,MNT,KRW-MNT,,889.0,1.48401826,202587286.80118027,1791155065654,False,False,,206724823.73559764,387052927.17542714,205262261.06233197,533214760.04291594,294337042.54377264,0.5340996262299343,0.5510066366107383,0.5295585880831786,1,-7.4973600844773,-3.0973451327433676,감소형,,,,,,,,,,,,,,NO_DATA,,0.0,,11.8,관찰,11.8
2026-10-05T08:05:23+09:00,BIO,KRW-BIO,BIOUSDT,41.5,-1.8912529599999999,180470538.2326168,1791154000702,False,False,,242096316.3707632,494053343.2980934,345033977.37768203,559726635.9643859,1569892578.4131658,0.4900206013274387,0.5192176884314033,0.347382061348119,1,0.23696682464453556,4.962779156327546,감소형,756196.365408,-1.67,946485.602543,2190565.248135,1325079.056886,1466652.987133,2551230.411058,0.43207368661984275,0.5699091485569332,0.4768724626274776,1,0.5798969072164928,4.905913978494625,감소형,,0.0,,11.8,관찰,11.8
2026-10-05T08:05:23+09:00,XRP,KRW-XRP,XRPUSDT,2053.0,1.6336633699999998,60043030778.01187,1791155125316,False,False,,49434688175.49766,263766369583.37878,129618805967.86353,180321013274.34146,287684769613.08856,0.1874184652637111,0.2585017687016444,0.21731813907740857,1,-0.39447731755424265,-0.5416051206302286,감소형,82298557.57836,2.248,69979683.25064,311030027.74261,169889610.42734,227000051.15465,285945986.80544,0.22499333507615876,0.296557721049142,0.27399429152687355,1,-0.2416107382550381,-0.6948156066274747,감소형,,0.0,,11.7,관찰,11.7
2026-10-05T08:05:23+09:00,JUP,KRW-JUP,JUPUSDT,453.0,1.56950673,1558216399.6281898,1791155094016,False,False,,1698429375.308351,3226208295.868921,1324858994.9273396,2594503071.957283,3013990629.5411963,0.5264475258721353,0.713069477628317,0.5551910385776798,1,-0.22371364653244186,0.22471910112360494,감소형,2360761.18121,2.257,2634368.73068,3923360.29652,3562594.99422,5722364.78769,6902047.03762,0.6714572538791993,0.5983430250866087,0.4289270965557103,1,-0.36352620418054205,0.36618858712238467,감소형,,0.0,,11.7,관찰,11.7
2026-10-05T08:05:23+09:00,APT,KRW-APT,APTUSDT,1082.0,-0.8249312599999999,3365093149.357507,1791155085226,False,False,,3928791615.1194787,11061025687.665052,5291317569.483258,5975148176.608398,6798076540.487979,0.35519234165605074,0.527886210608449,0.5445596024082348,1,3.9047619047618998,-3.1943212067435667,감소형,5039999.893797,0.05,6269202.109424,12316027.745348,8663261.215613,12027958.603911,14324996.870259,0.5090279300314176,0.5698023226961831,0.5221238042949087,1,4.268846503178914,-3.15738732224633,감소형,,0.0,,11.6,관찰,11.6
2026-10-05T08:05:23+09:00,VET,KRW-VET,VETUSDT,12.0,1.6949152499999998,551841721.917582,1791155016314,False,False,,412473788.39593613,891949908.8863151,850833237.6705239,715076914.9281629,932049539.7281693,0.4624405297725173,0.5034547672499211,0.4447106049889521,1,-1.6666666666666607,-2.4793388429751984,감소형,1339751.1630632,1.686,942137.4189567,1839879.2892138,1406459.1958593,1311552.0791592,1749419.1301142,0.5120647992941348,0.6201141113501398,0.5789293249581358,1,-1.3208399187175313,-1.6649791877601405,감소형,,0.0,,11.6,관찰,11.6
2026-10-05T08:05:23+09:00,AI,KRW-AI,AIUSDT,28.4,1.42857143,332664444.65354335,1791154989511,False,False,,304801627.6642094,499145220.98408264,329932034.4430802,434186136.50312585,354489478.8781454,0.6106471921403597,0.7238434113058572,0.6725930222800008,1,0.35842293906811484,0.7194244604316502,감소형,723289.44899,-1.97,2484801.34624,3220484.30119,262906.04823,313301.17978,307451.42178,0.7715613907268052,1.963394703359194,2.7005074842551466,1,6.806282722513113,7.936507936507953,중립,,0.0,,11.6,관찰,11.6
2026-10-05T08:05:23+09:00,SPX,KRW-SPX,,598.0,-1.1570247900000001,205672933.13715443,1791155107039,False,False,,218998877.85113645,423400131.41011363,1114769355.3551073,996148338.848483,244668954.96398523,0.5172385684477029,0.2592400317408148,0.33619043797630027,1,-0.32948929159802853,6.51408450704225,감소형,,,,,,,,,,,,,,NO_DATA,,0.0,,11.6,관찰,11.6
2026-10-05T08:05:23+09:00,KERNEL,KRW-KERNEL,KERNELUSDT,74.0,-0.13495277,156030602.8386611,1791155109862,False,False,,162034057.17175606,472752058.1814472,509225202.15579224,940282904.6206737,550044436.4816182,0.3427463812533328,0.25288053114595505,0.23876900891566452,1,-1.331557922769644,6.160458452722062,감소형,169329.07595,0.923,193476.9099,440361.15663,576545.71364,968629.41214,575816.28441,0.43935961877437585,0.292329450155142,0.3063289098452993,1,-1.6245487364620947,6.0311284046692615,감소형,,0.0,,11.6,관찰,11.6
2026-10-05T08:05:23+09:00,NEAR,KRW-NEAR,NEARUSDT,6685.0,1.75038052,19769029596.413372,1791155119622,False,False,,15467911584.772303,44005156275.74692,53203180862.96155,53981237223.89639,47859905913.321304,0.35150225323247664,0.3069241708626331,0.30701758058379525,1,-9.566414315209915,0.3053435114503733,감소형,86868244.0257,4.122,72232865.4934,172968470.7215,230791674.2336,233188950.403,205643612.9107,0.4176071233797492,0.34021336722108003,0.3362238650918071,1,-9.511327466766527,0.2073398299813345,감소형,,0.0,,11.5,관찰,11.5
2026-10-05T08:05:23+09:00,SOL,KRW-SOL,SOLUSDT,164500.0,1.1063306700000002,16635014691.135218,1791155126013,False,False,,11198942660.843275,47416712257.472244,26313761670.150043,39774856430.66171,32338537959.32132,0.23618134045298492,0.29599339411180187,0.2958312519702803,1,1.2445550715619147,0.8054522924411334,감소형,146519094.12737,1.713,105210732.07242,388241664.34585,253033335.63552,348023503.90991,288801539.90648,0.270992893690815,0.3190464707828434,0.3327072938718117,1,1.2698950220115135,0.6140129531499783,감소형,,0.0,,11.5,관찰,11.5
2026-10-05T08:05:23+09:00,AVAX,KRW-AVAX,AVAXUSDT,15000.0,-0.66225166,2950917077.951489,1791155119307,False,False,,4244853912.5901937,10041682211.248976,9016897871.499283,13113317640.808268,32935927333.649796,0.42272338670855253,0.39582873995170736,0.2731393958248394,1,1.2743125419181656,4.788341429562815,감소형,18459361.41966,0.153,33069293.56592,67830708.39153,50077365.9725,68867752.34062,118483100.93423,0.4875268790506889,0.5311601744621811,0.45680460116858007,1,1.718935722775905,4.794649585531285,감소형,,0.0,,11.5,관찰,11.5
2026-10-05T08:05:23+09:00,MLK,KRW-MLK,,60.0,1.6949152499999998,227696280.2193937,1791154929295,False,False,,93715211.8370148,203411972.1710319,171434548.555658,287491933.1429051,266604678.08332956,0.46071630315946993,0.4244742757550929,0.34386481386795603,1,0.5110732538330387,-0.5059021922428242,감소형,,,,,,,,,,,,,,NO_DATA,,0.0,,11.5,관찰,11.5
2026-10-05T08:05:23+09:00,BORA,KRW-BORA,,39.4,0.51020408,1429172937.1945174,1791155034571,False,False,,170146286.10943392,527745634.2992205,216907502.72514647,342626617.23798704,297763206.693273,0.32240207223195066,0.46946414326881325,0.44315741824351856,1,2.083333333333348,2.083333333333348,감소형,,,,,,,,,,,,,,NO_DATA,,0.0,,11.4,관찰,11.4
2026-10-05T08:05:23+09:00,TAIKO,KRW-TAIKO,,126.0,1.61290323,546387742.9417042,1791154909054,False,False,,218291500.9466728,369377723.82231957,356222726.78254354,460731531.03238696,1199204088.136758,0.5909709407697709,0.5520162256236486,0.22875109082180814,1,0.8130081300812941,-2.3622047244094446,감소형,,,,,,,,,,,,,,NO_DATA,,0.0,,11.4,관찰,11.4
2026-10-05T08:05:23+09:00,CVC,KRW-CVC,CVCUSDT,41.5,1.9656019699999998,538541209.5813737,1791154974666,False,False,,548016985.0863615,1160632236.5445912,3359238780.9891133,5806793875.287289,821673094.6464834,0.4721710873014398,0.15920444522238875,0.21927413581748914,1,-4.683840749414525,-0.2450980392156743,감소형,197219.00264,2.948,289763.34228,393847.41007,813702.62442,1021088.00894,437045.02241,0.7357248895670007,0.39005437845892343,0.43082657402641866,1,-4.469987228607919,-0.2666666666666706,감소형,,0.0,,11.4,관찰,11.4
2026-10-05T08:05:23+09:00,HOLO,KRW-HOLO,HOLOUSDT,89.2,-0.66815145,334642726.64292943,1791155096616,False,False,,304271444.07694113,839299669.3977962,398122897.7809946,547939699.268775,849021297.8397475,0.36253016076517486,0.511276814451277,0.39379970711154844,1,2.277904328018221,3.4562211981566726,감소형,161904.69491,-0.152,181691.5684,612641.23072,324141.46921,392291.39815,486486.4676,0.29657091179852346,0.4101161146601404,0.37036753503640163,1,2.1671826625387025,3.4482758620689724,감소형,,0.0,,11.4,관찰,11.4
2026-10-05T08:05:23+09:00,POWR,KRW-POWR,POWRUSDT,93.4,-0.95440085,272296245.2044682,1791154948155,False,False,,301779041.19678646,493462617.6938479,401781115.1468787,695436291.406475,769316265.6482794,0.6115540070839064,0.5691509981831924,0.49284094773157866,1,3.6263736263736135,1.7259978425026912,감소형,45614.6153,0.145,141928.847,145130.0374,103569.9074,268061.8847,251590.2329,0.9779426061113935,0.8239512221945178,0.7210919594624522,1,3.8805970149253577,2.35294117647058,중립,,0.0,,11.4,관찰,11.4
2026-10-05T08:05:23+09:00,SOMI,KRW-SOMI,SOMIUSDT,292.0,0.34364260999999996,218110664.42281562,1791154427262,False,False,,357029734.71739864,687016861.8086208,1697493215.1642423,17317693731.270782,256298340.3805838,0.5196811818817554,0.054363928755220725,0.08851575550801367,1,-4.5901639344262275,5.818181818181811,감소형,323758.78689,1.845,345805.43476,634290.71438,998833.89234,4103252.39703,632159.50093,0.5451844507892794,0.1808486965905165,0.25210000925516557,1,-4.183355585224757,6.426099851705369,감소형,,0.0,,11.4,관찰,11.4
2026-10-05T08:05:23+09:00,BABY,KRW-BABY,BABYUSDT,18.6,1.6393442599999999,152299572.37418115,1791155108601,False,False,,90694043.1757162,206521339.24519622,180291260.19919565,777763209.1843685,280282245.46619403,0.4391509541202328,0.23363196067717912,0.24261277428089506,1,-2.1390374331550777,1.104972375690605,감소형,327408.47137,2.161,512097.80974,952916.3005,1456749.56528,2973278.57097,102749882.88358,0.5374006189959177,0.2854002019288074,0.018431568060906334,1,-1.8922852983988325,0.5970149253731405,감소형,,0.0,,11.4,관찰,11.4
2026-10-05T08:05:23+09:00,FCT2,KRW-FCT2,,13.1,0.76923077,106652168.86290064,1791154592043,False,False,,198286256.97091028,1081251278.4378188,791665436.4731266,207624266.51391056,166839381.10557035,0.18338591678466482,0.2859154307575055,0.21947718059941893,1,0.7751937984496138,3.1746031746031855,감소형,,,,,,,,,,,,,,NO_DATA,,0.0,,11.4,관찰,11.4
2026-10-05T08:05:23+09:00,SAFE,KRW-SAFE,,153.0,2.0,289763510.3847042,1791154969600,False,False,,335078613.58296394,471055110.8237681,1383537645.7414057,447841055.61715364,218396745.58798385,0.7113363296217884,0.43659706325980946,0.5380975681700567,1,-4.458598726114649,0.6711409395973256,감소형,,,,,,,,,,,,,,NO_DATA,,0.0,,11.3,관찰,11.3
2026-10-05T08:05:23+09:00,BTC,KRW-BTC,BTCUSDT,116777000.0,1.38388477,43521693211.97097,1791155123433,False,False,,39508958234.91915,184986638991.9129,92081396132.22375,117747705920.11533,95436693181.98767,0.21357736131768074,0.3002080778017223,0.31627415750505916,1,1.2686829611394446,1.4855018194313452,감소형,696792935.7417887,1.989,583778209.308663,2268231876.268694,1409485416.762407,1557658297.3238585,1126045075.038149,0.2573714863177899,0.3345193859925622,0.3599866591003639,1,1.35124534222395,1.5012573052386458,감소형,,0.0,,11.1,관찰,11.1
2026-10-05T08:05:23+09:00,DOGE,KRW-DOGE,DOGEUSDT,130.0,2.36220472,19815699533.685047,1791155094653,False,False,,7705251501.350028,40397602253.02564,23886764932.82384,35146304524.99178,29422330175.083595,0.19073536724009235,0.23248112585695924,0.22487437917860378,1,-0.78125,0.0,감소형,53018205.56568,3.685,27911884.49271,106607464.22099,51416954.06312,82317736.86043,64180754.30915,0.2618192327964069,0.3484018582914512,0.3406855603014069,1,-1.840101522842641,-1.213282247765013,감소형,,0.0,,11.1,관찰,11.1
2026-10-05T08:05:23+09:00,PENGU,KRW-PENGU,PENGUUSDT,12.9,2.38095238,2903354101.8783417,1791154919800,False,False,,4150286175.55276,9382752302.941484,5535974238.357682,9289384136.138597,6215696977.941231,0.4423314227587197,0.5143259088889833,0.5266376744160103,1,-3.8167938931297662,-2.3255813953488413,감소형,7027959.584591,4.338,8438801.43407,27061504.860802,16689694.60289,21556778.915288,13784255.156226,0.3118378478017836,0.3876464243817158,0.43048702229483826,1,-3.7441497659906453,-2.260006336466369,감소형,,0.0,,11.1,관찰,11.1
2026-10-05T08:05:23+09:00,PEPE,KRW-PEPE,PEPEUSDT,0.00595,1.53583618,1538998093.5412054,1791155122795,False,False,,2397440355.3234954,7786664166.0110035,4322788763.379305,4464254870.896714,3269241175.923696,0.3078905554689756,0.43395968799727064,0.49446390458783773,1,0.5145797598627766,2.2687609075043635,감소형,14272194.54566688,2.326,11662217.99186094,52840076.97040139,30224003.06822363,42132381.67599123,31210276.95431895,0.22070781612209958,0.2794540156840411,0.297073293680101,1,0.7009345794392718,2.375296912114022,감소형,,0.0,,11.1,관찰,11.1
2026-10-05T08:05:23+09:00,WCT,KRW-WCT,WCTUSDT,57.6,-2.37288136,271166624.41706806,1791155001179,False,False,,382925050.23810124,569819482.0740287,342383233.1888593,211766808.1518971,417221597.22118676,0.6720111584186816,1.0220696618393668,0.7962353478960427,1,2.9668411867364908,4.6099290780141855,감소형,212030.054096,-1.664,266731.839349,550604.62233,282862.713291,366816.622704,453315.968836,0.4844344354035165,0.6666718425227272,0.6037403256524911,1,3.4950071326676158,4.488718194911168,감소형,,0.0,,11.1,관찰,11.1
2026-10-05T08:05:23+09:00,GLM,KRW-GLM,GLMUSDT,174.0,-1.6949152499999998,133425679.3199316,1791154964248,False,False,,176890705.92629507,437058796.18883455,201655240.27369574,381468830.0808924,213378009.7229215,0.4047297696986931,0.5201735249454887,0.5224772028417424,1,3.5087719298245723,2.9069767441860517,감소형,55194.56563,-0.077,69731.09676,123516.0729,80496.20375,156825.44703,137495.90712,0.5645507918346391,0.5797434041722254,0.566918183886872,1,2.6066350710900466,3.1771247021445292,감소형,,0.0,,11.1,관찰,11.1
2026-10-05T08:05:23+09:00,CRO,KRW-CRO,,92.7,2.54424779,1305816343.2570713,1791155069186,False,False,,1228980470.1387343,2260271618.7490883,4282695343.1592464,2445928261.197923,4224391795.2317796,0.5437313196981584,0.4101662461187439,0.31682787930464373,1,-0.7683863885839637,-4.641350210970452,감소형,,,,,,,,,,,,,,NO_DATA,,0.0,,11.0,관찰,11.0
2026-10-05T08:05:23+09:00,ENSO,KRW-ENSO,ENSOUSDT,1348.0,2.5095057,735915398.9122967,1791154892346,False,False,,669181125.1437963,1105445476.0459547,2763481592.3614035,1143327151.2229965,696334428.7101974,0.6053497342423224,0.4005270458088301,0.35004009209310494,1,-0.9789156626506035,-2.5203854707190554,감소형,459390.03069,3.316,322075.75166,649152.83711,1182119.01298,541845.61281,309438.0319,0.49614779948257975,0.40715525888855486,0.414505320484537,1,-0.9221311475409832,-2.5201612903225867,감소형,,0.0,,11.0,관찰,11.0
2026-10-05T08:05:23+09:00,SONIC,KRW-SONIC,,37.4,1.35501355,352679788.1403827,1791155106407,False,False,,413112739.4765956,584915570.0351167,494810634.1555543,1401528178.3618383,672087087.069634,0.7062775563519252,0.4994805156393751,0.4514443818472466,1,-0.2702702702702786,3.9436619718309807,감소형,,,,,,,,,,,,,,NO_DATA,,0.0,,11.0,관찰,11.0
2026-10-05T08:05:23+09:00,ASTR,KRW-ASTR,ASTRUSDT,10.4,0.97087379,297169986.838353,1791154247993,False,False,,217003643.4261034,419058642.4737693,346350348.422462,320662130.92639095,344815440.1984187,0.517835981487213,0.5994183227943646,0.5795360179362946,1,3.4136546184738936,0.0,감소형,460511.9706462,2.587,165770.5542218,417171.5192388,411403.0075911,536855.1701247,372884.7603166,0.3973678608843586,0.3642162344751869,0.35511646211263304,1,3.005053954377823,-1.0627131986355343,감소형,,0.0,,11.0,관찰,11.0
2026-10-05T08:05:23+09:00,SEI,KRW-SEI,SEIUSDT,100.0,2.66940452,4281441405.541756,1791155109226,False,False,,3365618062.9720993,7322425506.520901,4896719792.037279,8855298915.788832,10308325634.27267,0.4596315879178132,0.47910417405183975,0.3100187251296435,1,-3.5643564356435564,-8.113207547169809,감소형,6306090.62335,3.411,3548456.99152,8181325.677291,6039147.172132,9985784.965248,11845052.463651,0.4337264071236637,0.4397776416356278,0.25670543691915,1,-2.5557368134855984,-7.366244507624719,감소형,,0.0,,10.9,관찰,10.9
2026-10-05T08:05:23+09:00,ALGO,KRW-ALGO,ALGOUSDT,179.0,0.0,2403858241.4732056,1791155119303,False,False,,2390075252.950801,4327763056.448983,3633006013.3072085,4179109735.4296513,10291565037.981155,0.5522657367734697,0.5906340478283414,0.24256815727699543,1,5.9171597633136175,-3.2432432432432434,감소형,4060553.0668,1.069,3746532.8731,6922238.6062,7303745.5915,5911362.6254,16019069.5566,0.5412313972743391,0.5581469454757965,0.2884633835142631,1,5.972558514931392,-3.4558823529411864,감소형,,0.0,,10.9,관찰,10.9
2026-10-05T08:05:23+09:00,BCH,KRW-BCH,BCHUSDT,430800.0,-0.73732719,2219466532.031534,1791155117415,False,False,,2164422326.676155,7381220739.561106,3669594423.279302,4946931325.562694,5432749600.374084,0.2932336537607536,0.4058863531020127,0.34879578861320215,1,4.151667866570685,2.8923660502607973,감소형,8373359.1473,0.758,8211234.5341,21124510.3944,10589204.7762,15230245.9353,20406146.0071,0.38870650163218723,0.5247470179759498,0.44742705952293327,1,4.4088830829523085,2.996134020618557,감소형,,0.0,,10.9,관찰,10.9
2026-10-05T08:05:23+09:00,AZTEC,KRW-AZTEC,,23.6,2.60869565,537725269.5833504,1791155072517,False,False,,253944629.54070473,913407795.613291,877013063.8506675,1431427574.9944558,4379794921.130774,0.27801889885360376,0.23645863674843443,0.05545249515504964,1,-2.9535864978902926,-11.538461538461542,감소형,,,,,,,,,,,,,,NO_DATA,,0.0,,10.9,관찰,10.9
2026-10-05T08:05:23+09:00,1INCH,KRW-1INCH,1INCHUSDT,143.0,0.0,312273966.03644365,1791155106722,False,False,,166792442.70339194,344797449.4842711,183767769.8207312,243767056.21062717,464705448.3838373,0.48374036105217955,0.6478783083046874,0.4225344764490025,1,3.6231884057970953,3.6231884057970953,감소형,1017572.03027,0.381,766717.85919,797039.09199,369538.0347,469497.71937,912519.08213,0.9619576591603609,1.4058975254764392,1.0783268129485986,1,3.8461538461538547,3.8461538461538547,중립,,0.0,,10.9,관찰,10.9
2026-10-05T08:05:23+09:00,SHIB,KRW-SHIB,SHIBUSDT,0.00801,2.4296675199999997,4505126450.528171,1791155123110,False,False,,4100227984.419696,8363100507.100563,5063731011.991006,6244131140.531029,7767983503.001731,0.49027606220186637,0.6253219105797991,0.5427603437210452,1,-0.12771392081736277,1.1642949547218784,감소형,3615318.93656283,3.665,2005355.83733107,10067890.67176014,3602777.22595702,4684844.91015352,4724454.10178291,0.19918331482839588,0.32775262532646726,0.35269208424700255,1,-0.17361111111110494,1.232394366197176,감소형,,0.0,,10.8,관찰,10.8
2026-10-05T08:05:23+09:00,ETHFI,KRW-ETHFI,ETHFIUSDT,1005.0,2.2380468000000002,937909732.5107918,1791155099764,False,False,,669978475.3860552,1280417257.2350612,1341932722.1885378,1217348496.7645085,5214060657.923823,0.5232501136643611,0.5234617870707249,0.3235464490179393,1,-7.958801498127343,1.865284974093262,감소형,3742118.90831,2.832,3293118.05204,9463294.0601,6067214.02894,7309627.98945,14579340.70261,0.347988557803011,0.43254357689330986,0.3698407757823368,1,-7.754998089901943,2.056917441532824,감소형,,0.0,,10.8,관찰,10.8
2026-10-05T08:05:23+09:00,XCN,KRW-XCN,,6.46,-2.41691843,127735057.12856849,1791155117420,False,False,,263402018.34498197,406937384.47960454,818027316.2458725,472502491.48481643,434619847.4553762,0.6472789878517133,0.4655206643528754,0.39312323762731405,1,5.414012738853491,1.2232415902140747,감소형,,,,,,,,,,,,,,NO_DATA,,0.0,,10.8,관찰,10.8
2026-10-05T08:05:23+09:00,CPOOL,KRW-CPOOL,,51.3,2.39520958,2604821165.434344,1791155109861,False,False,,1340916354.6625786,2324270381.297625,3987822835.9904747,1564134317.0973244,2041328633.0846634,0.5769192626866215,0.5107456642695414,0.3608810626643046,1,0.8048289738430636,0.4008016032064132,감소형,,,,,,,,,,,,,,NO_DATA,,0.0,,10.7,관찰,10.7
2026-10-05T08:05:23+09:00,ZETA,KRW-ZETA,,68.9,2.8358209,1769500440.4290512,1791155102320,False,False,,569886464.6100688,4510679275.00947,11405982480.784832,939996956.6822984,1051769004.1658117,0.12634160618942972,0.10142338544024668,0.14654613511355494,1,-5.36723163841808,-5.36723163841808,감소형,,,,,,,,,,,,,,NO_DATA,,0.0,,10.7,관찰,10.7
2026-10-05T08:05:23+09:00,WAVES,KRW-WAVES,,407.0,2.00501253,724745804.8261195,1791154440242,False,False,,724722575.0105822,3349165146.5957913,2882477103.787814,2013928443.3012526,667226187.7585667,0.2163890233203984,0.26367704623488397,0.3419652335572278,1,-1.7241379310344862,3.3678756476683835,감소형,,,,,,,,,,,,,,NO_DATA,,0.0,,10.7,관찰,10.7
2026-10-05T08:05:23+09:00,TFUEL,KRW-TFUEL,TFUELUSDT,14.4,2.85714286,549077568.2138883,1791155080325,False,False,,184476794.1832461,258135848.79965788,157237331.23127395,226281451.5412189,272299810.6979654,0.7146500381139258,0.862505085007725,0.68463214811653,1,-2.0979020979021046,-4.761904761904756,감소형,282396.27182,3.125,132549.42642,230776.97025,179569.49963,227151.50704,227293.73385,0.5743615850247518,0.6237639861716786,0.5860076587777372,1,-2.0038167938931317,-5.258302583025842,감소형,,0.0,,10.7,관찰,10.7
2026-10-05T08:05:23+09:00,AWE,KRW-AWE,AWEUSDT,94.9,1.60599572,350391688.32698596,1791155051955,False,False,,280107768.1226981,471655761.95284116,962733226.5568477,841607378.0821661,1524237212.027118,0.5938817898946921,0.3692111800804057,0.2814676868477442,1,-4.984740590030512,4.826038159371504,감소형,136771.86624,1.86,326652.48322,325458.09288,670171.05027,495430.57281,304235.33428,1.0036698744512105,0.6572221348150814,0.7404712355622612,2,-5.263883147306037,4.881769641495048,중립,,0.0,,10.7,관찰,10.7
2026-10-05T08:05:23+09:00,COMP,KRW-COMP,COMPUSDT,33930.0,-1.10754882,100281541.492606,1791154938087,False,False,,404513291.1571413,555264389.7796187,406663210.246772,3955852672.5696416,816899303.5832723,0.7285057327693756,0.2467657776891305,0.33497039570319853,1,2.022004162949753,7.386541471048513,감소형,462998.49155,-0.397,1077024.19553,1246673.63863,1422686.67769,3506527.12811,2091047.49318,0.8639183200453072,0.5231754327880581,0.5630885565857011,1,2.5444264943457195,7.9506802721088565,중립,,0.0,,10.7,관찰,10.7
2026-10-05T08:05:23+09:00,SUI,KRW-SUI,SUIUSDT,1641.0,1.9888129300000001,29652008647.719105,1791155125007,False,False,,27724113677.18818,43190991215.27299,31207430798.98007,46134606090.508934,43139338689.81033,0.6418957494864002,0.6900377625896431,0.596660907106559,1,1.5782828282828287,1.3862633900441068,감소형,79040886.36106,2.497,67593013.47748,108698492.2591,87280951.6727,131998082.00301,118157184.10957,0.6218394760836368,0.6182711448123585,0.5171776794881262,1,1.6920037790947307,1.395906482829501,감소형,,0.0,,10.6,관찰,10.6
2026-10-05T08:05:23+09:00,CC,KRW-CC,,174.0,2.95857988,1966210015.496222,1791154956342,False,False,,1558749000.156801,3857094598.8252015,2211843173.560329,2295551689.879947,6638049645.136911,0.40412516732972187,0.559059464605251,0.3581207046129489,1,-1.1695906432748537,-5.0561797752809,감소형,,,,,,,,,,,,,,NO_DATA,,0.0,,10.6,관찰,10.6
2026-10-05T08:05:23+09:00,XLM,KRW-XLM,XLMUSDT,302.0,3.07167235,10700622136.24673,1791155114897,False,False,,10564368244.99492,28379871911.20964,27602178806.80511,39282468285.45715,67284609576.76048,0.3722486231807885,0.3326852963360861,0.19729791600515142,1,-4.870129870129869,-6.9841269841269815,감소형,7613835.4299,3.479,7998712.6722,20741726.4953,20943946.5748,34053817.5974,43584007.2257,0.3856338899277493,0.3168246552111658,0.21042791625116355,1,-4.50729120636324,-7.053763440860228,감소형,,0.0,,10.5,관찰,10.5
2026-10-05T08:05:23+09:00,GRT,KRW-GRT,GRTUSDT,39.7,3.1168831200000002,254304561.90979627,1791155086250,False,False,,423026219.15300304,694034581.6548381,736466886.084879,1207999702.126848,1357947824.0735304,0.6095174942786716,0.4809846862880827,0.19163241551005308,1,-3.508771929824561,-7.673860911270991,감소형,748611.99174,4.3,705099.21647,1262715.64492,1465101.20438,2539594.8624,3078667.60887,0.5583990499418195,0.40158198469876405,0.2043780392353302,1,-3.2147742818057434,-7.425580634609097,감소형,,0.0,,10.5,관찰,10.5
2026-10-05T08:05:23+09:00,NEWT,KRW-NEWT,NEWTUSDT,69.2,-0.14430014000000002,202056727.60114604,1791154714583,False,False,,200583562.55343786,391353437.3351179,256033714.01773062,277902803.98266816,212108095.8201602,0.5125381392311043,0.6503374257879138,0.6083195929406044,1,4.054054054054057,5.319148936170204,감소형,206131.313048,0.789,198614.465178,480037.028017,449470.447546,424109.915466,276408.169247,0.41374821854568744,0.4401859783147797,0.5041455587670804,1,4.164965291955891,5.369681949607608,감소형,,0.0,,10.4,관찰,10.4
2026-10-05T08:05:23+09:00,ARX,KRW-ARX,,374.0,-2.60416667,979123355.2797486,1791155100717,False,False,,1698402695.8411922,4101336479.8928137,3711601851.6386847,7976673040.7006035,13190893496.064827,0.4141095723717794,0.3226936982428904,0.17111074280477784,1,1.8567639257294433,9.401709401709413,감소형,,,,,,,,,,,,,,NO_DATA,,0.0,,10.3,관찰,10.3
2026-10-05T08:05:23+09:00,SPK,KRW-SPK,SPKUSDT,33.4,-2.33918129,791302109.3481019,1791155107038,False,False,,1386042756.336613,8046322028.112417,570240640.5453111,1347506957.8134873,1224240360.120453,0.17225792747220733,0.41731224538647105,0.5656295781021485,1,0.884955752212413,11.40065146579805,감소형,1244784.917433,-0.822,1617832.70636,5678214.06119,1317168.535491,2419418.967939,2199648.652782,0.28491928781229253,0.5155178349503425,0.6037256126727318,1,0.8777555110220492,11.401761607577576,감소형,,0.0,,10.2,관찰,10.2
2026-10-05T08:05:23+09:00,ALT,KRW-ALT,ALTUSDT,10.7,-2.72727273,246273555.65145618,1791154986042,False,False,,163587741.3224632,359109371.1594401,111243706.47318831,144877587.15920928,476207535.42511225,0.45553737791440785,0.7976897967747407,0.5592304834658707,1,3.7735849056603765,7.843137254901977,감소형,272920.70311,-1.875,297039.59599,770118.08422,318953.25048,533337.13638,656924.15507,0.3857065586128277,0.5492567401209405,0.48990967742729286,1,4.020752269779493,6.507304116865864,감소형,,0.0,,10.0,관찰,10.0
2026-10-05T08:05:23+09:00,ESP,KRW-ESP,ESPUSDT,143.0,2.87769784,11480821483.173908,1791155097241,False,False,,275019950.7486227,531759763.4051878,1783114644.4079378,786055436.5627625,573618679.4053618,0.5171883426972723,0.26606853223147486,0.25251143750899596,1,-2.1126760563380254,3.731343283582089,감소형,5391894.91948,4.308,282278.01279,640400.53305,1843602.83604,795247.35726,590886.14403,0.4407835381485556,0.2582401008759023,0.2722601767703328,1,-3.041825095057038,3.837931385523774,감소형,,0.0,,9.9,관찰,9.9
2026-10-05T08:05:23+09:00,GMT,KRW-GMT,GMTUSDT,12.2,1.66666667,1878361241.8653932,1791155065972,False,False,,969498049.0319927,1722530829.47944,1170444683.0441892,530189362.52776253,915451455.7126865,0.5628334961789806,0.8496506166832859,0.8664819054745524,1,2.564102564102577,4.347826086956519,감소형,1827774.180129,3.196,1230031.675674,1599412.63769,568523.396255,330503.86213,388160.127668,0.7690521174388808,1.4769596950557293,1.781962646088032,1,2.088167053364276,4.018912529550822,중립,,0.0,,9.8,관찰,9.8
2026-10-05T08:05:23+09:00,CARV,KRW-CARV,,60.9,1.83946488,406116687.7913761,1791154965189,False,False,,206979056.8236832,295921858.95242923,399325904.5771449,346255799.12193775,498073383.1644702,0.6994382150625649,0.5961930354709845,0.41972334486553126,1,2.9259896729776136,4.728546409807355,감소형,,,,,,,,,,,,,,NO_DATA,,0.0,,9.5,관찰,9.5
2026-10-05T08:05:23+09:00,PLUME,KRW-PLUME,PLUMEUSDT,25.5,4.50819672,1058819250.7540407,1791154925846,False,False,,1222050195.4575624,2597082183.7282786,9301796803.499865,2253554776.811264,2114446482.394919,0.47054737162889115,0.2590473587439204,0.31401286035481807,1,-4.687500000000011,-1.6129032258064613,감소형,1980444.85681,5.787,1193490.3803,3692516.85903,10376830.08146,4946952.12402,5110600.38841,0.323218667879968,0.18828433065518052,0.19121503221983227,1,-4.670912951167727,-1.6967706622879053,감소형,,0.0,,9.4,관찰,9.4
2026-10-05T08:05:23+09:00,TIA,KRW-TIA,TIAUSDT,642.0,-0.155521,697388043.5080646,1791154486897,False,False,,872950791.504209,5024539769.035311,799191437.6802341,1104721466.4524794,625274971.4491115,0.17373746285857575,0.37798517187751257,0.5022481581318862,1,6.810631229235886,5.40983606557377,감소형,4075055.642862,1.895,5764685.766488,13017915.666822,8191790.159367,7131898.26031,9776815.000043,0.4428270941392037,0.6102003699819629,0.640208179641283,1,7.010402532790594,5.483727151136875,감소형,,0.0,,9.4,관찰,9.4
2026-10-05T08:05:23+09:00,VIRTUAL,KRW-VIRTUAL,VIRTUALUSDT,1134.0,4.612546129999999,7419314339.838963,1791155067260,False,False,,4031241610.6148586,8008111765.825606,4593157840.4735565,6096698651.869875,8676883140.341162,0.5033947737615339,0.6467935267010038,0.5003285804204849,1,-0.8234217749313766,-3.644444444444439,감소형,9738889.46245,5.773,4726684.20392,10514308.52678,6367394.45121,8294525.83753,10586906.14719,0.4495477940257422,0.5632317975684524,0.4519654912834599,1,-0.9930486593843102,-3.589991538740489,감소형,,0.0,,9.3,관찰,9.3
2026-10-05T08:05:23+09:00,GRVT,KRW-GRVT,,298.0,1.36054422,629744076.1704673,1791155109549,False,False,,421553966.7511367,1270189543.8249483,617109705.947298,627673226.7992601,1128022625.5272768,0.3318827247480738,0.5028531771359339,0.4312670054534431,1,4.255319148936176,5.376344086021501,감소형,,,,,,,,,,,,,,NO_DATA,,0.0,,9.2,관찰,9.2
2026-10-05T08:05:23+09:00,XTZ,KRW-XTZ,XTZUSDT,452.0,3.1963470299999996,457142896.3212078,1791155061356,False,False,,319984641.79282963,730023120.7599479,587869555.5952792,611478281.3015581,364886446.08907735,0.43832124311313364,0.4975476186001835,0.5908019246864561,1,1.6241299303944245,3.0588235294117583,감소형,785379.34468,3.538,329452.86638,1076723.52845,651664.51005,948873.93806,718316.60531,0.3059772148327293,0.36916768242827575,0.37078971531740545,1,1.895135818066973,3.0012771392081694,감소형,,0.0,,9.2,관찰,9.2
2026-10-05T08:05:23+09:00,KITE,KRW-KITE,KITEUSDT,198.0,-3.4146341500000004,4324142265.736827,1791155105155,False,False,,1273542651.3768756,1721146228.5628748,3344920627.719736,1644216580.753953,1479690787.666232,0.7399386700804964,0.5693690870110125,0.573412966502004,1,5.670103092783507,9.625668449197855,감소형,3806219.32797,-2.859,4579787.32736,4455363.1885,4378345.41261,2575247.85127,2126076.63402,1.027926822931329,1.2042610592324472,1.3181147537990383,5,6.4174894217207346,9.905316824471955,중립,,0.0,,8.9,관찰,8.9
2026-10-05T08:05:23+09:00,SOON,KRW-SOON,,485.0,-3.76984127,12656316182.771992,1791155114900,False,False,,20888741684.938396,44194274572.17075,67970165555.52118,140715366205.5067,93994084071.06313,0.4726571911668416,0.24781031733409795,0.23367654847578193,1,-25.0,19.14893617021276,감소형,,,,,,,,,,,,,,NO_DATA,,0.0,,8.8,관찰,8.8
2026-10-05T08:05:23+09:00,DEEP,KRW-DEEP,,33.0,1.85185185,863292326.6604086,1791154934942,False,False,,1217385803.8748221,1708119774.5703845,1177605845.5575104,4623360434.823575,826441924.2268783,0.7127051755963725,0.48636510287643386,0.5808702097298686,1,3.1847133757961776,7.641196013289031,감소형,,,,,,,,,,,,,,NO_DATA,,0.0,,8.7,관찰,8.7
2026-10-05T08:05:23+09:00,W,KRW-W,WUSDT,19.6,4.81283422,5874534680.596047,1791155124377,False,False,,849023329.5481235,1158892309.628708,485512550.57148445,1096062470.8119147,3237780571.3968887,0.7326162426775773,0.9294290648243885,0.46421878594974675,1,1.6304347826086918,-0.5319148936170248,감소형,3403442.707424,5.702,992979.810152,1599238.156814,1355665.700361,2771322.19652,3872966.647385,0.6209080279388862,0.5202273543730883,0.31610519843351653,1,2.3738872403560762,0.21786492374729072,감소형,,0.0,,8.6,관찰,8.6
2026-10-05T08:05:23+09:00,ZK,KRW-ZK,ZKUSDT,17.6,-2.22222222,516670761.294968,1791155118992,False,False,,733278390.5199794,6753607805.822647,267601713.31819445,220752687.26523867,577623494.3710495,0.10857580297863621,0.3037623103879239,0.4334520021409625,1,8.43373493975903,6.5088757396449815,감소형,2157577.411685,-1.515,2184114.260127,6446179.750056,1613044.742712,1704433.016156,1775158.325031,0.33882304633345445,0.6710951069711476,0.7997909339975877,1,8.971193415637856,6.345381526104421,감소형,,0.0,,8.6,관찰,8.6
2026-10-05T08:05:23+09:00,RE,KRW-RE,REUSDT,697.0,0.8683068,1414016854.8373387,1791155098187,False,False,,1722148867.0995028,3080352278.800411,9498351808.64271,2038267057.4670746,2749752111.1687074,0.5590752976377634,0.35345534653378086,0.43024940797402705,1,5.175038051750391,10.207336523126,감소형,548359.46029,1.336,767489.71551,1845091.31552,3722112.14253,1623328.26144,2580097.57274,0.4159629981748081,0.32020846807324926,0.34262910776227057,1,5.641982991080696,10.381447767663632,감소형,,0.0,,8.2,관찰,8.2
2026-10-05T08:05:23+09:00,ADA,KRW-ADA,ADAUSDT,354.0,6.626506020000001,14321409566.739443,1791155124065,False,False,,8245941298.147485,23853696745.677475,16184194925.979229,15265457746.184877,23325980987.100357,0.3456881919001394,0.44731149478012827,0.3889533124188087,1,-0.8955223880596996,-0.8955223880596996,감소형,48563364.96885,7.459,17370962.88558,60139277.87691,35642723.99314,35362507.3654,42122114.97634,0.28884555150685376,0.3973699620407229,0.3786294552429441,1,-1.1354420113544261,-1.4152850788516025,감소형,,0.0,,7.7,관찰,7.7
2026-10-05T08:05:23+09:00,B3,KRW-B3,,1.13,6.6037735799999995,6878689485.919213,1791155100397,False,False,,651313910.7947844,1006407068.6838939,1169858831.3805685,1931144527.0212042,4637694568.377155,0.6471674644003896,0.47571134345362576,0.23794701136977614,1,-5.35714285714286,-1.851851851851849,감소형,,,,,,,,,,,,,,NO_DATA,,0.0,,7.7,관찰,7.7
2026-10-05T08:05:23+09:00,META2,KRW-META2,,8520.0,6.90087829,27156331967.388115,1791155124374,False,False,,669845922.919582,1445607736.9412858,8149322741.818998,1287005824.3900883,1691268972.1821597,0.46336631010075185,0.18466729750816271,0.1718604261154654,1,-0.18785222291797243,-4.149128081779918,감소형,,,,,,,,,,,,,,NO_DATA,,0.0,,7.5,관찰,7.5
2026-10-05T08:05:23+09:00,MORPHO,KRW-MORPHO,MORPHOUSDT,3689.0,-1.4953271000000001,1184550621.0054765,1791155122173,False,False,,1558034398.0803704,2503751064.843547,2501285809.4969273,2519819040.9005857,1782694528.9236295,0.6222800740686767,0.6211551751807032,0.6799997436226616,1,10.374300029472439,8.803021499128416,감소형,2986249.19457,-0.654,3613469.76071,5184374.76504,4938890.67925,6083212.18676,6573219.99119,0.6969923904955433,0.6688936071685838,0.6214173032252995,1,10.220440881763526,8.395743003547507,감소형,,0.0,,7.4,관찰,7.4
2026-10-05T08:05:23+09:00,MEW,KRW-MEW,,0.734,0.54794521,451380377.63476557,1791154989839,False,False,,903369607.9465176,1586411516.51633,3321118402.332946,33008331574.9801,421626829.64375645,0.569442164622119,0.07147691538752482,0.11497495471756113,1,7.669616519174038,13.530326594090191,감소형,,,,,,,,,,,,,,NO_DATA,,0.0,,6.9,관찰,6.9
2026-10-05T08:05:23+09:00,MON,KRW-MON,,45.1,-1.74291939,1834644529.2061565,1791155079304,False,False,,1331230562.183218,4479816829.848371,8637520196.148613,3615856685.983057,2795614809.740239,0.2971618288751052,0.238668825287691,0.2361863653726327,1,6.25,18.29896907216495,감소형,,,,,,,,,,,,,,NO_DATA,,0.0,,6.8,관찰,6.8
2026-10-05T08:05:23+09:00,MINA,KRW-MINA,MINAUSDT,214.0,-3.16742081,1084693899.7504148,1791155117107,False,False,,1739126897.9787982,4593917601.107836,1802552404.645452,968972339.1486241,1577652060.3702743,0.37857163514630804,0.708359450746047,0.824181331309003,1,12.182741116751261,8.866995073891616,감소형,1191710.84559,-3.37,1846533.36305,4278951.74903,1587275.43369,1464938.05725,2280109.3876,0.43153872054495424,0.7556234115345992,0.7669527249081767,1,12.785072563925382,9.383378016085796,감소형,,0.0,,6.8,관찰,6.8
2026-10-05T08:05:23+09:00,VVV,KRW-VVV,,40740.0,6.5376569,902117653.6806419,1791155047872,False,False,,722702576.3393958,4302311743.646523,1010091793.4748545,892334392.6737078,1026920297.1880865,0.1679800580250032,0.3494277685133093,0.4205744631611858,1,2.2459893048128343,1.0570824524312794,감소형,,,,,,,,,,,,,,NO_DATA,,0.0,,6.8,관찰,6.8
2026-10-05T08:05:23+09:00,IOTA,KRW-IOTA,IOTAUSDT,80.1,8.38971583,16121986533.250437,1791155093067,False,False,,822079509.974763,1769437098.599699,2990623695.14122,2162489715.336786,5414772188.6904,0.4645994540440811,0.35626154358718676,0.12850340639930932,1,1.2328767123287676,-2.763157894736834,감소형,6550301.7214,9.612,538259.0777,1098341.3989,2548062.6844,1402804.8874,3319125.6049,0.4900653642292569,0.3198079624888519,0.15367079143172474,1,1.1152416356877248,-2.683363148479434,감소형,,0.0,,5.9,관찰,5.9
2026-10-05T08:05:23+09:00,DRV,KRW-DRV,,565.0,7.61904762,15944686682.812372,1791155123433,False,False,,2669554280.9844375,11243685345.917162,18994324398.019337,6291549015.820265,14153095726.27984,0.23742698224419925,0.2192378751581351,0.2385939549475669,1,0.0,4.373757455268379,감소형,,,,,,,,,,,,,,NO_DATA,,0.0,,5.9,관찰,5.9
2026-10-05T08:05:23+09:00,CHIP,KRW-CHIP,CHIPUSDT,67.0,11.66666667,2806505547.981826,1791155051330,False,False,,728460359.0957423,2220274117.737307,1489428210.3125777,1794685753.2066138,1556453050.3835177,0.32809478490796445,0.3970252542201504,0.38757602509610156,1,1.6949152542372836,0.33444816053511683,감소형,3266135.69682,13.102,763617.47613,3046835.45241,2318953.76838,3144342.84593,1932589.57785,0.25062642471420316,0.26919117240832047,0.28948762317677595,1,1.9648636153490662,0.3412192902638944,감소형,,0.0,,3.0,관찰,3.0
2026-10-05T08:05:23+09:00,PROS,KRW-PROS,,1102.0,12.79426817,15275015087.490652,1791155121202,False,False,,530123745.2789107,2548081934.3669853,8646797577.465675,5652029405.178363,4430895402.688109,0.20804815501767146,0.09440136725799403,0.06398152201671035,1,0.30800821355236874,7.009857612267245,감소형,,,,,,,,,,,,,,NO_DATA,,0.0,,1.4,관찰,1.4
2026-10-05T08:05:23+09:00,GEOD,KRW-GEOD,,426.0,9.51156812,2264104175.1700916,1791155121202,False,False,,554931067.9542477,1008721601.238327,916023298.0157992,639672172.8855157,939603131.0176567,0.5501330270641603,0.6491897211063681,0.6098404160911379,1,5.994550408719346,11.142857142857142,감소형,,,,,,,,,,,,,,NO_DATA,,0.0,,0.8,관찰,0.8
2026-10-05T08:05:23+09:00,ZRO,KRW-ZRO,ZROUSDT,2666.0,-1.55096012,10569201016.099146,1791155125941,False,True,거래량급등,25736991147.491062,5658275844.746117,3044064496.8704634,10518166784.646025,3952799593.9476113,4.54855716717817,4.017114269423896,4.661763465666875,3,14.406421630756228,27.79613025011798,가속형,14699431.65881,-1.398,36364951.30287,28453481.49194,24840241.80707,24841847.12459,14445033.19308,1.2780492718675245,1.3962252187725643,1.7083790887161818,3,14.474439977024689,27.674567584881494,중립,,0.0,,56.8,시동,56.8
2026-10-05T08:05:23+09:00,ATH,KRW-ATH,,10.5,5.8467741900000005,9277688691.03139,1791155101354,False,True,"거래량급등,입금량급등",17753811652.827282,6872792327.649704,558695021.5622308,738919839.0840796,700897906.0643902,2.583202111520598,6.5188225912140645,8.329879068584596,3,22.16748768472907,20.534629404617256,가속형,,,,,,,,,,,,,,NO_DATA,,0.0,,51.0,시동,51.0
2026-10-05T08:05:23+09:00,PUMP,KRW-PUMP,PUMPUSDT,8.79,3.29024677,10797364018.495647,1791155118677,False,False,,11673626017.31161,9920118760.194832,4677429348.938793,9797798945.251717,22835625014.268757,1.1767627283004765,1.4355556399284521,0.931914490639861,3,5.714285714285694,27.39520958083832,고수준 유지형,42041696.677924,3.273,37759950.394913,55404798.609276,34874415.395584,55089451.523488,78454691.006376,0.6815285199609253,0.7792590705364119,0.5926889065768695,1,5.822784810126591,27.23214285714286,감소형,,0.0,,33.8,시동,33.8
2026-10-05T08:05:23+09:00,FOLD,KRW-FOLD,,95.1,-4.9,7591464647.348757,1791155119302,False,False,,36463191759.46196,3933878933.504821,5976135757.898439,31416455881.46384,29587061018.661278,9.269017266623331,2.6469614695382577,2.3252781798662716,2,5.932203389830493,21.212121212121215,일회성 폭증형,,,,,,,,,,,,,,NO_DATA,,0.0,,28.1,시동,28.1
2026-10-05T08:05:23+09:00,MANA,KRW-MANA,MANAUSDT,140.0,-1.4084507,7661298645.250027,1791155094020,False,False,,16943381724.915022,24157608351.65415,156366517.8488429,273477437.438803,310867830.80433726,0.7013683423572373,2.0673205397695535,3.3457497255450774,1,16.393442622950815,16.393442622950815,감소형,2889094.0975,-1.429,9496670.1195,14813619.4595,407254.0169,620999.6871,634389.2821,0.64107695931191,1.7983990948836508,2.76581546156276,1,16.240266963292548,15.982241953385113,감소형,,0.0,,23.9,시동,23.9
2026-10-05T08:05:23+09:00,WLD,KRW-WLD,WLDUSDT,789.0,-2.71270037,25390352088.502113,1791155123112,False,False,,64888089318.21112,69621103245.10054,37926898195.00614,63374019074.428535,41578577596.16642,0.9320175391328276,1.1389068966574678,1.2236130241465741,1,11.554332874828056,21.40718562874251,중립,31947704.07573,-2.554,81274531.36695,91228255.01127,65990069.32665,79648404.22022,55256593.77921,0.8908920964991565,1.0293703787993271,1.089204600423066,1,11.713058098262664,21.668362156663278,중립,,0.0,,18.5,시동,18.5
2026-10-05T08:05:23+09:00,TRAC,KRW-TRAC,,619.0,-2.51968504,4100942846.1289773,1791155084221,False,False,,21029278564.46849,22182028643.37315,40691072330.110794,24290819687.977432,729845864.3978401,0.9480322518089868,0.7237838226487568,1.1733743645221568,1,10.051993067590992,25.0,중립,,,,,,,,,,,,,,NO_DATA,,0.0,,16.8,시동,16.8
2026-10-05T08:05:23+09:00,CAP,KRW-CAP,,88.4,-6.057385760000001,4401785513.068561,1791155124378,False,False,,11200953468.718998,45946444668.747314,29200885784.003063,15885017549.86421,11666947920.090324,0.24378281169463076,0.36913098633017644,0.4464252469527804,1,0.0,22.20779220779221,감소형,,,,,,,,,,,,,,NO_DATA,,0.0,,8.1,시동,8.1
2026-10-05T08:05:23+09:00,STX,KRW-STX,STXUSDT,529.0,1.34099617,5106109638.73132,1791155117736,False,False,,4549894833.170034,6938331846.006617,22017898075.975597,13200206905.736553,3295061519.5244155,0.6557620670433548,0.3237864849748198,0.4451216872878697,1,3.77733598409542,22.248243559718972,감소형,2616382.69089,2.222,2896535.58892,2656477.13396,9666873.63848,8093460.19765,1125506.85173,1.0903672205158965,0.4256103844763027,0.6075533171057101,2,3.3880075289056233,22.33534839325484,중립,,0.0,,5.7,시동,5.7
2026-10-05T08:05:23+09:00,AAVE,KRW-AAVE,AAVEUSDT,242800.0,-1.6605913300000001,2584353036.8586,1791155079615,False,False,,4109643173.635948,13567831437.31573,10041403583.838585,6154306787.054549,22120412717.777035,0.30289609600640816,0.41422924732390193,0.3659875145797607,1,13.883763837638385,21.50590551181102,감소형,16142420.47486,-0.322,24126674.12241,59250834.98634,39199996.43478,40773036.81145,74898658.72893,0.407195512569102,0.5198822822989014,0.510193889050097,1,13.844128158505221,21.475881447782164,감소형,,0.0,,3.4,시동,3.4
2026-10-05T08:05:23+09:00,MEGA,KRW-MEGA,MEGAUSDT,66.4,-2.06489676,2651687860.8383718,1791155119944,False,False,,6146016159.752802,32280695431.60297,30684214498.22025,865028891.5158341,613436933.5047845,0.1903929291974243,0.28886207349918946,0.46841973148363336,1,19.576719576719558,18.53146853146852,감소형,2775293.393469,-0.808,4307054.645643,10148017.728505,16133569.371924,1916675.220346,1380986.82187,0.4244232480541313,0.4582255385080719,0.6805980632072572,1,19.6172248803828,18.42728564661298,감소형,,0.0,,2.1,시동,2.1
2026-10-05T08:05:23+09:00,FLUID,KRW-FLUID,,2399.0,3.3606204200000005,1029179823.9340742,1791155093390,False,False,,574073063.894377,1069293089.8596888,146040617.99614674,282329685.1955641,1315557962.1226056,0.5368715736952028,1.1499374289800943,0.8808822318522724,1,15.992003998001003,22.804232804232804,감소형,,,,,,,,,,,,,,NO_DATA,,0.0,,0.9,시동,0.9
2026-10-05T08:05:23+09:00,SKY,KRW-SKY,SKYUSDT,130.0,5.69105691,727301042.0068786,1791155060690,False,False,,537143638.2548276,1400071356.5628707,624767159.462247,579216531.0750043,1067373307.0822468,0.383654472850225,0.6188159949072405,0.5253992234612948,1,16.03773584905661,13.888888888888884,감소형,4255402.62561,7.046,3248732.30309,13114453.19515,3614469.94956,3296730.23036,6366773.13907,0.24772152180095847,0.4866855890656268,0.4851223127975065,1,16.951988672930884,15.37777777777778,감소형,,0.0,,0,시동,0
2026-10-05T08:05:23+09:00,SUPER,KRW-SUPER,SUPERUSDT,335.0,-5.63380282,1574239131.7710624,1791155013166,False,True,"거래량급등,입금량급등",5601548564.234786,1742955203.7598386,1150546710.0138516,138609773.9109126,207680911.74512517,3.213822450600757,5.542225163063439,7.818126474318062,4,30.996309963099634,35.49618320610688,연속 가속형,1998236.7069,-4.154,11946205.8082,7126708.2337,5138053.3043,1172732.2709,1215686.6408,1.6762585777975427,2.6670611301687193,3.5897687771699927,4,31.435768261964746,34.69282395456892,연속 가속형,,0.0,,64.0,이미 발동,64.0
2026-10-05T08:05:23+09:00,SAND,KRW-SAND,SANDUSDT,104.0,1.9607843100000002,63763313932.8169,1791155123430,False,False,,180751874901.55615,229584594584.27567,2000674342.6598895,1989368887.534509,1339064738.0489335,0.7872996671612735,2.321551816492105,3.789448021043931,1,70.8542713567839,73.46938775510206,중립,26985982.63794,2.529,59433145.30251,63483037.0873,1709138.47007,1766835.31453,1137560.92803,0.9362051349367436,2.662814662071944,4.267089837290999,1,71.12579762989972,73.21799307958479,중립,,0.0,,31.0,이미 발동,31.0
2026-10-05T08:05:23+09:00,EDGE,KRW-EDGE,,174.0,26.086956519999998,29035321641.274086,1791155109866,False,False,,408597902.9340027,979218910.5155672,1072259492.1898253,2572931449.571768,3988499472.490327,0.417269211762743,0.2650703004186362,0.14117428433923332,1,-9.210526315789469,-9.210526315789469,감소형,,,,,,,,,,,,,,NO_DATA,,0.0,,3.0,이미 발동,3.0
2026-10-05T08:05:23+09:00,AKT,KRW-AKT,,1067.0,16.357688109999998,16821992520.418268,1791155121527,False,False,,935987312.4574096,1340017020.21614,1444975794.9592226,1980159999.6060953,1090297895.4221783,0.6984891224041603,0.5892700709748401,0.6323092273737876,1,4.561003420752563,2.4581005586592264,감소형,,,,,,,,,,,,,,NO_DATA,,0.0,,0.9,이미 발동,0.9
2026-10-05T08:05:23+09:00,BEAM,KRW-BEAM,,3.44,19.031141870000003,50238599173.04258,1791155119619,False,False,,223206660.577595,585577280.1471372,320970427.43676424,245801421.7692941,159437802.2857255,0.3811737035315137,0.5810912376083779,0.6679530074275688,1,6.6420664206642055,4.710144927536253,감소형,,,,,,,,,,,,,,NO_DATA,,0.0,,0,이미 발동,0
2026-10-05T08:05:23+09:00,BLAST,KRW-BLAST,,0.338,10.81967213,37990273059.66309,1791155120568,True,False,,8535818712.640915,13812113698.47939,732004621.9423101,1387771398.3093429,1513387424.9972043,0.617995109146882,1.6073081467427048,2.0931013942902443,1,-47.2318339100346,-47.684391080617495,감소형,,,,,,,,,,,,,,NO_DATA,,0.0,,0,유의종목,0
2026-10-05T08:05:23+09:00,ICX,KRW-ICX,,20.7,0.97560976,6197364211.089176,1791155113330,True,False,,3176827492.0588474,17517441454.67985,57369923426.075386,385121084.0576574,646703746.5579331,0.181352253996553,0.12661309579481259,0.2028934376636988,1,8.465608465608465,9.042553191489366,감소형,,,,,,,,,,,,,,NO_DATA,,0.0,,0,유의종목,0
2026-10-05T08:05:23+09:00,MANTRA,KRW-MANTRA,MANTRAUSDT,6.98,1.7492711399999998,4011375196.4893184,1791155103578,True,True,글로벌가격차이,692801900.9790127,1530228430.397484,1948538540.1058996,1709126477.1339016,4950163583.179074,0.4527441048778934,0.4006261354275893,0.1344870347504779,1,-1.9999999999999907,-2.139800285306692,감소형,300932.89141,0.441,596675.18886,773501.99415,463892.91879,482623.78515,503319.77519,0.7713945062490567,1.0407012252644343,0.9461585727843375,1,2.7027027027026973,1.333333333333342,중립,,0.0,,0,유의종목,0
2026-10-05T08:05:23+09:00,SOPH,KRW-SOPH,SOPHUSDT,5.27,0.57251908,1921533489.4969552,1791155097249,True,False,,756262245.3354429,1776107977.428242,2368617569.201894,972428809.7598357,1199294742.187595,0.4257974486610273,0.4433688292347903,0.3556229120217138,1,2.144249512670582,2.946954813359537,감소형,248070.33888,0.533,290032.997,715381.29874,1197379.58698,757090.55551,641273.01296,0.40542434854088955,0.32589790486587733,0.34459140205494465,1,1.9021739130434812,7.75862068965516,감소형,,0.0,,0,유의종목,0
2026-10-05T08:05:23+09:00,EGLD,KRW-EGLD,EGLDUSDT,7020.0,0.07127584,1408266397.2444317,1791155123742,True,True,글로벌가격차이,1145528156.3051655,6069087298.317157,5033233383.488637,10289057855.29516,26908856037.09215,0.18874801102676492,0.16065278181839124,0.05056911090310923,1,-4.945799457994582,-4.362644853442399,감소형,256025.0375,0.177,311642.52209,858019.37836,576906.69252,620963.71082,394219.44436,0.36321151940142293,0.45475568515006437,0.5108577691058402,1,1.1772545535317702,0.4853298036620268,감소형,,0.0,,0,유의종목,0
2026-10-05T08:05:23+09:00,RVN,KRW-RVN,RVNUSDT,3.35,0.2994012,1094838308.0545673,1791155096288,True,False,,1172438736.1500592,5218216112.505917,11826452103.619108,1124976123.3973978,1281993468.0942023,0.2246819048640408,0.19358200648976645,0.23177924615993833,1,1.8292682926829285,4.374999999999996,감소형,339568.4679012,0.995,386703.2029598,651474.5322054,516341.8310093,581569.2936214,652248.0940935,0.593581458435091,0.6631525783614508,0.5739032843083302,1,-1.7358171041490178,1.0008703220191428,감소형,,0.0,,0,유의종목,0
2026-10-05T08:05:23+09:00,ZIL,KRW-ZIL,ZILUSDT,4.5,-0.44247788,389265308.5647689,1791155034266,True,False,,549336472.0975242,1126152346.6733963,1433356946.9051814,456655704.05510837,906362299.6560632,0.4877994293758207,0.5463923285315984,0.4642198355290941,1,2.262443438914019,2.262443438914019,감소형,192288.2172938,0.775,193262.2973372,347413.4578691,375536.6299999,412853.1015374,245325.0313339,0.556289035325794,0.5104642225160606,0.5254687305567434,1,-0.5942275042444711,-1.4033118158854885,감소형,,0.0,,0,유의종목,0
