scan_time_kst,coin,upbit_market,binance_symbol,upbit_price,upbit_price_24h_pct,upbit_24h_trade_krw,upbit_timestamp_ms,warning,caution_any,caution_types,upbit_D1_trade_krw,upbit_D2_trade_krw,upbit_D3_trade_krw,upbit_D4_trade_krw,upbit_D5_trade_krw,upbit_d1_vs_prev_x,upbit_d1_vs_3davg_x,upbit_d1_vs_5davg_x,upbit_rise_streak,upbit_price_3d_pct,upbit_price_5d_pct,upbit_supply_pattern,binance_24h_quote_usdt,binance_price_24h_pct,binance_D1_quote_usdt,binance_D2_quote_usdt,binance_D3_quote_usdt,binance_D4_quote_usdt,binance_D5_quote_usdt,binance_d1_vs_prev_x,binance_d1_vs_3davg_x,binance_d1_vs_5davg_x,binance_rise_streak,binance_price_3d_pct,binance_price_5d_pct,binance_supply_pattern,overseas_lead,overseas_lead_score,overseas_lead_reason,raw_signal_score,state,score
2026-09-27T19:32:28+09:00,ESP,KRW-ESP,,141.0,-1.3986014,14553920699.671646,1790505145724,False,True,"거래량급등,입금량급등",11264305851.511736,1257248227.1640294,1138982721.04665,721548807.202768,695148141.1282727,8.959492332648258,10.838776374713468,11.647997898427747,5,14.399999999999991,12.598425196850393,연속 가속형,,,,,,,,,,,,,,NO_DATA,,0.0,,72.2,발사 전,72.2
2026-09-27T19:32:28+09:00,GAS,KRW-GAS,,2051.0,-1.34680135,2229079203.2551765,1790505080894,False,True,"거래량급등,입금량급등",12145465293.972284,1999638884.7185578,1619003174.0239973,1929827811.180036,1951505607.7836533,6.073829323278896,6.56692687103394,6.260056062378639,3,7.776049766718507,8.677469942498695,가속형,,,,,,,,,,,,,,NO_DATA,,0.0,,63.4,발사 전,63.4
2026-09-27T19:32:28+09:00,FOLD,KRW-FOLD,,91.4,4.33789954,26794551190.472027,1790505145065,False,True,거래량급등,14492592348.077728,1701281137.632876,1551151032.7012749,5249694619.795462,2628199489.3220534,8.518634591013214,5.113753078195436,4.687216014685658,3,5.4151624548736566,4.2857142857142705,가속형,,,,,,,,,,,,,,NO_DATA,,0.0,,61.7,발사 전,61.7
2026-09-27T19:32:28+09:00,AWE,KRW-AWE,,98.6,2.7083333300000003,4535212360.974934,1790505149640,False,True,거래량급등,4738631938.853953,531760012.6767444,325220751.3625015,890359306.5973148,552484161.1700724,8.911222780744433,8.13573502688745,7.865669919050745,3,10.344827586206895,10.599078341013835,가속형,,,,,,,,,,,,,,NO_DATA,,0.0,,59.9,발사 전,59.9
2026-09-27T19:32:28+09:00,ONT,KRW-ONT,,81.6,0.74074074,618524996.0213841,1790504762400,False,True,입금량급등,2928897578.1057897,738193729.7565117,743208674.072926,1153233650.631319,672252242.1280202,3.9676543704480762,3.3350688871961798,3.367718624188539,2,7.001321003963001,6.020942408376961,고수준 유지형,,,,,,,,,,,,,,NO_DATA,,0.0,,50.5,관찰,50.5
2026-09-27T19:32:28+09:00,PUMP,KRW-PUMP,,6.1,1.8363939900000001,3405918477.705713,1790505141514,False,False,,7077553989.372783,4101793198.247136,3212175210.8482614,6006452055.01929,4371184605.91388,1.7254780159071186,1.5939933747076,1.7143076253234368,3,8.90909090909091,1.1824324324324342,가속형,,,,,,,,,,,,,,NO_DATA,,0.0,,49.5,관찰,49.5
2026-09-27T19:32:28+09:00,AZTEC,KRW-AZTEC,,23.1,-0.8583690999999999,662888951.2136712,1790505149319,False,False,,606107054.9573615,272637604.19872695,250071331.86229235,509177249.7179386,427292285.68230414,2.2231234636127706,1.7621334503082398,1.2323414196007747,3,10.952380952380958,4.954954954954971,가속형,,,,,,,,,,,,,,NO_DATA,,0.0,,48.3,관찰,48.3
2026-09-27T19:32:28+09:00,STX,KRW-STX,,475.0,1.7130621,7807423798.080725,1790505151601,False,False,,9516321270.439722,5667517324.351759,4435230530.986427,6508480643.59532,7464381994.5164585,1.6790987527379428,1.7186545723064433,1.3346796536628063,3,10.401891252955075,1.0822510822510845,가속형,,,,,,,,,,,,,,NO_DATA,,0.0,,48.2,관찰,48.2
2026-09-27T19:32:28+09:00,POLYX,KRW-POLYX,,62.3,-0.95389507,934315628.4833723,1790504985923,False,False,,3132571496.227811,1085720360.3985474,1411692152.519149,1433869239.0717933,1095783111.8219707,2.8852470769525804,2.390496301601269,2.4691387007263335,2,9.77312390924956,8.448275862068954,고수준 유지형,,,,,,,,,,,,,,NO_DATA,,0.0,,46.2,관찰,46.2
2026-09-27T19:32:28+09:00,CELO,KRW-CELO,,131.0,-0.75757576,617221079.5896052,1790505084151,False,False,,1124444243.3423002,291328478.15849984,568359220.1189625,534476426.8312035,771663970.2830554,3.8597127560270175,2.4196094773016568,1.763460033675072,2,7.317073170731714,2.3255813953488413,고수준 유지형,,,,,,,,,,,,,,NO_DATA,,0.0,,45.1,관찰,45.1
2026-09-27T19:32:28+09:00,OPEN,KRW-OPEN,,192.0,0.0,1273447978.806571,1790505076355,False,False,,1503851136.4397848,1246557249.3883724,645051369.9364836,1730678986.496826,622225083.2179157,1.206403586500062,1.2454983977717449,1.5625979573064037,3,4.918032786885251,-2.0408163265306145,중립,,,,,,,,,,,,,,NO_DATA,,0.0,,44.1,관찰,44.1
2026-09-27T19:32:28+09:00,LINEA,KRW-LINEA,,3.99,0.25125628,1009020793.2832085,1790505098735,False,False,,1380578315.800216,1188108829.6634636,594235649.3743852,1388258948.8556542,827708711.1714424,1.1619965118778472,1.3062923325457794,1.469903197967845,3,4.188481675392675,2.051282051282044,중립,,,,,,,,,,,,,,NO_DATA,,0.0,,43.7,관찰,43.7
2026-09-27T19:32:28+09:00,AHT,KRW-AHT,,1.68,0.0,314303222.02363545,1790505066650,False,False,,239721415.9712518,163901230.7816942,136327190.98387405,301883883.05296075,142739809.5120611,1.4625968019150823,1.1944021773986244,1.2149614543017693,3,4.347826086956519,3.703703703703698,중립,,,,,,,,,,,,,,NO_DATA,,0.0,,41.3,관찰,41.3
2026-09-27T19:32:28+09:00,CTC,KRW-CTC,,161.0,1.25786164,831289132.9767991,1790504958572,False,False,,966598404.0661058,533162724.42825633,507150679.77491117,1122192074.792623,512966896.7049284,1.8129519559017364,1.3409423654014991,1.2529155383703352,3,6.000000000000005,3.9215686274509887,중립,,,,,,,,,,,,,,NO_DATA,,0.0,,41.0,관찰,41.0
2026-09-27T19:32:28+09:00,SUN,KRW-SUN,,23.4,0.0,535207826.03767914,1790505127600,False,False,,377744687.9281972,326224635.72143286,273408579.08883953,627441619.5556046,636764803.5544163,1.1579281469433778,0.9235248185741011,0.8176182408443459,3,0.0,0.0,중립,,,,,,,,,,,,,,NO_DATA,,0.0,,41.0,관찰,41.0
2026-09-27T19:32:28+09:00,F,KRW-F,,5.16,-0.57803468,1616102166.1700022,1790505081863,False,False,,1931243672.5285752,1663248314.4275296,1650657542.8913343,3548448424.673397,2649224514.1071277,1.1611276895797045,0.8442774563227161,0.683508071371666,3,0.9727626459144156,2.5691699604743157,중립,,,,,,,,,,,,,,NO_DATA,,0.0,,40.1,관찰,40.1
2026-09-27T19:32:28+09:00,BFC,KRW-BFC,,40.6,-2.63788969,1032898181.665008,1790505108792,False,False,,2098615287.4534564,657952625.2843801,760647213.9787546,1687073173.7591593,2852106544.8625975,3.189614581363504,2.0272082205568545,0.526613069429245,2,4.249999999999998,-2.3419203747072626,고수준 유지형,,,,,,,,,,,,,,NO_DATA,,0.0,,39.7,관찰,39.7
2026-09-27T19:32:28+09:00,ATOM,KRW-ATOM,,2569.0,0.94302554,1573117102.5923226,1790505130205,False,False,,1836383640.010355,1626712318.3985448,1063871956.418247,1526143841.5679188,1850207344.7390072,1.1288926869492364,1.3064989650683092,1.1406729604128931,3,8.621425522833981,3.8775510204081653,중립,,,,,,,,,,,,,,NO_DATA,,0.0,,39.5,관찰,39.5
2026-09-27T19:32:28+09:00,AVAX,KRW-AVAX,,15260.0,0.85922009,7365970759.762206,1790505150288,False,False,,11523853654.978065,8691757638.73907,6781883132.745587,13583222610.403173,13497485515.085693,1.3258369749768877,1.1897898445048225,0.7949681164580111,3,6.850282485875714,-0.2636783124588038,중립,,,,,,,,,,,,,,NO_DATA,,0.0,,39.4,관찰,39.4
2026-09-27T19:32:28+09:00,HIVE,KRW-HIVE,,80.5,-1.58924205,1656938795.930163,1790505117185,False,False,,7128125470.1953945,1930753153.80951,10119001102.891792,1141522182.4377542,1063701476.9946694,3.6918885545421007,1.6210998616584111,2.3754400609565463,2,10.094212651413192,8.921438082556588,고수준 유지형,,,,,,,,,,,,,,NO_DATA,,0.0,,39.4,관찰,39.4
2026-09-27T19:32:28+09:00,DKA,KRW-DKA,,5.9,0.68259386,252067893.21318442,1790505144742,False,False,,339462835.9896932,275775194.9614227,254989420.3100747,765478487.005146,397276876.67646444,1.2309404260857457,0.7856462311586797,0.6090811940596913,3,1.0344827586207028,2.987697715289972,중립,,,,,,,,,,,,,,NO_DATA,,0.0,,39.4,관찰,39.4
2026-09-27T19:32:28+09:00,BOUNTY,KRW-BOUNTY,,20.1,-0.49504950000000003,262646901.8353999,1790504648398,False,False,,214269109.43335652,160304521.96869004,93487629.62447628,314225027.1343003,184870062.77327284,1.3366379613121993,1.1316688163202315,1.0752847313333465,3,4.663212435233155,6.8783068783068835,중립,,,,,,,,,,,,,,NO_DATA,,0.0,,39.3,관찰,39.3
2026-09-27T19:32:28+09:00,QUID,KRW-QUID,,98.6,-0.10131712000000001,3058515837.600832,1790505139890,False,False,,3557051525.6104727,1950152431.75513,1849882511.7334845,7600800215.63554,991577239.7710391,1.8239864062365316,0.9359976201648027,1.2793972097452655,3,3.459119496855334,9.18141592920354,중립,,,,,,,,,,,,,,NO_DATA,,0.0,,39.2,관찰,39.2
2026-09-27T19:32:28+09:00,BORA,KRW-BORA,,39.6,-0.25188917,361359641.06653124,1790505144095,False,False,,721981630.8988461,500004948.32935196,358469586.4965401,1252435872.5863886,1065857876.6219172,1.4439489715275353,1.0260714453304172,0.19619061792166526,3,5.026455026455046,2.0565552699228995,중립,,,,,,,,,,,,,,NO_DATA,,0.0,,39.0,관찰,39.0
2026-09-27T19:32:28+09:00,WLFI,KRW-WLFI,,79.1,-0.75282309,5625408750.908524,1790505147345,False,False,,5502014510.796696,1831309784.0394216,2631666888.2063565,4786155788.871419,4536400859.162914,3.0044149595818777,1.7846045131022301,1.4479657919516593,2,6.979865771812088,2.5740025740025763,고수준 유지형,,,,,,,,,,,,,,NO_DATA,,0.0,,38.5,관찰,38.5
2026-09-27T19:32:28+09:00,AI,KRW-AI,,29.2,-0.34129693,668434269.1220571,1790505103900,False,False,,636133196.8618762,586004411.7189287,530954130.03510886,856018693.2078984,453562049.5264,1.085543357934635,0.9672689358843245,1.0247888212538834,3,6.545454545454543,1.736111111111116,중립,,,,,,,,,,,,,,NO_DATA,,0.0,,38.5,관찰,38.5
2026-09-27T19:32:28+09:00,MLK,KRW-MLK,,62.2,0.32258065,378880783.9102631,1790505088689,False,False,,344391630.55574757,290523472.05161804,253517901.9892675,554763115.3993033,546314810.7708379,1.1854175778766634,0.9402718150465669,0.30178837490188504,3,4.553119730185506,4.3771043771043905,중립,,,,,,,,,,,,,,NO_DATA,,0.0,,38.2,관찰,38.2
2026-09-27T19:32:28+09:00,DOT,KRW-DOT,,1703.0,0.82889284,2710465597.3674374,1790505131830,False,False,,3759517640.3333883,2988179751.944406,2591438912.4337125,4454398719.391595,2313008767.786826,1.258129681752603,1.1240316305653926,1.2893495652163165,3,11.70634920634921,3.429271279853041,중립,,,,,,,,,,,,,,NO_DATA,,0.0,,37.9,관찰,37.9
2026-09-27T19:32:28+09:00,FLUID,KRW-FLUID,,2012.0,3.07377049,269474873.7777397,1790505024547,False,False,,274944161.92958355,273941140.80621785,124217697.37550235,333588349.1137448,285572415.8616066,1.0036614475664873,1.1272096430426042,1.1234939932395496,3,4.664879356568363,3.774587985114297,중립,,,,,,,,,,,,,,NO_DATA,,0.0,,37.7,관찰,37.7
2026-09-27T19:32:28+09:00,TAO,KRW-TAO,,452800.0,3.52080476,6794451839.433965,1790505095843,False,False,,6108682892.241184,5240401253.689657,4071613239.594975,7212508003.220612,8198491920.154779,1.165689915049957,1.1090213759943328,0.9000221157096239,3,10.678137651821862,1.2499999999999956,중립,,,,,,,,,,,,,,NO_DATA,,0.0,,35.0,관찰,35.0
2026-09-27T19:32:28+09:00,ELSA,KRW-ELSA,,80.2,0.25,1378399232.5668554,1790505129565,False,True,거래량급등,2422830825.4513936,531986137.5683196,643727038.1422617,605405122.6466119,715698244.6031375,4.5543119535520695,4.080858909292125,3.7457791298903516,2,4.575163398692816,5.54089709762533,일회성 폭증형,,,,,,,,,,,,,,NO_DATA,,0.0,,34.0,관찰,34.0
2026-09-27T19:32:28+09:00,PROVE,KRW-PROVE,,326.0,-1.51057402,734987923.7241373,1790504980072,False,False,,1392396108.7870903,398791095.8248659,748567903.4606488,2003050654.7005785,5192513479.20477,3.4915426231045505,1.3259190978785993,0.19551626880185355,2,4.416403785488954,1.846153846153853,중립,,,,,,,,,,,,,,NO_DATA,,0.0,,33.7,관찰,33.7
2026-09-27T19:32:28+09:00,TOKAMAK,KRW-TOKAMAK,,528.0,-0.9380862999999999,431709126.3629319,1790505139569,False,True,거래량급등,2982323009.404212,194135864.6856406,209145573.5551036,392672787.112917,272309390.31445974,15.362040467037936,11.240557237116604,9.803946618851151,2,5.753968253968256,8.113590263691695,일회성 폭증형,,,,,,,,,,,,,,NO_DATA,,0.0,,33.2,관찰,33.2
2026-09-27T19:32:28+09:00,JPYC,KRW-JPYC,,8.58,-0.11641444,1154167677.6858366,1790505062870,False,False,,1250263158.2683022,1209124386.3152997,1668314310.229142,2957296186.876625,2889032984.270048,1.034023606188582,0.6428380294471434,0.46904273881369357,2,-0.578703703703709,-0.34802784222737193,중립,,,,,,,,,,,,,,NO_DATA,,0.0,,33.0,관찰,33.0
2026-09-27T19:32:28+09:00,USDC,KRW-USDC,,1359.0,-0.14695076999999998,1069924395.0641723,1790505091920,False,False,,1200605612.706693,972971952.0326549,1303531410.828122,2462911451.9630013,2065159335.885374,1.2339570634060768,0.7599707936208581,0.6680674353162015,2,-0.8017492711370311,0.6656804733727872,중립,,,,,,,,,,,,,,NO_DATA,,0.0,,32.9,관찰,32.9
2026-09-27T19:32:28+09:00,FLOCK,KRW-FLOCK,,97.5,-1.51515152,7432311196.872691,1790505144110,False,False,,11641525936.892641,11614627205.163279,28876594592.805668,17715554280.63883,32698126105.836792,1.0023159358672662,0.6000087990359158,0.5298220721319042,2,1.0204081632652962,-0.30211480362537513,중립,,,,,,,,,,,,,,NO_DATA,,0.0,,32.6,관찰,32.6
2026-09-27T19:32:28+09:00,NCT,KRW-NCT,,14.5,-0.6849315100000001,397377844.6258237,1790505052910,False,False,,465134700.00733536,314112406.86464876,373800609.8509307,565667304.705099,380562341.2664815,1.4807906018426142,1.1131349752208932,0.8765742608043328,2,2.8169014084507005,2.0979020979020824,중립,,,,,,,,,,,,,,NO_DATA,,0.0,,32.5,관찰,32.5
2026-09-27T19:32:28+09:00,FCT2,KRW-FCT2,,13.0,0.0,237920940.26628938,1790504760447,False,False,,205599583.94292477,138354121.38492206,203811181.51823166,225194179.05446297,311980741.5063869,1.4860387380215128,1.0871392326088787,0.6190279348587936,2,2.3622047244094446,1.5625,중립,,,,,,,,,,,,,,NO_DATA,,0.0,,32.5,관찰,32.5
2026-09-27T19:32:28+09:00,INJ,KRW-INJ,,10670.0,0.8506616300000001,1285329788.1830988,1790505128259,False,False,,1413060366.293055,1204157289.1378722,3299221219.841468,2699436780.3268714,2194718772.0830345,1.1734848753062392,0.5885450242175363,0.6960315209101311,2,-1.121495327102806,-2.846648301193755,중립,,,,,,,,,,,,,,NO_DATA,,0.0,,32.3,관찰,32.3
2026-09-27T19:32:28+09:00,HUNT,KRW-HUNT,,142.0,0.0,184281277.99476752,1790504782672,False,False,,451084632.30524045,223800197.50289848,375851535.13567114,714973402.3237224,183915934.99390942,2.015568517536265,1.0293838607874612,1.0955739239051236,2,2.158273381294973,3.649635036496357,중립,,,,,,,,,,,,,,NO_DATA,,0.0,,32.2,관찰,32.2
2026-09-27T19:32:28+09:00,IO,KRW-IO,,234.0,2.18340611,275343998.08893925,1790505011776,False,False,,294453668.74039084,263662915.3313798,189923379.67554346,519390994.63632125,233528435.09898123,1.1167807515528387,0.9078947840037139,0.8242328852128572,3,13.366336633663355,11.165048543689316,중립,,,,,,,,,,,,,,NO_DATA,,0.0,,32.1,관찰,32.1
2026-09-27T19:32:28+09:00,CP,KRW-CP,,18.0,-1.0989011,2367676244.0523367,1790505131504,False,False,,3243233227.9681396,2451448370.5874968,2763263527.8686366,4883607939.08363,3876319028.6522155,1.322986552309437,0.9634968826927995,0.9479581529574891,2,2.824858757062154,-1.0869565217391242,중립,,,,,,,,,,,,,,NO_DATA,,0.0,,32.0,관찰,32.0
2026-09-27T19:32:28+09:00,MEGA,KRW-MEGA,,61.3,0.49180328000000006,796455068.2483654,1790505089656,False,False,,680991238.7441318,581382344.569024,730792229.8956327,1384555697.1908326,1225320090.0734363,1.1713311302030465,0.7575743624438342,0.5759226428918868,2,1.6666666666666607,-0.4893964110929794,중립,,,,,,,,,,,,,,NO_DATA,,0.0,,32.0,관찰,32.0
2026-09-27T19:32:28+09:00,BLEND,KRW-BLEND,,94.8,0.42372881,791507596.6878709,1790504911287,False,False,,496851075.13511527,444289202.3914961,515476211.5431836,933411207.7961878,570056370.3312528,1.118305537160687,0.7873291949076485,0.7947586838796113,2,0.10604453870626251,3.3953997809419656,중립,,,,,,,,,,,,,,NO_DATA,,0.0,,31.9,관찰,31.9
2026-09-27T19:32:28+09:00,MNT,KRW-MNT,,939.0,-0.73995772,554160390.2676628,1790505061851,False,False,,852527066.4546248,532304333.0492524,732090609.2035265,909645682.1683378,798286666.9893589,1.6015782955795388,1.1764183109710211,1.1884542266082876,2,5.58035714285714,7.622298065984068,중립,,,,,,,,,,,,,,NO_DATA,,0.0,,31.7,관찰,31.7
2026-09-27T19:32:28+09:00,CBK,KRW-CBK,,301.0,-3.21543408,2695168754.884529,1790505146384,False,True,거래량급등,11160507175.796453,214565846.56875736,295594897.2345304,339719024.96521544,242530643.52162832,52.01436926831728,39.39559777485339,33.75360276534028,2,9.507042253521124,9.893992932862194,일회성 폭증형,,,,,,,,,,,,,,NO_DATA,,0.0,,31.5,관찰,31.5
2026-09-27T19:32:28+09:00,SPX,KRW-SPX,,617.0,-0.64412238,640356338.8102505,1790505121723,False,False,,699051316.2309495,636904174.199095,902396799.4358153,1585496530.6417246,766054754.5393494,1.097576911173497,0.6711327520655846,0.7351391493668266,2,4.545454545454541,-9.738372093023251,중립,,,,,,,,,,,,,,NO_DATA,,0.0,,31.4,관찰,31.4
2026-09-27T19:32:28+09:00,GEOD,KRW-GEOD,,360.0,0.27855153,3245318052.45853,1790504990763,False,False,,1220507833.774974,637106243.2519096,1092495234.6777556,2025961421.1696436,1268338528.7326832,1.915705342244448,0.9749599726323476,0.7931750932256695,2,2.279202279202286,3.458213256484144,중립,,,,,,,,,,,,,,NO_DATA,,0.0,,31.2,관찰,31.2
2026-09-27T19:32:28+09:00,BTT,KRW-BTT,,0.000503,0.8016032100000001,1075686336.6942823,1790505101315,False,False,,975497707.2225146,652159722.7495574,1509297891.038131,10991623469.202335,29257795231.74678,1.4957956972714268,0.22249487425818248,0.1131854036014479,2,-0.5976095617529764,5.720338983050843,중립,,,,,,,,,,,,,,NO_DATA,,0.0,,31.1,관찰,31.1
2026-09-27T19:32:28+09:00,TOSHI,KRW-TOSHI,,0.177,-0.56179775,390209858.39682645,1790505055672,False,False,,401168339.80022264,375750547.4203052,551199581.3500766,1038933313.9414418,2900016184.766952,1.067645390151583,0.6121955113170401,0.3511351881495062,2,3.488372093023262,2.8901734104046284,중립,,,,,,,,,,,,,,NO_DATA,,0.0,,31.1,관찰,31.1
2026-09-27T19:32:28+09:00,WCT,KRW-WCT,,59.7,-0.6655574,629493454.2881191,1790505148328,False,False,,672667242.9781916,437472528.51433104,451220702.5853356,818351594.4625832,1148587490.5609832,1.5376216770972762,1.1821609478063384,0.725463777826728,2,6.939501779359425,5.069930069930062,중립,,,,,,,,,,,,,,NO_DATA,,0.0,,30.9,관찰,30.9
2026-09-27T19:32:28+09:00,TREE,KRW-TREE,,66.9,-0.29806259,1778943655.309087,1790505055651,False,False,,1822910803.6530046,1736925099.6178071,2060314882.9458199,4143205677.2998075,7704238971.842984,1.0495045549483497,0.6887185738958975,0.5146687286085535,2,1.0542168674698704,9.283387622149842,중립,,,,,,,,,,,,,,NO_DATA,,0.0,,30.6,관찰,30.6
2026-09-27T19:32:28+09:00,VET,KRW-VET,,12.7,-0.78125,886434851.4838611,1790505112323,False,False,,1110578197.936596,863791921.013069,1208455392.947247,3071323794.0764594,1270281345.7985125,1.2857010709640488,0.6477473575905245,0.6294715998177042,2,5.785123966942152,1.5873015873016039,중립,,,,,,,,,,,,,,NO_DATA,,0.0,,30.6,관찰,30.6
2026-09-27T19:32:28+09:00,VANA,KRW-VANA,,1575.0,0.25461489000000004,482987600.04843557,1790505074429,False,False,,520481662.09814745,410509430.81426674,515170172.2216138,784802475.1400633,742608913.0230439,1.267892094624343,0.9128683698104371,0.6444106946464642,2,4.873164218958603,2.746893394375416,중립,,,,,,,,,,,,,,NO_DATA,,0.0,,30.5,관찰,30.5
2026-09-27T19:32:28+09:00,TRUST,KRW-TRUST,,90.4,9.17874396,16279580427.531706,1790505148328,False,False,,1005002350.3405551,525975307.1376437,665071344.8213401,721275844.0710351,2044661936.336637,1.9107405551218275,1.5766206051964662,1.0823331322673175,2,0.4854368932038833,1.4705882352941124,고수준 유지형,,,,,,,,,,,,,,NO_DATA,,0.0,,30.2,관찰,30.2
2026-09-27T19:32:28+09:00,ZKC,KRW-ZKC,,60.7,0.0,2949002567.7192764,1790505145076,False,False,,3455438784.1736565,1580692279.7088804,4305029227.44298,3322372054.9508696,3653768605.0322175,2.186028760012703,1.1257831257476658,1.1279116369169553,2,8.007117437722421,7.243816254416968,중립,,,,,,,,,,,,,,NO_DATA,,0.0,,30.2,관찰,30.2
2026-09-27T19:32:28+09:00,DOS,KRW-DOS,,312.0,-1.26582278,1775580548.8150768,1790504887369,False,False,,1730808432.9591353,1291286134.9064682,2347559901.2211156,3909547061.2758193,1928947704.913857,1.3403756039589965,0.6878848560051232,0.7603844859940595,2,4.290429042904287,6.040268456375841,중립,,,,,,,,,,,,,,NO_DATA,,0.0,,30.2,관찰,30.2
2026-09-27T19:32:28+09:00,ANIME,KRW-ANIME,,4.77,0.63291139,1186351638.6810217,1790504881426,False,False,,493091298.7290356,390908613.1037221,667551791.5967109,1163195125.3474052,1428392841.229193,1.2613978873834657,0.6658430509050403,0.48216710163311194,2,4.175824175824183,3.947368421052655,중립,,,,,,,,,,,,,,NO_DATA,,0.0,,30.2,관찰,30.2
2026-09-27T19:32:28+09:00,CRV,KRW-CRV,,477.0,0.8456659599999999,698220271.4239944,1790504642874,False,False,,616903610.9507459,259539870.064275,847104212.1523826,759612922.4042169,619772540.3167683,2.376912690901671,0.991669865548987,0.9639417248657295,2,6.0538116591928315,-5.020080321285136,중립,,,,,,,,,,,,,,NO_DATA,,0.0,,30.2,관찰,30.2
2026-09-27T19:32:28+09:00,POKT,KRW-POKT,,12.6,-0.7874015700000001,491135169.83819073,1790505055318,False,False,,530477166.2463315,389865355.95711,437220023.1756466,930469888.0438541,528357085.95992863,1.3606676206046135,0.9054802022217586,0.6988962862520132,2,4.958677685950419,4.958677685950419,중립,,,,,,,,,,,,,,NO_DATA,,0.0,,30.2,관찰,30.2
2026-09-27T19:32:28+09:00,TRUMP,KRW-TRUMP,,2905.0,0.8680555600000001,24284371257.63073,1790505147027,False,False,,27361577859.25581,27165574975.272278,35829199609.617615,56764668225.943756,37606036148.99317,1.007215120024588,0.685413455934532,0.7224361483036335,2,6.548279689234193,-2.669820885434271,중립,,,,,,,,,,,,,,NO_DATA,,0.0,,30.0,관찰,30.0
2026-09-27T19:32:28+09:00,SLX,KRW-SLX,,97.3,2.09863589,6680900615.527959,1790505127268,False,False,,4607809296.074293,3562415701.9781637,4986684453.448385,19107787809.89808,3643639473.736753,1.2934507596953482,0.49981863127746967,0.6859272944496294,2,-5.643564356435649,5.888888888888877,중립,,,,,,,,,,,,,,NO_DATA,,0.0,,30.0,관찰,30.0
2026-09-27T19:32:28+09:00,LPT,KRW-LPT,,2403.0,1.43520473,1055196118.7454767,1790504714889,False,False,,479214082.84828466,329803739.3906603,584352637.4498216,2199737303.010241,552491485.3387672,1.453028045508739,0.46168636323311246,0.3274308838501635,2,5.242114615726345,1.0234541577825107,중립,,,,,,,,,,,,,,NO_DATA,,0.0,,29.8,관찰,29.8
2026-09-27T19:32:28+09:00,MOCA,KRW-MOCA,,14.5,2.11267606,450814423.62582797,1790505034985,False,False,,191501365.7372173,166581706.18616933,194407096.8372007,494665611.5166454,273319058.73617876,1.1495942148845453,0.6714207131397728,0.4782499875456006,2,3.649635036496357,1.4285714285714235,중립,,,,,,,,,,,,,,NO_DATA,,0.0,,29.7,관찰,29.7
2026-09-27T19:32:28+09:00,SYRUP,KRW-SYRUP,,301.0,0.33333333,1077764338.9504974,1790505131833,False,False,,1087305985.161243,922174180.9328914,1867891821.5083742,1902703161.5017471,1340658259.7620935,1.1790679110765179,0.6950944829220969,0.7633769432752814,2,9.090909090909083,-4.153354632587858,중립,,,,,,,,,,,,,,NO_DATA,,0.0,,29.6,관찰,29.6
2026-09-27T19:32:28+09:00,PENDLE,KRW-PENDLE,,3570.0,2.0583190399999998,908749255.1419944,1790505148979,False,False,,846850447.0221015,840140410.6259723,1281369647.4021833,2115688278.1443222,1811945550.5843487,1.0079868035286266,0.5995828232485386,0.5610820825125424,2,3.2772364924712027,2.701115678214916,중립,,,,,,,,,,,,,,NO_DATA,,0.0,,29.6,관찰,29.6
2026-09-27T19:32:28+09:00,SAHARA,KRW-SAHARA,,13.5,0.74626866,4292494281.6585493,1790505150616,False,False,,4091737000.1330953,3586700200.756401,5670755424.691838,6411877449.244839,5595862604.193922,1.1408082000469921,0.7833907762305784,0.798141358070574,2,4.6875,5.51181102362206,중립,,,,,,,,,,,,,,NO_DATA,,0.0,,29.5,관찰,29.5
2026-09-27T19:32:28+09:00,MMT,KRW-MMT,,240.0,2.56410256,1665831565.0475605,1790505066337,False,False,,591563442.2212769,533076983.26801175,820621231.7090731,1300878533.890594,870445235.0457644,1.1097148456771022,0.6685398444105384,0.6297863122193915,2,1.7391304347825987,4.0000000000000036,중립,,,,,,,,,,,,,,NO_DATA,,0.0,,29.5,관찰,29.5
2026-09-27T19:32:28+09:00,EUL,KRW-EUL,,2018.0,-2.51207729,1907539801.4712145,1790505136643,False,False,,2036415440.3273146,894530364.2578365,1943014679.1289468,12026810982.079859,1914192107.09643,2.2765190782728366,0.4109997305308861,0.5661207647356026,2,6.099436186570983,6.811145510835903,중립,,,,,,,,,,,,,,NO_DATA,,0.0,,29.4,관찰,29.4
2026-09-27T19:32:28+09:00,PRL,KRW-PRL,,168.0,0.5988024,2116283550.1417866,1790505138605,False,False,,1606130806.212406,1197459194.4558792,1726664075.631089,2575765115.471831,1699254758.4016843,1.3412822864016052,0.8760891277883015,0.9098156754387435,2,6.369426751592355,4.374999999999996,중립,,,,,,,,,,,,,,NO_DATA,,0.0,,29.3,관찰,29.3
2026-09-27T19:32:28+09:00,AGLD,KRW-AGLD,,299.0,-1.64473684,363710093.1953709,1790504446675,False,False,,391886313.2874657,363038766.0179357,472344061.63764673,539389090.5506123,902989025.4194108,1.0794613412389817,0.855166536567316,0.578139063172483,2,5.555555555555558,9.35251798561152,중립,,,,,,,,,,,,,,NO_DATA,,0.0,,29.0,관찰,29.0
2026-09-27T19:32:28+09:00,PIEVERSE,KRW-PIEVERSE,,2196.0,5.17241379,1614881101.5898235,1790505078285,False,False,,816502260.2305021,771434779.5047857,1021020419.8879246,1307374121.4384334,2352988673.048582,1.0584203382101167,0.790206984697703,0.185678128604057,2,-9.999999999999998,-16.41313050440353,중립,,,,,,,,,,,,,,NO_DATA,,0.0,,28.9,관찰,28.9
2026-09-27T19:32:28+09:00,NEO,KRW-NEO,,3648.0,0.44052863000000003,541122239.8218585,1790504841195,False,False,,960346995.8905385,797935834.793989,883157518.4904234,1495313727.8878937,1107958656.3734434,1.2035391243438525,0.9070125188766168,0.913702099422736,2,6.510263929618776,6.823529411764695,중립,,,,,,,,,,,,,,NO_DATA,,0.0,,28.9,관찰,28.9
2026-09-27T19:32:28+09:00,T,KRW-T,,7.96,2.57731959,10246367296.13564,1790505143130,False,False,,5415883989.6512375,2105069605.701688,3262242952.0365148,9992842013.607557,2310030619.6691613,2.5727814296411102,1.0577791970442518,1.182150357958318,2,3.743315508021383,9.915014164305958,중립,,,,,,,,,,,,,,NO_DATA,,0.0,,28.8,관찰,28.8
2026-09-27T19:32:28+09:00,RE,KRW-RE,,671.0,0.44910180000000005,3057053137.9156365,1790505141511,False,False,,2867501867.24106,2027687767.8427677,2551831665.5209427,4504310120.534931,2092317119.2125452,1.414173282848059,0.9470131017629139,1.0908552041110955,2,8.972267536704726,5.1968503937007915,중립,,,,,,,,,,,,,,NO_DATA,,0.0,,28.8,관찰,28.8
2026-09-27T19:32:28+09:00,API3,KRW-API3,,385.0,0.7853403099999999,506116799.4337709,1790505099690,False,False,,709501841.3636439,652410981.0954163,918922735.4122962,9867817848.81384,691226718.2284254,1.0875075097178322,0.18607197500063016,0.2795924431913684,2,5.524861878453047,7.605633802816891,중립,,,,,,,,,,,,,,NO_DATA,,0.0,,28.8,관찰,28.8
2026-09-27T19:32:28+09:00,XCN,KRW-XCN,,7.09,0.9971509999999999,4694611412.450589,1790505126614,False,False,,1035243575.9021567,616167530.56629,3041938854.4936404,3471930526.9087267,523575838.31889087,1.6801332828276654,0.43558410230571365,0.6022607580476607,2,-2.904564315352709,16.417910447761173,중립,,,,,,,,,,,,,,NO_DATA,,0.0,,28.6,관찰,28.6
2026-09-27T19:32:28+09:00,KAITO,KRW-KAITO,,493.0,0.6122449,1749936345.9239504,1790505141504,False,False,,2665275256.7620263,1676299452.973401,2705624146.60792,4909042866.376387,2313855096.108805,1.5899756168472114,0.8606021558233956,0.964564970581987,2,9.131403118040083,3.813559322033888,중립,,,,,,,,,,,,,,NO_DATA,,0.0,,28.5,관찰,28.5
2026-09-27T19:32:28+09:00,POWR,KRW-POWR,,95.6,-2.14943705,862450425.8702475,1790505144099,False,False,,1639108515.52632,889592822.0878876,1285140919.4390612,10935424031.639046,683905376.3859506,1.8425379283966206,0.3750775262707969,0.5521170516510342,2,4.603854389721618,13.736903376018628,중립,,,,,,,,,,,,,,NO_DATA,,0.0,,28.4,관찰,28.4
2026-09-27T19:32:28+09:00,BREV,KRW-BREV,,125.0,0.0,292470311.6223565,1790504596406,False,False,,291500795.6545754,238577412.48295832,424146050.858519,899154086.7775248,3915134182.15773,1.2218289762673884,0.5599045756801463,0.24161201778082775,2,7.758620689655182,8.695652173913038,중립,,,,,,,,,,,,,,NO_DATA,,0.0,,28.4,관찰,28.4
2026-09-27T19:32:28+09:00,SAFE,KRW-SAFE,,156.0,-1.26582278,274564445.60712355,1790504733527,False,False,,293923422.0594258,228781778.53233784,642112008.6655991,394477936.05983543,501917251.8879182,1.2847326563547992,0.696846823720787,0.48405090613871204,2,8.965517241379306,7.48299319727892,중립,,,,,,,,,,,,,,NO_DATA,,0.0,,28.2,관찰,28.2
2026-09-27T19:32:28+09:00,0G,KRW-0G,,358.0,0.0,3735682896.1094017,1790505141502,False,False,,4988616669.185425,2769289982.2243867,4918818100.313952,13441554283.758232,5135368829.580481,1.80140638979902,0.7082862824835267,0.8318658719955307,2,6.231454005934722,12.933753943217674,중립,,,,,,,,,,,,,,NO_DATA,,0.0,,28.0,관찰,28.0
2026-09-27T19:32:28+09:00,ALT,KRW-ALT,,11.0,-0.9009009,124905996.87983346,1790504849781,False,False,,184067916.77096668,151369530.6561429,203614084.65303737,690332237.8898102,409011569.3741785,1.216016961756344,0.5282649723746038,0.42281553387410425,2,9.90099009900991,8.823529411764719,중립,,,,,,,,,,,,,,NO_DATA,,0.0,,27.6,관찰,27.6
2026-09-27T19:32:28+09:00,BARD,KRW-BARD,,204.0,0.99009901,603505841.7602522,1790505141514,False,False,,634597802.23686,593484930.9725345,829416272.3279619,1272499316.985045,1061732422.0339231,1.0692736565306797,0.7063118792115165,0.6753122212294751,2,7.446808510638303,9.782608695652172,중립,,,,,,,,,,,,,,NO_DATA,,0.0,,27.4,관찰,27.4
2026-09-27T19:32:28+09:00,MTL,KRW-MTL,,465.0,-1.27388535,551991464.1265963,1790505139250,False,False,,1062766943.3135656,954927968.0164298,1520091374.1976013,1013703917.0019915,3192336101.885564,1.1129289107754778,0.9138875723427728,0.6890254365440881,2,9.027777777777768,11.61137440758293,중립,,,,,,,,,,,,,,NO_DATA,,0.0,,27.3,관찰,27.3
2026-09-27T19:32:28+09:00,ATH,KRW-ATH,,8.66,-0.23041475,1172277525.5007393,1790505142810,False,False,,1837788426.3344338,1420991113.4247174,2186292856.8161902,12795420198.684797,1174205146.0481954,1.293314510535676,0.3361253865352373,0.4689559224800827,2,7.558859975216836,14.361001317523048,중립,,,,,,,,,,,,,,NO_DATA,,0.0,,27.2,관찰,27.2
2026-09-27T19:32:28+09:00,SKY,KRW-SKY,,105.0,-0.94339623,432767835.19466794,1790505072148,False,False,,569418022.7821141,468139735.9796117,542916176.2963797,1103636241.5894055,267425575.24606377,1.2163420000880107,0.807802717394995,1.0281767303917295,2,10.301768990634752,11.227701993704088,중립,,,,,,,,,,,,,,NO_DATA,,0.0,,27.1,관찰,27.1
2026-09-27T19:32:28+09:00,LAYER,KRW-LAYER,,115.0,3.6036036,1054466032.8073668,1790505081207,False,False,,1026309590.0710856,670782290.8856579,672995809.8412343,1444919044.3070695,765271334.4093354,1.5300189107795499,1.1040742719933327,0.9664563820343975,2,7.7669902912621325,5.714285714285716,중립,,,,,,,,,,,,,,NO_DATA,,0.0,,27.0,관찰,27.0
2026-09-27T19:32:28+09:00,COW,KRW-COW,,221.0,5.23809524,17880401797.031548,1790505132467,False,False,,336694762.9016514,307617798.7079198,396618244.6530735,416311128.8220103,232502692.1942505,1.09452302277652,0.9014205861027251,1.0257589878678437,2,8.247422680412363,-2.3255813953488413,중립,,,,,,,,,,,,,,NO_DATA,,0.0,,26.1,관찰,26.1
2026-09-27T19:32:28+09:00,VTHO,KRW-VTHO,,1.06,-2.75229358,2858403421.367112,1790504958585,False,False,,4298064701.475723,4149435438.5427394,12691708850.139778,8107500175.069359,5827670285.000215,1.0358191530231837,0.5168294463116531,0.6358122865690056,2,11.794871794871797,15.957446808510657,중립,,,,,,,,,,,,,,NO_DATA,,0.0,,25.4,관찰,25.4
2026-09-27T19:32:28+09:00,IMX,KRW-IMX,,228.0,0.88495575,529775911.0560145,1790504649419,False,False,,734383159.4712043,695058425.5296264,1420214291.307391,595886747.0028359,631511117.748116,1.0565775947707028,0.812622609550698,0.774535431305402,2,12.99999999999999,10.784313725490202,중립,,,,,,,,,,,,,,NO_DATA,,0.0,,25.4,관찰,25.4
2026-09-27T19:32:28+09:00,ZAMA,KRW-ZAMA,,117.0,-5.645161290000001,3586550561.8915772,1790505011792,False,False,,2571693775.362149,2705082600.4775496,2750667903.114675,4429447156.746226,10603773283.39481,0.950689555619539,0.7804680888720131,0.28608083288183145,1,-1.5873015873015928,-3.875968992248058,중립,,,,,,,,,,,,,,NO_DATA,,0.0,,25.0,관찰,25.0
2026-09-27T19:32:28+09:00,IOST,KRW-IOST,,1.38,0.7299270099999999,2908267693.309343,1790505114571,False,False,,1967976181.589408,1804204618.5581985,2517950308.568976,5258975556.2138605,3636022403.644857,1.0907721670516979,0.6162037512205414,0.5509967744890569,2,12.295081967213118,14.166666666666682,중립,,,,,,,,,,,,,,NO_DATA,,0.0,,25.0,관찰,25.0
2026-09-27T19:32:28+09:00,SKR,KRW-SKR,,25.9,-3.7174721199999996,853800725.2689852,1790505143454,False,False,,797704642.9124533,843480404.2992849,868533605.7360632,2969525965.1889606,11542752996.679033,0.9457299053380386,0.5111809236708904,0.18697538232513145,1,-4.6099290780141855,-6.597222222222232,중립,,,,,,,,,,,,,,NO_DATA,,0.0,,25.0,관찰,25.0
2026-09-27T19:32:28+09:00,PEPE,KRW-PEPE,,0.00598,0.50420168,4454027257.789361,1790504999195,False,False,,3898243059.6748586,4655450252.4479,4828118137.286753,8877552221.897602,31341110292.91143,0.8373503846647504,0.636928944936817,0.2513084872517552,1,0.0,-7.751937984496116,중립,,,,,,,,,,,,,,NO_DATA,,0.0,,24.6,관찰,24.6
2026-09-27T19:32:28+09:00,IN,KRW-IN,,56.8,6.76691729,23649571368.54943,1790505148978,False,False,,2474954558.2258844,911806275.5038447,1465270296.4348595,3770871642.2945056,15308473023.805813,2.7143425360373588,1.207697823070181,0.5452939676479234,2,7.692307692307709,11.297071129707126,중립,,,,,,,,,,,,,,NO_DATA,,0.0,,24.1,관찰,24.1
2026-09-27T19:32:28+09:00,HBAR,KRW-HBAR,,128.0,0.0,8280025576.88948,1790505148320,False,False,,8031553194.968876,10266904064.419823,7837796522.098043,14375027606.343346,17750182229.6132,0.7822760536744856,0.7418368602666583,0.5580467929108797,1,2.400000000000002,0.7874015748031482,중립,,,,,,,,,,,,,,NO_DATA,,0.0,,24.0,관찰,24.0
2026-09-27T19:32:28+09:00,LA,KRW-LA,,101.0,-0.98039216,2702599449.8763537,1790505075711,False,False,,2722968081.139513,3471991488.9506016,4287843837.590035,7956574494.688955,4630406642.115474,0.7842669228323833,0.5197691035254154,0.5019191063636202,1,3.238866396761142,-0.9708737864077666,중립,,,,,,,,,,,,,,NO_DATA,,0.0,,23.9,관찰,23.9
2026-09-27T19:32:28+09:00,XEC,KRW-XEC,,0.0121,0.0,806503945.6415129,1790505078622,False,False,,726006029.491558,917789131.0954138,1804505048.3327699,9529571487.652,13884876390.773117,0.7910379464017449,0.17777032067261722,0.1289059657401784,1,0.0,5.217391304347818,중립,,,,,,,,,,,,,,NO_DATA,,0.0,,23.9,관찰,23.9
2026-09-27T19:32:28+09:00,ONG,KRW-ONG,,130.0,-2.2556391,2329424242.654463,1790505111365,False,False,,5347414116.075403,6209993635.70062,2762881478.364678,3721267476.097185,3682986318.3517327,0.8610981636653644,1.2637515479508152,1.257764195813711,1,9.016393442622949,6.400000000000006,중립,,,,,,,,,,,,,,NO_DATA,,0.0,,23.8,관찰,23.8
2026-09-27T19:32:28+09:00,ARDR,KRW-ARDR,,42.9,-1.83066362,1236524157.4995124,1790505017794,False,False,,1498862910.8178852,1771026807.208894,1046520920.4602914,777376998.9750688,591853689.1637864,0.8463242367178314,1.2508158235210325,1.5405165911389527,1,10.075566750629728,11.764705882352944,중립,,,,,,,,,,,,,,NO_DATA,,0.0,,23.6,관찰,23.6
2026-09-27T19:32:28+09:00,DRV,KRW-DRV,,569.0,0.88652482,19737023772.880608,1790505124316,False,False,,7341146050.198865,7846768030.728816,20079111650.90578,61977989364.305725,29424290827.87502,0.9355630268984786,0.2449665224011967,0.27719578730197075,1,-16.196136701337295,4.0590405904058935,중립,,,,,,,,,,,,,,NO_DATA,,0.0,,23.4,관찰,23.4
2026-09-27T19:32:28+09:00,ORBS,KRW-ORBS,,10.1,-0.98039216,122870589.19939868,1790504926895,False,False,,177096651.04039443,204319278.92087072,310613852.3240799,460617911.8109733,1162541242.1165261,0.8667642719558581,0.5446049767492553,0.3339381251554274,1,0.990099009900991,5.8091286307053736,중립,,,,,,,,,,,,,,NO_DATA,,0.0,,23.4,관찰,23.4
2026-09-27T19:32:28+09:00,ELF,KRW-ELF,,105.0,1.94174757,1144089648.08625,1790505030833,False,False,,207462018.09065077,248771073.66511115,371333818.55757296,510951601.3169092,316554082.8908878,0.8339475126032156,0.5502696442016097,0.5792225905851035,1,0.0,0.9803921568627416,중립,,,,,,,,,,,,,,NO_DATA,,0.0,,23.2,관찰,23.2
2026-09-27T19:32:28+09:00,ZORA,KRW-ZORA,,12.1,0.0,1178255122.635854,1790505004139,False,False,,1317407655.3298965,1466478020.6642866,1878670248.1246493,3255992507.7118173,2744705594.16971,0.8983480398384258,0.5987181761157278,0.5983733174529751,1,1.680672268907557,6.140350877192979,중립,,,,,,,,,,,,,,NO_DATA,,0.0,,23.1,관찰,23.1
2026-09-27T19:32:28+09:00,1INCH,KRW-1INCH,,141.0,0.7142857100000001,267966976.5557696,1790505133437,False,False,,306865123.6683576,325141851.0759618,418180490.8950451,513773228.5490787,348475685.6499942,0.9437884500345842,0.7323193181121497,0.7436230134492562,1,3.703703703703698,0.0,중립,,,,,,,,,,,,,,NO_DATA,,0.0,,23.1,관찰,23.1
2026-09-27T19:32:28+09:00,BSB,KRW-BSB,,148.0,-1.3333333299999999,361130594.3730203,1790504908702,False,False,,373641532.7804729,394155605.7648663,336563707.6749792,589957087.1526254,376302059.26880765,0.9479543797313614,0.8487503811217939,0.8184347956103245,1,2.7397260273972712,4.895104895104896,중립,,,,,,,,,,,,,,NO_DATA,,0.0,,23.0,관찰,23.0
2026-09-27T19:32:28+09:00,HOME,KRW-HOME,,8.67,-0.5733945,1101331791.3357475,1790505098424,False,False,,2251639081.4195375,2917834491.75198,4086170245.3798304,1935064489.7062762,3078174757.432788,0.7716815630853575,0.7556622588823995,0.6008273656827607,1,6.082725060827254,-6.135629709364898,중립,,,,,,,,,,,,,,NO_DATA,,0.0,,22.9,관찰,22.9
2026-09-27T19:32:28+09:00,META,KRW-META,,12.2,-0.8130081299999999,157915640.15179253,1790504877546,False,False,,132784484.93596867,155690118.2106462,71827156.00219592,220086717.60263973,228579311.0627792,0.8528767686868437,0.8899685036145105,0.7295650581589369,1,3.3613445378151363,4.237288135593209,중립,,,,,,,,,,,,,,NO_DATA,,0.0,,22.9,관찰,22.9
2026-09-27T19:32:28+09:00,HYPER,KRW-HYPER,,104.0,0.97087379,431959920.50310487,1790504873061,False,False,,391849242.9942492,473711409.81540173,449491196.5298366,728547877.8815129,579877605.5458204,0.8271897929309894,0.711698128869063,0.6654308202604755,1,3.5175879396984966,0.9803921568627416,중립,,,,,,,,,,,,,,NO_DATA,,0.0,,22.8,관찰,22.8
2026-09-27T19:32:28+09:00,CHZ,KRW-CHZ,,22.8,0.0,2267597222.8299603,1790505120416,False,False,,2164912543.588663,2757985181.9071245,2736395827.3068814,3951817709.7122498,4335430932.745071,0.784961629885061,0.6875503918579687,0.6352409433094615,1,4.109589041095907,5.069124423963145,중립,,,,,,,,,,,,,,NO_DATA,,0.0,,22.4,관찰,22.4
2026-09-27T19:32:28+09:00,KAT,KRW-KAT,,6.98,0.28735632,604173339.0230289,1790505139909,False,False,,590267839.1414254,702462335.4967556,1499218082.5611184,2091643418.4949753,1673274775.0686462,0.8402839687113041,0.41245514776869735,0.4342568418878169,1,3.7257824143070106,4.8192771084337505,중립,,,,,,,,,,,,,,NO_DATA,,0.0,,22.4,관찰,22.4
2026-09-27T19:32:28+09:00,ZETA,KRW-ZETA,,73.0,-2.14477212,3119278236.7186656,1790505146068,False,False,,3068877780.0882287,3497202941.3979015,4238094682.1487226,12969103337.744614,65739964302.55201,0.8775235042154966,0.444670355712166,0.06740712172040281,1,8.11594202898549,-2.4836601307189565,중립,,,,,,,,,,,,,,NO_DATA,,0.0,,22.2,관찰,22.2
2026-09-27T19:32:28+09:00,MINA,KRW-MINA,,194.0,-1.02040816,1187553530.4701107,1790505113604,False,False,,1109735214.3021643,1473691638.4910636,2347674969.4345565,3772633172.863013,6766742124.402386,0.7530308141250227,0.4383994915734322,0.28313750864412174,1,-2.487562189054726,12.643678160919535,중립,,,,,,,,,,,,,,NO_DATA,,0.0,,22.2,관찰,22.2
2026-09-27T19:32:28+09:00,IQ,KRW-IQ,,1.3,-0.76335878,721723710.0928888,1790505136973,False,False,,640841967.8301753,727106329.7285781,678098441.7231289,1811662970.1155417,615969115.1320715,0.8813593578113885,0.5976390880633087,0.7038628187348888,1,3.9682539682539764,6.50406504065042,중립,,,,,,,,,,,,,,NO_DATA,,0.0,,22.2,관찰,22.2
2026-09-27T19:32:28+09:00,HOLO,KRW-HOLO,,93.3,0.10729614,1149684050.1856363,1790505089657,False,False,,711058587.2146423,825060671.44109,732718547.5869237,2367824615.3920426,1068109492.6874787,0.861825816970131,0.5434006720036405,0.5712805061483051,1,4.719101123595504,5.549263873159682,중립,,,,,,,,,,,,,,NO_DATA,,0.0,,22.0,관찰,22.0
2026-09-27T19:32:28+09:00,ARB,KRW-ARB,,312.0,2.97029703,14261716601.42728,1790505133430,False,False,,9514963647.431482,11271835402.889294,11907827161.115238,21374001390.475693,13298757309.570389,0.844136141749597,0.6406856004358769,0.5523646691387788,1,2.020202020202011,-0.6557377049180357,중립,,,,,,,,,,,,,,NO_DATA,,0.0,,21.9,관찰,21.9
2026-09-27T19:32:28+09:00,AUCTION,KRW-AUCTION,,5305.0,-0.37558685,468384921.9375715,1790505130537,False,False,,512985859.35526645,626187696.5127835,5813449819.581058,779707443.8509535,803985070.5651492,0.8192205982520353,0.21317135925827368,0.2864439576209432,1,4.71976401179941,6.627953544253096,중립,,,,,,,,,,,,,,NO_DATA,,0.0,,21.9,관찰,21.9
2026-09-27T19:32:28+09:00,GAME2,KRW-GAME2,,1.45,2.11267606,363328405.03999686,1790505060439,False,False,,121854175.78458758,137201729.71968195,148620032.5038228,313459664.05012065,108230689.9990315,0.8881387722556334,0.6100014305913943,0.6669269833776468,1,3.649635036496335,0.7092198581560183,중립,,,,,,,,,,,,,,NO_DATA,,0.0,,21.9,관찰,21.9
2026-09-27T19:32:28+09:00,MASK,KRW-MASK,,666.0,2.30414747,610891044.4844803,1790505148331,False,False,,581026626.8983643,619798598.2168812,530394547.8678803,1013632685.6284941,714049576.2263523,0.9374442416777624,0.8055546131062554,0.2641546480872794,1,3.8277511961722466,-1.0638297872340385,중립,,,,,,,,,,,,,,NO_DATA,,0.0,,21.8,관찰,21.8
2026-09-27T19:32:28+09:00,NXPC,KRW-NXPC,,340.0,-0.8746355699999999,432563319.1671827,1790505147993,False,False,,621506456.0041522,686056408.8823014,840251522.1155685,1898021095.1757982,11161113796.0197,0.9059115955445824,0.5444918854938023,0.2018973184970031,1,4.255319148936176,7.8616352201257955,중립,,,,,,,,,,,,,,NO_DATA,,0.0,,21.8,관찰,21.8
2026-09-27T19:32:28+09:00,MOVE,KRW-MOVE,,13.3,0.75757576,1748006788.0401006,1790504965774,False,False,,1606827041.1127176,1743283169.4483628,1784735854.5757542,2767534829.512264,1767934312.9040487,0.9217246338821565,0.7656961143506634,0.8039022629341158,1,5.600000000000005,3.124999999999978,중립,,,,,,,,,,,,,,NO_DATA,,0.0,,21.7,관찰,21.7
2026-09-27T19:32:28+09:00,MBL,KRW-MBL,,1.16,0.8695652200000001,343344969.2371592,1790504969656,False,False,,319658586.47516066,320329527.38805723,222326450.02686757,609725695.8088008,246468092.2191028,0.9979054665413851,0.8321685268933504,0.9478347598547805,1,4.545454545454519,4.545454545454519,중립,,,,,,,,,,,,,,NO_DATA,,0.0,,21.7,관찰,21.7
2026-09-27T19:32:28+09:00,WAVES,KRW-WAVES,,411.0,-0.48426149999999996,1574565870.1004176,1790505140218,False,False,,2025617903.8091538,2362317773.48922,11326988386.6373,5880565288.264212,1133023063.365268,0.8574705429309158,0.3105208803978716,0.4576493857964605,1,5.35714285714286,6.994818652849744,중립,,,,,,,,,,,,,,NO_DATA,,0.0,,21.6,관찰,21.6
2026-09-27T19:32:28+09:00,KERNEL,KRW-KERNEL,,74.1,-0.13477089,922811141.2106278,1790504848074,False,False,,1270990714.9728947,1592835717.4658628,11526621996.95025,18185337659.53942,92273439355.03189,0.7979421236202497,0.12180153549545128,0.03925098949399067,1,-3.7613488975356546,15.396578538102656,중립,,,,,,,,,,,,,,NO_DATA,,0.0,,21.6,관찰,21.6
2026-09-27T19:32:28+09:00,GLM,KRW-GLM,,177.0,1.14285714,583192944.294355,1790505095197,False,False,,437786224.91856146,510658644.7384,525595074.9860031,669380080.1540663,577744860.6398064,0.8572971973143242,0.7700121062617687,0.7645364980752964,1,4.79041916167664,4.166666666666674,중립,,,,,,,,,,,,,,NO_DATA,,0.0,,21.5,관찰,21.5
2026-09-27T19:32:28+09:00,ZBT,KRW-ZBT,,122.0,-1.61290323,1524415487.0974755,1790505109131,False,False,,1524275724.480649,1607927902.5807061,1656790508.8743086,2931961391.667702,3073702431.618949,0.9479751685596125,0.7379479525693008,0.7100959371601645,1,5.084745762711873,8.771929824561408,중립,,,,,,,,,,,,,,NO_DATA,,0.0,,21.3,관찰,21.3
2026-09-27T19:32:28+09:00,ERA,KRW-ERA,,97.1,1.99579832,1386639907.4747703,1790505145072,False,False,,725638871.1664078,742092960.1718245,676731388.6100804,1492755003.0251193,792835488.5428588,0.9778274557386896,0.7476755226156402,0.6416340429699477,1,4.271631982475355,2.9189189189189113,중립,,,,,,,,,,,,,,NO_DATA,,0.0,,21.3,관찰,21.3
2026-09-27T19:32:28+09:00,BLUR,KRW-BLUR,,29.1,1.0416666700000001,837008735.035681,1790505092587,False,False,,969628729.7145889,1022404853.1101134,433045591.72313356,1049827901.1822863,1036313231.7456821,0.9483804060250871,1.1611029943120463,0.8742920725907767,1,8.270676691729317,5.882352941176472,중립,,,,,,,,,,,,,,NO_DATA,,0.0,,21.3,관찰,21.3
2026-09-27T19:32:28+09:00,ALGO,KRW-ALGO,,161.0,0.0,3743601319.838864,1790505078284,False,False,,4804599451.429185,5397254106.955454,3808832316.582384,3629799137.10771,4539579616.088626,0.8901933013006533,1.1229297960149973,1.0974858663158973,1,11.805555555555557,5.228758169934644,중립,,,,,,,,,,,,,,NO_DATA,,0.0,,21.2,관찰,21.2
2026-09-27T19:32:28+09:00,ZKP,KRW-ZKP,,71.1,1.13798009,1037331022.7583767,1790505144103,False,False,,554386175.5434818,562272310.009124,1482892648.0525103,1157961395.1327899,1442231102.5746515,0.9859745281329713,0.5192297596914357,0.4598970692570592,1,5.714285714285716,4.148148148148145,중립,,,,,,,,,,,,,,NO_DATA,,0.0,,21.2,관찰,21.2
2026-09-27T19:32:28+09:00,OPG,KRW-OPG,,184.0,-1.07526882,3762472720.58618,1790505143466,False,True,거래량급등,5097549420.003546,184430144.7257397,350458456.370961,1177705088.7889283,3036057761.1828437,27.639458980981402,8.929525053331194,1.0605169432229606,2,8.771929824561408,5.084745762711873,일회성 폭증형,,,,,,,,,,,,,,NO_DATA,,0.0,,21.1,관찰,21.1
2026-09-27T19:32:28+09:00,BERA,KRW-BERA,,326.0,0.61728395,1564486559.045736,1790505143138,False,False,,1679268793.045924,1778540360.0679815,1736413044.9187348,2968571353.1576314,2999838056.5819864,0.9441836860996153,0.7770166023981753,0.4550415936456724,1,8.000000000000007,4.180064308681675,중립,,,,,,,,,,,,,,NO_DATA,,0.0,,20.8,관찰,20.8
2026-09-27T19:32:28+09:00,ZRX,KRW-ZRX,,173.0,-0.57471264,223240477.48997593,1790505124981,False,False,,220507742.40611386,281156652.29055727,356970795.0249217,477787100.75450057,389216230.3164692,0.7842878360147543,0.5928081396218674,0.5821917381757564,1,7.407407407407418,7.407407407407418,중립,,,,,,,,,,,,,,NO_DATA,,0.0,,20.8,관찰,20.8
2026-09-27T19:32:28+09:00,IOTA,KRW-IOTA,,69.2,-0.57471264,1389082900.7998314,1790505147671,False,False,,1526513158.1693034,1559266960.454715,1194717089.766715,1725997795.4161372,1212267762.6566405,0.9789941022826136,1.0222227750693427,0.9119957721524448,1,9.262166405023532,5.454545454545445,중립,,,,,,,,,,,,,,NO_DATA,,0.0,,20.7,관찰,20.7
2026-09-27T19:32:28+09:00,ME,KRW-ME,,109.0,0.0,970165274.0118551,1790504936986,False,False,,1000264784.6709626,1055329044.3443562,889174117.4091609,1506210799.7621992,1554505697.6257641,0.9478226625444547,0.8696155020321643,0.7037789346674475,1,7.920792079207928,7.920792079207928,중립,,,,,,,,,,,,,,NO_DATA,,0.0,,20.5,관찰,20.5
2026-09-27T19:32:28+09:00,ICP,KRW-ICP,,4365.0,0.48342541,920445415.9993426,1790505137968,False,False,,1044431910.9403377,1207825298.2587032,1556207005.9598398,2458192512.2722893,802934184.8936639,0.8647210092768164,0.5999925018407168,0.6879032444529058,1,8.005967180507213,6.10649731314119,중립,,,,,,,,,,,,,,NO_DATA,,0.0,,20.5,관찰,20.5
2026-09-27T19:32:28+09:00,THETA,KRW-THETA,,320.0,1.26582278,303969815.5971057,1790505139897,False,False,,311815069.75217295,344530206.5192967,324425685.50521815,767327915.9683614,423235969.0430854,0.9050442134010929,0.6512955197648225,0.6705492801398459,1,7.849829351535842,3.60655737704918,중립,,,,,,,,,,,,,,NO_DATA,,0.0,,20.4,관찰,20.4
2026-09-27T19:32:28+09:00,PUNDIX,KRW-PUNDIX,,168.0,-1.75438596,578099981.247524,1790505103563,False,False,,562540462.0794573,588240691.707069,632654301.2978371,758526014.0917277,545512805.5836389,0.9563100105281226,0.8525833464371146,0.8057161649272906,1,9.615384615384626,6.211180124223592,중립,,,,,,,,,,,,,,NO_DATA,,0.0,,20.3,관찰,20.3
2026-09-27T19:32:28+09:00,MOC,KRW-MOC,,31.1,1.63398693,678727046.2963496,1790505136654,False,False,,514560835.8465426,667347466.1016918,233955230.8774019,478193239.3238939,505952345.51210123,0.771053854227316,1.1190192496519098,0.9254868992358766,1,7.7464788732394485,7.7464788732394485,중립,,,,,,,,,,,,,,NO_DATA,,0.0,,20.2,관찰,20.2
2026-09-27T19:32:28+09:00,ARX,KRW-ARX,,347.0,12.297734629999999,7645225851.043395,1790505149640,False,False,,2571272303.087813,1526690452.5326693,4827116787.914237,2371809956.193425,6381756453.322437,1.684213259356052,0.8840425537156877,0.6720427023670449,2,-2.215189873417722,14.022140221402225,중립,,,,,,,,,,,,,,NO_DATA,,0.0,,20.1,관찰,20.1
2026-09-27T19:32:28+09:00,MON,KRW-MON,,36.0,-1.0989011,1314109189.8783016,1790505009390,False,False,,1560777392.6524596,1586101106.285417,1487307911.1657581,2656321186.9634585,1583907792.1081078,0.9840339852657536,0.8171994161871257,0.8502835334680992,1,10.63829787234043,5.2023121387283044,중립,,,,,,,,,,,,,,NO_DATA,,0.0,,20.1,관찰,20.1
2026-09-27T19:32:28+09:00,ETHFI,KRW-ETHFI,,1000.0,0.70493454,1369673426.9535482,1790505104235,False,False,,1357545779.3831737,1397917986.9397137,961610344.5209469,1792246293.6845233,1591828665.8912306,0.9711197595755086,0.9809389251246037,0.8744092569628444,1,11.073825503355694,2.5826446280991844,중립,,,,,,,,,,,,,,NO_DATA,,0.0,,20.0,관찰,20.0
2026-09-27T19:32:28+09:00,ASTR,KRW-ASTR,,10.3,0.0,241450362.64636153,1790505061836,False,False,,253700353.68204862,322340237.87975264,300161724.2520527,730088853.947684,687783652.5811684,0.787057661031727,0.5626986757548834,0.45573174225321655,1,8.53530031612224,9.341825902335454,중립,,,,,,,,,,,,,,NO_DATA,,0.0,,20.0,관찰,20.0
2026-09-27T19:32:28+09:00,CYBER,KRW-CYBER,,491.0,-1.00806452,162676369.3310724,1790505142804,False,False,,197573201.34109342,203995751.48431224,297731945.10968703,609465993.0511297,608204635.0261744,0.9685162553803837,0.5334080003753183,0.4086996377501812,1,7.826086956521738,10.46770601336302,중립,,,,,,,,,,,,,,NO_DATA,,0.0,,20.0,관찰,20.0
2026-09-27T19:32:28+09:00,SONIC,KRW-SONIC,,38.4,3.50404313,7476830197.983792,1790505098734,False,False,,781674966.1993244,817953896.4383346,1977507359.3659985,1212863885.2899134,5819485689.929285,0.9556467297277002,0.5850385924425774,0.3149525732360922,1,5.099150141643083,2.203856749311317,중립,,,,,,,,,,,,,,NO_DATA,,0.0,,19.9,관찰,19.9
2026-09-27T19:32:28+09:00,STRAX,KRW-STRAX,,16.4,1.2345679,540332429.0735812,1790505116864,False,False,,776249906.7352434,807317559.5505037,653944520.1811264,951535617.9607787,1023281088.444296,0.9615174320839026,0.9651657585851223,0.8577230498399948,1,6.578947368421062,7.999999999999985,중립,,,,,,,,,,,,,,NO_DATA,,0.0,,19.9,관찰,19.9
2026-09-27T19:32:28+09:00,APT,KRW-APT,,1165.0,0.25817556,5604719459.111206,1790505148647,False,False,,6027131145.979233,7135695478.891968,6664399163.751749,8721493581.50685,6525581022.114303,0.8446452295796578,0.802847173031451,0.7907778906951757,1,12.0540019286403,8.496732026143782,중립,,,,,,,,,,,,,,NO_DATA,,0.0,,18.7,관찰,18.7
2026-09-27T19:32:28+09:00,BABY,KRW-BABY,,19.5,2.6315789499999998,549388750.1635389,1790505004144,False,False,,896033971.0459964,215373224.33652237,356897057.9758629,605455744.7041986,889770508.8106133,4.160377752649216,2.282450970322436,1.4339757704417786,2,12.426035502958598,13.772455089820369,일회성 폭증형,,,,,,,,,,,,,,NO_DATA,,0.0,,17.9,관찰,17.9
2026-09-27T19:32:28+09:00,BAT,KRW-BAT,,132.0,1.53846154,148567869.95744997,1790504724996,False,False,,247003997.79325888,290559670.5074061,294733966.6536725,890796621.5739106,817437359.8681678,0.8500973220471867,0.5020099475589146,0.46451454390284136,1,8.333333333333325,14.035087719298245,중립,,,,,,,,,,,,,,NO_DATA,,0.0,,17.8,관찰,17.8
2026-09-27T19:32:28+09:00,CVC,KRW-CVC,,41.8,-2.10772834,1999857708.4614878,1790505095839,False,False,,5467877829.353356,6612005577.792231,31106248063.232674,2120017815.5451925,2311886520.6408625,0.8269620714958771,0.4117556532527416,0.625221249499974,1,12.368421052631584,14.784946236559149,중립,,,,,,,,,,,,,,NO_DATA,,0.0,,17.4,관찰,17.4
2026-09-27T19:32:28+09:00,ARKM,KRW-ARKM,,192.0,2.12765957,470140463.9329066,1790505060774,False,False,,452927091.0845152,475561840.4064704,250199123.4451362,651016781.0671427,695163288.5306311,0.9524041935269472,0.9869285571098001,0.5159072402853152,1,11.904761904761907,9.302325581395344,중립,,,,,,,,,,,,,,NO_DATA,,0.0,,17.1,관찰,17.1
2026-09-27T19:32:28+09:00,VIRTUAL,KRW-VIRTUAL,,1104.0,2.50696379,8819139562.050972,1790505139894,False,False,,8324627812.860142,10386867643.913097,8054190802.801289,9972809115.196741,8833453929.78185,0.8014570030396538,0.8789329148580248,0.888317075912244,1,12.187499999999996,8.897876643073822,중립,,,,,,,,,,,,,,NO_DATA,,0.0,,16.8,관찰,16.8
2026-09-27T19:32:28+09:00,ZK,KRW-ZK,,17.9,2.28571429,443123942.20467204,1790505103248,False,False,,442941868.8835585,570491533.0336736,769030034.2945448,1286521602.2910051,692882973.4425244,0.7764214598035297,0.5060181881333486,0.4486184925746604,1,13.636363636363624,9.375,중립,,,,,,,,,,,,,,NO_DATA,,0.0,,16.3,관찰,16.3
2026-09-27T19:32:28+09:00,TAIKO,KRW-TAIKO,,137.0,9.6,14626953919.741934,1790505150288,False,False,,329731957.3937258,362138934.0388908,578621501.5962641,715931618.0725278,808403218.9420803,0.910512310058093,0.5970909741296541,0.5503180198546159,1,3.305785123966931,0.8064516129032251,중립,,,,,,,,,,,,,,NO_DATA,,0.0,,16.0,관찰,16.0
2026-09-27T19:32:28+09:00,RENDER,KRW-RENDER,,2810.0,3.8049501300000004,2075659015.1057868,1790505138295,False,False,,1927558030.264963,2111280360.4229527,2203188623.2684107,1977255095.0815663,1468587109.2706764,0.9129806094908283,0.919092130931889,0.92006624226822,1,13.787305590584275,6.869324911172514,중립,,,,,,,,,,,,,,NO_DATA,,0.0,,15.6,관찰,15.6
2026-09-27T19:32:28+09:00,KAVA,KRW-KAVA,,92.4,-1.17647059,577783837.1562972,1790505037382,False,False,,550013606.4540145,779215901.1626651,361282503.93662614,361954391.82756424,255150405.54327995,0.7058552137261846,1.0982313871937057,1.194013128336748,1,-1.8887722980062915,-2.298850574712652,감소형,,,,,,,,,,,,,,NO_DATA,,0.0,,14.8,관찰,14.8
2026-09-27T19:32:28+09:00,AXS,KRW-AXS,,1597.0,0.31407035,4086674581.054567,1790505118156,False,False,,15160232801.627638,28879221532.56968,1975789494.4618082,3769543785.5264745,3043974442.6814833,0.524952959155429,1.3135388642856296,1.850308613105197,1,12.270803949224263,8.594815825375179,감소형,,,,,,,,,,,,,,NO_DATA,,0.0,,13.3,관찰,13.3
2026-09-27T19:32:28+09:00,QTUM,KRW-QTUM,,1391.0,-0.7845934400000001,743645013.2138957,1790505150289,False,False,,1804277968.0302393,2498255308.2854114,900537802.3521221,1354635756.187242,711386724.0861069,0.7222152043653782,1.1387219743347954,1.472369961883654,1,6.615969581749059,3.9288361749443945,감소형,,,,,,,,,,,,,,NO_DATA,,0.0,,13.3,관찰,13.3
2026-09-27T19:32:28+09:00,G,KRW-G,,7.55,-2.45478036,4006567882.178498,1790505147348,False,False,,3901990047.0562687,11576162194.883804,7022479748.427598,11382234353.84004,19505719492.900383,0.337071127837237,0.39044789835849525,0.14267374896120258,1,-1.526717557251911,-12.244897959183676,감소형,,,,,,,,,,,,,,NO_DATA,,0.0,,13.0,관찰,13.0
2026-09-27T19:32:28+09:00,TRX,KRW-TRX,,454.0,0.0,2420573656.2533536,1790505125303,False,False,,2250078551.362814,4598805638.133217,3754011560.0374436,4032496318.0960135,4762966591.877639,0.4892745483099354,0.5450193606502403,0.5270541077102096,1,-3.404255319148941,-2.5751072961373356,감소형,,,,,,,,,,,,,,NO_DATA,,0.0,,13.0,관찰,13.0
2026-09-27T19:32:28+09:00,USDT,KRW-USDT,,1358.0,-0.14705882,41230357421.05738,1790505148316,False,False,,43538457052.93687,75080233054.15648,92011396310.42532,168976915408.14075,108971107454.0189,0.5798924068540375,0.3886569367780123,0.3709960411402106,1,-0.9468317552804084,0.591715976331364,감소형,,,,,,,,,,,,,,NO_DATA,,0.0,,12.9,관찰,12.9
2026-09-27T19:32:28+09:00,XAUT,KRW-XAUT,,5821000.0,0.10318142999999999,280757528.50974,1790505147351,False,False,,334279266.59118,1166787719.07099,682561611.69144,879604994.20958,1123424778.74585,0.2864953591192553,0.3674806099159706,0.29896092417370884,1,-1.2565800645270797,-1.6573651276847623,감소형,,,,,,,,,,,,,,NO_DATA,,0.0,,12.9,관찰,12.9
2026-09-27T19:32:28+09:00,O,KRW-O,,727.0,-2.0215633399999997,279187994.9866802,1790505051901,False,False,,313539216.55735785,561088405.3306783,672369495.7150644,677265532.4885241,920973857.6317621,0.558805374658514,0.49228351584729985,0.4571824785461398,1,-1.3297872340425565,0.4059539918809252,감소형,,,,,,,,,,,,,,NO_DATA,,0.0,,12.9,관찰,12.9
2026-09-27T19:32:28+09:00,RLUSD,KRW-RLUSD,,1360.0,0.0,121981488.75940531,1790503636098,False,False,,96392639.07835563,144155148.05026597,35507652.58288748,145268687.1338327,89311436.38431917,0.668672887386194,0.8899658177863059,0.7795322482780584,1,-1.0909090909090868,0.4431314623338345,감소형,,,,,,,,,,,,,,NO_DATA,,0.0,,12.9,관찰,12.9
2026-09-27T19:32:28+09:00,XTZ,KRW-XTZ,,443.0,-1.55555556,522670968.29978323,1790504960223,False,False,,437934536.6863368,620324737.3013345,255899620.7051851,640220524.2867305,552687721.9646053,0.7059762578412245,0.8663708291673651,0.759441130099681,1,0.6711409395973256,-2.1739130434782594,감소형,,,,,,,,,,,,,,NO_DATA,,0.0,,12.8,관찰,12.8
2026-09-27T19:32:28+09:00,BTC,KRW-BTC,,115324000.0,0.40834095000000004,64542393076.97436,1790505152080,False,False,,62950265085.00601,128171834220.45271,103868241728.45888,157018825615.72302,153194249446.10184,0.49113961322214483,0.48540412388853704,0.37022281981348354,1,-0.9084791386271829,-1.936425808765141,감소형,,,,,,,,,,,,,,NO_DATA,,0.0,,12.7,관찰,12.7
2026-09-27T19:32:28+09:00,ETH,KRW-ETH,,3684000.0,0.38147138999999997,40608177689.83657,1790505148978,False,False,,33503538009.07183,83710519127.93227,73617700334.64021,123274417001.84668,121569284329.97495,0.4002309191019277,0.3581955440392321,0.2686188595043241,1,-0.43407487791644606,-2.289669861554844,감소형,,,,,,,,,,,,,,NO_DATA,,0.0,,12.7,관찰,12.7
2026-09-27T19:32:28+09:00,LIT,KRW-LIT,,6515.0,-1.21304018,2019240550.1438742,1790505054303,False,False,,2210687164.039057,4115182468.93631,4212133790.0804925,4763621412.950914,1300346390.1253138,0.5372027074683943,0.506614702346245,0.6731749107772095,1,-9.595613433858807,2.8059236165237644,감소형,,,,,,,,,,,,,,NO_DATA,,0.0,,12.4,관찰,12.4
2026-09-27T19:32:28+09:00,XRP,KRW-XRP,,2092.0,0.5769230799999999,154868121042.16513,1790505150612,False,False,,161531810895.23608,393270807788.19995,277058018201.3417,534622788019.7696,437399315440.244,0.41073938796451603,0.4021700349222185,0.38030209571451007,1,0.9218825812712383,0.09624639076035724,감소형,,,,,,,,,,,,,,NO_DATA,,0.0,,12.2,관찰,12.2
2026-09-27T19:32:28+09:00,MVL,KRW-MVL,,1.58,0.63694268,174612868.61385927,1790504981370,False,False,,103655202.53699721,177544188.166818,64364446.52457794,203273432.17325035,115253018.87509552,0.5838276296580559,0.6985133291668238,0.7889127347025736,1,0.6410256410256387,1.2903225806451646,감소형,,,,,,,,,,,,,,NO_DATA,,0.0,,12.0,관찰,12.0
2026-09-27T19:32:28+09:00,DOOD,KRW-DOOD,,2.55,-1.1627907,429903462.01596594,1790504853625,False,False,,394752858.1263822,609833974.1386179,507619830.13701385,1307836654.2663972,1260745100.8728518,0.6473120141985614,0.488295564850021,0.39120438186678164,1,3.6144578313253017,0.0,감소형,,,,,,,,,,,,,,NO_DATA,,0.0,,11.7,관찰,11.7
2026-09-27T19:32:28+09:00,BIRB,KRW-BIRB,,95.8,1.80658874,838828358.9558299,1790505131515,False,False,,688635563.5130193,1149334179.1552646,3021273209.924191,3137085347.9467816,875986155.1660306,0.5991604321896625,0.2827030042015354,0.3680675564326091,1,-2.1829521829521914,0.21299254526090383,감소형,,,,,,,,,,,,,,NO_DATA,,0.0,,11.5,관찰,11.5
2026-09-27T19:32:28+09:00,KNC,KRW-KNC,,200.0,0.50251256,219289247.59719074,1790504967720,False,False,,146886638.6811493,228116197.21627834,114895018.94992566,327602306.9582442,188937038.7368544,0.6439114822779778,0.6570996570280512,0.6407155349088063,1,3.1088082901554515,-1.4851485148514865,감소형,,,,,,,,,,,,,,NO_DATA,,0.0,,11.5,관찰,11.5
2026-09-27T19:32:28+09:00,SHIB,KRW-SHIB,,0.0081,0.37174721,5872732672.219021,1790505144097,False,False,,7257317016.724076,10127354094.763533,10556722104.474813,14052369404.44906,19713467015.58345,0.716605437986666,0.6267754420982282,0.49101364504731976,1,4.1290322580645356,-1.465201465201449,감소형,,,,,,,,,,,,,,NO_DATA,,0.0,,11.3,관찰,11.3
2026-09-27T19:32:28+09:00,RAY,KRW-RAY,,3131.0,11.463154150000001,4428891886.118156,1790505149317,False,False,,1455817016.1238296,1707500215.5006154,8675593003.523516,10542000417.475857,1412862241.163368,0.8526013659664483,0.2087183514798362,0.28867217181866406,1,3.386087596613918,15.264669675830934,중립,,,,,,,,,,,,,,NO_DATA,,0.0,,11.3,관찰,11.3
2026-09-27T19:32:28+09:00,AKT,KRW-AKT,,954.0,0.10493179,1273773045.2566097,1790505075063,False,False,,1255817342.83686,2063637006.7302861,1652359300.9812148,3581302871.8221903,2330021457.7207212,0.6085456593098367,0.5162803299989306,0.3129719055307097,1,1.5991471215351716,4.725274725274731,감소형,,,,,,,,,,,,,,NO_DATA,,0.0,,11.3,관찰,11.3
2026-09-27T19:32:28+09:00,FF,KRW-FF,,181.0,1.11731844,796815596.2453008,1790505089004,False,False,,889832595.3579551,1198618355.500902,2408375112.317738,2702913518.870683,1451625347.1749961,0.7423819193775775,0.4230645224573263,0.29157181144390865,1,0.0,3.4682080924855585,감소형,,,,,,,,,,,,,,NO_DATA,,0.0,,11.3,관찰,11.3
2026-09-27T19:32:28+09:00,META2,KRW-META2,,9035.0,4.81438515,36842534835.753914,1790505148316,False,False,,23733103758.412453,3502073588.454111,47771446057.41733,1312374597.4304364,1226593040.516359,6.776871804366836,1.3539621660861338,2.118976586413758,2,14.021164021164022,16.172506738544467,일회성 폭증형,,,,,,,,,,,,,,NO_DATA,,0.0,,11.1,관찰,11.1
2026-09-27T19:32:28+09:00,DOGE,KRW-DOGE,,133.0,1.52671756,19573675074.444126,1790505146703,False,False,,19016903217.669945,29534661002.031883,32631455221.62486,65440324309.2849,70169349734.34349,0.6438842557346992,0.4470833087635744,0.33728779659212466,1,2.34375,-2.238805970149249,감소형,,,,,,,,,,,,,,NO_DATA,,0.0,,11.0,관찰,11.0
2026-09-27T19:32:28+09:00,CARV,KRW-CARV,,59.5,0.6768189499999999,630193164.5468825,1790505135676,False,False,,490234582.44185376,661764432.6106302,1030663475.7849114,8542750304.020968,34220929918.672844,0.7407992304873517,0.14369107374617274,0.05377994215992147,1,-0.16891891891892552,6.871609403254975,감소형,,,,,,,,,,,,,,NO_DATA,,0.0,,10.9,관찰,10.9
2026-09-27T19:32:28+09:00,SNT,KRW-SNT,,12.1,-0.8196721299999999,313935239.23459387,1790505024893,False,False,,381811145.2782115,523397839.59426653,395290027.1079964,1773502668.758186,664953354.6816213,0.7294855201813369,0.42546521902794276,0.46334707045671497,1,2.5210084033613356,6.0869565217391175,감소형,,,,,,,,,,,,,,NO_DATA,,0.0,,10.8,관찰,10.8
2026-09-27T19:32:28+09:00,HP,KRW-HP,,12.9,0.0,172485033.02420592,1790504769928,False,False,,156035331.02008945,210304575.67215872,107713490.87238023,250708412.23709673,169792188.3701684,0.7419492919798905,0.8230775434670752,0.8085258891250138,1,4.0322580645161255,4.0322580645161255,감소형,,,,,,,,,,,,,,NO_DATA,,0.0,,10.7,관찰,10.7
2026-09-27T19:32:28+09:00,MIRA,KRW-MIRA,,75.2,-0.39735099,1460997468.8210595,1790505151927,False,False,,1415426338.547616,2323943089.0602827,2474564894.384905,3027705072.0470366,4145855952.375667,0.6090623927972189,0.5425713541829691,0.18731978816889117,1,5.006954102920713,3.0013642564802323,감소형,,,,,,,,,,,,,,NO_DATA,,0.0,,10.6,관찰,10.6
2026-09-27T19:32:28+09:00,WIF,KRW-WIF,,337.0,0.8982035899999999,109527875.20998038,1790505132463,False,False,,228640162.0043103,460423420.99201286,1066283524.2519665,550184537.2006671,5058460945.265097,0.4965867320817214,0.3302630357969183,0.10569976505417902,1,4.374999999999996,1.21212121212122,감소형,,,,,,,,,,,,,,NO_DATA,,0.0,,10.5,관찰,10.5
2026-09-27T19:32:28+09:00,ENS,KRW-ENS,,9650.0,0.41623309000000003,3223009105.0969114,1790505149969,False,False,,2963833783.013102,5395225413.297055,9044053917.629648,22570380049.842197,7233284941.907596,0.5493438282872198,0.24024812705138116,0.28377526095419575,1,3.6677454153182243,4.912663755458513,감소형,,,,,,,,,,,,,,NO_DATA,,0.0,,10.3,관찰,10.3
2026-09-27T19:32:28+09:00,ENSO,KRW-ENSO,,1405.0,-1.61064426,1315157900.5064502,1790505045355,False,False,,989498714.8799146,1338022387.9962344,1617665543.691993,2437033625.405841,2490263279.8926144,0.739523287320884,0.5504634558286656,0.19635109459140665,1,5.387453874538739,3.4782608695652195,감소형,,,,,,,,,,,,,,NO_DATA,,0.0,,10.3,관찰,10.3
2026-09-27T19:32:28+09:00,MED,KRW-MED,,2.5,-0.79365079,349790096.98935837,1790505076677,False,False,,407686992.90178764,866593766.7482828,183815613.4134162,265705512.35250437,335476378.40449965,0.47044764057275684,0.929296511772557,1.0157091188575198,1,5.882352941176472,3.2786885245901676,감소형,,,,,,,,,,,,,,NO_DATA,,0.0,,10.3,관찰,10.3
2026-09-27T19:32:28+09:00,ANKR,KRW-ANKR,,7.05,0.7142857100000001,3175821548.2498107,1790505093895,False,False,,1174035776.8162823,3396157630.458345,218008019.4884472,522172817.4039794,624202678.4417462,0.3456953135175397,0.8515036567364552,1.1125989444194415,1,5.263157894736836,4.166666666666674,감소형,,,,,,,,,,,,,,NO_DATA,,0.0,,10.2,관찰,10.2
2026-09-27T19:32:28+09:00,TRAC,KRW-TRAC,,504.0,1.20481928,1452784491.2015977,1790505136323,False,False,,1057475282.7733263,3786212820.2565055,7731615583.871035,720401523.8286253,882134348.4465986,0.2792963134865951,0.25922260547443293,0.34556760875598347,1,5.285412262156441,0.60606060606061,감소형,,,,,,,,,,,,,,NO_DATA,,0.0,,10.1,관찰,10.1
2026-09-27T19:32:28+09:00,XLM,KRW-XLM,,297.0,1.02040816,18265452992.59242,1790505136008,False,False,,21617357056.9015,60852984549.24012,34825542466.10956,44818941564.48005,40816393341.98725,0.3552390604508393,0.4615888942785898,0.48360249780125136,1,5.755395683453246,0.6849315068493178,감소형,,,,,,,,,,,,,,NO_DATA,,0.0,,10.0,관찰,10.0
2026-09-27T19:32:28+09:00,GRVT,KRW-GRVT,,277.0,-0.35971223,782397625.8200802,1790505142176,False,False,,836577317.3919842,1268353984.1080494,4105181033.295554,1862802934.9533849,1252494842.3829708,0.6595771589587386,0.3468234856773782,0.4247604204263689,1,4.511278195488733,6.513409961685834,감소형,,,,,,,,,,,,,,NO_DATA,,0.0,,10.0,관찰,10.0
2026-09-27T19:32:28+09:00,MORPHO,KRW-MORPHO,,3733.0,0.43045467,1672425492.625775,1790505147679,False,False,,1728046598.0643027,3531586622.0659103,8231004960.029654,2037787911.1594174,1093118203.3933327,0.4893116842348408,0.37565197368135333,0.5150086877584665,1,5.716723549488045,3.624198494563702,감소형,,,,,,,,,,,,,,NO_DATA,,0.0,,9.9,관찰,9.9
2026-09-27T19:32:28+09:00,WET,KRW-WET,,95.6,1.27118644,423206989.42702246,1790504825986,False,False,,332892155.23609227,446971916.58665293,381692459.15717155,1385467872.7863944,12964196024.655256,0.7447719708617434,0.4510464387893796,0.10644579669765725,1,1.6146393972013007,7.394766780432316,감소형,,,,,,,,,,,,,,NO_DATA,,0.0,,9.8,관찰,9.8
2026-09-27T19:32:28+09:00,NEWT,KRW-NEWT,,70.2,1.00719424,467303198.74648136,1790505147666,False,False,,298333441.3888942,486064066.39847547,586878954.509249,3489891895.963446,4645223991.742351,0.6137739076237747,0.19615005593505072,0.13468889304263923,1,3.268945022288272,6.431852986217468,감소형,,,,,,,,,,,,,,NO_DATA,,0.0,,9.6,관찰,9.6
2026-09-27T19:32:28+09:00,MOODENG,KRW-MOODENG,,66.7,0.45180723,470194162.35041106,1790504963497,False,False,,752950731.6651403,3895280204.393586,1130209833.6030025,2270673600.1712136,1909225879.0063498,0.1932982204504487,0.3095945084316474,0.33525363861350466,1,8.143322475570036,1.8404907975460238,감소형,,,,,,,,,,,,,,NO_DATA,,0.0,,9.4,관찰,9.4
2026-09-27T19:32:28+09:00,ADA,KRW-ADA,,349.0,0.86705202,12698288081.663387,1790505139255,False,False,,16961662977.053387,24403876608.524612,15449326377.489492,25099966365.799915,26057610631.502766,0.6950396959116095,0.78341040843666,0.7266632339407486,1,5.810397553516822,4.53172205438066,감소형,,,,,,,,,,,,,,NO_DATA,,0.0,,9.3,관찰,9.3
2026-09-27T19:32:28+09:00,DATA,KRW-DATA,,311.0,-0.95541401,9963921188.384243,1790505146061,False,False,,9075113051.978819,16345239650.771955,23844881873.41723,25536375552.554024,29071967110.75162,0.5552144383242626,0.41422166655478015,0.461231160621688,1,1.2903225806451646,14.598540145985407,감소형,,,,,,,,,,,,,,NO_DATA,,0.0,,9.3,관찰,9.3
2026-09-27T19:32:28+09:00,SOL,KRW-SOL,,168500.0,1.9358741700000002,29366944889.056946,1790505145409,False,False,,24603800499.52651,58077017703.67109,37671346854.87487,51894789216.68141,52156395694.8951,0.42364090775224644,0.49993108119967655,0.4614223940763277,1,4.752851711026618,2.7346177750155354,감소형,,,,,,,,,,,,,,NO_DATA,,0.0,,9.2,관찰,9.2
2026-09-27T19:32:28+09:00,VVV,KRW-VVV,,42180.0,4.74298485,1556784875.8911238,1790505135354,False,False,,885237193.7668076,1912443219.3261023,2301540555.914533,3257964036.982668,3490875260.8062415,0.46288286356482955,0.35542426794737036,0.17228289207697722,1,-3.173839865352246,-6.69601482854495,감소형,,,,,,,,,,,,,,NO_DATA,,0.0,,9.2,관찰,9.2
2026-09-27T19:32:28+09:00,BSV,KRW-BSV,,29200.0,0.79392475,952734539.3886342,1790505103582,False,False,,1168562143.96585,2066862809.3949728,4438864970.851167,51279663413.94648,21715154545.11199,0.5653796365458432,0.06066734791353059,0.0712907697934105,1,-4.452506596306072,15.880000000000006,감소형,,,,,,,,,,,,,,NO_DATA,,0.0,,8.9,관찰,8.9
2026-09-27T19:32:28+09:00,TFUEL,KRW-TFUEL,,15.4,2.66666667,1001399740.3993589,1790505102275,False,False,,310399583.1067175,425114840.38362044,308316172.419269,493995973.9409945,328288447.0818187,0.7301546632119812,0.7586591784090024,0.8019471586819497,1,4.166666666666674,2.7397260273972712,감소형,,,,,,,,,,,,,,NO_DATA,,0.0,,8.8,관찰,8.8
2026-09-27T19:32:28+09:00,IRYS,KRW-IRYS,,23.0,0.43668122000000004,421086991.83024055,1790504884283,False,False,,392244077.4361227,664229774.6971644,358642660.6908418,563392125.7704713,547249363.9077971,0.5905246834424949,0.7418259608907731,0.7637696439187642,1,7.511737089201875,6.018518518518512,감소형,,,,,,,,,,,,,,NO_DATA,,0.0,,8.7,관찰,8.7
2026-09-27T19:32:28+09:00,ETC,KRW-ETC,,12950.0,0.6216006199999999,4642919202.941331,1790505131504,False,False,,5783833070.050384,9029163429.900164,32540528088.281086,13125259571.38225,12739870658.671398,0.6405724201311014,0.3172413333314424,0.3868372833531782,1,6.893687707641205,6.804979253112031,감소형,,,,,,,,,,,,,,NO_DATA,,0.0,,8.6,관찰,8.6
2026-09-27T19:32:28+09:00,ORDER,KRW-ORDER,,57.5,-0.34662044999999997,339018987.5131164,1790504802986,False,False,,265090775.66663578,376222869.586265,334430854.7156139,494325895.48740286,1317728820.461924,0.7046110087835915,0.6599881972601154,0.4171494012892317,1,8.25515947467168,7.0500927643784905,감소형,,,,,,,,,,,,,,NO_DATA,,0.0,,8.6,관찰,8.6
2026-09-27T19:32:28+09:00,CAP,KRW-CAP,,71.7,2.13675214,7772328395.014886,1790505149315,False,False,,5779228683.3535795,14867271133.308311,13743323410.678299,21094502848.513226,4540520039.210416,0.38872155027871397,0.34881102662675556,0.4635500089086793,1,-3.703703703703709,12.86173633440515,감소형,,,,,,,,,,,,,,NO_DATA,,0.0,,8.5,관찰,8.5
2026-09-27T19:32:28+09:00,ID,KRW-ID,,54.3,0.18450185000000002,817861070.2320381,1790505091278,False,False,,834450945.4440094,1189977621.8235424,985741626.155564,1802659484.8418655,1621283019.2545738,0.701232468695741,0.6292394476372443,0.5793788077020048,1,8.617234468937895,6.06653620352251,감소형,,,,,,,,,,,,,,NO_DATA,,0.0,,8.5,관찰,8.5
2026-09-27T19:32:28+09:00,MEW,KRW-MEW,,0.697,1.01449275,360244760.037165,1790505122047,False,False,,302168948.6895216,718124770.5072286,696537551.3472297,3640111950.5194273,1353837140.9011655,0.42077499774320903,0.17933676109395086,0.18208638473851008,1,5.343511450381677,8.150470219435736,감소형,,,,,,,,,,,,,,NO_DATA,,0.0,,8.5,관찰,8.5
2026-09-27T19:32:28+09:00,YGG,KRW-YGG,,38.2,0.52631579,185748395.92724746,1790505129232,False,False,,177976937.57138267,250310838.7989945,196446736.3572445,505362448.49426496,627497717.3662634,0.7110236952795413,0.5607809934161606,0.4770458982635304,1,6.741573033707859,7.954545454545436,감소형,,,,,,,,,,,,,,NO_DATA,,0.0,,8.5,관찰,8.5
2026-09-27T19:32:28+09:00,CFX,KRW-CFX,,77.2,0.65189048,121030448.81162776,1790505083837,False,False,,164835634.0395843,403867746.61056376,139601863.77749023,334909691.7722206,223733585.80007896,0.408142604659465,0.562976496489124,0.5029886320550248,1,8.028169014084519,5.502063273727642,감소형,,,,,,,,,,,,,,NO_DATA,,0.0,,8.5,관찰,8.5
2026-09-27T19:32:28+09:00,QKC,KRW-QKC,,4.12,1.98019802,1142068223.7014964,1790505123988,False,False,,796124737.5694954,2624484363.3786063,900630463.9158627,959008773.4429519,537671240.3657248,0.30334520131970283,0.5326289873712925,0.6957432460647246,1,3.0612244897959107,8.89487870619947,감소형,,,,,,,,,,,,,,NO_DATA,,0.0,,8.4,관찰,8.4
2026-09-27T19:32:28+09:00,GMT,KRW-GMT,,12.2,0.8264462800000001,448629317.95583576,1790505047438,False,False,,554838614.0873101,791769948.2832922,561574738.2633239,1230701995.8781662,2706307916.4884,0.7007573541914615,0.6441508404561812,0.4181756515353423,1,7.079646017699104,7.079646017699104,감소형,,,,,,,,,,,,,,NO_DATA,,0.0,,8.3,관찰,8.3
2026-09-27T19:32:28+09:00,MANA,KRW-MANA,,125.0,0.0,234575190.42649302,1790504864038,False,False,,216139077.0996889,875759419.9218636,326525213.0659894,539069589.413937,326945991.75907177,0.24680188666308964,0.37236377467459036,0.4235004447370689,1,9.649122807017552,6.8376068376068355,감소형,,,,,,,,,,,,,,NO_DATA,,0.0,,8.1,관찰,8.1
2026-09-27T19:32:28+09:00,CRO,KRW-CRO,,93.6,1.2987013,1721150699.257075,1790505147668,False,False,,1553539679.0051122,3860025378.5829763,1525639968.9601104,2638770402.68334,2828815233.173442,0.4024687732948067,0.5808033339769499,0.49819105100157524,1,9.608540925266906,3.4714445688689866,감소형,,,,,,,,,,,,,,NO_DATA,,0.0,,7.8,관찰,7.8
2026-09-27T19:32:28+09:00,AAVE,KRW-AAVE,,211800.0,0.0,4914755550.006356,1790505140553,False,False,,4811621061.948952,6910748721.960256,5308166350.537992,9432826754.37514,5162788472.536403,0.6962517746679292,0.6666836922991021,0.684677023604164,1,11.122770199370402,7.240506329113927,감소형,,,,,,,,,,,,,,NO_DATA,,0.0,,7.5,관찰,7.5
2026-09-27T19:32:28+09:00,PENGU,KRW-PENGU,,13.8,2.22222222,4657735947.234579,1790505115868,False,False,,4925815426.15655,8224441236.762701,8292785129.560726,16686843180.274664,14896165848.775595,0.598924022234907,0.44504925089773123,0.4303529154878526,1,1.5037593984962294,14.406779661016934,감소형,,,,,,,,,,,,,,NO_DATA,,0.0,,7.5,관찰,7.5
2026-09-27T19:32:28+09:00,TIA,KRW-TIA,,676.0,0.74515648,791729084.7101985,1790504713575,False,False,,576569801.7672564,853178412.7350194,743116126.490192,1489262923.3552291,1669032516.276445,0.6757904245595672,0.5605824640372179,0.52819443617781,1,6.170886075949378,13.15345699831365,감소형,,,,,,,,,,,,,,NO_DATA,,0.0,,7.4,관찰,7.4
2026-09-27T19:32:28+09:00,UNI,KRW-UNI,,13580.0,2.95678544,9308466416.616135,1790505139245,False,False,,9067287006.681377,13183105191.479092,14485210789.19492,27594345496.28572,26337056933.78433,0.6877959991203001,0.4922285733810561,0.48707953619207406,1,4.104183109707971,8.470394736842103,감소형,,,,,,,,,,,,,,NO_DATA,,0.0,,7.3,관찰,7.3
2026-09-27T19:32:28+09:00,COMP,KRW-COMP,,33100.0,1.59607121,2024948857.19213,1790505075068,False,False,,385799337.338533,1017042543.198578,13485979478.734259,364019591.5446127,303032233.6575213,0.3793345125221625,0.07784992079166447,0.12300472471366491,1,8.890374331550799,6.2969004893964176,감소형,,,,,,,,,,,,,,NO_DATA,,0.0,,7.2,관찰,7.2
2026-09-27T19:32:28+09:00,PROS,KRW-PROS,,870.0,3.57142857,3426440870.0959563,1790505114892,False,False,,301890985.82830775,3316880068.8205247,638858680.2266619,941441105.4189333,411581992.65517116,0.09101655156788938,0.18493765481350855,0.19645700434889776,1,5.1314142678347885,8.247422680412363,감소형,,,,,,,,,,,,,,NO_DATA,,0.0,,6.5,관찰,6.5
2026-09-27T19:32:28+09:00,WAL,KRW-WAL,,50.7,1.19760479,1425173850.5245733,1790505128585,False,False,,867718883.0473788,1445988189.5251055,501219169.4550028,1127348761.8448186,1612160211.1168861,0.6000871164323665,0.8466772265141446,0.4965977876958606,1,11.333333333333329,7.280513918629539,감소형,,,,,,,,,,,,,,NO_DATA,,0.0,,6.5,관찰,6.5
2026-09-27T19:32:28+09:00,BEAM,KRW-BEAM,,2.93,-0.34013605,446062642.11059046,1790505143124,False,False,,560232484.8565059,999873776.6124752,5711145321.3826,538087147.03928,419368053.6085024,0.5603032082254892,0.23184892009560445,0.32993723009585746,1,10.943396226415093,13.076923076923075,감소형,,,,,,,,,,,,,,NO_DATA,,0.0,,6.3,관찰,6.3
2026-09-27T19:32:28+09:00,BIO,KRW-BIO,,43.3,-1.1415525100000001,557895787.7611289,1790505086095,False,False,,642930172.4192992,1368540983.820868,674603529.8236185,676170750.999676,488373934.99172974,0.4697924139796562,0.7092927187720879,0.9124454684788179,1,12.596401028277636,11.45038167938932,감소형,,,,,,,,,,,,,,NO_DATA,,0.0,,6.1,관찰,6.1
2026-09-27T19:32:28+09:00,LINK,KRW-LINK,,19500.0,1.19356513,10237692268.562487,1790505138928,False,False,,13557068006.017862,18627353208.430157,11456517784.600773,10710856925.352594,9345250303.727001,0.7278043130616302,0.9969720621601629,1.066214013757266,1,13.62028301886793,8.015695067264584,감소형,,,,,,,,,,,,,,NO_DATA,,0.0,,5.8,관찰,5.8
2026-09-27T19:32:28+09:00,JST,KRW-JST,,171.0,2.39520958,660855932.4718751,1790504830425,False,False,,423463884.27158016,650766518.5410441,320554317.893869,361308993.49174523,502504948.2263434,0.6507155365352008,0.9532967252313846,0.8792020659834443,1,9.868421052631572,8.441558441558449,감소형,,,,,,,,,,,,,,NO_DATA,,0.0,,5.8,관찰,5.8
2026-09-27T19:32:28+09:00,CKB,KRW-CKB,,1.93,-2.0304568499999998,219722014.23389146,1790505148655,False,False,,225247524.08964974,315883686.7812772,771389511.3674283,370739005.4557307,270446607.9438947,0.7130710876045164,0.4634683925130441,0.5834208035371424,1,13.218390804597702,11.931818181818187,감소형,,,,,,,,,,,,,,NO_DATA,,0.0,,5.7,관찰,5.7
2026-09-27T19:32:28+09:00,AXL,KRW-AXL,,77.1,6.34482759,2346377879.4746947,1790505145725,False,False,,358943771.528814,490369345.40625334,368343951.150007,827496735.4252514,904972583.5669816,0.7319865625601902,0.6386104305885478,0.2944672268031525,1,5.3779069767441845,1.9690576652602099,감소형,,,,,,,,,,,,,,NO_DATA,,0.0,,5.6,관찰,5.6
2026-09-27T19:32:28+09:00,RED,KRW-RED,,234.0,1.2987013,671216883.5749512,1790505105239,False,False,,884460140.9396214,2204074590.0917773,640842412.1753476,1222816918.1502063,1010173800.4242463,0.4012841239201404,0.6522994066796384,0.7492043246844261,1,10.526315789473696,12.135922330097081,감소형,,,,,,,,,,,,,,NO_DATA,,0.0,,5.6,관찰,5.6
2026-09-27T19:32:28+09:00,CHIP,KRW-CHIP,,67.3,1.66163142,3107020237.097943,1790505145410,False,False,,3073121789.3010616,4268932407.2429996,5271834333.730741,4756169042.432073,4111369274.789103,0.7198806390297879,0.6448490437093471,0.56401421976694,1,14.53287197231834,5.0793650793650835,감소형,,,,,,,,,,,,,,NO_DATA,,0.0,,5.5,관찰,5.5
2026-09-27T19:32:28+09:00,A,KRW-A,,142.0,2.15827338,466751424.8715664,1790505076351,False,False,,421954743.427924,608212345.2589536,716662038.5041709,1066322565.2732933,1383003699.6623428,0.6937622143270896,0.5293851812557213,0.44424776525333415,1,10.317460317460325,10.317460317460325,감소형,,,,,,,,,,,,,,NO_DATA,,0.0,,5.4,관찰,5.4
2026-09-27T19:32:28+09:00,SIGN,KRW-SIGN,,19.1,1.5957446800000001,736024446.5421526,1790505083839,False,False,,586277738.0114946,1541002300.8490715,489528796.0384107,999778247.71731,671805223.8335526,0.3804522145674043,0.580413751211881,0.5986671443603628,1,9.941520467836252,14.634146341463428,감소형,,,,,,,,,,,,,,NO_DATA,,0.0,,5.0,관찰,5.0
2026-09-27T19:32:28+09:00,GRT,KRW-GRT,,38.0,1.06382979,780478178.7557636,1790505145077,False,False,,731855728.3630054,1211123677.7500463,951787328.2330859,2101522100.2157292,1056286694.7942948,0.6042782762885155,0.5148555811316393,0.5632606695953807,1,10.26392961876832,17.868338557993745,감소형,,,,,,,,,,,,,,NO_DATA,,0.0,,4.6,관찰,4.6
2026-09-27T19:32:28+09:00,SC,KRW-SC,,1.55,6.16438356,9386716673.577065,1790505141190,False,False,,1376351611.1847699,3556456943.0561314,955904669.1379834,4963779603.161496,809053872.4821354,0.3870007800521956,0.4357316696445367,0.6139796784856743,1,8.955223880596996,10.606060606060597,감소형,,,,,,,,,,,,,,NO_DATA,,0.0,,2.6,관찰,2.6
2026-09-27T19:32:28+09:00,BIGTIME,KRW-BIGTIME,,13.3,7.2580645200000005,2990864759.474367,1790505112643,False,False,,1147267740.7328522,1669694652.512611,684288594.7464048,1136401114.5560539,644978334.6270931,0.6871123046398971,0.9860814355725425,1.1378893191580854,1,11.711711711711725,9.734513274336276,감소형,,,,,,,,,,,,,,NO_DATA,,0.0,,1.6,관찰,1.6
2026-09-27T19:32:28+09:00,LSK,KRW-LSK,,407.0,-2.16346154,3657397642.055305,1790505117171,False,True,글로벌가격차이,4661539319.073166,9249159864.055618,36347301996.22043,11009233576.320787,28988238641.431293,0.5039959723465252,0.24705319578457355,0.25200460153733406,1,4.0000000000000036,11.229946524064172,감소형,,,,,,,,,,,,,,NO_DATA,,0.0,,1.1,관찰,1.1
2026-09-27T19:32:28+09:00,ORCA,KRW-ORCA,,2464.0,10.09830206,7693156089.238308,1790505150949,False,False,,766264200.6482804,1170744280.1362903,1695147149.2328582,3455183343.948443,1085809691.7455356,0.6545103090822506,0.3636711610576833,0.45554275824931734,1,6.06635071090047,8.95813047711782,감소형,,,,,,,,,,,,,,NO_DATA,,0.0,,0.8,관찰,0.8
2026-09-27T19:32:28+09:00,AVNT,KRW-AVNT,,174.0,-1.6949152499999998,2243997556.8256593,1790505117833,False,False,,5782477902.048407,1752719222.1020172,1150978016.5932298,2381212864.789187,2704188126.4419727,3.299146736756583,3.2824463172434575,2.6112799927376056,3,17.999999999999993,12.73885350318471,가속형,,,,,,,,,,,,,,NO_DATA,,0.0,,63.0,시동,63.0
2026-09-27T19:32:28+09:00,WAXP,KRW-WAXP,,8.68,-4.08839779,11207682068.242926,1790505144095,False,True,거래량급등,42462153497.91535,22824305048.547558,181620909.6402677,393643010.4519714,303773448.79495156,1.860391955312456,5.443966111703594,8.792500991904117,3,21.96765498652291,20.66666666666668,가속형,,,,,,,,,,,,,,NO_DATA,,0.0,,55.8,시동,55.8
2026-09-27T19:32:28+09:00,SOMI,KRW-SOMI,,294.0,-2.3255814,348863497.7030649,1790505127936,False,False,,420368634.5193351,148701151.869303,135297929.99869627,232961572.29158592,372711970.32817864,2.8269359667691556,2.439462062365588,1.2091322565310707,3,18.972332015810277,16.666666666666675,가속형,,,,,,,,,,,,,,NO_DATA,,0.0,,48.3,시동,48.3
2026-09-27T19:32:28+09:00,KITE,KRW-KITE,,204.0,-1.9230769200000002,5777722906.160536,1790505085780,False,False,,4620954677.440816,1959462780.5447605,1645136779.0401716,3999601697.563446,9831140481.348755,2.3582763211027262,1.8230532785137128,1.2409225350571953,3,13.661202185792343,29.19254658385093,가속형,,,,,,,,,,,,,,NO_DATA,,0.0,,42.6,시동,42.6
2026-09-27T19:32:28+09:00,CC,KRW-CC,,187.0,1.63043478,2830383602.370485,1790505123646,False,False,,4761875245.716115,3969138686.9737163,2608936747.0009675,2991076611.0929365,2195860727.7892985,1.1997250842718281,1.4928831384293673,1.6874264223072426,3,21.85430463576159,14.28571428571428,고수준 유지형,,,,,,,,,,,,,,NO_DATA,,0.0,,36.3,시동,36.3
2026-09-27T19:32:28+09:00,STEEM,KRW-STEEM,,90.4,-4.03397028,4323830243.7363825,1790505150615,False,False,,20901412604.131207,10756260792.167986,36332726731.825714,1917377413.5040665,1177624724.16366,1.9431857415869151,1.279512118321079,2.0432546777589047,2,18.341708542713576,19.69504447268107,중립,,,,,,,,,,,,,,NO_DATA,,0.0,,29.7,시동,29.7
2026-09-27T19:32:28+09:00,FIL,KRW-FIL,,1550.0,0.5840363399999999,20180878852.75729,1790505141185,False,True,거래량급등,18443857953.829006,3146047633.4990187,3185409877.1442676,5224206228.811191,4186280829.928217,5.862548855725951,4.788264448416627,4.789598920784836,2,19.922178988326845,15.6039009752438,일회성 폭증형,,,,,,,,,,,,,,NO_DATA,,0.0,,26.1,시동,26.1
2026-09-27T19:32:28+09:00,PROM,KRW-PROM,,8660.0,1.4645577,13981035872.871477,1790505145390,False,False,,21579936425.72203,3893344132.355357,17867927015.01864,3388322516.7550354,4304636776.007568,5.542776516050435,2.574189076044785,3.558157925281586,2,22.80575539568346,25.146627565982406,일회성 폭증형,,,,,,,,,,,,,,NO_DATA,,0.0,,24.9,시동,24.9
2026-09-27T19:32:28+09:00,CFG,KRW-CFG,,228.0,-0.8695652200000001,3775693004.3849325,1790505123004,False,False,,4083906565.855541,3885777834.9190354,4720810978.725211,3044107824.47045,1614905786.0346408,1.050988177748107,1.0515868774306343,1.2118935949501821,2,17.948717948717952,22.34042553191489,중립,,,,,,,,,,,,,,NO_DATA,,0.0,,23.3,시동,23.3
2026-09-27T19:32:28+09:00,SENT,KRW-SENT,,31.8,-1.85185185,277846110.4341626,1790504720159,False,False,,568315142.5595218,521080633.07266086,1042542809.2756765,4897154485.106926,746682627.1079001,1.0906472175109114,0.2638916624008001,0.37442450187846416,2,12.5,26.56249999999998,중립,,,,,,,,,,,,,,NO_DATA,,0.0,,22.8,시동,22.8
2026-09-27T19:32:28+09:00,UP2,KRW-UP2,,96.7,-3.00902708,1694311151.2279842,1790505109115,False,False,,3320237954.492803,4140424663.944608,9121690269.55546,22677085362.77111,1973703867.9501529,0.8019075877423626,0.2771545772127787,0.42868487551667694,1,8.017334777898167,21.142162818955047,중립,,,,,,,,,,,,,,NO_DATA,,0.0,,17.5,시동,17.5
2026-09-27T19:32:28+09:00,POL,KRW-POL,,163.0,-0.6097560999999999,2287625121.578798,1790505125958,False,False,,3602430986.3148084,4454245326.758308,3746017336.532518,6316580413.86697,3482901291.882836,0.8087634878738416,0.7444657837453423,0.75136508502736,1,17.985611510791365,8.609271523178808,중립,,,,,,,,,,,,,,NO_DATA,,0.0,,16.8,시동,16.8
2026-09-27T19:32:28+09:00,JUP,KRW-JUP,,468.0,1.2987013,2574822639.03914,1790504979073,False,False,,3701969898.403964,4706453927.904771,5739589855.251501,3115259946.378277,2849461655.910515,0.7865730664980747,0.8189411517290063,0.8503968170410099,1,15.500000000000004,14.356435643564346,중립,,,,,,,,,,,,,,NO_DATA,,0.0,,15.4,시동,15.4
2026-09-27T19:32:28+09:00,PLUME,KRW-PLUME,,25.5,3.2388663999999996,2946408346.3540077,1790505116526,False,False,,3407720479.381135,4489907543.75483,6476327931.8389435,2363078480.1987147,1651758237.5168674,0.7589734189785384,0.7669683130016418,1.0257964592949318,1,14.883720930232558,21.078431372549034,중립,,,,,,,,,,,,,,NO_DATA,,0.0,,12.7,시동,12.7
2026-09-27T19:32:28+09:00,BLAST,KRW-BLAST,,0.648,-1.2195121999999998,5667984834.413439,1790505146380,False,False,,4104984173.507495,27362214893.855743,4219603536.204266,46160069348.195274,5233718882.863776,0.15002382626668428,0.1584082001667964,0.24393104878163352,1,0.9230769230769154,23.076923076923084,감소형,,,,,,,,,,,,,,NO_DATA,,0.0,,7.6,시동,7.6
2026-09-27T19:32:28+09:00,CPOOL,KRW-CPOOL,,49.8,-2.734375,6128093421.093372,1790505143131,False,False,,26946587683.036934,3169764996.98009,14137399776.086727,86128004791.0223,4386791449.631016,8.501131064514114,0.7815500606785581,1.2044484120560999,2,6.224066390041494,33.68146214099219,일회성 폭증형,,,,,,,,,,,,,,NO_DATA,,0.0,,6.8,시동,6.8
2026-09-27T19:32:28+09:00,BCH,KRW-BCH,,463000.0,1.18006993,8408198401.015081,1790505124965,False,False,,5935642055.974839,12308245510.592625,24775409951.055656,97141284273.5118,91252987183.04053,0.4822492410365518,0.13266481030320784,0.1237977120052864,1,-1.2729234088457386,26.65375034597288,감소형,,,,,,,,,,,,,,NO_DATA,,0.0,,6.2,시동,6.2
2026-09-27T19:32:28+09:00,MET2,KRW-MET2,,492.0,2.9288702900000003,762769324.7974919,1790505004483,False,False,,846374243.0733413,1242903949.3253098,2833595948.7933507,21603751334.595505,1243319510.2147694,0.680965124885782,0.09887452837632,0.15332836316741644,1,1.7021276595744705,24.479166666666675,감소형,,,,,,,,,,,,,,NO_DATA,,0.0,,4.7,시동,4.7
2026-09-27T19:32:28+09:00,OP,KRW-OP,,197.0,0.51020408,603834181.525664,1790505111046,False,False,,816831250.957464,1571187955.011534,1597657854.4682693,1923671876.0399952,1343738377.6779423,0.5198813091406799,0.4811949421089281,0.4943417111538129,1,15.976331360946737,13.953488372093027,감소형,,,,,,,,,,,,,,NO_DATA,,0.0,,3.9,시동,3.9
2026-09-27T19:32:28+09:00,SPK,KRW-SPK,,34.7,1.16618076,2307692811.4145927,1790505043619,False,False,,3010280144.735454,6663872183.252292,465752301.2905843,1284345044.045714,846515996.7926046,0.45173137508563255,1.073315086716418,1.4252102849273973,1,22.93906810035842,18.685121107266433,감소형,,,,,,,,,,,,,,NO_DATA,,0.0,,2.7,시동,2.7
2026-09-27T19:32:28+09:00,XPL,KRW-XPL,,151.0,-0.65789474,11680683948.580263,1790505141192,False,False,,13516830536.158382,24378451291.233715,13161432831.54337,10457320600.377972,9743554029.184214,0.554458130858334,0.8448511083586617,0.9040563725407813,1,21.599999999999998,15.15151515151516,감소형,,,,,,,,,,,,,,NO_DATA,,0.0,,2.1,시동,2.1
2026-09-27T19:32:28+09:00,NEAR,KRW-NEAR,,7095.0,3.57664234,62875655405.54445,1790505149965,False,False,,31254861439.00797,72064149364.41997,73082410539.58403,90832970870.53133,65412079711.7278,0.43370887902881905,0.39734202373090777,0.4277294796556684,1,15.222876366694704,18.71750433275563,감소형,,,,,,,,,,,,,,NO_DATA,,0.0,,0.7,시동,0.7
2026-09-27T19:32:28+09:00,SUI,KRW-SUI,,1704.0,7.57575758,57679599935.03818,1790505151284,False,False,,37959648415.27883,92344810108.28906,27258664338.04493,37117718593.12104,48484406272.05529,0.41106423166353445,0.7266339863630769,0.6232101352737766,1,20.090978013646698,12.420156139105742,감소형,,,,,,,,,,,,,,NO_DATA,,0.0,,0,시동,0
2026-09-27T19:32:28+09:00,SEI,KRW-SEI,,103.0,5.31697342,9526497686.998203,1790505127584,False,False,,9321732754.902367,20394772206.696033,5879647499.848794,6985581769.358609,17085140590.674398,0.4570648134938151,0.840805683215848,0.550605968684984,1,20.59186189889026,21.641791044776106,감소형,,,,,,,,,,,,,,NO_DATA,,0.0,,0,시동,0
2026-09-27T19:32:28+09:00,DEEP,KRW-DEEP,,32.7,7.213114750000001,2253590308.800189,1790505143140,False,False,,1404081062.7881067,6620882322.359408,1232392328.725216,830992587.3002938,961198650.655592,0.21206857249922398,0.4850430177627404,0.5428646298708902,1,22.489959839357443,11.721611721611724,감소형,,,,,,,,,,,,,,NO_DATA,,0.0,,0,시동,0
2026-09-27T19:32:28+09:00,ARK,KRW-ARK,,354.0,-0.28169014,37370367425.5727,1790505148329,False,False,,55885811049.05972,52682106069.79903,12628264103.34839,3392887772.0143294,2253887005.923058,1.0608120141403625,2.440312703671224,3.832762570157341,5,62.10045662100456,70.67307692307692,연속 가속형,,,,,,,,,,,,,,NO_DATA,,0.0,,66.5,이미 발동,66.5
2026-09-27T19:32:28+09:00,EDGE,KRW-EDGE,,193.0,0.0,41463645655.43254,1790505148990,False,True,"거래량급등,입금량급등",50292055955.15759,14228712507.995514,993838171.4625647,2265532510.5811124,957011196.6579014,3.534547200029312,8.627370205524203,12.227466558424844,3,67.82608695652175,69.29824561403508,가속형,,,,,,,,,,,,,,NO_DATA,,0.0,,53.0,이미 발동,53.0
2026-09-27T19:32:28+09:00,KMNO,KRW-KMNO,,63.7,-6.4610866399999995,16843955705.896605,1790505145069,False,True,거래량급등,15492312873.99916,3889318693.153313,1784476065.7613142,2653405455.862969,638680850.8813342,3.9832973577792816,5.581340357293041,4.824052688053351,3,40.123456790123434,47.7223427331887,가속형,,,,,,,,,,,,,,NO_DATA,,0.0,,53.0,이미 발동,53.0
2026-09-27T19:32:28+09:00,SOON,KRW-SOON,,402.0,28.84615385,53947445398.42512,1790505148988,False,True,거래량급등,2942006336.9793057,307195966.51245296,252653347.67808473,677391423.3565129,458426645.3198881,9.576969288950753,7.133631105969203,7.393538843123405,3,18.181818181818187,18.181818181818187,가속형,,,,,,,,,,,,,,NO_DATA,,0.0,,47.6,이미 발동,47.6
2026-09-27T19:32:28+09:00,WLD,KRW-WLD,,770.0,8.14606742,98127217068.2999,1790505148320,False,False,,77697669029.96974,52565565893.37676,39959977333.64724,42745220250.78275,27636946755.2671,1.4781096276518848,1.7231588045864152,1.9941637310938631,3,27.370304114490153,15.024232633279478,가속형,,,,,,,,,,,,,,NO_DATA,,0.0,,38.9,이미 발동,38.9
2026-09-27T19:32:28+09:00,W,KRW-W,,21.0,17.97752809,11923317992.970276,1790505148652,False,False,,1131367014.048889,836731873.5387086,521776961.02423143,1022270842.024354,708079457.8573585,1.3521261109178364,1.4256258466604135,1.1638106388960374,3,14.83870967741936,9.876543209876543,고수준 유지형,,,,,,,,,,,,,,NO_DATA,,0.0,,27.9,이미 발동,27.9
2026-09-27T19:32:28+09:00,PYTH,KRW-PYTH,,116.0,4.5045044999999995,4919188522.410405,1790505028423,False,False,,3468921211.4411983,3047857447.5176573,2924728495.8141713,3915445426.674636,8515974475.599065,1.1381507407003166,1.0524606208158491,0.8443698531302827,3,29.220023282887063,28.621089223638485,중립,,,,,,,,,,,,,,NO_DATA,,0.0,,23.5,이미 발동,23.5
2026-09-27T19:32:28+09:00,2Z,KRW-2Z,,93.1,-5.57809331,27405443866.405655,1790505148317,False,True,"거래량급등,입금량급등",46377199389.2875,1816024776.7233481,4426320467.1560545,1010653498.5870003,793098232.2870246,25.53775696439882,19.182630951422226,25.784665467719627,2,39.06911142454159,40.056818181818166,일회성 폭증형,,,,,,,,,,,,,,NO_DATA,,0.0,,22.0,이미 발동,22.0
2026-09-27T19:32:28+09:00,SUPER,KRW-SUPER,,287.0,2.86738351,956269221.1434337,1790504924918,False,False,,665389665.6627365,255317218.9796544,946627186.7872822,14373498003.060947,210063870.47633114,2.606129223567016,0.12816130319719304,0.19960144896664636,2,15.767634854771796,36.09756097560977,중립,,,,,,,,,,,,,,NO_DATA,,0.0,,18.2,이미 발동,18.2
2026-09-27T19:32:28+09:00,AERO,KRW-AERO,,1164.0,-1.10450297,2350167248.480543,1790505117829,False,False,,5832876685.539823,9569737373.453264,556927863.2984602,2030215695.5642734,736086441.6119194,0.6095127230680746,1.4394012867316794,2.022001928543911,1,29.198682766191,24.550264550264544,감소형,,,,,,,,,,,,,,NO_DATA,,0.0,,8.2,이미 발동,8.2
2026-09-27T19:32:28+09:00,ZRO,KRW-ZRO,,2221.0,2.30308614,2017833779.6649127,1790505137311,False,False,,2688053191.834902,7174899630.116448,9700905994.68138,14936086077.33316,10655614168.72199,0.3746468007094999,0.25349512852027317,0.2991421247493874,1,5.4907677356657025,35.857321652065075,감소형,,,,,,,,,,,,,,NO_DATA,,0.0,,2.2,이미 발동,2.2
2026-09-27T19:32:28+09:00,ONDO,KRW-ONDO,,739.0,0.95628415,48168991415.329124,1790505151280,False,False,,51648941979.017944,182249626730.641,212301739136.4852,51633687378.31411,54275421378.62401,0.28339669554085506,0.3472703193663901,0.46105354387241354,1,29.328621908127218,18.446601941747566,감소형,,,,,,,,,,,,,,NO_DATA,,0.0,,0.2,이미 발동,0.2
2026-09-27T19:32:28+09:00,ENA,KRW-ENA,,372.0,1.36239782,27819135880.681595,1790505150613,False,False,,42380982587.99021,58634115789.54371,29841860937.01719,26144984028.471283,28788262258.684547,0.7228041562033424,1.109246920689318,1.0816007689080627,1,29.681978798586584,27.430555555555557,감소형,,,,,,,,,,,,,,NO_DATA,,0.0,,0,이미 발동,0
2026-09-27T19:32:28+09:00,B3,KRW-B3,,1.19,6.25,13894762388.867027,1790505147346,False,False,,4878575540.299883,33742862659.562485,4519018857.223932,43335091960.85083,2319675230.466297,0.14458096189172406,0.17936604750310703,0.286225270367764,1,9.80392156862746,36.91931540342301,감소형,,,,,,,,,,,,,,NO_DATA,,0.0,,0,이미 발동,0
2026-09-27T19:32:28+09:00,JTO,KRW-JTO,,875.0,6.968215160000001,6002187492.376159,1790505148321,False,False,,4522920033.734624,8337085133.595275,2877686035.285347,4143641074.957268,2336085631.799267,0.5425061590781868,0.8834741434061932,1.04457615382493,1,31.30016051364366,18.20809248554913,감소형,,,,,,,,,,,,,,NO_DATA,,0.0,,0,이미 발동,0
2026-09-27T19:32:28+09:00,MANTRA,KRW-MANTRA,,7.05,-2.75862069,2847311791.7256703,1790505124975,True,False,,4180910332.930153,38492457450.42491,2991482478.067636,774887559.6126161,1051139326.1602514,0.108616352653369,0.29680735941670255,0.4110649427858522,1,15.814696485623013,10.518292682926834,감소형,,,,,,,,,,,,,,NO_DATA,,0.0,,0,유의종목,0
2026-09-27T19:32:28+09:00,SAND,KRW-SAND,,61.3,0.32733224,1761857005.2094646,1790505121716,True,False,,2235041380.468845,5942227861.32193,2029361352.03652,5944895723.500585,2091094524.5369477,0.3761285215965497,0.48181161922917926,0.5807298800337474,1,9.694793536804314,7.950530035335679,감소형,,,,,,,,,,,,,,NO_DATA,,0.0,,0,유의종목,0
2026-09-27T19:32:28+09:00,SOPH,KRW-SOPH,,5.35,-0.18656715999999998,1472013010.977696,1790505091609,True,False,,1412164280.628409,1791869991.560728,4613225693.404075,3045125179.522937,11986649091.712015,0.7880952788312541,0.4482956433119165,0.27413041240225844,1,3.875968992248069,-12.274959083469717,중립,,,,,,,,,,,,,,NO_DATA,,0.0,,0,유의종목,0
2026-09-27T19:32:28+09:00,EGLD,KRW-EGLD,,6700.0,-2.04678363,1317933239.4725363,1790505092256,True,False,,2725265739.736606,8669285212.33961,92211240860.45322,2595424439.9131804,1437908511.8842857,0.31435875888101383,0.07901156914916087,0.12501972244930742,1,14.957983193277302,12.223133716160795,감소형,,,,,,,,,,,,,,NO_DATA,,0.0,,0,유의종목,0
2026-09-27T19:32:28+09:00,RVN,KRW-RVN,,3.37,0.0,752063774.4191129,1790505136004,True,False,,729312151.3701749,1294438833.3449526,1992025259.1813576,1917711221.0750299,6400571778.533943,0.5634195549322042,0.4204194367534577,0.2837809889915332,1,4.658385093167694,4.334365325077405,감소형,,,,,,,,,,,,,,NO_DATA,,0.0,,0,유의종목,0
2026-09-27T19:32:28+09:00,ZIL,KRW-ZIL,,4.65,-1.6913319199999999,518714744.1983216,1790505151601,True,False,,753082291.889733,6935308182.743683,2069883485.6802201,1375602171.1410267,2024294507.0279028,0.1085867090612555,0.2176371971725706,0.22865597635531196,1,5.816554809843422,6.0538116591928315,감소형,,,,,,,,,,,,,,NO_DATA,,0.0,,0,유의종목,0
2026-09-27T19:32:28+09:00,ICX,KRW-ICX,,19.6,0.0,381230633.20631987,1790505065352,True,False,,490681587.1460156,1806613109.393738,820791151.5531006,1115014111.2166288,1567171925.3032293,0.27160302590225205,0.39334051275166954,0.32306370134312207,1,0.512820512820511,2.083333333333348,감소형,,,,,,,,,,,,,,NO_DATA,,0.0,,0,유의종목,0
2026-09-27T19:57:26+09:00,ESP,KRW-ESP,ESPUSDT,140.0,-2.0979021,14580277399.074505,1790506591250,False,True,"거래량급등,입금량급등",11264305851.511736,1257248227.1640294,1138982721.04665,721548807.202768,695148141.1282727,8.959492332648258,10.838776374713468,11.647997898427747,5,14.399999999999991,12.598425196850393,연속 가속형,4033042.16281,2.511,2611907.3122,622218.02973,571953.46213,840295.40247,532505.70699,4.197736464392376,3.851486577853849,3.8655114769219194,3,14.526843079603612,11.538869445328249,가속형,,0.0,,72.2,발사 전,72.2
2026-09-27T19:57:26+09:00,GAS,KRW-GAS,GASUSDT,2054.0,-1.2025012,2131487372.8593416,1790506637650,False,True,"거래량급등,입금량급등",12145465293.972284,1999638884.7185578,1619003174.0239973,1929827811.180036,1951505607.7836533,6.073829323278896,6.56692687103394,6.260056062378639,3,7.776049766718507,8.677469942498695,가속형,314883.5503,-2.07,1684242.4825,353208.402,404369.5972,448391.7133,396641.4855,4.7684100178907975,4.189763138433711,4.152727223815351,2,8.309659090909083,7.621736062103035,일회성 폭증형,,0.0,,63.4,발사 전,63.4
2026-09-27T19:57:26+09:00,FOLD,KRW-FOLD,,90.9,3.76712329,24820636456.746548,1790506644115,False,True,거래량급등,14492592348.077728,1701281137.632876,1551151032.7012749,5249694619.795462,2628199489.3220534,8.518634591013214,5.113753078195436,4.687216014685658,3,5.4151624548736566,4.2857142857142705,가속형,,,,,,,,,,,,,,NO_DATA,,0.0,,62.1,발사 전,62.1
2026-09-27T19:57:26+09:00,AWE,KRW-AWE,AWEUSDT,98.8,2.91666667,4517412668.044494,1790506630658,False,True,거래량급등,4738631938.853953,531760012.6767444,325220751.3625015,890359306.5973148,552484161.1700724,8.911222780744433,8.13573502688745,7.865669919050745,3,10.344827586206895,10.599078341013835,가속형,978829.49434,4.392,1023590.2836,177350.37928,87769.81325,263862.75461,184554.63235,5.771570874308423,5.80504696304944,4.751071776158592,3,11.44074483193942,10.017136625642632,가속형,,0.0,,59.7,발사 전,59.7
2026-09-27T19:57:26+09:00,ONT,KRW-ONT,ONTUSDT,81.5,0.61728395,591159770.6448182,1790506606701,False,True,입금량급등,2928897578.1057897,738193729.7565117,743208674.072926,1153233650.631319,672252242.1280202,3.9676543704480762,3.3350688871961798,3.367718624188539,2,7.001321003963001,6.020942408376961,고수준 유지형,418996.34385,-0.299,1133616.28373,484443.1094,622708.49006,889295.32869,656689.03263,2.340040061946642,1.7034506669012153,1.6224518477173941,2,8.192552225249772,5.34135125574815,고수준 유지형,,0.0,,50.6,관찰,50.6
2026-09-27T19:57:26+09:00,PUMP,KRW-PUMP,PUMPUSDT,6.08,1.50250417,3353669108.293674,1790506619175,False,False,,7077553989.372783,4101793198.247136,3212175210.8482614,6006452055.01929,4371184605.91388,1.7254780159071186,1.5939933747076,1.7143076253234368,3,8.90909090909091,1.1824324324324342,가속형,18466239.942318,0.022,32172533.501279,30642050.637338,23589540.330818,31396090.739447,30973966.834723,1.0499471423128606,1.1271775502859032,1.130424835027552,3,9.74025974025976,0.38839387708478057,중립,,0.0,,49.7,관찰,49.7
2026-09-27T19:57:26+09:00,AZTEC,KRW-AZTEC,,23.2,-0.42918454999999994,588292178.9726195,1790506589420,False,False,,606107054.9573615,272637604.19872695,250071331.86229235,509177249.7179386,427292285.68230414,2.2231234636127706,1.7621334503082398,1.2323414196007747,3,10.952380952380958,4.954954954954971,가속형,,,,,,,,,,,,,,NO_DATA,,0.0,,48.3,관찰,48.3
2026-09-27T19:57:26+09:00,STX,KRW-STX,STXUSDT,476.0,1.9271948600000002,7638477875.768047,1790506650065,False,False,,9516321270.439722,5667517324.351759,4435230530.986427,6508480643.59532,7464381994.5164585,1.6790987527379428,1.7186545723064433,1.3346796536628063,3,10.401891252955075,1.0822510822510845,가속형,2503029.95631,2.521,3073574.50456,2061839.04223,1879725.57724,2235634.5708,2788116.38089,1.4906956564542246,1.4927029596526529,1.199462221017486,3,11.197663096397292,0.3221083455344109,고수준 유지형,,0.0,,48.0,관찰,48.0
2026-09-27T19:57:26+09:00,POLYX,KRW-POLYX,POLYXUSDT,62.0,-1.43084261,968177824.192026,1790506646508,False,False,,3132571496.227811,1085720360.3985474,1411692152.519149,1433869239.0717933,1095783111.8219707,2.8852470769525804,2.390496301601269,2.4691387007263335,2,9.77312390924956,8.448275862068954,고수준 유지형,291348.87885,-0.435,695559.81833,605478.5719,493417.63061,469853.35465,353664.91449,1.1487769354864596,1.330154609743852,1.4680838732475652,5,11.057692307692314,7.441860465116279,연속 가속형,,0.0,,46.2,관찰,46.2
2026-09-27T19:57:26+09:00,CELO,KRW-CELO,CELOUSDT,132.0,0.0,630060762.4911712,1790506596441,False,False,,1124444243.3423002,291328478.15849984,568359220.1189625,534476426.8312035,771663970.2830554,3.8597127560270175,2.4196094773016568,1.763460033675072,2,7.317073170731714,2.3255813953488413,고수준 유지형,551383.330429,-0.911,754747.986934,502909.627459,445392.719867,573236.982345,667984.089445,1.5007626534163563,1.4881271332576027,1.220019012009428,3,8.469822750729183,0.9711779448621449,고수준 유지형,,0.0,,45.1,관찰,45.1
2026-09-27T19:57:26+09:00,OPEN,KRW-OPEN,OPENUSDT,191.0,-0.5208333300000001,1293028019.489841,1790506427826,False,False,,1503851136.4397848,1246557249.3883724,645051369.9364836,1730678986.496826,622225083.2179157,1.206403586500062,1.2454983977717449,1.5625979573064037,3,4.918032786885251,-2.0408163265306145,중립,620170.94656,0.357,830978.09412,697840.877,548998.15831,1332178.15185,724333.32775,1.1907844918634654,0.9666218180985471,1.07100396783514,3,5.953278070836476,-2.9005524861878462,중립,,0.0,,44.1,관찰,44.1
2026-09-27T19:57:26+09:00,LINEA,KRW-LINEA,LINEAUSDT,3.98,0.0,999176408.9650811,1790506647473,False,False,,1380578315.800216,1188108829.6634636,594235649.3743852,1388258948.8556542,827708711.1714424,1.1619965118778472,1.3062923325457794,1.469903197967845,3,4.188481675392675,2.051282051282044,중립,927165.663071,-1.447,1093619.568089,909271.243243,1134813.949149,2034180.35075,1117711.116486,1.202742939706863,0.8044740269019712,0.8367665396595679,2,5.495300072306586,1.6016713091921986,중립,,0.0,,43.9,관찰,43.9
2026-09-27T19:57:26+09:00,AHT,KRW-AHT,,1.68,0.0,312827815.4933292,1790506579827,False,False,,239721415.9712518,163901230.7816942,136327190.98387405,301883883.05296075,142739809.5120611,1.4625968019150823,1.1944021773986244,1.2149614543017693,3,4.347826086956519,3.703703703703698,중립,,,,,,,,,,,,,,NO_DATA,,0.0,,41.3,관찰,41.3
2026-09-27T19:57:26+09:00,SUN,KRW-SUN,SUNUSDT,23.4,0.0,533311699.5585581,1790506532107,False,False,,377744687.9281972,326224635.72143286,273408579.08883953,627441619.5556046,636764803.5544163,1.1579281469433778,0.9235248185741011,0.8176182408443459,3,0.0,0.0,중립,577694.14272,-0.522,385648.88753,493542.55529,704271.45937,1058520.72397,1291171.76659,0.781389331875135,0.5127548864015071,0.42083397250267607,1,0.23391812865496409,-0.7527504342791036,중립,,0.0,,41.0,관찰,41.0
2026-09-27T19:57:26+09:00,CTC,KRW-CTC,,162.0,1.8867924500000002,830205868.0301868,1790506573727,False,False,,966598404.0661058,533162724.42825633,507150679.77491117,1122192074.792623,512966896.7049284,1.8129519559017364,1.3409423654014991,1.2529155383703352,3,6.000000000000005,3.9215686274509887,중립,,,,,,,,,,,,,,NO_DATA,,0.0,,40.5,관찰,40.5
2026-09-27T19:57:26+09:00,F,KRW-F,FUSDT,5.17,-0.38535645,1593805748.0334883,1790506569269,False,False,,1931243672.5285752,1663248314.4275296,1650657542.8913343,3548448424.673397,2649224514.1071277,1.1611276895797045,0.8442774563227161,0.683508071371666,3,0.9727626459144156,2.5691699604743157,중립,330900.314163,-0.884,386546.634428,358943.227689,597008.545865,1048141.314729,909931.812317,1.0769018736381244,0.5786357480417826,0.4624696314576998,2,1.7375033413525864,1.574593007739522,중립,,0.0,,40.1,관찰,40.1
2026-09-27T19:57:26+09:00,ATOM,KRW-ATOM,ATOMUSDT,2559.0,0.55009823,1571616083.1444564,1790506628166,False,False,,1836383640.010355,1626712318.3985448,1063871956.418247,1526143841.5679188,1850207344.7390072,1.1288926869492364,1.3064989650683092,1.1406729604128931,3,8.621425522833981,3.8775510204081653,중립,4971699.83956,2.722,4112897.81137,4767523.86585,2794095.53677,3571178.86895,4341275.08373,0.8626905553280776,1.1083191425124006,1.0258191897864641,1,9.952885747938755,2.978488692774417,중립,,0.0,,39.8,관찰,39.8
2026-09-27T19:57:26+09:00,BFC,KRW-BFC,,40.7,-2.39808153,1024273667.8441695,1790506561724,False,False,,2098615287.4534564,657952625.2843801,760647213.9787546,1687073173.7591593,2852106544.8625975,3.189614581363504,2.0272082205568545,0.526613069429245,2,4.249999999999998,-2.3419203747072626,고수준 유지형,,,,,,,,,,,,,,NO_DATA,,0.0,,39.7,관찰,39.7
2026-09-27T19:57:26+09:00,DKA,KRW-DKA,,5.89,0.5119453900000001,247870632.28948924,1790506641074,False,False,,339462835.9896932,275775194.9614227,254989420.3100747,765478487.005146,397276876.67646444,1.2309404260857457,0.7856462311586797,0.6090811940596913,3,1.0344827586207028,2.987697715289972,중립,,,,,,,,,,,,,,NO_DATA,,0.0,,39.6,관찰,39.6
2026-09-27T19:57:26+09:00,HIVE,KRW-HIVE,HIVEUSDT,80.3,-1.83374083,1653235075.3172941,1790506548766,False,False,,7128125470.1953945,1930753153.80951,10119001102.891792,1141522182.4377542,1063701476.9946694,3.6918885545421007,1.6210998616584111,2.3754400609565463,2,10.094212651413192,8.921438082556588,고수준 유지형,306937.5052,-0.503,718556.7261,441699.4897,1548123.382,225614.2634,310816.0079,1.6267999915237394,0.9730224993284216,1.2575906452711587,2,10.720887245841038,7.927927927927936,중립,,0.0,,39.4,관찰,39.4
2026-09-27T19:57:26+09:00,AVAX,KRW-AVAX,AVAXUSDT,15280.0,0.9914078,7305838405.722086,1790506630667,False,False,,11523853654.978065,8691757638.73907,6781883132.745587,13583222610.403173,13497485515.085693,1.3258369749768877,1.1897898445048225,0.7949681164580111,3,6.850282485875714,-0.2636783124588038,중립,57389000.6714,2.255,48017776.27594,49214793.68163,51208788.48539,62891600.42385,60995089.12677,0.9756776912764586,0.8820571764518432,0.7165342924659651,1,5.63133281371786,-3.4636274597097283,중립,,0.0,,39.3,관찰,39.3
2026-09-27T19:57:26+09:00,BOUNTY,KRW-BOUNTY,,20.2,0.0,256101519.6885737,1790506193325,False,False,,214269109.43335652,160304521.96869004,93487629.62447628,314225027.1343003,184870062.77327284,1.3366379613121993,1.1316688163202315,1.0752847313333465,3,4.663212435233155,6.8783068783068835,중립,,,,,,,,,,,,,,NO_DATA,,0.0,,39.3,관찰,39.3
2026-09-27T19:57:26+09:00,QUID,KRW-QUID,,97.5,-1.21580547,3071599083.273433,1790506635892,False,False,,3557051525.6104727,1950152431.75513,1849882511.7334845,7600800215.63554,991577239.7710391,1.8239864062365316,0.9359976201648027,1.2793972097452655,3,3.459119496855334,9.18141592920354,중립,,,,,,,,,,,,,,NO_DATA,,0.0,,39.2,관찰,39.2
2026-09-27T19:57:26+09:00,BORA,KRW-BORA,,39.5,-0.50377834,357511917.5230539,1790506626456,False,False,,721981630.8988461,500004948.32935196,358469586.4965401,1252435872.5863886,1065857876.6219172,1.4439489715275353,1.0260714453304172,0.19619061792166526,3,5.026455026455046,2.0565552699228995,중립,,,,,,,,,,,,,,NO_DATA,,0.0,,39.0,관찰,39.0
2026-09-27T19:57:26+09:00,WLFI,KRW-WLFI,WLFIUSDT,78.9,-1.00376412,5007091900.723535,1790506647140,False,False,,5502014510.796696,1831309784.0394216,2631666888.2063565,4786155788.871419,4536400859.162914,3.0044149595818777,1.7846045131022301,1.4479657919516593,2,6.979865771812088,2.5740025740025763,고수준 유지형,5717377.24982,-0.855,6955342.23556,6814575.39247,7127876.38296,9080895.05936,9986182.80987,1.0206567298742553,0.9062985870998509,0.7771063779315516,2,7.734806629834257,1.9163763066202266,중립,,0.0,,38.5,관찰,38.5
2026-09-27T19:57:26+09:00,AI,KRW-AI,AIUSDT,29.2,-0.34129693,661588809.5917051,1790506469119,False,False,,636133196.8618762,586004411.7189287,530954130.03510886,856018693.2078984,453562049.5264,1.085543357934635,0.9672689358843245,1.0247888212538834,3,6.545454545454543,1.736111111111116,중립,474609.04118,-0.985,542451.00564,883235.46961,3041037.50173,1323182.19715,475555.0208,0.614163520719479,0.31012232876079715,0.41465616652315657,1,6.951871657754016,9.289617486338809,감소형,,0.0,,38.5,관찰,38.5
2026-09-27T19:57:26+09:00,DOT,KRW-DOT,DOTUSDT,1695.0,0.35523979,2668242774.425763,1790506621984,False,False,,3759517640.3333883,2988179751.944406,2591438912.4337125,4454398719.391595,2313008767.786826,1.258129681752603,1.1240316305653926,1.2893495652163165,3,11.70634920634921,3.429271279853041,중립,15961622.27865,0.889,17276923.99882,13539404.31128,13005945.5901,16094070.9573,13074111.66395,1.2760475720801234,1.2155599431859765,1.1871355912282637,3,12.794918330308525,2.9826014913007404,중립,,0.0,,38.3,관찰,38.3
2026-09-27T19:57:26+09:00,MLK,KRW-MLK,,62.2,0.32258065,375978670.0344691,1790506580866,False,False,,344391630.55574757,290523472.05161804,253517901.9892675,554763115.3993033,546314810.7708379,1.1854175778766634,0.9402718150465669,0.30178837490188504,3,4.553119730185506,4.3771043771043905,중립,,,,,,,,,,,,,,NO_DATA,,0.0,,38.2,관찰,38.2
2026-09-27T19:57:26+09:00,FLUID,KRW-FLUID,,2017.0,3.32991803,284857388.0092822,1790506640095,False,False,,274944161.92958355,273941140.80621785,124217697.37550235,333588349.1137448,285572415.8616066,1.0036614475664873,1.1272096430426042,1.1234939932395496,3,4.664879356568363,3.774587985114297,중립,,,,,,,,,,,,,,NO_DATA,,0.0,,37.5,관찰,37.5
2026-09-27T19:57:26+09:00,TAO,KRW-TAO,TAOUSDT,447400.0,2.28623685,6957362591.652886,1790506625769,False,False,,6108682892.241184,5240401253.689657,4071613239.594975,7212508003.220612,8198491920.154779,1.165689915049957,1.1090213759943328,0.9000221157096239,3,10.678137651821862,1.2499999999999956,중립,65557892.69948,3.224,58668835.2636,56025376.05486,48442023.51155,55735237.52064,80815654.82073,1.0471832479295011,1.0986492419295355,0.8799429171865583,3,11.838440111420612,0.5635566687539173,중립,,0.0,,36.0,관찰,36.0
2026-09-27T19:57:26+09:00,ELSA,KRW-ELSA,,80.1,0.125,1382126115.2679632,1790506624060,False,True,거래량급등,2422830825.4513936,531986137.5683196,643727038.1422617,605405122.6466119,715698244.6031375,4.5543119535520695,4.080858909292125,3.7457791298903516,2,4.575163398692816,5.54089709762533,일회성 폭증형,,,,,,,,,,,,,,NO_DATA,,0.0,,34.1,관찰,34.1
2026-09-27T19:57:26+09:00,PROVE,KRW-PROVE,PROVEUSDT,324.0,-2.11480363,707574741.8352108,1790506646828,False,False,,1392396108.7870903,398791095.8248659,748567903.4606488,2003050654.7005785,5192513479.20477,3.4915426231045505,1.3259190978785993,0.19551626880185355,2,4.416403785488954,1.846153846153853,중립,855117.95157,-2.483,1128234.81915,1201165.02622,167470680.70228,36052813.4043,19011457.39728,0.93928377410429,0.016532959301470484,0.023049764066246498,1,4.87699611566681,1.207830070803828,중립,,0.0,,33.7,관찰,33.7
2026-09-27T19:57:26+09:00,TOKAMAK,KRW-TOKAMAK,,528.0,-0.9380862999999999,425039736.0451895,1790506633444,False,True,거래량급등,2982323009.404212,194135864.6856406,209145573.5551036,392672787.112917,272309390.31445974,15.362040467037936,11.240557237116604,9.803946618851151,2,5.753968253968256,8.113590263691695,일회성 폭증형,,,,,,,,,,,,,,NO_DATA,,0.0,,33.2,관찰,33.2
2026-09-27T19:57:26+09:00,JPYC,KRW-JPYC,,8.59,0.0,1142870193.9224486,1790506610060,False,False,,1250263158.2683022,1209124386.3152997,1668314310.229142,2957296186.876625,2889032984.270048,1.034023606188582,0.6428380294471434,0.46904273881369357,2,-0.578703703703709,-0.34802784222737193,중립,,,,,,,,,,,,,,NO_DATA,,0.0,,33.0,관찰,33.0
2026-09-27T19:57:26+09:00,USDC,KRW-USDC,USDCUSDT,1360.0,-0.07347539,1065401888.7302022,1790506647138,False,False,,1200605612.706693,972971952.0326549,1303531410.828122,2462911451.9630013,2065159335.885374,1.2339570634060768,0.7599707936208581,0.6680674353162015,2,-0.8017492711370311,0.6656804733727872,중립,1172411933.7073,0.002,875062768.7218,2970483318.24134,2984297405.54443,3509948476.96585,3138012925.17953,0.29458598987853485,0.2773653900163278,0.26483553770397034,1,0.0019997800241977615,0.0,감소형,,0.0,,32.9,관찰,32.9
2026-09-27T19:57:26+09:00,FLOCK,KRW-FLOCK,,97.4,-1.61616162,7516820512.851626,1790506650065,False,False,,11641525936.892641,11614627205.163279,28876594592.805668,17715554280.63883,32698126105.836792,1.0023159358672662,0.6000087990359158,0.5298220721319042,2,1.0204081632652962,-0.30211480362537513,중립,,,,,,,,,,,,,,NO_DATA,,0.0,,32.6,관찰,32.6
2026-09-27T19:57:26+09:00,INJ,KRW-INJ,INJUSDT,10630.0,0.47258978999999995,1270099782.879507,1790506536897,False,False,,1413060366.293055,1204157289.1378722,3299221219.841468,2699436780.3268714,2194718772.0830345,1.1734848753062392,0.5885450242175363,0.6960315209101311,2,-1.121495327102806,-2.846648301193755,중립,10948584.22879,0.089,13087085.27086,17714271.38839,23851049.90338,26842439.41671,18846376.17887,0.738787669214401,0.5739298495662214,0.6017849182752592,1,-0.34602076124568004,-0.9805169998726604,감소형,,0.0,,32.6,관찰,32.6
2026-09-27T19:57:26+09:00,ALT,KRW-ALT,ALTUSDT,11.0,-0.9009009,125819866.40371004,1790506629558,False,False,,184067916.77096668,151369530.6561429,203614084.65303737,690332237.8898102,409011569.3741785,1.216016961756344,0.5282649723746038,0.42281553387410425,2,9.90099009900991,8.823529411764719,중립,1015471.68097,-1.818,1399402.72688,732118.38666,697349.20714,1085963.3964,503833.64989,1.9114432206302323,1.668981656422307,1.8175890238338062,3,10.569105691056912,7.651715039577844,가속형,EARLY,5.0,Binance 연속가속 우위,32.6,관찰,32.6
2026-09-27T19:57:26+09:00,NCT,KRW-NCT,,14.6,0.0,405753351.3660029,1790506430428,False,False,,465134700.00733536,314112406.86464876,373800609.8509307,565667304.705099,380562341.2664815,1.4807906018426142,1.1131349752208932,0.8765742608043328,2,2.8169014084507005,2.0979020979020824,중립,,,,,,,,,,,,,,NO_DATA,,0.0,,32.5,관찰,32.5
2026-09-27T19:57:26+09:00,FCT2,KRW-FCT2,,13.0,0.0,234063027.65671,1790506587649,False,False,,205599583.94292477,138354121.38492206,203811181.51823166,225194179.05446297,311980741.5063869,1.4860387380215128,1.0871392326088787,0.6190279348587936,2,2.3622047244094446,1.5625,중립,,,,,,,,,,,,,,NO_DATA,,0.0,,32.5,관찰,32.5
2026-09-27T19:57:26+09:00,MEGA,KRW-MEGA,MEGAUSDT,61.2,0.32786885,791068593.5416884,1790506584148,False,False,,680991238.7441318,581382344.569024,730792229.8956327,1384555697.1908326,1225320090.0734363,1.1713311302030465,0.7575743624438342,0.5759226428918868,2,1.6666666666666607,-0.4893964110929794,중립,1261210.267679,-1.685,1387680.45736,1945548.435377,1934186.230112,3282502.051348,3149826.410422,0.7132592703049828,0.5812487825616701,0.435676232974324,1,2.7497708524289566,-0.9717314487632578,감소형,,0.0,,32.2,관찰,32.2
2026-09-27T19:57:26+09:00,HUNT,KRW-HUNT,,142.0,0.0,182839839.39521623,1790506251376,False,False,,451084632.30524045,223800197.50289848,375851535.13567114,714973402.3237224,183915934.99390942,2.015568517536265,1.0293838607874612,1.0955739239051236,2,2.158273381294973,3.649635036496357,중립,,,,,,,,,,,,,,NO_DATA,,0.0,,32.2,관찰,32.2
2026-09-27T19:57:26+09:00,IO,KRW-IO,IOUSDT,234.0,2.18340611,272892167.19938076,1790505898095,False,False,,294453668.74039084,263662915.3313798,189923379.67554346,519390994.63632125,233528435.09898123,1.1167807515528387,0.9078947840037139,0.8242328852128572,3,13.366336633663355,11.165048543689316,중립,1953380.7926,-0.291,2559451.696468,1929557.542863,1494302.5987,2205380.763772,1481661.372506,1.3264448660444654,1.3640125229188527,1.371969169709865,3,13.947190250507791,10.360655737704928,중립,,0.0,,32.1,관찰,32.1
2026-09-27T19:57:26+09:00,CP,KRW-CP,,18.0,-1.0989011,2393597825.1830416,1790506645174,False,False,,3243233227.9681396,2451448370.5874968,2763263527.8686366,4883607939.08363,3876319028.6522155,1.322986552309437,0.9634968826927995,0.9479581529574891,2,2.824858757062154,-1.0869565217391242,중립,,,,,,,,,,,,,,NO_DATA,,0.0,,32.0,관찰,32.0
2026-09-27T19:57:26+09:00,MNT,KRW-MNT,,938.0,-0.8456659599999999,561103741.2142819,1790506567279,False,False,,852527066.4546248,532304333.0492524,732090609.2035265,909645682.1683378,798286666.9893589,1.6015782955795388,1.1764183109710211,1.1884542266082876,2,5.58035714285714,7.622298065984068,중립,,,,,,,,,,,,,,NO_DATA,,0.0,,31.7,관찰,31.7
2026-09-27T19:57:26+09:00,BLEND,KRW-BLEND,,95.1,0.74152542,791933478.0348806,1790506567599,False,False,,496851075.13511527,444289202.3914961,515476211.5431836,933411207.7961878,570056370.3312528,1.118305537160687,0.7873291949076485,0.7947586838796113,2,0.10604453870626251,3.3953997809419656,중립,,,,,,,,,,,,,,NO_DATA,,0.0,,31.6,관찰,31.6
2026-09-27T19:57:26+09:00,CBK,KRW-CBK,,303.0,-2.57234727,2633389908.0758243,1790506638692,False,True,거래량급등,11160507175.796453,214565846.56875736,295594897.2345304,339719024.96521544,242530643.52162832,52.01436926831728,39.39559777485339,33.75360276534028,2,9.507042253521124,9.893992932862194,일회성 폭증형,,,,,,,,,,,,,,NO_DATA,,0.0,,31.5,관찰,31.5
2026-09-27T19:57:26+09:00,SPX,KRW-SPX,,618.0,-0.48309179,645198259.446253,1790506637306,False,False,,699051316.2309495,636904174.199095,902396799.4358153,1585496530.6417246,766054754.5393494,1.097576911173497,0.6711327520655846,0.7351391493668266,2,4.545454545454541,-9.738372093023251,중립,,,,,,,,,,,,,,NO_DATA,,0.0,,31.4,관찰,31.4
2026-09-27T19:57:26+09:00,TRUST,KRW-TRUST,,89.3,7.850241550000001,16460818398.69446,1790506649821,False,False,,1005002350.3405551,525975307.1376437,665071344.8213401,721275844.0710351,2044661936.336637,1.9107405551218275,1.5766206051964662,1.0823331322673175,2,0.4854368932038833,1.4705882352941124,고수준 유지형,,,,,,,,,,,,,,NO_DATA,,0.0,,31.3,관찰,31.3
2026-09-27T19:57:26+09:00,BTT,KRW-BTT,,0.000503,0.8016032100000001,995901929.5100782,1790506622347,False,False,,975497707.2225146,652159722.7495574,1509297891.038131,10991623469.202335,29257795231.74678,1.4957956972714268,0.22249487425818248,0.1131854036014479,2,-0.5976095617529764,5.720338983050843,중립,,,,,,,,,,,,,,NO_DATA,,0.0,,31.1,관찰,31.1
2026-09-27T19:57:26+09:00,TOSHI,KRW-TOSHI,,0.177,-0.56179775,384256925.61879975,1790506633110,False,False,,401168339.80022264,375750547.4203052,551199581.3500766,1038933313.9414418,2900016184.766952,1.067645390151583,0.6121955113170401,0.3511351881495062,2,3.488372093023262,2.8901734104046284,중립,,,,,,,,,,,,,,NO_DATA,,0.0,,31.1,관찰,31.1
2026-09-27T19:57:26+09:00,GEOD,KRW-GEOD,,361.0,0.55710306,3258348461.6072836,1790506642084,False,False,,1220507833.774974,637106243.2519096,1092495234.6777556,2025961421.1696436,1268338528.7326832,1.915705342244448,0.9749599726323476,0.7931750932256695,2,2.279202279202286,3.458213256484144,중립,,,,,,,,,,,,,,NO_DATA,,0.0,,31.0,관찰,31.0
2026-09-27T19:57:26+09:00,WCT,KRW-WCT,WCTUSDT,59.9,-0.3327787,592825492.354343,1790506626459,False,False,,672667242.9781916,437472528.51433104,451220702.5853356,818351594.4625832,1148587490.5609832,1.5376216770972762,1.1821609478063384,0.725463777826728,2,6.939501779359425,5.069930069930062,중립,1003312.991803,-0.609,714658.11011,549165.873911,660777.316205,896342.574492,859245.675972,1.3013520032124581,1.017893377221307,0.8739269580395728,2,7.467057101024888,3.966005665722383,중립,,0.0,,30.9,관찰,30.9
2026-09-27T19:57:26+09:00,VET,KRW-VET,VETUSDT,12.7,-0.78125,869704905.2376051,1790506615505,False,False,,1110578197.936596,863791921.013069,1208455392.947247,3071323794.0764594,1270281345.7985125,1.2857010709640488,0.6477473575905245,0.6294715998177042,2,5.785123966942152,1.5873015873016039,중립,2016968.5037565,-3.249,3105022.6978709,2077075.8693211,1874288.7073794,3797549.1906224,2225025.3924656,1.4949009536593327,1.202112757131749,1.1532273010781866,3,5.956576105490519,-0.03217503217504136,중립,,0.0,,30.6,관찰,30.6
2026-09-27T19:57:26+09:00,CRV,KRW-CRV,CRVUSDT,475.0,0.42283297999999997,709439104.9245389,1790506637965,False,False,,616903610.9507459,259539870.064275,847104212.1523826,759612922.4042169,619772540.3167683,2.376912690901671,0.991669865548987,0.9639417248657295,2,6.0538116591928315,-5.020080321285136,중립,3064277.96138,-0.907,3432043.37315,3971553.5212,5080269.04276,6223934.73163,4747912.92887,0.8641563949295621,0.6740176555713161,0.615490487803092,1,6.982466933251308,-5.463441152487092,중립,,0.0,,30.5,관찰,30.5
2026-09-27T19:57:26+09:00,TREE,KRW-TREE,TREEUSDT,67.3,0.29806259,1740725695.0035465,1790506539440,False,False,,1822910803.6530046,1736925099.6178071,2060314882.9458199,4143205677.2998075,7704238971.842984,1.0495045549483497,0.6887185738958975,0.5146687286085535,2,1.0542168674698704,9.283387622149842,중립,486770.72779,1.437,497174.69671,398941.86128,635977.87179,1071141.08412,1531938.86581,1.246233461474364,0.7082056120867668,0.5975776321853353,2,1.6528925619834656,8.370044052863435,중립,,0.0,,30.4,관찰,30.4
2026-09-27T19:57:26+09:00,VANA,KRW-VANA,VANAUSDT,1577.0,0.38192234,495523244.7267187,1790506621982,False,False,,520481662.09814745,410509430.81426674,515170172.2216138,784802475.1400633,742608913.0230439,1.267892094624343,0.9128683698104371,0.6444106946464642,2,4.873164218958603,2.746893394375416,중립,381758.69808,-0.514,409379.6077,296423.7553,328720.89863,831286.70857,512272.00323,1.3810620787989185,0.8432521124729625,0.7280238954598022,2,6.060606060606055,2.5754884547069423,중립,,0.0,,30.4,관찰,30.4
2026-09-27T19:57:26+09:00,TRUMP,KRW-TRUMP,TRUMPUSDT,2896.0,0.5555555600000001,23894478169.989697,1790506645171,False,False,,27361577859.25581,27165574975.272278,35829199609.617615,56764668225.943756,37606036148.99317,1.007215120024588,0.685413455934532,0.7224361483036335,2,6.548279689234193,-2.669820885434271,중립,17341561.391987,-0.93,17592642.604479,21577041.133215,26792867.109435,44376078.825917,37669454.503665,0.8153408289794404,0.5690588831020618,0.5269466606542448,1,7.524148449415358,-3.2921810699588328,중립,,0.0,,30.3,관찰,30.3
2026-09-27T19:57:26+09:00,ANIME,KRW-ANIME,ANIMEUSDT,4.76,0.42194093,1180116352.6942089,1790506561399,False,False,,493091298.7290356,390908613.1037221,667551791.5967109,1163195125.3474052,1428392841.229193,1.2613978873834657,0.6658430509050403,0.48216710163311194,2,4.175824175824183,3.947368421052655,중립,259177.458239,0.0,156442.574613,165124.054083,201649.051487,311153.314687,302076.553311,0.9474245014258418,0.6922989130016192,0.5949810427830554,1,5.757575757575761,3.5608308605341144,중립,,0.0,,30.3,관찰,30.3
2026-09-27T19:57:26+09:00,DOS,KRW-DOS,,314.0,-0.63291139,1791115537.7818742,1790506595071,False,False,,1730808432.9591353,1291286134.9064682,2347559901.2211156,3909547061.2758193,1928947704.913857,1.3403756039589965,0.6878848560051232,0.7603844859940595,2,4.290429042904287,6.040268456375841,중립,,,,,,,,,,,,,,NO_DATA,,0.0,,30.2,관찰,30.2
2026-09-27T19:57:26+09:00,POKT,KRW-POKT,,12.7,0.0,485646168.4712917,1790506270510,False,False,,530477166.2463315,389865355.95711,437220023.1756466,930469888.0438541,528357085.95992863,1.3606676206046135,0.9054802022217586,0.6988962862520132,2,4.958677685950419,4.958677685950419,중립,,,,,,,,,,,,,,NO_DATA,,0.0,,30.2,관찰,30.2
2026-09-27T19:57:26+09:00,SAHARA,KRW-SAHARA,SAHARAUSDT,13.4,0.0,4112399491.678921,1790506648766,False,False,,4091737000.1330953,3586700200.756401,5670755424.691838,6411877449.244839,5595862604.193922,1.1408082000469921,0.7833907762305784,0.798141358070574,2,4.6875,5.51181102362206,중립,1505498.82973,0.203,1653134.63841,1449471.35524,1594377.95334,2039412.28299,1776150.2971,1.1405086636819242,0.975634211596467,1.00341036617859,2,4.589114194236932,3.703703703703698,중립,,0.0,,30.1,관찰,30.1
2026-09-27T19:57:26+09:00,SLX,KRW-SLX,,97.4,2.20356768,6644365205.068818,1790506647151,False,False,,4607809296.074293,3562415701.9781637,4986684453.448385,19107787809.89808,3643639473.736753,1.2934507596953482,0.49981863127746967,0.6859272944496294,2,-5.643564356435649,5.888888888888877,중립,,,,,,,,,,,,,,NO_DATA,,0.0,,29.9,관찰,29.9
2026-09-27T19:57:26+09:00,PRL,KRW-PRL,,167.0,0.0,2086504370.704243,1790506636939,False,False,,1606130806.212406,1197459194.4558792,1726664075.631089,2575765115.471831,1699254758.4016843,1.3412822864016052,0.8760891277883015,0.9098156754387435,2,6.369426751592355,4.374999999999996,중립,,,,,,,,,,,,,,NO_DATA,,0.0,,29.8,관찰,29.8
2026-09-27T19:57:26+09:00,SYRUP,KRW-SYRUP,SYRUPUSDT,300.0,0.0,1071086904.889919,1790506649742,False,False,,1087305985.161243,922174180.9328914,1867891821.5083742,1902703161.5017471,1340658259.7620935,1.1790679110765179,0.6950944829220969,0.7633769432752814,2,9.090909090909083,-4.153354632587858,중립,2239679.7764,0.455,1897914.05905,2052788.08716,2216534.91004,2009543.79215,1436544.38437,0.9245543029605818,0.9068104752289906,1.027447343850909,1,9.990009990010007,-4.798962386511018,중립,,0.0,,29.8,관찰,29.8
2026-09-27T19:57:26+09:00,LPT,KRW-LPT,LPTUSDT,2405.0,1.51962854,1055696498.5411165,1790506331327,False,False,,479214082.84828466,329803739.3906603,584352637.4498216,2199737303.010241,552491485.3387672,1.453028045508739,0.46168636323311246,0.3274308838501635,2,5.242114615726345,1.0234541577825107,중립,1563031.00007,-0.338,1307100.89314,1436612.11208,2013358.4461,2733593.65007,1162118.98918,0.9098495565706409,0.6341492620369767,0.6383101765082733,1,6.349206349206349,0.3456221198156584,중립,,0.0,,29.7,관찰,29.7
2026-09-27T19:57:26+09:00,MOCA,KRW-MOCA,,14.5,2.11267606,449892963.1933077,1790506521141,False,False,,191501365.7372173,166581706.18616933,194407096.8372007,494665611.5166454,273319058.73617876,1.1495942148845453,0.6714207131397728,0.4782499875456006,2,3.649635036496357,1.4285714285714235,중립,,,,,,,,,,,,,,NO_DATA,,0.0,,29.7,관찰,29.7
2026-09-27T19:57:26+09:00,PENDLE,KRW-PENDLE,PENDLEUSDT,3569.0,2.02973128,912197889.2213066,1790506642773,False,False,,846850447.0221015,840140410.6259723,1281369647.4021833,2115688278.1443222,1811945550.5843487,1.0079868035286266,0.5995828232485386,0.5610820825125424,2,3.2772364924712027,2.701115678214916,중립,3917956.5433,2.456,4088013.7924,6596483.8093,9014925.6728,8586146.7858,10142198.5292,0.6197261921020024,0.506829749311059,0.46266817089979634,1,4.051863857374394,1.8643395477984992,감소형,,0.0,,29.6,관찰,29.6
2026-09-27T19:57:26+09:00,EUL,KRW-EUL,EULUSDT,2013.0,-2.75362319,1841552470.0454261,1790506555218,False,False,,2036415440.3273146,894530364.2578365,1943014679.1289468,12026810982.079859,1914192107.09643,2.2765190782728366,0.4109997305308861,0.5661207647356026,2,6.099436186570983,6.811145510835903,중립,830576.98686,-1.068,1280823.66631,558929.24953,887669.94263,3101157.90304,1022163.38048,2.291566718662579,0.8449156185112867,1.031910204589655,2,7.122708039492243,5.779944289693595,중립,,0.0,,29.4,관찰,29.4
2026-09-27T19:57:26+09:00,ZKC,KRW-ZKC,ZKCUSDT,61.5,1.31795717,2770439882.478372,1790506624053,False,False,,3455438784.1736565,1580692279.7088804,4305029227.44298,3322372054.9508696,3653768605.0322175,2.186028760012703,1.1257831257476658,1.1279116369169553,2,8.007117437722421,7.243816254416968,중립,787333.19331,1.119,825262.65865,417812.66952,982698.06784,1149829.64203,938285.38314,1.9751977832507925,0.9707676653506809,0.952332035331378,2,9.046454767726164,6.698564593301448,중립,,0.0,,29.2,관찰,29.2
2026-09-27T19:57:26+09:00,NEO,KRW-NEO,NEOUSDT,3640.0,0.22026431999999999,526773015.39020336,1790506632062,False,False,,960346995.8905385,797935834.793989,883157518.4904234,1495313727.8878937,1107958656.3734434,1.2035391243438525,0.9070125188766168,0.913702099422736,2,6.510263929618776,6.823529411764695,중립,507932.51278,-0.52,562238.30755,733648.08877,803931.75427,1224065.13992,1070656.52957,0.7663596704690152,0.6107645743958504,0.5861576343226684,1,7.580645161290334,6.125696101829758,중립,,0.0,,29.0,관찰,29.0
2026-09-27T19:57:26+09:00,API3,KRW-API3,API3USDT,384.0,0.5235602100000001,493917229.9818547,1790506579142,False,False,,709501841.3636439,652410981.0954163,918922735.4122962,9867817848.81384,691226718.2284254,1.0875075097178322,0.18607197500063016,0.2795924431913684,2,5.524861878453047,7.605633802816891,중립,544471.107393,-1.46,611330.942317,726719.287029,529007.402933,3241184.735142,565703.915821,0.8412201977138453,0.4078338783176245,0.5315480388006255,1,6.509326227636092,6.468797564687989,중립,,0.0,,29.0,관찰,29.0
2026-09-27T19:57:26+09:00,AGLD,KRW-AGLD,AGLDUSDT,299.0,-1.64473684,363300177.6991537,1790506283855,False,False,,391886313.2874657,363038766.0179357,472344061.63764673,539389090.5506123,902989025.4194108,1.0794613412389817,0.855166536567316,0.578139063172483,2,5.555555555555558,9.35251798561152,중립,158129.60479,-2.177,213964.41281,212252.08316,291713.70059,399293.44727,448218.19196,1.0080674338951445,0.7106412161491513,0.6094919826253847,2,7.0678127984718175,8.940719144800768,중립,,0.0,,29.0,관찰,29.0
2026-09-27T19:57:26+09:00,T,KRW-T,TUSDT,7.96,2.57731959,10224751273.263063,1790506640081,False,False,,5415883989.6512375,2105069605.701688,3262242952.0365148,9992842013.607557,2310030619.6691613,2.5727814296411102,1.0577791970442518,1.182150357958318,2,3.743315508021383,9.915014164305958,중립,1453924.242192,2.982,813472.954541,412870.107776,902794.912274,1636364.876929,859776.697381,1.9702878440944058,0.8266917845650668,0.7978744356979647,2,4.595588235294112,9.213051823416496,중립,,0.0,,28.8,관찰,28.8
2026-09-27T19:57:26+09:00,PIEVERSE,KRW-PIEVERSE,,2201.0,5.41187739,1825290479.6740904,1790506647468,False,False,,816502260.2305021,771434779.5047857,1021020419.8879246,1307374121.4384334,2352988673.048582,1.0584203382101167,0.790206984697703,0.185678128604057,2,-9.999999999999998,-16.41313050440353,중립,,,,,,,,,,,,,,NO_DATA,,0.0,,28.7,관찰,28.7
2026-09-27T19:57:26+09:00,KAITO,KRW-KAITO,KAITOUSDT,493.0,0.6122449,1732062479.7915504,1790506647466,False,False,,2665275256.7620263,1676299452.973401,2705624146.60792,4909042866.376387,2313855096.108805,1.5899756168472114,0.8606021558233956,0.964564970581987,2,9.131403118040083,3.813559322033888,중립,1503899.48408,-0.356,2064985.68967,1959004.14913,3456613.44715,4267302.25743,2856122.69261,1.0540997019261378,0.6397819214249107,0.6746418816563134,2,10.466543891958269,3.0936694356917815,중립,,0.0,,28.5,관찰,28.5
2026-09-27T19:57:26+09:00,MMT,KRW-MMT,MMTUSDT,243.0,3.8461538500000003,1677375151.695499,1790506630680,False,False,,591563442.2212769,533076983.26801175,820621231.7090731,1300878533.890594,870445235.0457644,1.1097148456771022,0.6685398444105384,0.6297863122193915,2,1.7391304347825987,4.0000000000000036,중립,976600.23279,2.179,460386.72111,379828.81436,512169.90532,1246728.72979,655691.58185,1.2120900355749407,0.6457859619617575,0.6194662930401055,2,2.9358897543439344,3.0593881223755393,중립,,0.0,,28.4,관찰,28.4
2026-09-27T19:57:26+09:00,POWR,KRW-POWR,POWRUSDT,96.0,-1.7400204700000002,841531952.8878331,1790506644122,False,False,,1639108515.52632,889592822.0878876,1285140919.4390612,10935424031.639046,683905376.3859506,1.8425379283966206,0.3750775262707969,0.5521170516510342,2,4.603854389721618,13.736903376018628,중립,153770.2111,-2.219,210354.5347,199611.0425,300476.8309,1125712.2561,96384.7162,1.0538221336126732,0.388155710317281,0.5380620185754993,2,5.433186490455233,13.070866141732296,중립,,0.0,,28.4,관찰,28.4
2026-09-27T19:57:26+09:00,BREV,KRW-BREV,BREVUSDT,124.0,-0.8,292443609.6223565,1790506603357,False,False,,291500795.6545754,238577412.48295832,424146050.858519,899154086.7775248,3915134182.15773,1.2218289762673884,0.5599045756801463,0.24161201778082775,2,7.758620689655182,8.695652173913038,중립,200430.91192,-0.972,163942.35967,258923.4015,198807.07642,387067.17133,839998.85869,0.6331693416672498,0.5821832949542858,0.41767522672651614,1,7.900943396226423,7.14285714285714,감소형,,0.0,,28.4,관찰,28.4
2026-09-27T19:57:26+09:00,RE,KRW-RE,REUSDT,675.0,1.04790419,3128004807.638639,1790506623373,False,False,,2867501867.24106,2027687767.8427677,2551831665.5209427,4504310120.534931,2092317119.2125452,1.414173282848059,0.9470131017629139,1.0908552041110955,2,8.972267536704726,5.1968503937007915,중립,1811280.59302,2.902,2337986.11263,1443077.61719,1512523.62555,3410339.7021,1792186.18253,1.6201388510082986,1.1017944399209765,1.2429263028439617,2,9.896999552171959,4.737516005121645,중립,,0.0,,28.3,관찰,28.3
2026-09-27T19:57:26+09:00,SAFE,KRW-SAFE,,156.0,-1.26582278,262617080.25892234,1790506629579,False,False,,293923422.0594258,228781778.53233784,642112008.6655991,394477936.05983543,501917251.8879182,1.2847326563547992,0.696846823720787,0.48405090613871204,2,8.965517241379306,7.48299319727892,중립,,,,,,,,,,,,,,NO_DATA,,0.0,,28.2,관찰,28.2
2026-09-27T19:57:26+09:00,W,KRW-W,WUSDT,20.0,12.35955056,12422359628.484924,1790506648440,False,False,,1131367014.048889,836731873.5387086,521776961.02423143,1022270842.024354,708079457.8573585,1.3521261109178364,1.4256258466604135,1.1638106388960374,3,14.83870967741936,9.876543209876543,고수준 유지형,10654674.970235,14.864,1820695.899841,1336199.940635,705149.893797,1213148.43817,866543.100795,1.3625924118629686,1.6783194342137455,1.569069293178006,3,16.413916146297968,9.756097560975618,가속형,,0.0,,28.0,관찰,28.0
2026-09-27T19:57:26+09:00,0G,KRW-0G,0GUSDT,356.0,-0.55865922,3720149240.113652,1790506589040,False,False,,4988616669.185425,2769289982.2243867,4918818100.313952,13441554283.758232,5135368829.580481,1.80140638979902,0.7082862824835267,0.8318658719955307,2,6.231454005934722,12.933753943217674,중립,2090154.648741,-1.317,2584348.675674,1551855.682323,2225640.132211,4773223.872767,2129528.963167,1.6653279716097331,0.9067126874169836,0.958497213452571,2,6.959706959706957,12.16389244558258,중립,,0.0,,28.0,관찰,28.0
2026-09-27T19:57:26+09:00,LAYER,KRW-LAYER,LAYERUSDT,114.0,2.7027026999999997,1035866257.166962,1790506635895,False,False,,1026309590.0710856,670782290.8856579,672995809.8412343,1444919044.3070695,765271334.4093354,1.5300189107795499,1.1040742719933327,0.9664563820343975,2,7.7669902912621325,5.714285714285716,중립,470912.922368,1.572,423824.055424,334884.443716,311872.887143,464393.371591,389111.41304,1.2655829895264576,1.1442841762764526,0.9886285481882996,3,9.919571045576415,6.493506493506507,중립,,0.0,,27.7,관찰,27.7
2026-09-27T19:57:26+09:00,XCN,KRW-XCN,,7.2,2.56410256,4749786905.175961,1790506609066,False,False,,1035243575.9021567,616167530.56629,3041938854.4936404,3471930526.9087267,523575838.31889087,1.6801332828276654,0.43558410230571365,0.6022607580476607,2,-2.904564315352709,16.417910447761173,중립,,,,,,,,,,,,,,NO_DATA,,0.0,,27.3,관찰,27.3
2026-09-27T19:57:26+09:00,MTL,KRW-MTL,MTLUSDT,466.0,-1.0615711300000001,549391137.0212954,1790506365045,False,False,,1062766943.3135656,954927968.0164298,1520091374.1976013,1013703917.0019915,3192336101.885564,1.1129289107754778,0.9138875723427728,0.6890254365440881,2,9.027777777777768,11.61137440758293,중립,293927.99139,-3.39,363763.66787,301303.61562,522791.25206,314972.66998,527729.1758,1.2072993784740167,0.9580564519043815,0.9320133479519574,2,10.317460317460302,10.66878980891719,중립,,0.0,,27.3,관찰,27.3
2026-09-27T19:57:26+09:00,ATH,KRW-ATH,,8.6,-0.9216589900000001,1154656326.17677,1790506609736,False,False,,1837788426.3344338,1420991113.4247174,2186292856.8161902,12795420198.684797,1174205146.0481954,1.293314510535676,0.3361253865352373,0.4689559224800827,2,7.558859975216836,14.361001317523048,중립,,,,,,,,,,,,,,NO_DATA,,0.0,,27.2,관찰,27.2
2026-09-27T19:57:26+09:00,BARD,KRW-BARD,BARDUSDT,205.0,1.4851485100000001,605555235.4412204,1790506442145,False,False,,634597802.23686,593484930.9725345,829416272.3279619,1272499316.985045,1061732422.0339231,1.0692736565306797,0.7063118792115165,0.6753122212294751,2,7.446808510638303,9.782608695652172,중립,434961.24812,2.1,447061.10581,798908.81838,591125.71265,851408.64291,564644.8785,0.5595896496881024,0.5983570464882557,0.697302176489727,1,8.797653958944295,9.037472446730344,감소형,,0.0,,27.1,관찰,27.1
2026-09-27T19:57:26+09:00,SKY,KRW-SKY,SKYUSDT,105.0,-0.94339623,430258598.7641471,1790505546825,False,False,,569418022.7821141,468139735.9796117,542916176.2963797,1103636241.5894055,267425575.24606377,1.2163420000880107,0.807802717394995,1.0281767303917295,2,10.301768990634752,11.227701993704088,중립,1696189.26787,-3.072,2948962.05844,2793431.14192,3487512.6418,7869211.11034,3254812.39906,1.0556773761794247,0.6252147938701204,0.7376470794295348,2,11.705016435615256,10.70821529745043,중립,,0.0,,27.1,관찰,27.1
2026-09-27T19:57:26+09:00,BLUR,KRW-BLUR,BLURUSDT,29.1,1.0416666700000001,809865486.3760536,1790506551662,False,False,,969628729.7145889,1022404853.1101134,433045591.72313356,1049827901.1822863,1036313231.7456821,0.9483804060250871,1.1611029943120463,0.8742920725907767,1,8.270676691729317,5.882352941176472,중립,243958.460597,0.0,419150.937922,268239.559108,186274.266864,338481.653337,279790.156146,1.5625992650593319,1.5856998514817746,1.323784166877144,3,9.349173553719027,5.323383084577116,가속형,EARLY,5.0,Binance 연속가속 우위,26.3,관찰,26.3
2026-09-27T19:57:26+09:00,BABY,KRW-BABY,BABYUSDT,19.3,1.57894737,531482623.7076196,1790506638711,False,False,,896033971.0459964,215373224.33652237,356897057.9758629,605455744.7041986,889770508.8106133,4.160377752649216,2.282450970322436,1.4339757704417786,2,12.426035502958598,13.772455089820369,일회성 폭증형,16766289.56664,1.571,51266665.08328,62481594.10353,12561297.49116,61748014.22513,33804045.43625,0.8205082763786848,1.124343715162061,1.4936017105122161,1,13.344182262001624,12.06757843925985,중립,YES,7.0,Binance D2 선행→Upbit D1 확산,25.8,관찰,25.8
2026-09-27T19:57:26+09:00,COW,KRW-COW,COWUSDT,222.0,5.71428571,17927787388.789608,1790506614488,False,False,,336694762.9016514,307617798.7079198,396618244.6530735,416311128.8220103,232502692.1942505,1.09452302277652,0.9014205861027251,1.0257589878678437,2,8.247422680412363,-2.3255813953488413,중립,4453276.25794,5.856,425902.24064,409844.50155,612222.78088,515618.36643,576404.04522,1.0391800769054382,0.8309284299214591,0.7328186051975173,2,9.432624113475185,-3.0169704588309254,중립,,0.0,,25.7,관찰,25.7
2026-09-27T19:57:26+09:00,IOST,KRW-IOST,IOSTUSDT,1.37,0.0,2931945073.908594,1790506627478,False,False,,1967976181.589408,1804204618.5581985,2517950308.568976,5258975556.2138605,3636022403.644857,1.0907721670516979,0.6162037512205414,0.5509967744890569,2,12.295081967213118,14.166666666666682,중립,1310501.455782,3.719,1138678.630271,994238.752473,871373.421503,2227265.337177,1530872.772679,1.1452768537121798,0.8346293974115713,0.7856602979416962,3,14.592760180995468,13.948256467941512,중립,,0.0,,25.6,관찰,25.6
2026-09-27T19:57:26+09:00,VTHO,KRW-VTHO,VTHOUSDT,1.07,-1.83486239,2892789355.6075416,1790506638354,False,False,,4298064701.475723,4149435438.5427394,12691708850.139778,8107500175.069359,5827670285.000215,1.0358191530231837,0.5168294463116531,0.6358122865690056,2,11.794871794871797,15.957446808510657,중립,37932275.393511,-1.739,20951947.94085,123415999.189048,10561752.233996,2696095.300426,2248886.534551,0.169766870410018,0.4598966468670866,0.7433816797878147,1,12.270803949224263,14.367816091954033,감소형,,0.0,,25.4,관찰,25.4
2026-09-27T19:57:26+09:00,IMX,KRW-IMX,IMXUSDT,228.0,0.88495575,526813762.58689797,1790506584807,False,False,,734383159.4712043,695058425.5296264,1420214291.307391,595886747.0028359,631511117.748116,1.0565775947707028,0.812622609550698,0.774535431305402,2,12.99999999999999,10.784313725490202,중립,638438.027601,-0.298,922221.479567,1083131.136842,836509.928384,995978.850852,674129.343599,0.8514402810502228,0.9489112155683961,0.9908103827244226,1,13.82393397524071,9.313077939233816,중립,,0.0,,25.4,관찰,25.4
2026-09-27T19:57:26+09:00,IN,KRW-IN,,56.2,5.63909774,23736301676.3277,1790506649733,False,False,,2474954558.2258844,911806275.5038447,1465270296.4348595,3770871642.2945056,15308473023.805813,2.7143425360373588,1.207697823070181,0.5452939676479234,2,7.692307692307709,11.297071129707126,중립,,,,,,,,,,,,,,NO_DATA,,0.0,,25.0,관찰,25.0
2026-09-27T19:57:26+09:00,ZAMA,KRW-ZAMA,ZAMAUSDT,118.0,-4.83870968,3701946359.691816,1790506590145,False,False,,2571693775.362149,2705082600.4775496,2750667903.114675,4429447156.746226,10603773283.39481,0.950689555619539,0.7804680888720131,0.28608083288183145,1,-1.5873015873015928,-3.875968992248058,중립,8804031.42516,-3.879,8136590.46947,11666643.15932,17720900.90555,29938185.05938,28668230.89694,0.6974234454895463,0.4114533739195505,0.32416043089537105,1,-1.1076121185796595,-4.5987848313429724,감소형,,0.0,,25.0,관찰,25.0
2026-09-27T19:57:26+09:00,SKR,KRW-SKR,,26.0,-3.3457249100000004,892793842.5844285,1790506629200,False,False,,797704642.9124533,843480404.2992849,868533605.7360632,2969525965.1889606,11542752996.679033,0.9457299053380386,0.5111809236708904,0.18697538232513145,1,-4.6099290780141855,-6.597222222222232,중립,,,,,,,,,,,,,,NO_DATA,,0.0,,25.0,관찰,25.0
2026-09-27T19:57:26+09:00,PEPE,KRW-PEPE,PEPEUSDT,0.00598,0.50420168,4454178772.307857,1790506601593,False,False,,3898243059.6748586,4655450252.4479,4828118137.286753,8877552221.897602,31341110292.91143,0.8373503846647504,0.636928944936817,0.2513084872517552,1,0.0,-7.751937984496116,중립,23530448.40405171,-0.676,23566775.67035119,42050527.63656829,50701723.87102505,85551330.02034888,123825241.03097545,0.5604394759093789,0.39651658371188697,0.26930233105448975,1,0.691244239631339,-8.385744234800852,감소형,,0.0,,24.6,관찰,24.6
2026-09-27T19:57:26+09:00,LA,KRW-LA,LAUSDT,100.0,-1.9607843100000002,2660830130.040064,1790506626798,False,False,,2722968081.139513,3471991488.9506016,4287843837.590035,7956574494.688955,4630406642.115474,0.7842669228323833,0.5197691035254154,0.5019191063636202,1,3.238866396761142,-0.9708737864077666,중립,1241111.47811,-0.676,1226975.31185,1088093.06814,1002037.29086,2375708.42475,871991.22914,1.1276382028123815,0.8242406664888825,0.9642410222765003,3,3.899721448467952,-1.7127799736495364,중립,,0.0,,23.9,관찰,23.9
2026-09-27T19:57:26+09:00,ONG,KRW-ONG,ONGUSDT,130.0,-2.2556391,2256456563.988437,1790506643458,False,False,,5347414116.075403,6209993635.70062,2762881478.364678,3721267476.097185,3682986318.3517327,0.8610981636653644,1.2637515479508152,1.257764195813711,1,9.016393442622949,6.400000000000006,중립,493618.54109,-1.212,944929.66237,1551278.22566,754212.99859,942023.54525,1560541.39826,0.6091297142831837,0.8729102677942417,0.727284736920224,1,10.138040280606475,5.403356794802372,감소형,,0.0,,23.8,관찰,23.8
2026-09-27T19:57:26+09:00,ARDR,KRW-ARDR,,42.6,-2.5171624699999997,1249472844.6802123,1790506605012,False,False,,1498862910.8178852,1771026807.208894,1046520920.4602914,777376998.9750688,591853689.1637864,0.8463242367178314,1.2508158235210325,1.5405165911389527,1,10.075566750629728,11.764705882352944,중립,,,,,,,,,,,,,,NO_DATA,,0.0,,23.6,관찰,23.6
2026-09-27T19:57:26+09:00,HYPER,KRW-HYPER,HYPERUSDT,103.0,0.0,425449658.24877244,1790506591264,False,False,,391849242.9942492,473711409.81540173,449491196.5298366,728547877.8815129,579877605.5458204,0.8271897929309894,0.711698128869063,0.6654308202604755,1,3.5175879396984966,0.9803921568627416,중립,427009.75205,-0.913,457223.40317,514442.03721,509024.91747,808074.36201,680614.7457,0.8887753529040575,0.7489157885823243,0.7134314385259615,1,4.132231404958686,0.13245033112583293,중립,,0.0,,23.6,관찰,23.6
2026-09-27T19:57:26+09:00,HBAR,KRW-HBAR,HBARUSDT,129.0,0.78125,8071400866.738659,1790506644470,False,False,,8031553194.968876,10266904064.419823,7837796522.098043,14375027606.343346,17750182229.6132,0.7822760536744856,0.7418368602666583,0.5580467929108797,1,2.400000000000002,0.7874015748031482,중립,9228919.9929,0.212,8082551.50232,17135320.24943,14905687.12617,24203118.76372,32928567.84822,0.4716895502778165,0.4311144322323923,0.34981574453772346,1,3.314917127071837,0.14995715509853458,감소형,,0.0,,23.4,관찰,23.4
2026-09-27T19:57:26+09:00,ORBS,KRW-ORBS,,10.1,-0.98039216,117617192.67568044,1790506558812,False,False,,177096651.04039443,204319278.92087072,310613852.3240799,460617911.8109733,1162541242.1165261,0.8667642719558581,0.5446049767492553,0.3339381251554274,1,0.990099009900991,5.8091286307053736,중립,,,,,,,,,,,,,,NO_DATA,,0.0,,23.4,관찰,23.4
2026-09-27T19:57:26+09:00,ELF,KRW-ELF,,105.0,1.94174757,1155213883.5600035,1790506380148,False,False,,207462018.09065077,248771073.66511115,371333818.55757296,510951601.3169092,316554082.8908878,0.8339475126032156,0.5502696442016097,0.5792225905851035,1,0.0,0.9803921568627416,중립,,,,,,,,,,,,,,NO_DATA,,0.0,,23.2,관찰,23.2
2026-09-27T19:57:26+09:00,XEC,KRW-XEC,XECUSDT,0.0122,0.8264462800000001,785326904.2997931,1790506624750,False,False,,726006029.491558,917789131.0954138,1804505048.3327699,9529571487.652,13884876390.773117,0.7910379464017449,0.17777032067261722,0.1289059657401784,1,0.0,5.217391304347818,중립,620547.63255073,-2.303,601111.05504357,398455.12504319,886503.58374443,1496958.10026248,2556422.33350247,1.5086041495348148,0.648234037503971,0.4967603733088195,2,1.258581235697953,4.7337278106508895,중립,,0.0,,23.2,관찰,23.2
2026-09-27T19:57:26+09:00,DRV,KRW-DRV,,571.0,1.2411347499999998,19696297818.609806,1790506648444,False,False,,7341146050.198865,7846768030.728816,20079111650.90578,61977989364.305725,29424290827.87502,0.9355630268984786,0.2449665224011967,0.27719578730197075,1,-16.196136701337295,4.0590405904058935,중립,,,,,,,,,,,,,,NO_DATA,,0.0,,23.1,관찰,23.1
2026-09-27T19:57:26+09:00,ZORA,KRW-ZORA,,12.0,-0.8264462800000001,1183638052.909047,1790506641101,False,False,,1317407655.3298965,1466478020.6642866,1878670248.1246493,3255992507.7118173,2744705594.16971,0.8983480398384258,0.5987181761157278,0.5983733174529751,1,1.680672268907557,6.140350877192979,중립,,,,,,,,,,,,,,NO_DATA,,0.0,,23.1,관찰,23.1
2026-09-27T19:57:26+09:00,1INCH,KRW-1INCH,1INCHUSDT,141.0,0.7142857100000001,267286571.65730724,1790506199084,False,False,,306865123.6683576,325141851.0759618,418180490.8950451,513773228.5490787,348475685.6499942,0.9437884500345842,0.7323193181121497,0.7436230134492562,1,3.703703703703698,0.0,중립,400053.81199,0.29,415697.09215,690369.47943,488621.53171,769396.48919,633990.81722,0.602137122998569,0.64006327090416,0.5801967309071269,1,4.480651731160901,-0.6776379477250738,감소형,,0.0,,23.1,관찰,23.1
2026-09-27T19:57:26+09:00,BSB,KRW-BSB,,148.0,-1.3333333299999999,362822533.86345655,1790506647479,False,False,,373641532.7804729,394155605.7648663,336563707.6749792,589957087.1526254,376302059.26880765,0.9479543797313614,0.8487503811217939,0.8184347956103245,1,2.7397260273972712,4.895104895104896,중립,,,,,,,,,,,,,,NO_DATA,,0.0,,23.0,관찰,23.0
2026-09-27T19:57:26+09:00,HOME,KRW-HOME,HOMEUSDT,8.69,-0.34403670000000003,1101096230.1460474,1790506447349,False,False,,2251639081.4195375,2917834491.75198,4086170245.3798304,1935064489.7062762,3078174757.432788,0.7716815630853575,0.7556622588823995,0.6008273656827607,1,6.082725060827254,-6.135629709364898,중립,609224.50935,-2.595,860520.30048,1467973.66799,1626470.62157,1831697.71185,2417582.42171,0.586196005585205,0.5240532856545923,0.42459404187687805,1,7.214765100671139,-6.986899563318783,감소형,,0.0,,22.9,관찰,22.9
2026-09-27T19:57:26+09:00,META,KRW-META,,12.2,-0.8130081299999999,160794418.46197063,1790506465232,False,False,,132784484.93596867,155690118.2106462,71827156.00219592,220086717.60263973,228579311.0627792,0.8528767686868437,0.8899685036145105,0.7295650581589369,1,3.3613445378151363,4.237288135593209,중립,,,,,,,,,,,,,,NO_DATA,,0.0,,22.9,관찰,22.9
2026-09-27T19:57:26+09:00,CHZ,KRW-CHZ,CHZUSDT,22.7,-0.43859649,2301982098.700888,1790506586221,False,False,,2164912543.588663,2757985181.9071245,2736395827.3068814,3951817709.7122498,4335430932.745071,0.784961629885061,0.6875503918579687,0.6352409433094615,1,4.109589041095907,5.069124423963145,중립,1891381.27294,-0.239,2165420.0321,2105177.91638,2088439.12614,3143906.64532,3163725.74878,1.0286161636274385,0.8853477511855707,0.8084686192677552,3,5.303030303030298,4.054897067997509,중립,,0.0,,22.4,관찰,22.4
2026-09-27T19:57:26+09:00,KAT,KRW-KAT,KATUSDT,6.98,0.28735632,605426774.7617098,1790506621283,False,False,,590267839.1414254,702462335.4967556,1499218082.5611184,2091643418.4949753,1673274775.0686462,0.8402839687113041,0.41245514776869735,0.4342568418878169,1,3.7257824143070106,4.8192771084337505,중립,415987.54486,-0.385,510257.38691,656576.01203,769216.82778,1149008.20212,1218653.93049,0.7771489935070695,0.5945205613178466,0.56385620767149,1,5.102040816326525,4.887983706720966,중립,,0.0,,22.4,관찰,22.4
2026-09-27T19:57:26+09:00,MBL,KRW-MBL,MBLUSDT,1.15,0.0,335905510.61293894,1790506553296,False,False,,319658586.47516066,320329527.38805723,222326450.02686757,609725695.8088008,246468092.2191028,0.9979054665413851,0.8321685268933504,0.9478347598547805,1,4.545454545454519,4.545454545454519,중립,179112.744828,-0.117,171838.523289,242830.114059,179429.759492,487160.9855,419044.387749,0.7076491478616557,0.5668613873723453,0.4997151282741004,1,5.230386052303859,3.5539215686274606,감소형,,0.0,,22.4,관찰,22.4
2026-09-27T19:57:26+09:00,ARB,KRW-ARB,ARBUSDT,311.0,2.64026403,14347873007.813217,1790506648760,False,False,,9514963647.431482,11271835402.889294,11907827161.115238,21374001390.475693,13298757309.570389,0.844136141749597,0.6406856004358769,0.5523646691387788,1,2.020202020202011,-0.6557377049180357,중립,30408389.9175,2.549,22155430.97217,34270904.16426,30392679.07667,57518353.49166,35688759.7088,0.6464793244432451,0.5439944290781669,0.5237227358030866,1,2.824074074074079,-1.6386182462356125,감소형,,0.0,,22.2,관찰,22.2
2026-09-27T19:57:26+09:00,ZETA,KRW-ZETA,,72.9,-2.27882038,3095763341.9561343,1790506641093,False,False,,3068877780.0882287,3497202941.3979015,4238094682.1487226,12969103337.744614,65739964302.55201,0.8775235042154966,0.444670355712166,0.06740712172040281,1,8.11594202898549,-2.4836601307189565,중립,,,,,,,,,,,,,,NO_DATA,,0.0,,22.2,관찰,22.2
2026-09-27T19:57:26+09:00,MINA,KRW-MINA,MINAUSDT,194.0,-1.02040816,1175533061.211261,1790506618505,False,False,,1109735214.3021643,1473691638.4910636,2347674969.4345565,3772633172.863013,6766742124.402386,0.7530308141250227,0.4383994915734322,0.28313750864412174,1,-2.487562189054726,12.643678160919535,중립,1345892.23771,0.209,1391407.84778,2948998.69498,3009125.85164,6166012.91159,8662819.3013,0.4718238262188978,0.3442903511881067,0.2642812581782696,1,-1.0224948875255602,12.99610894941634,감소형,,0.0,,22.2,관찰,22.2
2026-09-27T19:57:26+09:00,IQ,KRW-IQ,IQUSDT,1.31,0.0,726080980.8216974,1790506637966,False,False,,640841967.8301753,727106329.7285781,678098441.7231289,1811662970.1155417,615969115.1320715,0.8813593578113885,0.5976390880633087,0.7038628187348888,1,3.9682539682539764,6.50406504065042,중립,147409.781985,-0.52,113470.413058,625510.006986,163683.027893,311192.54973,106093.187858,0.18140463268486073,0.30935632376078276,0.4211698820888221,1,4.787812840043526,5.016357688113415,감소형,,0.0,,22.2,관찰,22.2
2026-09-27T19:57:26+09:00,MASK,KRW-MASK,MASKUSDT,663.0,1.84331797,614954894.4920931,1790506626804,False,False,,581026626.8983643,619798598.2168812,530394547.8678803,1013632685.6284941,714049576.2263523,0.9374442416777624,0.8055546131062554,0.2641546480872794,1,3.8277511961722466,-1.0638297872340385,중립,302604.3811,1.449,360586.2425,564922.6117,479760.1577,781487.8333,510594.476,0.638293166235463,0.5923645501141107,0.3771271144946455,1,4.814004376367609,-1.4403292181069949,감소형,,0.0,,22.2,관찰,22.2
2026-09-27T19:57:26+09:00,HOLO,KRW-HOLO,HOLOUSDT,93.2,0.0,1159002036.9111154,1790506491726,False,False,,711058587.2146423,825060671.44109,732718547.5869237,2367824615.3920426,1068109492.6874787,0.861825816970131,0.5434006720036405,0.5712805061483051,1,4.719101123595504,5.549263873159682,중립,594671.65931,0.734,450589.92182,547524.64925,743002.48209,2534038.52106,776361.55837,0.8229582402129633,0.35344399555848505,0.40196115170832386,1,6.346749226006176,4.7256097560975485,중립,,0.0,,22.1,관찰,22.1
2026-09-27T19:57:26+09:00,AUCTION,KRW-AUCTION,AUCTIONUSDT,5300.0,-0.46948357,463044422.1249921,1790506640089,False,False,,512985859.35526645,626187696.5127835,5813449819.581058,779707443.8509535,803985070.5651492,0.8192205982520353,0.21317135925827368,0.2864439576209432,1,4.71976401179941,6.627953544253096,중립,369052.4529,-0.434,381556.56009,374011.50177,1235923.616,678146.61102,702998.48775,1.0201733323288007,0.5002748222963751,0.5526854012835202,2,5.558553696708035,5.729729729729716,중립,,0.0,,21.9,관찰,21.9
2026-09-27T19:57:26+09:00,GAME2,KRW-GAME2,,1.45,2.11267606,363313400.03999686,1790506312504,False,False,,121854175.78458758,137201729.71968195,148620032.5038228,313459664.05012065,108230689.9990315,0.8881387722556334,0.6100014305913943,0.6669269833776468,1,3.649635036496335,0.7092198581560183,중립,,,,,,,,,,,,,,NO_DATA,,0.0,,21.9,관찰,21.9
2026-09-27T19:57:26+09:00,NXPC,KRW-NXPC,NXPCUSDT,338.0,-1.45772595,429075613.85947543,1790506584113,False,False,,621506456.0041522,686056408.8823014,840251522.1155685,1898021095.1757982,11161113796.0197,0.9059115955445824,0.5444918854938023,0.2018973184970031,1,4.255319148936176,7.8616352201257955,중립,277782.10623,-2.858,306837.95293,264367.4467,375679.60783,512491.95133,3178573.89759,1.1606495306443494,0.7986834754483059,0.3149703095279162,2,4.508196721311486,8.510638297872353,중립,,0.0,,21.8,관찰,21.8
2026-09-27T19:57:26+09:00,MOVE,KRW-MOVE,MOVEUSDT,13.3,0.75757576,1775628365.7079835,1790506615143,False,False,,1606827041.1127176,1743283169.4483628,1784735854.5757542,2767534829.512264,1767934312.9040487,0.9217246338821565,0.7656961143506634,0.8039022629341158,1,5.600000000000005,3.124999999999978,중립,1186934.5784535,-0.01,679238.6481968,517529.7727365,402751.1714395,1191114.5643139,244648.76213,1.3124629421902534,0.9651038549607428,1.2919684034136998,3,6.9346289752650225,3.021276595744671,중립,,0.0,,21.7,관찰,21.7
2026-09-27T19:57:26+09:00,WAVES,KRW-WAVES,,411.0,-0.48426149999999996,1569431524.2978556,1790506617154,False,False,,2025617903.8091538,2362317773.48922,11326988386.6373,5880565288.264212,1133023063.365268,0.8574705429309158,0.3105208803978716,0.4576493857964605,1,5.35714285714286,6.994818652849744,중립,,,,,,,,,,,,,,NO_DATA,,0.0,,21.6,관찰,21.6
2026-09-27T19:57:26+09:00,KERNEL,KRW-KERNEL,KERNELUSDT,74.1,-0.13477089,893739234.3033457,1790506608704,False,False,,1270990714.9728947,1592835717.4658628,11526621996.95025,18185337659.53942,92273439355.03189,0.7979421236202497,0.12180153549545128,0.03925098949399067,1,-3.7613488975356546,15.396578538102656,중립,341217.8777,-0.546,399044.15988,767642.33837,1742754.25646,2264628.29558,10199423.58718,0.5198308377926683,0.2507070658509615,0.1010476039194667,1,-3.2028469750889688,14.046121593291394,감소형,,0.0,,21.6,관찰,21.6
2026-09-27T19:57:26+09:00,ERA,KRW-ERA,ERAUSDT,97.0,1.8907562999999998,1384750546.4537177,1790506545886,False,False,,725638871.1664078,742092960.1718245,676731388.6100804,1492755003.0251193,792835488.5428588,0.9778274557386896,0.7476755226156402,0.6416340429699477,1,4.271631982475355,2.9189189189189113,중립,831640.42338,0.85,425282.69015,504428.99915,386374.36391,731751.98087,594952.67761,0.8430972265009201,0.7863202171950335,0.6825322347195344,1,5.128205128205132,2.1994134897360684,중립,,0.0,,21.4,관찰,21.4
2026-09-27T19:57:26+09:00,ZBT,KRW-ZBT,ZBTUSDT,123.0,-0.80645161,1499865559.489133,1790506640753,False,False,,1524275724.480649,1607927902.5807061,1656790508.8743086,2931961391.667702,3073702431.618949,0.9479751685596125,0.7379479525693008,0.7100959371601645,1,5.084745762711873,8.771929824561408,중립,492678.87236,-1.094,499475.38229,673894.20054,666362.16756,1541447.88195,2216729.6727,0.7411777425740776,0.5199791570713758,0.4446966119337454,1,6.2937062937062915,8.700834326579265,감소형,,0.0,,21.3,관찰,21.3
2026-09-27T19:57:26+09:00,ALGO,KRW-ALGO,ALGOUSDT,160.0,-0.62111801,3621566598.1218266,1790506590118,False,False,,4804599451.429185,5397254106.955454,3808832316.582384,3629799137.10771,4539579616.088626,0.8901933013006533,1.1229297960149973,1.0974858663158973,1,11.805555555555557,5.228758169934644,중립,3552819.4083,0.683,3382384.093,5331410.7496,4241551.6487,4416722.3891,4506080.3258,0.6344257180435348,0.7253310159024577,0.6485061769563895,1,13.32694151486098,5.066666666666664,감소형,,0.0,,21.2,관찰,21.2
2026-09-27T19:57:26+09:00,OPG,KRW-OPG,OPGUSDT,184.0,-1.07526882,3691009848.1736183,1790506567616,False,True,거래량급등,5097549420.003546,184430144.7257397,350458456.370961,1177705088.7889283,3036057761.1828437,27.639458980981402,8.929525053331194,1.0605169432229606,2,8.771929824561408,5.084745762711873,일회성 폭증형,1520471.60419,-3.431,2055370.71337,539048.84836,654244.29941,2577499.13906,2761613.26933,3.812958175540587,1.635229859158771,0.7056051477644433,2,10.024057738572555,5.457340507302066,고수준 유지형,,0.0,,21.1,관찰,21.1
2026-09-27T19:57:26+09:00,ZKP,KRW-ZKP,ZKPUSDT,71.2,1.2802276,1046816761.652935,1790506602655,False,False,,554386175.5434818,562272310.009124,1482892648.0525103,1157961395.1327899,1442231102.5746515,0.9859745281329713,0.5192297596914357,0.4598970692570592,1,5.714285714285716,4.148148148148145,중립,386653.11364,0.963,331786.96839,326629.25086,441485.97847,417582.73057,429868.44201,1.015790739856948,0.8394725628556765,0.8197398253940041,2,7.039337474120089,3.607214428857719,중립,,0.0,,21.1,관찰,21.1
2026-09-27T19:57:26+09:00,BERA,KRW-BERA,BERAUSDT,325.0,0.30864198,1532944289.1257396,1790506636965,False,False,,1679268793.045924,1778540360.0679815,1736413044.9187348,2968571353.1576314,2999838056.5819864,0.9441836860996153,0.7770166023981753,0.4550415936456724,1,8.000000000000007,4.180064308681675,중립,851759.5854513,-2.486,1076542.7388063,878642.6444354,835973.725652,1625723.7675311,1425841.7938964,1.2252338827670572,0.9668560934999477,0.6575850205387849,3,8.497030607583355,3.5761011774967155,중립,,0.0,,21.0,관찰,21.0
2026-09-27T19:57:26+09:00,GLM,KRW-GLM,GLMUSDT,178.0,1.71428571,598086564.0428749,1790506602315,False,False,,437786224.91856146,510658644.7384,525595074.9860031,669380080.1540663,577744860.6398064,0.8572971973143242,0.7700121062617687,0.7645364980752964,1,4.79041916167664,4.166666666666674,중립,124586.65392,0.23,85849.98299,105343.31453,155335.40274,204053.13501,127156.30963,0.8149542604865673,0.5541904384355103,0.5410675314625689,1,6.363636363636371,3.6231884057970953,중립,,0.0,,21.0,관찰,21.0
2026-09-27T19:57:26+09:00,ZRX,KRW-ZRX,ZRXUSDT,172.0,-1.14942529,216380308.77691984,1790506562078,False,False,,220507742.40611386,281156652.29055727,356970795.0249217,477787100.75450057,389216230.3164692,0.7842878360147543,0.5928081396218674,0.5821917381757564,1,7.407407407407418,7.407407407407418,중립,116981.5872,-0.547,147548.105,268044.7154,232768.9433,264175.5541,285828.5206,0.5504607870362812,0.5786281787946279,0.5580174178641982,1,9.129692832764524,7.298657718120816,감소형,,0.0,,20.8,관찰,20.8
2026-09-27T19:57:26+09:00,IOTA,KRW-IOTA,IOTAUSDT,69.3,-0.43103448,1369243749.5916615,1790506646820,False,False,,1526513158.1693034,1559266960.454715,1194717089.766715,1725997795.4161372,1212267762.6566405,0.9789941022826136,1.0222227750693427,0.9119957721524448,1,9.262166405023532,5.454545454545445,중립,1234414.5841,0.197,1256384.4243,993385.2837,833936.3691,1143934.2513,737933.6601,1.2647503893156375,1.2685387575331333,1.3300670954265787,3,10.799136069114468,5.555555555555558,중립,,0.0,,20.7,관찰,20.7
2026-09-27T19:57:26+09:00,ME,KRW-ME,MEUSDT,108.0,-0.9174311900000001,973892013.8234088,1790506612449,False,False,,1000264784.6709626,1055329044.3443562,889174117.4091609,1506210799.7621992,1554505697.6257641,0.9478226625444547,0.8696155020321643,0.7037789346674475,1,7.920792079207928,7.920792079207928,중립,326412.2116948,-0.201,383397.3535293,841582.6503155,325404.7888718,633997.6836679,675264.2145812,0.4555670835010306,0.6386460643075373,0.6081584360111216,1,8.911704312114988,7.021791767554486,감소형,,0.0,,20.5,관찰,20.5
2026-09-27T19:57:26+09:00,ICP,KRW-ICP,ICPUSDT,4374.0,0.69060773,936490859.1357223,1790506589802,False,False,,1044431910.9403377,1207825298.2587032,1556207005.9598398,2458192512.2722893,802934184.8936639,0.8647210092768164,0.5999925018407168,0.6879032444529058,1,8.005967180507213,6.10649731314119,중립,13217055.66596,-0.186,12833701.23801,11860567.83825,16246236.6791,16980964.87637,10252047.55139,1.082047791727279,0.8539145810879831,0.9512670782889325,2,9.33333333333335,5.509732761464847,중립,,0.0,,20.3,관찰,20.3
2026-09-27T19:57:26+09:00,PUNDIX,KRW-PUNDIX,PUNDIXUSDT,168.0,-1.75438596,566715492.5148768,1790506639388,False,False,,562540462.0794573,588240691.707069,632654301.2978371,758526014.0917277,545512805.5836389,0.9563100105281226,0.8525833464371146,0.8057161649272906,1,9.615384615384626,6.211180124223592,중립,217890.00271,-1.201,256525.27618,219586.51083,307890.22815,396153.63803,360304.17693,1.1682196470556305,0.8332075770735157,0.7461657756614758,2,10.350877192982445,5.008347245409017,중립,,0.0,,20.3,관찰,20.3
2026-09-27T19:57:26+09:00,THETA,KRW-THETA,THETAUSDT,321.0,1.58227848,309372574.87346524,1790506502433,False,False,,311815069.75217295,344530206.5192967,324425685.50521815,767327915.9683614,423235969.0430854,0.9050442134010929,0.6512955197648225,0.6705492801398459,1,7.849829351535842,3.60655737704918,중립,699782.29542,1.41,713257.57624,920902.18724,1113380.07981,1179074.65749,1475716.26513,0.7745204497533842,0.6658994873488303,0.6132106838022731,1,8.212785814279044,2.929427430093212,중립,,0.0,,20.2,관찰,20.2
2026-09-27T19:57:26+09:00,MON,KRW-MON,,36.1,-0.8241758199999999,1215523535.4108095,1790506649096,False,False,,1560777392.6524596,1586101106.285417,1487307911.1657581,2656321186.9634585,1583907792.1081078,0.9840339852657536,0.8171994161871257,0.8502835334680992,1,10.63829787234043,5.2023121387283044,중립,,,,,,,,,,,,,,NO_DATA,,0.0,,20.1,관찰,20.1
2026-09-27T19:57:26+09:00,ETHFI,KRW-ETHFI,ETHFIUSDT,1000.0,0.70493454,1378102885.3015428,1790506604365,False,False,,1357545779.3831737,1397917986.9397137,961610344.5209469,1792246293.6845233,1591828665.8912306,0.9711197595755086,0.9809389251246037,0.8744092569628444,1,11.073825503355694,2.5826446280991844,중립,5958784.01098,0.988,6232584.83986,5753531.01373,3994945.9606,7276437.77192,7144458.48291,1.0832625782301,1.098258334814773,1.0265029636236118,3,12.553979025293028,1.927374301675977,중립,,0.0,,20.0,관찰,20.0
2026-09-27T19:57:26+09:00,MOC,KRW-MOC,,31.2,1.9607843100000002,684218554.622258,1790506607054,False,False,,514560835.8465426,667347466.1016918,233955230.8774019,478193239.3238939,505952345.51210123,0.771053854227316,1.1190192496519098,0.9254868992358766,1,7.7464788732394485,7.7464788732394485,중립,,,,,,,,,,,,,,NO_DATA,,0.0,,20.0,관찰,20.0
2026-09-27T19:57:26+09:00,ASTR,KRW-ASTR,ASTRUSDT,10.3,0.0,235783481.07021362,1790506624742,False,False,,253700353.68204862,322340237.87975264,300161724.2520527,730088853.947684,687783652.5811684,0.787057661031727,0.5626986757548834,0.45573174225321655,1,8.53530031612224,9.341825902335454,중립,318280.3403888,-0.171,421552.236138,381421.9157769,322074.4432977,562632.4182095,509118.6303007,1.1052124136059682,0.99883734664553,0.8336482046733867,3,8.964316797214966,7.83807062876829,중립,,0.0,,20.0,관찰,20.0
2026-09-27T19:57:26+09:00,CYBER,KRW-CYBER,CYBERUSDT,494.0,-0.40322581,162405152.70149168,1790506411587,False,False,,197573201.34109342,203995751.48431224,297731945.10968703,609465993.0511297,608204635.0261744,0.9685162553803837,0.5334080003753183,0.4086996377501812,1,7.826086956521738,10.46770601336302,중립,437966.53723,-0.822,505566.2667,736506.54664,918498.72857,1230898.98267,1576047.92066,0.6864382523229868,0.5255540948590494,0.4758064283728187,1,7.738095238095233,8.383233532934131,감소형,,0.0,,20.0,관찰,20.0
2026-09-27T19:57:26+09:00,STRAX,KRW-STRAX,STRAXUSDT,16.4,1.2345679,536283381.26230246,1790506640105,False,False,,776249906.7352434,807317559.5505037,653944520.1811264,951535617.9607787,1023281088.444296,0.9615174320839026,0.9651657585851223,0.8577230498399948,1,6.578947368421062,7.999999999999985,중립,193305.72322,0.672,306685.61418,267258.44312,400394.33918,295922.34447,386446.59039,1.1475245107309744,0.9548366463382283,0.8848830894507482,2,8.983666061705975,8.003597122302164,중립,,0.0,,19.9,관찰,19.9
2026-09-27T19:57:26+09:00,SONIC,KRW-SONIC,,38.5,3.7735849100000003,7496363472.512907,1790506631015,False,False,,781674966.1993244,817953896.4383346,1977507359.3659985,1212863885.2899134,5819485689.929285,0.9556467297277002,0.5850385924425774,0.3149525732360922,1,5.099150141643083,2.203856749311317,중립,,,,,,,,,,,,,,NO_DATA,,0.0,,19.7,관찰,19.7
2026-09-27T19:57:26+09:00,APT,KRW-APT,APTUSDT,1158.0,-0.34423408,5617533570.848629,1790506647142,False,False,,6027131145.979233,7135695478.891968,6664399163.751749,8721493581.50685,6525581022.114303,0.8446452295796578,0.802847173031451,0.7907778906951757,1,12.0540019286403,8.496732026143782,중립,10371513.338664,-0.537,9326794.654447,13222754.047003,11241370.277064,18747176.794094,17916258.46249,0.7053594600105992,0.6475246807965545,0.5519370553196907,1,12.909211398277009,7.157232704402516,감소형,,0.0,,18.9,관찰,18.9
2026-09-27T19:57:26+09:00,BAT,KRW-BAT,BATUSDT,132.0,1.53846154,146046399.053739,1790506372769,False,False,,247003997.79325888,290559670.5074061,294733966.6536725,890796621.5739106,817437359.8681678,0.8500973220471867,0.5020099475589146,0.46451454390284136,1,8.333333333333325,14.035087719298245,중립,480363.3494,2.851,392407.3565,319895.5469,561810.1474,1437734.119,764855.0318,1.2266733948086728,0.5075458577323887,0.548676189026988,2,8.924485125858128,12.796208530805696,중립,,0.0,,17.8,관찰,17.8
2026-09-27T19:57:26+09:00,CVC,KRW-CVC,CVCUSDT,41.8,-2.10772834,1967141630.2821572,1790506647144,False,False,,5467877829.353356,6612005577.792231,31106248063.232674,2120017815.5451925,2311886520.6408625,0.8269620714958771,0.4117556532527416,0.625221249499974,1,12.368421052631584,14.784946236559149,중립,553339.46232,-2.419,1048380.37939,1366992.46151,5646621.99966,755812.10383,2157609.57779,0.7669247701863283,0.40480994470535936,0.48931654470126673,1,13.4900542495479,14.233709501274095,중립,,0.0,,17.4,관찰,17.4
2026-09-27T19:57:26+09:00,VIRTUAL,KRW-VIRTUAL,VIRTUALUSDT,1097.0,1.8570102099999999,8742482857.037197,1790506647144,False,False,,8324627812.860142,10386867643.913097,8054190802.801289,9972809115.196741,8833453929.78185,0.8014570030396538,0.8789329148580248,0.888317075912244,1,12.187499999999996,8.897876643073822,중립,7457133.4976,2.012,7069531.24163,10257922.45009,6870656.4331,9525582.8067,6986531.61242,0.6891776844704041,0.7956953953999042,0.8693318326888717,1,13.183509876896649,8.092959671907018,감소형,,0.0,,17.3,관찰,17.3
2026-09-27T19:57:26+09:00,ARKM,KRW-ARKM,ARKMUSDT,194.0,3.1914893600000003,468537375.0532648,1790506647141,False,False,,452927091.0845152,475561840.4064704,250199123.4451362,651016781.0671427,695163288.5306311,0.9524041935269472,0.9869285571098001,0.5159072402853152,1,11.904761904761907,9.302325581395344,중립,1226439.84202,0.211,1637970.36515,1580898.00127,1056159.66352,1659459.9336,2084688.38766,1.0361012309675586,1.1436962570085483,0.8262565505218928,3,13.13628899835797,7.909162098668743,중립,,0.0,,16.2,관찰,16.2
2026-09-27T19:57:26+09:00,RENDER,KRW-RENDER,RENDERUSDT,2798.0,3.36165497,2115956031.3148205,1790506607042,False,False,,1927558030.264963,2111280360.4229527,2203188623.2684107,1977255095.0815663,1468587109.2706764,0.9129806094908283,0.919092130931889,0.92006624226822,1,13.787305590584275,6.869324911172514,중립,8715339.73751,2.743,8232516.04732,10297191.31111,7348053.68967,7979838.94389,8488804.81319,0.7994914145605561,0.9638035994452644,0.8475700113771761,1,14.763552479815445,6.246663107314476,중립,,0.0,,16.0,관찰,16.0
2026-09-27T19:57:26+09:00,ZK,KRW-ZK,ZKUSDT,18.0,2.85714286,420033101.48971283,1790506598158,False,False,,442941868.8835585,570491533.0336736,769030034.2945448,1286521602.2910051,692882973.4425244,0.7764214598035297,0.5060181881333486,0.4486184925746604,1,13.636363636363624,9.375,중립,1959611.892718,0.918,2158381.224657,3089775.049175,1930251.303285,2813717.888538,2564185.833385,0.6985561053168932,0.8265707271987837,0.8143469030752719,1,14.821428571428562,8.523206751054847,감소형,,0.0,,15.9,관찰,15.9
2026-09-27T19:57:26+09:00,TAIKO,KRW-TAIKO,,138.0,10.4,14761009716.03376,1790506635210,False,False,,329731957.3937258,362138934.0388908,578621501.5962641,715931618.0725278,808403218.9420803,0.910512310058093,0.5970909741296541,0.5503180198546159,1,3.305785123966931,0.8064516129032251,중립,,,,,,,,,,,,,,NO_DATA,,0.0,,15.3,관찰,15.3
2026-09-27T19:57:26+09:00,KAVA,KRW-KAVA,KAVAUSDT,92.6,-0.96256684,572888477.3923038,1790506447347,False,False,,550013606.4540145,779215901.1626651,361282503.93662614,361954391.82756424,255150405.54327995,0.7058552137261846,1.0982313871937057,1.194013128336748,1,-1.8887722980062915,-2.298850574712652,감소형,321813.060155,-0.249,512856.563704,920190.918395,679596.629644,552807.01349,847788.327032,0.5573371280370013,0.7147512674282448,0.6501321180531046,1,-1.1088709677419484,-3.1042754338930556,감소형,,0.0,,14.8,관찰,14.8
2026-09-27T19:57:26+09:00,QTUM,KRW-QTUM,QTUMUSDT,1395.0,-0.49928673,744465746.5324954,1790506648442,False,False,,1804277968.0302393,2498255308.2854114,900537802.3521221,1354635756.187242,711386724.0861069,0.7222152043653782,1.1387219743347954,1.472369961883654,1,6.615969581749059,3.9288361749443945,감소형,403270.6983,-2.841,703306.8482,978108.6181,238104.7797,447011.585,365174.8643,0.7190477981537376,1.268571940909641,1.5555590232999776,1,7.949790794979084,3.5105315947843607,감소형,,0.0,,13.3,관찰,13.3
2026-09-27T19:57:26+09:00,AXS,KRW-AXS,AXSUSDT,1600.0,0.50251256,4000408282.983997,1790506643782,False,False,,15160232801.627638,28879221532.56968,1975789494.4618082,3769543785.5264745,3043974442.6814833,0.524952959155429,1.3135388642856296,1.850308613105197,1,12.270803949224263,8.594815825375179,감소형,2727871.78934,-1.506,5486527.02845,9670079.85353,1443065.25115,3361026.9165,2665687.28674,0.5673714293524865,1.1371690941122408,1.4110574839094083,1,13.26234269119071,7.93357933579335,감소형,,0.0,,13.2,관찰,13.2
2026-09-27T19:57:26+09:00,G,KRW-G,GUSDT,7.55,-2.45478036,4061824409.9290915,1790506629913,False,False,,3901990047.0562687,11576162194.883804,7022479748.427598,11382234353.84004,19505719492.900383,0.337071127837237,0.39044789835849525,0.14267374896120258,1,-1.526717557251911,-12.244897959183676,감소형,1607778.04674,-3.141,1610028.53919,2535529.78983,3059278.32221,3823180.29423,4091238.70329,0.6349870333402581,0.5128574605543561,0.2813378243010845,1,-0.7005253940455369,-12.36476043276662,감소형,,0.0,,13.0,관찰,13.0
2026-09-27T19:57:26+09:00,TRX,KRW-TRX,TRXUSDT,454.0,0.0,2336732267.639598,1790506601944,False,False,,2250078551.362814,4598805638.133217,3754011560.0374436,4032496318.0960135,4762966591.877639,0.4892745483099354,0.5450193606502403,0.5270541077102096,1,-3.404255319148941,-2.5751072961373356,감소형,19698777.51979,-0.92,13548453.23128,26937054.14437,35810580.52973,39796512.82649,57269061.78293,0.5029671455039825,0.3963693753815267,0.3514409267077961,1,-2.3085914669783825,-3.017116333043235,감소형,,0.0,,13.0,관찰,13.0
2026-09-27T19:57:26+09:00,USDT,KRW-USDT,,1359.0,-0.07352941,40916031976.21225,1790506642095,False,False,,43538457052.93687,75080233054.15648,92011396310.42532,168976915408.14075,108971107454.0189,0.5798924068540375,0.3886569367780123,0.3709960411402106,1,-0.9468317552804084,0.591715976331364,감소형,,,,,,,,,,,,,,NO_DATA,,0.0,,12.9,관찰,12.9
2026-09-27T19:57:26+09:00,O,KRW-O,,728.0,-1.8867924500000002,284618703.47532207,1790506551019,False,False,,313539216.55735785,561088405.3306783,672369495.7150644,677265532.4885241,920973857.6317621,0.558805374658514,0.49228351584729985,0.4571824785461398,1,-1.3297872340425565,0.4059539918809252,감소형,,,,,,,,,,,,,,NO_DATA,,0.0,,12.9,관찰,12.9
2026-09-27T19:57:26+09:00,XAUT,KRW-XAUT,XAUTUSDT,5820000.0,0.08598452,283331515.79748,1790506024067,False,False,,334279266.59118,1166787719.07099,682561611.69144,879604994.20958,1123424778.74585,0.2864953591192553,0.3674806099159706,0.29896092417370884,1,-1.2565800645270797,-1.6573651276847623,감소형,3679556.454329,-0.016,4543273.962046,29956065.870609,28922590.27496,25183829.199899,27666046.602608,0.15166457376846582,0.1621391733794701,0.1658909779460763,1,-0.19839188341738145,-2.0081442805771177,감소형,,0.0,,12.9,관찰,12.9
2026-09-27T19:57:26+09:00,RLUSD,KRW-RLUSD,RLUSDUSDT,1360.0,0.0,121981488.75940531,1790503636098,False,False,,96392639.07835563,144155148.05026597,35507652.58288748,145268687.1338327,89311436.38431917,0.668672887386194,0.8899658177863059,0.7795322482780584,1,-1.0909090909090868,0.4431314623338345,감소형,22768159.7433,0.0,24591846.6888,91449891.5517,83672532.6146,89383767.4527,89365705.4058,0.26891061620228734,0.2789180079862469,0.2687289416751593,1,0.0,0.019998000199983323,감소형,,0.0,,12.9,관찰,12.9
2026-09-27T19:57:26+09:00,ETH,KRW-ETH,ETHUSDT,3681000.0,0.29972751999999997,40717451040.02057,1790506649084,False,False,,33503538009.07183,83710519127.93227,73617700334.64021,123274417001.84668,121569284329.97495,0.4002309191019277,0.3581955440392321,0.2686188595043241,1,-0.43407487791644606,-2.289669861554844,감소형,315712880.096007,0.839,232408625.067851,632500185.266342,713406122.987247,898195135.1752,831787685.162451,0.3674443588818636,0.31069267267091694,0.2506455029779611,1,0.4328214220530313,-2.8766042669990166,감소형,,0.0,,12.8,관찰,12.8
2026-09-27T19:57:26+09:00,XTZ,KRW-XTZ,XTZUSDT,442.0,-1.7777777799999999,532206924.6994929,1790506637983,False,False,,437934536.6863368,620324737.3013345,255899620.7051851,640220524.2867305,552687721.9646053,0.7059762578412245,0.8663708291673651,0.759441130099681,1,0.6711409395973256,-2.1739130434782594,감소형,586389.66074,-1.185,905842.30577,1765922.49347,869689.13619,1353309.95319,1309299.53639,0.5129570007288593,0.6812685736901312,0.6379057103564143,1,1.2623152709359653,-3.2647058823529362,감소형,,0.0,,12.8,관찰,12.8
2026-09-27T19:57:26+09:00,BTC,KRW-BTC,BTCUSDT,115291000.0,0.37960907,64691527731.26724,1790506650717,False,False,,62950265085.00601,128171834220.45271,103868241728.45888,157018825615.72302,153194249446.10184,0.49113961322214483,0.48540412388853704,0.37022281981348354,1,-0.9084791386271829,-1.936425808765141,감소형,833250244.854093,0.794,677578219.0470139,1520256978.6934962,1572042147.6733966,1887736866.156798,1834036114.8607607,0.4456997919057884,0.40817669996616424,0.35599685880102294,1,0.042062807473208785,-2.5247056107134513,감소형,,0.0,,12.7,관찰,12.7
2026-09-27T19:57:26+09:00,RAY,KRW-RAY,RAYUSDT,3084.0,9.78996084,4739441214.636106,1790506617836,False,False,,1455817016.1238296,1707500215.5006154,8675593003.523516,10542000417.475857,1412862241.163368,0.8526013659664483,0.2087183514798362,0.28867217181866406,1,3.386087596613918,15.264669675830934,중립,9848549.24373,12.805,6064212.77023,8179939.04153,17220642.34483,19261376.73571,7477110.99125,0.7413518290835247,0.40734081253145926,0.4908454974162354,1,4.262958280657392,14.474487813003156,감소형,,0.0,,12.6,관찰,12.6
2026-09-27T19:57:26+09:00,LIT,KRW-LIT,,6500.0,-1.44048522,1985789903.9748511,1790506590128,False,False,,2210687164.039057,4115182468.93631,4212133790.0804925,4763621412.950914,1300346390.1253138,0.5372027074683943,0.506614702346245,0.6731749107772095,1,-9.595613433858807,2.8059236165237644,감소형,,,,,,,,,,,,,,NO_DATA,,0.0,,12.4,관찰,12.4
2026-09-27T19:57:26+09:00,XRP,KRW-XRP,XRPUSDT,2089.0,0.43269231,156355522484.37314,1790506650744,False,False,,161531810895.23608,393270807788.19995,277058018201.3417,534622788019.7696,437399315440.244,0.41073938796451603,0.4021700349222185,0.38030209571451007,1,0.9218825812712383,0.09624639076035724,감소형,180120231.2927,-0.844,181135648.39195,538764479.31241,296261421.47513,499673407.45481,477823347.13132,0.3362056248086764,0.4071381035564155,0.392208256649379,1,1.7588274483677724,-0.5793139360801836,감소형,,0.0,,12.3,관찰,12.3
2026-09-27T19:57:26+09:00,MVL,KRW-MVL,,1.58,0.63694268,171961021.2547007,1790506526298,False,False,,103655202.53699721,177544188.166818,64364446.52457794,203273432.17325035,115253018.87509552,0.5838276296580559,0.6985133291668238,0.7889127347025736,1,0.6410256410256387,1.2903225806451646,감소형,,,,,,,,,,,,,,NO_DATA,,0.0,,12.0,관찰,12.0
2026-09-27T19:57:26+09:00,BIRB,KRW-BIRB,,95.6,1.59404888,845933301.0608798,1790506564041,False,False,,688635563.5130193,1149334179.1552646,3021273209.924191,3137085347.9467816,875986155.1660306,0.5991604321896625,0.2827030042015354,0.3680675564326091,1,-2.1829521829521914,0.21299254526090383,감소형,,,,,,,,,,,,,,NO_DATA,,0.0,,11.7,관찰,11.7
2026-09-27T19:57:26+09:00,DOOD,KRW-DOOD,,2.53,-1.9379845,423897409.3351866,1790506436594,False,False,,394752858.1263822,609833974.1386179,507619830.13701385,1307836654.2663972,1260745100.8728518,0.6473120141985614,0.488295564850021,0.39120438186678164,1,3.6144578313253017,0.0,감소형,,,,,,,,,,,,,,NO_DATA,,0.0,,11.7,관찰,11.7
2026-09-27T19:57:26+09:00,META2,KRW-META2,,8990.0,4.29234339,36169251730.737595,1790506621237,False,False,,23733103758.412453,3502073588.454111,47771446057.41733,1312374597.4304364,1226593040.516359,6.776871804366836,1.3539621660861338,2.118976586413758,2,14.021164021164022,16.172506738544467,일회성 폭증형,,,,,,,,,,,,,,NO_DATA,,0.0,,11.5,관찰,11.5
2026-09-27T19:57:26+09:00,KNC,KRW-KNC,KNCUSDT,200.0,0.50251256,216277717.72997007,1790506262306,False,False,,146886638.6811493,228116197.21627834,114895018.94992566,327602306.9582442,188937038.7368544,0.6439114822779778,0.6570996570280512,0.6407155349088063,1,3.1088082901554515,-1.4851485148514865,감소형,128781.27943,-0.337,112069.98673,385954.07387,225229.87089,312880.22219,147189.42321,0.29037130145113654,0.36383832661719473,0.4270307265694362,1,3.766879886282881,-2.2103148024112507,감소형,,0.0,,11.5,관찰,11.5
2026-09-27T19:57:26+09:00,SHIB,KRW-SHIB,SHIBUSDT,0.00809,0.24783147,5783277751.751368,1790506629198,False,False,,7257317016.724076,10127354094.763533,10556722104.474813,14052369404.44906,19713467015.58345,0.716605437986666,0.6267754420982282,0.49101364504731976,1,4.1290322580645356,-1.465201465201449,감소형,4893219.48074068,0.168,4734969.35211526,6370535.16849092,5294558.73740545,11794271.88294115,15471210.75281483,0.7432608449498443,0.6055111712825924,0.44399823824609325,1,5.141843971631199,-1.983471074380161,감소형,,0.0,,11.4,관찰,11.4
2026-09-27T19:57:26+09:00,FF,KRW-FF,FFUSDT,181.0,1.11731844,801315900.5925727,1790506584461,False,False,,889832595.3579551,1198618355.500902,2408375112.317738,2702913518.870683,1451625347.1749961,0.7423819193775775,0.4230645224573263,0.29157181144390865,1,0.0,3.4682080924855585,감소형,544963.481975,1.157,578409.318016,1538592.615785,2515856.141719,4115501.310267,1312611.59399,0.3759340270334599,0.21239150051763053,0.17749349383229773,1,0.5658790242410339,3.137008862050017,감소형,,0.0,,11.3,관찰,11.3
2026-09-27T19:57:26+09:00,DOGE,KRW-DOGE,DOGEUSDT,133.0,1.52671756,19609687540.673817,1790506636244,False,False,,19016903217.669945,29534661002.031883,32631455221.62486,65440324309.2849,70169349734.34349,0.6438842557346992,0.4470833087635744,0.33728779659212466,1,2.34375,-2.238805970149249,감소형,55341545.62856,-0.377,50746561.78344,104142521.4922,98207104.29953,192205481.17435,225481255.8087,0.48727994152936643,0.3858515139265656,0.2879501412853385,1,4.324849007765308,-3.134388143400768,감소형,,0.0,,11.0,관찰,11.0
2026-09-27T19:57:26+09:00,AKT,KRW-AKT,,958.0,0.5246589700000001,1277114774.5101752,1790506629212,False,False,,1255817342.83686,2063637006.7302861,1652359300.9812148,3581302871.8221903,2330021457.7207212,0.6085456593098367,0.5162803299989306,0.3129719055307097,1,1.5991471215351716,4.725274725274731,감소형,,,,,,,,,,,,,,NO_DATA,,0.0,,11.0,관찰,11.0
2026-09-27T19:57:26+09:00,CARV,KRW-CARV,,59.5,0.6768189499999999,622766339.9790977,1790506595388,False,False,,490234582.44185376,661764432.6106302,1030663475.7849114,8542750304.020968,34220929918.672844,0.7407992304873517,0.14369107374617274,0.05377994215992147,1,-0.16891891891892552,6.871609403254975,감소형,,,,,,,,,,,,,,NO_DATA,,0.0,,10.9,관찰,10.9
2026-09-27T19:57:26+09:00,SNT,KRW-SNT,,12.2,0.0,332944106.82806903,1790506558159,False,False,,381811145.2782115,523397839.59426653,395290027.1079964,1773502668.758186,664953354.6816213,0.7294855201813369,0.42546521902794276,0.46334707045671497,1,2.5210084033613356,6.0869565217391175,감소형,,,,,,,,,,,,,,NO_DATA,,0.0,,10.8,관찰,10.8
2026-09-27T19:57:26+09:00,WIF,KRW-WIF,WIFUSDT,336.0,0.5988024,113531581.35029298,1790506474916,False,False,,228640162.0043103,460423420.99201286,1066283524.2519665,550184537.2006671,5058460945.265097,0.4965867320817214,0.3302630357969183,0.10569976505417902,1,4.374999999999996,1.21212121212122,감소형,2349372.398303,-0.642,2552676.392501,4011763.215181,4963595.593394,7257684.60687,15616977.866023,0.6362978709315051,0.4717556025394926,0.29570917221592447,1,4.922945205479445,-0.04078303425774088,감소형,,0.0,,10.7,관찰,10.7
2026-09-27T19:57:26+09:00,MIRA,KRW-MIRA,MIRAUSDT,75.0,-0.66225166,1450665647.0808957,1790506647803,False,False,,1415426338.547616,2323943089.0602827,2474564894.384905,3027705072.0470366,4145855952.375667,0.6090623927972189,0.5425713541829691,0.18731978816889117,1,5.006954102920713,3.0013642564802323,감소형,561561.747201,-1.021,542084.995988,788155.845972,1427686.406082,892418.103759,1124509.611278,0.6877890949593465,0.5232042370333018,0.3327037033445057,1,6.012597824012222,2.548005908419504,감소형,,0.0,,10.6,관찰,10.6
2026-09-27T19:57:26+09:00,ENS,KRW-ENS,ENSUSDT,9635.0,0.26014568,3200518368.01205,1790506633453,False,False,,2963833783.013102,5395225413.297055,9044053917.629648,22570380049.842197,7233284941.907596,0.5493438282872198,0.24024812705138116,0.28377526095419575,1,3.6677454153182243,4.912663755458513,감소형,867426.6415,-0.56,952863.6632,1868628.2179,2609304.2228,4358131.4592,2581278.574,0.5099268297847104,0.3235140693847122,0.33303920447670005,1,4.592592592592593,4.129793510324475,감소형,,0.0,,10.4,관찰,10.4
2026-09-27T19:57:26+09:00,XLM,KRW-XLM,XLMUSDT,296.0,0.68027211,18066852928.819965,1790506648441,False,False,,21617357056.9015,60852984549.24012,34825542466.10956,44818941564.48005,40816393341.98725,0.3552390604508393,0.4615888942785898,0.48360249780125136,1,5.755395683453246,0.6849315068493178,감소형,13733744.9757,-0.958,14789143.2055,46785564.5863,28982143.9193,37720881.8659,35895079.4881,0.3161048356746909,0.390941763143459,0.37814461760722845,1,7.1251855517070695,0.46403712296982924,감소형,,0.0,,10.3,관찰,10.3
2026-09-27T19:57:26+09:00,ANKR,KRW-ANKR,ANKRUSDT,7.04,0.57142857,3175823646.7270017,1790506634498,False,False,,1174035776.8162823,3396157630.458345,218008019.4884472,522172817.4039794,624202678.4417462,0.3456953135175397,0.8515036567364552,1.1125989444194415,1,5.263157894736836,4.166666666666674,감소형,977331.641498,0.0,384982.544994,1037782.350401,280593.996057,394541.460236,464602.832134,0.37096655656674293,0.6742574748587004,0.7409876959557948,1,6.198347107438007,3.2128514056224855,감소형,,0.0,,10.3,관찰,10.3
2026-09-27T19:57:26+09:00,ENSO,KRW-ENSO,ENSOUSDT,1408.0,-1.40056022,1314467535.236047,1790506587316,False,False,,989498714.8799146,1338022387.9962344,1617665543.691993,2437033625.405841,2490263279.8926144,0.739523287320884,0.5504634558286656,0.19635109459140665,1,5.387453874538739,3.4782608695652195,감소형,564750.98859,-1.052,531882.46992,573191.98687,1118675.56938,1606226.12139,937263.48879,0.9279307493889145,0.48380900172059066,0.36037407954944334,1,6.490872210953347,2.941176470588247,중립,,0.0,,10.3,관찰,10.3
2026-09-27T19:57:26+09:00,MED,KRW-MED,,2.51,-0.3968254,349438768.12130606,1790506634867,False,False,,407686992.90178764,866593766.7482828,183815613.4134162,265705512.35250437,335476378.40449965,0.47044764057275684,0.929296511772557,1.0157091188575198,1,5.882352941176472,3.2786885245901676,감소형,,,,,,,,,,,,,,NO_DATA,,0.0,,10.3,관찰,10.3
2026-09-27T19:57:26+09:00,TRAC,KRW-TRAC,,504.0,1.20481928,1456245213.4087949,1790506583260,False,False,,1057475282.7733263,3786212820.2565055,7731615583.871035,720401523.8286253,882134348.4465986,0.2792963134865951,0.25922260547443293,0.34556760875598347,1,5.285412262156441,0.60606060606061,감소형,,,,,,,,,,,,,,NO_DATA,,0.0,,10.1,관찰,10.1
2026-09-27T19:57:26+09:00,HP,KRW-HP,,13.0,0.7751938,160280575.04597047,1790506619163,False,False,,156035331.02008945,210304575.67215872,107713490.87238023,250708412.23709673,169792188.3701684,0.7419492919798905,0.8230775434670752,0.8085258891250138,1,4.0322580645161255,4.0322580645161255,감소형,,,,,,,,,,,,,,NO_DATA,,0.0,,10.1,관찰,10.1
2026-09-27T19:57:26+09:00,MORPHO,KRW-MORPHO,MORPHOUSDT,3725.0,0.21522732999999997,1631970319.8381736,1790506640751,False,False,,1728046598.0643027,3531586622.0659103,8231004960.029654,2037787911.1594174,1093118203.3933327,0.4893116842348408,0.37565197368135333,0.5150086877584665,1,5.716723549488045,3.624198494563702,감소형,4686237.67736,0.402,4444928.23317,7448499.70856,11006076.30725,7351263.86064,5711971.82903,0.5967548374959025,0.5167351562031163,0.576145461806841,1,6.230529595015577,2.594960511470501,감소형,,0.0,,10.0,관찰,10.0
2026-09-27T19:57:26+09:00,GRVT,KRW-GRVT,,277.0,-0.35971223,767588715.1603636,1790506541049,False,False,,836577317.3919842,1268353984.1080494,4105181033.295554,1862802934.9533849,1252494842.3829708,0.6595771589587386,0.3468234856773782,0.4247604204263689,1,4.511278195488733,6.513409961685834,감소형,,,,,,,,,,,,,,NO_DATA,,0.0,,10.0,관찰,10.0
2026-09-27T19:57:26+09:00,NEWT,KRW-NEWT,NEWTUSDT,70.1,0.86330935,468394269.35269815,1790506639030,False,False,,298333441.3888942,486064066.39847547,586878954.509249,3489891895.963446,4645223991.742351,0.6137739076237747,0.19615005593505072,0.13468889304263923,1,3.268945022288272,6.431852986217468,감소형,294002.858171,1.174,316093.962223,436145.910972,483939.563382,905040.782759,1604833.487933,0.7247436105007823,0.5195705683227637,0.37632973399510333,1,3.827361563517906,5.677579776212194,감소형,,0.0,,9.8,관찰,9.8
2026-09-27T19:57:26+09:00,WET,KRW-WET,,95.7,1.37711864,396846341.2014855,1790506613461,False,False,,332892155.23609227,446971916.58665293,381692459.15717155,1385467872.7863944,12964196024.655256,0.7447719708617434,0.4510464387893796,0.10644579669765725,1,1.6146393972013007,7.394766780432316,감소형,,,,,,,,,,,,,,NO_DATA,,0.0,,9.7,관찰,9.7
2026-09-27T19:57:26+09:00,ADA,KRW-ADA,ADAUSDT,348.0,0.57803468,12459834270.91471,1790506640749,False,False,,16961662977.053387,24403876608.524612,15449326377.489492,25099966365.799915,26057610631.502766,0.6950396959116095,0.78341040843666,0.7266632339407486,1,5.810397553516822,4.53172205438066,감소형,32728219.601,-0.66,42377244.74393,57092332.74667,41843522.36475,60468039.9036,75672412.58103,0.7422580704832334,0.7975447163308705,0.6995561891000575,1,6.5436241610738355,3.6311709506323897,감소형,,0.0,,9.5,관찰,9.5
2026-09-27T19:57:26+09:00,MOODENG,KRW-MOODENG,,66.6,0.30120482,468542730.632504,1790506602326,False,False,,752950731.6651403,3895280204.393586,1130209833.6030025,2270673600.1712136,1909225879.0063498,0.1932982204504487,0.3095945084316474,0.33525363861350466,1,8.143322475570036,1.8404907975460238,감소형,,,,,,,,,,,,,,NO_DATA,,0.0,,9.5,관찰,9.5
2026-09-27T19:57:26+09:00,VVV,KRW-VVV,,42070.0,4.46982866,1588077276.76082,1790506583282,False,False,,885237193.7668076,1912443219.3261023,2301540555.914533,3257964036.982668,3490875260.8062415,0.46288286356482955,0.35542426794737036,0.17228289207697722,1,-3.173839865352246,-6.69601482854495,감소형,,,,,,,,,,,,,,NO_DATA,,0.0,,9.4,관찰,9.4
2026-09-27T19:57:26+09:00,DATA,KRW-DATA,,311.0,-0.95541401,9975931404.050196,1790506649416,False,False,,9075113051.978819,16345239650.771955,23844881873.41723,25536375552.554024,29071967110.75162,0.5552144383242626,0.41422166655478015,0.461231160621688,1,1.2903225806451646,14.598540145985407,감소형,,,,,,,,,,,,,,NO_DATA,,0.0,,9.3,관찰,9.3
2026-09-27T19:57:26+09:00,SOL,KRW-SOL,SOLUSDT,168400.0,1.8753781,29630726283.30176,1790506650715,False,False,,24603800499.52651,58077017703.67109,37671346854.87487,51894789216.68141,52156395694.8951,0.42364090775224644,0.49993108119967655,0.4614223940763277,1,4.752851711026618,2.7346177750155354,감소형,280041265.80759,2.743,221338928.92664,481769969.76669,299095253.78508,420981927.35118,359248594.69513,0.45942865437177266,0.5524968680759803,0.5279027931840201,1,5.583094182102788,2.111017661900738,감소형,,0.0,,9.2,관찰,9.2
2026-09-27T19:57:26+09:00,ETC,KRW-ETC,ETCUSDT,12900.0,0.23310023000000002,4485220794.549948,1790506649084,False,False,,5783833070.050384,9029163429.900164,32540528088.281086,13125259571.38225,12739870658.671398,0.6405724201311014,0.3172413333314424,0.3868372833531782,1,6.893687707641205,6.804979253112031,감소형,4442421.868,-1.043,5422341.8775,7748461.4414,23310380.4808,10340449.6871,9508612.6677,0.6997959425245958,0.3929300478379623,0.47795319930738867,1,8.00915331807779,6.186726659167596,감소형,,0.0,,8.9,관찰,8.9
2026-09-27T19:57:26+09:00,CAP,KRW-CAP,,71.5,1.85185185,7666419518.31455,1790506647796,False,False,,5779228683.3535795,14867271133.308311,13743323410.678299,21094502848.513226,4540520039.210416,0.38872155027871397,0.34881102662675556,0.4635500089086793,1,-3.703703703703709,12.86173633440515,감소형,,,,,,,,,,,,,,NO_DATA,,0.0,,8.7,관찰,8.7
2026-09-27T19:57:26+09:00,IRYS,KRW-IRYS,,23.0,0.43668122000000004,408196471.05210364,1790506648766,False,False,,392244077.4361227,664229774.6971644,358642660.6908418,563392125.7704713,547249363.9077971,0.5905246834424949,0.7418259608907731,0.7637696439187642,1,7.511737089201875,6.018518518518512,감소형,,,,,,,,,,,,,,NO_DATA,,0.0,,8.7,관찰,8.7
2026-09-27T19:57:26+09:00,ORDER,KRW-ORDER,,57.6,-0.17331022999999998,335561557.9971117,1790506360888,False,False,,265090775.66663578,376222869.586265,334430854.7156139,494325895.48740286,1317728820.461924,0.7046110087835915,0.6599881972601154,0.4171494012892317,1,8.25515947467168,7.0500927643784905,감소형,,,,,,,,,,,,,,NO_DATA,,0.0,,8.6,관찰,8.6
2026-09-27T19:57:26+09:00,BSV,KRW-BSV,,29320.0,1.20814636,970688256.7687837,1790506643454,False,False,,1168562143.96585,2066862809.3949728,4438864970.851167,51279663413.94648,21715154545.11199,0.5653796365458432,0.06066734791353059,0.0712907697934105,1,-4.452506596306072,15.880000000000006,감소형,,,,,,,,,,,,,,NO_DATA,,0.0,,8.5,관찰,8.5
2026-09-27T19:57:26+09:00,MEW,KRW-MEW,,0.697,1.01449275,368984172.35938287,1790506196722,False,False,,302168948.6895216,718124770.5072286,696537551.3472297,3640111950.5194273,1353837140.9011655,0.42077499774320903,0.17933676109395086,0.18208638473851008,1,5.343511450381677,8.150470219435736,감소형,,,,,,,,,,,,,,NO_DATA,,0.0,,8.5,관찰,8.5
2026-09-27T19:57:26+09:00,CFX,KRW-CFX,CFXUSDT,77.2,0.65189048,108419203.20974933,1790505705795,False,False,,164835634.0395843,403867746.61056376,139601863.77749023,334909691.7722206,223733585.80007896,0.408142604659465,0.562976496489124,0.5029886320550248,1,8.028169014084519,5.502063273727642,감소형,1460278.47111,-0.123,1692207.18844,1802144.94216,1137405.78343,2360632.20551,2109246.02079,0.9389961644326833,0.9578200660833412,0.8025655414999766,1,8.833785354513758,4.056306723467307,중립,,0.0,,8.5,관찰,8.5
2026-09-27T19:57:26+09:00,TFUEL,KRW-TFUEL,TFUELUSDT,15.5,3.33333333,1006173255.4579676,1790506539445,False,False,,310399583.1067175,425114840.38362044,308316172.419269,493995973.9409945,328288447.0818187,0.7301546632119812,0.7586591784090024,0.8019471586819497,1,4.166666666666674,2.7397260273972712,감소형,352153.02716,3.545,144985.08439,346250.56559,224736.05933,193784.61394,261533.92799,0.41872880162072806,0.5687390307961404,0.5777303393148758,1,4.957102001906599,1.6620498614958512,감소형,,0.0,,8.3,관찰,8.3
2026-09-27T19:57:26+09:00,QKC,KRW-QKC,QKCUSDT,4.13,2.2277227699999997,1102509057.5105145,1790506644495,False,False,,796124737.5694954,2624484363.3786063,900630463.9158627,959008773.4429519,537671240.3657248,0.30334520131970283,0.5326289873712925,0.6957432460647246,1,3.0612244897959107,8.89487870619947,감소형,159361.686129,5.007,144058.958426,678699.223329,252677.580753,204767.657433,126414.046864,0.21225743816148043,0.38038901734530367,0.4985691623924065,1,5.069124423963123,6.427289048473961,감소형,,0.0,,8.2,관찰,8.2
2026-09-27T19:57:26+09:00,ID,KRW-ID,IDUSDT,54.5,0.55350554,819985650.659688,1790506472985,False,False,,834450945.4440094,1189977621.8235424,985741626.155564,1802659484.8418655,1621283019.2545738,0.701232468695741,0.6292394476372443,0.5793788077020048,1,8.617234468937895,6.06653620352251,감소형,298967.7194,1.008,333821.0311,312879.7005,337655.8608,657724.8574,578432.229,1.0669309340508015,0.7654921596536107,0.671922001867034,2,9.615384615384603,5.555555555555558,중립,,0.0,,8.2,관찰,8.2
2026-09-27T19:57:26+09:00,MANA,KRW-MANA,MANAUSDT,125.0,0.0,230515449.63783342,1790506579495,False,False,,216139077.0996889,875759419.9218636,326525213.0659894,539069589.413937,326945991.75907177,0.24680188666308964,0.37236377467459036,0.4235004447370689,1,9.649122807017552,6.8376068376068355,감소형,347755.8596,-0.431,420515.2525,1454653.434,515985.6943,770464.0662,661992.5828,0.2890827757809425,0.4602328580811116,0.48831878204373325,1,10.666666666666668,6.534422403733964,감소형,,0.0,,8.1,관찰,8.1
2026-09-27T19:57:26+09:00,YGG,KRW-YGG,YGGUSDT,38.4,1.05263158,185766191.59954748,1790506334907,False,False,,177976937.57138267,250310838.7989945,196446736.3572445,505362448.49426496,627497717.3662634,0.7110236952795413,0.5607809934161606,0.4770458982635304,1,6.741573033707859,7.954545454545436,감소형,269384.348432,-0.106,385825.765874,406438.397931,451176.125515,756261.827465,890993.670417,0.9492847325402081,0.7172032088881083,0.6496952016042075,1,8.037094281298284,6.962509563886754,중립,,0.0,,8.0,관찰,8.0
2026-09-27T19:57:26+09:00,TIA,KRW-TIA,TIAUSDT,674.0,0.44709389,780412533.3899993,1790506547802,False,False,,576569801.7672564,853178412.7350194,743116126.490192,1489262923.3552291,1669032516.276445,0.6757904245595672,0.5605824640372179,0.52819443617781,1,6.170886075949378,13.15345699831365,감소형,4305663.475444,-0.241,4994412.127718,8034127.33786,7443907.012376,13506488.705924,12796488.322995,0.6216496101801057,0.5169392076634379,0.5285131394078906,1,6.876355748373109,12.33470132238943,감소형,,0.0,,7.6,관찰,7.6
2026-09-27T19:57:26+09:00,AAVE,KRW-AAVE,AAVEUSDT,211300.0,-0.23607177,4802686051.858185,1790506594398,False,False,,4811621061.948952,6910748721.960256,5308166350.537992,9432826754.37514,5162788472.536403,0.6962517746679292,0.6666836922991021,0.684677023604164,1,11.122770199370402,7.240506329113927,감소형,16725416.97422,0.621,17425951.4153,30344939.85835,21513121.98949,34731929.21475,20264502.81068,0.5742621833045061,0.6037401506152357,0.6401878734129497,1,11.987336307382357,6.675805346127461,감소형,,0.0,,7.5,관찰,7.5
2026-09-27T19:57:26+09:00,PENGU,KRW-PENGU,PENGUUSDT,13.8,2.22222222,4681077912.07907,1790506594715,False,False,,4925815426.15655,8224441236.762701,8292785129.560726,16686843180.274664,14896165848.775595,0.598924022234907,0.44504925089773123,0.4303529154878526,1,1.5037593984962294,14.406779661016934,감소형,8246362.453593,-0.931,9256111.232219,18798727.771286,20331306.149912,39844769.890271,38886904.431001,0.4923796623278512,0.35161003708152777,0.3211516785441244,1,1.68274163759492,12.767410104688203,감소형,,0.0,,7.5,관찰,7.5
2026-09-27T19:57:26+09:00,CRO,KRW-CRO,,94.1,1.8398268400000002,1813295743.6614158,1790506623015,False,False,,1553539679.0051122,3860025378.5829763,1525639968.9601104,2638770402.68334,2828815233.173442,0.4024687732948067,0.5808033339769499,0.49819105100157524,1,9.608540925266906,3.4714445688689866,감소형,,,,,,,,,,,,,,NO_DATA,,0.0,,7.4,관찰,7.4
2026-09-27T19:57:26+09:00,UNI,KRW-UNI,UNIUSDT,13580.0,2.95678544,9274344740.932056,1790506639027,False,False,,9067287006.681377,13183105191.479092,14485210789.19492,27594345496.28572,26337056933.78433,0.6877959991203001,0.4922285733810561,0.48707953619207406,1,4.104183109707971,8.470394736842103,감소형,57430092.56472,2.864,52524369.55824,98946730.09729,93147164.54675,195413330.16936,206895117.87045,0.5308348189636493,0.4066326989144464,0.36991073721409823,1,4.96645747673663,7.8488048916064646,감소형,,0.0,,7.3,관찰,7.3
2026-09-27T19:57:26+09:00,COMP,KRW-COMP,COMPUSDT,33060.0,1.4732965,2045644003.23742,1790506604368,False,False,,385799337.338533,1017042543.198578,13485979478.734259,364019591.5446127,303032233.6575213,0.3793345125221625,0.07784992079166447,0.12300472471366491,1,8.890374331550799,6.2969004893964176,감소형,1916241.05427,0.869,871656.12567,1454331.65298,5092679.38648,1138940.75476,948586.69212,0.5993516842488658,0.34022700727533994,0.43218554322590924,1,9.720311783585522,5.558006175562413,감소형,,0.0,,7.3,관찰,7.3
2026-09-27T19:57:26+09:00,GMT,KRW-GMT,GMTUSDT,12.4,2.47933884,502403831.84177905,1790506638343,False,False,,554838614.0873101,791769948.2832922,561574738.2633239,1230701995.8781662,2706307916.4884,0.7007573541914615,0.6441508404561812,0.4181756515353423,1,7.079646017699104,7.079646017699104,감소형,370616.839671,2.137,327583.309601,525726.124439,477933.709214,691769.889362,1352821.763584,0.6231063939433534,0.5796465140739455,0.42296994477555727,1,8.935128518971847,6.205250596658707,감소형,,0.0,,7.0,관찰,7.0
2026-09-27T19:57:26+09:00,WAL,KRW-WAL,WALUSDT,50.8,1.39720559,1382225995.5544467,1790506627135,False,False,,867718883.0473788,1445988189.5251055,501219169.4550028,1127348761.8448186,1612160211.1168861,0.6000871164323665,0.8466772265141446,0.4965977876958606,1,11.333333333333329,7.280513918629539,감소형,434692.285041,-2.537,538127.607544,853179.019316,400364.543347,849758.220575,608364.10858,0.6307323496719609,0.7675469281192179,0.6864019672545053,1,12.51529987760096,6.579710144927509,감소형,,0.0,,6.3,관찰,6.3
2026-09-27T19:57:26+09:00,BEAM,KRW-BEAM,,2.91,-1.02040816,446585970.9080995,1790506284194,False,False,,560232484.8565059,999873776.6124752,5711145321.3826,538087147.03928,419368053.6085024,0.5603032082254892,0.23184892009560445,0.32993723009585746,1,10.943396226415093,13.076923076923075,감소형,,,,,,,,,,,,,,NO_DATA,,0.0,,6.3,관찰,6.3
2026-09-27T19:57:26+09:00,CHIP,KRW-CHIP,CHIPUSDT,66.8,0.90634441,3103139441.450448,1790506623033,False,False,,3073121789.3010616,4268932407.2429996,5271834333.730741,4756169042.432073,4111369274.789103,0.7198806390297879,0.6448490437093471,0.56401421976694,1,14.53287197231834,5.0793650793650835,감소형,3341329.66616,0.656,3399045.61955,5213498.55063,5072408.47591,3088065.91625,4364275.56104,0.6519701859587663,0.7624613046751636,0.7241402759432305,1,15.770694576593701,4.64416254568909,감소형,,0.0,,6.1,관찰,6.1
2026-09-27T19:57:26+09:00,BIO,KRW-BIO,BIOUSDT,43.4,-0.91324201,500869160.47928286,1790506225210,False,False,,642930172.4192992,1368540983.820868,674603529.8236185,676170750.999676,488373934.99172974,0.4697924139796562,0.7092927187720879,0.9124454684788179,1,12.596401028277636,11.45038167938932,감소형,1486290.820584,-3.329,1604753.479124,3475737.284606,2714109.142674,2340262.089126,1860475.833141,0.46170160392485204,0.564384430527784,0.6556342494418742,1,13.705404450724146,10.618556701030935,감소형,,0.0,,6.1,관찰,6.1
2026-09-27T19:57:26+09:00,LINK,KRW-LINK,LINKUSDT,19500.0,1.19356513,10044418923.367182,1790506641766,False,False,,13557068006.017862,18627353208.430157,11456517784.600773,10710856925.352594,9345250303.727001,0.7278043130616302,0.9969720621601629,1.066214013757266,1,13.62028301886793,8.015695067264584,감소형,41363050.95558,0.716,44634687.22463,82230887.10534,46880834.15198,54181103.02568,42447250.90538,0.5427971021089891,0.730547211532652,0.7797284629614503,1,14.496155402670997,7.304862322688321,감소형,,0.0,,5.8,관찰,5.8
2026-09-27T19:57:26+09:00,AXL,KRW-AXL,AXLUSDT,76.9,6.06896552,2362025855.670304,1790506644822,False,False,,358943771.528814,490369345.40625334,368343951.150007,827496735.4252514,904972583.5669816,0.7319865625601902,0.6386104305885478,0.2944672268031525,1,5.3779069767441845,1.9690576652602099,감소형,1171061.89685,5.784,426730.79741,469318.104278,661310.189648,1532346.119609,1318111.369181,0.9092570551193281,0.48073777416831887,0.37167814263643767,1,7.18562874251496,2.091254752851701,중립,,0.0,,5.8,관찰,5.8
2026-09-27T19:57:26+09:00,JST,KRW-JST,JSTUSDT,171.0,2.39520958,668541933.2247553,1790506612446,False,False,,423463884.27158016,650766518.5410441,320554317.893869,361308993.49174523,502504948.2263434,0.6507155365352008,0.9532967252313846,0.8792020659834443,1,9.868421052631572,8.441558441558449,감소형,2924389.510924,2.631,3086817.294195,5250594.680957,2693348.122049,2781502.885313,5296863.746618,0.5878986061122473,0.8634095171140987,0.7513247993395068,1,10.827162723496485,7.094240837696342,감소형,,0.0,,5.8,관찰,5.8
2026-09-27T19:57:26+09:00,CKB,KRW-CKB,CKBUSDT,1.94,-1.52284264,220396170.4602995,1790506558482,False,False,,225247524.08964974,315883686.7812772,771389511.3674283,370739005.4557307,270446607.9438947,0.7130710876045164,0.4634683925130441,0.5834208035371424,1,13.218390804597702,11.931818181818187,감소형,290250.311681,-1.176,328533.915645,474851.217279,530523.268623,553070.91951,371946.016555,0.6918670600184418,0.6324262264897501,0.7103354134250939,1,13.611329661683701,10.73619631901841,감소형,,0.0,,5.7,관찰,5.7
2026-09-27T19:57:26+09:00,RED,KRW-RED,REDUSDT,234.0,1.2987013,666883216.9122708,1790506596454,False,False,,884460140.9396214,2204074590.0917773,640842412.1753476,1222816918.1502063,1010173800.4242463,0.4012841239201404,0.6522994066796384,0.7492043246844261,1,10.526315789473696,12.135922330097081,감소형,617860.0949,1.358,554588.43753,1451062.03742,591737.59609,606538.96095,541416.86083,0.3821948498604944,0.6279927058281941,0.7501225813749374,1,11.500330469266352,10.840998685939551,감소형,,0.0,,5.6,관찰,5.6
2026-09-27T19:57:26+09:00,A,KRW-A,AUSDT,142.0,2.15827338,468186162.3067055,1790506609388,False,False,,421954743.427924,608212345.2589536,716662038.5041709,1066322565.2732933,1383003699.6623428,0.6937622143270896,0.5293851812557213,0.44424776525333415,1,10.317460317460325,10.317460317460325,감소형,502283.98577,1.363,353520.72727,592476.24542,595297.70272,639575.2434,627864.96105,0.5966833776084861,0.580382877405172,0.6099177652865808,1,11.123227917121037,9.452201933404947,감소형,,0.0,,5.4,관찰,5.4
2026-09-27T19:57:26+09:00,SIGN,KRW-SIGN,SIGNUSDT,19.1,1.5957446800000001,736520106.5161729,1790506532748,False,False,,586277738.0114946,1541002300.8490715,489528796.0384107,999778247.71731,671805223.8335526,0.3804522145674043,0.580413751211881,0.5986671443603628,1,9.941520467836252,14.634146341463428,감소형,507707.01539,4.667,288424.60207,646766.98478,497346.44753,661806.26076,442240.80136,0.44594824543820616,0.47913194010253296,0.5197239000474573,1,10.454908220271353,13.349713349713355,감소형,,0.0,,5.0,관찰,5.0
2026-09-27T19:57:26+09:00,GRT,KRW-GRT,GRTUSDT,37.9,0.7978723400000001,774660566.9152282,1790506397914,False,False,,731855728.3630054,1211123677.7500463,951787328.2330859,2101522100.2157292,1056286694.7942948,0.6042782762885155,0.5148555811316393,0.5632606695953807,1,10.26392961876832,17.868338557993745,감소형,951544.86212,-1.1,1125552.21867,2674194.94095,2025342.67638,3667964.17778,1921244.16789,0.42089385535601637,0.4035441806517844,0.45749541757913065,1,10.972668810289399,17.09075487701441,감소형,,0.0,,4.8,관찰,4.8
2026-09-27T19:57:26+09:00,PROS,KRW-PROS,,915.0,8.92857143,3682291278.2455754,1790506647794,False,False,,301890985.82830775,3316880068.8205247,638858680.2266619,941441105.4189333,411581992.65517116,0.09101655156788938,0.18493765481350855,0.19645700434889776,1,5.1314142678347885,8.247422680412363,감소형,,,,,,,,,,,,,,NO_DATA,,0.0,,2.2,관찰,2.2
2026-09-27T19:57:26+09:00,SC,KRW-SC,SCUSDT,1.56,6.84931507,9408951040.472786,1790506602648,False,False,,1376351611.1847699,3556456943.0561314,955904669.1379834,4963779603.161496,809053872.4821354,0.3870007800521956,0.4357316696445367,0.6139796784856743,1,8.955223880596996,10.606060606060597,감소형,1580535.150385,6.29,614723.260837,3376942.058417,386682.489163,1121330.284613,379230.920896,0.1820354777200892,0.3775203345499712,0.5344588369079666,1,11.111111111111116,11.570247933884303,감소형,,0.0,,2.1,관찰,2.1
2026-09-27T19:57:26+09:00,LSK,KRW-LSK,LSKUSDT,405.0,-2.64423077,3612132264.829568,1790506631362,False,True,글로벌가격차이,4661539319.073166,9249159864.055618,36347301996.22043,11009233576.320787,28988238641.431293,0.5039959723465252,0.24705319578457355,0.25200460153733406,1,4.0000000000000036,11.229946524064172,감소형,7214604.85393,-2.2,8177758.14141,12332084.70361,40430871.73278,9784704.51593,8573360.98224,0.6631286062295781,0.392233283398586,0.499246973302988,1,-4.45752733389404,-6.476399560922063,감소형,,0.0,,1.1,관찰,1.1
2026-09-27T19:57:26+09:00,BIGTIME,KRW-BIGTIME,BIGTIMEUSDT,13.4,8.064516130000001,3023298826.344669,1790506647479,False,False,,1147267740.7328522,1669694652.512611,684288594.7464048,1136401114.5560539,644978334.6270931,0.6871123046398971,0.9860814355725425,1.1378893191580854,1,11.711711711711725,9.734513274336276,감소형,1332147.65272,10.213,282942.66406,493566.22312,207267.76227,459842.29385,240241.98122,0.5732618052171868,0.7313219089269271,0.7327807684298994,1,12.967581047381561,8.37320574162681,감소형,,0.0,,1.0,관찰,1.0
2026-09-27T19:57:26+09:00,ORCA,KRW-ORCA,ORCAUSDT,2490.0,11.26005362,8365929631.396793,1790506648443,False,False,,766264200.6482804,1170744280.1362903,1695147149.2328582,3455183343.948443,1085809691.7455356,0.6545103090822506,0.3636711610576833,0.45554275824931734,1,6.06635071090047,8.95813047711782,감소형,2929739.06016,12.119,453713.15118,948622.27348,1549149.97573,2516648.37815,1155197.07167,0.47828642006850974,0.2714450092425962,0.3163158279219928,1,7.526178010471196,8.448844884488448,감소형,,0.0,,0,관찰,0
2026-09-27T19:57:26+09:00,AVNT,KRW-AVNT,AVNTUSDT,173.0,-2.25988701,2157863819.379278,1790506633107,False,False,,5782477902.048407,1752719222.1020172,1150978016.5932298,2381212864.789187,2704188126.4419727,3.299146736756583,3.2824463172434575,2.6112799927376056,3,17.999999999999993,12.73885350318471,가속형,1222193.34101,-4.129,3607849.00092,2062373.80492,626823.00318,1137267.31249,2426845.49601,1.7493671575507377,2.8286027678971477,2.342915249671109,3,17.974452554744524,11.273666092943202,가속형,,0.0,,63.0,시동,63.0
2026-09-27T19:57:26+09:00,WAXP,KRW-WAXP,WAXPUSDT,8.71,-3.75690608,9501331561.00051,1790506647137,False,True,거래량급등,42462153497.91535,22824305048.547558,181620909.6402677,393643010.4519714,303773448.79495156,1.860391955312456,5.443966111703594,8.792500991904117,3,21.96765498652291,20.66666666666668,가속형,674956.6114,-9.477,1877779.88597,2151077.76048,138000.26881,176323.56658,165792.98876,0.8729483984581685,2.2849582264191266,3.256237570129792,1,23.605947955390327,19.819819819819816,중립,,0.0,,55.8,시동,55.8
2026-09-27T19:57:26+09:00,SOMI,KRW-SOMI,SOMIUSDT,296.0,-1.66112957,353256105.63245153,1790506334595,False,False,,420368634.5193351,148701151.869303,135297929.99869627,232961572.29158592,372711970.32817864,2.8269359667691556,2.439462062365588,1.2091322565310707,3,18.972332015810277,16.666666666666675,가속형,591918.94933,-0.911,684427.35608,357866.81683,394628.36187,806392.75755,650993.28988,1.9125197528585847,1.317145396082348,1.0158776350060272,2,19.328641039523564,15.756302521008392,중립,,0.0,,48.3,시동,48.3
2026-09-27T19:57:26+09:00,KITE,KRW-KITE,KITEUSDT,202.0,-2.88461538,5853327842.088703,1790506596460,False,False,,4620954677.440816,1959462780.5447605,1645136779.0401716,3999601697.563446,9831140481.348755,2.3582763211027262,1.8230532785137128,1.2409225350571953,3,13.661202185792343,29.19254658385093,가속형,5565518.20439,9.46,3781137.72426,2178491.51505,1569254.41002,3170506.19445,5989694.06566,1.7356678684026072,1.6396357023147956,1.3275300121682176,3,14.823175319789339,28.127623845507998,가속형,,0.0,,42.6,시동,42.6
2026-09-27T19:57:26+09:00,CC,KRW-CC,,187.0,1.63043478,2741040726.8373985,1790506602303,False,False,,4761875245.716115,3969138686.9737163,2608936747.0009675,2991076611.0929365,2195860727.7892985,1.1997250842718281,1.4928831384293673,1.6874264223072426,3,21.85430463576159,14.28571428571428,고수준 유지형,,,,,,,,,,,,,,NO_DATA,,0.0,,36.3,시동,36.3
2026-09-27T19:57:26+09:00,STEEM,KRW-STEEM,STEEMUSDT,90.3,-4.14012739,3964522539.6057963,1790506647150,False,False,,20901412604.131207,10756260792.167986,36332726731.825714,1917377413.5040665,1177624724.16366,1.9431857415869151,1.279512118321079,2.0432546777589047,2,18.341708542713576,19.69504447268107,중립,1172280.611755,-2.305,1538584.647403,1289386.772879,3728518.166524,783302.98282,450997.199789,1.1932685209478144,0.7956539403676918,1.1358845189035776,2,19.778891000172738,19.448751076658066,중립,,0.0,,29.7,시동,29.7
2026-09-27T19:57:26+09:00,FIL,KRW-FIL,FILUSDT,1543.0,0.12978585,20119859848.45233,1790506645151,False,True,거래량급등,18443857953.829006,3146047633.4990187,3185409877.1442676,5224206228.811191,4186280829.928217,5.862548855725951,4.788264448416627,4.789598920784836,2,19.922178988326845,15.6039009752438,일회성 폭증형,33228554.253473,3.651,32737197.186611,14256010.626851,16441816.358158,26646111.401134,28330855.867138,2.2963785622431385,1.712676079178502,1.5192041731436468,2,21.08749065270803,14.98275512274294,고수준 유지형,,0.0,,26.5,시동,26.5
2026-09-27T19:57:26+09:00,PROM,KRW-PROM,PROMUSDT,8630.0,1.11306385,13597316248.987879,1790506647787,False,False,,21579936425.72203,3893344132.355357,17867927015.01864,3388322516.7550354,4304636776.007568,5.542776516050435,2.574189076044785,3.558157925281586,2,22.80575539568346,25.146627565982406,일회성 폭증형,3680822.0019,-2.604,6768657.92465,4107157.00747,6768551.80743,3688866.66206,6025612.72637,1.6480153820122594,1.3942029279241566,1.519830740065786,2,23.982615566969567,24.746571258199168,중립,,0.0,,25.2,시동,25.2
2026-09-27T19:57:26+09:00,CFG,KRW-CFG,CFGUSDT,227.0,-1.30434783,3791876675.095242,1790506650714,False,False,,4083906565.855541,3885777834.9190354,4720810978.725211,3044107824.47045,1614905786.0346408,1.050988177748107,1.0515868774306343,1.2118935949501821,2,17.948717948717952,22.34042553191489,중립,3247373.85832,2.198,2120588.16306,3471573.13969,3869004.77242,2915913.89841,1944008.70386,0.6108435794757191,0.6202671056252187,0.6616230928791759,1,18.565400843881854,21.820809248554916,감소형,,0.0,,23.3,시동,23.3
2026-09-27T19:57:26+09:00,SENT,KRW-SENT,SENTUSDT,31.8,-1.85185185,277304253.69819087,1790506563375,False,False,,568315142.5595218,521080633.07266086,1042542809.2756765,4897154485.106926,746682627.1079001,1.0906472175109114,0.2638916624008001,0.37442450187846416,2,12.5,26.56249999999998,중립,989850.01532,-0.803,2132161.79776,1767046.56559,1698928.26228,5556437.3114,1884319.92602,1.2066245673882914,0.708955132457243,0.9024938533190676,3,13.266761768901581,25.500526870389884,중립,,0.0,,22.8,시동,22.8
2026-09-27T19:57:26+09:00,UP2,KRW-UP2,,96.4,-3.30992979,1681598923.7953708,1790506632052,False,False,,3320237954.492803,4140424663.944608,9121690269.55546,22677085362.77111,1973703867.9501529,0.8019075877423626,0.2771545772127787,0.42868487551667694,1,8.017334777898167,21.142162818955047,중립,,,,,,,,,,,,,,NO_DATA,,0.0,,17.5,시동,17.5
2026-09-27T19:57:26+09:00,POL,KRW-POL,POLUSDT,162.0,-1.2195121999999998,2278261136.335473,1790506638689,False,False,,3602430986.3148084,4454245326.758308,3746017336.532518,6316580413.86697,3482901291.882836,0.8087634878738416,0.7444657837453423,0.75136508502736,1,17.985611510791365,8.609271523178808,중립,10345023.256175,0.554,11368259.391063,13085919.904033,7918305.896612,13201410.952584,8080052.798969,0.8687397962415597,0.9970514046919334,0.9388315507352797,1,18.99684044233807,7.377049180327866,중립,,0.0,,16.8,시동,16.8
2026-09-27T19:57:26+09:00,JUP,KRW-JUP,JUPUSDT,467.0,1.08225108,2637160496.350747,1790506535297,False,False,,3701969898.403964,4706453927.904771,5739589855.251501,3115259946.378277,2849461655.910515,0.7865730664980747,0.8189411517290063,0.8503968170410099,1,15.500000000000004,14.356435643564346,중립,4203007.92569,-1.858,5451753.66575,8128637.36874,6371430.71717,6483993.13404,5397647.72908,0.670684816955374,0.7794135189474524,0.7633175084336948,1,16.701101928374662,13.458319383997308,감소형,,0.0,,15.6,시동,15.6
2026-09-27T19:57:26+09:00,PLUME,KRW-PLUME,PLUMEUSDT,25.7,4.048583,2995695967.0936775,1790506642769,False,False,,3407720479.381135,4489907543.75483,6476327931.8389435,2363078480.1987147,1651758237.5168674,0.7589734189785384,0.7669683130016418,1.0257964592949318,1,14.883720930232558,21.078431372549034,중립,3859800.06544,-0.526,4838217.88938,9061975.44244,10395113.29038,5348305.67044,3490156.52323,0.5339032223284503,0.585141015384639,0.7747007341685007,1,15.159235668789805,19.655857048312363,감소형,,0.0,,12.0,시동,12.0
2026-09-27T19:57:26+09:00,BLAST,KRW-BLAST,,0.649,-1.06707317,5640998120.286791,1790506647139,False,False,,4104984173.507495,27362214893.855743,4219603536.204266,46160069348.195274,5233718882.863776,0.15002382626668428,0.1584082001667964,0.24393104878163352,1,0.9230769230769154,23.076923076923084,감소형,,,,,,,,,,,,,,NO_DATA,,0.0,,7.6,시동,7.6
2026-09-27T19:57:26+09:00,CPOOL,KRW-CPOOL,,49.9,-2.5390625,5987790459.550244,1790506649416,False,False,,26946587683.036934,3169764996.98009,14137399776.086727,86128004791.0223,4386791449.631016,8.501131064514114,0.7815500606785581,1.2044484120560999,2,6.224066390041494,33.68146214099219,일회성 폭증형,,,,,,,,,,,,,,NO_DATA,,0.0,,6.8,시동,6.8
2026-09-27T19:57:26+09:00,BCH,KRW-BCH,BCHUSDT,461000.0,0.74300699,8484696493.999416,1790506644120,False,False,,5935642055.974839,12308245510.592625,24775409951.055656,97141284273.5118,91252987183.04053,0.4822492410365518,0.13266481030320784,0.1237977120052864,1,-1.2729234088457386,26.65375034597288,감소형,18361441.4286,-0.088,10751602.9987,29865250.9969,40731044.2192,110125122.7108,108965108.6745,0.36000377160118335,0.17847806511316078,0.17057486694969923,1,-0.4148148148148123,25.73887018331462,감소형,,0.0,,6.5,시동,6.5
2026-09-27T19:57:26+09:00,OP,KRW-OP,OPUSDT,196.0,0.0,593626092.4698322,1790506624386,False,False,,816831250.957464,1571187955.011534,1597657854.4682693,1923671876.0399952,1343738377.6779423,0.5198813091406799,0.4811949421089281,0.4943417111538129,1,15.976331360946737,13.953488372093027,감소형,5867744.924383,-1.829,7384000.545402,9247184.815962,8142861.952457,13190211.13256,11099956.256687,0.7985133521562292,0.7243889736945882,0.671344710177538,1,16.991869918699187,12.86274509803922,중립,,0.0,,4.3,시동,4.3
2026-09-27T19:57:26+09:00,MET2,KRW-MET2,,498.0,4.18410042,734517670.6125172,1790506527289,False,False,,846374243.0733413,1242903949.3253098,2833595948.7933507,21603751334.595505,1243319510.2147694,0.680965124885782,0.09887452837632,0.15332836316741644,1,1.7021276595744705,24.479166666666675,감소형,,,,,,,,,,,,,,NO_DATA,,0.0,,3.7,시동,3.7
2026-09-27T19:57:26+09:00,SPK,KRW-SPK,SPKUSDT,34.2,-0.29154519,2345334575.299676,1790506598171,False,False,,3010280144.735454,6663872183.252292,465752301.2905843,1284345044.045714,846515996.7926046,0.45173137508563255,1.073315086716418,1.4252102849273973,1,22.93906810035842,18.685121107266433,감소형,2455041.360809,3.751,2890252.318085,5449222.658569,1003479.965383,1352889.902704,1224247.142757,0.5303971775754156,1.110839045805232,1.360493039152789,1,24.474385549304124,17.60235008859461,감소형,,0.0,,3.6,시동,3.6
2026-09-27T19:57:26+09:00,XPL,KRW-XPL,XPLUSDT,150.0,-1.3157894700000001,11305248581.074144,1790506644492,False,False,,13516830536.158382,24378451291.233715,13161432831.54337,10457320600.377972,9743554029.184214,0.554458130858334,0.8448511083586617,0.9040563725407813,1,21.599999999999998,15.15151515151516,감소형,28083723.694746,-9.975,40452468.312541,60692175.01912,32149657.542321,20748396.667269,15446445.716313,0.6665186788873058,1.068378906897653,1.2944638438496123,1,23.93599288809869,13.794510764207747,감소형,,0.0,,2.1,시동,2.1
2026-09-27T19:57:26+09:00,NEAR,KRW-NEAR,NEARUSDT,7090.0,3.50364964,63339499013.87971,1790506643781,False,False,,31254861439.00797,72064149364.41997,73082410539.58403,90832970870.53133,65412079711.7278,0.43370887902881905,0.39734202373090777,0.4277294796556684,1,15.222876366694704,18.71750433275563,감소형,174190043.2712,6.255,128880615.4841,259628294.889,248904564.2981,544327686.1423,288598939.5605,0.4964043519956131,0.36722987499862525,0.39779779233357165,1,16.297322253000935,17.958323577616486,감소형,,0.0,,0.8,시동,0.8
2026-09-27T19:57:26+09:00,SUI,KRW-SUI,SUIUSDT,1695.0,7.00757576,57765887175.50299,1790506650066,False,False,,37959648415.27883,92344810108.28906,27258664338.04493,37117718593.12104,48484406272.05529,0.41106423166353445,0.7266339863630769,0.6232101352737766,1,20.090978013646698,12.420156139105742,감소형,100814251.45749,5.157,88530369.46325,182822564.77106,74510416.67574,114067847.02944,128823364.25566,0.4842420276409117,0.7151063972565719,0.6006395488039191,1,21.154046453494434,11.556535916370958,감소형,,0.0,,0,시동,0
2026-09-27T19:57:26+09:00,SEI,KRW-SEI,SEIUSDT,102.0,4.29447853,9563834190.280863,1790506637965,False,False,,9321732754.902367,20394772206.696033,5879647499.848794,6985581769.358609,17085140590.674398,0.4570648134938151,0.840805683215848,0.550605968684984,1,20.59186189889026,21.641791044776106,감소형,11321153.998124,0.783,14069172.026541,22171877.136968,7059718.354956,8530981.551834,13498826.372126,0.6345503332725465,1.1177075132005518,0.9114523199522732,1,21.629403794037927,21.03488960053934,감소형,,0.0,,0,시동,0
2026-09-27T19:57:26+09:00,DEEP,KRW-DEEP,,32.7,7.213114750000001,2220306535.6923,1790506570594,False,False,,1404081062.7881067,6620882322.359408,1232392328.725216,830992587.3002938,961198650.655592,0.21206857249922398,0.4850430177627404,0.5428646298708902,1,22.489959839357443,11.721611721611724,감소형,,,,,,,,,,,,,,NO_DATA,,0.0,,0,시동,0
2026-09-27T19:57:26+09:00,ARK,KRW-ARK,ARKUSDT,350.0,-1.4084507,36440777881.02326,1790506645176,False,False,,55885811049.05972,52682106069.79903,12628264103.34839,3392887772.0143294,2253887005.923058,1.0608120141403625,2.440312703671224,3.832762570157341,5,62.10045662100456,70.67307692307692,연속 가속형,3837189.6346,-5.613,8592370.0907,13545476.7111,4416067.3941,744307.8361,471127.8359,0.6343350089450068,1.3780238586828337,2.188564347746641,1,64.71329552614998,69.85055230669266,감소형,,0.0,,66.5,이미 발동,66.5
2026-09-27T19:57:26+09:00,KMNO,KRW-KMNO,KMNOUSDT,64.2,-5.72687225,16834079601.739681,1790506628512,False,True,거래량급등,15492312873.99916,3889318693.153313,1784476065.7613142,2653405455.862969,638680850.8813342,3.9832973577792816,5.581340357293041,4.824052688053351,3,40.123456790123434,47.7223427331887,가속형,4750604.20469,5.34,4322522.20685,3491120.48963,2152592.6384,3565962.78858,1529136.49899,1.238147528763212,1.408037235833945,1.3628159420268102,3,41.75637393767706,46.3157894736842,고수준 유지형,,0.0,,53.0,이미 발동,53.0
2026-09-27T19:57:26+09:00,EDGE,KRW-EDGE,,195.0,1.03626943,42489324212.9307,1790506650714,False,True,"거래량급등,입금량급등",50292055955.15759,14228712507.995514,993838171.4625647,2265532510.5811124,957011196.6579014,3.534547200029312,8.627370205524203,12.227466558424844,3,67.82608695652175,69.29824561403508,가속형,,,,,,,,,,,,,,NO_DATA,,0.0,,52.2,이미 발동,52.2
2026-09-27T19:57:26+09:00,SOON,KRW-SOON,,399.0,27.88461538,54809809698.464096,1790506642115,False,True,거래량급등,2942006336.9793057,307195966.51245296,252653347.67808473,677391423.3565129,458426645.3198881,9.576969288950753,7.133631105969203,7.393538843123405,3,18.181818181818187,18.181818181818187,가속형,,,,,,,,,,,,,,NO_DATA,,0.0,,47.6,이미 발동,47.6
2026-09-27T19:57:26+09:00,WLD,KRW-WLD,WLDUSDT,766.0,7.5842696599999995,101458963030.64651,1790506647791,False,False,,77697669029.96974,52565565893.37676,39959977333.64724,42745220250.78275,27636946755.2671,1.4781096276518848,1.7231588045864152,1.9941637310938631,3,27.370304114490153,15.024232633279478,가속형,93190377.49964,15.984,77863222.94531,54755881.21814,42902740.43698,82422997.68308,37818804.81975,1.4220065719536772,1.2971322097967137,1.4811755866089573,3,28.666338582677177,14.120471409864699,중립,,0.0,,39.4,이미 발동,39.4
2026-09-27T19:57:26+09:00,PYTH,KRW-PYTH,PYTHUSDT,116.0,4.5045044999999995,4856852134.272057,1790506627835,False,False,,3468921211.4411983,3047857447.5176573,2924728495.8141713,3915445426.674636,8515974475.599065,1.1381507407003166,1.0524606208158491,0.8443698531302827,3,29.220023282887063,28.621089223638485,중립,10260802.415638,12.71,5981839.472423,6176793.668346,5268351.977541,7792857.527181,9588491.966588,0.968437638297346,0.9328160649433515,0.9240198003051447,1,29.573414283431852,27.33553148060921,중립,,0.0,,23.5,이미 발동,23.5
2026-09-27T19:57:26+09:00,2Z,KRW-2Z,2ZUSDT,93.2,-5.47667343,26669024176.60079,1790506647466,False,True,"거래량급등,입금량급등",46377199389.2875,1816024776.7233481,4426320467.1560545,1010653498.5870003,793098232.2870246,25.53775696439882,19.182630951422226,25.784665467719627,2,39.06911142454159,40.056818181818166,일회성 폭증형,8048655.5112,-7.422,14791129.08431,2270920.13317,3842032.20728,932822.46393,727390.85412,6.513275772346479,6.297871914007999,8.79768169353634,2,40.99125364431484,39.23224568138195,일회성 폭증형,,0.0,,22.0,이미 발동,22.0
2026-09-27T19:57:26+09:00,ARX,KRW-ARX,,365.0,18.12297735,9921036972.029207,1790506647471,False,False,,2571272303.087813,1526690452.5326693,4827116787.914237,2371809956.193425,6381756453.322437,1.684213259356052,0.8840425537156877,0.6720427023670449,2,-2.215189873417722,14.022140221402225,중립,,,,,,,,,,,,,,NO_DATA,,0.0,,19.9,이미 발동,19.9
2026-09-27T19:57:26+09:00,SUPER,KRW-SUPER,SUPERUSDT,287.0,2.86738351,963895869.8363229,1790505678693,False,False,,665389665.6627365,255317218.9796544,946627186.7872822,14373498003.060947,210063870.47633114,2.606129223567016,0.12816130319719304,0.19960144896664636,2,15.767634854771796,36.09756097560977,중립,4134079.8238,13.548,2746411.684,1502376.7698,1732911.2682,11237284.1419,1034214.3197,1.8280445619281034,0.5692999799609173,0.809275454466135,2,16.57175398633257,34.40577806959948,중립,,0.0,,18.2,이미 발동,18.2
2026-09-27T19:57:26+09:00,AERO,KRW-AERO,AEROUSDT,1163.0,-1.18946474,2265475789.9658313,1790506642768,False,False,,5832876685.539823,9569737373.453264,556927863.2984602,2030215695.5642734,736086441.6119194,0.6095127230680746,1.4394012867316794,2.022001928543911,1,29.198682766191,24.550264550264544,감소형,7897743.84462,-6.487,13183278.97201,11766517.7364,4299156.80788,6555083.76461,3809634.3019,1.1204061615636047,1.7483868743908042,2.082437193902344,3,30.56393244873341,23.894691658320234,가속형,,0.0,,8.2,이미 발동,8.2
2026-09-27T19:57:26+09:00,ZRO,KRW-ZRO,ZROUSDT,2209.0,1.75034546,2029520720.2532768,1790506645864,False,False,,2688053191.834902,7174899630.116448,9700905994.68138,14936086077.33316,10655614168.72199,0.3746468007094999,0.25349512852027317,0.2991421247493874,1,5.4907677356657025,35.857321652065075,감소형,12154682.71657,3.369,11748239.91274,15071918.83523,20107382.00397,33229836.65702,20490437.17884,0.7794787141023454,0.5152048546170821,0.5844284172630984,1,6.466666666666665,35.33898305084746,중립,,0.0,,2.7,이미 발동,2.7
2026-09-27T19:57:26+09:00,ONDO,KRW-ONDO,ONDOUSDT,741.0,1.2295082000000002,47355621228.67164,1790506647149,False,False,,51648941979.017944,182249626730.641,212301739136.4852,51633687378.31411,54275421378.62401,0.28339669554085506,0.3472703193663901,0.46105354387241354,1,29.328621908127218,18.446601941747566,감소형,21493743.37949,-1.907,23617885.69497,74727385.76855,119026781.55669,26871723.27862,32204576.70395,0.31605395334075637,0.32114842410825545,0.40741821946553525,1,30.34415899175955,17.449224721554923,감소형,,0.0,,0,이미 발동,0
2026-09-27T19:57:26+09:00,ENA,KRW-ENA,ENAUSDT,370.0,0.81743869,26876899135.921814,1790506650712,False,False,,42380982587.99021,58634115789.54371,29841860937.01719,26144984028.471283,28788262258.684547,0.7228041562033424,1.109246920689318,1.0816007689080627,1,29.681978798586584,27.430555555555557,감소형,45386263.975392,-4.127,77584468.569489,122704831.401416,48196978.041166,55802386.259145,59278590.446491,0.6322853605957824,1.0266832732760665,1.0619966897835205,1,30.810286268801555,26.75129290079925,감소형,,0.0,,0,이미 발동,0
2026-09-27T19:57:26+09:00,B3,KRW-B3,,1.18,5.35714286,13890551519.56928,1790506623360,False,False,,4878575540.299883,33742862659.562485,4519018857.223932,43335091960.85083,2319675230.466297,0.14458096189172406,0.17936604750310703,0.286225270367764,1,9.80392156862746,36.91931540342301,감소형,,,,,,,,,,,,,,NO_DATA,,0.0,,0,이미 발동,0
2026-09-27T19:57:26+09:00,JTO,KRW-JTO,JTOUSDT,860.0,5.134474330000001,6659927288.669442,1790506611408,False,False,,4522920033.734624,8337085133.595275,2877686035.285347,4143641074.957268,2336085631.799267,0.5425061590781868,0.8834741434061932,1.04457615382493,1,31.30016051364366,18.20809248554913,감소형,6961203.14346,8.708,7103124.16441,7928266.00227,2800244.30626,3999833.99673,3011321.73135,0.8959240472476897,1.4468274268696781,1.6866955382031468,1,33.067729083665334,17.353113410111256,중립,,0.0,,0,이미 발동,0
2026-09-27T19:57:26+09:00,MANTRA,KRW-MANTRA,MANTRAUSDT,7.05,-2.75862069,2834063071.8981347,1790506649734,True,False,,4180910332.930153,38492457450.42491,2991482478.067636,774887559.6126161,1051139326.1602514,0.108616352653369,0.29680735941670255,0.4110649427858522,1,15.814696485623013,10.518292682926834,감소형,726073.34981,0.207,835752.80688,2186291.42177,1886172.0057,714683.74528,740131.40908,0.38226962725919805,0.5237479296463103,0.6309507174328137,1,11.805555555555557,7.095343680709543,감소형,,0.0,,0,유의종목,0
2026-09-27T19:57:26+09:00,SAND,KRW-SAND,SANDUSDT,61.4,0.49099835999999997,1752869275.7211637,1790506648759,True,False,,2235041380.468845,5942227861.32193,2029361352.03652,5944895723.500585,2091094524.5369477,0.3761285215965497,0.48181161922917926,0.5807298800337474,1,9.694793536804314,7.950530035335679,감소형,1779690.19383,-0.964,1801513.63781,4095841.40309,1953205.61442,3940830.16572,2824175.85675,0.43983969605143775,0.5410017374890853,0.6243130874487287,1,11.405901314158196,7.410949079607931,감소형,,0.0,,0,유의종목,0
2026-09-27T19:57:26+09:00,SOPH,KRW-SOPH,SOPHUSDT,5.32,-0.74626866,1489665986.6992447,1790506643786,True,False,,1412164280.628409,1791869991.560728,4613225693.404075,3045125179.522937,11986649091.712015,0.7880952788312541,0.4482956433119165,0.27413041240225844,1,3.875968992248069,-12.274959083469717,중립,432321.719,-2.302,607166.49403,566674.12096,957325.82572,1490555.78654,3631544.58008,1.0714561889669534,0.6042348005105097,0.3918416575533038,2,3.200000000000003,-13.99999999999999,중립,,0.0,,0,유의종목,0
2026-09-27T19:57:26+09:00,EGLD,KRW-EGLD,EGLDUSDT,6680.0,-2.33918129,1306951167.9759576,1790506632745,True,False,,2725265739.736606,8669285212.33961,92211240860.45322,2595424439.9131804,1437908511.8842857,0.31435875888101383,0.07901156914916087,0.12501972244930742,1,14.957983193277302,12.223133716160795,감소형,502349.20075,-0.302,489103.46102,739418.72465,990387.58821,3029233.72257,1577674.35175,0.6614702126342751,0.3083206638599799,0.24430407773013585,1,13.816425120772946,7.87545787545787,감소형,,0.0,,0,유의종목,0
2026-09-27T19:57:26+09:00,RVN,KRW-RVN,RVNUSDT,3.36,-0.29673591,755206658.638752,1790506637630,True,False,,729312151.3701749,1294438833.3449526,1992025259.1813576,1917711221.0750299,6400571778.533943,0.5634195549322042,0.4204194367534577,0.2837809889915332,1,4.658385093167694,4.334365325077405,감소형,436997.2767208,0.122,441414.0288915,813387.625776,773755.9670804,1231175.8493321,1134739.231898,0.5426859407534946,0.46986940758077833,0.4380360251192457,1,7.655081390233187,6.391304347826088,감소형,,0.0,,0,유의종목,0
2026-09-27T19:57:26+09:00,ZIL,KRW-ZIL,ZILUSDT,4.67,-1.2684989400000002,526541514.14222056,1790506562408,True,False,,753082291.889733,6935308182.743683,2069883485.6802201,1375602171.1410267,2024294507.0279028,0.1085867090612555,0.2176371971725706,0.22865597635531196,1,5.816554809843422,6.0538116591928315,감소형,427030.4711041,-1.797,587220.3951316,852608.2694845,409336.4625708,1299022.2905563,1369723.9567969,0.6887341070321102,0.6878890551266486,0.4736081783204127,1,4.39712389380531,3.794335991201536,감소형,,0.0,,0,유의종목,0
2026-09-27T19:57:26+09:00,ICX,KRW-ICX,,19.6,0.0,383312027.03138804,1790506598867,True,False,,490681587.1460156,1806613109.393738,820791151.5531006,1115014111.2166288,1567171925.3032293,0.27160302590225205,0.39334051275166954,0.32306370134312207,1,0.512820512820511,2.083333333333348,감소형,,,,,,,,,,,,,,NO_DATA,,0.0,,0,유의종목,0
2026-09-27T22:54:51+09:00,ESP,KRW-ESP,ESPUSDT,139.0,-2.7972028,14653214486.93489,1790517264501,False,True,"거래량급등,입금량급등",11264305851.511736,1257248227.1640294,1138982721.04665,721548807.202768,695148141.1282727,8.959492332648258,10.838776374713468,11.647997898427747,5,14.399999999999991,12.598425196850393,연속 가속형,4107504.49318,0.753,2611907.3122,622218.02973,571953.46213,840295.40247,532505.70699,4.197736464392376,3.851486577853849,3.8655114769219194,3,14.526843079603612,11.538869445328249,가속형,,0.0,,72.2,발사 전,72.2
2026-09-27T22:54:51+09:00,GAS,KRW-GAS,GASUSDT,2031.0,-2.30880231,1941408094.2708035,1790517279145,False,True,"거래량급등,입금량급등",12145465293.972284,1999638884.7185578,1619003174.0239973,1929827811.180036,1951505607.7836533,6.073829323278896,6.56692687103394,6.260056062378639,3,7.776049766718507,8.677469942498695,가속형,340191.0321,-2.097,1684242.4825,353208.402,404369.5972,448391.7133,396641.4855,4.7684100178907975,4.189763138433711,4.152727223815351,2,8.309659090909083,7.621736062103035,일회성 폭증형,,0.0,,63.4,발사 전,63.4
2026-09-27T22:54:51+09:00,AWE,KRW-AWE,AWEUSDT,95.4,-0.625,3314201405.445674,1790517289199,False,True,거래량급등,4738631938.853953,531760012.6767444,325220751.3625015,890359306.5973148,552484161.1700724,8.911222780744433,8.13573502688745,7.865669919050745,3,10.344827586206895,10.599078341013835,가속형,872345.89154,-1.183,1023590.2836,177350.37928,87769.81325,263862.75461,184554.63235,5.771570874308423,5.80504696304944,4.751071776158592,3,11.44074483193942,10.017136625642632,가속형,,0.0,,62.0,발사 전,62.0
2026-09-27T22:54:51+09:00,FOLD,KRW-FOLD,,91.6,4.56621005,25985060179.964672,1790517292120,False,True,거래량급등,14492592348.077728,1701281137.632876,1551151032.7012749,5249694619.795462,2628199489.3220534,8.518634591013214,5.113753078195436,4.687216014685658,3,5.4151624548736566,4.2857142857142705,가속형,,,,,,,,,,,,,,NO_DATA,,0.0,,61.5,발사 전,61.5
2026-09-27T22:54:51+09:00,ONT,KRW-ONT,ONTUSDT,80.5,-0.61728395,530916533.6748189,1790517181102,False,True,입금량급등,2928897578.1057897,738193729.7565117,743208674.072926,1153233650.631319,672252242.1280202,3.9676543704480762,3.3350688871961798,3.367718624188539,2,7.001321003963001,6.020942408376961,고수준 유지형,401338.71395,-0.622,1133616.28373,484443.1094,622708.49006,889295.32869,656689.03263,2.340040061946642,1.7034506669012153,1.6224518477173941,2,8.192552225249772,5.34135125574815,고수준 유지형,,0.0,,51.1,관찰,51.1
2026-09-27T22:54:51+09:00,STX,KRW-STX,STXUSDT,465.0,-0.42826552,7913779053.518763,1790517291146,False,False,,9516321270.439722,5667517324.351759,4435230530.986427,6508480643.59532,7464381994.5164585,1.6790987527379428,1.7186545723064433,1.3346796536628063,3,10.401891252955075,1.0822510822510845,가속형,2644007.91026,0.029,3073574.50456,2061839.04223,1879725.57724,2235634.5708,2788116.38089,1.4906956564542246,1.4927029596526529,1.199462221017486,3,11.197663096397292,0.3221083455344109,고수준 유지형,,0.0,,49.5,관찰,49.5
2026-09-27T22:54:51+09:00,AZTEC,KRW-AZTEC,,22.8,-2.14592275,498397757.0852045,1790516636073,False,False,,606107054.9573615,272637604.19872695,250071331.86229235,509177249.7179386,427292285.68230414,2.2231234636127706,1.7621334503082398,1.2323414196007747,3,10.952380952380958,4.954954954954971,가속형,,,,,,,,,,,,,,NO_DATA,,0.0,,48.3,관찰,48.3
2026-09-27T22:54:51+09:00,PUMP,KRW-PUMP,PUMPUSDT,6.24,4.1736227,3245947892.107834,1790517288878,False,False,,7077553989.372783,4101793198.247136,3212175210.8482614,6006452055.01929,4371184605.91388,1.7254780159071186,1.5939933747076,1.7143076253234368,3,8.90909090909091,1.1824324324324342,가속형,18668792.192691,4.441,32172533.501279,30642050.637338,23589540.330818,31396090.739447,30973966.834723,1.0499471423128606,1.1271775502859032,1.130424835027552,3,9.74025974025976,0.38839387708478057,중립,,0.0,,47.6,관찰,47.6
2026-09-27T22:54:51+09:00,POLYX,KRW-POLYX,POLYXUSDT,61.2,-2.7027026999999997,1014938170.6388556,1790517283058,False,False,,3132571496.227811,1085720360.3985474,1411692152.519149,1433869239.0717933,1095783111.8219707,2.8852470769525804,2.390496301601269,2.4691387007263335,2,9.77312390924956,8.448275862068954,고수준 유지형,286789.3622,-1.528,695559.81833,605478.5719,493417.63061,469853.35465,353664.91449,1.1487769354864596,1.330154609743852,1.4680838732475652,5,11.057692307692314,7.441860465116279,연속 가속형,,0.0,,46.2,관찰,46.2
2026-09-27T22:54:51+09:00,CELO,KRW-CELO,CELOUSDT,131.0,-0.75757576,720998651.833838,1790517105351,False,False,,1124444243.3423002,291328478.15849984,568359220.1189625,534476426.8312035,771663970.2830554,3.8597127560270175,2.4196094773016568,1.763460033675072,2,7.317073170731714,2.3255813953488413,고수준 유지형,585717.011024,-1.276,754747.986934,502909.627459,445392.719867,573236.982345,667984.089445,1.5007626534163563,1.4881271332576027,1.220019012009428,3,8.469822750729183,0.9711779448621449,고수준 유지형,,0.0,,45.1,관찰,45.1
2026-09-27T22:54:51+09:00,OPEN,KRW-OPEN,OPENUSDT,189.0,-1.5625,1291677276.2131288,1790517204945,False,False,,1503851136.4397848,1246557249.3883724,645051369.9364836,1730678986.496826,622225083.2179157,1.206403586500062,1.2454983977717449,1.5625979573064037,3,4.918032786885251,-2.0408163265306145,중립,651525.1375,-1.702,830978.09412,697840.877,548998.15831,1332178.15185,724333.32775,1.1907844918634654,0.9666218180985471,1.07100396783514,3,5.953278070836476,-2.9005524861878462,중립,,0.0,,44.1,관찰,44.1
2026-09-27T22:54:51+09:00,LINEA,KRW-LINEA,LINEAUSDT,3.95,-0.75376884,1008525970.9216771,1790517278160,False,False,,1380578315.800216,1188108829.6634636,594235649.3743852,1388258948.8556542,827708711.1714424,1.1619965118778472,1.3062923325457794,1.469903197967845,3,4.188481675392675,2.051282051282044,중립,786517.065858,-0.445,1093619.568089,909271.243243,1134813.949149,2034180.35075,1117711.116486,1.202742939706863,0.8044740269019712,0.8367665396595679,2,5.495300072306586,1.6016713091921986,중립,,0.0,,43.9,관찰,43.9
2026-09-27T22:54:51+09:00,AHT,KRW-AHT,,1.66,-1.19047619,336452208.21360755,1790517183817,False,False,,239721415.9712518,163901230.7816942,136327190.98387405,301883883.05296075,142739809.5120611,1.4625968019150823,1.1944021773986244,1.2149614543017693,3,4.347826086956519,3.703703703703698,중립,,,,,,,,,,,,,,NO_DATA,,0.0,,41.3,관찰,41.3
2026-09-27T22:54:51+09:00,SUN,KRW-SUN,SUNUSDT,23.1,-1.28205128,784682250.5038073,1790517277515,False,False,,377744687.9281972,326224635.72143286,273408579.08883953,627441619.5556046,636764803.5544163,1.1579281469433778,0.9235248185741011,0.8176182408443459,3,0.0,0.0,중립,658200.49488,-0.698,385648.88753,493542.55529,704271.45937,1058520.72397,1291171.76659,0.781389331875135,0.5127548864015071,0.42083397250267607,1,0.23391812865496409,-0.7527504342791036,중립,,0.0,,41.0,관찰,41.0
2026-09-27T22:54:51+09:00,ATOM,KRW-ATOM,ATOMUSDT,2522.0,-0.90373281,1627230461.2762873,1790517280444,False,False,,1836383640.010355,1626712318.3985448,1063871956.418247,1526143841.5679188,1850207344.7390072,1.1288926869492364,1.3064989650683092,1.1406729604128931,3,8.621425522833981,3.8775510204081653,중립,4982737.33099,0.705,4112897.81137,4767523.86585,2794095.53677,3571178.86895,4341275.08373,0.8626905553280776,1.1083191425124006,1.0258191897864641,1,9.952885747938755,2.978488692774417,중립,,0.0,,40.3,관찰,40.3
2026-09-27T22:54:51+09:00,F,KRW-F,FUSDT,5.11,-1.54142582,1661214502.3761666,1790517286618,False,False,,1931243672.5285752,1663248314.4275296,1650657542.8913343,3548448424.673397,2649224514.1071277,1.1611276895797045,0.8442774563227161,0.683508071371666,3,0.9727626459144156,2.5691699604743157,중립,331937.180279,-2.238,386546.634428,358943.227689,597008.545865,1048141.314729,909931.812317,1.0769018736381244,0.5786357480417826,0.4624696314576998,2,1.7375033413525864,1.574593007739522,중립,,0.0,,40.1,관찰,40.1
2026-09-27T22:54:51+09:00,CTC,KRW-CTC,,163.0,2.51572327,851899211.3787614,1790517192308,False,False,,966598404.0661058,533162724.42825633,507150679.77491117,1122192074.792623,512966896.7049284,1.8129519559017364,1.3409423654014991,1.2529155383703352,3,6.000000000000005,3.9215686274509887,중립,,,,,,,,,,,,,,NO_DATA,,0.0,,40.0,관찰,40.0
2026-09-27T22:54:51+09:00,DKA,KRW-DKA,,5.86,0.0,292343717.9486518,1790516602995,False,False,,339462835.9896932,275775194.9614227,254989420.3100747,765478487.005146,397276876.67646444,1.2309404260857457,0.7856462311586797,0.6090811940596913,3,1.0344827586207028,2.987697715289972,중립,,,,,,,,,,,,,,NO_DATA,,0.0,,40.0,관찰,40.0
2026-09-27T22:54:51+09:00,AVAX,KRW-AVAX,AVAXUSDT,15200.0,0.46265697000000006,7255992186.631145,1790517293412,False,False,,11523853654.978065,8691757638.73907,6781883132.745587,13583222610.403173,13497485515.085693,1.3258369749768877,1.1897898445048225,0.7949681164580111,3,6.850282485875714,-0.2636783124588038,중립,54053819.01789,1.004,48017776.27594,49214793.68163,51208788.48539,62891600.42385,60995089.12677,0.9756776912764586,0.8820571764518432,0.7165342924659651,1,5.63133281371786,-3.4636274597097283,중립,,0.0,,39.8,관찰,39.8
2026-09-27T22:54:51+09:00,BFC,KRW-BFC,,40.6,-2.63788969,1106479764.6219218,1790517225644,False,False,,2098615287.4534564,657952625.2843801,760647213.9787546,1687073173.7591593,2852106544.8625975,3.189614581363504,2.0272082205568545,0.526613069429245,2,4.249999999999998,-2.3419203747072626,고수준 유지형,,,,,,,,,,,,,,NO_DATA,,0.0,,39.7,관찰,39.7
2026-09-27T22:54:51+09:00,HIVE,KRW-HIVE,HIVEUSDT,80.3,-1.83374083,1451909728.076499,1790517258033,False,False,,7128125470.1953945,1930753153.80951,10119001102.891792,1141522182.4377542,1063701476.9946694,3.6918885545421007,1.6210998616584111,2.3754400609565463,2,10.094212651413192,8.921438082556588,고수준 유지형,312132.7602,0.51,718556.7261,441699.4897,1548123.382,225614.2634,310816.0079,1.6267999915237394,0.9730224993284216,1.2575906452711587,2,10.720887245841038,7.927927927927936,중립,,0.0,,39.4,관찰,39.4
2026-09-27T22:54:51+09:00,BOUNTY,KRW-BOUNTY,,20.2,0.0,259609905.08168033,1790516962086,False,False,,214269109.43335652,160304521.96869004,93487629.62447628,314225027.1343003,184870062.77327284,1.3366379613121993,1.1316688163202315,1.0752847313333465,3,4.663212435233155,6.8783068783068835,중립,,,,,,,,,,,,,,NO_DATA,,0.0,,39.3,관찰,39.3
2026-09-27T22:54:51+09:00,QUID,KRW-QUID,,97.8,-0.9118541000000001,3118139175.540573,1790517222751,False,False,,3557051525.6104727,1950152431.75513,1849882511.7334845,7600800215.63554,991577239.7710391,1.8239864062365316,0.9359976201648027,1.2793972097452655,3,3.459119496855334,9.18141592920354,중립,,,,,,,,,,,,,,NO_DATA,,0.0,,39.2,관찰,39.2
2026-09-27T22:54:51+09:00,BORA,KRW-BORA,,39.2,-1.25944584,397850077.8603564,1790517271295,False,False,,721981630.8988461,500004948.32935196,358469586.4965401,1252435872.5863886,1065857876.6219172,1.4439489715275353,1.0260714453304172,0.19619061792166526,3,5.026455026455046,2.0565552699228995,중립,,,,,,,,,,,,,,NO_DATA,,0.0,,39.0,관찰,39.0
2026-09-27T22:54:51+09:00,DOT,KRW-DOT,DOTUSDT,1683.0,-0.35523979,2743790317.376938,1790517145801,False,False,,3759517640.3333883,2988179751.944406,2591438912.4337125,4454398719.391595,2313008767.786826,1.258129681752603,1.1240316305653926,1.2893495652163165,3,11.70634920634921,3.429271279853041,중립,15821144.04803,0.162,17276923.99882,13539404.31128,13005945.5901,16094070.9573,13074111.66395,1.2760475720801234,1.2155599431859765,1.1871355912282637,3,12.794918330308525,2.9826014913007404,중립,,0.0,,38.6,관찰,38.6
2026-09-27T22:54:51+09:00,WLFI,KRW-WLFI,WLFIUSDT,78.8,-1.12923463,4081062810.879361,1790517287576,False,False,,5502014510.796696,1831309784.0394216,2631666888.2063565,4786155788.871419,4536400859.162914,3.0044149595818777,1.7846045131022301,1.4479657919516593,2,6.979865771812088,2.5740025740025763,고수준 유지형,4886203.50126,-1.363,6955342.23556,6814575.39247,7127876.38296,9080895.05936,9986182.80987,1.0206567298742553,0.9062985870998509,0.7771063779315516,2,7.734806629834257,1.9163763066202266,중립,,0.0,,38.5,관찰,38.5
2026-09-27T22:54:51+09:00,AI,KRW-AI,AIUSDT,28.7,-2.0477815699999997,635915942.9542563,1790517209624,False,False,,636133196.8618762,586004411.7189287,530954130.03510886,856018693.2078984,453562049.5264,1.085543357934635,0.9672689358843245,1.0247888212538834,3,6.545454545454543,1.736111111111116,중립,489206.48234,-0.498,542451.00564,883235.46961,3041037.50173,1323182.19715,475555.0208,0.614163520719479,0.31012232876079715,0.41465616652315657,1,6.951871657754016,9.289617486338809,감소형,,0.0,,38.5,관찰,38.5
2026-09-27T22:54:51+09:00,MLK,KRW-MLK,,62.2,0.32258065,346579648.3792799,1790517074223,False,False,,344391630.55574757,290523472.05161804,253517901.9892675,554763115.3993033,546314810.7708379,1.1854175778766634,0.9402718150465669,0.30178837490188504,3,4.553119730185506,4.3771043771043905,중립,,,,,,,,,,,,,,NO_DATA,,0.0,,38.2,관찰,38.2
2026-09-27T22:54:51+09:00,FLUID,KRW-FLUID,,2026.0,3.7909836099999996,382232747.9757145,1790517229857,False,False,,274944161.92958355,273941140.80621785,124217697.37550235,333588349.1137448,285572415.8616066,1.0036614475664873,1.1272096430426042,1.1234939932395496,3,4.664879356568363,3.774587985114297,중립,,,,,,,,,,,,,,NO_DATA,,0.0,,37.1,관찰,37.1
2026-09-27T22:54:51+09:00,TAO,KRW-TAO,TAOUSDT,446300.0,2.0347508,5560574618.455428,1790517245067,False,False,,6108682892.241184,5240401253.689657,4071613239.594975,7212508003.220612,8198491920.154779,1.165689915049957,1.1090213759943328,0.9000221157096239,3,10.678137651821862,1.2499999999999956,중립,55889677.69473,0.275,58668835.2636,56025376.05486,48442023.51155,55735237.52064,80815654.82073,1.0471832479295011,1.0986492419295355,0.8799429171865583,3,11.838440111420612,0.5635566687539173,중립,,0.0,,36.2,관찰,36.2
2026-09-27T22:54:51+09:00,ELSA,KRW-ELSA,,79.6,-0.5,1344583756.8817117,1790517244421,False,True,거래량급등,2422830825.4513936,531986137.5683196,643727038.1422617,605405122.6466119,715698244.6031375,4.5543119535520695,4.080858909292125,3.7457791298903516,2,4.575163398692816,5.54089709762533,일회성 폭증형,,,,,,,,,,,,,,NO_DATA,,0.0,,34.2,관찰,34.2
2026-09-27T22:54:51+09:00,PROVE,KRW-PROVE,PROVEUSDT,320.0,-3.32326284,561070727.8734637,1790517194072,False,False,,1392396108.7870903,398791095.8248659,748567903.4606488,2003050654.7005785,5192513479.20477,3.4915426231045505,1.3259190978785993,0.19551626880185355,2,4.416403785488954,1.846153846153853,중립,789781.70437,-2.927,1128234.81915,1201165.02622,167470680.70228,36052813.4043,19011457.39728,0.93928377410429,0.016532959301470484,0.023049764066246498,1,4.87699611566681,1.207830070803828,중립,,0.0,,33.7,관찰,33.7
2026-09-27T22:54:51+09:00,IO,KRW-IO,IOUSDT,230.0,0.43668122000000004,283263035.9542762,1790517054023,False,False,,294453668.74039084,263662915.3313798,189923379.67554346,519390994.63632125,233528435.09898123,1.1167807515528387,0.9078947840037139,0.8242328852128572,3,13.366336633663355,11.165048543689316,중립,1955833.797088,-1.112,2559451.696468,1929557.542863,1494302.5987,2205380.763772,1481661.372506,1.3264448660444654,1.3640125229188527,1.371969169709865,3,13.947190250507791,10.360655737704928,중립,,0.0,,33.5,관찰,33.5
2026-09-27T22:54:51+09:00,TOKAMAK,KRW-TOKAMAK,,523.0,-1.87617261,333433213.2201744,1790517249263,False,True,거래량급등,2982323009.404212,194135864.6856406,209145573.5551036,392672787.112917,272309390.31445974,15.362040467037936,11.240557237116604,9.803946618851151,2,5.753968253968256,8.113590263691695,일회성 폭증형,,,,,,,,,,,,,,NO_DATA,,0.0,,33.2,관찰,33.2
2026-09-27T22:54:51+09:00,INJ,KRW-INJ,INJUSDT,10530.0,-0.47258978999999995,1288588103.2136488,1790517272617,False,False,,1413060366.293055,1204157289.1378722,3299221219.841468,2699436780.3268714,2194718772.0830345,1.1734848753062392,0.5885450242175363,0.6960315209101311,2,-1.121495327102806,-2.846648301193755,중립,10330892.2256,-0.116,13087085.27086,17714271.38839,23851049.90338,26842439.41671,18846376.17887,0.738787669214401,0.5739298495662214,0.6017849182752592,1,-0.34602076124568004,-0.9805169998726604,감소형,,0.0,,33.0,관찰,33.0
2026-09-27T22:54:51+09:00,JPYC,KRW-JPYC,,8.58,-0.11641444,1115245763.7081969,1790517190571,False,False,,1250263158.2683022,1209124386.3152997,1668314310.229142,2957296186.876625,2889032984.270048,1.034023606188582,0.6428380294471434,0.46904273881369357,2,-0.578703703703709,-0.34802784222737193,중립,,,,,,,,,,,,,,NO_DATA,,0.0,,33.0,관찰,33.0
2026-09-27T22:54:51+09:00,USDC,KRW-USDC,USDCUSDT,1358.0,-0.22042616,1109210031.0262907,1790517252505,False,False,,1200605612.706693,972971952.0326549,1303531410.828122,2462911451.9630013,2065159335.885374,1.2339570634060768,0.7599707936208581,0.6680674353162015,2,-0.8017492711370311,0.6656804733727872,중립,1208815597.8359,0.003,875062768.7218,2970483318.24134,2984297405.54443,3509948476.96585,3138012925.17953,0.29458598987853485,0.2773653900163278,0.26483553770397034,1,0.0019997800241977615,0.0,감소형,,0.0,,32.9,관찰,32.9
2026-09-27T22:54:51+09:00,FLOCK,KRW-FLOCK,,96.6,-2.42424242,8922272167.145052,1790517292140,False,False,,11641525936.892641,11614627205.163279,28876594592.805668,17715554280.63883,32698126105.836792,1.0023159358672662,0.6000087990359158,0.5298220721319042,2,1.0204081632652962,-0.30211480362537513,중립,,,,,,,,,,,,,,NO_DATA,,0.0,,32.6,관찰,32.6
2026-09-27T22:54:51+09:00,ALT,KRW-ALT,ALTUSDT,10.8,-2.7027026999999997,115931353.34105264,1790517284649,False,False,,184067916.77096668,151369530.6561429,203614084.65303737,690332237.8898102,409011569.3741785,1.216016961756344,0.5282649723746038,0.42281553387410425,2,9.90099009900991,8.823529411764719,중립,748876.72222,-2.086,1399402.72688,732118.38666,697349.20714,1085963.3964,503833.64989,1.9114432206302323,1.668981656422307,1.8175890238338062,3,10.569105691056912,7.651715039577844,가속형,EARLY,5.0,Binance 연속가속 우위,32.6,관찰,32.6
2026-09-27T22:54:51+09:00,MEGA,KRW-MEGA,MEGAUSDT,59.9,-1.80327869,819353425.7742953,1790517269660,False,False,,680991238.7441318,581382344.569024,730792229.8956327,1384555697.1908326,1225320090.0734363,1.1713311302030465,0.7575743624438342,0.5759226428918868,2,1.6666666666666607,-0.4893964110929794,중립,1270925.428446,-1.953,1387680.45736,1945548.435377,1934186.230112,3282502.051348,3149826.410422,0.7132592703049828,0.5812487825616701,0.435676232974324,1,2.7497708524289566,-0.9717314487632578,감소형,,0.0,,32.4,관찰,32.4
2026-09-27T22:54:51+09:00,HUNT,KRW-HUNT,,142.0,0.0,194102990.12576294,1790516986807,False,False,,451084632.30524045,223800197.50289848,375851535.13567114,714973402.3237224,183915934.99390942,2.015568517536265,1.0293838607874612,1.0955739239051236,2,2.158273381294973,3.649635036496357,중립,,,,,,,,,,,,,,NO_DATA,,0.0,,32.2,관찰,32.2
2026-09-27T22:54:51+09:00,CP,KRW-CP,,18.0,-1.0989011,2506341289.2355356,1790517148143,False,False,,3243233227.9681396,2451448370.5874968,2763263527.8686366,4883607939.08363,3876319028.6522155,1.322986552309437,0.9634968826927995,0.9479581529574891,2,2.824858757062154,-1.0869565217391242,중립,,,,,,,,,,,,,,NO_DATA,,0.0,,32.0,관찰,32.0
2026-09-27T22:54:51+09:00,FCT2,KRW-FCT2,,13.1,0.76923077,314237412.4620944,1790517258358,False,False,,205599583.94292477,138354121.38492206,203811181.51823166,225194179.05446297,311980741.5063869,1.4860387380215128,1.0871392326088787,0.6190279348587936,2,2.3622047244094446,1.5625,중립,,,,,,,,,,,,,,NO_DATA,,0.0,,31.9,관찰,31.9
2026-09-27T22:54:51+09:00,MNT,KRW-MNT,,929.0,-1.7970401699999998,481759718.75858766,1790517200840,False,False,,852527066.4546248,532304333.0492524,732090609.2035265,909645682.1683378,798286666.9893589,1.6015782955795388,1.1764183109710211,1.1884542266082876,2,5.58035714285714,7.622298065984068,중립,,,,,,,,,,,,,,NO_DATA,,0.0,,31.7,관찰,31.7
2026-09-27T22:54:51+09:00,CBK,KRW-CBK,,300.0,-3.53697749,1664013835.7753167,1790517287260,False,True,거래량급등,11160507175.796453,214565846.56875736,295594897.2345304,339719024.96521544,242530643.52162832,52.01436926831728,39.39559777485339,33.75360276534028,2,9.507042253521124,9.893992932862194,일회성 폭증형,,,,,,,,,,,,,,NO_DATA,,0.0,,31.5,관찰,31.5
2026-09-27T22:54:51+09:00,GEOD,KRW-GEOD,,359.0,0.0,3360915442.2218156,1790517201831,False,False,,1220507833.774974,637106243.2519096,1092495234.6777556,2025961421.1696436,1268338528.7326832,1.915705342244448,0.9749599726323476,0.7931750932256695,2,2.279202279202286,3.458213256484144,중립,,,,,,,,,,,,,,NO_DATA,,0.0,,31.4,관찰,31.4
2026-09-27T22:54:51+09:00,SPX,KRW-SPX,,609.0,-1.9323671500000001,532036769.95756084,1790517294379,False,False,,699051316.2309495,636904174.199095,902396799.4358153,1585496530.6417246,766054754.5393494,1.097576911173497,0.6711327520655846,0.7351391493668266,2,4.545454545454541,-9.738372093023251,중립,,,,,,,,,,,,,,NO_DATA,,0.0,,31.4,관찰,31.4
2026-09-27T22:54:51+09:00,NCT,KRW-NCT,,14.8,1.36986301,459800401.3896223,1790517272941,False,False,,465134700.00733536,314112406.86464876,373800609.8509307,565667304.705099,380562341.2664815,1.4807906018426142,1.1131349752208932,0.8765742608043328,2,2.8169014084507005,2.0979020979020824,중립,,,,,,,,,,,,,,NO_DATA,,0.0,,31.4,관찰,31.4
2026-09-27T22:54:51+09:00,BLEND,KRW-BLEND,,95.5,1.16525424,782027707.4073796,1790517132349,False,False,,496851075.13511527,444289202.3914961,515476211.5431836,933411207.7961878,570056370.3312528,1.118305537160687,0.7873291949076485,0.7947586838796113,2,0.10604453870626251,3.3953997809419656,중립,,,,,,,,,,,,,,NO_DATA,,0.0,,31.3,관찰,31.3
2026-09-27T22:54:51+09:00,TOSHI,KRW-TOSHI,,0.177,-0.56179775,361719400.4445759,1790517238567,False,False,,401168339.80022264,375750547.4203052,551199581.3500766,1038933313.9414418,2900016184.766952,1.067645390151583,0.6121955113170401,0.3511351881495062,2,3.488372093023262,2.8901734104046284,중립,,,,,,,,,,,,,,NO_DATA,,0.0,,31.1,관찰,31.1
2026-09-27T22:54:51+09:00,CRV,KRW-CRV,CRVUSDT,470.0,-0.6342494700000001,733988383.8585392,1790517189545,False,False,,616903610.9507459,259539870.064275,847104212.1523826,759612922.4042169,619772540.3167683,2.376912690901671,0.991669865548987,0.9639417248657295,2,6.0538116591928315,-5.020080321285136,중립,2921612.446,-0.546,3432043.37315,3971553.5212,5080269.04276,6223934.73163,4747912.92887,0.8641563949295621,0.6740176555713161,0.615490487803092,1,6.982466933251308,-5.463441152487092,중립,,0.0,,30.9,관찰,30.9
2026-09-27T22:54:51+09:00,WCT,KRW-WCT,WCTUSDT,59.0,-1.83028286,666544965.1318189,1790517263530,False,False,,672667242.9781916,437472528.51433104,451220702.5853356,818351594.4625832,1148587490.5609832,1.5376216770972762,1.1821609478063384,0.725463777826728,2,6.939501779359425,5.069930069930062,중립,916134.62214,-2.472,714658.11011,549165.873911,660777.316205,896342.574492,859245.675972,1.3013520032124581,1.017893377221307,0.8739269580395728,2,7.467057101024888,3.966005665722383,중립,,0.0,,30.9,관찰,30.9
2026-09-27T22:54:51+09:00,MOCA,KRW-MOCA,,14.3,0.70422535,473314625.50210756,1790517184815,False,False,,191501365.7372173,166581706.18616933,194407096.8372007,494665611.5166454,273319058.73617876,1.1495942148845453,0.6714207131397728,0.4782499875456006,2,3.649635036496357,1.4285714285714235,중립,,,,,,,,,,,,,,NO_DATA,,0.0,,30.8,관찰,30.8
2026-09-27T22:54:51+09:00,ANIME,KRW-ANIME,ANIMEUSDT,4.69,-1.05485232,1140135118.5033028,1790517142720,False,False,,493091298.7290356,390908613.1037221,667551791.5967109,1163195125.3474052,1428392841.229193,1.2613978873834657,0.6658430509050403,0.48216710163311194,2,4.175824175824183,3.947368421052655,중립,318930.544161,-1.146,156442.574613,165124.054083,201649.051487,311153.314687,302076.553311,0.9474245014258418,0.6922989130016192,0.5949810427830554,1,5.757575757575761,3.5608308605341144,중립,,0.0,,30.7,관찰,30.7
2026-09-27T22:54:51+09:00,VANA,KRW-VANA,VANAUSDT,1550.0,-1.3367282,586030169.8282528,1790516738171,False,False,,520481662.09814745,410509430.81426674,515170172.2216138,784802475.1400633,742608913.0230439,1.267892094624343,0.9128683698104371,0.6444106946464642,2,4.873164218958603,2.746893394375416,중립,357209.37772,-1.632,409379.6077,296423.7553,328720.89863,831286.70857,512272.00323,1.3810620787989185,0.8432521124729625,0.7280238954598022,2,6.060606060606055,2.5754884547069423,중립,,0.0,,30.7,관찰,30.7
2026-09-27T22:54:51+09:00,PIEVERSE,KRW-PIEVERSE,,2150.0,2.96934866,2151899944.7348557,1790517199113,False,False,,816502260.2305021,771434779.5047857,1021020419.8879246,1307374121.4384334,2352988673.048582,1.0584203382101167,0.790206984697703,0.185678128604057,2,-9.999999999999998,-16.41313050440353,중립,,,,,,,,,,,,,,NO_DATA,,0.0,,30.6,관찰,30.6
2026-09-27T22:54:51+09:00,TREE,KRW-TREE,TREEUSDT,66.1,-1.49031297,1767512160.7889652,1790517254127,False,False,,1822910803.6530046,1736925099.6178071,2060314882.9458199,4143205677.2998075,7704238971.842984,1.0495045549483497,0.6887185738958975,0.5146687286085535,2,1.0542168674698704,9.283387622149842,중립,481390.5965,-0.205,497174.69671,398941.86128,635977.87179,1071141.08412,1531938.86581,1.246233461474364,0.7082056120867668,0.5975776321853353,2,1.6528925619834656,8.370044052863435,중립,,0.0,,30.6,관찰,30.6
2026-09-27T22:54:51+09:00,VET,KRW-VET,VETUSDT,12.7,-0.78125,851811964.8966961,1790517155008,False,False,,1110578197.936596,863791921.013069,1208455392.947247,3071323794.0764594,1270281345.7985125,1.2857010709640488,0.6477473575905245,0.6294715998177042,2,5.785123966942152,1.5873015873016039,중립,2074292.5151858,-2.336,3105022.6978709,2077075.8693211,1874288.7073794,3797549.1906224,2225025.3924656,1.4949009536593327,1.202112757131749,1.1532273010781866,3,5.956576105490519,-0.03217503217504136,중립,,0.0,,30.6,관찰,30.6
2026-09-27T22:54:51+09:00,TRUMP,KRW-TRUMP,TRUMPUSDT,2891.0,0.38194444,22832999914.865532,1790517285635,False,False,,27361577859.25581,27165574975.272278,35829199609.617615,56764668225.943756,37606036148.99317,1.007215120024588,0.685413455934532,0.7224361483036335,2,6.548279689234193,-2.669820885434271,중립,17243167.705803,-0.421,17592642.604479,21577041.133215,26792867.109435,44376078.825917,37669454.503665,0.8153408289794404,0.5690588831020618,0.5269466606542448,1,7.524148449415358,-3.2921810699588328,중립,,0.0,,30.4,관찰,30.4
2026-09-27T22:54:51+09:00,T,KRW-T,TUSDT,7.81,0.6443299,10222906569.102024,1790517268687,False,False,,5415883989.6512375,2105069605.701688,3262242952.0365148,9992842013.607557,2310030619.6691613,2.5727814296411102,1.0577791970442518,1.182150357958318,2,3.743315508021383,9.915014164305958,중립,1464103.783441,2.131,813472.954541,412870.107776,902794.912274,1636364.876929,859776.697381,1.9702878440944058,0.8266917845650668,0.7978744356979647,2,4.595588235294112,9.213051823416496,중립,,0.0,,30.4,관찰,30.4
2026-09-27T22:54:51+09:00,DOS,KRW-DOS,,310.0,-1.8987341800000002,1726468892.8281884,1790517254141,False,False,,1730808432.9591353,1291286134.9064682,2347559901.2211156,3909547061.2758193,1928947704.913857,1.3403756039589965,0.6878848560051232,0.7603844859940595,2,4.290429042904287,6.040268456375841,중립,,,,,,,,,,,,,,NO_DATA,,0.0,,30.2,관찰,30.2
2026-09-27T22:54:51+09:00,POKT,KRW-POKT,,12.7,0.0,491678648.50079745,1790517278486,False,False,,530477166.2463315,389865355.95711,437220023.1756466,930469888.0438541,528357085.95992863,1.3606676206046135,0.9054802022217586,0.6988962862520132,2,4.958677685950419,4.958677685950419,중립,,,,,,,,,,,,,,NO_DATA,,0.0,,30.2,관찰,30.2
2026-09-27T22:54:51+09:00,SLX,KRW-SLX,,97.2,1.99370409,6991893845.466729,1790517270314,False,False,,4607809296.074293,3562415701.9781637,4986684453.448385,19107787809.89808,3643639473.736753,1.2934507596953482,0.49981863127746967,0.6859272944496294,2,-5.643564356435649,5.888888888888877,중립,,,,,,,,,,,,,,NO_DATA,,0.0,,30.1,관찰,30.1
2026-09-27T22:54:51+09:00,SAHARA,KRW-SAHARA,SAHARAUSDT,13.3,-0.74626866,4047712223.7183976,1790517250568,False,False,,4091737000.1330953,3586700200.756401,5670755424.691838,6411877449.244839,5595862604.193922,1.1408082000469921,0.7833907762305784,0.798141358070574,2,4.6875,5.51181102362206,중립,1272884.28283,1.339,1653134.63841,1449471.35524,1594377.95334,2039412.28299,1776150.2971,1.1405086636819242,0.975634211596467,1.00341036617859,2,4.589114194236932,3.703703703703698,중립,,0.0,,30.1,관찰,30.1
2026-09-27T22:54:51+09:00,BTT,KRW-BTT,,0.000509,2.00400802,1330875872.7528622,1790517250892,False,False,,975497707.2225146,652159722.7495574,1509297891.038131,10991623469.202335,29257795231.74678,1.4957956972714268,0.22249487425818248,0.1131854036014479,2,-0.5976095617529764,5.720338983050843,중립,,,,,,,,,,,,,,NO_DATA,,0.0,,30.1,관찰,30.1
2026-09-27T22:54:51+09:00,ZKC,KRW-ZKC,ZKCUSDT,61.0,0.49423394,2450698947.0931273,1790517195750,False,False,,3455438784.1736565,1580692279.7088804,4305029227.44298,3322372054.9508696,3653768605.0322175,2.186028760012703,1.1257831257476658,1.1279116369169553,2,8.007117437722421,7.243816254416968,중립,748253.99659,0.224,825262.65865,417812.66952,982698.06784,1149829.64203,938285.38314,1.9751977832507925,0.9707676653506809,0.952332035331378,2,9.046454767726164,6.698564593301448,중립,,0.0,,29.9,관찰,29.9
2026-09-27T22:54:51+09:00,LPT,KRW-LPT,LPTUSDT,2399.0,1.26635711,1064462990.5235661,1790517101529,False,False,,479214082.84828466,329803739.3906603,584352637.4498216,2199737303.010241,552491485.3387672,1.453028045508739,0.46168636323311246,0.3274308838501635,2,5.242114615726345,1.0234541577825107,중립,1591652.09269,1.259,1307100.89314,1436612.11208,2013358.4461,2733593.65007,1162118.98918,0.9098495565706409,0.6341492620369767,0.6383101765082733,1,6.349206349206349,0.3456221198156584,중립,,0.0,,29.9,관찰,29.9
2026-09-27T22:54:51+09:00,TRUST,KRW-TRUST,,90.8,9.66183575,23388673368.759968,1790517291133,False,False,,1005002350.3405551,525975307.1376437,665071344.8213401,721275844.0710351,2044661936.336637,1.9107405551218275,1.5766206051964662,1.0823331322673175,2,0.4854368932038833,1.4705882352941124,고수준 유지형,,,,,,,,,,,,,,NO_DATA,,0.0,,29.8,관찰,29.8
2026-09-27T22:54:51+09:00,PRL,KRW-PRL,,165.0,-1.19760479,2167182178.181338,1790517289519,False,False,,1606130806.212406,1197459194.4558792,1726664075.631089,2575765115.471831,1699254758.4016843,1.3412822864016052,0.8760891277883015,0.9098156754387435,2,6.369426751592355,4.374999999999996,중립,,,,,,,,,,,,,,NO_DATA,,0.0,,29.8,관찰,29.8
2026-09-27T22:54:51+09:00,SYRUP,KRW-SYRUP,SYRUPUSDT,297.0,-1.0,1118466168.3417547,1790517240197,False,False,,1087305985.161243,922174180.9328914,1867891821.5083742,1902703161.5017471,1340658259.7620935,1.1790679110765179,0.6950944829220969,0.7633769432752814,2,9.090909090909083,-4.153354632587858,중립,2327632.50815,-2.019,1897914.05905,2052788.08716,2216534.91004,2009543.79215,1436544.38437,0.9245543029605818,0.9068104752289906,1.027447343850909,1,9.990009990010007,-4.798962386511018,중립,,0.0,,29.8,관찰,29.8
2026-09-27T22:54:51+09:00,EUL,KRW-EUL,EULUSDT,2007.0,-3.04347826,1768496860.5057847,1790517043300,False,False,,2036415440.3273146,894530364.2578365,1943014679.1289468,12026810982.079859,1914192107.09643,2.2765190782728366,0.4109997305308861,0.5661207647356026,2,6.099436186570983,6.811145510835903,중립,843504.06875,-0.471,1280823.66631,558929.24953,887669.94263,3101157.90304,1022163.38048,2.291566718662579,0.8449156185112867,1.031910204589655,2,7.122708039492243,5.779944289693595,중립,,0.0,,29.4,관찰,29.4
2026-09-27T22:54:51+09:00,API3,KRW-API3,API3USDT,382.0,0.0,554367632.7109644,1790517218415,False,False,,709501841.3636439,652410981.0954163,918922735.4122962,9867817848.81384,691226718.2284254,1.0875075097178322,0.18607197500063016,0.2795924431913684,2,5.524861878453047,7.605633802816891,중립,652827.96376,-1.366,611330.942317,726719.287029,529007.402933,3241184.735142,565703.915821,0.8412201977138453,0.4078338783176245,0.5315480388006255,1,6.509326227636092,6.468797564687989,중립,,0.0,,29.4,관찰,29.4
2026-09-27T22:54:51+09:00,PENDLE,KRW-PENDLE,PENDLEUSDT,3582.0,2.40137221,847551070.9682302,1790517272615,False,False,,846850447.0221015,840140410.6259723,1281369647.4021833,2115688278.1443222,1811945550.5843487,1.0079868035286266,0.5995828232485386,0.5610820825125424,2,3.2772364924712027,2.701115678214916,중립,3583650.8302,2.481,4088013.7924,6596483.8093,9014925.6728,8586146.7858,10142198.5292,0.6197261921020024,0.506829749311059,0.46266817089979634,1,4.051863857374394,1.8643395477984992,감소형,,0.0,,29.3,관찰,29.3
2026-09-27T22:54:51+09:00,NEO,KRW-NEO,NEOUSDT,3611.0,-0.57819383,491754421.35227746,1790517032251,False,False,,960346995.8905385,797935834.793989,883157518.4904234,1495313727.8878937,1107958656.3734434,1.2035391243438525,0.9070125188766168,0.913702099422736,2,6.510263929618776,6.823529411764695,중립,589931.51713,-0.449,562238.30755,733648.08877,803931.75427,1224065.13992,1070656.52957,0.7663596704690152,0.6107645743958504,0.5861576343226684,1,7.580645161290334,6.125696101829758,중립,,0.0,,29.2,관찰,29.2
2026-09-27T22:54:51+09:00,LAYER,KRW-LAYER,LAYERUSDT,112.0,0.9009009,1126239279.2669232,1790517233093,False,False,,1026309590.0710856,670782290.8856579,672995809.8412343,1444919044.3070695,765271334.4093354,1.5300189107795499,1.1040742719933327,0.9664563820343975,2,7.7669902912621325,5.714285714285716,중립,474985.489534,1.108,423824.055424,334884.443716,311872.887143,464393.371591,389111.41304,1.2655829895264576,1.1442841762764526,0.9886285481882996,3,9.919571045576415,6.493506493506507,중립,,0.0,,29.1,관찰,29.1
2026-09-27T22:54:51+09:00,KAITO,KRW-KAITO,KAITOUSDT,487.0,-0.6122449,1497113954.5594003,1790517163770,False,False,,2665275256.7620263,1676299452.973401,2705624146.60792,4909042866.376387,2313855096.108805,1.5899756168472114,0.8606021558233956,0.964564970581987,2,9.131403118040083,3.813559322033888,중립,1540748.22236,-0.361,2064985.68967,1959004.14913,3456613.44715,4267302.25743,2856122.69261,1.0540997019261378,0.6397819214249107,0.6746418816563134,2,10.466543891958269,3.0936694356917815,중립,,0.0,,29.0,관찰,29.0
2026-09-27T22:54:51+09:00,AGLD,KRW-AGLD,AGLDUSDT,297.0,-2.30263158,350126265.3962895,1790517251854,False,False,,391886313.2874657,363038766.0179357,472344061.63764673,539389090.5506123,902989025.4194108,1.0794613412389817,0.855166536567316,0.578139063172483,2,5.555555555555558,9.35251798561152,중립,126139.46818,-2.895,213964.41281,212252.08316,291713.70059,399293.44727,448218.19196,1.0080674338951445,0.7106412161491513,0.6094919826253847,2,7.0678127984718175,8.940719144800768,중립,,0.0,,29.0,관찰,29.0
2026-09-27T22:54:51+09:00,W,KRW-W,WUSDT,19.8,11.23595506,14147640022.156685,1790517274572,False,False,,1131367014.048889,836731873.5387086,521776961.02423143,1022270842.024354,708079457.8573585,1.3521261109178364,1.4256258466604135,1.1638106388960374,3,14.83870967741936,9.876543209876543,고수준 유지형,12534032.531393,14.748,1820695.899841,1336199.940635,705149.893797,1213148.43817,866543.100795,1.3625924118629686,1.6783194342137455,1.569069293178006,3,16.413916146297968,9.756097560975618,가속형,,0.0,,28.9,관찰,28.9
2026-09-27T22:54:51+09:00,POWR,KRW-POWR,POWRUSDT,94.8,-2.96827021,726218514.0283566,1790517283045,False,False,,1639108515.52632,889592822.0878876,1285140919.4390612,10935424031.639046,683905376.3859506,1.8425379283966206,0.3750775262707969,0.5521170516510342,2,4.603854389721618,13.736903376018628,중립,138764.9622,-1.969,210354.5347,199611.0425,300476.8309,1125712.2561,96384.7162,1.0538221336126732,0.388155710317281,0.5380620185754993,2,5.433186490455233,13.070866141732296,중립,,0.0,,28.4,관찰,28.4
2026-09-27T22:54:51+09:00,BREV,KRW-BREV,BREVUSDT,123.0,-1.6,281269237.288512,1790517239549,False,False,,291500795.6545754,238577412.48295832,424146050.858519,899154086.7775248,3915134182.15773,1.2218289762673884,0.5599045756801463,0.24161201778082775,2,7.758620689655182,8.695652173913038,중립,197400.67121,-1.737,163942.35967,258923.4015,198807.07642,387067.17133,839998.85869,0.6331693416672498,0.5821832949542858,0.41767522672651614,1,7.900943396226423,7.14285714285714,감소형,,0.0,,28.4,관찰,28.4
2026-09-27T22:54:51+09:00,RE,KRW-RE,REUSDT,676.0,1.19760479,3406242765.3658113,1790517201512,False,False,,2867501867.24106,2027687767.8427677,2551831665.5209427,4504310120.534931,2092317119.2125452,1.414173282848059,0.9470131017629139,1.0908552041110955,2,8.972267536704726,5.1968503937007915,중립,1829152.22415,2.35,2337986.11263,1443077.61719,1512523.62555,3410339.7021,1792186.18253,1.6201388510082986,1.1017944399209765,1.2429263028439617,2,9.896999552171959,4.737516005121645,중립,,0.0,,28.2,관찰,28.2
2026-09-27T22:54:51+09:00,SAFE,KRW-SAFE,,155.0,-1.8987341800000002,258386739.00723714,1790517209298,False,False,,293923422.0594258,228781778.53233784,642112008.6655991,394477936.05983543,501917251.8879182,1.2847326563547992,0.696846823720787,0.48405090613871204,2,8.965517241379306,7.48299319727892,중립,,,,,,,,,,,,,,NO_DATA,,0.0,,28.2,관찰,28.2
2026-09-27T22:54:51+09:00,0G,KRW-0G,0GUSDT,355.0,-0.8379888300000001,3541036823.766701,1790517269331,False,False,,4988616669.185425,2769289982.2243867,4918818100.313952,13441554283.758232,5135368829.580481,1.80140638979902,0.7082862824835267,0.8318658719955307,2,6.231454005934722,12.933753943217674,중립,1909472.75631,-0.494,2584348.675674,1551855.682323,2225640.132211,4773223.872767,2129528.963167,1.6653279716097331,0.9067126874169836,0.958497213452571,2,6.959706959706957,12.16389244558258,중립,,0.0,,28.0,관찰,28.0
2026-09-27T22:54:51+09:00,XCN,KRW-XCN,,7.15,1.85185185,4836062476.258084,1790517055978,False,False,,1035243575.9021567,616167530.56629,3041938854.4936404,3471930526.9087267,523575838.31889087,1.6801332828276654,0.43558410230571365,0.6022607580476607,2,-2.904564315352709,16.417910447761173,중립,,,,,,,,,,,,,,NO_DATA,,0.0,,27.9,관찰,27.9
2026-09-27T22:54:51+09:00,BARD,KRW-BARD,BARDUSDT,203.0,0.49504950000000003,626538331.5025604,1790517158705,False,False,,634597802.23686,593484930.9725345,829416272.3279619,1272499316.985045,1061732422.0339231,1.0692736565306797,0.7063118792115165,0.6753122212294751,2,7.446808510638303,9.782608695652172,중립,443835.54113,1.634,447061.10581,798908.81838,591125.71265,851408.64291,564644.8785,0.5595896496881024,0.5983570464882557,0.697302176489727,1,8.797653958944295,9.037472446730344,감소형,,0.0,,27.8,관찰,27.8
2026-09-27T22:54:51+09:00,COW,KRW-COW,COWUSDT,217.0,3.33333333,18647300222.13939,1790517241164,False,False,,336694762.9016514,307617798.7079198,396618244.6530735,416311128.8220103,232502692.1942505,1.09452302277652,0.9014205861027251,1.0257589878678437,2,8.247422680412363,-2.3255813953488413,중립,4528925.15186,4.094,425902.24064,409844.50155,612222.78088,515618.36643,576404.04522,1.0391800769054382,0.8309284299214591,0.7328186051975173,2,9.432624113475185,-3.0169704588309254,중립,,0.0,,27.6,관찰,27.6
2026-09-27T22:54:51+09:00,MTL,KRW-MTL,MTLUSDT,458.0,-2.76008493,559697957.9151226,1790517053708,False,False,,1062766943.3135656,954927968.0164298,1520091374.1976013,1013703917.0019915,3192336101.885564,1.1129289107754778,0.9138875723427728,0.6890254365440881,2,9.027777777777768,11.61137440758293,중립,267723.08125,-3.256,363763.66787,301303.61562,522791.25206,314972.66998,527729.1758,1.2072993784740167,0.9580564519043815,0.9320133479519574,2,10.317460317460302,10.66878980891719,중립,,0.0,,27.3,관찰,27.3
2026-09-27T22:54:51+09:00,ATH,KRW-ATH,,8.49,-2.18894009,1097441567.5334172,1790517147814,False,False,,1837788426.3344338,1420991113.4247174,2186292856.8161902,12795420198.684797,1174205146.0481954,1.293314510535676,0.3361253865352373,0.4689559224800827,2,7.558859975216836,14.361001317523048,중립,,,,,,,,,,,,,,NO_DATA,,0.0,,27.2,관찰,27.2
2026-09-27T22:54:51+09:00,BLUR,KRW-BLUR,BLURUSDT,28.4,-1.38888889,765079506.2824043,1790517195747,False,False,,969628729.7145889,1022404853.1101134,433045591.72313356,1049827901.1822863,1036313231.7456821,0.9483804060250871,1.1611029943120463,0.8742920725907767,1,8.270676691729317,5.882352941176472,중립,224156.812338,-1.508,419150.937922,268239.559108,186274.266864,338481.653337,279790.156146,1.5625992650593319,1.5856998514817746,1.323784166877144,3,9.349173553719027,5.323383084577116,가속형,EARLY,5.0,Binance 연속가속 우위,27.1,관찰,27.1
2026-09-27T22:54:51+09:00,SKY,KRW-SKY,SKYUSDT,103.0,-2.83018868,486334134.4769636,1790517075183,False,False,,569418022.7821141,468139735.9796117,542916176.2963797,1103636241.5894055,267425575.24606377,1.2163420000880107,0.807802717394995,1.0281767303917295,2,10.301768990634752,11.227701993704088,중립,1776236.31009,-2.582,2948962.05844,2793431.14192,3487512.6418,7869211.11034,3254812.39906,1.0556773761794247,0.6252147938701204,0.7376470794295348,2,11.705016435615256,10.70821529745043,중립,,0.0,,27.1,관찰,27.1
2026-09-27T22:54:51+09:00,IN,KRW-IN,,55.4,4.13533835,24898975504.218796,1790517291460,False,False,,2474954558.2258844,911806275.5038447,1465270296.4348595,3770871642.2945056,15308473023.805813,2.7143425360373588,1.207697823070181,0.5452939676479234,2,7.692307692307709,11.297071129707126,중립,,,,,,,,,,,,,,NO_DATA,,0.0,,26.2,관찰,26.2
2026-09-27T22:54:51+09:00,MMT,KRW-MMT,MMTUSDT,251.0,7.26495726,4196332409.218421,1790517190942,False,False,,591563442.2212769,533076983.26801175,820621231.7090731,1300878533.890594,870445235.0457644,1.1097148456771022,0.6685398444105384,0.6297863122193915,2,1.7391304347825987,4.0000000000000036,중립,1804531.48401,6.895,460386.72111,379828.81436,512169.90532,1246728.72979,655691.58185,1.2120900355749407,0.6457859619617575,0.6194662930401055,2,2.9358897543439344,3.0593881223755393,중립,,0.0,,25.7,관찰,25.7
2026-09-27T22:54:51+09:00,IMX,KRW-IMX,IMXUSDT,227.0,0.44247788,531222429.25289905,1790517262246,False,False,,734383159.4712043,695058425.5296264,1420214291.307391,595886747.0028359,631511117.748116,1.0565775947707028,0.812622609550698,0.774535431305402,2,12.99999999999999,10.784313725490202,중립,679656.303298,1.45,922221.479567,1083131.136842,836509.928384,995978.850852,674129.343599,0.8514402810502228,0.9489112155683961,0.9908103827244226,1,13.82393397524071,9.313077939233816,중립,,0.0,,25.7,관찰,25.7
2026-09-27T22:54:51+09:00,IOST,KRW-IOST,IOSTUSDT,1.34,-2.18978102,3079475000.475907,1790517209625,False,False,,1967976181.589408,1804204618.5581985,2517950308.568976,5258975556.2138605,3636022403.644857,1.0907721670516979,0.6162037512205414,0.5509967744890569,2,12.295081967213118,14.166666666666682,중립,1246198.159328,0.923,1138678.630271,994238.752473,871373.421503,2227265.337177,1530872.772679,1.1452768537121798,0.8346293974115713,0.7856602979416962,3,14.592760180995468,13.948256467941512,중립,,0.0,,25.6,관찰,25.6
2026-09-27T22:54:51+09:00,VTHO,KRW-VTHO,VTHOUSDT,1.04,-4.5871559600000005,3163796756.889511,1790517233426,False,False,,4298064701.475723,4149435438.5427394,12691708850.139778,8107500175.069359,5827670285.000215,1.0358191530231837,0.5168294463116531,0.6358122865690056,2,11.794871794871797,15.957446808510657,중립,80877338.466606,-7.627,20951947.94085,123415999.189048,10561752.233996,2696095.300426,2248886.534551,0.169766870410018,0.4598966468670866,0.7433816797878147,1,12.270803949224263,14.367816091954033,감소형,,0.0,,25.4,관찰,25.4
2026-09-27T22:54:51+09:00,ZAMA,KRW-ZAMA,ZAMAUSDT,117.0,-5.645161290000001,3317620201.2921505,1790517285641,False,False,,2571693775.362149,2705082600.4775496,2750667903.114675,4429447156.746226,10603773283.39481,0.950689555619539,0.7804680888720131,0.28608083288183145,1,-1.5873015873015928,-3.875968992248058,중립,8587383.81091,-4.556,8136590.46947,11666643.15932,17720900.90555,29938185.05938,28668230.89694,0.6974234454895463,0.4114533739195505,0.32416043089537105,1,-1.1076121185796595,-4.5987848313429724,감소형,,0.0,,25.0,관찰,25.0
2026-09-27T22:54:51+09:00,SKR,KRW-SKR,,25.8,-4.08921933,1060652470.7775321,1790517246027,False,False,,797704642.9124533,843480404.2992849,868533605.7360632,2969525965.1889606,11542752996.679033,0.9457299053380386,0.5111809236708904,0.18697538232513145,1,-4.6099290780141855,-6.597222222222232,중립,,,,,,,,,,,,,,NO_DATA,,0.0,,25.0,관찰,25.0
2026-09-27T22:54:51+09:00,PEPE,KRW-PEPE,PEPEUSDT,0.00596,0.16806722999999998,4375821154.829119,1790517228869,False,False,,3898243059.6748586,4655450252.4479,4828118137.286753,8877552221.897602,31341110292.91143,0.8373503846647504,0.636928944936817,0.2513084872517552,1,0.0,-7.751937984496116,중립,23649749.79718744,0.228,23566775.67035119,42050527.63656829,50701723.87102505,85551330.02034888,123825241.03097545,0.5604394759093789,0.39651658371188697,0.26930233105448975,1,0.691244239631339,-8.385744234800852,감소형,,0.0,,24.9,관찰,24.9
2026-09-27T22:54:51+09:00,BABY,KRW-BABY,BABYUSDT,19.5,2.6315789499999998,415251177.5771405,1790517238894,False,False,,896033971.0459964,215373224.33652237,356897057.9758629,605455744.7041986,889770508.8106133,4.160377752649216,2.282450970322436,1.4339757704417786,2,12.426035502958598,13.772455089820369,일회성 폭증형,17155337.81166,2.863,51266665.08328,62481594.10353,12561297.49116,61748014.22513,33804045.43625,0.8205082763786848,1.124343715162061,1.4936017105122161,1,13.344182262001624,12.06757843925985,중립,YES,7.0,Binance D2 선행→Upbit D1 확산,24.9,관찰,24.9
2026-09-27T22:54:51+09:00,ARB,KRW-ARB,ARBUSDT,303.0,0.0,14933690621.640064,1790517293412,False,False,,9514963647.431482,11271835402.889294,11907827161.115238,21374001390.475693,13298757309.570389,0.844136141749597,0.6406856004358769,0.5523646691387788,1,2.020202020202011,-0.6557377049180357,중립,32839381.96833,-0.134,22155430.97217,34270904.16426,30392679.07667,57518353.49166,35688759.7088,0.6464793244432451,0.5439944290781669,0.5237227358030866,1,2.824074074074079,-1.6386182462356125,감소형,,0.0,,24.3,관찰,24.3
2026-09-27T22:54:51+09:00,DRV,KRW-DRV,,565.0,0.17730496,19100723262.46722,1790517259012,False,False,,7341146050.198865,7846768030.728816,20079111650.90578,61977989364.305725,29424290827.87502,0.9355630268984786,0.2449665224011967,0.27719578730197075,1,-16.196136701337295,4.0590405904058935,중립,,,,,,,,,,,,,,NO_DATA,,0.0,,24.0,관찰,24.0
2026-09-27T22:54:51+09:00,HBAR,KRW-HBAR,HBARUSDT,127.0,-0.78125,8219479181.523055,1790517254778,False,False,,8031553194.968876,10266904064.419823,7837796522.098043,14375027606.343346,17750182229.6132,0.7822760536744856,0.7418368602666583,0.5580467929108797,1,2.400000000000002,0.7874015748031482,중립,10258544.10014,0.589,8082551.50232,17135320.24943,14905687.12617,24203118.76372,32928567.84822,0.4716895502778165,0.4311144322323923,0.34981574453772346,1,3.314917127071837,0.14995715509853458,감소형,,0.0,,24.0,관찰,24.0
2026-09-27T22:54:51+09:00,LA,KRW-LA,LAUSDT,98.9,-3.0392156900000002,3114932704.621144,1790517287579,False,False,,2722968081.139513,3471991488.9506016,4287843837.590035,7956574494.688955,4630406642.115474,0.7842669228323833,0.5197691035254154,0.5019191063636202,1,3.238866396761142,-0.9708737864077666,중립,1381241.62245,-0.274,1226975.31185,1088093.06814,1002037.29086,2375708.42475,871991.22914,1.1276382028123815,0.8242406664888825,0.9642410222765003,3,3.899721448467952,-1.7127799736495364,중립,,0.0,,23.9,관찰,23.9
2026-09-27T22:54:51+09:00,XEC,KRW-XEC,XECUSDT,0.0121,0.0,780622461.9527935,1790517237609,False,False,,726006029.491558,917789131.0954138,1804505048.3327699,9529571487.652,13884876390.773117,0.7910379464017449,0.17777032067261722,0.1289059657401784,1,0.0,5.217391304347818,중립,584465.15959028,-2.756,601111.05504357,398455.12504319,886503.58374443,1496958.10026248,2556422.33350247,1.5086041495348148,0.648234037503971,0.4967603733088195,2,1.258581235697953,4.7337278106508895,중립,,0.0,,23.9,관찰,23.9
2026-09-27T22:54:51+09:00,ONG,KRW-ONG,ONGUSDT,131.0,-1.5037593999999999,2132034241.8598278,1790517202556,False,False,,5347414116.075403,6209993635.70062,2762881478.364678,3721267476.097185,3682986318.3517327,0.8610981636653644,1.2637515479508152,1.257764195813711,1,9.016393442622949,6.400000000000006,중립,475474.39662,-1.011,944929.66237,1551278.22566,754212.99859,942023.54525,1560541.39826,0.6091297142831837,0.8729102677942417,0.727284736920224,1,10.138040280606475,5.403356794802372,감소형,,0.0,,23.8,관찰,23.8
2026-09-27T22:54:51+09:00,1INCH,KRW-1INCH,1INCHUSDT,140.0,0.0,232716299.43220595,1790517004054,False,False,,306865123.6683576,325141851.0759618,418180490.8950451,513773228.5490787,348475685.6499942,0.9437884500345842,0.7323193181121497,0.7436230134492562,1,3.703703703703698,0.0,중립,451940.85572,0.195,415697.09215,690369.47943,488621.53171,769396.48919,633990.81722,0.602137122998569,0.64006327090416,0.5801967309071269,1,4.480651731160901,-0.6776379477250738,감소형,,0.0,,23.7,관찰,23.7
2026-09-27T22:54:51+09:00,ARDR,KRW-ARDR,,42.6,-2.5171624699999997,986466126.0955205,1790517199465,False,False,,1498862910.8178852,1771026807.208894,1046520920.4602914,777376998.9750688,591853689.1637864,0.8463242367178314,1.2508158235210325,1.5405165911389527,1,10.075566750629728,11.764705882352944,중립,,,,,,,,,,,,,,NO_DATA,,0.0,,23.6,관찰,23.6
2026-09-27T22:54:51+09:00,HYPER,KRW-HYPER,HYPERUSDT,103.0,0.0,453668847.746301,1790517258032,False,False,,391849242.9942492,473711409.81540173,449491196.5298366,728547877.8815129,579877605.5458204,0.8271897929309894,0.711698128869063,0.6654308202604755,1,3.5175879396984966,0.9803921568627416,중립,427091.28136,-0.658,457223.40317,514442.03721,509024.91747,808074.36201,680614.7457,0.8887753529040575,0.7489157885823243,0.7134314385259615,1,4.132231404958686,0.13245033112583293,중립,,0.0,,23.6,관찰,23.6
2026-09-27T22:54:51+09:00,ORBS,KRW-ORBS,,10.1,-0.98039216,108256365.59303832,1790517219121,False,False,,177096651.04039443,204319278.92087072,310613852.3240799,460617911.8109733,1162541242.1165261,0.8667642719558581,0.5446049767492553,0.3339381251554274,1,0.990099009900991,5.8091286307053736,중립,,,,,,,,,,,,,,NO_DATA,,0.0,,23.4,관찰,23.4
2026-09-27T22:54:51+09:00,MASK,KRW-MASK,MASKUSDT,654.0,0.46082948999999995,650678098.8423226,1790517234389,False,False,,581026626.8983643,619798598.2168812,530394547.8678803,1013632685.6284941,714049576.2263523,0.9374442416777624,0.8055546131062554,0.2641546480872794,1,3.8277511961722466,-1.0638297872340385,중립,318654.6917,0.416,360586.2425,564922.6117,479760.1577,781487.8333,510594.476,0.638293166235463,0.5923645501141107,0.3771271144946455,1,4.814004376367609,-1.4403292181069949,감소형,,0.0,,23.3,관찰,23.3
2026-09-27T22:54:51+09:00,ELF,KRW-ELF,,105.0,1.94174757,1191510049.1326902,1790517284015,False,False,,207462018.09065077,248771073.66511115,371333818.55757296,510951601.3169092,316554082.8908878,0.8339475126032156,0.5502696442016097,0.5792225905851035,1,0.0,0.9803921568627416,중립,,,,,,,,,,,,,,NO_DATA,,0.0,,23.2,관찰,23.2
2026-09-27T22:54:51+09:00,ZORA,KRW-ZORA,,11.8,-2.47933884,1263645639.5397084,1790517253175,False,False,,1317407655.3298965,1466478020.6642866,1878670248.1246493,3255992507.7118173,2744705594.16971,0.8983480398384258,0.5987181761157278,0.5983733174529751,1,1.680672268907557,6.140350877192979,중립,,,,,,,,,,,,,,NO_DATA,,0.0,,23.1,관찰,23.1
2026-09-27T22:54:51+09:00,GAME2,KRW-GAME2,,1.43,0.70422535,375763701.96384156,1790516937421,False,False,,121854175.78458758,137201729.71968195,148620032.5038228,313459664.05012065,108230689.9990315,0.8881387722556334,0.6100014305913943,0.6669269833776468,1,3.649635036496335,0.7092198581560183,중립,,,,,,,,,,,,,,NO_DATA,,0.0,,23.0,관찰,23.0
2026-09-27T22:54:51+09:00,BSB,KRW-BSB,,144.0,-4.0,351166308.36651784,1790517279799,False,False,,373641532.7804729,394155605.7648663,336563707.6749792,589957087.1526254,376302059.26880765,0.9479543797313614,0.8487503811217939,0.8184347956103245,1,2.7397260273972712,4.895104895104896,중립,,,,,,,,,,,,,,NO_DATA,,0.0,,23.0,관찰,23.0
2026-09-27T22:54:51+09:00,HOME,KRW-HOME,HOMEUSDT,8.55,-1.94954128,1103208372.4140644,1790517293736,False,False,,2251639081.4195375,2917834491.75198,4086170245.3798304,1935064489.7062762,3078174757.432788,0.7716815630853575,0.7556622588823995,0.6008273656827607,1,6.082725060827254,-6.135629709364898,중립,677059.95223,-2.778,860520.30048,1467973.66799,1626470.62157,1831697.71185,2417582.42171,0.586196005585205,0.5240532856545923,0.42459404187687805,1,7.214765100671139,-6.986899563318783,감소형,,0.0,,22.9,관찰,22.9
2026-09-27T22:54:51+09:00,META,KRW-META,,12.1,-1.6260162599999999,191689061.26241356,1790517032262,False,False,,132784484.93596867,155690118.2106462,71827156.00219592,220086717.60263973,228579311.0627792,0.8528767686868437,0.8899685036145105,0.7295650581589369,1,3.3613445378151363,4.237288135593209,중립,,,,,,,,,,,,,,NO_DATA,,0.0,,22.9,관찰,22.9
2026-09-27T22:54:51+09:00,CHZ,KRW-CHZ,CHZUSDT,22.5,-1.3157894700000001,2575402625.011449,1790517291467,False,False,,2164912543.588663,2757985181.9071245,2736395827.3068814,3951817709.7122498,4335430932.745071,0.784961629885061,0.6875503918579687,0.6352409433094615,1,4.109589041095907,5.069124423963145,중립,1926173.24187,-1.428,2165420.0321,2105177.91638,2088439.12614,3143906.64532,3163725.74878,1.0286161636274385,0.8853477511855707,0.8084686192677552,3,5.303030303030298,4.054897067997509,중립,,0.0,,22.4,관찰,22.4
2026-09-27T22:54:51+09:00,MOVE,KRW-MOVE,MOVEUSDT,13.1,-0.75757576,1753384108.442992,1790517269648,False,False,,1606827041.1127176,1743283169.4483628,1784735854.5757542,2767534829.512264,1767934312.9040487,0.9217246338821565,0.7656961143506634,0.8039022629341158,1,5.600000000000005,3.124999999999978,중립,1557277.747204,0.093,679238.6481968,517529.7727365,402751.1714395,1191114.5643139,244648.76213,1.3124629421902534,0.9651038549607428,1.2919684034136998,3,6.9346289752650225,3.021276595744671,중립,,0.0,,22.4,관찰,22.4
2026-09-27T22:54:51+09:00,KAT,KRW-KAT,KATUSDT,6.98,0.28735632,670213233.2670717,1790517156037,False,False,,590267839.1414254,702462335.4967556,1499218082.5611184,2091643418.4949753,1673274775.0686462,0.8402839687113041,0.41245514776869735,0.4342568418878169,1,3.7257824143070106,4.8192771084337505,중립,409387.93881,-0.963,510257.38691,656576.01203,769216.82778,1149008.20212,1218653.93049,0.7771489935070695,0.5945205613178466,0.56385620767149,1,5.102040816326525,4.887983706720966,중립,,0.0,,22.4,관찰,22.4
2026-09-27T22:54:51+09:00,GLM,KRW-GLM,GLMUSDT,174.0,-0.57142857,588582981.1469218,1790517190580,False,False,,437786224.91856146,510658644.7384,525595074.9860031,669380080.1540663,577744860.6398064,0.8572971973143242,0.7700121062617687,0.7645364980752964,1,4.79041916167664,4.166666666666674,중립,122924.90638,-0.464,85849.98299,105343.31453,155335.40274,204053.13501,127156.30963,0.8149542604865673,0.5541904384355103,0.5410675314625689,1,6.363636363636371,3.6231884057970953,중립,,0.0,,22.4,관찰,22.4
2026-09-27T22:54:51+09:00,MBL,KRW-MBL,MBLUSDT,1.15,0.0,392105200.6029832,1790517126129,False,False,,319658586.47516066,320329527.38805723,222326450.02686757,609725695.8088008,246468092.2191028,0.9979054665413851,0.8321685268933504,0.9478347598547805,1,4.545454545454519,4.545454545454519,중립,184146.971849,-1.29,171838.523289,242830.114059,179429.759492,487160.9855,419044.387749,0.7076491478616557,0.5668613873723453,0.4997151282741004,1,5.230386052303859,3.5539215686274606,감소형,,0.0,,22.4,관찰,22.4
2026-09-27T22:54:51+09:00,ZETA,KRW-ZETA,,71.9,-3.6193029500000002,2939034211.9391513,1790517254788,False,False,,3068877780.0882287,3497202941.3979015,4238094682.1487226,12969103337.744614,65739964302.55201,0.8775235042154966,0.444670355712166,0.06740712172040281,1,8.11594202898549,-2.4836601307189565,중립,,,,,,,,,,,,,,NO_DATA,,0.0,,22.2,관찰,22.2
2026-09-27T22:54:51+09:00,MINA,KRW-MINA,MINAUSDT,193.0,-1.53061224,857498713.1597704,1790517129247,False,False,,1109735214.3021643,1473691638.4910636,2347674969.4345565,3772633172.863013,6766742124.402386,0.7530308141250227,0.4383994915734322,0.28313750864412174,1,-2.487562189054726,12.643678160919535,중립,1035689.13317,-2.61,1391407.84778,2948998.69498,3009125.85164,6166012.91159,8662819.3013,0.4718238262188978,0.3442903511881067,0.2642812581782696,1,-1.0224948875255602,12.99610894941634,감소형,,0.0,,22.2,관찰,22.2
2026-09-27T22:54:51+09:00,IQ,KRW-IQ,IQUSDT,1.29,-1.52671756,754306761.2512683,1790517285636,False,False,,640841967.8301753,727106329.7285781,678098441.7231289,1811662970.1155417,615969115.1320715,0.8813593578113885,0.5976390880633087,0.7038628187348888,1,3.9682539682539764,6.50406504065042,중립,144176.246646,-1.036,113470.413058,625510.006986,163683.027893,311192.54973,106093.187858,0.18140463268486073,0.30935632376078276,0.4211698820888221,1,4.787812840043526,5.016357688113415,감소형,,0.0,,22.2,관찰,22.2
2026-09-27T22:54:51+09:00,HOLO,KRW-HOLO,HOLOUSDT,92.8,-0.42918454999999994,1335144248.4922044,1790517275889,False,False,,711058587.2146423,825060671.44109,732718547.5869237,2367824615.3920426,1068109492.6874787,0.861825816970131,0.5434006720036405,0.5712805061483051,1,4.719101123595504,5.549263873159682,중립,671851.40448,0.0,450589.92182,547524.64925,743002.48209,2534038.52106,776361.55837,0.8229582402129633,0.35344399555848505,0.40196115170832386,1,6.346749226006176,4.7256097560975485,중립,,0.0,,22.1,관찰,22.1
2026-09-27T22:54:51+09:00,ZKP,KRW-ZKP,ZKPUSDT,70.3,0.0,1231050591.934706,1790517268370,False,False,,554386175.5434818,562272310.009124,1482892648.0525103,1157961395.1327899,1442231102.5746515,0.9859745281329713,0.5192297596914357,0.4598970692570592,1,5.714285714285716,4.148148148148145,중립,405441.88491,-0.193,331786.96839,326629.25086,441485.97847,417582.73057,429868.44201,1.015790739856948,0.8394725628556765,0.8197398253940041,2,7.039337474120089,3.607214428857719,중립,,0.0,,22.1,관찰,22.1
2026-09-27T22:54:51+09:00,SONIC,KRW-SONIC,,37.5,1.07816712,7876513651.336314,1790517281093,False,False,,781674966.1993244,817953896.4383346,1977507359.3659985,1212863885.2899134,5819485689.929285,0.9556467297277002,0.5850385924425774,0.3149525732360922,1,5.099150141643083,2.203856749311317,중립,,,,,,,,,,,,,,NO_DATA,,0.0,,21.9,관찰,21.9
2026-09-27T22:54:51+09:00,AUCTION,KRW-AUCTION,AUCTIONUSDT,5225.0,-1.87793427,523315555.5357677,1790517109340,False,False,,512985859.35526645,626187696.5127835,5813449819.581058,779707443.8509535,803985070.5651492,0.8192205982520353,0.21317135925827368,0.2864439576209432,1,4.71976401179941,6.627953544253096,중립,316148.80751,-0.848,381556.56009,374011.50177,1235923.616,678146.61102,702998.48775,1.0201733323288007,0.5002748222963751,0.5526854012835202,2,5.558553696708035,5.729729729729716,중립,,0.0,,21.9,관찰,21.9
2026-09-27T22:54:51+09:00,NXPC,KRW-NXPC,NXPCUSDT,336.0,-2.04081633,438747700.3628854,1790517276859,False,False,,621506456.0041522,686056408.8823014,840251522.1155685,1898021095.1757982,11161113796.0197,0.9059115955445824,0.5444918854938023,0.2018973184970031,1,4.255319148936176,7.8616352201257955,중립,279740.85449,-2.5,306837.95293,264367.4467,375679.60783,512491.95133,3178573.89759,1.1606495306443494,0.7986834754483059,0.3149703095279162,2,4.508196721311486,8.510638297872353,중립,,0.0,,21.8,관찰,21.8
2026-09-27T22:54:51+09:00,WAVES,KRW-WAVES,,406.0,-1.6949152499999998,1552488288.2164476,1790517262880,False,False,,2025617903.8091538,2362317773.48922,11326988386.6373,5880565288.264212,1133023063.365268,0.8574705429309158,0.3105208803978716,0.4576493857964605,1,5.35714285714286,6.994818652849744,중립,,,,,,,,,,,,,,NO_DATA,,0.0,,21.6,관찰,21.6
2026-09-27T22:54:51+09:00,ERA,KRW-ERA,ERAUSDT,97.0,1.8907562999999998,1568162847.602585,1790517203544,False,False,,725638871.1664078,742092960.1718245,676731388.6100804,1492755003.0251193,792835488.5428588,0.9778274557386896,0.7476755226156402,0.6416340429699477,1,4.271631982475355,2.9189189189189113,중립,893640.33476,1.714,425282.69015,504428.99915,386374.36391,731751.98087,594952.67761,0.8430972265009201,0.7863202171950335,0.6825322347195344,1,5.128205128205132,2.1994134897360684,중립,,0.0,,21.4,관찰,21.4
2026-09-27T22:54:51+09:00,ZBT,KRW-ZBT,ZBTUSDT,123.0,-0.80645161,1646225463.9429722,1790517259661,False,False,,1524275724.480649,1607927902.5807061,1656790508.8743086,2931961391.667702,3073702431.618949,0.9479751685596125,0.7379479525693008,0.7100959371601645,1,5.084745762711873,8.771929824561408,중립,497818.58357,-0.664,499475.38229,673894.20054,666362.16756,1541447.88195,2216729.6727,0.7411777425740776,0.5199791570713758,0.4446966119337454,1,6.2937062937062915,8.700834326579265,감소형,,0.0,,21.3,관찰,21.3
2026-09-27T22:54:51+09:00,BERA,KRW-BERA,BERAUSDT,321.0,-0.9259259299999999,1308212991.694113,1790517279795,False,False,,1679268793.045924,1778540360.0679815,1736413044.9187348,2968571353.1576314,2999838056.5819864,0.9441836860996153,0.7770166023981753,0.4550415936456724,1,8.000000000000007,4.180064308681675,중립,772753.8336047,-0.882,1076542.7388063,878642.6444354,835973.725652,1625723.7675311,1425841.7938964,1.2252338827670572,0.9668560934999477,0.6575850205387849,3,8.497030607583355,3.5761011774967155,중립,,0.0,,21.3,관찰,21.3
2026-09-27T22:54:51+09:00,ALGO,KRW-ALGO,ALGOUSDT,159.0,-1.24223602,3472985663.4898677,1790517206611,False,False,,4804599451.429185,5397254106.955454,3808832316.582384,3629799137.10771,4539579616.088626,0.8901933013006533,1.1229297960149973,1.0974858663158973,1,11.805555555555557,5.228758169934644,중립,3674881.7259,-0.256,3382384.093,5331410.7496,4241551.6487,4416722.3891,4506080.3258,0.6344257180435348,0.7253310159024577,0.6485061769563895,1,13.32694151486098,5.066666666666664,감소형,,0.0,,21.2,관찰,21.2
2026-09-27T22:54:51+09:00,OPG,KRW-OPG,OPGUSDT,180.0,-3.2258064500000003,1374610888.3662548,1790517294703,False,True,거래량급등,5097549420.003546,184430144.7257397,350458456.370961,1177705088.7889283,3036057761.1828437,27.639458980981402,8.929525053331194,1.0605169432229606,2,8.771929824561408,5.084745762711873,일회성 폭증형,931739.69587,-6.44,2055370.71337,539048.84836,654244.29941,2577499.13906,2761613.26933,3.812958175540587,1.635229859158771,0.7056051477644433,2,10.024057738572555,5.457340507302066,고수준 유지형,,0.0,,21.1,관찰,21.1
2026-09-27T22:54:51+09:00,THETA,KRW-THETA,THETAUSDT,318.0,0.63291139,333648802.52394664,1790517131645,False,False,,311815069.75217295,344530206.5192967,324425685.50521815,767327915.9683614,423235969.0430854,0.9050442134010929,0.6512955197648225,0.6705492801398459,1,7.849829351535842,3.60655737704918,중립,757816.13911,0.343,713257.57624,920902.18724,1113380.07981,1179074.65749,1475716.26513,0.7745204497533842,0.6658994873488303,0.6132106838022731,1,8.212785814279044,2.929427430093212,중립,,0.0,,21.0,관찰,21.0
2026-09-27T22:54:51+09:00,ICP,KRW-ICP,ICPUSDT,4334.0,-0.23020258,1007362026.2271312,1790517281742,False,False,,1044431910.9403377,1207825298.2587032,1556207005.9598398,2458192512.2722893,802934184.8936639,0.8647210092768164,0.5999925018407168,0.6879032444529058,1,8.005967180507213,6.10649731314119,중립,12265929.58747,-0.531,12833701.23801,11860567.83825,16246236.6791,16980964.87637,10252047.55139,1.082047791727279,0.8539145810879831,0.9512670782889325,2,9.33333333333335,5.509732761464847,중립,,0.0,,20.9,관찰,20.9
2026-09-27T22:54:51+09:00,ZRX,KRW-ZRX,ZRXUSDT,170.0,-2.29885057,247450503.14243928,1790517178726,False,False,,220507742.40611386,281156652.29055727,356970795.0249217,477787100.75450057,389216230.3164692,0.7842878360147543,0.5928081396218674,0.5821917381757564,1,7.407407407407418,7.407407407407418,중립,125174.0594,-1.489,147548.105,268044.7154,232768.9433,264175.5541,285828.5206,0.5504607870362812,0.5786281787946279,0.5580174178641982,1,9.129692832764524,7.298657718120816,감소형,,0.0,,20.8,관찰,20.8
2026-09-27T22:54:51+09:00,IOTA,KRW-IOTA,IOTAUSDT,68.5,-1.5804597699999998,1277900748.883821,1790517224033,False,False,,1526513158.1693034,1559266960.454715,1194717089.766715,1725997795.4161372,1212267762.6566405,0.9789941022826136,1.0222227750693427,0.9119957721524448,1,9.262166405023532,5.454545454545445,중립,1113968.7132,-2.326,1256384.4243,993385.2837,833936.3691,1143934.2513,737933.6601,1.2647503893156375,1.2685387575331333,1.3300670954265787,3,10.799136069114468,5.555555555555558,중립,,0.0,,20.7,관찰,20.7
2026-09-27T22:54:51+09:00,ETHFI,KRW-ETHFI,ETHFIUSDT,981.0,-1.20845921,1476975051.6366436,1790517152640,False,False,,1357545779.3831737,1397917986.9397137,961610344.5209469,1792246293.6845233,1591828665.8912306,0.9711197595755086,0.9809389251246037,0.8744092569628444,1,11.073825503355694,2.5826446280991844,중립,5896690.15084,-0.767,6232584.83986,5753531.01373,3994945.9606,7276437.77192,7144458.48291,1.0832625782301,1.098258334814773,1.0265029636236118,3,12.553979025293028,1.927374301675977,중립,,0.0,,20.6,관찰,20.6
2026-09-27T22:54:51+09:00,KERNEL,KRW-KERNEL,KERNELUSDT,75.2,1.34770889,1240705935.0574486,1790517288231,False,False,,1270990714.9728947,1592835717.4658628,11526621996.95025,18185337659.53942,92273439355.03189,0.7979421236202497,0.12180153549545128,0.03925098949399067,1,-3.7613488975356546,15.396578538102656,중립,432628.88607,1.282,399044.15988,767642.33837,1742754.25646,2264628.29558,10199423.58718,0.5198308377926683,0.2507070658509615,0.1010476039194667,1,-3.2028469750889688,14.046121593291394,감소형,,0.0,,20.5,관찰,20.5
2026-09-27T22:54:51+09:00,ME,KRW-ME,MEUSDT,108.0,-0.9174311900000001,998093190.474222,1790517257704,False,False,,1000264784.6709626,1055329044.3443562,889174117.4091609,1506210799.7621992,1554505697.6257641,0.9478226625444547,0.8696155020321643,0.7037789346674475,1,7.920792079207928,7.920792079207928,중립,343803.6132581,-0.415,383397.3535293,841582.6503155,325404.7888718,633997.6836679,675264.2145812,0.4555670835010306,0.6386460643075373,0.6081584360111216,1,8.911704312114988,7.021791767554486,감소형,,0.0,,20.5,관찰,20.5
2026-09-27T22:54:51+09:00,MOC,KRW-MOC,,31.0,1.30718954,701296337.6327786,1790517133057,False,False,,514560835.8465426,667347466.1016918,233955230.8774019,478193239.3238939,505952345.51210123,0.771053854227316,1.1190192496519098,0.9254868992358766,1,7.7464788732394485,7.7464788732394485,중립,,,,,,,,,,,,,,NO_DATA,,0.0,,20.5,관찰,20.5
2026-09-27T22:54:51+09:00,STRAX,KRW-STRAX,STRAXUSDT,16.3,0.61728395,540859009.8817644,1790517150916,False,False,,776249906.7352434,807317559.5505037,653944520.1811264,951535617.9607787,1023281088.444296,0.9615174320839026,0.9651657585851223,0.8577230498399948,1,6.578947368421062,7.999999999999985,중립,189658.68562,0.754,306685.61418,267258.44312,400394.33918,295922.34447,386446.59039,1.1475245107309744,0.9548366463382283,0.8848830894507482,2,8.983666061705975,8.003597122302164,중립,,0.0,,20.4,관찰,20.4
2026-09-27T22:54:51+09:00,PUNDIX,KRW-PUNDIX,PUNDIXUSDT,165.0,-3.50877193,636157234.2315125,1790516995559,False,False,,562540462.0794573,588240691.707069,632654301.2978371,758526014.0917277,545512805.5836389,0.9563100105281226,0.8525833464371146,0.8057161649272906,1,9.615384615384626,6.211180124223592,중립,211097.53976,-2.64,256525.27618,219586.51083,307890.22815,396153.63803,360304.17693,1.1682196470556305,0.8332075770735157,0.7461657756614758,2,10.350877192982445,5.008347245409017,중립,,0.0,,20.3,관찰,20.3
2026-09-27T22:54:51+09:00,MON,KRW-MON,,35.9,-1.37362637,1015486657.6047772,1790517291473,False,False,,1560777392.6524596,1586101106.285417,1487307911.1657581,2656321186.9634585,1583907792.1081078,0.9840339852657536,0.8171994161871257,0.8502835334680992,1,10.63829787234043,5.2023121387283044,중립,,,,,,,,,,,,,,NO_DATA,,0.0,,20.1,관찰,20.1
2026-09-27T22:54:51+09:00,ASTR,KRW-ASTR,ASTRUSDT,10.2,-0.97087379,239621919.28692254,1790517247328,False,False,,253700353.68204862,322340237.87975264,300161724.2520527,730088853.947684,687783652.5811684,0.787057661031727,0.5626986757548834,0.45573174225321655,1,8.53530031612224,9.341825902335454,중립,320038.0344798,-0.637,421552.236138,381421.9157769,322074.4432977,562632.4182095,509118.6303007,1.1052124136059682,0.99883734664553,0.8336482046733867,3,8.964316797214966,7.83807062876829,중립,,0.0,,20.0,관찰,20.0
2026-09-27T22:54:51+09:00,CYBER,KRW-CYBER,CYBERUSDT,485.0,-2.21774194,161678116.00569347,1790517151578,False,False,,197573201.34109342,203995751.48431224,297731945.10968703,609465993.0511297,608204635.0261744,0.9685162553803837,0.5334080003753183,0.4086996377501812,1,7.826086956521738,10.46770601336302,중립,415292.02468,-0.278,505566.2667,736506.54664,918498.72857,1230898.98267,1576047.92066,0.6864382523229868,0.5255540948590494,0.4758064283728187,1,7.738095238095233,8.383233532934131,감소형,,0.0,,20.0,관찰,20.0
2026-09-27T22:54:51+09:00,BAT,KRW-BAT,BATUSDT,130.0,0.0,169445605.312412,1790517279780,False,False,,247003997.79325888,290559670.5074061,294733966.6536725,890796621.5739106,817437359.8681678,0.8500973220471867,0.5020099475589146,0.46451454390284136,1,8.333333333333325,14.035087719298245,중립,506689.8318,2.457,392407.3565,319895.5469,561810.1474,1437734.119,764855.0318,1.2266733948086728,0.5075458577323887,0.548676189026988,2,8.924485125858128,12.796208530805696,중립,,0.0,,19.0,관찰,19.0
2026-09-27T22:54:51+09:00,APT,KRW-APT,APTUSDT,1146.0,-1.37693632,6056384551.533567,1790517276205,False,False,,6027131145.979233,7135695478.891968,6664399163.751749,8721493581.50685,6525581022.114303,0.8446452295796578,0.802847173031451,0.7907778906951757,1,12.0540019286403,8.496732026143782,중립,10440964.666378,-1.988,9326794.654447,13222754.047003,11241370.277064,18747176.794094,17916258.46249,0.7053594600105992,0.6475246807965545,0.5519370553196907,1,12.909211398277009,7.157232704402516,감소형,,0.0,,18.9,관찰,18.9
2026-09-27T22:54:51+09:00,ZK,KRW-ZK,ZKUSDT,17.6,0.57142857,481930898.1327144,1790517281737,False,False,,442941868.8835585,570491533.0336736,769030034.2945448,1286521602.2910051,692882973.4425244,0.7764214598035297,0.5060181881333486,0.4486184925746604,1,13.636363636363624,9.375,중립,1851235.651764,0.232,2158381.224657,3089775.049175,1930251.303285,2813717.888538,2564185.833385,0.6985561053168932,0.8265707271987837,0.8143469030752719,1,14.821428571428562,8.523206751054847,감소형,,0.0,,17.7,관찰,17.7
2026-09-27T22:54:51+09:00,ARKM,KRW-ARKM,ARKMUSDT,191.0,1.5957446800000001,530434842.7054662,1790517201511,False,False,,452927091.0845152,475561840.4064704,250199123.4451362,651016781.0671427,695163288.5306311,0.9524041935269472,0.9869285571098001,0.5159072402853152,1,11.904761904761907,9.302325581395344,중립,1173144.43534,0.142,1637970.36515,1580898.00127,1056159.66352,1659459.9336,2084688.38766,1.0361012309675586,1.1436962570085483,0.8262565505218928,3,13.13628899835797,7.909162098668743,중립,,0.0,,17.5,관찰,17.5
2026-09-27T22:54:51+09:00,CVC,KRW-CVC,CVCUSDT,41.7,-2.34192037,1863402516.3691165,1790517147125,False,False,,5467877829.353356,6612005577.792231,31106248063.232674,2120017815.5451925,2311886520.6408625,0.8269620714958771,0.4117556532527416,0.625221249499974,1,12.368421052631584,14.784946236559149,중립,465802.0723,-1.568,1048380.37939,1366992.46151,5646621.99966,755812.10383,2157609.57779,0.7669247701863283,0.40480994470535936,0.48931654470126673,1,13.4900542495479,14.233709501274095,중립,,0.0,,17.4,관찰,17.4
2026-09-27T22:54:51+09:00,RENDER,KRW-RENDER,RENDERUSDT,2754.0,1.73623938,2513022132.926779,1790517263217,False,False,,1927558030.264963,2111280360.4229527,2203188623.2684107,1977255095.0815663,1468587109.2706764,0.9129806094908283,0.919092130931889,0.92006624226822,1,13.787305590584275,6.869324911172514,중립,8853302.69478,2.323,8232516.04732,10297191.31111,7348053.68967,7979838.94389,8488804.81319,0.7994914145605561,0.9638035994452644,0.8475700113771761,1,14.763552479815445,6.246663107314476,중립,,0.0,,17.3,관찰,17.3
2026-09-27T22:54:51+09:00,VIRTUAL,KRW-VIRTUAL,VIRTUALUSDT,1106.0,2.6926648099999997,10172181004.19703,1790517264174,False,False,,8324627812.860142,10386867643.913097,8054190802.801289,9972809115.196741,8833453929.78185,0.8014570030396538,0.8789329148580248,0.888317075912244,1,12.187499999999996,8.897876643073822,중립,8300392.9737,3.877,7069531.24163,10257922.45009,6870656.4331,9525582.8067,6986531.61242,0.6891776844704041,0.7956953953999042,0.8693318326888717,1,13.183509876896649,8.092959671907018,감소형,,0.0,,16.6,관찰,16.6
2026-09-27T22:54:51+09:00,TAIKO,KRW-TAIKO,,137.0,9.6,15675499431.977646,1790517274249,False,False,,329731957.3937258,362138934.0388908,578621501.5962641,715931618.0725278,808403218.9420803,0.910512310058093,0.5970909741296541,0.5503180198546159,1,3.305785123966931,0.8064516129032251,중립,,,,,,,,,,,,,,NO_DATA,,0.0,,16.0,관찰,16.0
2026-09-27T22:54:51+09:00,RAY,KRW-RAY,RAYUSDT,3001.0,6.83517266,4946677365.464068,1790517294707,False,False,,1455817016.1238296,1707500215.5006154,8675593003.523516,10542000417.475857,1412862241.163368,0.8526013659664483,0.2087183514798362,0.28867217181866406,1,3.386087596613918,15.264669675830934,중립,10128751.22506,8.151,6064212.77023,8179939.04153,17220642.34483,19261376.73571,7477110.99125,0.7413518290835247,0.40734081253145926,0.4908454974162354,1,4.262958280657392,14.474487813003156,감소형,,0.0,,15.0,관찰,15.0
2026-09-27T22:54:51+09:00,KAVA,KRW-KAVA,KAVAUSDT,92.6,-0.96256684,562627979.2807727,1790517249595,False,False,,550013606.4540145,779215901.1626651,361282503.93662614,361954391.82756424,255150405.54327995,0.7058552137261846,1.0982313871937057,1.194013128336748,1,-1.8887722980062915,-2.298850574712652,감소형,320517.979299,0.397,512856.563704,920190.918395,679596.629644,552807.01349,847788.327032,0.5573371280370013,0.7147512674282448,0.6501321180531046,1,-1.1088709677419484,-3.1042754338930556,감소형,,0.0,,14.8,관찰,14.8
2026-09-27T22:54:51+09:00,AXS,KRW-AXS,AXSUSDT,1586.0,-0.37688442,3577337650.9608006,1790517275874,False,False,,15160232801.627638,28879221532.56968,1975789494.4618082,3769543785.5264745,3043974442.6814833,0.524952959155429,1.3135388642856296,1.850308613105197,1,12.270803949224263,8.594815825375179,감소형,2298833.52286,-0.764,5486527.02845,9670079.85353,1443065.25115,3361026.9165,2665687.28674,0.5673714293524865,1.1371690941122408,1.4110574839094083,1,13.26234269119071,7.93357933579335,감소형,,0.0,,13.6,관찰,13.6
2026-09-27T22:54:51+09:00,QTUM,KRW-QTUM,QTUMUSDT,1380.0,-1.5691868800000002,787850182.9554229,1790517272948,False,False,,1804277968.0302393,2498255308.2854114,900537802.3521221,1354635756.187242,711386724.0861069,0.7222152043653782,1.1387219743347954,1.472369961883654,1,6.615969581749059,3.9288361749443945,감소형,370439.0716,-3.51,703306.8482,978108.6181,238104.7797,447011.585,365174.8643,0.7190477981537376,1.268571940909641,1.5555590232999776,1,7.949790794979084,3.5105315947843607,감소형,,0.0,,13.3,관찰,13.3
2026-09-27T22:54:51+09:00,META2,KRW-META2,,8810.0,2.20417633,36838699178.26494,1790517291788,False,False,,23733103758.412453,3502073588.454111,47771446057.41733,1312374597.4304364,1226593040.516359,6.776871804366836,1.3539621660861338,2.118976586413758,2,14.021164021164022,16.172506738544467,일회성 폭증형,,,,,,,,,,,,,,NO_DATA,,0.0,,13.2,관찰,13.2
2026-09-27T22:54:51+09:00,G,KRW-G,GUSDT,7.48,-3.35917313,4765367447.634134,1790517270304,False,False,,3901990047.0562687,11576162194.883804,7022479748.427598,11382234353.84004,19505719492.900383,0.337071127837237,0.39044789835849525,0.14267374896120258,1,-1.526717557251911,-12.244897959183676,감소형,1777589.10796,-3.853,1610028.53919,2535529.78983,3059278.32221,3823180.29423,4091238.70329,0.6349870333402581,0.5128574605543561,0.2813378243010845,1,-0.7005253940455369,-12.36476043276662,감소형,,0.0,,13.0,관찰,13.0
2026-09-27T22:54:51+09:00,TRX,KRW-TRX,TRXUSDT,453.0,-0.22026431999999999,2543747099.536283,1790517274569,False,False,,2250078551.362814,4598805638.133217,3754011560.0374436,4032496318.0960135,4762966591.877639,0.4892745483099354,0.5450193606502403,0.5270541077102096,1,-3.404255319148941,-2.5751072961373356,감소형,20502823.86836,-0.802,13548453.23128,26937054.14437,35810580.52973,39796512.82649,57269061.78293,0.5029671455039825,0.3963693753815267,0.3514409267077961,1,-2.3085914669783825,-3.017116333043235,감소형,,0.0,,13.0,관찰,13.0
2026-09-27T22:54:51+09:00,USDT,KRW-USDT,,1359.0,-0.07352941,42608061075.36452,1790517291457,False,False,,43538457052.93687,75080233054.15648,92011396310.42532,168976915408.14075,108971107454.0189,0.5798924068540375,0.3886569367780123,0.3709960411402106,1,-0.9468317552804084,0.591715976331364,감소형,,,,,,,,,,,,,,NO_DATA,,0.0,,12.9,관찰,12.9
2026-09-27T22:54:51+09:00,ETH,KRW-ETH,ETHUSDT,3676000.0,0.16348774,42389834429.22437,1790517293411,False,False,,33503538009.07183,83710519127.93227,73617700334.64021,123274417001.84668,121569284329.97495,0.4002309191019277,0.3581955440392321,0.2686188595043241,1,-0.43407487791644606,-2.289669861554844,감소형,335640212.74218,0.739,232408625.067851,632500185.266342,713406122.987247,898195135.1752,831787685.162451,0.3674443588818636,0.31069267267091694,0.2506455029779611,1,0.4328214220530313,-2.8766042669990166,감소형,,0.0,,12.9,관찰,12.9
2026-09-27T22:54:51+09:00,O,KRW-O,,724.0,-2.4258760099999996,350993185.8027546,1790517260305,False,False,,313539216.55735785,561088405.3306783,672369495.7150644,677265532.4885241,920973857.6317621,0.558805374658514,0.49228351584729985,0.4571824785461398,1,-1.3297872340425565,0.4059539918809252,감소형,,,,,,,,,,,,,,NO_DATA,,0.0,,12.9,관찰,12.9
2026-09-27T22:54:51+09:00,XAUT,KRW-XAUT,XAUTUSDT,5822000.0,0.12037833,283343774.87958,1790516863015,False,False,,334279266.59118,1166787719.07099,682561611.69144,879604994.20958,1123424778.74585,0.2864953591192553,0.3674806099159706,0.29896092417370884,1,-1.2565800645270797,-1.6573651276847623,감소형,3950803.532523,-0.031,4543273.962046,29956065.870609,28922590.27496,25183829.199899,27666046.602608,0.15166457376846582,0.1621391733794701,0.1658909779460763,1,-0.19839188341738145,-2.0081442805771177,감소형,,0.0,,12.9,관찰,12.9
2026-09-27T22:54:51+09:00,RLUSD,KRW-RLUSD,RLUSDUSDT,1358.0,-0.14705882,120134219.9169735,1790515057610,False,False,,96392639.07835563,144155148.05026597,35507652.58288748,145268687.1338327,89311436.38431917,0.668672887386194,0.8899658177863059,0.7795322482780584,1,-1.0909090909090868,0.4431314623338345,감소형,15637906.6741,0.01,24591846.6888,91449891.5517,83672532.6146,89383767.4527,89365705.4058,0.26891061620228734,0.2789180079862469,0.2687289416751593,1,0.0,0.019998000199983323,감소형,,0.0,,12.9,관찰,12.9
2026-09-27T22:54:51+09:00,XTZ,KRW-XTZ,XTZUSDT,441.0,-2.0,534241687.2548695,1790517147136,False,False,,437934536.6863368,620324737.3013345,255899620.7051851,640220524.2867305,552687721.9646053,0.7059762578412245,0.8663708291673651,0.759441130099681,1,0.6711409395973256,-2.1739130434782594,감소형,558857.54089,-1.489,905842.30577,1765922.49347,869689.13619,1353309.95319,1309299.53639,0.5129570007288593,0.6812685736901312,0.6379057103564143,1,1.2623152709359653,-3.2647058823529362,감소형,,0.0,,12.8,관찰,12.8
2026-09-27T22:54:51+09:00,XRP,KRW-XRP,XRPUSDT,2079.0,-0.04807692,165692132905.64835,1790517294056,False,False,,161531810895.23608,393270807788.19995,277058018201.3417,534622788019.7696,437399315440.244,0.41073938796451603,0.4021700349222185,0.38030209571451007,1,0.9218825812712383,0.09624639076035724,감소형,181554984.13554,-0.74,181135648.39195,538764479.31241,296261421.47513,499673407.45481,477823347.13132,0.3362056248086764,0.4071381035564155,0.392208256649379,1,1.7588274483677724,-0.5793139360801836,감소형,,0.0,,12.7,관찰,12.7
2026-09-27T22:54:51+09:00,BTC,KRW-BTC,BTCUSDT,115324000.0,0.40834095000000004,65091012415.21535,1790517293416,False,False,,62950265085.00601,128171834220.45271,103868241728.45888,157018825615.72302,153194249446.10184,0.49113961322214483,0.48540412388853704,0.37022281981348354,1,-0.9084791386271829,-1.936425808765141,감소형,858964481.3870679,1.116,677578219.0470139,1520256978.6934962,1572042147.6733966,1887736866.156798,1834036114.8607607,0.4456997919057884,0.40817669996616424,0.35599685880102294,1,0.042062807473208785,-2.5247056107134513,감소형,,0.0,,12.7,관찰,12.7
2026-09-27T22:54:51+09:00,BIRB,KRW-BIRB,,94.4,0.31880978,849318729.2195458,1790517275890,False,False,,688635563.5130193,1149334179.1552646,3021273209.924191,3137085347.9467816,875986155.1660306,0.5991604321896625,0.2827030042015354,0.3680675564326091,1,-2.1829521829521914,0.21299254526090383,감소형,,,,,,,,,,,,,,NO_DATA,,0.0,,12.7,관찰,12.7
2026-09-27T22:54:51+09:00,LIT,KRW-LIT,,6415.0,-2.7293404100000003,2024478146.7764673,1790517219105,False,False,,2210687164.039057,4115182468.93631,4212133790.0804925,4763621412.950914,1300346390.1253138,0.5372027074683943,0.506614702346245,0.6731749107772095,1,-9.595613433858807,2.8059236165237644,감소형,,,,,,,,,,,,,,NO_DATA,,0.0,,12.4,관찰,12.4
2026-09-27T22:54:51+09:00,FF,KRW-FF,FFUSDT,176.0,-1.67597765,899356378.5446689,1790517245063,False,False,,889832595.3579551,1198618355.500902,2408375112.317738,2702913518.870683,1451625347.1749961,0.7423819193775775,0.4230645224573263,0.29157181144390865,1,0.0,3.4682080924855585,감소형,665850.386489,-2.525,578409.318016,1538592.615785,2515856.141719,4115501.310267,1312611.59399,0.3759340270334599,0.21239150051763053,0.17749349383229773,1,0.5658790242410339,3.137008862050017,감소형,,0.0,,12.2,관찰,12.2
2026-09-27T22:54:51+09:00,MVL,KRW-MVL,,1.58,0.63694268,174636859.74909982,1790516884100,False,False,,103655202.53699721,177544188.166818,64364446.52457794,203273432.17325035,115253018.87509552,0.5838276296580559,0.6985133291668238,0.7889127347025736,1,0.6410256410256387,1.2903225806451646,감소형,,,,,,,,,,,,,,NO_DATA,,0.0,,12.0,관찰,12.0
2026-09-27T22:54:51+09:00,KNC,KRW-KNC,KNCUSDT,198.0,-0.50251256,184182728.9308585,1790517219456,False,False,,146886638.6811493,228116197.21627834,114895018.94992566,327602306.9582442,188937038.7368544,0.6439114822779778,0.6570996570280512,0.6407155349088063,1,3.1088082901554515,-1.4851485148514865,감소형,170689.77029,-0.477,112069.98673,385954.07387,225229.87089,312880.22219,147189.42321,0.29037130145113654,0.36383832661719473,0.4270307265694362,1,3.766879886282881,-2.2103148024112507,감소형,,0.0,,11.9,관찰,11.9
2026-09-27T22:54:51+09:00,DOOD,KRW-DOOD,,2.51,-2.71317829,483090358.38081646,1790517110335,False,False,,394752858.1263822,609833974.1386179,507619830.13701385,1307836654.2663972,1260745100.8728518,0.6473120141985614,0.488295564850021,0.39120438186678164,1,3.6144578313253017,0.0,감소형,,,,,,,,,,,,,,NO_DATA,,0.0,,11.7,관찰,11.7
2026-09-27T22:54:51+09:00,SHIB,KRW-SHIB,SHIBUSDT,0.00805,-0.24783147,5961975070.961726,1790517274891,False,False,,7257317016.724076,10127354094.763533,10556722104.474813,14052369404.44906,19713467015.58345,0.716605437986666,0.6267754420982282,0.49101364504731976,1,4.1290322580645356,-1.465201465201449,감소형,5102085.11025696,0.338,4734969.35211526,6370535.16849092,5294558.73740545,11794271.88294115,15471210.75281483,0.7432608449498443,0.6055111712825924,0.44399823824609325,1,5.141843971631199,-1.983471074380161,감소형,,0.0,,11.6,관찰,11.6
2026-09-27T22:54:51+09:00,VVV,KRW-VVV,,41070.0,1.98659051,2984179479.2688766,1790517288548,False,False,,885237193.7668076,1912443219.3261023,2301540555.914533,3257964036.982668,3490875260.8062415,0.46288286356482955,0.35542426794737036,0.17228289207697722,1,-3.173839865352246,-6.69601482854495,감소형,,,,,,,,,,,,,,NO_DATA,,0.0,,11.4,관찰,11.4
2026-09-27T22:54:51+09:00,AKT,KRW-AKT,,947.0,-0.62959077,1370808263.8230472,1790517274247,False,False,,1255817342.83686,2063637006.7302861,1652359300.9812148,3581302871.8221903,2330021457.7207212,0.6085456593098367,0.5162803299989306,0.3129719055307097,1,1.5991471215351716,4.725274725274731,감소형,,,,,,,,,,,,,,NO_DATA,,0.0,,11.4,관찰,11.4
2026-09-27T22:54:51+09:00,WIF,KRW-WIF,WIFUSDT,334.0,0.0,140095470.6588207,1790516957583,False,False,,228640162.0043103,460423420.99201286,1066283524.2519665,550184537.2006671,5058460945.265097,0.4965867320817214,0.3302630357969183,0.10569976505417902,1,4.374999999999996,1.21212121212122,감소형,2425236.286761,-1.043,2552676.392501,4011763.215181,4963595.593394,7257684.60687,15616977.866023,0.6362978709315051,0.4717556025394926,0.29570917221592447,1,4.922945205479445,-0.04078303425774088,감소형,,0.0,,11.2,관찰,11.2
2026-09-27T22:54:51+09:00,DOGE,KRW-DOGE,DOGEUSDT,133.0,1.52671756,22146203258.130375,1790517273600,False,False,,19016903217.669945,29534661002.031883,32631455221.62486,65440324309.2849,70169349734.34349,0.6438842557346992,0.4470833087635744,0.33728779659212466,1,2.34375,-2.238805970149249,감소형,62392924.38946,0.37,50746561.78344,104142521.4922,98207104.29953,192205481.17435,225481255.8087,0.48727994152936643,0.3858515139265656,0.2879501412853385,1,4.324849007765308,-3.134388143400768,감소형,,0.0,,11.0,관찰,11.0
2026-09-27T22:54:51+09:00,TFUEL,KRW-TFUEL,TFUELUSDT,14.8,-1.3333333299999999,1344057444.6088781,1790517259009,False,False,,310399583.1067175,425114840.38362044,308316172.419269,493995973.9409945,328288447.0818187,0.7301546632119812,0.7586591784090024,0.8019471586819497,1,4.166666666666674,2.7397260273972712,감소형,795786.85316,-1.272,144985.08439,346250.56559,224736.05933,193784.61394,261533.92799,0.41872880162072806,0.5687390307961404,0.5777303393148758,1,4.957102001906599,1.6620498614958512,감소형,,0.0,,10.9,관찰,10.9
2026-09-27T22:54:51+09:00,XLM,KRW-XLM,XLMUSDT,293.0,-0.34013605,18113772375.557224,1790517291140,False,False,,21617357056.9015,60852984549.24012,34825542466.10956,44818941564.48005,40816393341.98725,0.3552390604508393,0.4615888942785898,0.48360249780125136,1,5.755395683453246,0.6849315068493178,감소형,14686196.5254,-0.598,14789143.2055,46785564.5863,28982143.9193,37720881.8659,35895079.4881,0.3161048356746909,0.390941763143459,0.37814461760722845,1,7.1251855517070695,0.46403712296982924,감소형,,0.0,,10.8,관찰,10.8
2026-09-27T22:54:51+09:00,ANKR,KRW-ANKR,ANKRUSDT,6.96,-0.57142857,3121659790.541712,1790517221758,False,False,,1174035776.8162823,3396157630.458345,218008019.4884472,522172817.4039794,624202678.4417462,0.3456953135175397,0.8515036567364552,1.1125989444194415,1,5.263157894736836,4.166666666666674,감소형,946152.846484,-1.721,384982.544994,1037782.350401,280593.996057,394541.460236,464602.832134,0.37096655656674293,0.6742574748587004,0.7409876959557948,1,6.198347107438007,3.2128514056224855,감소형,,0.0,,10.8,관찰,10.8
2026-09-27T22:54:51+09:00,SNT,KRW-SNT,,12.1,-0.8196721299999999,325202934.0016726,1790516808182,False,False,,381811145.2782115,523397839.59426653,395290027.1079964,1773502668.758186,664953354.6816213,0.7294855201813369,0.42546521902794276,0.46334707045671497,1,2.5210084033613356,6.0869565217391175,감소형,,,,,,,,,,,,,,NO_DATA,,0.0,,10.8,관찰,10.8
2026-09-27T22:54:51+09:00,TRAC,KRW-TRAC,,500.0,0.40160643,1512751156.2538245,1790517268359,False,False,,1057475282.7733263,3786212820.2565055,7731615583.871035,720401523.8286253,882134348.4465986,0.2792963134865951,0.25922260547443293,0.34556760875598347,1,5.285412262156441,0.60606060606061,감소형,,,,,,,,,,,,,,NO_DATA,,0.0,,10.7,관찰,10.7
2026-09-27T22:54:51+09:00,HP,KRW-HP,,12.9,0.0,158774442.21448034,1790517167184,False,False,,156035331.02008945,210304575.67215872,107713490.87238023,250708412.23709673,169792188.3701684,0.7419492919798905,0.8230775434670752,0.8085258891250138,1,4.0322580645161255,4.0322580645161255,감소형,,,,,,,,,,,,,,NO_DATA,,0.0,,10.7,관찰,10.7
2026-09-27T22:54:51+09:00,ENS,KRW-ENS,ENSUSDT,9585.0,-0.26014568,3410202469.065639,1790517287262,False,False,,2963833783.013102,5395225413.297055,9044053917.629648,22570380049.842197,7233284941.907596,0.5493438282872198,0.24024812705138116,0.28377526095419575,1,3.6677454153182243,4.912663755458513,감소형,1092400.5736,-0.704,952863.6632,1868628.2179,2609304.2228,4358131.4592,2581278.574,0.5099268297847104,0.3235140693847122,0.33303920447670005,1,4.592592592592593,4.129793510324475,감소형,,0.0,,10.6,관찰,10.6
2026-09-27T22:54:51+09:00,MIRA,KRW-MIRA,MIRAUSDT,74.4,-1.45695364,1443648692.2605364,1790517285322,False,False,,1415426338.547616,2323943089.0602827,2474564894.384905,3027705072.0470366,4145855952.375667,0.6090623927972189,0.5425713541829691,0.18731978816889117,1,5.006954102920713,3.0013642564802323,감소형,554044.44673,-2.218,542084.995988,788155.845972,1427686.406082,892418.103759,1124509.611278,0.6877890949593465,0.5232042370333018,0.3327037033445057,1,6.012597824012222,2.548005908419504,감소형,,0.0,,10.6,관찰,10.6
2026-09-27T22:54:51+09:00,NEWT,KRW-NEWT,NEWTUSDT,69.5,0.0,513244491.2570862,1790517289838,False,False,,298333441.3888942,486064066.39847547,586878954.509249,3489891895.963446,4645223991.742351,0.6137739076237747,0.19615005593505072,0.13468889304263923,1,3.268945022288272,6.431852986217468,감소형,292345.976319,0.039,316093.962223,436145.910972,483939.563382,905040.782759,1604833.487933,0.7247436105007823,0.5195705683227637,0.37632973399510333,1,3.827361563517906,5.677579776212194,감소형,,0.0,,10.4,관찰,10.4
2026-09-27T22:54:51+09:00,ENSO,KRW-ENSO,ENSOUSDT,1388.0,-2.80112045,1460021912.0728354,1790517191991,False,False,,989498714.8799146,1338022387.9962344,1617665543.691993,2437033625.405841,2490263279.8926144,0.739523287320884,0.5504634558286656,0.19635109459140665,1,5.387453874538739,3.4782608695652195,감소형,611144.29007,-1.347,531882.46992,573191.98687,1118675.56938,1606226.12139,937263.48879,0.9279307493889145,0.48380900172059066,0.36037407954944334,1,6.490872210953347,2.941176470588247,중립,,0.0,,10.3,관찰,10.3
2026-09-27T22:54:51+09:00,MED,KRW-MED,,2.52,0.0,278217690.8118734,1790517016700,False,False,,407686992.90178764,866593766.7482828,183815613.4134162,265705512.35250437,335476378.40449965,0.47044764057275684,0.929296511772557,1.0157091188575198,1,5.882352941176472,3.2786885245901676,감소형,,,,,,,,,,,,,,NO_DATA,,0.0,,10.3,관찰,10.3
2026-09-27T22:54:51+09:00,MORPHO,KRW-MORPHO,MORPHOUSDT,3659.0,-1.56039817,1292564243.6379385,1790517278817,False,False,,1728046598.0643027,3531586622.0659103,8231004960.029654,2037787911.1594174,1093118203.3933327,0.4893116842348408,0.37565197368135333,0.5150086877584665,1,5.716723549488045,3.624198494563702,감소형,4195326.86185,-1.648,4444928.23317,7448499.70856,11006076.30725,7351263.86064,5711971.82903,0.5967548374959025,0.5167351562031163,0.576145461806841,1,6.230529595015577,2.594960511470501,감소형,,0.0,,10.2,관찰,10.2
2026-09-27T22:54:51+09:00,WET,KRW-WET,,95.1,0.74152542,487263215.6512245,1790517233090,False,False,,332892155.23609227,446971916.58665293,381692459.15717155,1385467872.7863944,12964196024.655256,0.7447719708617434,0.4510464387893796,0.10644579669765725,1,1.6146393972013007,7.394766780432316,감소형,,,,,,,,,,,,,,NO_DATA,,0.0,,10.2,관찰,10.2
2026-09-27T22:54:51+09:00,GRVT,KRW-GRVT,,275.0,-1.07913669,738975701.6318488,1790517030293,False,False,,836577317.3919842,1268353984.1080494,4105181033.295554,1862802934.9533849,1252494842.3829708,0.6595771589587386,0.3468234856773782,0.4247604204263689,1,4.511278195488733,6.513409961685834,감소형,,,,,,,,,,,,,,NO_DATA,,0.0,,10.0,관찰,10.0
2026-09-27T22:54:51+09:00,SOL,KRW-SOL,SOLUSDT,167100.0,1.08892922,30838287311.18956,1790517291472,False,False,,24603800499.52651,58077017703.67109,37671346854.87487,51894789216.68141,52156395694.8951,0.42364090775224644,0.49993108119967655,0.4614223940763277,1,4.752851711026618,2.7346177750155354,감소형,294515270.32151,1.764,221338928.92664,481769969.76669,299095253.78508,420981927.35118,359248594.69513,0.45942865437177266,0.5524968680759803,0.5279027931840201,1,5.583094182102788,2.111017661900738,감소형,,0.0,,9.9,관찰,9.9
2026-09-27T22:54:51+09:00,MOODENG,KRW-MOODENG,,65.7,-1.05421687,607506739.628716,1790517292139,False,False,,752950731.6651403,3895280204.393586,1130209833.6030025,2270673600.1712136,1909225879.0063498,0.1932982204504487,0.3095945084316474,0.33525363861350466,1,8.143322475570036,1.8404907975460238,감소형,,,,,,,,,,,,,,NO_DATA,,0.0,,9.7,관찰,9.7
2026-09-27T22:54:51+09:00,CARV,KRW-CARV,,60.5,2.36886633,731190581.4706788,1790517285631,False,False,,490234582.44185376,661764432.6106302,1030663475.7849114,8542750304.020968,34220929918.672844,0.7407992304873517,0.14369107374617274,0.05377994215992147,1,-0.16891891891892552,6.871609403254975,감소형,,,,,,,,,,,,,,NO_DATA,,0.0,,9.6,관찰,9.6
2026-09-27T22:54:51+09:00,ADA,KRW-ADA,ADAUSDT,348.0,0.57803468,13105718731.686708,1790517291469,False,False,,16961662977.053387,24403876608.524612,15449326377.489492,25099966365.799915,26057610631.502766,0.6950396959116095,0.78341040843666,0.7266632339407486,1,5.810397553516822,4.53172205438066,감소형,32350008.34692,0.039,42377244.74393,57092332.74667,41843522.36475,60468039.9036,75672412.58103,0.7422580704832334,0.7975447163308705,0.6995561891000575,1,6.5436241610738355,3.6311709506323897,감소형,,0.0,,9.5,관찰,9.5
2026-09-27T22:54:51+09:00,BSV,KRW-BSV,,28870.0,-0.34518466999999997,1023100109.9066418,1790517276545,False,False,,1168562143.96585,2066862809.3949728,4438864970.851167,51279663413.94648,21715154545.11199,0.5653796365458432,0.06066734791353059,0.0712907697934105,1,-4.452506596306072,15.880000000000006,감소형,,,,,,,,,,,,,,NO_DATA,,0.0,,9.5,관찰,9.5
2026-09-27T22:54:51+09:00,DATA,KRW-DATA,,313.0,-0.31847134,8987498088.703909,1790517291140,False,False,,9075113051.978819,16345239650.771955,23844881873.41723,25536375552.554024,29071967110.75162,0.5552144383242626,0.41422166655478015,0.461231160621688,1,1.2903225806451646,14.598540145985407,감소형,,,,,,,,,,,,,,NO_DATA,,0.0,,9.3,관찰,9.3
2026-09-27T22:54:51+09:00,CAP,KRW-CAP,,71.1,1.28205128,7773076755.844087,1790517290486,False,False,,5779228683.3535795,14867271133.308311,13743323410.678299,21094502848.513226,4540520039.210416,0.38872155027871397,0.34881102662675556,0.4635500089086793,1,-3.703703703703709,12.86173633440515,감소형,,,,,,,,,,,,,,NO_DATA,,0.0,,9.1,관찰,9.1
2026-09-27T22:54:51+09:00,ETC,KRW-ETC,ETCUSDT,12850.0,-0.15540015999999998,3884289183.625383,1790517283685,False,False,,5783833070.050384,9029163429.900164,32540528088.281086,13125259571.38225,12739870658.671398,0.6405724201311014,0.3172413333314424,0.3868372833531782,1,6.893687707641205,6.804979253112031,감소형,3555274.5459,-0.316,5422341.8775,7748461.4414,23310380.4808,10340449.6871,9508612.6677,0.6997959425245958,0.3929300478379623,0.47795319930738867,1,8.00915331807779,6.186726659167596,감소형,,0.0,,9.1,관찰,9.1
2026-09-27T22:54:51+09:00,LSK,KRW-LSK,LSKUSDT,410.0,-1.44230769,3752523971.2278714,1790517276851,False,False,,4661539319.073166,9249159864.055618,36347301996.22043,11009233576.320787,28988238641.431293,0.5039959723465252,0.24705319578457355,0.25200460153733406,1,4.0000000000000036,11.229946524064172,감소형,6821860.43313,-0.479,8177758.14141,12332084.70361,40430871.73278,9784704.51593,8573360.98224,0.6631286062295781,0.392233283398586,0.499246973302988,1,-4.45752733389404,-6.476399560922063,감소형,,0.0,,9.1,관찰,9.1
2026-09-27T22:54:51+09:00,IRYS,KRW-IRYS,,22.7,-0.87336245,311743060.1172469,1790517242169,False,False,,392244077.4361227,664229774.6971644,358642660.6908418,563392125.7704713,547249363.9077971,0.5905246834424949,0.7418259608907731,0.7637696439187642,1,7.511737089201875,6.018518518518512,감소형,,,,,,,,,,,,,,NO_DATA,,0.0,,9.0,관찰,9.0
2026-09-27T22:54:51+09:00,CFX,KRW-CFX,CFXUSDT,76.1,-0.78226858,109269644.77370556,1790517241503,False,False,,164835634.0395843,403867746.61056376,139601863.77749023,334909691.7722206,223733585.80007896,0.408142604659465,0.562976496489124,0.5029886320550248,1,8.028169014084519,5.502063273727642,감소형,1421122.66168,0.698,1692207.18844,1802144.94216,1137405.78343,2360632.20551,2109246.02079,0.9389961644326833,0.9578200660833412,0.8025655414999766,1,8.833785354513758,4.056306723467307,중립,,0.0,,9.0,관찰,9.0
2026-09-27T22:54:51+09:00,CRO,KRW-CRO,,92.1,-0.32467532,2019995198.3001494,1790517221437,False,False,,1553539679.0051122,3860025378.5829763,1525639968.9601104,2638770402.68334,2828815233.173442,0.4024687732948067,0.5808033339769499,0.49819105100157524,1,9.608540925266906,3.4714445688689866,감소형,,,,,,,,,,,,,,NO_DATA,,0.0,,8.9,관찰,8.9
2026-09-27T22:54:51+09:00,MEW,KRW-MEW,,0.694,0.57971014,389330516.9070903,1790517272622,False,False,,302168948.6895216,718124770.5072286,696537551.3472297,3640111950.5194273,1353837140.9011655,0.42077499774320903,0.17933676109395086,0.18208638473851008,1,5.343511450381677,8.150470219435736,감소형,,,,,,,,,,,,,,NO_DATA,,0.0,,8.9,관찰,8.9
2026-09-27T22:54:51+09:00,YGG,KRW-YGG,YGGUSDT,37.7,-0.78947368,223884367.2021324,1790516452446,False,False,,177976937.57138267,250310838.7989945,196446736.3572445,505362448.49426496,627497717.3662634,0.7110236952795413,0.5607809934161606,0.4770458982635304,1,6.741573033707859,7.954545454545436,감소형,236128.670051,-0.928,385825.765874,406438.397931,451176.125515,756261.827465,890993.670417,0.9492847325402081,0.7172032088881083,0.6496952016042075,1,8.037094281298284,6.962509563886754,중립,,0.0,,8.9,관찰,8.9
2026-09-27T22:54:51+09:00,QKC,KRW-QKC,QKCUSDT,4.1,1.4851485100000001,1087784030.7108119,1790517262894,False,False,,796124737.5694954,2624484363.3786063,900630463.9158627,959008773.4429519,537671240.3657248,0.30334520131970283,0.5326289873712925,0.6957432460647246,1,3.0612244897959107,8.89487870619947,감소형,202594.48234,2.515,144058.958426,678699.223329,252677.580753,204767.657433,126414.046864,0.21225743816148043,0.38038901734530367,0.4985691623924065,1,5.069124423963123,6.427289048473961,감소형,,0.0,,8.8,관찰,8.8
2026-09-27T22:54:51+09:00,ID,KRW-ID,IDUSDT,53.7,-0.92250923,937563554.8737165,1790517229202,False,False,,834450945.4440094,1189977621.8235424,985741626.155564,1802659484.8418655,1621283019.2545738,0.701232468695741,0.6292394476372443,0.5793788077020048,1,8.617234468937895,6.06653620352251,감소형,299557.879,0.761,333821.0311,312879.7005,337655.8608,657724.8574,578432.229,1.0669309340508015,0.7654921596536107,0.671922001867034,2,9.615384615384603,5.555555555555558,중립,,0.0,,8.6,관찰,8.6
2026-09-27T22:54:51+09:00,ORDER,KRW-ORDER,,56.2,-2.59965338,389520063.7901303,1790517284012,False,False,,265090775.66663578,376222869.586265,334430854.7156139,494325895.48740286,1317728820.461924,0.7046110087835915,0.6599881972601154,0.4171494012892317,1,8.25515947467168,7.0500927643784905,감소형,,,,,,,,,,,,,,NO_DATA,,0.0,,8.6,관찰,8.6
2026-09-27T22:54:51+09:00,UNI,KRW-UNI,UNIUSDT,13390.0,1.5163002300000001,8944981386.538939,1790517283044,False,False,,9067287006.681377,13183105191.479092,14485210789.19492,27594345496.28572,26337056933.78433,0.6877959991203001,0.4922285733810561,0.48707953619207406,1,4.104183109707971,8.470394736842103,감소형,59541947.72091,2.179,52524369.55824,98946730.09729,93147164.54675,195413330.16936,206895117.87045,0.5308348189636493,0.4066326989144464,0.36991073721409823,1,4.96645747673663,7.8488048916064646,감소형,,0.0,,8.5,관찰,8.5
2026-09-27T22:54:51+09:00,COMP,KRW-COMP,COMPUSDT,32620.0,0.12277471,2143569631.4476438,1790517270312,False,False,,385799337.338533,1017042543.198578,13485979478.734259,364019591.5446127,303032233.6575213,0.3793345125221625,0.07784992079166447,0.12300472471366491,1,8.890374331550799,6.2969004893964176,감소형,2056728.43325,-0.083,871656.12567,1454331.65298,5092679.38648,1138940.75476,948586.69212,0.5993516842488658,0.34022700727533994,0.43218554322590924,1,9.720311783585522,5.558006175562413,감소형,,0.0,,8.4,관찰,8.4
2026-09-27T22:54:51+09:00,GMT,KRW-GMT,GMTUSDT,12.2,0.8264462800000001,698293946.452155,1790517225333,False,False,,554838614.0873101,791769948.2832922,561574738.2633239,1230701995.8781662,2706307916.4884,0.7007573541914615,0.6441508404561812,0.4181756515353423,1,7.079646017699104,7.079646017699104,감소형,490060.510235,1.701,327583.309601,525726.124439,477933.709214,691769.889362,1352821.763584,0.6231063939433534,0.5796465140739455,0.42296994477555727,1,8.935128518971847,6.205250596658707,감소형,,0.0,,8.3,관찰,8.3
2026-09-27T22:54:51+09:00,MANA,KRW-MANA,MANAUSDT,124.0,-0.8,240803681.2451653,1790516655381,False,False,,216139077.0996889,875759419.9218636,326525213.0659894,539069589.413937,326945991.75907177,0.24680188666308964,0.37236377467459036,0.4235004447370689,1,9.649122807017552,6.8376068376068355,감소형,344423.9482,-0.109,420515.2525,1454653.434,515985.6943,770464.0662,661992.5828,0.2890827757809425,0.4602328580811116,0.48831878204373325,1,10.666666666666668,6.534422403733964,감소형,,0.0,,8.1,관찰,8.1
2026-09-27T22:54:51+09:00,TIA,KRW-TIA,TIAUSDT,673.0,0.29806259,750669902.7387615,1790517024698,False,False,,576569801.7672564,853178412.7350194,743116126.490192,1489262923.3552291,1669032516.276445,0.6757904245595672,0.5605824640372179,0.52819443617781,1,6.170886075949378,13.15345699831365,감소형,4221624.921762,-1.785,4994412.127718,8034127.33786,7443907.012376,13506488.705924,12796488.322995,0.6216496101801057,0.5169392076634379,0.5285131394078906,1,6.876355748373109,12.33470132238943,감소형,,0.0,,7.7,관찰,7.7
2026-09-27T22:54:51+09:00,AAVE,KRW-AAVE,AAVEUSDT,209900.0,-0.8970727100000001,4815688037.738741,1790517287254,False,False,,4811621061.948952,6910748721.960256,5308166350.537992,9432826754.37514,5162788472.536403,0.6962517746679292,0.6666836922991021,0.684677023604164,1,11.122770199370402,7.240506329113927,감소형,17040864.83945,-0.515,17425951.4153,30344939.85835,21513121.98949,34731929.21475,20264502.81068,0.5742621833045061,0.6037401506152357,0.6401878734129497,1,11.987336307382357,6.675805346127461,감소형,,0.0,,7.5,관찰,7.5
2026-09-27T22:54:51+09:00,AXL,KRW-AXL,AXLUSDT,75.6,4.27586207,5285395802.895739,1790517114367,False,False,,358943771.528814,490369345.40625334,368343951.150007,827496735.4252514,904972583.5669816,0.7319865625601902,0.6386104305885478,0.2944672268031525,1,5.3779069767441845,1.9690576652602099,감소형,1623488.658207,4.128,426730.79741,469318.104278,661310.189648,1532346.119609,1318111.369181,0.9092570551193281,0.48073777416831887,0.37167814263643767,1,7.18562874251496,2.091254752851701,중립,,0.0,,7.3,관찰,7.3
2026-09-27T22:54:51+09:00,PROS,KRW-PROS,,865.0,2.97619048,18750336328.00753,1790517290478,False,False,,301890985.82830775,3316880068.8205247,638858680.2266619,941441105.4189333,411581992.65517116,0.09101655156788938,0.18493765481350855,0.19645700434889776,1,5.1314142678347885,8.247422680412363,감소형,,,,,,,,,,,,,,NO_DATA,,0.0,,7.0,관찰,7.0
2026-09-27T22:54:51+09:00,LINK,KRW-LINK,LINKUSDT,19230.0,-0.20757654,9296985301.350306,1790517291799,False,False,,13557068006.017862,18627353208.430157,11456517784.600773,10710856925.352594,9345250303.727001,0.7278043130616302,0.9969720621601629,1.066214013757266,1,13.62028301886793,8.015695067264584,감소형,35913847.65409,-1.034,44634687.22463,82230887.10534,46880834.15198,54181103.02568,42447250.90538,0.5427971021089891,0.730547211532652,0.7797284629614503,1,14.496155402670997,7.304862322688321,감소형,,0.0,,6.8,관찰,6.8
2026-09-27T22:54:51+09:00,CHIP,KRW-CHIP,CHIPUSDT,64.9,-1.96374622,3213030129.4606495,1790517289846,False,False,,3073121789.3010616,4268932407.2429996,5271834333.730741,4756169042.432073,4111369274.789103,0.7198806390297879,0.6448490437093471,0.56401421976694,1,14.53287197231834,5.0793650793650835,감소형,3538596.2621,-1.732,3399045.61955,5213498.55063,5072408.47591,3088065.91625,4364275.56104,0.6519701859587663,0.7624613046751636,0.7241402759432305,1,15.770694576593701,4.64416254568909,감소형,,0.0,,6.8,관찰,6.8
2026-09-27T22:54:51+09:00,WAL,KRW-WAL,WALUSDT,50.6,0.99800399,1604367749.310345,1790517226935,False,False,,867718883.0473788,1445988189.5251055,501219169.4550028,1127348761.8448186,1612160211.1168861,0.6000871164323665,0.8466772265141446,0.4965977876958606,1,11.333333333333329,7.280513918629539,감소형,408512.19002,-0.615,538127.607544,853179.019316,400364.543347,849758.220575,608364.10858,0.6307323496719609,0.7675469281192179,0.6864019672545053,1,12.51529987760096,6.579710144927509,감소형,,0.0,,6.6,관찰,6.6
2026-09-27T22:54:51+09:00,RED,KRW-RED,REDUSDT,230.0,-0.43290042999999995,592033081.1393296,1790517288881,False,False,,884460140.9396214,2204074590.0917773,640842412.1753476,1222816918.1502063,1010173800.4242463,0.4012841239201404,0.6522994066796384,0.7492043246844261,1,10.526315789473696,12.135922330097081,감소형,606530.28298,-0.178,554588.43753,1451062.03742,591737.59609,606538.96095,541416.86083,0.3821948498604944,0.6279927058281941,0.7501225813749374,1,11.500330469266352,10.840998685939551,감소형,,0.0,,6.6,관찰,6.6
2026-09-27T22:54:51+09:00,PENGU,KRW-PENGU,PENGUUSDT,14.0,3.7037037,8013603155.343212,1790517265795,False,False,,4925815426.15655,8224441236.762701,8292785129.560726,16686843180.274664,14896165848.775595,0.598924022234907,0.44504925089773123,0.4303529154878526,1,1.5037593984962294,14.406779661016934,감소형,14258550.589182,2.61,9256111.232219,18798727.771286,20331306.149912,39844769.890271,38886904.431001,0.4923796623278512,0.35161003708152777,0.3211516785441244,1,1.68274163759492,12.767410104688203,감소형,,0.0,,6.3,관찰,6.3
2026-09-27T22:54:51+09:00,SIGN,KRW-SIGN,SIGNUSDT,18.8,0.0,802153784.3301243,1790516989809,False,False,,586277738.0114946,1541002300.8490715,489528796.0384107,999778247.71731,671805223.8335526,0.3804522145674043,0.580413751211881,0.5986671443603628,1,9.941520467836252,14.634146341463428,감소형,540165.91973,2.209,288424.60207,646766.98478,497346.44753,661806.26076,442240.80136,0.44594824543820616,0.47913194010253296,0.5197239000474573,1,10.454908220271353,13.349713349713355,감소형,,0.0,,6.3,관찰,6.3
2026-09-27T22:54:51+09:00,BEAM,KRW-BEAM,,2.88,-2.04081633,431848459.9823111,1790517275545,False,False,,560232484.8565059,999873776.6124752,5711145321.3826,538087147.03928,419368053.6085024,0.5603032082254892,0.23184892009560445,0.32993723009585746,1,10.943396226415093,13.076923076923075,감소형,,,,,,,,,,,,,,NO_DATA,,0.0,,6.3,관찰,6.3
2026-09-27T22:54:51+09:00,ORCA,KRW-ORCA,ORCAUSDT,2317.0,3.52993744,10298104750.868265,1790517289207,False,False,,766264200.6482804,1170744280.1362903,1695147149.2328582,3455183343.948443,1085809691.7455356,0.6545103090822506,0.3636711610576833,0.45554275824931734,1,6.06635071090047,8.95813047711782,감소형,3772652.75237,4.032,453713.15118,948622.27348,1549149.97573,2516648.37815,1155197.07167,0.47828642006850974,0.2714450092425962,0.3163158279219928,1,7.526178010471196,8.448844884488448,감소형,,0.0,,6.1,관찰,6.1
2026-09-27T22:54:51+09:00,BIO,KRW-BIO,BIOUSDT,42.9,-2.05479452,370863975.8628371,1790517260302,False,False,,642930172.4192992,1368540983.820868,674603529.8236185,676170750.999676,488373934.99172974,0.4697924139796562,0.7092927187720879,0.9124454684788179,1,12.596401028277636,11.45038167938932,감소형,1304784.095357,-2.465,1604753.479124,3475737.284606,2714109.142674,2340262.089126,1860475.833141,0.46170160392485204,0.564384430527784,0.6556342494418742,1,13.705404450724146,10.618556701030935,감소형,,0.0,,6.1,관찰,6.1
2026-09-27T22:54:51+09:00,JST,KRW-JST,JSTUSDT,171.0,2.39520958,634478939.8650479,1790516928335,False,False,,423463884.27158016,650766518.5410441,320554317.893869,361308993.49174523,502504948.2263434,0.6507155365352008,0.9532967252313846,0.8792020659834443,1,9.868421052631572,8.441558441558449,감소형,3150108.123724,1.824,3086817.294195,5250594.680957,2693348.122049,2781502.885313,5296863.746618,0.5878986061122473,0.8634095171140987,0.7513247993395068,1,10.827162723496485,7.094240837696342,감소형,,0.0,,5.8,관찰,5.8
2026-09-27T22:54:51+09:00,CKB,KRW-CKB,CKBUSDT,1.9,-3.5532994900000006,220881848.38344428,1790517294698,False,False,,225247524.08964974,315883686.7812772,771389511.3674283,370739005.4557307,270446607.9438947,0.7130710876045164,0.4634683925130441,0.5834208035371424,1,13.218390804597702,11.931818181818187,감소형,279817.589657,-2.573,328533.915645,474851.217279,530523.268623,553070.91951,371946.016555,0.6918670600184418,0.6324262264897501,0.7103354134250939,1,13.611329661683701,10.73619631901841,감소형,,0.0,,5.7,관찰,5.7
2026-09-27T22:54:51+09:00,A,KRW-A,AUSDT,142.0,2.15827338,515891852.94777876,1790517073544,False,False,,421954743.427924,608212345.2589536,716662038.5041709,1066322565.2732933,1383003699.6623428,0.6937622143270896,0.5293851812557213,0.44424776525333415,1,10.317460317460325,10.317460317460325,감소형,527543.44689,2.956,353520.72727,592476.24542,595297.70272,639575.2434,627864.96105,0.5966833776084861,0.580382877405172,0.6099177652865808,1,11.123227917121037,9.452201933404947,감소형,,0.0,,5.4,관찰,5.4
2026-09-27T22:54:51+09:00,GRT,KRW-GRT,GRTUSDT,37.8,0.53191489,722142733.7359527,1790517231493,False,False,,731855728.3630054,1211123677.7500463,951787328.2330859,2101522100.2157292,1056286694.7942948,0.6042782762885155,0.5148555811316393,0.5632606695953807,1,10.26392961876832,17.868338557993745,감소형,968892.39378,-0.676,1125552.21867,2674194.94095,2025342.67638,3667964.17778,1921244.16789,0.42089385535601637,0.4035441806517844,0.45749541757913065,1,10.972668810289399,17.09075487701441,감소형,,0.0,,5.1,관찰,5.1
2026-09-27T22:54:51+09:00,BIGTIME,KRW-BIGTIME,BIGTIMEUSDT,13.0,4.83870968,3341436812.734726,1790517259337,False,False,,1147267740.7328522,1669694652.512611,684288594.7464048,1136401114.5560539,644978334.6270931,0.6871123046398971,0.9860814355725425,1.1378893191580854,1,11.711711711711725,9.734513274336276,감소형,1461668.4201,8.39,282942.66406,493566.22312,207267.76227,459842.29385,240241.98122,0.5732618052171868,0.7313219089269271,0.7327807684298994,1,12.967581047381561,8.37320574162681,감소형,,0.0,,3.6,관찰,3.6
2026-09-27T22:54:51+09:00,SC,KRW-SC,SCUSDT,1.58,8.21917808,10337401523.558922,1790517290166,False,False,,1376351611.1847699,3556456943.0561314,955904669.1379834,4963779603.161496,809053872.4821354,0.3870007800521956,0.4357316696445367,0.6139796784856743,1,8.955223880596996,10.606060606060597,감소형,1658489.65201,8.24,614723.260837,3376942.058417,386682.489163,1121330.284613,379230.920896,0.1820354777200892,0.3775203345499712,0.5344588369079666,1,11.111111111111116,11.570247933884303,감소형,,0.0,,1.0,관찰,1.0
2026-09-27T22:54:51+09:00,AVNT,KRW-AVNT,AVNTUSDT,172.0,-2.82485876,1992100854.3432584,1790517271641,False,False,,5782477902.048407,1752719222.1020172,1150978016.5932298,2381212864.789187,2704188126.4419727,3.299146736756583,3.2824463172434575,2.6112799927376056,3,17.999999999999993,12.73885350318471,가속형,1071473.25402,-4.367,3607849.00092,2062373.80492,626823.00318,1137267.31249,2426845.49601,1.7493671575507377,2.8286027678971477,2.342915249671109,3,17.974452554744524,11.273666092943202,가속형,,0.0,,63.0,시동,63.0
2026-09-27T22:54:51+09:00,WAXP,KRW-WAXP,WAXPUSDT,8.65,-4.4198895,6071277993.344724,1790517291123,False,True,거래량급등,42462153497.91535,22824305048.547558,181620909.6402677,393643010.4519714,303773448.79495156,1.860391955312456,5.443966111703594,8.792500991904117,3,21.96765498652291,20.66666666666668,가속형,609027.96332,-7.558,1877779.88597,2151077.76048,138000.26881,176323.56658,165792.98876,0.8729483984581685,2.2849582264191266,3.256237570129792,1,23.605947955390327,19.819819819819816,중립,,0.0,,55.8,시동,55.8
2026-09-27T22:54:51+09:00,SOMI,KRW-SOMI,SOMIUSDT,292.0,-2.99003322,314418767.7722919,1790517286944,False,False,,420368634.5193351,148701151.869303,135297929.99869627,232961572.29158592,372711970.32817864,2.8269359667691556,2.439462062365588,1.2091322565310707,3,18.972332015810277,16.666666666666675,가속형,531566.06298,-1.466,684427.35608,357866.81683,394628.36187,806392.75755,650993.28988,1.9125197528585847,1.317145396082348,1.0158776350060272,2,19.328641039523564,15.756302521008392,중립,,0.0,,48.3,시동,48.3
2026-09-27T22:54:51+09:00,KITE,KRW-KITE,KITEUSDT,201.0,-3.3653846199999995,5907694310.880744,1790517271320,False,False,,4620954677.440816,1959462780.5447605,1645136779.0401716,3999601697.563446,9831140481.348755,2.3582763211027262,1.8230532785137128,1.2409225350571953,3,13.661202185792343,29.19254658385093,가속형,5849623.7616,9.064,3781137.72426,2178491.51505,1569254.41002,3170506.19445,5989694.06566,1.7356678684026072,1.6396357023147956,1.3275300121682176,3,14.823175319789339,28.127623845507998,가속형,,0.0,,42.6,시동,42.6
2026-09-27T22:54:51+09:00,CC,KRW-CC,,184.0,0.0,1981764606.5729966,1790517288223,False,False,,4761875245.716115,3969138686.9737163,2608936747.0009675,2991076611.0929365,2195860727.7892985,1.1997250842718281,1.4928831384293673,1.6874264223072426,3,21.85430463576159,14.28571428571428,고수준 유지형,,,,,,,,,,,,,,NO_DATA,,0.0,,37.6,시동,37.6
2026-09-27T22:54:51+09:00,STEEM,KRW-STEEM,STEEMUSDT,90.6,-3.8216560500000005,3754909741.8513002,1790517294700,False,False,,20901412604.131207,10756260792.167986,36332726731.825714,1917377413.5040665,1177624724.16366,1.9431857415869151,1.279512118321079,2.0432546777589047,2,18.341708542713576,19.69504447268107,중립,1184922.612432,-0.98,1538584.647403,1289386.772879,3728518.166524,783302.98282,450997.199789,1.1932685209478144,0.7956539403676918,1.1358845189035776,2,19.778891000172738,19.448751076658066,중립,,0.0,,29.7,시동,29.7
2026-09-27T22:54:51+09:00,FIL,KRW-FIL,FILUSDT,1531.0,-0.64892927,19659352125.809963,1790517290155,False,True,거래량급등,18443857953.829006,3146047633.4990187,3185409877.1442676,5224206228.811191,4186280829.928217,5.862548855725951,4.788264448416627,4.789598920784836,2,19.922178988326845,15.6039009752438,일회성 폭증형,32047794.660634,2.912,32737197.186611,14256010.626851,16441816.358158,26646111.401134,28330855.867138,2.2963785622431385,1.712676079178502,1.5192041731436468,2,21.08749065270803,14.98275512274294,고수준 유지형,,0.0,,26.6,시동,26.6
2026-09-27T22:54:51+09:00,PROM,KRW-PROM,PROMUSDT,8525.0,-0.11716462,5351681904.232119,1790517290479,False,False,,21579936425.72203,3893344132.355357,17867927015.01864,3388322516.7550354,4304636776.007568,5.542776516050435,2.574189076044785,3.558157925281586,2,22.80575539568346,25.146627565982406,일회성 폭증형,1993281.31782,-2.291,6768657.92465,4107157.00747,6768551.80743,3688866.66206,6025612.72637,1.6480153820122594,1.3942029279241566,1.519830740065786,2,23.982615566969567,24.746571258199168,중립,,0.0,,26.1,시동,26.1
2026-09-27T22:54:51+09:00,CFG,KRW-CFG,CFGUSDT,226.0,-1.7391304300000001,3856166146.631433,1790517178043,False,False,,4083906565.855541,3885777834.9190354,4720810978.725211,3044107824.47045,1614905786.0346408,1.050988177748107,1.0515868774306343,1.2118935949501821,2,17.948717948717952,22.34042553191489,중립,3370966.19012,3.352,2120588.16306,3471573.13969,3869004.77242,2915913.89841,1944008.70386,0.6108435794757191,0.6202671056252187,0.6616230928791759,1,18.565400843881854,21.820809248554916,감소형,,0.0,,23.3,시동,23.3
2026-09-27T22:54:51+09:00,SENT,KRW-SENT,SENTUSDT,31.0,-4.32098765,230878563.97450545,1790517218073,False,False,,568315142.5595218,521080633.07266086,1042542809.2756765,4897154485.106926,746682627.1079001,1.0906472175109114,0.2638916624008001,0.37442450187846416,2,12.5,26.56249999999998,중립,806254.9688,-4.604,2132161.79776,1767046.56559,1698928.26228,5556437.3114,1884319.92602,1.2066245673882914,0.708955132457243,0.9024938533190676,3,13.266761768901581,25.500526870389884,중립,,0.0,,22.8,시동,22.8
2026-09-27T22:54:51+09:00,UP2,KRW-UP2,,96.5,-3.20962889,1665777593.1279755,1790517271636,False,False,,3320237954.492803,4140424663.944608,9121690269.55546,22677085362.77111,1973703867.9501529,0.8019075877423626,0.2771545772127787,0.42868487551667694,1,8.017334777898167,21.142162818955047,중립,,,,,,,,,,,,,,NO_DATA,,0.0,,17.5,시동,17.5
2026-09-27T22:54:51+09:00,POL,KRW-POL,POLUSDT,163.0,-0.6097560999999999,2208434233.5581546,1790517231813,False,False,,3602430986.3148084,4454245326.758308,3746017336.532518,6316580413.86697,3482901291.882836,0.8087634878738416,0.7444657837453423,0.75136508502736,1,17.985611510791365,8.609271523178808,중립,9820524.537581,1.008,11368259.391063,13085919.904033,7918305.896612,13201410.952584,8080052.798969,0.8687397962415597,0.9970514046919334,0.9388315507352797,1,18.99684044233807,7.377049180327866,중립,,0.0,,16.8,시동,16.8
2026-09-27T22:54:51+09:00,JUP,KRW-JUP,JUPUSDT,458.0,-0.8658008700000001,2699888181.5278263,1790517276534,False,False,,3701969898.403964,4706453927.904771,5739589855.251501,3115259946.378277,2849461655.910515,0.7865730664980747,0.8189411517290063,0.8503968170410099,1,15.500000000000004,14.356435643564346,중립,3704853.59576,-3.664,5451753.66575,8128637.36874,6371430.71717,6483993.13404,5397647.72908,0.670684816955374,0.7794135189474524,0.7633175084336948,1,16.701101928374662,13.458319383997308,감소형,,0.0,,16.4,시동,16.4
2026-09-27T22:54:51+09:00,PLUME,KRW-PLUME,PLUMEUSDT,24.8,0.40485829999999995,3173672819.272805,1790517256731,False,False,,3407720479.381135,4489907543.75483,6476327931.8389435,2363078480.1987147,1651758237.5168674,0.7589734189785384,0.7669683130016418,1.0257964592949318,1,14.883720930232558,21.078431372549034,중립,3616857.39695,-1.088,4838217.88938,9061975.44244,10395113.29038,5348305.67044,3490156.52323,0.5339032223284503,0.585141015384639,0.7747007341685007,1,15.159235668789805,19.655857048312363,감소형,,0.0,,15.0,시동,15.0
2026-09-27T22:54:51+09:00,BLAST,KRW-BLAST,,0.646,-1.52439024,5436186922.924649,1790517287895,False,False,,4104984173.507495,27362214893.855743,4219603536.204266,46160069348.195274,5233718882.863776,0.15002382626668428,0.1584082001667964,0.24393104878163352,1,0.9230769230769154,23.076923076923084,감소형,,,,,,,,,,,,,,NO_DATA,,0.0,,7.6,시동,7.6
2026-09-27T22:54:51+09:00,BCH,KRW-BCH,BCHUSDT,456800.0,-0.17482517,8898106925.989046,1790517290481,False,False,,5935642055.974839,12308245510.592625,24775409951.055656,97141284273.5118,91252987183.04053,0.4822492410365518,0.13266481030320784,0.1237977120052864,1,-1.2729234088457386,26.65375034597288,감소형,17694917.3935,0.659,10751602.9987,29865250.9969,40731044.2192,110125122.7108,108965108.6745,0.36000377160118335,0.17847806511316078,0.17057486694969923,1,-0.4148148148148123,25.73887018331462,감소형,,0.0,,7.1,시동,7.1
2026-09-27T22:54:51+09:00,CPOOL,KRW-CPOOL,,48.9,-4.4921875,5209630519.815384,1790517287903,False,False,,26946587683.036934,3169764996.98009,14137399776.086727,86128004791.0223,4386791449.631016,8.501131064514114,0.7815500606785581,1.2044484120560999,2,6.224066390041494,33.68146214099219,일회성 폭증형,,,,,,,,,,,,,,NO_DATA,,0.0,,6.8,시동,6.8
2026-09-27T22:54:51+09:00,MET2,KRW-MET2,,487.0,1.88284519,643786938.3715307,1790517129245,False,False,,846374243.0733413,1242903949.3253098,2833595948.7933507,21603751334.595505,1243319510.2147694,0.680965124885782,0.09887452837632,0.15332836316741644,1,1.7021276595744705,24.479166666666675,감소형,,,,,,,,,,,,,,NO_DATA,,0.0,,5.5,시동,5.5
2026-09-27T22:54:51+09:00,OP,KRW-OP,OPUSDT,194.0,-1.02040816,576928667.7586945,1790517291796,False,False,,816831250.957464,1571187955.011534,1597657854.4682693,1923671876.0399952,1343738377.6779423,0.5198813091406799,0.4811949421089281,0.4943417111538129,1,15.976331360946737,13.953488372093027,감소형,5505785.154676,-4.024,7384000.545402,9247184.815962,8142861.952457,13190211.13256,11099956.256687,0.7985133521562292,0.7243889736945882,0.671344710177538,1,16.991869918699187,12.86274509803922,중립,,0.0,,4.3,시동,4.3
2026-09-27T22:54:51+09:00,SPK,KRW-SPK,SPKUSDT,33.5,-2.33236152,2019949873.1247852,1790517264178,False,False,,3010280144.735454,6663872183.252292,465752301.2905843,1284345044.045714,846515996.7926046,0.45173137508563255,1.073315086716418,1.4252102849273973,1,22.93906810035842,18.685121107266433,감소형,2413758.456712,-1.451,2890252.318085,5449222.658569,1003479.965383,1352889.902704,1224247.142757,0.5303971775754156,1.110839045805232,1.360493039152789,1,24.474385549304124,17.60235008859461,감소형,,0.0,,3.6,시동,3.6
2026-09-27T22:54:51+09:00,XPL,KRW-XPL,XPLUSDT,147.0,-3.28947368,11304582606.688774,1790517275233,False,False,,13516830536.158382,24378451291.233715,13161432831.54337,10457320600.377972,9743554029.184214,0.554458130858334,0.8448511083586617,0.9040563725407813,1,21.599999999999998,15.15151515151516,감소형,26718432.860787,-8.502,40452468.312541,60692175.01912,32149657.542321,20748396.667269,15446445.716313,0.6665186788873058,1.068378906897653,1.2944638438496123,1,23.93599288809869,13.794510764207747,감소형,,0.0,,2.1,시동,2.1
2026-09-27T22:54:51+09:00,NEAR,KRW-NEAR,NEARUSDT,7070.0,3.21167883,67348120348.23959,1790517293087,False,False,,31254861439.00797,72064149364.41997,73082410539.58403,90832970870.53133,65412079711.7278,0.43370887902881905,0.39734202373090777,0.4277294796556684,1,15.222876366694704,18.71750433275563,감소형,175337024.0112,7.766,128880615.4841,259628294.889,248904564.2981,544327686.1423,288598939.5605,0.4964043519956131,0.36722987499862525,0.39779779233357165,1,16.297322253000935,17.958323577616486,감소형,,0.0,,1.0,시동,1.0
2026-09-27T22:54:51+09:00,SUI,KRW-SUI,SUIUSDT,1699.0,7.2601010100000005,63130369821.83468,1790517294060,False,False,,37959648415.27883,92344810108.28906,27258664338.04493,37117718593.12104,48484406272.05529,0.41106423166353445,0.7266339863630769,0.6232101352737766,1,20.090978013646698,12.420156139105742,감소형,102913945.97726,6.391,88530369.46325,182822564.77106,74510416.67574,114067847.02944,128823364.25566,0.4842420276409117,0.7151063972565719,0.6006395488039191,1,21.154046453494434,11.556535916370958,감소형,,0.0,,0,시동,0
2026-09-27T22:54:51+09:00,SEI,KRW-SEI,SEIUSDT,99.7,1.9427402900000001,9231265470.938505,1790517289517,False,False,,9321732754.902367,20394772206.696033,5879647499.848794,6985581769.358609,17085140590.674398,0.4570648134938151,0.840805683215848,0.550605968684984,1,20.59186189889026,21.641791044776106,감소형,10861492.939697,0.852,14069172.026541,22171877.136968,7059718.354956,8530981.551834,13498826.372126,0.6345503332725465,1.1177075132005518,0.9114523199522732,1,21.629403794037927,21.03488960053934,감소형,,0.0,,0,시동,0
2026-09-27T22:54:51+09:00,DEEP,KRW-DEEP,,33.0,8.196721310000001,5784215022.379887,1790517286624,False,False,,1404081062.7881067,6620882322.359408,1232392328.725216,830992587.3002938,961198650.655592,0.21206857249922398,0.4850430177627404,0.5428646298708902,1,22.489959839357443,11.721611721611724,감소형,,,,,,,,,,,,,,NO_DATA,,0.0,,0,시동,0
2026-09-27T22:54:51+09:00,ARK,KRW-ARK,ARKUSDT,342.0,-3.66197183,29737930613.071537,1790517292127,False,False,,55885811049.05972,52682106069.79903,12628264103.34839,3392887772.0143294,2253887005.923058,1.0608120141403625,2.440312703671224,3.832762570157341,5,62.10045662100456,70.67307692307692,연속 가속형,2946502.5764,-7.675,8592370.0907,13545476.7111,4416067.3941,744307.8361,471127.8359,0.6343350089450068,1.3780238586828337,2.188564347746641,1,64.71329552614998,69.85055230669266,감소형,,0.0,,66.5,이미 발동,66.5
2026-09-27T22:54:51+09:00,EDGE,KRW-EDGE,,188.0,-2.5906735800000003,44584455009.24063,1790517294059,False,True,"거래량급등,입금량급등",50292055955.15759,14228712507.995514,993838171.4625647,2265532510.5811124,957011196.6579014,3.534547200029312,8.627370205524203,12.227466558424844,3,67.82608695652175,69.29824561403508,가속형,,,,,,,,,,,,,,NO_DATA,,0.0,,53.0,이미 발동,53.0
2026-09-27T22:54:51+09:00,KMNO,KRW-KMNO,KMNOUSDT,61.8,-9.25110132,12476515727.307539,1790517291459,False,True,거래량급등,15492312873.99916,3889318693.153313,1784476065.7613142,2653405455.862969,638680850.8813342,3.9832973577792816,5.581340357293041,4.824052688053351,3,40.123456790123434,47.7223427331887,가속형,4010326.37836,-5.653,4322522.20685,3491120.48963,2152592.6384,3565962.78858,1529136.49899,1.238147528763212,1.408037235833945,1.3628159420268102,3,41.75637393767706,46.3157894736842,고수준 유지형,,0.0,,53.0,이미 발동,53.0
2026-09-27T22:54:51+09:00,SOON,KRW-SOON,,395.0,26.6025641,69629383077.5337,1790517294700,False,True,거래량급등,2942006336.9793057,307195966.51245296,252653347.67808473,677391423.3565129,458426645.3198881,9.576969288950753,7.133631105969203,7.393538843123405,3,18.181818181818187,18.181818181818187,가속형,,,,,,,,,,,,,,NO_DATA,,0.0,,47.6,이미 발동,47.6
2026-09-27T22:54:51+09:00,WLD,KRW-WLD,WLDUSDT,782.0,9.83146067,124487763219.58838,1790517291458,False,False,,77697669029.96974,52565565893.37676,39959977333.64724,42745220250.78275,27636946755.2671,1.4781096276518848,1.7231588045864152,1.9941637310938631,3,27.370304114490153,15.024232633279478,가속형,108832267.5324,16.313,77863222.94531,54755881.21814,42902740.43698,82422997.68308,37818804.81975,1.4220065719536772,1.2971322097967137,1.4811755866089573,3,28.666338582677177,14.120471409864699,중립,,0.0,,37.6,이미 발동,37.6
2026-09-27T22:54:51+09:00,PYTH,KRW-PYTH,PYTHUSDT,114.0,2.7027026999999997,4509830143.9761,1790517232459,False,False,,3468921211.4411983,3047857447.5176573,2924728495.8141713,3915445426.674636,8515974475.599065,1.1381507407003166,1.0524606208158491,0.8443698531302827,3,29.220023282887063,28.621089223638485,중립,10697000.294353,7.213,5981839.472423,6176793.668346,5268351.977541,7792857.527181,9588491.966588,0.968437638297346,0.9328160649433515,0.9240198003051447,1,29.573414283431852,27.33553148060921,중립,,0.0,,25.0,이미 발동,25.0
2026-09-27T22:54:51+09:00,2Z,KRW-2Z,2ZUSDT,91.1,-7.60649087,19713418030.513668,1790517291128,False,True,"거래량급등,입금량급등",46377199389.2875,1816024776.7233481,4426320467.1560545,1010653498.5870003,793098232.2870246,25.53775696439882,19.182630951422226,25.784665467719627,2,39.06911142454159,40.056818181818166,일회성 폭증형,6350662.17338,-8.836,14791129.08431,2270920.13317,3842032.20728,932822.46393,727390.85412,6.513275772346479,6.297871914007999,8.79768169353634,2,40.99125364431484,39.23224568138195,일회성 폭증형,,0.0,,22.0,이미 발동,22.0
2026-09-27T22:54:51+09:00,SUPER,KRW-SUPER,SUPERUSDT,277.0,-0.71684588,2223805576.8142242,1790517228553,False,False,,665389665.6627365,255317218.9796544,946627186.7872822,14373498003.060947,210063870.47633114,2.606129223567016,0.12816130319719304,0.19960144896664636,2,15.767634854771796,36.09756097560977,중립,5226050.1358,8.144,2746411.684,1502376.7698,1732911.2682,11237284.1419,1034214.3197,1.8280445619281034,0.5692999799609173,0.809275454466135,2,16.57175398633257,34.40577806959948,중립,,0.0,,20.5,이미 발동,20.5
2026-09-27T22:54:51+09:00,ARX,KRW-ARX,,386.0,24.91909385,21525689887.524265,1790517293730,False,False,,2571272303.087813,1526690452.5326693,4827116787.914237,2371809956.193425,6381756453.322437,1.684213259356052,0.8840425537156877,0.6720427023670449,2,-2.215189873417722,14.022140221402225,중립,,,,,,,,,,,,,,NO_DATA,,0.0,,19.9,이미 발동,19.9
2026-09-27T22:54:51+09:00,AERO,KRW-AERO,AEROUSDT,1139.0,-3.2285471500000003,1204803959.2986166,1790517286934,False,False,,5832876685.539823,9569737373.453264,556927863.2984602,2030215695.5642734,736086441.6119194,0.6095127230680746,1.4394012867316794,2.022001928543911,1,29.198682766191,24.550264550264544,감소형,5396898.13596,-6.987,13183278.97201,11766517.7364,4299156.80788,6555083.76461,3809634.3019,1.1204061615636047,1.7483868743908042,2.082437193902344,3,30.56393244873341,23.894691658320234,가속형,,0.0,,8.2,이미 발동,8.2
2026-09-27T22:54:51+09:00,ZRO,KRW-ZRO,ZROUSDT,2200.0,1.33578996,2074834162.2559772,1790517278162,False,False,,2688053191.834902,7174899630.116448,9700905994.68138,14936086077.33316,10655614168.72199,0.3746468007094999,0.25349512852027317,0.2991421247493874,1,5.4907677356657025,35.857321652065075,감소형,12727975.44886,2.407,11748239.91274,15071918.83523,20107382.00397,33229836.65702,20490437.17884,0.7794787141023454,0.5152048546170821,0.5844284172630984,1,6.466666666666665,35.33898305084746,중립,,0.0,,3.0,이미 발동,3.0
2026-09-27T22:54:51+09:00,B3,KRW-B3,,1.13,0.8928571399999999,14324875198.475994,1790517290805,False,False,,4878575540.299883,33742862659.562485,4519018857.223932,43335091960.85083,2319675230.466297,0.14458096189172406,0.17936604750310703,0.286225270367764,1,9.80392156862746,36.91931540342301,감소형,,,,,,,,,,,,,,NO_DATA,,0.0,,1.9,이미 발동,1.9
2026-09-27T22:54:51+09:00,ONDO,KRW-ONDO,ONDOUSDT,752.0,2.73224044,51147847319.419586,1790517294057,False,False,,51648941979.017944,182249626730.641,212301739136.4852,51633687378.31411,54275421378.62401,0.28339669554085506,0.3472703193663901,0.46105354387241354,1,29.328621908127218,18.446601941747566,감소형,23617024.74175,0.638,23617885.69497,74727385.76855,119026781.55669,26871723.27862,32204576.70395,0.31605395334075637,0.32114842410825545,0.40741821946553525,1,30.34415899175955,17.449224721554923,감소형,,0.0,,0,이미 발동,0
2026-09-27T22:54:51+09:00,ENA,KRW-ENA,ENAUSDT,368.0,0.27247956,25608387340.353973,1790517294697,False,False,,42380982587.99021,58634115789.54371,29841860937.01719,26144984028.471283,28788262258.684547,0.7228041562033424,1.109246920689318,1.0816007689080627,1,29.681978798586584,27.430555555555557,감소형,43216819.612735,-3.003,77584468.569489,122704831.401416,48196978.041166,55802386.259145,59278590.446491,0.6322853605957824,1.0266832732760665,1.0619966897835205,1,30.810286268801555,26.75129290079925,감소형,,0.0,,0,이미 발동,0
2026-09-27T22:54:51+09:00,JTO,KRW-JTO,JTOUSDT,840.0,2.68948655,6778747908.786735,1790517279132,False,False,,4522920033.734624,8337085133.595275,2877686035.285347,4143641074.957268,2336085631.799267,0.5425061590781868,0.8834741434061932,1.04457615382493,1,31.30016051364366,18.20809248554913,감소형,5716454.82994,5.552,7103124.16441,7928266.00227,2800244.30626,3999833.99673,3011321.73135,0.8959240472476897,1.4468274268696781,1.6866955382031468,1,33.067729083665334,17.353113410111256,중립,,0.0,,0,이미 발동,0
2026-09-27T22:54:51+09:00,MANTRA,KRW-MANTRA,MANTRAUSDT,7.02,-3.17241379,2410422027.7255435,1790517255756,True,False,,4180910332.930153,38492457450.42491,2991482478.067636,774887559.6126161,1051139326.1602514,0.108616352653369,0.29680735941670255,0.4110649427858522,1,15.814696485623013,10.518292682926834,감소형,688668.83861,-2.454,835752.80688,2186291.42177,1886172.0057,714683.74528,740131.40908,0.38226962725919805,0.5237479296463103,0.6309507174328137,1,11.805555555555557,7.095343680709543,감소형,,0.0,,0,유의종목,0
2026-09-27T22:54:51+09:00,SAND,KRW-SAND,SANDUSDT,60.8,-0.49099835999999997,1703260734.4707453,1790517292125,True,False,,2235041380.468845,5942227861.32193,2029361352.03652,5944895723.500585,2091094524.5369477,0.3761285215965497,0.48181161922917926,0.5807298800337474,1,9.694793536804314,7.950530035335679,감소형,1705037.08277,-2.932,1801513.63781,4095841.40309,1953205.61442,3940830.16572,2824175.85675,0.43983969605143775,0.5410017374890853,0.6243130874487287,1,11.405901314158196,7.410949079607931,감소형,,0.0,,0,유의종목,0
2026-09-27T22:54:51+09:00,SOPH,KRW-SOPH,SOPHUSDT,5.28,-1.49253731,1556450048.015979,1790517217050,True,False,,1412164280.628409,1791869991.560728,4613225693.404075,3045125179.522937,11986649091.712015,0.7880952788312541,0.4482956433119165,0.27413041240225844,1,3.875968992248069,-12.274959083469717,중립,400694.63237,-3.562,607166.49403,566674.12096,957325.82572,1490555.78654,3631544.58008,1.0714561889669534,0.6042348005105097,0.3918416575533038,2,3.200000000000003,-13.99999999999999,중립,,0.0,,0,유의종목,0
2026-09-27T22:54:51+09:00,EGLD,KRW-EGLD,EGLDUSDT,6620.0,-3.2163742699999998,1475656599.5377936,1790517290160,True,False,,2725265739.736606,8669285212.33961,92211240860.45322,2595424439.9131804,1437908511.8842857,0.31435875888101383,0.07901156914916087,0.12501972244930742,1,14.957983193277302,12.223133716160795,감소형,495963.50393,-2.469,489103.46102,739418.72465,990387.58821,3029233.72257,1577674.35175,0.6614702126342751,0.3083206638599799,0.24430407773013585,1,13.816425120772946,7.87545787545787,감소형,,0.0,,0,유의종목,0
2026-09-27T22:54:51+09:00,RVN,KRW-RVN,RVNUSDT,3.34,-0.89020772,786809747.4591037,1790516947209,True,False,,729312151.3701749,1294438833.3449526,1992025259.1813576,1917711221.0750299,6400571778.533943,0.5634195549322042,0.4204194367534577,0.2837809889915332,1,4.658385093167694,4.334365325077405,감소형,467978.0098484,-0.817,441414.0288915,813387.625776,773755.9670804,1231175.8493321,1134739.231898,0.5426859407534946,0.46986940758077833,0.4380360251192457,1,7.655081390233187,6.391304347826088,감소형,,0.0,,0,유의종목,0
2026-09-27T22:54:51+09:00,ICX,KRW-ICX,,19.8,1.02040816,522485038.94736433,1790517274256,True,False,,490681587.1460156,1806613109.393738,820791151.5531006,1115014111.2166288,1567171925.3032293,0.27160302590225205,0.39334051275166954,0.32306370134312207,1,0.512820512820511,2.083333333333348,감소형,,,,,,,,,,,,,,NO_DATA,,0.0,,0,유의종목,0
2026-09-27T22:54:51+09:00,ZIL,KRW-ZIL,ZILUSDT,4.63,-2.1141649,512335689.5775331,1790517271976,True,False,,753082291.889733,6935308182.743683,2069883485.6802201,1375602171.1410267,2024294507.0279028,0.1085867090612555,0.2176371971725706,0.22865597635531196,1,5.816554809843422,6.0538116591928315,감소형,441413.7410189,-2.975,587220.3951316,852608.2694845,409336.4625708,1299022.2905563,1369723.9567969,0.6887341070321102,0.6878890551266486,0.4736081783204127,1,4.39712389380531,3.794335991201536,감소형,,0.0,,0,유의종목,0
2026-09-28T03:20:23+09:00,ESP,KRW-ESP,ESPUSDT,143.0,0.0,11800636684.680199,1790533096650,False,True,"거래량급등,입금량급등",11264305851.511736,1257248227.1640294,1138982721.04665,721548807.202768,695148141.1282727,8.959492332648258,10.838776374713468,11.647997898427747,5,14.399999999999991,12.598425196850393,연속 가속형,3584651.17507,-0.171,2611907.3122,622218.02973,571953.46213,840295.40247,532505.70699,4.197736464392376,3.851486577853849,3.8655114769219194,3,14.526843079603612,11.538869445328249,가속형,,0.0,,72.2,발사 전,72.2
2026-09-28T03:20:23+09:00,GAS,KRW-GAS,GASUSDT,2040.0,-1.8759018799999998,1942863445.576513,1790533200872,False,True,"거래량급등,입금량급등",12145465293.972284,1999638884.7185578,1619003174.0239973,1929827811.180036,1951505607.7836533,6.073829323278896,6.56692687103394,6.260056062378639,3,7.776049766718507,8.677469942498695,가속형,380840.1969,-1.699,1684242.4825,353208.402,404369.5972,448391.7133,396641.4855,4.7684100178907975,4.189763138433711,4.152727223815351,2,8.309659090909083,7.621736062103035,일회성 폭증형,,0.0,,63.4,발사 전,63.4
2026-09-28T03:20:23+09:00,AWE,KRW-AWE,AWEUSDT,93.2,-2.91666667,3021098613.1282835,1790533224807,False,True,거래량급등,4738631938.853953,531760012.6767444,325220751.3625015,890359306.5973148,552484161.1700724,8.911222780744433,8.13573502688745,7.865669919050745,3,10.344827586206895,10.599078341013835,가속형,797300.1594,-3.32,1023590.2836,177350.37928,87769.81325,263862.75461,184554.63235,5.771570874308423,5.80504696304944,4.751071776158592,3,11.44074483193942,10.017136625642632,가속형,,0.0,,62.0,발사 전,62.0
2026-09-28T03:20:23+09:00,FOLD,KRW-FOLD,,92.5,5.593607309999999,25708491438.149296,1790533218063,False,True,거래량급등,14492592348.077728,1701281137.632876,1551151032.7012749,5249694619.795462,2628199489.3220534,8.518634591013214,5.113753078195436,4.687216014685658,3,5.4151624548736566,4.2857142857142705,가속형,,,,,,,,,,,,,,NO_DATA,,0.0,,60.7,발사 전,60.7
2026-09-28T03:20:23+09:00,ONT,KRW-ONT,ONTUSDT,80.7,-0.37037037,500895969.0179048,1790532926620,False,True,입금량급등,2928897578.1057897,738193729.7565117,743208674.072926,1153233650.631319,672252242.1280202,3.9676543704480762,3.3350688871961798,3.367718624188539,2,7.001321003963001,6.020942408376961,고수준 유지형,411198.46293,-0.633,1133616.28373,484443.1094,622708.49006,889295.32869,656689.03263,2.340040061946642,1.7034506669012153,1.6224518477173941,2,8.192552225249772,5.34135125574815,고수준 유지형,,0.0,,51.1,관찰,51.1
2026-09-28T03:20:23+09:00,STX,KRW-STX,STXUSDT,466.0,-0.21413276,7797160666.678761,1790533221925,False,False,,9516321270.439722,5667517324.351759,4435230530.986427,6508480643.59532,7464381994.5164585,1.6790987527379428,1.7186545723064433,1.3346796536628063,3,10.401891252955075,1.0822510822510845,가속형,2482327.74327,-0.145,3073574.50456,2061839.04223,1879725.57724,2235634.5708,2788116.38089,1.4906956564542246,1.4927029596526529,1.199462221017486,3,11.197663096397292,0.3221083455344109,고수준 유지형,,0.0,,49.5,관찰,49.5
2026-09-28T03:20:23+09:00,POLYX,KRW-POLYX,POLYXUSDT,61.2,-2.7027026999999997,1009467239.0656319,1790533177907,False,False,,3132571496.227811,1085720360.3985474,1411692152.519149,1433869239.0717933,1095783111.8219707,2.8852470769525804,2.390496301601269,2.4691387007263335,2,9.77312390924956,8.448275862068954,고수준 유지형,297910.25786,-2.592,695559.81833,605478.5719,493417.63061,469853.35465,353664.91449,1.1487769354864596,1.330154609743852,1.4680838732475652,5,11.057692307692314,7.441860465116279,연속 가속형,,0.0,,46.2,관찰,46.2
2026-09-28T03:20:23+09:00,CELO,KRW-CELO,CELOUSDT,131.0,-0.75757576,610971100.6230787,1790532427816,False,False,,1124444243.3423002,291328478.15849984,568359220.1189625,534476426.8312035,771663970.2830554,3.8597127560270175,2.4196094773016568,1.763460033675072,2,7.317073170731714,2.3255813953488413,고수준 유지형,538319.496695,-1.432,754747.986934,502909.627459,445392.719867,573236.982345,667984.089445,1.5007626534163563,1.4881271332576027,1.220019012009428,3,8.469822750729183,0.9711779448621449,고수준 유지형,,0.0,,45.1,관찰,45.1
2026-09-28T03:20:23+09:00,OPEN,KRW-OPEN,OPENUSDT,188.0,-2.08333333,1398565172.7800279,1790533079939,False,False,,1503851136.4397848,1246557249.3883724,645051369.9364836,1730678986.496826,622225083.2179157,1.206403586500062,1.2454983977717449,1.5625979573064037,3,4.918032786885251,-2.0408163265306145,중립,703966.54715,-3.013,830978.09412,697840.877,548998.15831,1332178.15185,724333.32775,1.1907844918634654,0.9666218180985471,1.07100396783514,3,5.953278070836476,-2.9005524861878462,중립,,0.0,,44.1,관찰,44.1
2026-09-28T03:20:23+09:00,LINEA,KRW-LINEA,LINEAUSDT,3.96,-0.50251256,932294288.3066427,1790532929143,False,False,,1380578315.800216,1188108829.6634636,594235649.3743852,1388258948.8556542,827708711.1714424,1.1619965118778472,1.3062923325457794,1.469903197967845,3,4.188481675392675,2.051282051282044,중립,845795.959832,-0.541,1093619.568089,909271.243243,1134813.949149,2034180.35075,1117711.116486,1.202742939706863,0.8044740269019712,0.8367665396595679,2,5.495300072306586,1.6016713091921986,중립,,0.0,,43.9,관찰,43.9
2026-09-28T03:20:23+09:00,AHT,KRW-AHT,,1.67,-0.5952381,331548322.0447105,1790531655415,False,False,,239721415.9712518,163901230.7816942,136327190.98387405,301883883.05296075,142739809.5120611,1.4625968019150823,1.1944021773986244,1.2149614543017693,3,4.347826086956519,3.703703703703698,중립,,,,,,,,,,,,,,NO_DATA,,0.0,,41.3,관찰,41.3
2026-09-28T03:20:23+09:00,SUN,KRW-SUN,SUNUSDT,23.1,-1.28205128,795402194.9250611,1790532684507,False,False,,377744687.9281972,326224635.72143286,273408579.08883953,627441619.5556046,636764803.5544163,1.1579281469433778,0.9235248185741011,0.8176182408443459,3,0.0,0.0,중립,939953.72796,-1.337,385648.88753,493542.55529,704271.45937,1058520.72397,1291171.76659,0.781389331875135,0.5127548864015071,0.42083397250267607,1,0.23391812865496409,-0.7527504342791036,중립,,0.0,,41.0,관찰,41.0
2026-09-28T03:20:23+09:00,PUMP,KRW-PUMP,PUMPUSDT,6.8,13.52253756,7969658806.75922,1790533223851,False,False,,7077553989.372783,4101793198.247136,3212175210.8482614,6006452055.01929,4371184605.91388,1.7254780159071186,1.5939933747076,1.7143076253234368,3,8.90909090909091,1.1824324324324342,가속형,32086487.697277,12.713,32172533.501279,30642050.637338,23589540.330818,31396090.739447,30973966.834723,1.0499471423128606,1.1271775502859032,1.130424835027552,3,9.74025974025976,0.38839387708478057,중립,,0.0,,40.9,관찰,40.9
2026-09-28T03:20:23+09:00,ATOM,KRW-ATOM,ATOMUSDT,2546.0,0.03929273,1404746423.6700234,1790532873159,False,False,,1836383640.010355,1626712318.3985448,1063871956.418247,1526143841.5679188,1850207344.7390072,1.1288926869492364,1.3064989650683092,1.1406729604128931,3,8.621425522833981,3.8775510204081653,중립,4175374.08515,0.805,4112897.81137,4767523.86585,2794095.53677,3571178.86895,4341275.08373,0.8626905553280776,1.1083191425124006,1.0258191897864641,1,9.952885747938755,2.978488692774417,중립,,0.0,,40.3,관찰,40.3
2026-09-28T03:20:23+09:00,AVAX,KRW-AVAX,AVAXUSDT,15010.0,-0.79312624,6712759224.441888,1790533216791,False,False,,11523853654.978065,8691757638.73907,6781883132.745587,13583222610.403173,13497485515.085693,1.3258369749768877,1.1897898445048225,0.7949681164580111,3,6.850282485875714,-0.2636783124588038,중립,47889648.86145,1.094,48017776.27594,49214793.68163,51208788.48539,62891600.42385,60995089.12677,0.9756776912764586,0.8820571764518432,0.7165342924659651,1,5.63133281371786,-3.4636274597097283,중립,,0.0,,40.1,관찰,40.1
2026-09-28T03:20:23+09:00,F,KRW-F,FUSDT,5.13,-1.15606936,1512954015.3002648,1790533131273,False,False,,1931243672.5285752,1663248314.4275296,1650657542.8913343,3548448424.673397,2649224514.1071277,1.1611276895797045,0.8442774563227161,0.683508071371666,3,0.9727626459144156,2.5691699604743157,중립,313973.25706,-1.561,386546.634428,358943.227689,597008.545865,1048141.314729,909931.812317,1.0769018736381244,0.5786357480417826,0.4624696314576998,2,1.7375033413525864,1.574593007739522,중립,,0.0,,40.1,관찰,40.1
2026-09-28T03:20:23+09:00,BFC,KRW-BFC,,40.7,-2.39808153,1072176712.1963985,1790532468702,False,False,,2098615287.4534564,657952625.2843801,760647213.9787546,1687073173.7591593,2852106544.8625975,3.189614581363504,2.0272082205568545,0.526613069429245,2,4.249999999999998,-2.3419203747072626,고수준 유지형,,,,,,,,,,,,,,NO_DATA,,0.0,,39.7,관찰,39.7
2026-09-28T03:20:23+09:00,DKA,KRW-DKA,,5.89,0.5119453900000001,305615241.625147,1790533154783,False,False,,339462835.9896932,275775194.9614227,254989420.3100747,765478487.005146,397276876.67646444,1.2309404260857457,0.7856462311586797,0.6090811940596913,3,1.0344827586207028,2.987697715289972,중립,,,,,,,,,,,,,,NO_DATA,,0.0,,39.6,관찰,39.6
2026-09-28T03:20:23+09:00,CTC,KRW-CTC,,164.0,3.14465409,904383025.1123164,1790533098234,False,False,,966598404.0661058,533162724.42825633,507150679.77491117,1122192074.792623,512966896.7049284,1.8129519559017364,1.3409423654014991,1.2529155383703352,3,6.000000000000005,3.9215686274509887,중립,,,,,,,,,,,,,,NO_DATA,,0.0,,39.5,관찰,39.5
2026-09-28T03:20:23+09:00,HIVE,KRW-HIVE,HIVEUSDT,79.8,-2.44498778,1356649792.6822116,1790533076487,False,False,,7128125470.1953945,1930753153.80951,10119001102.891792,1141522182.4377542,1063701476.9946694,3.6918885545421007,1.6210998616584111,2.3754400609565463,2,10.094212651413192,8.921438082556588,고수준 유지형,322238.6637,-1.173,718556.7261,441699.4897,1548123.382,225614.2634,310816.0079,1.6267999915237394,0.9730224993284216,1.2575906452711587,2,10.720887245841038,7.927927927927936,중립,,0.0,,39.4,관찰,39.4
2026-09-28T03:20:23+09:00,BOUNTY,KRW-BOUNTY,,20.1,-0.49504950000000003,267739379.6157956,1790532523474,False,False,,214269109.43335652,160304521.96869004,93487629.62447628,314225027.1343003,184870062.77327284,1.3366379613121993,1.1316688163202315,1.0752847313333465,3,4.663212435233155,6.8783068783068835,중립,,,,,,,,,,,,,,NO_DATA,,0.0,,39.3,관찰,39.3
2026-09-28T03:20:23+09:00,QUID,KRW-QUID,,98.5,-0.20263425000000002,3022938284.9883084,1790533195037,False,False,,3557051525.6104727,1950152431.75513,1849882511.7334845,7600800215.63554,991577239.7710391,1.8239864062365316,0.9359976201648027,1.2793972097452655,3,3.459119496855334,9.18141592920354,중립,,,,,,,,,,,,,,NO_DATA,,0.0,,39.2,관찰,39.2
2026-09-28T03:20:23+09:00,BORA,KRW-BORA,,39.1,-1.51133501,380480473.7801724,1790532981042,False,False,,721981630.8988461,500004948.32935196,358469586.4965401,1252435872.5863886,1065857876.6219172,1.4439489715275353,1.0260714453304172,0.19619061792166526,3,5.026455026455046,2.0565552699228995,중립,,,,,,,,,,,,,,NO_DATA,,0.0,,39.0,관찰,39.0
2026-09-28T03:20:23+09:00,WLFI,KRW-WLFI,WLFIUSDT,79.7,0.0,3820161080.104749,1790533213545,False,False,,5502014510.796696,1831309784.0394216,2631666888.2063565,4786155788.871419,4536400859.162914,3.0044149595818777,1.7846045131022301,1.4479657919516593,2,6.979865771812088,2.5740025740025763,고수준 유지형,4892825.5144,0.342,6955342.23556,6814575.39247,7127876.38296,9080895.05936,9986182.80987,1.0206567298742553,0.9062985870998509,0.7771063779315516,2,7.734806629834257,1.9163763066202266,중립,,0.0,,38.5,관찰,38.5
2026-09-28T03:20:23+09:00,AI,KRW-AI,AIUSDT,28.7,-2.0477815699999997,596912099.4096758,1790532466758,False,False,,636133196.8618762,586004411.7189287,530954130.03510886,856018693.2078984,453562049.5264,1.085543357934635,0.9672689358843245,1.0247888212538834,3,6.545454545454543,1.736111111111116,중립,460302.75754,-1.97,542451.00564,883235.46961,3041037.50173,1323182.19715,475555.0208,0.614163520719479,0.31012232876079715,0.41465616652315657,1,6.951871657754016,9.289617486338809,감소형,,0.0,,38.5,관찰,38.5
2026-09-28T03:20:23+09:00,MLK,KRW-MLK,,61.2,-1.29032258,433000625.9886505,1790532939122,False,False,,344391630.55574757,290523472.05161804,253517901.9892675,554763115.3993033,546314810.7708379,1.1854175778766634,0.9402718150465669,0.30178837490188504,3,4.553119730185506,4.3771043771043905,중립,,,,,,,,,,,,,,NO_DATA,,0.0,,38.4,관찰,38.4
2026-09-28T03:20:23+09:00,AZTEC,KRW-AZTEC,,26.6,14.16309013,2591138818.8183575,1790533223852,False,False,,606107054.9573615,272637604.19872695,250071331.86229235,509177249.7179386,427292285.68230414,2.2231234636127706,1.7621334503082398,1.2323414196007747,3,10.952380952380958,4.954954954954971,가속형,,,,,,,,,,,,,,NO_DATA,,0.0,,38.3,관찰,38.3
2026-09-28T03:20:23+09:00,DOT,KRW-DOT,DOTUSDT,1706.0,1.00651273,1855739040.5564885,1790533164257,False,False,,3759517640.3333883,2988179751.944406,2591438912.4337125,4454398719.391595,2313008767.786826,1.258129681752603,1.1240316305653926,1.2893495652163165,3,11.70634920634921,3.429271279853041,중립,11975106.83416,-0.079,17276923.99882,13539404.31128,13005945.5901,16094070.9573,13074111.66395,1.2760475720801234,1.2155599431859765,1.1871355912282637,3,12.794918330308525,2.9826014913007404,중립,,0.0,,37.8,관찰,37.8
2026-09-28T03:20:23+09:00,FLUID,KRW-FLUID,,2028.0,3.8934426199999996,476747261.4057833,1790531345286,False,False,,274944161.92958355,273941140.80621785,124217697.37550235,333588349.1137448,285572415.8616066,1.0036614475664873,1.1272096430426042,1.1234939932395496,3,4.664879356568363,3.774587985114297,중립,,,,,,,,,,,,,,NO_DATA,,0.0,,37.1,관찰,37.1
2026-09-28T03:20:23+09:00,TAO,KRW-TAO,TAOUSDT,444000.0,1.50891632,4522850153.682327,1790533085301,False,False,,6108682892.241184,5240401253.689657,4071613239.594975,7212508003.220612,8198491920.154779,1.165689915049957,1.1090213759943328,0.9000221157096239,3,10.678137651821862,1.2499999999999956,중립,49648350.77518,0.061,58668835.2636,56025376.05486,48442023.51155,55735237.52064,80815654.82073,1.0471832479295011,1.0986492419295355,0.8799429171865583,3,11.838440111420612,0.5635566687539173,중립,,0.0,,36.7,관찰,36.7
2026-09-28T03:20:23+09:00,ELSA,KRW-ELSA,,79.0,-1.25,1355162607.973751,1790532928519,False,True,거래량급등,2422830825.4513936,531986137.5683196,643727038.1422617,605405122.6466119,715698244.6031375,4.5543119535520695,4.080858909292125,3.7457791298903516,2,4.575163398692816,5.54089709762533,일회성 폭증형,,,,,,,,,,,,,,NO_DATA,,0.0,,34.2,관찰,34.2
2026-09-28T03:20:23+09:00,IO,KRW-IO,IOUSDT,228.0,-0.43668122000000004,179448098.0168785,1790533022167,False,False,,294453668.74039084,263662915.3313798,189923379.67554346,519390994.63632125,233528435.09898123,1.1167807515528387,0.9078947840037139,0.8242328852128572,3,13.366336633663355,11.165048543689316,중립,1649596.527639,-3.5,2559451.696468,1929557.542863,1494302.5987,2205380.763772,1481661.372506,1.3264448660444654,1.3640125229188527,1.371969169709865,3,13.947190250507791,10.360655737704928,중립,,0.0,,33.9,관찰,33.9
2026-09-28T03:20:23+09:00,PROVE,KRW-PROVE,PROVEUSDT,321.0,-3.02114804,477923155.73510504,1790533150374,False,False,,1392396108.7870903,398791095.8248659,748567903.4606488,2003050654.7005785,5192513479.20477,3.4915426231045505,1.3259190978785993,0.19551626880185355,2,4.416403785488954,1.846153846153853,중립,777189.36629,-3.596,1128234.81915,1201165.02622,167470680.70228,36052813.4043,19011457.39728,0.93928377410429,0.016532959301470484,0.023049764066246498,1,4.87699611566681,1.207830070803828,중립,,0.0,,33.7,관찰,33.7
2026-09-28T03:20:23+09:00,TOKAMAK,KRW-TOKAMAK,,525.0,-1.50093809,350873227.0743727,1790532775114,False,True,거래량급등,2982323009.404212,194135864.6856406,209145573.5551036,392672787.112917,272309390.31445974,15.362040467037936,11.240557237116604,9.803946618851151,2,5.753968253968256,8.113590263691695,일회성 폭증형,,,,,,,,,,,,,,NO_DATA,,0.0,,33.2,관찰,33.2
2026-09-28T03:20:23+09:00,JPYC,KRW-JPYC,,8.59,0.0,1118990726.1150973,1790533134773,False,False,,1250263158.2683022,1209124386.3152997,1668314310.229142,2957296186.876625,2889032984.270048,1.034023606188582,0.6428380294471434,0.46904273881369357,2,-0.578703703703709,-0.34802784222737193,중립,,,,,,,,,,,,,,NO_DATA,,0.0,,33.0,관찰,33.0
2026-09-28T03:20:23+09:00,USDC,KRW-USDC,USDCUSDT,1356.0,-0.36737693,1126378494.35991,1790532801856,False,False,,1200605612.706693,972971952.0326549,1303531410.828122,2462911451.9630013,2065159335.885374,1.2339570634060768,0.7599707936208581,0.6680674353162015,2,-0.8017492711370311,0.6656804733727872,중립,1240680144.34916,0.005,875062768.7218,2970483318.24134,2984297405.54443,3509948476.96585,3138012925.17953,0.29458598987853485,0.2773653900163278,0.26483553770397034,1,0.0019997800241977615,0.0,감소형,,0.0,,32.9,관찰,32.9
2026-09-28T03:20:23+09:00,FLOCK,KRW-FLOCK,,98.5,-0.50505051,9349752641.522936,1790533221297,False,False,,11641525936.892641,11614627205.163279,28876594592.805668,17715554280.63883,32698126105.836792,1.0023159358672662,0.6000087990359158,0.5298220721319042,2,1.0204081632652962,-0.30211480362537513,중립,,,,,,,,,,,,,,NO_DATA,,0.0,,32.6,관찰,32.6
2026-09-28T03:20:23+09:00,ALT,KRW-ALT,ALTUSDT,10.9,-1.8018018,148420341.14673924,1790533215817,False,False,,184067916.77096668,151369530.6561429,203614084.65303737,690332237.8898102,409011569.3741785,1.216016961756344,0.5282649723746038,0.42281553387410425,2,9.90099009900991,8.823529411764719,중립,657844.92313,-3.394,1399402.72688,732118.38666,697349.20714,1085963.3964,503833.64989,1.9114432206302323,1.668981656422307,1.8175890238338062,3,10.569105691056912,7.651715039577844,가속형,EARLY,5.0,Binance 연속가속 우위,32.6,관찰,32.6
2026-09-28T03:20:23+09:00,NCT,KRW-NCT,,14.6,0.0,413141623.4337741,1790533148162,False,False,,465134700.00733536,314112406.86464876,373800609.8509307,565667304.705099,380562341.2664815,1.4807906018426142,1.1131349752208932,0.8765742608043328,2,2.8169014084507005,2.0979020979020824,중립,,,,,,,,,,,,,,NO_DATA,,0.0,,32.5,관찰,32.5
2026-09-28T03:20:23+09:00,FCT2,KRW-FCT2,,13.0,0.0,303313929.6052984,1790532121373,False,False,,205599583.94292477,138354121.38492206,203811181.51823166,225194179.05446297,311980741.5063869,1.4860387380215128,1.0871392326088787,0.6190279348587936,2,2.3622047244094446,1.5625,중립,,,,,,,,,,,,,,NO_DATA,,0.0,,32.5,관찰,32.5
2026-09-28T03:20:23+09:00,MEGA,KRW-MEGA,MEGAUSDT,59.8,-1.96721311,853019345.5934159,1790533221294,False,False,,680991238.7441318,581382344.569024,730792229.8956327,1384555697.1908326,1225320090.0734363,1.1713311302030465,0.7575743624438342,0.5759226428918868,2,1.6666666666666607,-0.4893964110929794,중립,1306361.950338,-3.403,1387680.45736,1945548.435377,1934186.230112,3282502.051348,3149826.410422,0.7132592703049828,0.5812487825616701,0.435676232974324,1,2.7497708524289566,-0.9717314487632578,감소형,,0.0,,32.4,관찰,32.4
2026-09-28T03:20:23+09:00,PIEVERSE,KRW-PIEVERSE,,2107.0,0.9099616899999999,2249526327.5287395,1790533171493,False,False,,816502260.2305021,771434779.5047857,1021020419.8879246,1307374121.4384334,2352988673.048582,1.0584203382101167,0.790206984697703,0.185678128604057,2,-9.999999999999998,-16.41313050440353,중립,,,,,,,,,,,,,,NO_DATA,,0.0,,32.3,관찰,32.3
2026-09-28T03:20:23+09:00,INJ,KRW-INJ,INJUSDT,10680.0,0.9451795799999999,1146691199.7218945,1790533192786,False,False,,1413060366.293055,1204157289.1378722,3299221219.841468,2699436780.3268714,2194718772.0830345,1.1734848753062392,0.5885450242175363,0.6960315209101311,2,-1.121495327102806,-2.846648301193755,중립,10034338.57209,1.527,13087085.27086,17714271.38839,23851049.90338,26842439.41671,18846376.17887,0.738787669214401,0.5739298495662214,0.6017849182752592,1,-0.34602076124568004,-0.9805169998726604,감소형,,0.0,,32.2,관찰,32.2
2026-09-28T03:20:23+09:00,HUNT,KRW-HUNT,,142.0,0.0,180024482.7255935,1790532042579,False,False,,451084632.30524045,223800197.50289848,375851535.13567114,714973402.3237224,183915934.99390942,2.015568517536265,1.0293838607874612,1.0955739239051236,2,2.158273381294973,3.649635036496357,중립,,,,,,,,,,,,,,NO_DATA,,0.0,,32.2,관찰,32.2
2026-09-28T03:20:23+09:00,CP,KRW-CP,,18.1,-0.54945055,2543129802.3006735,1790533214185,False,False,,3243233227.9681396,2451448370.5874968,2763263527.8686366,4883607939.08363,3876319028.6522155,1.322986552309437,0.9634968826927995,0.9479581529574891,2,2.824858757062154,-1.0869565217391242,중립,,,,,,,,,,,,,,NO_DATA,,0.0,,32.0,관찰,32.0
2026-09-28T03:20:23+09:00,MNT,KRW-MNT,,920.0,-2.74841438,458657437.5216484,1790532938466,False,False,,852527066.4546248,532304333.0492524,732090609.2035265,909645682.1683378,798286666.9893589,1.6015782955795388,1.1764183109710211,1.1884542266082876,2,5.58035714285714,7.622298065984068,중립,,,,,,,,,,,,,,NO_DATA,,0.0,,31.7,관찰,31.7
2026-09-28T03:20:23+09:00,CBK,KRW-CBK,,299.0,-3.8585209000000003,1429108715.5164454,1790533223531,False,True,거래량급등,11160507175.796453,214565846.56875736,295594897.2345304,339719024.96521544,242530643.52162832,52.01436926831728,39.39559777485339,33.75360276534028,2,9.507042253521124,9.893992932862194,일회성 폭증형,,,,,,,,,,,,,,NO_DATA,,0.0,,31.5,관찰,31.5
2026-09-28T03:20:23+09:00,BLEND,KRW-BLEND,,95.2,0.84745763,752847544.8979167,1790532476278,False,False,,496851075.13511527,444289202.3914961,515476211.5431836,933411207.7961878,570056370.3312528,1.118305537160687,0.7873291949076485,0.7947586838796113,2,0.10604453870626251,3.3953997809419656,중립,,,,,,,,,,,,,,NO_DATA,,0.0,,31.5,관찰,31.5
2026-09-28T03:20:23+09:00,SPX,KRW-SPX,,606.0,-2.4154589399999997,546933725.0750891,1790533225762,False,False,,699051316.2309495,636904174.199095,902396799.4358153,1585496530.6417246,766054754.5393494,1.097576911173497,0.6711327520655846,0.7351391493668266,2,4.545454545454541,-9.738372093023251,중립,,,,,,,,,,,,,,NO_DATA,,0.0,,31.4,관찰,31.4
2026-09-28T03:20:23+09:00,TOSHI,KRW-TOSHI,,0.175,-1.68539326,330277613.8578507,1790532727362,False,False,,401168339.80022264,375750547.4203052,551199581.3500766,1038933313.9414418,2900016184.766952,1.067645390151583,0.6121955113170401,0.3511351881495062,2,3.488372093023262,2.8901734104046284,중립,,,,,,,,,,,,,,NO_DATA,,0.0,,31.1,관찰,31.1
2026-09-28T03:20:23+09:00,WCT,KRW-WCT,WCTUSDT,58.6,-2.49584027,715478724.3203516,1790532592575,False,False,,672667242.9781916,437472528.51433104,451220702.5853356,818351594.4625832,1148587490.5609832,1.5376216770972762,1.1821609478063384,0.725463777826728,2,6.939501779359425,5.069930069930062,중립,940986.761157,-2.214,714658.11011,549165.873911,660777.316205,896342.574492,859245.675972,1.3013520032124581,1.017893377221307,0.8739269580395728,2,7.467057101024888,3.966005665722383,중립,,0.0,,30.9,관찰,30.9
2026-09-28T03:20:23+09:00,ANIME,KRW-ANIME,ANIMEUSDT,4.66,-1.6877637099999998,1173616439.6030967,1790532900479,False,False,,493091298.7290356,390908613.1037221,667551791.5967109,1163195125.3474052,1428392841.229193,1.2613978873834657,0.6658430509050403,0.48216710163311194,2,4.175824175824183,3.947368421052655,중립,353755.567038,-2.266,156442.574613,165124.054083,201649.051487,311153.314687,302076.553311,0.9474245014258418,0.6922989130016192,0.5949810427830554,1,5.757575757575761,3.5608308605341144,중립,,0.0,,30.7,관찰,30.7
2026-09-28T03:20:23+09:00,VANA,KRW-VANA,VANAUSDT,1557.0,-0.8911521299999999,634950488.4341019,1790532621279,False,False,,520481662.09814745,410509430.81426674,515170172.2216138,784802475.1400633,742608913.0230439,1.267892094624343,0.9128683698104371,0.6444106946464642,2,4.873164218958603,2.746893394375416,중립,282210.10552,-0.861,409379.6077,296423.7553,328720.89863,831286.70857,512272.00323,1.3810620787989185,0.8432521124729625,0.7280238954598022,2,6.060606060606055,2.5754884547069423,중립,,0.0,,30.7,관찰,30.7
2026-09-28T03:20:23+09:00,TRUST,KRW-TRUST,,90.0,8.695652169999999,25381321908.94909,1790533204081,False,False,,1005002350.3405551,525975307.1376437,665071344.8213401,721275844.0710351,2044661936.336637,1.9107405551218275,1.5766206051964662,1.0823331322673175,2,0.4854368932038833,1.4705882352941124,고수준 유지형,,,,,,,,,,,,,,NO_DATA,,0.0,,30.6,관찰,30.6
2026-09-28T03:20:23+09:00,GEOD,KRW-GEOD,,363.0,1.1142061300000001,3420167739.859722,1790532744958,False,False,,1220507833.774974,637106243.2519096,1092495234.6777556,2025961421.1696436,1268338528.7326832,1.915705342244448,0.9749599726323476,0.7931750932256695,2,2.279202279202286,3.458213256484144,중립,,,,,,,,,,,,,,NO_DATA,,0.0,,30.6,관찰,30.6
2026-09-28T03:20:23+09:00,TREE,KRW-TREE,TREEUSDT,66.4,-1.0432190799999999,1834977994.7179048,1790533213206,False,False,,1822910803.6530046,1736925099.6178071,2060314882.9458199,4143205677.2998075,7704238971.842984,1.0495045549483497,0.6887185738958975,0.5146687286085535,2,1.0542168674698704,9.283387622149842,중립,451868.83744,-1.012,497174.69671,398941.86128,635977.87179,1071141.08412,1531938.86581,1.246233461474364,0.7082056120867668,0.5975776321853353,2,1.6528925619834656,8.370044052863435,중립,,0.0,,30.6,관찰,30.6
2026-09-28T03:20:23+09:00,VET,KRW-VET,VETUSDT,12.7,-0.78125,852210167.1489946,1790532817639,False,False,,1110578197.936596,863791921.013069,1208455392.947247,3071323794.0764594,1270281345.7985125,1.2857010709640488,0.6477473575905245,0.6294715998177042,2,5.785123966942152,1.5873015873016039,중립,1971439.8229937,-2.0,3105022.6978709,2077075.8693211,1874288.7073794,3797549.1906224,2225025.3924656,1.4949009536593327,1.202112757131749,1.1532273010781866,3,5.956576105490519,-0.03217503217504136,중립,,0.0,,30.6,관찰,30.6
2026-09-28T03:20:23+09:00,SLX,KRW-SLX,,96.7,1.4690451199999999,6983575370.848597,1790533193439,False,False,,4607809296.074293,3562415701.9781637,4986684453.448385,19107787809.89808,3643639473.736753,1.2934507596953482,0.49981863127746967,0.6859272944496294,2,-5.643564356435649,5.888888888888877,중립,,,,,,,,,,,,,,NO_DATA,,0.0,,30.5,관찰,30.5
2026-09-28T03:20:23+09:00,DOS,KRW-DOS,,306.0,-3.16455696,1676286496.6120925,1790533164889,False,False,,1730808432.9591353,1291286134.9064682,2347559901.2211156,3909547061.2758193,1928947704.913857,1.3403756039589965,0.6878848560051232,0.7603844859940595,2,4.290429042904287,6.040268456375841,중립,,,,,,,,,,,,,,NO_DATA,,0.0,,30.2,관찰,30.2
2026-09-28T03:20:23+09:00,POKT,KRW-POKT,,12.6,-0.7874015700000001,541957570.0105141,1790533143417,False,False,,530477166.2463315,389865355.95711,437220023.1756466,930469888.0438541,528357085.95992863,1.3606676206046135,0.9054802022217586,0.6988962862520132,2,4.958677685950419,4.958677685950419,중립,,,,,,,,,,,,,,NO_DATA,,0.0,,30.2,관찰,30.2
2026-09-28T03:20:23+09:00,SAHARA,KRW-SAHARA,SAHARAUSDT,13.4,0.0,3859688827.350528,1790533192149,False,False,,4091737000.1330953,3586700200.756401,5670755424.691838,6411877449.244839,5595862604.193922,1.1408082000469921,0.7833907762305784,0.798141358070574,2,4.6875,5.51181102362206,중립,1218966.53948,0.306,1653134.63841,1449471.35524,1594377.95334,2039412.28299,1776150.2971,1.1405086636819242,0.975634211596467,1.00341036617859,2,4.589114194236932,3.703703703703698,중립,,0.0,,30.1,관찰,30.1
2026-09-28T03:20:23+09:00,LPT,KRW-LPT,LPTUSDT,2400.0,1.30856902,1050325235.1287247,1790532959947,False,False,,479214082.84828466,329803739.3906603,584352637.4498216,2199737303.010241,552491485.3387672,1.453028045508739,0.46168636323311246,0.3274308838501635,2,5.242114615726345,1.0234541577825107,중립,1637528.34532,-0.505,1307100.89314,1436612.11208,2013358.4461,2733593.65007,1162118.98918,0.9098495565706409,0.6341492620369767,0.6383101765082733,1,6.349206349206349,0.3456221198156584,중립,,0.0,,29.9,관찰,29.9
2026-09-28T03:20:23+09:00,PRL,KRW-PRL,,165.0,-1.19760479,2162656276.350726,1790532591919,False,False,,1606130806.212406,1197459194.4558792,1726664075.631089,2575765115.471831,1699254758.4016843,1.3412822864016052,0.8760891277883015,0.9098156754387435,2,6.369426751592355,4.374999999999996,중립,,,,,,,,,,,,,,NO_DATA,,0.0,,29.8,관찰,29.8
2026-09-28T03:20:23+09:00,SYRUP,KRW-SYRUP,SYRUPUSDT,294.0,-2.0,883687004.4961514,1790533194404,False,False,,1087305985.161243,922174180.9328914,1867891821.5083742,1902703161.5017471,1340658259.7620935,1.1790679110765179,0.6950944829220969,0.7633769432752814,2,9.090909090909083,-4.153354632587858,중립,1797274.9412,-3.454,1897914.05905,2052788.08716,2216534.91004,2009543.79215,1436544.38437,0.9245543029605818,0.9068104752289906,1.027447343850909,1,9.990009990010007,-4.798962386511018,중립,,0.0,,29.8,관찰,29.8
2026-09-28T03:20:23+09:00,TRUMP,KRW-TRUMP,TRUMPUSDT,2917.0,1.28472222,20732820108.705704,1790533220637,False,False,,27361577859.25581,27165574975.272278,35829199609.617615,56764668225.943756,37606036148.99317,1.007215120024588,0.685413455934532,0.7224361483036335,2,6.548279689234193,-2.669820885434271,중립,16200899.651059,0.844,17592642.604479,21577041.133215,26792867.109435,44376078.825917,37669454.503665,0.8153408289794404,0.5690588831020618,0.5269466606542448,1,7.524148449415358,-3.2921810699588328,중립,,0.0,,29.7,관찰,29.7
2026-09-28T03:20:23+09:00,CRV,KRW-CRV,CRVUSDT,480.0,1.4799154300000001,623410877.5302691,1790532940088,False,False,,616903610.9507459,259539870.064275,847104212.1523826,759612922.4042169,619772540.3167683,2.376912690901671,0.991669865548987,0.9639417248657295,2,6.0538116591928315,-5.020080321285136,중립,2605480.35198,0.913,3432043.37315,3971553.5212,5080269.04276,6223934.73163,4747912.92887,0.8641563949295621,0.6740176555713161,0.615490487803092,1,6.982466933251308,-5.463441152487092,중립,,0.0,,29.7,관찰,29.7
2026-09-28T03:20:23+09:00,MOCA,KRW-MOCA,,14.5,2.11267606,481428771.02429503,1790533082459,False,False,,191501365.7372173,166581706.18616933,194407096.8372007,494665611.5166454,273319058.73617876,1.1495942148845453,0.6714207131397728,0.4782499875456006,2,3.649635036496357,1.4285714285714235,중립,,,,,,,,,,,,,,NO_DATA,,0.0,,29.7,관찰,29.7
2026-09-28T03:20:23+09:00,T,KRW-T,TUSDT,7.89,1.6752577300000002,10291920278.929867,1790533155417,False,False,,5415883989.6512375,2105069605.701688,3262242952.0365148,9992842013.607557,2310030619.6691613,2.5727814296411102,1.0577791970442518,1.182150357958318,2,3.743315508021383,9.915014164305958,중립,1488368.673978,2.46,813472.954541,412870.107776,902794.912274,1636364.876929,859776.697381,1.9702878440944058,0.8266917845650668,0.7978744356979647,2,4.595588235294112,9.213051823416496,중립,,0.0,,29.5,관찰,29.5
2026-09-28T03:20:23+09:00,EUL,KRW-EUL,EULUSDT,2066.0,-0.19323671,1566195712.5301585,1790533132227,False,False,,2036415440.3273146,894530364.2578365,1943014679.1289468,12026810982.079859,1914192107.09643,2.2765190782728366,0.4109997305308861,0.5661207647356026,2,6.099436186570983,6.811145510835903,중립,704227.75583,0.661,1280823.66631,558929.24953,887669.94263,3101157.90304,1022163.38048,2.291566718662579,0.8449156185112867,1.031910204589655,2,7.122708039492243,5.779944289693595,중립,,0.0,,29.4,관찰,29.4
2026-09-28T03:20:23+09:00,API3,KRW-API3,API3USDT,380.0,-0.5235602100000001,561637931.8432848,1790532651131,False,False,,709501841.3636439,652410981.0954163,918922735.4122962,9867817848.81384,691226718.2284254,1.0875075097178322,0.18607197500063016,0.2795924431913684,2,5.524861878453047,7.605633802816891,중립,720156.267234,-1.125,611330.942317,726719.287029,529007.402933,3241184.735142,565703.915821,0.8412201977138453,0.4078338783176245,0.5315480388006255,1,6.509326227636092,6.468797564687989,중립,,0.0,,29.4,관찰,29.4
2026-09-28T03:20:23+09:00,XCN,KRW-XCN,,7.04,0.28490028,4823504160.413908,1790533208322,False,False,,1035243575.9021567,616167530.56629,3041938854.4936404,3471930526.9087267,523575838.31889087,1.6801332828276654,0.43558410230571365,0.6022607580476607,2,-2.904564315352709,16.417910447761173,중립,,,,,,,,,,,,,,NO_DATA,,0.0,,29.2,관찰,29.2
2026-09-28T03:20:23+09:00,RE,KRW-RE,REUSDT,665.0,-0.44910180000000005,3638211504.400136,1790533176610,False,False,,2867501867.24106,2027687767.8427677,2551831665.5209427,4504310120.534931,2092317119.2125452,1.414173282848059,0.9470131017629139,1.0908552041110955,2,8.972267536704726,5.1968503937007915,중립,1839761.1123,0.061,2337986.11263,1443077.61719,1512523.62555,3410339.7021,1792186.18253,1.6201388510082986,1.1017944399209765,1.2429263028439617,2,9.896999552171959,4.737516005121645,중립,,0.0,,29.2,관찰,29.2
2026-09-28T03:20:23+09:00,ZKC,KRW-ZKC,ZKCUSDT,61.5,1.31795717,2407268998.590527,1790532953705,False,False,,3455438784.1736565,1580692279.7088804,4305029227.44298,3322372054.9508696,3653768605.0322175,2.186028760012703,1.1257831257476658,1.1279116369169553,2,8.007117437722421,7.243816254416968,중립,787325.86601,2.022,825262.65865,417812.66952,982698.06784,1149829.64203,938285.38314,1.9751977832507925,0.9707676653506809,0.952332035331378,2,9.046454767726164,6.698564593301448,중립,,0.0,,29.2,관찰,29.2
2026-09-28T03:20:23+09:00,BTT,KRW-BTT,,0.000515,3.20641283,1334592901.8784053,1790533225453,False,False,,975497707.2225146,652159722.7495574,1509297891.038131,10991623469.202335,29257795231.74678,1.4957956972714268,0.22249487425818248,0.1131854036014479,2,-0.5976095617529764,5.720338983050843,중립,,,,,,,,,,,,,,NO_DATA,,0.0,,29.2,관찰,29.2
2026-09-28T03:20:23+09:00,NEO,KRW-NEO,NEOUSDT,3603.0,-0.7984581500000001,477356968.25141704,1790532222865,False,False,,960346995.8905385,797935834.793989,883157518.4904234,1495313727.8878937,1107958656.3734434,1.2035391243438525,0.9070125188766168,0.913702099422736,2,6.510263929618776,6.823529411764695,중립,642834.04512,-0.927,562238.30755,733648.08877,803931.75427,1224065.13992,1070656.52957,0.7663596704690152,0.6107645743958504,0.5861576343226684,1,7.580645161290334,6.125696101829758,중립,,0.0,,29.2,관찰,29.2
2026-09-28T03:20:23+09:00,LAYER,KRW-LAYER,LAYERUSDT,112.0,0.9009009,1234412685.8307412,1790532147799,False,False,,1026309590.0710856,670782290.8856579,672995809.8412343,1444919044.3070695,765271334.4093354,1.5300189107795499,1.1040742719933327,0.9664563820343975,2,7.7669902912621325,5.714285714285716,중립,487490.862723,1.099,423824.055424,334884.443716,311872.887143,464393.371591,389111.41304,1.2655829895264576,1.1442841762764526,0.9886285481882996,3,9.919571045576415,6.493506493506507,중립,,0.0,,29.1,관찰,29.1
2026-09-28T03:20:23+09:00,AGLD,KRW-AGLD,AGLDUSDT,298.0,-1.9736842099999998,295964695.10598844,1790531477417,False,False,,391886313.2874657,363038766.0179357,472344061.63764673,539389090.5506123,902989025.4194108,1.0794613412389817,0.855166536567316,0.578139063172483,2,5.555555555555558,9.35251798561152,중립,121232.97381,-2.774,213964.41281,212252.08316,291713.70059,399293.44727,448218.19196,1.0080674338951445,0.7106412161491513,0.6094919826253847,2,7.0678127984718175,8.940719144800768,중립,,0.0,,29.0,관찰,29.0
2026-09-28T03:20:23+09:00,KAITO,KRW-KAITO,KAITOUSDT,493.0,0.6122449,1397570785.7335377,1790533212219,False,False,,2665275256.7620263,1676299452.973401,2705624146.60792,4909042866.376387,2313855096.108805,1.5899756168472114,0.8606021558233956,0.964564970581987,2,9.131403118040083,3.813559322033888,중립,1509129.00265,-0.082,2064985.68967,1959004.14913,3456613.44715,4267302.25743,2856122.69261,1.0540997019261378,0.6397819214249107,0.6746418816563134,2,10.466543891958269,3.0936694356917815,중립,,0.0,,28.5,관찰,28.5
2026-09-28T03:20:23+09:00,POWR,KRW-POWR,POWRUSDT,94.8,-2.96827021,663767589.3210312,1790532977795,False,False,,1639108515.52632,889592822.0878876,1285140919.4390612,10935424031.639046,683905376.3859506,1.8425379283966206,0.3750775262707969,0.5521170516510342,2,4.603854389721618,13.736903376018628,중립,132021.5123,-3.458,210354.5347,199611.0425,300476.8309,1125712.2561,96384.7162,1.0538221336126732,0.388155710317281,0.5380620185754993,2,5.433186490455233,13.070866141732296,중립,,0.0,,28.4,관찰,28.4
2026-09-28T03:20:23+09:00,BREV,KRW-BREV,BREVUSDT,122.0,-2.4,301993533.7399311,1790533069274,False,False,,291500795.6545754,238577412.48295832,424146050.858519,899154086.7775248,3915134182.15773,1.2218289762673884,0.5599045756801463,0.24161201778082775,2,7.758620689655182,8.695652173913038,중립,210254.83765,-2.386,163942.35967,258923.4015,198807.07642,387067.17133,839998.85869,0.6331693416672498,0.5821832949542858,0.41767522672651614,1,7.900943396226423,7.14285714285714,감소형,,0.0,,28.4,관찰,28.4
2026-09-28T03:20:23+09:00,PENDLE,KRW-PENDLE,PENDLEUSDT,3627.0,3.68782161,775364654.7094945,1790533218392,False,False,,846850447.0221015,840140410.6259723,1281369647.4021833,2115688278.1443222,1811945550.5843487,1.0079868035286266,0.5995828232485386,0.5610820825125424,2,3.2772364924712027,2.701115678214916,중립,3971749.8055,3.286,4088013.7924,6596483.8093,9014925.6728,8586146.7858,10142198.5292,0.6197261921020024,0.506829749311059,0.46266817089979634,1,4.051863857374394,1.8643395477984992,감소형,,0.0,,28.3,관찰,28.3
2026-09-28T03:20:23+09:00,BARD,KRW-BARD,BARDUSDT,202.0,0.0,509290101.2523746,1790533188580,False,False,,634597802.23686,593484930.9725345,829416272.3279619,1272499316.985045,1061732422.0339231,1.0692736565306797,0.7063118792115165,0.6753122212294751,2,7.446808510638303,9.782608695652172,중립,407264.97119,-0.334,447061.10581,798908.81838,591125.71265,851408.64291,564644.8785,0.5595896496881024,0.5983570464882557,0.697302176489727,1,8.797653958944295,9.037472446730344,감소형,,0.0,,28.2,관찰,28.2
2026-09-28T03:20:23+09:00,COW,KRW-COW,COWUSDT,216.0,2.85714286,18939345103.3965,1790532615723,False,False,,336694762.9016514,307617798.7079198,396618244.6530735,416311128.8220103,232502692.1942505,1.09452302277652,0.9014205861027251,1.0257589878678437,2,8.247422680412363,-2.3255813953488413,중립,4590750.88663,3.956,425902.24064,409844.50155,612222.78088,515618.36643,576404.04522,1.0391800769054382,0.8309284299214591,0.7328186051975173,2,9.432624113475185,-3.0169704588309254,중립,,0.0,,28.0,관찰,28.0
2026-09-28T03:20:23+09:00,SAFE,KRW-SAFE,,159.0,0.63291139,336513859.59339184,1790532461525,False,False,,293923422.0594258,228781778.53233784,642112008.6655991,394477936.05983543,501917251.8879182,1.2847326563547992,0.696846823720787,0.48405090613871204,2,8.965517241379306,7.48299319727892,중립,,,,,,,,,,,,,,NO_DATA,,0.0,,27.7,관찰,27.7
2026-09-28T03:20:23+09:00,MTL,KRW-MTL,MTLUSDT,459.0,-2.5477707,523848317.0040262,1790533064879,False,False,,1062766943.3135656,954927968.0164298,1520091374.1976013,1013703917.0019915,3192336101.885564,1.1129289107754778,0.9138875723427728,0.6890254365440881,2,9.027777777777768,11.61137440758293,중립,262064.60419,-3.5,363763.66787,301303.61562,522791.25206,314972.66998,527729.1758,1.2072993784740167,0.9580564519043815,0.9320133479519574,2,10.317460317460302,10.66878980891719,중립,,0.0,,27.3,관찰,27.3
2026-09-28T03:20:23+09:00,ATH,KRW-ATH,,8.63,-0.57603687,1173191712.3188932,1790533212226,False,False,,1837788426.3344338,1420991113.4247174,2186292856.8161902,12795420198.684797,1174205146.0481954,1.293314510535676,0.3361253865352373,0.4689559224800827,2,7.558859975216836,14.361001317523048,중립,,,,,,,,,,,,,,NO_DATA,,0.0,,27.2,관찰,27.2
2026-09-28T03:20:23+09:00,IN,KRW-IN,,54.8,3.0075187999999997,25257589457.10192,1790533210908,False,False,,2474954558.2258844,911806275.5038447,1465270296.4348595,3770871642.2945056,15308473023.805813,2.7143425360373588,1.207697823070181,0.5452939676479234,2,7.692307692307709,11.297071129707126,중립,,,,,,,,,,,,,,NO_DATA,,0.0,,27.1,관찰,27.1
2026-09-28T03:20:23+09:00,MMT,KRW-MMT,MMTUSDT,247.0,5.55555556,4796188414.152353,1790533187310,False,False,,591563442.2212769,533076983.26801175,820621231.7090731,1300878533.890594,870445235.0457644,1.1097148456771022,0.6685398444105384,0.6297863122193915,2,1.7391304347825987,4.0000000000000036,중립,2024897.21913,5.491,460386.72111,379828.81436,512169.90532,1246728.72979,655691.58185,1.2120900355749407,0.6457859619617575,0.6194662930401055,2,2.9358897543439344,3.0593881223755393,중립,,0.0,,27.1,관찰,27.1
2026-09-28T03:20:23+09:00,BLUR,KRW-BLUR,BLURUSDT,28.5,-1.0416666700000001,798399582.1085308,1790533197616,False,False,,969628729.7145889,1022404853.1101134,433045591.72313356,1049827901.1822863,1036313231.7456821,0.9483804060250871,1.1611029943120463,0.8742920725907767,1,8.270676691729317,5.882352941176472,중립,207714.347523,-0.755,419150.937922,268239.559108,186274.266864,338481.653337,279790.156146,1.5625992650593319,1.5856998514817746,1.323784166877144,3,9.349173553719027,5.323383084577116,가속형,EARLY,5.0,Binance 연속가속 우위,27.1,관찰,27.1
2026-09-28T03:20:23+09:00,SKY,KRW-SKY,SKYUSDT,103.0,-2.83018868,475501553.91553175,1790533211560,False,False,,569418022.7821141,468139735.9796117,542916176.2963797,1103636241.5894055,267425575.24606377,1.2163420000880107,0.807802717394995,1.0281767303917295,2,10.301768990634752,11.227701993704088,중립,2378686.0876,-2.713,2948962.05844,2793431.14192,3487512.6418,7869211.11034,3254812.39906,1.0556773761794247,0.6252147938701204,0.7376470794295348,2,11.705016435615256,10.70821529745043,중립,,0.0,,27.1,관찰,27.1
2026-09-28T03:20:23+09:00,0G,KRW-0G,0GUSDT,363.0,1.39664804,3090909561.664958,1790533168331,False,False,,4988616669.185425,2769289982.2243867,4918818100.313952,13441554283.758232,5135368829.580481,1.80140638979902,0.7082862824835267,0.8318658719955307,2,6.231454005934722,12.933753943217674,중립,1403437.395529,1.398,2584348.675674,1551855.682323,2225640.132211,4773223.872767,2129528.963167,1.6653279716097331,0.9067126874169836,0.958497213452571,2,6.959706959706957,12.16389244558258,중립,,0.0,,26.9,관찰,26.9
2026-09-28T03:20:23+09:00,BABY,KRW-BABY,BABYUSDT,19.2,1.05263158,390954177.44635135,1790532942991,False,False,,896033971.0459964,215373224.33652237,356897057.9758629,605455744.7041986,889770508.8106133,4.160377752649216,2.282450970322436,1.4339757704417786,2,12.426035502958598,13.772455089820369,일회성 폭증형,19686009.32725,1.508,51266665.08328,62481594.10353,12561297.49116,61748014.22513,33804045.43625,0.8205082763786848,1.124343715162061,1.4936017105122161,1,13.344182262001624,12.06757843925985,중립,YES,7.0,Binance D2 선행→Upbit D1 확산,26.2,관찰,26.2
2026-09-28T03:20:23+09:00,IOST,KRW-IOST,IOSTUSDT,1.33,-2.9197080300000002,3048889222.7209983,1790533200530,False,False,,1967976181.589408,1804204618.5581985,2517950308.568976,5258975556.2138605,3636022403.644857,1.0907721670516979,0.6162037512205414,0.5509967744890569,2,12.295081967213118,14.166666666666682,중립,1209266.298016,-2.868,1138678.630271,994238.752473,871373.421503,2227265.337177,1530872.772679,1.1452768537121798,0.8346293974115713,0.7856602979416962,3,14.592760180995468,13.948256467941512,중립,,0.0,,25.6,관찰,25.6
2026-09-28T03:20:23+09:00,VTHO,KRW-VTHO,VTHOUSDT,1.05,-3.6697247699999997,2890236313.0732384,1790533209941,False,False,,4298064701.475723,4149435438.5427394,12691708850.139778,8107500175.069359,5827670285.000215,1.0358191530231837,0.5168294463116531,0.6358122865690056,2,11.794871794871797,15.957446808510657,중립,76327228.374659,-6.083,20951947.94085,123415999.189048,10561752.233996,2696095.300426,2248886.534551,0.169766870410018,0.4598966468670866,0.7433816797878147,1,12.270803949224263,14.367816091954033,감소형,,0.0,,25.4,관찰,25.4
2026-09-28T03:20:23+09:00,ZAMA,KRW-ZAMA,ZAMAUSDT,114.0,-8.064516130000001,3620687824.5328636,1790533113655,False,False,,2571693775.362149,2705082600.4775496,2750667903.114675,4429447156.746226,10603773283.39481,0.950689555619539,0.7804680888720131,0.28608083288183145,1,-1.5873015873015928,-3.875968992248058,중립,10378522.17262,-5.838,8136590.46947,11666643.15932,17720900.90555,29938185.05938,28668230.89694,0.6974234454895463,0.4114533739195505,0.32416043089537105,1,-1.1076121185796595,-4.5987848313429724,감소형,,0.0,,25.0,관찰,25.0
2026-09-28T03:20:23+09:00,SKR,KRW-SKR,,26.0,-3.3457249100000004,965507065.5482562,1790532845754,False,False,,797704642.9124533,843480404.2992849,868533605.7360632,2969525965.1889606,11542752996.679033,0.9457299053380386,0.5111809236708904,0.18697538232513145,1,-4.6099290780141855,-6.597222222222232,중립,,,,,,,,,,,,,,NO_DATA,,0.0,,25.0,관찰,25.0
2026-09-28T03:20:23+09:00,PEPE,KRW-PEPE,PEPEUSDT,0.00599,0.67226891,4537648281.316763,1790533162675,False,False,,3898243059.6748586,4655450252.4479,4828118137.286753,8877552221.897602,31341110292.91143,0.8373503846647504,0.636928944936817,0.2513084872517552,1,0.0,-7.751937984496116,중립,23971197.34171346,0.227,23566775.67035119,42050527.63656829,50701723.87102505,85551330.02034888,123825241.03097545,0.5604394759093789,0.39651658371188697,0.26930233105448975,1,0.691244239631339,-8.385744234800852,감소형,,0.0,,24.5,관찰,24.5
2026-09-28T03:20:23+09:00,DRV,KRW-DRV,,546.0,-3.1914893600000003,19546800561.623512,1790533175344,False,False,,7341146050.198865,7846768030.728816,20079111650.90578,61977989364.305725,29424290827.87502,0.9355630268984786,0.2449665224011967,0.27719578730197075,1,-16.196136701337295,4.0590405904058935,중립,,,,,,,,,,,,,,NO_DATA,,0.0,,24.1,관찰,24.1
2026-09-28T03:20:23+09:00,LA,KRW-LA,LAUSDT,98.8,-3.1372549,3099572103.414299,1790533132867,False,False,,2722968081.139513,3471991488.9506016,4287843837.590035,7956574494.688955,4630406642.115474,0.7842669228323833,0.5197691035254154,0.5019191063636202,1,3.238866396761142,-0.9708737864077666,중립,1312753.09016,-3.453,1226975.31185,1088093.06814,1002037.29086,2375708.42475,871991.22914,1.1276382028123815,0.8242406664888825,0.9642410222765003,3,3.899721448467952,-1.7127799736495364,중립,,0.0,,23.9,관찰,23.9
2026-09-28T03:20:23+09:00,XEC,KRW-XEC,XECUSDT,0.012,-0.8264462800000001,824511253.0707412,1790532092301,False,False,,726006029.491558,917789131.0954138,1804505048.3327699,9529571487.652,13884876390.773117,0.7910379464017449,0.17777032067261722,0.1289059657401784,1,0.0,5.217391304347818,중립,587505.76028841,-2.967,601111.05504357,398455.12504319,886503.58374443,1496958.10026248,2556422.33350247,1.5086041495348148,0.648234037503971,0.4967603733088195,2,1.258581235697953,4.7337278106508895,중립,,0.0,,23.9,관찰,23.9
2026-09-28T03:20:23+09:00,ONG,KRW-ONG,ONGUSDT,131.0,-1.5037593999999999,1980488753.479017,1790533222245,False,False,,5347414116.075403,6209993635.70062,2762881478.364678,3721267476.097185,3682986318.3517327,0.8610981636653644,1.2637515479508152,1.257764195813711,1,9.016393442622949,6.400000000000006,중립,466810.9157,-0.422,944929.66237,1551278.22566,754212.99859,942023.54525,1560541.39826,0.6091297142831837,0.8729102677942417,0.727284736920224,1,10.138040280606475,5.403356794802372,감소형,,0.0,,23.8,관찰,23.8
2026-09-28T03:20:23+09:00,1INCH,KRW-1INCH,1INCHUSDT,139.0,-0.7142857100000001,259107112.6199814,1790533196011,False,False,,306865123.6683576,325141851.0759618,418180490.8950451,513773228.5490787,348475685.6499942,0.9437884500345842,0.7323193181121497,0.7436230134492562,1,3.703703703703698,0.0,중립,426655.27816,-0.097,415697.09215,690369.47943,488621.53171,769396.48919,633990.81722,0.602137122998569,0.64006327090416,0.5801967309071269,1,4.480651731160901,-0.6776379477250738,감소형,,0.0,,23.7,관찰,23.7
2026-09-28T03:20:23+09:00,ARDR,KRW-ARDR,,42.4,-2.97482838,838123696.165587,1790533198277,False,False,,1498862910.8178852,1771026807.208894,1046520920.4602914,777376998.9750688,591853689.1637864,0.8463242367178314,1.2508158235210325,1.5405165911389527,1,10.075566750629728,11.764705882352944,중립,,,,,,,,,,,,,,NO_DATA,,0.0,,23.6,관찰,23.6
2026-09-28T03:20:23+09:00,HYPER,KRW-HYPER,HYPERUSDT,103.0,0.0,434074488.1247478,1790532907403,False,False,,391849242.9942492,473711409.81540173,449491196.5298366,728547877.8815129,579877605.5458204,0.8271897929309894,0.711698128869063,0.6654308202604755,1,3.5175879396984966,0.9803921568627416,중립,383866.36334,-1.173,457223.40317,514442.03721,509024.91747,808074.36201,680614.7457,0.8887753529040575,0.7489157885823243,0.7134314385259615,1,4.132231404958686,0.13245033112583293,중립,,0.0,,23.6,관찰,23.6
2026-09-28T03:20:23+09:00,ARB,KRW-ARB,ARBUSDT,306.0,0.99009901,14884998475.629656,1790533162365,False,False,,9514963647.431482,11271835402.889294,11907827161.115238,21374001390.475693,13298757309.570389,0.844136141749597,0.6406856004358769,0.5523646691387788,1,2.020202020202011,-0.6557377049180357,중립,32607338.36593,0.624,22155430.97217,34270904.16426,30392679.07667,57518353.49166,35688759.7088,0.6464793244432451,0.5439944290781669,0.5237227358030866,1,2.824074074074079,-1.6386182462356125,감소형,,0.0,,23.5,관찰,23.5
2026-09-28T03:20:23+09:00,HBAR,KRW-HBAR,HBARUSDT,129.0,0.78125,8197609407.18491,1790533215817,False,False,,8031553194.968876,10266904064.419823,7837796522.098043,14375027606.343346,17750182229.6132,0.7822760536744856,0.7418368602666583,0.5580467929108797,1,2.400000000000002,0.7874015748031482,중립,9886377.86966,0.757,8082551.50232,17135320.24943,14905687.12617,24203118.76372,32928567.84822,0.4716895502778165,0.4311144322323923,0.34981574453772346,1,3.314917127071837,0.14995715509853458,감소형,,0.0,,23.4,관찰,23.4
2026-09-28T03:20:23+09:00,ORBS,KRW-ORBS,,10.1,-0.98039216,145986613.53398108,1790532740575,False,False,,177096651.04039443,204319278.92087072,310613852.3240799,460617911.8109733,1162541242.1165261,0.8667642719558581,0.5446049767492553,0.3339381251554274,1,0.990099009900991,5.8091286307053736,중립,,,,,,,,,,,,,,NO_DATA,,0.0,,23.4,관찰,23.4
2026-09-28T03:20:23+09:00,IMX,KRW-IMX,IMXUSDT,234.0,3.5398230099999997,469736416.77635515,1790533212880,False,False,,734383159.4712043,695058425.5296264,1420214291.307391,595886747.0028359,631511117.748116,1.0565775947707028,0.812622609550698,0.774535431305402,2,12.99999999999999,10.784313725490202,중립,675113.232313,3.962,922221.479567,1083131.136842,836509.928384,995978.850852,674129.343599,0.8514402810502228,0.9489112155683961,0.9908103827244226,1,13.82393397524071,9.313077939233816,중립,,0.0,,23.2,관찰,23.2
2026-09-28T03:20:23+09:00,ZORA,KRW-ZORA,,11.7,-3.3057851200000004,1261494458.5772462,1790533118760,False,False,,1317407655.3298965,1466478020.6642866,1878670248.1246493,3255992507.7118173,2744705594.16971,0.8983480398384258,0.5987181761157278,0.5983733174529751,1,1.680672268907557,6.140350877192979,중립,,,,,,,,,,,,,,NO_DATA,,0.0,,23.1,관찰,23.1
2026-09-28T03:20:23+09:00,MASK,KRW-MASK,MASKUSDT,656.0,0.76804916,671763392.3291012,1790533123594,False,False,,581026626.8983643,619798598.2168812,530394547.8678803,1013632685.6284941,714049576.2263523,0.9374442416777624,0.8055546131062554,0.2641546480872794,1,3.8277511961722466,-1.0638297872340385,중립,412046.1665,0.415,360586.2425,564922.6117,479760.1577,781487.8333,510594.476,0.638293166235463,0.5923645501141107,0.3771271144946455,1,4.814004376367609,-1.4403292181069949,감소형,,0.0,,23.0,관찰,23.0
2026-09-28T03:20:23+09:00,BSB,KRW-BSB,,144.0,-4.0,406537901.754726,1790532733335,False,False,,373641532.7804729,394155605.7648663,336563707.6749792,589957087.1526254,376302059.26880765,0.9479543797313614,0.8487503811217939,0.8184347956103245,1,2.7397260273972712,4.895104895104896,중립,,,,,,,,,,,,,,NO_DATA,,0.0,,23.0,관찰,23.0
2026-09-28T03:20:23+09:00,HOME,KRW-HOME,HOMEUSDT,8.55,-1.94954128,1181628008.9524179,1790533103281,False,False,,2251639081.4195375,2917834491.75198,4086170245.3798304,1935064489.7062762,3078174757.432788,0.7716815630853575,0.7556622588823995,0.6008273656827607,1,6.082725060827254,-6.135629709364898,중립,748984.25856,-2.928,860520.30048,1467973.66799,1626470.62157,1831697.71185,2417582.42171,0.586196005585205,0.5240532856545923,0.42459404187687805,1,7.214765100671139,-6.986899563318783,감소형,,0.0,,22.9,관찰,22.9
2026-09-28T03:20:23+09:00,META,KRW-META,,12.1,-1.6260162599999999,203888727.2825516,1790532655912,False,False,,132784484.93596867,155690118.2106462,71827156.00219592,220086717.60263973,228579311.0627792,0.8528767686868437,0.8899685036145105,0.7295650581589369,1,3.3613445378151363,4.237288135593209,중립,,,,,,,,,,,,,,NO_DATA,,0.0,,22.9,관찰,22.9
2026-09-28T03:20:23+09:00,ELF,KRW-ELF,,106.0,2.9126213599999997,1221561604.9601789,1790533172466,False,False,,207462018.09065077,248771073.66511115,371333818.55757296,510951601.3169092,316554082.8908878,0.8339475126032156,0.5502696442016097,0.5792225905851035,1,0.0,0.9803921568627416,중립,,,,,,,,,,,,,,NO_DATA,,0.0,,22.5,관찰,22.5
2026-09-28T03:20:23+09:00,CHZ,KRW-CHZ,CHZUSDT,22.5,-1.3157894700000001,2209667829.0309863,1790533083415,False,False,,2164912543.588663,2757985181.9071245,2736395827.3068814,3951817709.7122498,4335430932.745071,0.784961629885061,0.6875503918579687,0.6352409433094615,1,4.109589041095907,5.069124423963145,중립,1323199.06818,-2.012,2165420.0321,2105177.91638,2088439.12614,3143906.64532,3163725.74878,1.0286161636274385,0.8853477511855707,0.8084686192677552,3,5.303030303030298,4.054897067997509,중립,,0.0,,22.4,관찰,22.4
2026-09-28T03:20:23+09:00,MOVE,KRW-MOVE,MOVEUSDT,13.1,-0.75757576,1703477361.5029356,1790533061415,False,False,,1606827041.1127176,1743283169.4483628,1784735854.5757542,2767534829.512264,1767934312.9040487,0.9217246338821565,0.7656961143506634,0.8039022629341158,1,5.600000000000005,3.124999999999978,중립,1872980.4778463,-0.77,679238.6481968,517529.7727365,402751.1714395,1191114.5643139,244648.76213,1.3124629421902534,0.9651038549607428,1.2919684034136998,3,6.9346289752650225,3.021276595744671,중립,,0.0,,22.4,관찰,22.4
2026-09-28T03:20:23+09:00,KAT,KRW-KAT,KATUSDT,6.98,0.28735632,689852775.2516683,1790533218717,False,False,,590267839.1414254,702462335.4967556,1499218082.5611184,2091643418.4949753,1673274775.0686462,0.8402839687113041,0.41245514776869735,0.4342568418878169,1,3.7257824143070106,4.8192771084337505,중립,390447.23434,-0.577,510257.38691,656576.01203,769216.82778,1149008.20212,1218653.93049,0.7771489935070695,0.5945205613178466,0.56385620767149,1,5.102040816326525,4.887983706720966,중립,,0.0,,22.4,관찰,22.4
2026-09-28T03:20:23+09:00,GAME2,KRW-GAME2,,1.44,1.4084507,365095755.38447094,1790532289291,False,False,,121854175.78458758,137201729.71968195,148620032.5038228,313459664.05012065,108230689.9990315,0.8881387722556334,0.6100014305913943,0.6669269833776468,1,3.649635036496335,0.7092198581560183,중립,,,,,,,,,,,,,,NO_DATA,,0.0,,22.4,관찰,22.4
2026-09-28T03:20:23+09:00,MBL,KRW-MBL,MBLUSDT,1.14,-0.8695652200000001,360116217.79877716,1790533078373,False,False,,319658586.47516066,320329527.38805723,222326450.02686757,609725695.8088008,246468092.2191028,0.9979054665413851,0.8321685268933504,0.9478347598547805,1,4.545454545454519,4.545454545454519,중립,171631.657285,-1.06,171838.523289,242830.114059,179429.759492,487160.9855,419044.387749,0.7076491478616557,0.5668613873723453,0.4997151282741004,1,5.230386052303859,3.5539215686274606,감소형,,0.0,,22.4,관찰,22.4
2026-09-28T03:20:23+09:00,ZETA,KRW-ZETA,,73.7,-1.2064343199999998,2698028746.2710586,1790533200869,False,False,,3068877780.0882287,3497202941.3979015,4238094682.1487226,12969103337.744614,65739964302.55201,0.8775235042154966,0.444670355712166,0.06740712172040281,1,8.11594202898549,-2.4836601307189565,중립,,,,,,,,,,,,,,NO_DATA,,0.0,,22.2,관찰,22.2
2026-09-28T03:20:23+09:00,MINA,KRW-MINA,MINAUSDT,192.0,-2.04081633,788149897.648291,1790533017301,False,False,,1109735214.3021643,1473691638.4910636,2347674969.4345565,3772633172.863013,6766742124.402386,0.7530308141250227,0.4383994915734322,0.28313750864412174,1,-2.487562189054726,12.643678160919535,중립,1029993.22057,-0.557,1391407.84778,2948998.69498,3009125.85164,6166012.91159,8662819.3013,0.4718238262188978,0.3442903511881067,0.2642812581782696,1,-1.0224948875255602,12.99610894941634,감소형,,0.0,,22.2,관찰,22.2
2026-09-28T03:20:23+09:00,IQ,KRW-IQ,IQUSDT,1.28,-2.29007634,706380819.6013017,1790530176080,False,False,,640841967.8301753,727106329.7285781,678098441.7231289,1811662970.1155417,615969115.1320715,0.8813593578113885,0.5976390880633087,0.7038628187348888,1,3.9682539682539764,6.50406504065042,중립,139191.359277,-0.313,113470.413058,625510.006986,163683.027893,311192.54973,106093.187858,0.18140463268486073,0.30935632376078276,0.4211698820888221,1,4.787812840043526,5.016357688113415,감소형,,0.0,,22.2,관찰,22.2
2026-09-28T03:20:23+09:00,HOLO,KRW-HOLO,HOLOUSDT,92.5,-0.75107296,1203186024.875851,1790532961308,False,False,,711058587.2146423,825060671.44109,732718547.5869237,2367824615.3920426,1068109492.6874787,0.861825816970131,0.5434006720036405,0.5712805061483051,1,4.719101123595504,5.549263873159682,중립,697902.84298,-1.59,450589.92182,547524.64925,743002.48209,2534038.52106,776361.55837,0.8229582402129633,0.35344399555848505,0.40196115170832386,1,6.346749226006176,4.7256097560975485,중립,,0.0,,22.1,관찰,22.1
2026-09-28T03:20:23+09:00,ERA,KRW-ERA,ERAUSDT,96.2,1.05042017,1794190045.9400146,1790532942974,False,False,,725638871.1664078,742092960.1718245,676731388.6100804,1492755003.0251193,792835488.5428588,0.9778274557386896,0.7476755226156402,0.6416340429699477,1,4.271631982475355,2.9189189189189113,중립,958169.52998,1.141,425282.69015,504428.99915,386374.36391,731751.98087,594952.67761,0.8430972265009201,0.7863202171950335,0.6825322347195344,1,5.128205128205132,2.1994134897360684,중립,,0.0,,22.0,관찰,22.0
2026-09-28T03:20:23+09:00,GLM,KRW-GLM,GLMUSDT,176.0,0.57142857,560445719.8310435,1790532424567,False,False,,437786224.91856146,510658644.7384,525595074.9860031,669380080.1540663,577744860.6398064,0.8572971973143242,0.7700121062617687,0.7645364980752964,1,4.79041916167664,4.166666666666674,중립,126395.65199,-0.385,85849.98299,105343.31453,155335.40274,204053.13501,127156.30963,0.8149542604865673,0.5541904384355103,0.5410675314625689,1,6.363636363636371,3.6231884057970953,중립,,0.0,,21.9,관찰,21.9
2026-09-28T03:20:23+09:00,AUCTION,KRW-AUCTION,AUCTIONUSDT,5200.0,-2.34741784,527630264.4967548,1790533082777,False,False,,512985859.35526645,626187696.5127835,5813449819.581058,779707443.8509535,803985070.5651492,0.8192205982520353,0.21317135925827368,0.2864439576209432,1,4.71976401179941,6.627953544253096,중립,327945.33968,-1.915,381556.56009,374011.50177,1235923.616,678146.61102,702998.48775,1.0201733323288007,0.5002748222963751,0.5526854012835202,2,5.558553696708035,5.729729729729716,중립,,0.0,,21.9,관찰,21.9
2026-09-28T03:20:23+09:00,NXPC,KRW-NXPC,NXPCUSDT,336.0,-2.04081633,442441050.585123,1790533210907,False,False,,621506456.0041522,686056408.8823014,840251522.1155685,1898021095.1757982,11161113796.0197,0.9059115955445824,0.5444918854938023,0.2018973184970031,1,4.255319148936176,7.8616352201257955,중립,266544.16894,-1.768,306837.95293,264367.4467,375679.60783,512491.95133,3178573.89759,1.1606495306443494,0.7986834754483059,0.3149703095279162,2,4.508196721311486,8.510638297872353,중립,,0.0,,21.8,관찰,21.8
2026-09-28T03:20:23+09:00,WAVES,KRW-WAVES,,406.0,-1.6949152499999998,1492063143.9552407,1790533104862,False,False,,2025617903.8091538,2362317773.48922,11326988386.6373,5880565288.264212,1133023063.365268,0.8574705429309158,0.3105208803978716,0.4576493857964605,1,5.35714285714286,6.994818652849744,중립,,,,,,,,,,,,,,NO_DATA,,0.0,,21.6,관찰,21.6
2026-09-28T03:20:23+09:00,ZKP,KRW-ZKP,ZKPUSDT,70.8,0.71123755,1257191853.203918,1790533194400,False,False,,554386175.5434818,562272310.009124,1482892648.0525103,1157961395.1327899,1442231102.5746515,0.9859745281329713,0.5192297596914357,0.4598970692570592,1,5.714285714285716,4.148148148148145,중립,398590.08418,-0.382,331786.96839,326629.25086,441485.97847,417582.73057,429868.44201,1.015790739856948,0.8394725628556765,0.8197398253940041,2,7.039337474120089,3.607214428857719,중립,,0.0,,21.5,관찰,21.5
2026-09-28T03:20:23+09:00,THETA,KRW-THETA,THETAUSDT,313.0,-0.9493670900000001,286270216.0917924,1790532698935,False,False,,311815069.75217295,344530206.5192967,324425685.50521815,767327915.9683614,423235969.0430854,0.9050442134010929,0.6512955197648225,0.6705492801398459,1,7.849829351535842,3.60655737704918,중립,725821.55528,-1.358,713257.57624,920902.18724,1113380.07981,1179074.65749,1475716.26513,0.7745204497533842,0.6658994873488303,0.6132106838022731,1,8.212785814279044,2.929427430093212,중립,,0.0,,21.5,관찰,21.5
2026-09-28T03:20:23+09:00,SONIC,KRW-SONIC,,37.7,1.6172506699999998,7997356278.819666,1790533201531,False,False,,781674966.1993244,817953896.4383346,1977507359.3659985,1212863885.2899134,5819485689.929285,0.9556467297277002,0.5850385924425774,0.3149525732360922,1,5.099150141643083,2.203856749311317,중립,,,,,,,,,,,,,,NO_DATA,,0.0,,21.4,관찰,21.4
2026-09-28T03:20:23+09:00,ZBT,KRW-ZBT,ZBTUSDT,123.0,-0.80645161,1707188153.1839974,1790531897971,False,False,,1524275724.480649,1607927902.5807061,1656790508.8743086,2931961391.667702,3073702431.618949,0.9479751685596125,0.7379479525693008,0.7100959371601645,1,5.084745762711873,8.771929824561408,중립,549548.11401,-0.44,499475.38229,673894.20054,666362.16756,1541447.88195,2216729.6727,0.7411777425740776,0.5199791570713758,0.4446966119337454,1,6.2937062937062915,8.700834326579265,감소형,,0.0,,21.3,관찰,21.3
2026-09-28T03:20:23+09:00,BERA,KRW-BERA,BERAUSDT,321.0,-0.9259259299999999,1260190999.2501957,1790532857099,False,False,,1679268793.045924,1778540360.0679815,1736413044.9187348,2968571353.1576314,2999838056.5819864,0.9441836860996153,0.7770166023981753,0.4550415936456724,1,8.000000000000007,4.180064308681675,중립,881433.4554745,-1.702,1076542.7388063,878642.6444354,835973.725652,1625723.7675311,1425841.7938964,1.2252338827670572,0.9668560934999477,0.6575850205387849,3,8.497030607583355,3.5761011774967155,중립,,0.0,,21.3,관찰,21.3
2026-09-28T03:20:23+09:00,OPG,KRW-OPG,OPGUSDT,179.0,-3.76344086,823569961.6364629,1790533019914,False,True,거래량급등,5097549420.003546,184430144.7257397,350458456.370961,1177705088.7889283,3036057761.1828437,27.639458980981402,8.929525053331194,1.0605169432229606,2,8.771929824561408,5.084745762711873,일회성 폭증형,778670.37698,-5.38,2055370.71337,539048.84836,654244.29941,2577499.13906,2761613.26933,3.812958175540587,1.635229859158771,0.7056051477644433,2,10.024057738572555,5.457340507302066,고수준 유지형,,0.0,,21.1,관찰,21.1
2026-09-28T03:20:23+09:00,ICP,KRW-ICP,ICPUSDT,4332.0,-0.27624309,698898427.7993442,1790532916249,False,False,,1044431910.9403377,1207825298.2587032,1556207005.9598398,2458192512.2722893,802934184.8936639,0.8647210092768164,0.5999925018407168,0.6879032444529058,1,8.005967180507213,6.10649731314119,중립,9187164.53971,-2.382,12833701.23801,11860567.83825,16246236.6791,16980964.87637,10252047.55139,1.082047791727279,0.8539145810879831,0.9512670782889325,2,9.33333333333335,5.509732761464847,중립,,0.0,,20.9,관찰,20.9
2026-09-28T03:20:23+09:00,STRAX,KRW-STRAX,STRAXUSDT,16.2,0.0,428903897.0371115,1790532215272,False,False,,776249906.7352434,807317559.5505037,653944520.1811264,951535617.9607787,1023281088.444296,0.9615174320839026,0.9651657585851223,0.8577230498399948,1,6.578947368421062,7.999999999999985,중립,156713.38431,-0.829,306685.61418,267258.44312,400394.33918,295922.34447,386446.59039,1.1475245107309744,0.9548366463382283,0.8848830894507482,2,8.983666061705975,8.003597122302164,중립,,0.0,,20.9,관찰,20.9
2026-09-28T03:20:23+09:00,ZRX,KRW-ZRX,ZRXUSDT,170.0,-2.29885057,208001816.17878237,1790532988759,False,False,,220507742.40611386,281156652.29055727,356970795.0249217,477787100.75450057,389216230.3164692,0.7842878360147543,0.5928081396218674,0.5821917381757564,1,7.407407407407418,7.407407407407418,중립,111041.7055,-2.932,147548.105,268044.7154,232768.9433,264175.5541,285828.5206,0.5504607870362812,0.5786281787946279,0.5580174178641982,1,9.129692832764524,7.298657718120816,감소형,,0.0,,20.8,관찰,20.8
2026-09-28T03:20:23+09:00,ALGO,KRW-ALGO,ALGOUSDT,162.0,0.62111801,2836944546.222618,1790533214179,False,False,,4804599451.429185,5397254106.955454,3808832316.582384,3629799137.10771,4539579616.088626,0.8901933013006533,1.1229297960149973,1.0974858663158973,1,11.805555555555557,5.228758169934644,중립,3293115.0793,-0.167,3382384.093,5331410.7496,4241551.6487,4416722.3891,4506080.3258,0.6344257180435348,0.7253310159024577,0.6485061769563895,1,13.32694151486098,5.066666666666664,감소형,,0.0,,20.7,관찰,20.7
2026-09-28T03:20:23+09:00,IOTA,KRW-IOTA,IOTAUSDT,68.2,-2.01149425,1206364589.604664,1790533217430,False,False,,1526513158.1693034,1559266960.454715,1194717089.766715,1725997795.4161372,1212267762.6566405,0.9789941022826136,1.0222227750693427,0.9119957721524448,1,9.262166405023532,5.454545454545445,중립,1020519.183,-2.144,1256384.4243,993385.2837,833936.3691,1143934.2513,737933.6601,1.2647503893156375,1.2685387575331333,1.3300670954265787,3,10.799136069114468,5.555555555555558,중립,,0.0,,20.7,관찰,20.7
2026-09-28T03:20:23+09:00,ETHFI,KRW-ETHFI,ETHFIUSDT,960.0,-3.32326284,1303135272.7247777,1790533175014,False,False,,1357545779.3831737,1397917986.9397137,961610344.5209469,1792246293.6845233,1591828665.8912306,0.9711197595755086,0.9809389251246037,0.8744092569628444,1,11.073825503355694,2.5826446280991844,중립,7022713.43971,-5.077,6232584.83986,5753531.01373,3994945.9606,7276437.77192,7144458.48291,1.0832625782301,1.098258334814773,1.0265029636236118,3,12.553979025293028,1.927374301675977,중립,,0.0,,20.6,관찰,20.6
2026-09-28T03:20:23+09:00,ME,KRW-ME,MEUSDT,109.0,0.0,1073989341.124211,1790533113972,False,False,,1000264784.6709626,1055329044.3443562,889174117.4091609,1506210799.7621992,1554505697.6257641,0.9478226625444547,0.8696155020321643,0.7037789346674475,1,7.920792079207928,7.920792079207928,중립,365128.6532301,-0.568,383397.3535293,841582.6503155,325404.7888718,633997.6836679,675264.2145812,0.4555670835010306,0.6386460643075373,0.6081584360111216,1,8.911704312114988,7.021791767554486,감소형,,0.0,,20.5,관찰,20.5
2026-09-28T03:20:23+09:00,PUNDIX,KRW-PUNDIX,PUNDIXUSDT,166.0,-2.92397661,689365399.382037,1790533166768,False,False,,562540462.0794573,588240691.707069,632654301.2978371,758526014.0917277,545512805.5836389,0.9563100105281226,0.8525833464371146,0.8057161649272906,1,9.615384615384626,6.211180124223592,중립,220258.36831,-2.941,256525.27618,219586.51083,307890.22815,396153.63803,360304.17693,1.1682196470556305,0.8332075770735157,0.7461657756614758,2,10.350877192982445,5.008347245409017,중립,,0.0,,20.3,관찰,20.3
2026-09-28T03:20:23+09:00,MOC,KRW-MOC,,31.2,1.9607843100000002,667818337.256122,1790531144842,False,False,,514560835.8465426,667347466.1016918,233955230.8774019,478193239.3238939,505952345.51210123,0.771053854227316,1.1190192496519098,0.9254868992358766,1,7.7464788732394485,7.7464788732394485,중립,,,,,,,,,,,,,,NO_DATA,,0.0,,20.0,관찰,20.0
2026-09-28T03:20:23+09:00,ASTR,KRW-ASTR,ASTRUSDT,10.3,0.0,229836823.48615447,1790533124889,False,False,,253700353.68204862,322340237.87975264,300161724.2520527,730088853.947684,687783652.5811684,0.787057661031727,0.5626986757548834,0.45573174225321655,1,8.53530031612224,9.341825902335454,중립,283162.5962053,0.996,421552.236138,381421.9157769,322074.4432977,562632.4182095,509118.6303007,1.1052124136059682,0.99883734664553,0.8336482046733867,3,8.964316797214966,7.83807062876829,중립,,0.0,,20.0,관찰,20.0
2026-09-28T03:20:23+09:00,CYBER,KRW-CYBER,CYBERUSDT,485.0,-2.21774194,167514250.7004301,1790531459918,False,False,,197573201.34109342,203995751.48431224,297731945.10968703,609465993.0511297,608204635.0261744,0.9685162553803837,0.5334080003753183,0.4086996377501812,1,7.826086956521738,10.46770601336302,중립,358096.10208,-1.099,505566.2667,736506.54664,918498.72857,1230898.98267,1576047.92066,0.6864382523229868,0.5255540948590494,0.4758064283728187,1,7.738095238095233,8.383233532934131,감소형,,0.0,,20.0,관찰,20.0
2026-09-28T03:20:23+09:00,MON,KRW-MON,,36.5,0.27472527,980349057.3225182,1790533221295,False,False,,1560777392.6524596,1586101106.285417,1487307911.1657581,2656321186.9634585,1583907792.1081078,0.9840339852657536,0.8171994161871257,0.8502835334680992,1,10.63829787234043,5.2023121387283044,중립,,,,,,,,,,,,,,NO_DATA,,0.0,,19.9,관찰,19.9
2026-09-28T03:20:23+09:00,KERNEL,KRW-KERNEL,KERNELUSDT,76.4,2.96495957,1223753912.7017894,1790533089728,False,False,,1270990714.9728947,1592835717.4658628,11526621996.95025,18185337659.53942,92273439355.03189,0.7979421236202497,0.12180153549545128,0.03925098949399067,1,-3.7613488975356546,15.396578538102656,중립,432342.96448,3.297,399044.15988,767642.33837,1742754.25646,2264628.29558,10199423.58718,0.5198308377926683,0.2507070658509615,0.1010476039194667,1,-3.2028469750889688,14.046121593291394,감소형,,0.0,,19.2,관찰,19.2
2026-09-28T03:20:23+09:00,BAT,KRW-BAT,BATUSDT,130.0,0.0,199237564.0141435,1790530739243,False,False,,247003997.79325888,290559670.5074061,294733966.6536725,890796621.5739106,817437359.8681678,0.8500973220471867,0.5020099475589146,0.46451454390284136,1,8.333333333333325,14.035087719298245,중립,613793.8211,1.371,392407.3565,319895.5469,561810.1474,1437734.119,764855.0318,1.2266733948086728,0.5075458577323887,0.548676189026988,2,8.924485125858128,12.796208530805696,중립,,0.0,,19.0,관찰,19.0
2026-09-28T03:20:23+09:00,APT,KRW-APT,APTUSDT,1159.0,-0.25817556,5764896724.609305,1790533224494,False,False,,6027131145.979233,7135695478.891968,6664399163.751749,8721493581.50685,6525581022.114303,0.8446452295796578,0.802847173031451,0.7907778906951757,1,12.0540019286403,8.496732026143782,중립,9773532.070114,-0.583,9326794.654447,13222754.047003,11241370.277064,18747176.794094,17916258.46249,0.7053594600105992,0.6475246807965545,0.5519370553196907,1,12.909211398277009,7.157232704402516,감소형,,0.0,,18.9,관찰,18.9
2026-09-28T03:20:23+09:00,RENDER,KRW-RENDER,RENDERUSDT,2742.0,1.29294422,2365382296.1878815,1790533227040,False,False,,1927558030.264963,2111280360.4229527,2203188623.2684107,1977255095.0815663,1468587109.2706764,0.9129806094908283,0.919092130931889,0.92006624226822,1,13.787305590584275,6.869324911172514,중립,8431337.59272,0.0,8232516.04732,10297191.31111,7348053.68967,7979838.94389,8488804.81319,0.7994914145605561,0.9638035994452644,0.8475700113771761,1,14.763552479815445,6.246663107314476,중립,,0.0,,17.6,관찰,17.6
2026-09-28T03:20:23+09:00,CVC,KRW-CVC,CVCUSDT,41.7,-2.34192037,1652924164.1890254,1790533157629,False,False,,5467877829.353356,6612005577.792231,31106248063.232674,2120017815.5451925,2311886520.6408625,0.8269620714958771,0.4117556532527416,0.625221249499974,1,12.368421052631584,14.784946236559149,중립,412719.6952,-2.198,1048380.37939,1366992.46151,5646621.99966,755812.10383,2157609.57779,0.7669247701863283,0.40480994470535936,0.48931654470126673,1,13.4900542495479,14.233709501274095,중립,,0.0,,17.4,관찰,17.4
2026-09-28T03:20:23+09:00,VIRTUAL,KRW-VIRTUAL,VIRTUALUSDT,1097.0,1.8570102099999999,8421808808.402439,1790533112337,False,False,,8324627812.860142,10386867643.913097,8054190802.801289,9972809115.196741,8833453929.78185,0.8014570030396538,0.8789329148580248,0.888317075912244,1,12.187499999999996,8.897876643073822,중립,7438807.72574,1.237,7069531.24163,10257922.45009,6870656.4331,9525582.8067,6986531.61242,0.6891776844704041,0.7956953953999042,0.8693318326888717,1,13.183509876896649,8.092959671907018,감소형,,0.0,,17.3,관찰,17.3
2026-09-28T03:20:23+09:00,ARKM,KRW-ARKM,ARKMUSDT,192.0,2.12765957,373253917.88749075,1790531050567,False,False,,452927091.0845152,475561840.4064704,250199123.4451362,651016781.0671427,695163288.5306311,0.9524041935269472,0.9869285571098001,0.5159072402853152,1,11.904761904761907,9.302325581395344,중립,1000980.75218,0.496,1637970.36515,1580898.00127,1056159.66352,1659459.9336,2084688.38766,1.0361012309675586,1.1436962570085483,0.8262565505218928,3,13.13628899835797,7.909162098668743,중립,,0.0,,17.1,관찰,17.1
2026-09-28T03:20:23+09:00,RAY,KRW-RAY,RAYUSDT,2953.0,5.12637949,5290510575.994634,1790533162679,False,False,,1455817016.1238296,1707500215.5006154,8675593003.523516,10542000417.475857,1412862241.163368,0.8526013659664483,0.2087183514798362,0.28867217181866406,1,3.386087596613918,15.264669675830934,중립,10699798.13569,7.472,6064212.77023,8179939.04153,17220642.34483,19261376.73571,7477110.99125,0.7413518290835247,0.40734081253145926,0.4908454974162354,1,4.262958280657392,14.474487813003156,감소형,,0.0,,16.4,관찰,16.4
2026-09-28T03:20:23+09:00,ZK,KRW-ZK,ZKUSDT,17.9,2.28571429,466224832.3048864,1790532714417,False,False,,442941868.8835585,570491533.0336736,769030034.2945448,1286521602.2910051,692882973.4425244,0.7764214598035297,0.5060181881333486,0.4486184925746604,1,13.636363636363624,9.375,중립,1624336.697162,0.991,2158381.224657,3089775.049175,1930251.303285,2813717.888538,2564185.833385,0.6985561053168932,0.8265707271987837,0.8143469030752719,1,14.821428571428562,8.523206751054847,감소형,,0.0,,16.3,관찰,16.3
2026-09-28T03:20:23+09:00,TAIKO,KRW-TAIKO,,138.0,10.4,16418037694.598022,1790533221284,False,False,,329731957.3937258,362138934.0388908,578621501.5962641,715931618.0725278,808403218.9420803,0.910512310058093,0.5970909741296541,0.5503180198546159,1,3.305785123966931,0.8064516129032251,중립,,,,,,,,,,,,,,NO_DATA,,0.0,,15.3,관찰,15.3
2026-09-28T03:20:23+09:00,KAVA,KRW-KAVA,KAVAUSDT,92.6,-0.96256684,552910226.8752074,1790533080567,False,False,,550013606.4540145,779215901.1626651,361282503.93662614,361954391.82756424,255150405.54327995,0.7058552137261846,1.0982313871937057,1.194013128336748,1,-1.8887722980062915,-2.298850574712652,감소형,314097.949451,-0.161,512856.563704,920190.918395,679596.629644,552807.01349,847788.327032,0.5573371280370013,0.7147512674282448,0.6501321180531046,1,-1.1088709677419484,-3.1042754338930556,감소형,,0.0,,14.8,관찰,14.8
2026-09-28T03:20:23+09:00,META2,KRW-META2,,8770.0,1.74013921,36932404564.31316,1790533205347,False,False,,23733103758.412453,3502073588.454111,47771446057.41733,1312374597.4304364,1226593040.516359,6.776871804366836,1.3539621660861338,2.118976586413758,2,14.021164021164022,16.172506738544467,일회성 폭증형,,,,,,,,,,,,,,NO_DATA,,0.0,,13.6,관찰,13.6
2026-09-28T03:20:23+09:00,AXS,KRW-AXS,AXSUSDT,1593.0,0.06281407,3338991406.977982,1790533125533,False,False,,15160232801.627638,28879221532.56968,1975789494.4618082,3769543785.5264745,3043974442.6814833,0.524952959155429,1.3135388642856296,1.850308613105197,1,12.270803949224263,8.594815825375179,감소형,1970879.21891,-0.927,5486527.02845,9670079.85353,1443065.25115,3361026.9165,2665687.28674,0.5673714293524865,1.1371690941122408,1.4110574839094083,1,13.26234269119071,7.93357933579335,감소형,,0.0,,13.5,관찰,13.5
2026-09-28T03:20:23+09:00,QTUM,KRW-QTUM,QTUMUSDT,1377.0,-1.7831669,807129381.4257325,1790532668116,False,False,,1804277968.0302393,2498255308.2854114,900537802.3521221,1354635756.187242,711386724.0861069,0.7222152043653782,1.1387219743347954,1.472369961883654,1,6.615969581749059,3.9288361749443945,감소형,323924.6587,-2.77,703306.8482,978108.6181,238104.7797,447011.585,365174.8643,0.7190477981537376,1.268571940909641,1.5555590232999776,1,7.949790794979084,3.5105315947843607,감소형,,0.0,,13.3,관찰,13.3
2026-09-28T03:20:23+09:00,BTC,KRW-BTC,BTCUSDT,114892000.0,0.032214530000000005,71233629490.5178,1790533223221,False,False,,62950265085.00601,128171834220.45271,103868241728.45888,157018825615.72302,153194249446.10184,0.49113961322214483,0.48540412388853704,0.37022281981348354,1,-0.9084791386271829,-1.936425808765141,감소형,868597403.6508322,0.665,677578219.0470139,1520256978.6934962,1572042147.6733966,1887736866.156798,1834036114.8607607,0.4456997919057884,0.40817669996616424,0.35599685880102294,1,0.042062807473208785,-2.5247056107134513,감소형,,0.0,,13.0,관찰,13.0
2026-09-28T03:20:23+09:00,ETH,KRW-ETH,ETHUSDT,3657000.0,-0.35422343,46300553806.47819,1790533225897,False,False,,33503538009.07183,83710519127.93227,73617700334.64021,123274417001.84668,121569284329.97495,0.4002309191019277,0.3581955440392321,0.2686188595043241,1,-0.43407487791644606,-2.289669861554844,감소형,383811746.038619,0.252,232408625.067851,632500185.266342,713406122.987247,898195135.1752,831787685.162451,0.3674443588818636,0.31069267267091694,0.2506455029779611,1,0.4328214220530313,-2.8766042669990166,감소형,,0.0,,13.0,관찰,13.0
2026-09-28T03:20:23+09:00,G,KRW-G,GUSDT,7.46,-3.61757106,4666416588.310172,1790533119718,False,False,,3901990047.0562687,11576162194.883804,7022479748.427598,11382234353.84004,19505719492.900383,0.337071127837237,0.39044789835849525,0.14267374896120258,1,-1.526717557251911,-12.244897959183676,감소형,1563149.24071,-3.86,1610028.53919,2535529.78983,3059278.32221,3823180.29423,4091238.70329,0.6349870333402581,0.5128574605543561,0.2813378243010845,1,-0.7005253940455369,-12.36476043276662,감소형,,0.0,,13.0,관찰,13.0
2026-09-28T03:20:23+09:00,TRX,KRW-TRX,TRXUSDT,453.0,-0.22026431999999999,2523117038.878424,1790533167083,False,False,,2250078551.362814,4598805638.133217,3754011560.0374436,4032496318.0960135,4762966591.877639,0.4892745483099354,0.5450193606502403,0.5270541077102096,1,-3.404255319148941,-2.5751072961373356,감소형,20270769.36958,-0.654,13548453.23128,26937054.14437,35810580.52973,39796512.82649,57269061.78293,0.5029671455039825,0.3963693753815267,0.3514409267077961,1,-2.3085914669783825,-3.017116333043235,감소형,,0.0,,13.0,관찰,13.0
2026-09-28T03:20:23+09:00,BIRB,KRW-BIRB,,94.0,-0.10626993,863364917.4639853,1790533029914,False,False,,688635563.5130193,1149334179.1552646,3021273209.924191,3137085347.9467816,875986155.1660306,0.5991604321896625,0.2827030042015354,0.3680675564326091,1,-2.1829521829521914,0.21299254526090383,감소형,,,,,,,,,,,,,,NO_DATA,,0.0,,13.0,관찰,13.0
2026-09-28T03:20:23+09:00,XAUT,KRW-XAUT,XAUTUSDT,5813000.0,-0.03439381,338012858.60199,1790533160158,False,False,,334279266.59118,1166787719.07099,682561611.69144,879604994.20958,1123424778.74585,0.2864953591192553,0.3674806099159706,0.29896092417370884,1,-1.2565800645270797,-1.6573651276847623,감소형,6082293.431783,0.018,4543273.962046,29956065.870609,28922590.27496,25183829.199899,27666046.602608,0.15166457376846582,0.1621391733794701,0.1658909779460763,1,-0.19839188341738145,-2.0081442805771177,감소형,,0.0,,13.0,관찰,13.0
2026-09-28T03:20:23+09:00,USDT,KRW-USDT,,1357.0,-0.22058824,41761873562.23414,1790533221603,False,False,,43538457052.93687,75080233054.15648,92011396310.42532,168976915408.14075,108971107454.0189,0.5798924068540375,0.3886569367780123,0.3709960411402106,1,-0.9468317552804084,0.591715976331364,감소형,,,,,,,,,,,,,,NO_DATA,,0.0,,12.9,관찰,12.9
2026-09-28T03:20:23+09:00,O,KRW-O,,721.0,-2.83018868,430754326.1224079,1790533209931,False,False,,313539216.55735785,561088405.3306783,672369495.7150644,677265532.4885241,920973857.6317621,0.558805374658514,0.49228351584729985,0.4571824785461398,1,-1.3297872340425565,0.4059539918809252,감소형,,,,,,,,,,,,,,NO_DATA,,0.0,,12.9,관찰,12.9
2026-09-28T03:20:23+09:00,XTZ,KRW-XTZ,XTZUSDT,443.0,-1.55555556,455872683.4245404,1790533211902,False,False,,437934536.6863368,620324737.3013345,255899620.7051851,640220524.2867305,552687721.9646053,0.7059762578412245,0.8663708291673651,0.759441130099681,1,0.6711409395973256,-2.1739130434782594,감소형,484440.45877,-1.657,905842.30577,1765922.49347,869689.13619,1353309.95319,1309299.53639,0.5129570007288593,0.6812685736901312,0.6379057103564143,1,1.2623152709359653,-3.2647058823529362,감소형,,0.0,,12.8,관찰,12.8
2026-09-28T03:20:23+09:00,RLUSD,KRW-RLUSD,RLUSDUSDT,1362.0,0.14705882,116122397.89062835,1790532570982,False,False,,96392639.07835563,144155148.05026597,35507652.58288748,145268687.1338327,89311436.38431917,0.668672887386194,0.8899658177863059,0.7795322482780584,1,-1.0909090909090868,0.4431314623338345,감소형,17594780.0395,0.01,24591846.6888,91449891.5517,83672532.6146,89383767.4527,89365705.4058,0.26891061620228734,0.2789180079862469,0.2687289416751593,1,0.0,0.019998000199983323,감소형,,0.0,,12.8,관찰,12.8
2026-09-28T03:20:23+09:00,XRP,KRW-XRP,XRPUSDT,2077.0,-0.14423076999999998,166874429938.11676,1790533227674,False,False,,161531810895.23608,393270807788.19995,277058018201.3417,534622788019.7696,437399315440.244,0.41073938796451603,0.4021700349222185,0.38030209571451007,1,0.9218825812712383,0.09624639076035724,감소형,181917970.84892,-0.358,181135648.39195,538764479.31241,296261421.47513,499673407.45481,477823347.13132,0.3362056248086764,0.4071381035564155,0.392208256649379,1,1.7588274483677724,-0.5793139360801836,감소형,,0.0,,12.7,관찰,12.7
2026-09-28T03:20:23+09:00,MVL,KRW-MVL,,1.57,0.0,187149809.86913773,1790532041923,False,False,,103655202.53699721,177544188.166818,64364446.52457794,203273432.17325035,115253018.87509552,0.5838276296580559,0.6985133291668238,0.7889127347025736,1,0.6410256410256387,1.2903225806451646,감소형,,,,,,,,,,,,,,NO_DATA,,0.0,,12.5,관찰,12.5
2026-09-28T03:20:23+09:00,LIT,KRW-LIT,,6440.0,-2.3502653500000004,2090972899.4381423,1790533198913,False,False,,2210687164.039057,4115182468.93631,4212133790.0804925,4763621412.950914,1300346390.1253138,0.5372027074683943,0.506614702346245,0.6731749107772095,1,-9.595613433858807,2.8059236165237644,감소형,,,,,,,,,,,,,,NO_DATA,,0.0,,12.4,관찰,12.4
2026-09-28T03:20:23+09:00,FF,KRW-FF,FFUSDT,179.0,0.0,868253999.7742207,1790532862117,False,False,,889832595.3579551,1198618355.500902,2408375112.317738,2702913518.870683,1451625347.1749961,0.7423819193775775,0.4230645224573263,0.29157181144390865,1,0.0,3.4682080924855585,감소형,727340.082492,-1.24,578409.318016,1538592.615785,2515856.141719,4115501.310267,1312611.59399,0.3759340270334599,0.21239150051763053,0.17749349383229773,1,0.5658790242410339,3.137008862050017,감소형,,0.0,,12.2,관찰,12.2
2026-09-28T03:20:23+09:00,KNC,KRW-KNC,KNCUSDT,197.0,-1.00502513,232501999.67392898,1790531066658,False,False,,146886638.6811493,228116197.21627834,114895018.94992566,327602306.9582442,188937038.7368544,0.6439114822779778,0.6570996570280512,0.6407155349088063,1,3.1088082901554515,-1.4851485148514865,감소형,173994.62278,-0.815,112069.98673,385954.07387,225229.87089,312880.22219,147189.42321,0.29037130145113654,0.36383832661719473,0.4270307265694362,1,3.766879886282881,-2.2103148024112507,감소형,,0.0,,11.9,관찰,11.9
2026-09-28T03:20:23+09:00,VVV,KRW-VVV,,40920.0,1.61410479,3167135454.3325057,1790533140244,False,False,,885237193.7668076,1912443219.3261023,2301540555.914533,3257964036.982668,3490875260.8062415,0.46288286356482955,0.35542426794737036,0.17228289207697722,1,-3.173839865352246,-6.69601482854495,감소형,,,,,,,,,,,,,,NO_DATA,,0.0,,11.7,관찰,11.7
2026-09-28T03:20:23+09:00,DOOD,KRW-DOOD,,2.5,-3.1007751900000002,539354573.388607,1790533073328,False,False,,394752858.1263822,609833974.1386179,507619830.13701385,1307836654.2663972,1260745100.8728518,0.6473120141985614,0.488295564850021,0.39120438186678164,1,3.6144578313253017,0.0,감소형,,,,,,,,,,,,,,NO_DATA,,0.0,,11.7,관찰,11.7
2026-09-28T03:20:23+09:00,DOGE,KRW-DOGE,DOGEUSDT,132.0,0.76335878,21695884206.22964,1790533218066,False,False,,19016903217.669945,29534661002.031883,32631455221.62486,65440324309.2849,70169349734.34349,0.6438842557346992,0.4470833087635744,0.33728779659212466,1,2.34375,-2.238805970149249,감소형,65254434.79652,-0.154,50746561.78344,104142521.4922,98207104.29953,192205481.17435,225481255.8087,0.48727994152936643,0.3858515139265656,0.2879501412853385,1,4.324849007765308,-3.134388143400768,감소형,,0.0,,11.6,관찰,11.6
2026-09-28T03:20:23+09:00,SHIB,KRW-SHIB,SHIBUSDT,0.00806,-0.12391574,6048860594.570707,1790533197280,False,False,,7257317016.724076,10127354094.763533,10556722104.474813,14052369404.44906,19713467015.58345,0.716605437986666,0.6267754420982282,0.49101364504731976,1,4.1290322580645356,-1.465201465201449,감소형,4581120.90308556,-0.503,4734969.35211526,6370535.16849092,5294558.73740545,11794271.88294115,15471210.75281483,0.7432608449498443,0.6055111712825924,0.44399823824609325,1,5.141843971631199,-1.983471074380161,감소형,,0.0,,11.6,관찰,11.6
2026-09-28T03:20:23+09:00,AKT,KRW-AKT,,951.0,-0.20986359000000002,1253570127.4099052,1790533221278,False,False,,1255817342.83686,2063637006.7302861,1652359300.9812148,3581302871.8221903,2330021457.7207212,0.6085456593098367,0.5162803299989306,0.3129719055307097,1,1.5991471215351716,4.725274725274731,감소형,,,,,,,,,,,,,,NO_DATA,,0.0,,11.4,관찰,11.4
2026-09-28T03:20:23+09:00,WIF,KRW-WIF,WIFUSDT,333.0,-0.2994012,132883693.6522514,1790531413984,False,False,,228640162.0043103,460423420.99201286,1066283524.2519665,550184537.2006671,5058460945.265097,0.4965867320817214,0.3302630357969183,0.10569976505417902,1,4.374999999999996,1.21212121212122,감소형,2419704.928648,-0.121,2552676.392501,4011763.215181,4963595.593394,7257684.60687,15616977.866023,0.6362978709315051,0.4717556025394926,0.29570917221592447,1,4.922945205479445,-0.04078303425774088,감소형,,0.0,,11.2,관찰,11.2
2026-09-28T03:20:23+09:00,XLM,KRW-XLM,XLMUSDT,294.0,0.0,18413098267.251396,1790533205685,False,False,,21617357056.9015,60852984549.24012,34825542466.10956,44818941564.48005,40816393341.98725,0.3552390604508393,0.4615888942785898,0.48360249780125136,1,5.755395683453246,0.6849315068493178,감소형,14121916.1875,-0.778,14789143.2055,46785564.5863,28982143.9193,37720881.8659,35895079.4881,0.3161048356746909,0.390941763143459,0.37814461760722845,1,7.1251855517070695,0.46403712296982924,감소형,,0.0,,10.8,관찰,10.8
2026-09-28T03:20:23+09:00,ANKR,KRW-ANKR,ANKRUSDT,6.96,-0.57142857,3140049369.234991,1790532874733,False,False,,1174035776.8162823,3396157630.458345,218008019.4884472,522172817.4039794,624202678.4417462,0.3456953135175397,0.8515036567364552,1.1125989444194415,1,5.263157894736836,4.166666666666674,감소형,962147.010345,-1.154,384982.544994,1037782.350401,280593.996057,394541.460236,464602.832134,0.37096655656674293,0.6742574748587004,0.7409876959557948,1,6.198347107438007,3.2128514056224855,감소형,,0.0,,10.8,관찰,10.8
2026-09-28T03:20:23+09:00,SNT,KRW-SNT,,11.9,-2.45901639,364331249.94618046,1790532796706,False,False,,381811145.2782115,523397839.59426653,395290027.1079964,1773502668.758186,664953354.6816213,0.7294855201813369,0.42546521902794276,0.46334707045671497,1,2.5210084033613356,6.0869565217391175,감소형,,,,,,,,,,,,,,NO_DATA,,0.0,,10.8,관찰,10.8
2026-09-28T03:20:23+09:00,HP,KRW-HP,,12.8,-0.7751938,152792805.4162238,1790533084041,False,False,,156035331.02008945,210304575.67215872,107713490.87238023,250708412.23709673,169792188.3701684,0.7419492919798905,0.8230775434670752,0.8085258891250138,1,4.0322580645161255,4.0322580645161255,감소형,,,,,,,,,,,,,,NO_DATA,,0.0,,10.7,관찰,10.7
2026-09-28T03:20:23+09:00,ENS,KRW-ENS,ENSUSDT,9550.0,-0.62434964,3500175421.374879,1790533207004,False,False,,2963833783.013102,5395225413.297055,9044053917.629648,22570380049.842197,7233284941.907596,0.5493438282872198,0.24024812705138116,0.28377526095419575,1,3.6677454153182243,4.912663755458513,감소형,1192134.5787,-0.985,952863.6632,1868628.2179,2609304.2228,4358131.4592,2581278.574,0.5099268297847104,0.3235140693847122,0.33303920447670005,1,4.592592592592593,4.129793510324475,감소형,,0.0,,10.6,관찰,10.6
2026-09-28T03:20:23+09:00,MIRA,KRW-MIRA,MIRAUSDT,74.4,-1.45695364,1295540154.4528244,1790533143421,False,False,,1415426338.547616,2323943089.0602827,2474564894.384905,3027705072.0470366,4145855952.375667,0.6090623927972189,0.5425713541829691,0.18731978816889117,1,5.006954102920713,3.0013642564802323,감소형,400320.841384,-2.496,542084.995988,788155.845972,1427686.406082,892418.103759,1124509.611278,0.6877890949593465,0.5232042370333018,0.3327037033445057,1,6.012597824012222,2.548005908419504,감소형,,0.0,,10.6,관찰,10.6
2026-09-28T03:20:23+09:00,TFUEL,KRW-TFUEL,TFUELUSDT,15.1,0.66666667,1358777643.681335,1790533148482,False,False,,310399583.1067175,425114840.38362044,308316172.419269,493995973.9409945,328288447.0818187,0.7301546632119812,0.7586591784090024,0.8019471586819497,1,4.166666666666674,2.7397260273972712,감소형,813539.02324,0.544,144985.08439,346250.56559,224736.05933,193784.61394,261533.92799,0.41872880162072806,0.5687390307961404,0.5777303393148758,1,4.957102001906599,1.6620498614958512,감소형,,0.0,,10.4,관찰,10.4
2026-09-28T03:20:23+09:00,NEWT,KRW-NEWT,NEWTUSDT,69.2,-0.43165468,508358685.3772045,1790532512816,False,False,,298333441.3888942,486064066.39847547,586878954.509249,3489891895.963446,4645223991.742351,0.6137739076237747,0.19615005593505072,0.13468889304263923,1,3.268945022288272,6.431852986217468,감소형,297819.086109,-0.815,316093.962223,436145.910972,483939.563382,905040.782759,1604833.487933,0.7247436105007823,0.5195705683227637,0.37632973399510333,1,3.827361563517906,5.677579776212194,감소형,,0.0,,10.4,관찰,10.4
2026-09-28T03:20:23+09:00,ENSO,KRW-ENSO,ENSOUSDT,1385.0,-3.01120448,1572748255.3825173,1790533085309,False,False,,989498714.8799146,1338022387.9962344,1617665543.691993,2437033625.405841,2490263279.8926144,0.739523287320884,0.5504634558286656,0.19635109459140665,1,5.387453874538739,3.4782608695652195,감소형,591080.6921,-1.633,531882.46992,573191.98687,1118675.56938,1606226.12139,937263.48879,0.9279307493889145,0.48380900172059066,0.36037407954944334,1,6.490872210953347,2.941176470588247,중립,,0.0,,10.3,관찰,10.3
2026-09-28T03:20:23+09:00,MED,KRW-MED,,2.5,-0.79365079,296250993.2919369,1790532768034,False,False,,407686992.90178764,866593766.7482828,183815613.4134162,265705512.35250437,335476378.40449965,0.47044764057275684,0.929296511772557,1.0157091188575198,1,5.882352941176472,3.2786885245901676,감소형,,,,,,,,,,,,,,NO_DATA,,0.0,,10.3,관찰,10.3
2026-09-28T03:20:23+09:00,MORPHO,KRW-MORPHO,MORPHOUSDT,3681.0,-0.9685229999999999,1423129141.4685152,1790533190213,False,False,,1728046598.0643027,3531586622.0659103,8231004960.029654,2037787911.1594174,1093118203.3933327,0.4893116842348408,0.37565197368135333,0.5150086877584665,1,5.716723549488045,3.624198494563702,감소형,4342698.82255,-0.695,4444928.23317,7448499.70856,11006076.30725,7351263.86064,5711971.82903,0.5967548374959025,0.5167351562031163,0.576145461806841,1,6.230529595015577,2.594960511470501,감소형,,0.0,,10.2,관찰,10.2
2026-09-28T03:20:23+09:00,WET,KRW-WET,,95.1,0.74152542,463434550.20023084,1790532781537,False,False,,332892155.23609227,446971916.58665293,381692459.15717155,1385467872.7863944,12964196024.655256,0.7447719708617434,0.4510464387893796,0.10644579669765725,1,1.6146393972013007,7.394766780432316,감소형,,,,,,,,,,,,,,NO_DATA,,0.0,,10.2,관찰,10.2
2026-09-28T03:20:23+09:00,SOL,KRW-SOL,SOLUSDT,166600.0,0.78644888,32850068503.168808,1790533226082,False,False,,24603800499.52651,58077017703.67109,37671346854.87487,51894789216.68141,52156395694.8951,0.42364090775224644,0.49993108119967655,0.4614223940763277,1,4.752851711026618,2.7346177750155354,감소형,301874044.36361,1.146,221338928.92664,481769969.76669,299095253.78508,420981927.35118,359248594.69513,0.45942865437177266,0.5524968680759803,0.5279027931840201,1,5.583094182102788,2.111017661900738,감소형,,0.0,,10.1,관찰,10.1
2026-09-28T03:20:23+09:00,TRAC,KRW-TRAC,,504.0,1.20481928,1459607321.2127025,1790532958619,False,False,,1057475282.7733263,3786212820.2565055,7731615583.871035,720401523.8286253,882134348.4465986,0.2792963134865951,0.25922260547443293,0.34556760875598347,1,5.285412262156441,0.60606060606061,감소형,,,,,,,,,,,,,,NO_DATA,,0.0,,10.1,관찰,10.1
2026-09-28T03:20:23+09:00,GRVT,KRW-GRVT,,272.0,-2.15827338,749220440.0694867,1790533179852,False,False,,836577317.3919842,1268353984.1080494,4105181033.295554,1862802934.9533849,1252494842.3829708,0.6595771589587386,0.3468234856773782,0.4247604204263689,1,4.511278195488733,6.513409961685834,감소형,,,,,,,,,,,,,,NO_DATA,,0.0,,10.0,관찰,10.0
2026-09-28T03:20:23+09:00,QKC,KRW-QKC,QKCUSDT,4.05,0.24752475000000002,1076084748.1623538,1790532627466,False,False,,796124737.5694954,2624484363.3786063,900630463.9158627,959008773.4429519,537671240.3657248,0.30334520131970283,0.5326289873712925,0.6957432460647246,1,3.0612244897959107,8.89487870619947,감소형,214280.382137,0.508,144058.958426,678699.223329,252677.580753,204767.657433,126414.046864,0.21225743816148043,0.38038901734530367,0.4985691623924065,1,5.069124423963123,6.427289048473961,감소형,,0.0,,9.8,관찰,9.8
2026-09-28T03:20:23+09:00,ADA,KRW-ADA,ADAUSDT,347.0,0.28901734,13603725752.239176,1790533136383,False,False,,16961662977.053387,24403876608.524612,15449326377.489492,25099966365.799915,26057610631.502766,0.6950396959116095,0.78341040843666,0.7266632339407486,1,5.810397553516822,4.53172205438066,감소형,30012294.52901,0.0,42377244.74393,57092332.74667,41843522.36475,60468039.9036,75672412.58103,0.7422580704832334,0.7975447163308705,0.6995561891000575,1,6.5436241610738355,3.6311709506323897,감소형,,0.0,,9.7,관찰,9.7
2026-09-28T03:20:23+09:00,UNI,KRW-UNI,UNIUSDT,13210.0,0.15163002,9551078611.898216,1790533196952,False,False,,9067287006.681377,13183105191.479092,14485210789.19492,27594345496.28572,26337056933.78433,0.6877959991203001,0.4922285733810561,0.48707953619207406,1,4.104183109707971,8.470394736842103,감소형,67238275.02401,1.396,52524369.55824,98946730.09729,93147164.54675,195413330.16936,206895117.87045,0.5308348189636493,0.4066326989144464,0.36991073721409823,1,4.96645747673663,7.8488048916064646,감소형,,0.0,,9.6,관찰,9.6
2026-09-28T03:20:23+09:00,MOODENG,KRW-MOODENG,,66.6,0.30120482,558629226.7697086,1790532910565,False,False,,752950731.6651403,3895280204.393586,1130209833.6030025,2270673600.1712136,1909225879.0063498,0.1932982204504487,0.3095945084316474,0.33525363861350466,1,8.143322475570036,1.8404907975460238,감소형,,,,,,,,,,,,,,NO_DATA,,0.0,,9.5,관찰,9.5
2026-09-28T03:20:23+09:00,DATA,KRW-DATA,,314.0,0.0,8644727141.145678,1790533224174,False,False,,9075113051.978819,16345239650.771955,23844881873.41723,25536375552.554024,29071967110.75162,0.5552144383242626,0.41422166655478015,0.461231160621688,1,1.2903225806451646,14.598540145985407,감소형,,,,,,,,,,,,,,NO_DATA,,0.0,,9.3,관찰,9.3
2026-09-28T03:20:23+09:00,LSK,KRW-LSK,LSKUSDT,408.0,-1.9230769200000002,3504243646.7788773,1790533217428,False,False,,4661539319.073166,9249159864.055618,36347301996.22043,11009233576.320787,28988238641.431293,0.5039959723465252,0.24705319578457355,0.25200460153733406,1,4.0000000000000036,11.229946524064172,감소형,5712928.6921,-9.402,8177758.14141,12332084.70361,40430871.73278,9784704.51593,8573360.98224,0.6631286062295781,0.392233283398586,0.499246973302988,1,-4.45752733389404,-6.476399560922063,감소형,,0.0,,9.1,관찰,9.1
2026-09-28T03:20:23+09:00,MEW,KRW-MEW,,0.692,0.28985507,338687882.31036586,1790533116845,False,False,,302168948.6895216,718124770.5072286,696537551.3472297,3640111950.5194273,1353837140.9011655,0.42077499774320903,0.17933676109395086,0.18208638473851008,1,5.343511450381677,8.150470219435736,감소형,,,,,,,,,,,,,,NO_DATA,,0.0,,9.1,관찰,9.1
2026-09-28T03:20:23+09:00,GMT,KRW-GMT,GMTUSDT,12.1,0.0,834856750.8515116,1790532633622,False,False,,554838614.0873101,791769948.2832922,561574738.2633239,1230701995.8781662,2706307916.4884,0.7007573541914615,0.6441508404561812,0.4181756515353423,1,7.079646017699104,7.079646017699104,감소형,523061.203715,-0.112,327583.309601,525726.124439,477933.709214,691769.889362,1352821.763584,0.6231063939433534,0.5796465140739455,0.42296994477555727,1,8.935128518971847,6.205250596658707,감소형,,0.0,,9.0,관찰,9.0
2026-09-28T03:20:23+09:00,IRYS,KRW-IRYS,,22.6,-1.31004367,268500936.29889256,1790533221294,False,False,,392244077.4361227,664229774.6971644,358642660.6908418,563392125.7704713,547249363.9077971,0.5905246834424949,0.7418259608907731,0.7637696439187642,1,7.511737089201875,6.018518518518512,감소형,,,,,,,,,,,,,,NO_DATA,,0.0,,9.0,관찰,9.0
2026-09-28T03:20:23+09:00,CRO,KRW-CRO,,91.5,-0.97402597,2063155583.7573905,1790533213212,False,False,,1553539679.0051122,3860025378.5829763,1525639968.9601104,2638770402.68334,2828815233.173442,0.4024687732948067,0.5808033339769499,0.49819105100157524,1,9.608540925266906,3.4714445688689866,감소형,,,,,,,,,,,,,,NO_DATA,,0.0,,8.9,관찰,8.9
2026-09-28T03:20:23+09:00,YGG,KRW-YGG,YGGUSDT,37.4,-1.57894737,240377424.33464125,1790532766102,False,False,,177976937.57138267,250310838.7989945,196446736.3572445,505362448.49426496,627497717.3662634,0.7110236952795413,0.5607809934161606,0.4770458982635304,1,6.741573033707859,7.954545454545436,감소형,305166.406613,-2.506,385825.765874,406438.397931,451176.125515,756261.827465,890993.670417,0.9492847325402081,0.7172032088881083,0.6496952016042075,1,8.037094281298284,6.962509563886754,중립,,0.0,,8.9,관찰,8.9
2026-09-28T03:20:23+09:00,ETC,KRW-ETC,ETCUSDT,12910.0,0.31080030999999997,3967777846.5027695,1790533222873,False,False,,5783833070.050384,9029163429.900164,32540528088.281086,13125259571.38225,12739870658.671398,0.6405724201311014,0.3172413333314424,0.3868372833531782,1,6.893687707641205,6.804979253112031,감소형,3055873.0806,0.421,5422341.8775,7748461.4414,23310380.4808,10340449.6871,9508612.6677,0.6997959425245958,0.3929300478379623,0.47795319930738867,1,8.00915331807779,6.186726659167596,감소형,,0.0,,8.8,관찰,8.8
2026-09-28T03:20:23+09:00,ID,KRW-ID,IDUSDT,53.8,-0.73800738,880542801.1751988,1790533207653,False,False,,834450945.4440094,1189977621.8235424,985741626.155564,1802659484.8418655,1621283019.2545738,0.701232468695741,0.6292394476372443,0.5793788077020048,1,8.617234468937895,6.06653620352251,감소형,312361.3097,-0.25,333821.0311,312879.7005,337655.8608,657724.8574,578432.229,1.0669309340508015,0.7654921596536107,0.671922001867034,2,9.615384615384603,5.555555555555558,중립,,0.0,,8.6,관찰,8.6
2026-09-28T03:20:23+09:00,ORDER,KRW-ORDER,,56.6,-1.9064124799999997,383364608.2089495,1790532440745,False,False,,265090775.66663578,376222869.586265,334430854.7156139,494325895.48740286,1317728820.461924,0.7046110087835915,0.6599881972601154,0.4171494012892317,1,8.25515947467168,7.0500927643784905,감소형,,,,,,,,,,,,,,NO_DATA,,0.0,,8.6,관찰,8.6
2026-09-28T03:20:23+09:00,BSV,KRW-BSV,,29330.0,1.24266483,973174360.5875354,1790532933970,False,False,,1168562143.96585,2066862809.3949728,4438864970.851167,51279663413.94648,21715154545.11199,0.5653796365458432,0.06066734791353059,0.0712907697934105,1,-4.452506596306072,15.880000000000006,감소형,,,,,,,,,,,,,,NO_DATA,,0.0,,8.5,관찰,8.5
2026-09-28T03:20:23+09:00,CARV,KRW-CARV,,61.3,3.7225042299999997,802182457.5664933,1790532917498,False,False,,490234582.44185376,661764432.6106302,1030663475.7849114,8542750304.020968,34220929918.672844,0.7407992304873517,0.14369107374617274,0.05377994215992147,1,-0.16891891891892552,6.871609403254975,감소형,,,,,,,,,,,,,,NO_DATA,,0.0,,8.5,관찰,8.5
2026-09-28T03:20:23+09:00,COMP,KRW-COMP,COMPUSDT,32640.0,0.18416206,2140587702.0398438,1790532605595,False,False,,385799337.338533,1017042543.198578,13485979478.734259,364019591.5446127,303032233.6575213,0.3793345125221625,0.07784992079166447,0.12300472471366491,1,8.890374331550799,6.2969004893964176,감소형,2205487.71867,-1.025,871656.12567,1454331.65298,5092679.38648,1138940.75476,948586.69212,0.5993516842488658,0.34022700727533994,0.43218554322590924,1,9.720311783585522,5.558006175562413,감소형,,0.0,,8.4,관찰,8.4
2026-09-28T03:20:23+09:00,PENGU,KRW-PENGU,PENGUUSDT,13.7,1.48148148,7990489310.589635,1790533166143,False,False,,4925815426.15655,8224441236.762701,8292785129.560726,16686843180.274664,14896165848.775595,0.598924022234907,0.44504925089773123,0.4303529154878526,1,1.5037593984962294,14.406779661016934,감소형,16070241.173109,0.228,9256111.232219,18798727.771286,20331306.149912,39844769.890271,38886904.431001,0.4923796623278512,0.35161003708152777,0.3211516785441244,1,1.68274163759492,12.767410104688203,감소형,,0.0,,8.1,관찰,8.1
2026-09-28T03:20:23+09:00,MANA,KRW-MANA,MANAUSDT,124.0,-0.8,224358463.35286608,1790532079010,False,False,,216139077.0996889,875759419.9218636,326525213.0659894,539069589.413937,326945991.75907177,0.24680188666308964,0.37236377467459036,0.4235004447370689,1,9.649122807017552,6.8376068376068355,감소형,356149.1134,-1.51,420515.2525,1454653.434,515985.6943,770464.0662,661992.5828,0.2890827757809425,0.4602328580811116,0.48831878204373325,1,10.666666666666668,6.534422403733964,감소형,,0.0,,8.1,관찰,8.1
2026-09-28T03:20:23+09:00,CAP,KRW-CAP,,72.2,2.84900285,8390601068.664671,1790533209933,False,False,,5779228683.3535795,14867271133.308311,13743323410.678299,21094502848.513226,4540520039.210416,0.38872155027871397,0.34881102662675556,0.4635500089086793,1,-3.703703703703709,12.86173633440515,감소형,,,,,,,,,,,,,,NO_DATA,,0.0,,7.9,관찰,7.9
2026-09-28T03:20:23+09:00,AAVE,KRW-AAVE,AAVEUSDT,210200.0,-0.75542965,4559651145.559975,1790532775114,False,False,,4811621061.948952,6910748721.960256,5308166350.537992,9432826754.37514,5162788472.536403,0.6962517746679292,0.6666836922991021,0.684677023604164,1,11.122770199370402,7.240506329113927,감소형,16171206.11275,0.576,17425951.4153,30344939.85835,21513121.98949,34731929.21475,20264502.81068,0.5742621833045061,0.6037401506152357,0.6401878734129497,1,11.987336307382357,6.675805346127461,감소형,,0.0,,7.5,관찰,7.5
2026-09-28T03:20:23+09:00,WAL,KRW-WAL,WALUSDT,50.3,0.3992016,1584334934.940521,1790533031546,False,False,,867718883.0473788,1445988189.5251055,501219169.4550028,1127348761.8448186,1612160211.1168861,0.6000871164323665,0.8466772265141446,0.4965977876958606,1,11.333333333333329,7.280513918629539,감소형,409134.322614,-1.137,538127.607544,853179.019316,400364.543347,849758.220575,608364.10858,0.6307323496719609,0.7675469281192179,0.6864019672545053,1,12.51529987760096,6.579710144927509,감소형,,0.0,,7.1,관찰,7.1
2026-09-28T03:20:23+09:00,AXL,KRW-AXL,AXLUSDT,75.8,4.55172414,5504612901.344617,1790532790251,False,False,,358943771.528814,490369345.40625334,368343951.150007,827496735.4252514,904972583.5669816,0.7319865625601902,0.6386104305885478,0.2944672268031525,1,5.3779069767441845,1.9690576652602099,감소형,1695347.136928,3.512,426730.79741,469318.104278,661310.189648,1532346.119609,1318111.369181,0.9092570551193281,0.48073777416831887,0.37167814263643767,1,7.18562874251496,2.091254752851701,중립,,0.0,,7.0,관찰,7.0
2026-09-28T03:20:23+09:00,LINK,KRW-LINK,LINKUSDT,19200.0,-0.36325895,8537604360.196934,1790533211235,False,False,,13557068006.017862,18627353208.430157,11456517784.600773,10710856925.352594,9345250303.727001,0.7278043130616302,0.9969720621601629,1.066214013757266,1,13.62028301886793,8.015695067264584,감소형,28501979.52709,-0.436,44634687.22463,82230887.10534,46880834.15198,54181103.02568,42447250.90538,0.5427971021089891,0.730547211532652,0.7797284629614503,1,14.496155402670997,7.304862322688321,감소형,,0.0,,6.8,관찰,6.8
2026-09-28T03:20:23+09:00,CHIP,KRW-CHIP,CHIPUSDT,64.5,-2.56797583,2445154167.4527555,1790533157000,False,False,,3073121789.3010616,4268932407.2429996,5271834333.730741,4756169042.432073,4111369274.789103,0.7198806390297879,0.6448490437093471,0.56401421976694,1,14.53287197231834,5.0793650793650835,감소형,2936066.40489,-4.431,3399045.61955,5213498.55063,5072408.47591,3088065.91625,4364275.56104,0.6519701859587663,0.7624613046751636,0.7241402759432305,1,15.770694576593701,4.64416254568909,감소형,,0.0,,6.8,관찰,6.8
2026-09-28T03:20:23+09:00,TIA,KRW-TIA,TIAUSDT,685.0,2.08643815,631283421.1055944,1790532981380,False,False,,576569801.7672564,853178412.7350194,743116126.490192,1489262923.3552291,1669032516.276445,0.6757904245595672,0.5605824640372179,0.52819443617781,1,6.170886075949378,13.15345699831365,감소형,3855414.511095,-0.099,4994412.127718,8034127.33786,7443907.012376,13506488.705924,12796488.322995,0.6216496101801057,0.5169392076634379,0.5285131394078906,1,6.876355748373109,12.33470132238943,감소형,,0.0,,6.3,관찰,6.3
2026-09-28T03:20:23+09:00,JST,KRW-JST,JSTUSDT,170.0,1.79640719,605088851.0333849,1790533018583,False,False,,423463884.27158016,650766518.5410441,320554317.893869,361308993.49174523,502504948.2263434,0.6507155365352008,0.9532967252313846,0.8792020659834443,1,9.868421052631572,8.441558441558449,감소형,3029192.757382,3.087,3086817.294195,5250594.680957,2693348.122049,2781502.885313,5296863.746618,0.5878986061122473,0.8634095171140987,0.7513247993395068,1,10.827162723496485,7.094240837696342,감소형,,0.0,,6.3,관찰,6.3
2026-09-28T03:20:23+09:00,RED,KRW-RED,REDUSDT,232.0,0.43290042999999995,534455665.0416797,1790533011847,False,False,,884460140.9396214,2204074590.0917773,640842412.1753476,1222816918.1502063,1010173800.4242463,0.4012841239201404,0.6522994066796384,0.7492043246844261,1,10.526315789473696,12.135922330097081,감소형,583918.93917,0.825,554588.43753,1451062.03742,591737.59609,606538.96095,541416.86083,0.3821948498604944,0.6279927058281941,0.7501225813749374,1,11.500330469266352,10.840998685939551,감소형,,0.0,,6.3,관찰,6.3
2026-09-28T03:20:23+09:00,BEAM,KRW-BEAM,,2.9,-1.36054422,381684830.6051758,1790532793806,False,False,,560232484.8565059,999873776.6124752,5711145321.3826,538087147.03928,419368053.6085024,0.5603032082254892,0.23184892009560445,0.32993723009585746,1,10.943396226415093,13.076923076923075,감소형,,,,,,,,,,,,,,NO_DATA,,0.0,,6.3,관찰,6.3
2026-09-28T03:20:23+09:00,BIO,KRW-BIO,BIOUSDT,42.9,-2.05479452,357887779.8461312,1790532571624,False,False,,642930172.4192992,1368540983.820868,674603529.8236185,676170750.999676,488373934.99172974,0.4697924139796562,0.7092927187720879,0.9124454684788179,1,12.596401028277636,11.45038167938932,감소형,1090592.678432,-2.67,1604753.479124,3475737.284606,2714109.142674,2340262.089126,1860475.833141,0.46170160392485204,0.564384430527784,0.6556342494418742,1,13.705404450724146,10.618556701030935,감소형,,0.0,,6.1,관찰,6.1
2026-09-28T03:20:23+09:00,A,KRW-A,AUSDT,141.0,1.43884892,569336994.6731967,1790532964531,False,False,,421954743.427924,608212345.2589536,716662038.5041709,1066322565.2732933,1383003699.6623428,0.6937622143270896,0.5293851812557213,0.44424776525333415,1,10.317460317460325,10.317460317460325,감소형,699750.6763,0.679,353520.72727,592476.24542,595297.70272,639575.2434,627864.96105,0.5966833776084861,0.580382877405172,0.6099177652865808,1,11.123227917121037,9.452201933404947,감소형,,0.0,,6.0,관찰,6.0
2026-09-28T03:20:23+09:00,CKB,KRW-CKB,CKBUSDT,1.9,-3.5532994900000006,185411188.4611868,1790532999950,False,False,,225247524.08964974,315883686.7812772,771389511.3674283,370739005.4557307,270446607.9438947,0.7130710876045164,0.4634683925130441,0.5834208035371424,1,13.218390804597702,11.931818181818187,감소형,245432.205415,-3.228,328533.915645,474851.217279,530523.268623,553070.91951,371946.016555,0.6918670600184418,0.6324262264897501,0.7103354134250939,1,13.611329661683701,10.73619631901841,감소형,,0.0,,5.7,관찰,5.7
2026-09-28T03:20:23+09:00,SIGN,KRW-SIGN,SIGNUSDT,19.3,2.65957447,891166581.696101,1790533214519,False,False,,586277738.0114946,1541002300.8490715,489528796.0384107,999778247.71731,671805223.8335526,0.3804522145674043,0.580413751211881,0.5986671443603628,1,9.941520467836252,14.634146341463428,감소형,650421.76162,4.243,288424.60207,646766.98478,497346.44753,661806.26076,442240.80136,0.44594824543820616,0.47913194010253296,0.5197239000474573,1,10.454908220271353,13.349713349713355,감소형,,0.0,,4.2,관찰,4.2
2026-09-28T03:20:23+09:00,ORCA,KRW-ORCA,ORCAUSDT,2379.0,6.3002681,10733137004.691042,1790533181758,False,False,,766264200.6482804,1170744280.1362903,1695147149.2328582,3455183343.948443,1085809691.7455356,0.6545103090822506,0.3636711610576833,0.45554275824931734,1,6.06635071090047,8.95813047711782,감소형,4232994.12825,6.239,453713.15118,948622.27348,1549149.97573,2516648.37815,1155197.07167,0.47828642006850974,0.2714450092425962,0.3163158279219928,1,7.526178010471196,8.448844884488448,감소형,,0.0,,3.9,관찰,3.9
2026-09-28T03:20:23+09:00,BIGTIME,KRW-BIGTIME,BIGTIMEUSDT,13.0,4.83870968,3553971647.4103475,1790533026676,False,False,,1147267740.7328522,1669694652.512611,684288594.7464048,1136401114.5560539,644978334.6270931,0.6871123046398971,0.9860814355725425,1.1378893191580854,1,11.711711711711725,9.734513274336276,감소형,1608144.86136,6.202,282942.66406,493566.22312,207267.76227,459842.29385,240241.98122,0.5732618052171868,0.7313219089269271,0.7327807684298994,1,12.967581047381561,8.37320574162681,감소형,,0.0,,3.6,관찰,3.6
2026-09-28T03:20:23+09:00,PROS,KRW-PROS,,910.0,8.33333333,20463976847.296513,1790533214501,False,False,,301890985.82830775,3316880068.8205247,638858680.2266619,941441105.4189333,411581992.65517116,0.09101655156788938,0.18493765481350855,0.19645700434889776,1,5.1314142678347885,8.247422680412363,감소형,,,,,,,,,,,,,,NO_DATA,,0.0,,2.7,관찰,2.7
2026-09-28T03:20:23+09:00,SC,KRW-SC,SCUSDT,1.56,6.84931507,10612084399.573542,1790533205035,False,False,,1376351611.1847699,3556456943.0561314,955904669.1379834,4963779603.161496,809053872.4821354,0.3870007800521956,0.4357316696445367,0.6139796784856743,1,8.955223880596996,10.606060606060597,감소형,1714562.349677,5.801,614723.260837,3376942.058417,386682.489163,1121330.284613,379230.920896,0.1820354777200892,0.3775203345499712,0.5344588369079666,1,11.111111111111116,11.570247933884303,감소형,,0.0,,2.1,관찰,2.1
2026-09-28T03:20:23+09:00,GRT,KRW-GRT,GRTUSDT,40.7,8.24468085,1014575100.8745011,1790533216146,False,False,,731855728.3630054,1211123677.7500463,951787328.2330859,2101522100.2157292,1056286694.7942948,0.6042782762885155,0.5148555811316393,0.5632606695953807,1,10.26392961876832,17.868338557993745,감소형,1432375.34514,8.114,1125552.21867,2674194.94095,2025342.67638,3667964.17778,1921244.16789,0.42089385535601637,0.4035441806517844,0.45749541757913065,1,10.972668810289399,17.09075487701441,감소형,,0.0,,0,관찰,0
2026-09-28T03:20:23+09:00,AVNT,KRW-AVNT,AVNTUSDT,174.0,-1.6949152499999998,1324091844.734859,1790532861806,False,False,,5782477902.048407,1752719222.1020172,1150978016.5932298,2381212864.789187,2704188126.4419727,3.299146736756583,3.2824463172434575,2.6112799927376056,3,17.999999999999993,12.73885350318471,가속형,878911.23982,-1.376,3607849.00092,2062373.80492,626823.00318,1137267.31249,2426845.49601,1.7493671575507377,2.8286027678971477,2.342915249671109,3,17.974452554744524,11.273666092943202,가속형,,0.0,,63.0,시동,63.0
2026-09-28T03:20:23+09:00,WAXP,KRW-WAXP,WAXPUSDT,8.61,-4.86187845,3929366722.3669567,1790533219343,False,True,거래량급등,42462153497.91535,22824305048.547558,181620909.6402677,393643010.4519714,303773448.79495156,1.860391955312456,5.443966111703594,8.792500991904117,3,21.96765498652291,20.66666666666668,가속형,555754.82941,-3.927,1877779.88597,2151077.76048,138000.26881,176323.56658,165792.98876,0.8729483984581685,2.2849582264191266,3.256237570129792,1,23.605947955390327,19.819819819819816,중립,,0.0,,55.8,시동,55.8
2026-09-28T03:20:23+09:00,SOMI,KRW-SOMI,SOMIUSDT,292.0,-2.99003322,253419605.61430272,1790533102638,False,False,,420368634.5193351,148701151.869303,135297929.99869627,232961572.29158592,372711970.32817864,2.8269359667691556,2.439462062365588,1.2091322565310707,3,18.972332015810277,16.666666666666675,가속형,481512.91664,-2.924,684427.35608,357866.81683,394628.36187,806392.75755,650993.28988,1.9125197528585847,1.317145396082348,1.0158776350060272,2,19.328641039523564,15.756302521008392,중립,,0.0,,48.3,시동,48.3
2026-09-28T03:20:23+09:00,KITE,KRW-KITE,KITEUSDT,206.0,-0.9615384600000001,5229138719.94629,1790533225769,False,False,,4620954677.440816,1959462780.5447605,1645136779.0401716,3999601697.563446,9831140481.348755,2.3582763211027262,1.8230532785137128,1.2409225350571953,3,13.661202185792343,29.19254658385093,가속형,5428459.71337,4.19,3781137.72426,2178491.51505,1569254.41002,3170506.19445,5989694.06566,1.7356678684026072,1.6396357023147956,1.3275300121682176,3,14.823175319789339,28.127623845507998,가속형,,0.0,,42.6,시동,42.6
2026-09-28T03:20:23+09:00,CC,KRW-CC,,187.0,1.63043478,1862865682.219629,1790533225445,False,False,,4761875245.716115,3969138686.9737163,2608936747.0009675,2991076611.0929365,2195860727.7892985,1.1997250842718281,1.4928831384293673,1.6874264223072426,3,21.85430463576159,14.28571428571428,고수준 유지형,,,,,,,,,,,,,,NO_DATA,,0.0,,36.3,시동,36.3
2026-09-28T03:20:23+09:00,STEEM,KRW-STEEM,STEEMUSDT,90.6,-3.8216560500000005,3514058607.3811646,1790533222883,False,False,,20901412604.131207,10756260792.167986,36332726731.825714,1917377413.5040665,1177624724.16366,1.9431857415869151,1.279512118321079,2.0432546777589047,2,18.341708542713576,19.69504447268107,중립,1145111.078581,-2.106,1538584.647403,1289386.772879,3728518.166524,783302.98282,450997.199789,1.1932685209478144,0.7956539403676918,1.1358845189035776,2,19.778891000172738,19.448751076658066,중립,,0.0,,29.7,시동,29.7
2026-09-28T03:20:23+09:00,PROM,KRW-PROM,PROMUSDT,8485.0,-0.58582308,4051439217.224514,1790533091934,False,False,,21579936425.72203,3893344132.355357,17867927015.01864,3388322516.7550354,4304636776.007568,5.542776516050435,2.574189076044785,3.558157925281586,2,22.80575539568346,25.146627565982406,일회성 폭증형,1653413.39606,-0.302,6768657.92465,4107157.00747,6768551.80743,3688866.66206,6025612.72637,1.6480153820122594,1.3942029279241566,1.519830740065786,2,23.982615566969567,24.746571258199168,중립,,0.0,,26.1,시동,26.1
2026-09-28T03:20:23+09:00,FIL,KRW-FIL,FILUSDT,1567.0,1.68721609,7910862610.430859,1790533212214,False,True,거래량급등,18443857953.829006,3146047633.4990187,3185409877.1442676,5224206228.811191,4186280829.928217,5.862548855725951,4.788264448416627,4.789598920784836,2,19.922178988326845,15.6039009752438,일회성 폭증형,15084995.254989,-0.715,32737197.186611,14256010.626851,16441816.358158,26646111.401134,28330855.867138,2.2963785622431385,1.712676079178502,1.5192041731436468,2,21.08749065270803,14.98275512274294,고수준 유지형,,0.0,,25.2,시동,25.2
2026-09-28T03:20:23+09:00,CFG,KRW-CFG,CFGUSDT,224.0,-2.60869565,3635519565.958017,1790533096654,False,False,,4083906565.855541,3885777834.9190354,4720810978.725211,3044107824.47045,1614905786.0346408,1.050988177748107,1.0515868774306343,1.2118935949501821,2,17.948717948717952,22.34042553191489,중립,3672657.48133,-2.886,2120588.16306,3471573.13969,3869004.77242,2915913.89841,1944008.70386,0.6108435794757191,0.6202671056252187,0.6616230928791759,1,18.565400843881854,21.820809248554916,감소형,,0.0,,23.3,시동,23.3
2026-09-28T03:20:23+09:00,SENT,KRW-SENT,SENTUSDT,29.9,-7.716049379999999,255547108.4644219,1790533215170,False,False,,568315142.5595218,521080633.07266086,1042542809.2756765,4897154485.106926,746682627.1079001,1.0906472175109114,0.2638916624008001,0.37442450187846416,2,12.5,26.56249999999998,중립,753311.04901,-8.378,2132161.79776,1767046.56559,1698928.26228,5556437.3114,1884319.92602,1.2066245673882914,0.708955132457243,0.9024938533190676,3,13.266761768901581,25.500526870389884,중립,,0.0,,22.8,시동,22.8
2026-09-28T03:20:23+09:00,UP2,KRW-UP2,,96.4,-3.30992979,1525516211.7912242,1790533130621,False,False,,3320237954.492803,4140424663.944608,9121690269.55546,22677085362.77111,1973703867.9501529,0.8019075877423626,0.2771545772127787,0.42868487551667694,1,8.017334777898167,21.142162818955047,중립,,,,,,,,,,,,,,NO_DATA,,0.0,,17.5,시동,17.5
2026-09-28T03:20:23+09:00,POL,KRW-POL,POLUSDT,163.0,-0.6097560999999999,2179436864.8371034,1790533185305,False,False,,3602430986.3148084,4454245326.758308,3746017336.532518,6316580413.86697,3482901291.882836,0.8087634878738416,0.7444657837453423,0.75136508502736,1,17.985611510791365,8.609271523178808,중립,8952615.352348,2.418,11368259.391063,13085919.904033,7918305.896612,13201410.952584,8080052.798969,0.8687397962415597,0.9970514046919334,0.9388315507352797,1,18.99684044233807,7.377049180327866,중립,,0.0,,16.8,시동,16.8
2026-09-28T03:20:23+09:00,JUP,KRW-JUP,JUPUSDT,464.0,0.43290042999999995,2218276524.9843597,1790533197283,False,False,,3701969898.403964,4706453927.904771,5739589855.251501,3115259946.378277,2849461655.910515,0.7865730664980747,0.8189411517290063,0.8503968170410099,1,15.500000000000004,14.356435643564346,중립,3751113.58697,0.088,5451753.66575,8128637.36874,6371430.71717,6483993.13404,5397647.72908,0.670684816955374,0.7794135189474524,0.7633175084336948,1,16.701101928374662,13.458319383997308,감소형,,0.0,,16.1,시동,16.1
2026-09-28T03:20:23+09:00,PLUME,KRW-PLUME,PLUMEUSDT,25.0,1.2145749000000001,2957527599.2987432,1790533118113,False,False,,3407720479.381135,4489907543.75483,6476327931.8389435,2363078480.1987147,1651758237.5168674,0.7589734189785384,0.7669683130016418,1.0257964592949318,1,14.883720930232558,21.078431372549034,중립,3407572.27133,0.711,4838217.88938,9061975.44244,10395113.29038,5348305.67044,3490156.52323,0.5339032223284503,0.585141015384639,0.7747007341685007,1,15.159235668789805,19.655857048312363,감소형,,0.0,,14.3,시동,14.3
2026-09-28T03:20:23+09:00,BLAST,KRW-BLAST,,0.64,-2.43902439,5418880025.583437,1790533213862,False,False,,4104984173.507495,27362214893.855743,4219603536.204266,46160069348.195274,5233718882.863776,0.15002382626668428,0.1584082001667964,0.24393104878163352,1,0.9230769230769154,23.076923076923084,감소형,,,,,,,,,,,,,,NO_DATA,,0.0,,7.6,시동,7.6
2026-09-28T03:20:23+09:00,BCH,KRW-BCH,BCHUSDT,456700.0,-0.19667832,10316143675.852371,1790533203439,False,False,,5935642055.974839,12308245510.592625,24775409951.055656,97141284273.5118,91252987183.04053,0.4822492410365518,0.13266481030320784,0.1237977120052864,1,-1.2729234088457386,26.65375034597288,감소형,20251654.7024,-0.325,10751602.9987,29865250.9969,40731044.2192,110125122.7108,108965108.6745,0.36000377160118335,0.17847806511316078,0.17057486694969923,1,-0.4148148148148123,25.73887018331462,감소형,,0.0,,7.1,시동,7.1
2026-09-28T03:20:23+09:00,CPOOL,KRW-CPOOL,,48.3,-5.6640625,4771220313.878419,1790533176295,False,False,,26946587683.036934,3169764996.98009,14137399776.086727,86128004791.0223,4386791449.631016,8.501131064514114,0.7815500606785581,1.2044484120560999,2,6.224066390041494,33.68146214099219,일회성 폭증형,,,,,,,,,,,,,,NO_DATA,,0.0,,6.8,시동,6.8
2026-09-28T03:20:23+09:00,MET2,KRW-MET2,,487.0,1.88284519,610093064.8402985,1790533035410,False,False,,846374243.0733413,1242903949.3253098,2833595948.7933507,21603751334.595505,1243319510.2147694,0.680965124885782,0.09887452837632,0.15332836316741644,1,1.7021276595744705,24.479166666666675,감소형,,,,,,,,,,,,,,NO_DATA,,0.0,,5.5,시동,5.5
2026-09-28T03:20:23+09:00,SPK,KRW-SPK,SPKUSDT,32.8,-4.373177839999999,1775864354.5469992,1790533008311,False,False,,3010280144.735454,6663872183.252292,465752301.2905843,1284345044.045714,846515996.7926046,0.45173137508563255,1.073315086716418,1.4252102849273973,1,22.93906810035842,18.685121107266433,감소형,2197830.525021,-4.739,2890252.318085,5449222.658569,1003479.965383,1352889.902704,1224247.142757,0.5303971775754156,1.110839045805232,1.360493039152789,1,24.474385549304124,17.60235008859461,감소형,,0.0,,3.6,시동,3.6
2026-09-28T03:20:23+09:00,OP,KRW-OP,OPUSDT,199.0,1.53061224,541070352.1190785,1790532709041,False,False,,816831250.957464,1571187955.011534,1597657854.4682693,1923671876.0399952,1343738377.6779423,0.5198813091406799,0.4811949421089281,0.4943417111538129,1,15.976331360946737,13.953488372093027,감소형,3991053.301601,0.894,7384000.545402,9247184.815962,8142861.952457,13190211.13256,11099956.256687,0.7985133521562292,0.7243889736945882,0.671344710177538,1,16.991869918699187,12.86274509803922,중립,,0.0,,3.1,시동,3.1
2026-09-28T03:20:23+09:00,XPL,KRW-XPL,XPLUSDT,143.0,-5.92105263,12560943005.372036,1790533190540,False,False,,13516830536.158382,24378451291.233715,13161432831.54337,10457320600.377972,9743554029.184214,0.554458130858334,0.8448511083586617,0.9040563725407813,1,21.599999999999998,15.15151515151516,감소형,29163504.78688,-10.433,40452468.312541,60692175.01912,32149657.542321,20748396.667269,15446445.716313,0.6665186788873058,1.068378906897653,1.2944638438496123,1,23.93599288809869,13.794510764207747,감소형,,0.0,,2.1,시동,2.1
2026-09-28T03:20:23+09:00,NEAR,KRW-NEAR,NEARUSDT,7180.0,4.81751825,72268243879.58357,1790533208305,False,False,,31254861439.00797,72064149364.41997,73082410539.58403,90832970870.53133,65412079711.7278,0.43370887902881905,0.39734202373090777,0.4277294796556684,1,15.222876366694704,18.71750433275563,감소형,184753283.8857,9.175,128880615.4841,259628294.889,248904564.2981,544327686.1423,288598939.5605,0.4964043519956131,0.36722987499862525,0.39779779233357165,1,16.297322253000935,17.958323577616486,감소형,,0.0,,0,시동,0
2026-09-28T03:20:23+09:00,SUI,KRW-SUI,SUIUSDT,1720.0,8.58585859,66728159613.77496,1790533226086,False,False,,37959648415.27883,92344810108.28906,27258664338.04493,37117718593.12104,48484406272.05529,0.41106423166353445,0.7266339863630769,0.6232101352737766,1,20.090978013646698,12.420156139105742,감소형,109918962.53949,8.019,88530369.46325,182822564.77106,74510416.67574,114067847.02944,128823364.25566,0.4842420276409117,0.7151063972565719,0.6006395488039191,1,21.154046453494434,11.556535916370958,감소형,,0.0,,0,시동,0
2026-09-28T03:20:23+09:00,SEI,KRW-SEI,SEIUSDT,102.0,4.29447853,9029076553.768353,1790533207652,False,False,,9321732754.902367,20394772206.696033,5879647499.848794,6985581769.358609,17085140590.674398,0.4570648134938151,0.840805683215848,0.550605968684984,1,20.59186189889026,21.641791044776106,감소형,9074087.050752,2.746,14069172.026541,22171877.136968,7059718.354956,8530981.551834,13498826.372126,0.6345503332725465,1.1177075132005518,0.9114523199522732,1,21.629403794037927,21.03488960053934,감소형,,0.0,,0,시동,0
2026-09-28T03:20:23+09:00,DEEP,KRW-DEEP,,33.3,9.180327870000001,6153344738.205293,1790533212243,False,False,,1404081062.7881067,6620882322.359408,1232392328.725216,830992587.3002938,961198650.655592,0.21206857249922398,0.4850430177627404,0.5428646298708902,1,22.489959839357443,11.721611721611724,감소형,,,,,,,,,,,,,,NO_DATA,,0.0,,0,시동,0
2026-09-28T03:20:23+09:00,ARK,KRW-ARK,ARKUSDT,338.0,-4.78873239,27447401114.195538,1790533225445,False,False,,55885811049.05972,52682106069.79903,12628264103.34839,3392887772.0143294,2253887005.923058,1.0608120141403625,2.440312703671224,3.832762570157341,5,62.10045662100456,70.67307692307692,연속 가속형,2546694.2688,-4.552,8592370.0907,13545476.7111,4416067.3941,744307.8361,471127.8359,0.6343350089450068,1.3780238586828337,2.188564347746641,1,64.71329552614998,69.85055230669266,감소형,,0.0,,66.5,이미 발동,66.5
2026-09-28T03:20:23+09:00,EDGE,KRW-EDGE,,177.0,-8.29015544,28861470259.03201,1790533227043,False,True,"거래량급등,입금량급등",50292055955.15759,14228712507.995514,993838171.4625647,2265532510.5811124,957011196.6579014,3.534547200029312,8.627370205524203,12.227466558424844,3,67.82608695652175,69.29824561403508,가속형,,,,,,,,,,,,,,NO_DATA,,0.0,,53.0,이미 발동,53.0
2026-09-28T03:20:23+09:00,KMNO,KRW-KMNO,KMNOUSDT,61.3,-9.98531571,5071547476.450315,1790533219665,False,True,거래량급등,15492312873.99916,3889318693.153313,1784476065.7613142,2653405455.862969,638680850.8813342,3.9832973577792816,5.581340357293041,4.824052688053351,3,40.123456790123434,47.7223427331887,가속형,2579453.18042,-9.331,4322522.20685,3491120.48963,2152592.6384,3565962.78858,1529136.49899,1.238147528763212,1.408037235833945,1.3628159420268102,3,41.75637393767706,46.3157894736842,고수준 유지형,,0.0,,53.0,이미 발동,53.0
2026-09-28T03:20:23+09:00,SOON,KRW-SOON,,439.0,40.705128210000005,100769349940.22736,1790533220646,False,True,거래량급등,2942006336.9793057,307195966.51245296,252653347.67808473,677391423.3565129,458426645.3198881,9.576969288950753,7.133631105969203,7.393538843123405,3,18.181818181818187,18.181818181818187,가속형,,,,,,,,,,,,,,NO_DATA,,0.0,,47.6,이미 발동,47.6
2026-09-28T03:20:23+09:00,WLD,KRW-WLD,WLDUSDT,760.0,6.7415730300000005,103785284845.89969,1790533209285,False,False,,77697669029.96974,52565565893.37676,39959977333.64724,42745220250.78275,27636946755.2671,1.4781096276518848,1.7231588045864152,1.9941637310938631,3,27.370304114490153,15.024232633279478,가속형,95761300.74966,3.721,77863222.94531,54755881.21814,42902740.43698,82422997.68308,37818804.81975,1.4220065719536772,1.2971322097967137,1.4811755866089573,3,28.666338582677177,14.120471409864699,중립,,0.0,,40.1,이미 발동,40.1
2026-09-28T03:20:23+09:00,W,KRW-W,WUSDT,20.7,16.29213483,16187249900.394808,1790533214843,False,False,,1131367014.048889,836731873.5387086,521776961.02423143,1022270842.024354,708079457.8573585,1.3521261109178364,1.4256258466604135,1.1638106388960374,3,14.83870967741936,9.876543209876543,고수준 유지형,14907502.585134,16.373,1820695.899841,1336199.940635,705149.893797,1213148.43817,866543.100795,1.3625924118629686,1.6783194342137455,1.569069293178006,3,16.413916146297968,9.756097560975618,가속형,,0.0,,27.9,이미 발동,27.9
2026-09-28T03:20:23+09:00,PYTH,KRW-PYTH,PYTHUSDT,116.0,4.5045044999999995,4533132604.287403,1790533200869,False,False,,3468921211.4411983,3047857447.5176573,2924728495.8141713,3915445426.674636,8515974475.599065,1.1381507407003166,1.0524606208158491,0.8443698531302827,3,29.220023282887063,28.621089223638485,중립,10573013.838692,11.179,5981839.472423,6176793.668346,5268351.977541,7792857.527181,9588491.966588,0.968437638297346,0.9328160649433515,0.9240198003051447,1,29.573414283431852,27.33553148060921,중립,,0.0,,23.5,이미 발동,23.5
2026-09-28T03:20:23+09:00,2Z,KRW-2Z,2ZUSDT,90.1,-8.62068966,14875342192.167337,1790533214175,False,True,"거래량급등,입금량급등",46377199389.2875,1816024776.7233481,4426320467.1560545,1010653498.5870003,793098232.2870246,25.53775696439882,19.182630951422226,25.784665467719627,2,39.06911142454159,40.056818181818166,일회성 폭증형,4182760.23483,-5.704,14791129.08431,2270920.13317,3842032.20728,932822.46393,727390.85412,6.513275772346479,6.297871914007999,8.79768169353634,2,40.99125364431484,39.23224568138195,일회성 폭증형,,0.0,,22.0,이미 발동,22.0
2026-09-28T03:20:23+09:00,ARX,KRW-ARX,,382.0,23.624595470000003,35908639792.00266,1790533222874,False,False,,2571272303.087813,1526690452.5326693,4827116787.914237,2371809956.193425,6381756453.322437,1.684213259356052,0.8840425537156877,0.6720427023670449,2,-2.215189873417722,14.022140221402225,중립,,,,,,,,,,,,,,NO_DATA,,0.0,,19.9,이미 발동,19.9
2026-09-28T03:20:23+09:00,SUPER,KRW-SUPER,SUPERUSDT,285.0,2.15053763,2098639715.9009054,1790533226716,False,False,,665389665.6627365,255317218.9796544,946627186.7872822,14373498003.060947,210063870.47633114,2.606129223567016,0.12816130319719304,0.19960144896664636,2,15.767634854771796,36.09756097560977,중립,5249847.4911,3.607,2746411.684,1502376.7698,1732911.2682,11237284.1419,1034214.3197,1.8280445619281034,0.5692999799609173,0.809275454466135,2,16.57175398633257,34.40577806959948,중립,,0.0,,18.8,이미 발동,18.8
2026-09-28T03:20:23+09:00,AERO,KRW-AERO,AEROUSDT,1154.0,-1.9541206500000001,909848850.2620099,1790533185989,False,False,,5832876685.539823,9569737373.453264,556927863.2984602,2030215695.5642734,736086441.6119194,0.6095127230680746,1.4394012867316794,2.022001928543911,1,29.198682766191,24.550264550264544,감소형,5331621.57756,-3.729,13183278.97201,11766517.7364,4299156.80788,6555083.76461,3809634.3019,1.1204061615636047,1.7483868743908042,2.082437193902344,3,30.56393244873341,23.894691658320234,가속형,,0.0,,8.2,이미 발동,8.2
2026-09-28T03:20:23+09:00,B3,KRW-B3,,1.13,0.8928571399999999,14313148191.430246,1790533141539,False,False,,4878575540.299883,33742862659.562485,4519018857.223932,43335091960.85083,2319675230.466297,0.14458096189172406,0.17936604750310703,0.286225270367764,1,9.80392156862746,36.91931540342301,감소형,,,,,,,,,,,,,,NO_DATA,,0.0,,1.9,이미 발동,1.9
2026-09-28T03:20:23+09:00,ZRO,KRW-ZRO,ZROUSDT,2242.0,3.27038231,1622295112.663131,1790533210597,False,False,,2688053191.834902,7174899630.116448,9700905994.68138,14936086077.33316,10655614168.72199,0.3746468007094999,0.25349512852027317,0.2991421247493874,1,5.4907677356657025,35.857321652065075,감소형,7075357.63021,1.411,11748239.91274,15071918.83523,20107382.00397,33229836.65702,20490437.17884,0.7794787141023454,0.5152048546170821,0.5844284172630984,1,6.466666666666665,35.33898305084746,중립,,0.0,,1.5,이미 발동,1.5
2026-09-28T03:20:23+09:00,JTO,KRW-JTO,JTOUSDT,819.0,0.12224939,6567616097.254899,1790533185300,False,False,,4522920033.734624,8337085133.595275,2877686035.285347,4143641074.957268,2336085631.799267,0.5425061590781868,0.8834741434061932,1.04457615382493,1,31.30016051364366,18.20809248554913,감소형,5337354.5082,-0.232,7103124.16441,7928266.00227,2800244.30626,3999833.99673,3011321.73135,0.8959240472476897,1.4468274268696781,1.6866955382031468,1,33.067729083665334,17.353113410111256,중립,,0.0,,1.1,이미 발동,1.1
2026-09-28T03:20:23+09:00,ONDO,KRW-ONDO,ONDOUSDT,751.0,2.5956284199999997,56282767513.08588,1790533217748,False,False,,51648941979.017944,182249626730.641,212301739136.4852,51633687378.31411,54275421378.62401,0.28339669554085506,0.3472703193663901,0.46105354387241354,1,29.328621908127218,18.446601941747566,감소형,24603550.69474,3.588,23617885.69497,74727385.76855,119026781.55669,26871723.27862,32204576.70395,0.31605395334075637,0.32114842410825545,0.40741821946553525,1,30.34415899175955,17.449224721554923,감소형,,0.0,,0,이미 발동,0
2026-09-28T03:20:23+09:00,ENA,KRW-ENA,ENAUSDT,383.0,4.359673020000001,25959833535.307568,1790533225134,False,False,,42380982587.99021,58634115789.54371,29841860937.01719,26144984028.471283,28788262258.684547,0.7228041562033424,1.109246920689318,1.0816007689080627,1,29.681978798586584,27.430555555555557,감소형,42695612.668271,4.049,77584468.569489,122704831.401416,48196978.041166,55802386.259145,59278590.446491,0.6322853605957824,1.0266832732760665,1.0619966897835205,1,30.810286268801555,26.75129290079925,감소형,,0.0,,0,이미 발동,0
2026-09-28T03:20:23+09:00,MANTRA,KRW-MANTRA,MANTRAUSDT,6.97,-3.86206897,2000464839.312046,1790533065823,True,False,,4180910332.930153,38492457450.42491,2991482478.067636,774887559.6126161,1051139326.1602514,0.108616352653369,0.29680735941670255,0.4110649427858522,1,15.814696485623013,10.518292682926834,감소형,672321.05413,-3.441,835752.80688,2186291.42177,1886172.0057,714683.74528,740131.40908,0.38226962725919805,0.5237479296463103,0.6309507174328137,1,11.805555555555557,7.095343680709543,감소형,,0.0,,0,유의종목,0
2026-09-28T03:20:23+09:00,SOPH,KRW-SOPH,SOPHUSDT,5.24,-2.23880597,1640663057.521509,1790532996440,True,False,,1412164280.628409,1791869991.560728,4613225693.404075,3045125179.522937,11986649091.712015,0.7880952788312541,0.4482956433119165,0.27413041240225844,1,3.875968992248069,-12.274959083469717,중립,382798.75887,-2.842,607166.49403,566674.12096,957325.82572,1490555.78654,3631544.58008,1.0714561889669534,0.6042348005105097,0.3918416575533038,2,3.200000000000003,-13.99999999999999,중립,,0.0,,0,유의종목,0
2026-09-28T03:20:23+09:00,SAND,KRW-SAND,SANDUSDT,60.9,-0.32733224,1481237186.2282343,1790533199550,True,False,,2235041380.468845,5942227861.32193,2029361352.03652,5944895723.500585,2091094524.5369477,0.3761285215965497,0.48181161922917926,0.5807298800337474,1,9.694793536804314,7.950530035335679,감소형,1344388.76753,-2.473,1801513.63781,4095841.40309,1953205.61442,3940830.16572,2824175.85675,0.43983969605143775,0.5410017374890853,0.6243130874487287,1,11.405901314158196,7.410949079607931,감소형,,0.0,,0,유의종목,0
2026-09-28T03:20:23+09:00,EGLD,KRW-EGLD,EGLDUSDT,6670.0,-2.4853801200000003,1187944905.443595,1790533188893,True,False,,2725265739.736606,8669285212.33961,92211240860.45322,2595424439.9131804,1437908511.8842857,0.31435875888101383,0.07901156914916087,0.12501972244930742,1,14.957983193277302,12.223133716160795,감소형,427891.49799,0.15,489103.46102,739418.72465,990387.58821,3029233.72257,1577674.35175,0.6614702126342751,0.3083206638599799,0.24430407773013585,1,13.816425120772946,7.87545787545787,감소형,,0.0,,0,유의종목,0
2026-09-28T03:20:23+09:00,RVN,KRW-RVN,RVNUSDT,3.35,-0.59347181,790510545.0315074,1790532755348,True,False,,729312151.3701749,1294438833.3449526,1992025259.1813576,1917711221.0750299,6400571778.533943,0.5634195549322042,0.4204194367534577,0.2837809889915332,1,4.658385093167694,4.334365325077405,감소형,447066.4796574,-1.503,441414.0288915,813387.625776,773755.9670804,1231175.8493321,1134739.231898,0.5426859407534946,0.46986940758077833,0.4380360251192457,1,7.655081390233187,6.391304347826088,감소형,,0.0,,0,유의종목,0
2026-09-28T03:20:23+09:00,ICX,KRW-ICX,,19.6,0.0,578442058.2510607,1790532761350,True,False,,490681587.1460156,1806613109.393738,820791151.5531006,1115014111.2166288,1567171925.3032293,0.27160302590225205,0.39334051275166954,0.32306370134312207,1,0.512820512820511,2.083333333333348,감소형,,,,,,,,,,,,,,NO_DATA,,0.0,,0,유의종목,0
2026-09-28T03:20:23+09:00,ZIL,KRW-ZIL,ZILUSDT,4.63,-2.1141649,507478740.3774867,1790533176301,True,False,,753082291.889733,6935308182.743683,2069883485.6802201,1375602171.1410267,2024294507.0279028,0.1085867090612555,0.2176371971725706,0.22865597635531196,1,5.816554809843422,6.0538116591928315,감소형,379423.8227659,-1.934,587220.3951316,852608.2694845,409336.4625708,1299022.2905563,1369723.9567969,0.6887341070321102,0.6878890551266486,0.4736081783204127,1,4.39712389380531,3.794335991201536,감소형,,0.0,,0,유의종목,0
2026-09-28T07:06:34+09:00,ESP,KRW-ESP,ESPUSDT,141.0,-1.3986014,11544367820.771933,1790546764015,False,True,"거래량급등,입금량급등",11264305851.511736,1257248227.1640294,1138982721.04665,721548807.202768,695148141.1282727,8.959492332648258,10.838776374713468,11.647997898427747,5,14.399999999999991,12.598425196850393,연속 가속형,3534982.9291,-1.149,2611907.3122,622218.02973,571953.46213,840295.40247,532505.70699,4.197736464392376,3.851486577853849,3.8655114769219194,3,14.526843079603612,11.538869445328249,가속형,,0.0,,72.2,발사 전,72.2
2026-09-28T07:06:34+09:00,GAS,KRW-GAS,GASUSDT,2023.0,-2.69360269,1787635173.7484055,1790546680653,False,True,"거래량급등,입금량급등",12145465293.972284,1999638884.7185578,1619003174.0239973,1929827811.180036,1951505607.7836533,6.073829323278896,6.56692687103394,6.260056062378639,3,7.776049766718507,8.677469942498695,가속형,407836.154,-1.582,1684242.4825,353208.402,404369.5972,448391.7133,396641.4855,4.7684100178907975,4.189763138433711,4.152727223815351,2,8.309659090909083,7.621736062103035,일회성 폭증형,,0.0,,63.4,발사 전,63.4
2026-09-28T07:06:34+09:00,AWE,KRW-AWE,AWEUSDT,92.7,-3.4375000000000004,2970381000.593112,1790546723648,False,True,거래량급등,4738631938.853953,531760012.6767444,325220751.3625015,890359306.5973148,552484161.1700724,8.911222780744433,8.13573502688745,7.865669919050745,3,10.344827586206895,10.599078341013835,가속형,753354.44439,-2.469,1023590.2836,177350.37928,87769.81325,263862.75461,184554.63235,5.771570874308423,5.80504696304944,4.751071776158592,3,11.44074483193942,10.017136625642632,가속형,,0.0,,62.0,발사 전,62.0
2026-09-28T07:06:34+09:00,FOLD,KRW-FOLD,,92.3,5.3652968,25634886396.99239,1790546789853,False,True,거래량급등,14492592348.077728,1701281137.632876,1551151032.7012749,5249694619.795462,2628199489.3220534,8.518634591013214,5.113753078195436,4.687216014685658,3,5.4151624548736566,4.2857142857142705,가속형,,,,,,,,,,,,,,NO_DATA,,0.0,,60.9,발사 전,60.9
2026-09-28T07:06:34+09:00,ONT,KRW-ONT,ONTUSDT,80.7,-0.37037037,505004295.01412296,1790546586883,False,True,입금량급등,2928897578.1057897,738193729.7565117,743208674.072926,1153233650.631319,672252242.1280202,3.9676543704480762,3.3350688871961798,3.367718624188539,2,7.001321003963001,6.020942408376961,고수준 유지형,404963.06749,0.422,1133616.28373,484443.1094,622708.49006,889295.32869,656689.03263,2.340040061946642,1.7034506669012153,1.6224518477173941,2,8.192552225249772,5.34135125574815,고수준 유지형,,0.0,,51.1,관찰,51.1
2026-09-28T07:06:34+09:00,STX,KRW-STX,STXUSDT,458.0,-1.9271948600000002,7808455702.6996765,1790546793840,False,False,,9516321270.439722,5667517324.351759,4435230530.986427,6508480643.59532,7464381994.5164585,1.6790987527379428,1.7186545723064433,1.3346796536628063,3,10.401891252955075,1.0822510822510845,가속형,2430487.1575,0.0,3073574.50456,2061839.04223,1879725.57724,2235634.5708,2788116.38089,1.4906956564542246,1.4927029596526529,1.199462221017486,3,11.197663096397292,0.3221083455344109,고수준 유지형,,0.0,,49.5,관찰,49.5
2026-09-28T07:06:34+09:00,POLYX,KRW-POLYX,POLYXUSDT,61.3,-2.54372019,982287664.0381905,1790546751482,False,False,,3132571496.227811,1085720360.3985474,1411692152.519149,1433869239.0717933,1095783111.8219707,2.8852470769525804,2.390496301601269,2.4691387007263335,2,9.77312390924956,8.448275862068954,고수준 유지형,314492.60995,-1.957,695559.81833,605478.5719,493417.63061,469853.35465,353664.91449,1.1487769354864596,1.330154609743852,1.4680838732475652,5,11.057692307692314,7.441860465116279,연속 가속형,,0.0,,46.2,관찰,46.2
2026-09-28T07:06:34+09:00,AZTEC,KRW-AZTEC,,24.1,3.43347639,3532115759.5538526,1790546788537,False,False,,606107054.9573615,272637604.19872695,250071331.86229235,509177249.7179386,427292285.68230414,2.2231234636127706,1.7621334503082398,1.2323414196007747,3,10.952380952380958,4.954954954954971,가속형,,,,,,,,,,,,,,NO_DATA,,0.0,,45.6,관찰,45.6
2026-09-28T07:06:34+09:00,CELO,KRW-CELO,CELOUSDT,131.0,-0.75757576,583941758.3888541,1790546796432,False,False,,1124444243.3423002,291328478.15849984,568359220.1189625,534476426.8312035,771663970.2830554,3.8597127560270175,2.4196094773016568,1.763460033675072,2,7.317073170731714,2.3255813953488413,고수준 유지형,533763.226639,-0.166,754747.986934,502909.627459,445392.719867,573236.982345,667984.089445,1.5007626534163563,1.4881271332576027,1.220019012009428,3,8.469822750729183,0.9711779448621449,고수준 유지형,,0.0,,45.1,관찰,45.1
2026-09-28T07:06:34+09:00,OPEN,KRW-OPEN,OPENUSDT,187.0,-2.60416667,1280158099.6536386,1790546781107,False,False,,1503851136.4397848,1246557249.3883724,645051369.9364836,1730678986.496826,622225083.2179157,1.206403586500062,1.2454983977717449,1.5625979573064037,3,4.918032786885251,-2.0408163265306145,중립,666521.56466,-2.131,830978.09412,697840.877,548998.15831,1332178.15185,724333.32775,1.1907844918634654,0.9666218180985471,1.07100396783514,3,5.953278070836476,-2.9005524861878462,중립,,0.0,,44.1,관찰,44.1
2026-09-28T07:06:34+09:00,LINEA,KRW-LINEA,LINEAUSDT,3.99,0.25125628,758858049.5878006,1790546773396,False,False,,1380578315.800216,1188108829.6634636,594235649.3743852,1388258948.8556542,827708711.1714424,1.1619965118778472,1.3062923325457794,1.469903197967845,3,4.188481675392675,2.051282051282044,중립,765528.865447,1.48,1093619.568089,909271.243243,1134813.949149,2034180.35075,1117711.116486,1.202742939706863,0.8044740269019712,0.8367665396595679,2,5.495300072306586,1.6016713091921986,중립,,0.0,,43.7,관찰,43.7
2026-09-28T07:06:34+09:00,AHT,KRW-AHT,,1.66,-1.19047619,332336241.28758174,1790546789188,False,False,,239721415.9712518,163901230.7816942,136327190.98387405,301883883.05296075,142739809.5120611,1.4625968019150823,1.1944021773986244,1.2149614543017693,3,4.347826086956519,3.703703703703698,중립,,,,,,,,,,,,,,NO_DATA,,0.0,,41.3,관찰,41.3
2026-09-28T07:06:34+09:00,SUN,KRW-SUN,SUNUSDT,23.0,-1.70940171,911552333.2547568,1790546790543,False,False,,377744687.9281972,326224635.72143286,273408579.08883953,627441619.5556046,636764803.5544163,1.1579281469433778,0.9235248185741011,0.8176182408443459,3,0.0,0.0,중립,895612.68996,-0.76,385648.88753,493542.55529,704271.45937,1058520.72397,1291171.76659,0.781389331875135,0.5127548864015071,0.42083397250267607,1,0.23391812865496409,-0.7527504342791036,중립,,0.0,,41.0,관찰,41.0
2026-09-28T07:06:34+09:00,PUMP,KRW-PUMP,PUMPUSDT,6.86,14.524207010000001,9785838705.28714,1790546769656,False,False,,7077553989.372783,4101793198.247136,3212175210.8482614,6006452055.01929,4371184605.91388,1.7254780159071186,1.5939933747076,1.7143076253234368,3,8.90909090909091,1.1824324324324342,가속형,39683195.279746,15.423,32172533.501279,30642050.637338,23589540.330818,31396090.739447,30973966.834723,1.0499471423128606,1.1271775502859032,1.130424835027552,3,9.74025974025976,0.38839387708478057,중립,,0.0,,40.9,관찰,40.9
2026-09-28T07:06:34+09:00,CTC,KRW-CTC,,162.0,1.8867924500000002,828864155.2671974,1790546639245,False,False,,966598404.0661058,533162724.42825633,507150679.77491117,1122192074.792623,512966896.7049284,1.8129519559017364,1.3409423654014991,1.2529155383703352,3,6.000000000000005,3.9215686274509887,중립,,,,,,,,,,,,,,NO_DATA,,0.0,,40.5,관찰,40.5
2026-09-28T07:06:34+09:00,ATOM,KRW-ATOM,ATOMUSDT,2532.0,-0.5108055,1443804205.7943044,1790546777680,False,False,,1836383640.010355,1626712318.3985448,1063871956.418247,1526143841.5679188,1850207344.7390072,1.1288926869492364,1.3064989650683092,1.1406729604128931,3,8.621425522833981,3.8775510204081653,중립,4281715.05372,0.43,4112897.81137,4767523.86585,2794095.53677,3571178.86895,4341275.08373,0.8626905553280776,1.1083191425124006,1.0258191897864641,1,9.952885747938755,2.978488692774417,중립,,0.0,,40.3,관찰,40.3
2026-09-28T07:06:34+09:00,AVAX,KRW-AVAX,AVAXUSDT,14960.0,-1.12359551,6468314832.4350815,1790546788181,False,False,,11523853654.978065,8691757638.73907,6781883132.745587,13583222610.403173,13497485515.085693,1.3258369749768877,1.1897898445048225,0.7949681164580111,3,6.850282485875714,-0.2636783124588038,중립,46304597.41749,0.815,48017776.27594,49214793.68163,51208788.48539,62891600.42385,60995089.12677,0.9756776912764586,0.8820571764518432,0.7165342924659651,1,5.63133281371786,-3.4636274597097283,중립,,0.0,,40.1,관찰,40.1
2026-09-28T07:06:34+09:00,F,KRW-F,FUSDT,5.11,-1.54142582,1330530370.920249,1790546721989,False,False,,1931243672.5285752,1663248314.4275296,1650657542.8913343,3548448424.673397,2649224514.1071277,1.1611276895797045,0.8442774563227161,0.683508071371666,3,0.9727626459144156,2.5691699604743157,중립,265155.251861,-0.132,386546.634428,358943.227689,597008.545865,1048141.314729,909931.812317,1.0769018736381244,0.5786357480417826,0.4624696314576998,2,1.7375033413525864,1.574593007739522,중립,,0.0,,40.1,관찰,40.1
2026-09-28T07:06:34+09:00,BFC,KRW-BFC,,40.6,-2.63788969,1036014286.8562417,1790546786456,False,False,,2098615287.4534564,657952625.2843801,760647213.9787546,1687073173.7591593,2852106544.8625975,3.189614581363504,2.0272082205568545,0.526613069429245,2,4.249999999999998,-2.3419203747072626,고수준 유지형,,,,,,,,,,,,,,NO_DATA,,0.0,,39.7,관찰,39.7
2026-09-28T07:06:34+09:00,DKA,KRW-DKA,,5.88,0.34129693,278222794.6977229,1790546667285,False,False,,339462835.9896932,275775194.9614227,254989420.3100747,765478487.005146,397276876.67646444,1.2309404260857457,0.7856462311586797,0.6090811940596913,3,1.0344827586207028,2.987697715289972,중립,,,,,,,,,,,,,,NO_DATA,,0.0,,39.7,관찰,39.7
2026-09-28T07:06:34+09:00,HIVE,KRW-HIVE,HIVEUSDT,79.9,-2.32273839,1346860206.2220306,1790546765376,False,False,,7128125470.1953945,1930753153.80951,10119001102.891792,1141522182.4377542,1063701476.9946694,3.6918885545421007,1.6210998616584111,2.3754400609565463,2,10.094212651413192,8.921438082556588,고수준 유지형,336555.7229,-1.173,718556.7261,441699.4897,1548123.382,225614.2634,310816.0079,1.6267999915237394,0.9730224993284216,1.2575906452711587,2,10.720887245841038,7.927927927927936,중립,,0.0,,39.4,관찰,39.4
2026-09-28T07:06:34+09:00,BOUNTY,KRW-BOUNTY,,20.2,0.0,230930216.5733105,1790546782085,False,False,,214269109.43335652,160304521.96869004,93487629.62447628,314225027.1343003,184870062.77327284,1.3366379613121993,1.1316688163202315,1.0752847313333465,3,4.663212435233155,6.8783068783068835,중립,,,,,,,,,,,,,,NO_DATA,,0.0,,39.3,관찰,39.3
2026-09-28T07:06:34+09:00,BORA,KRW-BORA,,39.5,-0.50377834,392449417.4493706,1790546768133,False,False,,721981630.8988461,500004948.32935196,358469586.4965401,1252435872.5863886,1065857876.6219172,1.4439489715275353,1.0260714453304172,0.19619061792166526,3,5.026455026455046,2.0565552699228995,중립,,,,,,,,,,,,,,NO_DATA,,0.0,,39.0,관찰,39.0
2026-09-28T07:06:34+09:00,QUID,KRW-QUID,,99.0,0.30395137,3110765842.425308,1790546547692,False,False,,3557051525.6104727,1950152431.75513,1849882511.7334845,7600800215.63554,991577239.7710391,1.8239864062365316,0.9359976201648027,1.2793972097452655,3,3.459119496855334,9.18141592920354,중립,,,,,,,,,,,,,,NO_DATA,,0.0,,38.9,관찰,38.9
2026-09-28T07:06:34+09:00,WLFI,KRW-WLFI,WLFIUSDT,79.0,-0.8782936,3835464886.799389,1790546716509,False,False,,5502014510.796696,1831309784.0394216,2631666888.2063565,4786155788.871419,4536400859.162914,3.0044149595818777,1.7846045131022301,1.4479657919516593,2,6.979865771812088,2.5740025740025763,고수준 유지형,4810432.12757,-0.171,6955342.23556,6814575.39247,7127876.38296,9080895.05936,9986182.80987,1.0206567298742553,0.9062985870998509,0.7771063779315516,2,7.734806629834257,1.9163763066202266,중립,,0.0,,38.5,관찰,38.5
2026-09-28T07:06:34+09:00,AI,KRW-AI,AIUSDT,28.5,-2.73037543,626470701.9993656,1790546715553,False,False,,636133196.8618762,586004411.7189287,530954130.03510886,856018693.2078984,453562049.5264,1.085543357934635,0.9672689358843245,1.0247888212538834,3,6.545454545454543,1.736111111111116,중립,449941.79816,0.505,542451.00564,883235.46961,3041037.50173,1323182.19715,475555.0208,0.614163520719479,0.31012232876079715,0.41465616652315657,1,6.951871657754016,9.289617486338809,감소형,,0.0,,38.5,관찰,38.5
2026-09-28T07:06:34+09:00,MLK,KRW-MLK,,61.2,-1.29032258,417011534.3903751,1790546783754,False,False,,344391630.55574757,290523472.05161804,253517901.9892675,554763115.3993033,546314810.7708379,1.1854175778766634,0.9402718150465669,0.30178837490188504,3,4.553119730185506,4.3771043771043905,중립,,,,,,,,,,,,,,NO_DATA,,0.0,,38.4,관찰,38.4
2026-09-28T07:06:34+09:00,DOT,KRW-DOT,DOTUSDT,1695.0,0.35523979,2049511457.38299,1790546779439,False,False,,3759517640.3333883,2988179751.944406,2591438912.4337125,4454398719.391595,2313008767.786826,1.258129681752603,1.1240316305653926,1.2893495652163165,3,11.70634920634921,3.429271279853041,중립,12479595.20298,0.644,17276923.99882,13539404.31128,13005945.5901,16094070.9573,13074111.66395,1.2760475720801234,1.2155599431859765,1.1871355912282637,3,12.794918330308525,2.9826014913007404,중립,,0.0,,38.3,관찰,38.3
2026-09-28T07:06:34+09:00,FLUID,KRW-FLUID,,2007.0,2.81762295,465865836.7108637,1790546548408,False,False,,274944161.92958355,273941140.80621785,124217697.37550235,333588349.1137448,285572415.8616066,1.0036614475664873,1.1272096430426042,1.1234939932395496,3,4.664879356568363,3.774587985114297,중립,,,,,,,,,,,,,,NO_DATA,,0.0,,37.9,관찰,37.9
2026-09-28T07:06:34+09:00,TAO,KRW-TAO,TAOUSDT,440600.0,0.7315957900000001,4208858288.892981,1790546750816,False,False,,6108682892.241184,5240401253.689657,4071613239.594975,7212508003.220612,8198491920.154779,1.165689915049957,1.1090213759943328,0.9000221157096239,3,10.678137651821862,1.2499999999999956,중립,44484624.33841,1.717,58668835.2636,56025376.05486,48442023.51155,55735237.52064,80815654.82073,1.0471832479295011,1.0986492419295355,0.8799429171865583,3,11.838440111420612,0.5635566687539173,중립,,0.0,,37.3,관찰,37.3
2026-09-28T07:06:34+09:00,ELSA,KRW-ELSA,,78.6,-1.7500000000000002,1318358997.952435,1790546787829,False,True,거래량급등,2422830825.4513936,531986137.5683196,643727038.1422617,605405122.6466119,715698244.6031375,4.5543119535520695,4.080858909292125,3.7457791298903516,2,4.575163398692816,5.54089709762533,일회성 폭증형,,,,,,,,,,,,,,NO_DATA,,0.0,,34.2,관찰,34.2
2026-09-28T07:06:34+09:00,IO,KRW-IO,IOUSDT,226.0,-1.31004367,156763064.79402864,1790546752133,False,False,,294453668.74039084,263662915.3313798,189923379.67554346,519390994.63632125,233528435.09898123,1.1167807515528387,0.9078947840037139,0.8242328852128572,3,13.366336633663355,11.165048543689316,중립,1257363.98997,-1.482,2559451.696468,1929557.542863,1494302.5987,2205380.763772,1481661.372506,1.3264448660444654,1.3640125229188527,1.371969169709865,3,13.947190250507791,10.360655737704928,중립,,0.0,,33.9,관찰,33.9
2026-09-28T07:06:34+09:00,PROVE,KRW-PROVE,PROVEUSDT,320.0,-3.32326284,469971864.650733,1790546190340,False,False,,1392396108.7870903,398791095.8248659,748567903.4606488,2003050654.7005785,5192513479.20477,3.4915426231045505,1.3259190978785993,0.19551626880185355,2,4.416403785488954,1.846153846153853,중립,698003.78017,-2.795,1128234.81915,1201165.02622,167470680.70228,36052813.4043,19011457.39728,0.93928377410429,0.016532959301470484,0.023049764066246498,1,4.87699611566681,1.207830070803828,중립,,0.0,,33.7,관찰,33.7
2026-09-28T07:06:34+09:00,TOKAMAK,KRW-TOKAMAK,,521.0,-2.25140713,344244329.206804,1790546405257,False,True,거래량급등,2982323009.404212,194135864.6856406,209145573.5551036,392672787.112917,272309390.31445974,15.362040467037936,11.240557237116604,9.803946618851151,2,5.753968253968256,8.113590263691695,일회성 폭증형,,,,,,,,,,,,,,NO_DATA,,0.0,,33.2,관찰,33.2
2026-09-28T07:06:34+09:00,PIEVERSE,KRW-PIEVERSE,,2087.0,-0.04789272,2320418376.780758,1790546764008,False,False,,816502260.2305021,771434779.5047857,1021020419.8879246,1307374121.4384334,2352988673.048582,1.0584203382101167,0.790206984697703,0.185678128604057,2,-9.999999999999998,-16.41313050440353,중립,,,,,,,,,,,,,,NO_DATA,,0.0,,33.0,관찰,33.0
2026-09-28T07:06:34+09:00,JPYC,KRW-JPYC,,8.57,-0.23282887000000002,1114615982.6430922,1790546790536,False,False,,1250263158.2683022,1209124386.3152997,1668314310.229142,2957296186.876625,2889032984.270048,1.034023606188582,0.6428380294471434,0.46904273881369357,2,-0.578703703703709,-0.34802784222737193,중립,,,,,,,,,,,,,,NO_DATA,,0.0,,33.0,관찰,33.0
2026-09-28T07:06:34+09:00,INJ,KRW-INJ,INJUSDT,10530.0,-0.47258978999999995,1048028916.3318396,1790546746156,False,False,,1413060366.293055,1204157289.1378722,3299221219.841468,2699436780.3268714,2194718772.0830345,1.1734848753062392,0.5885450242175363,0.6960315209101311,2,-1.121495327102806,-2.846648301193755,중립,9497286.82141,0.936,13087085.27086,17714271.38839,23851049.90338,26842439.41671,18846376.17887,0.738787669214401,0.5739298495662214,0.6017849182752592,1,-0.34602076124568004,-0.9805169998726604,감소형,,0.0,,33.0,관찰,33.0
2026-09-28T07:06:34+09:00,USDC,KRW-USDC,USDCUSDT,1357.0,-0.29390153999999996,1142205780.3876352,1790546747817,False,False,,1200605612.706693,972971952.0326549,1303531410.828122,2462911451.9630013,2065159335.885374,1.2339570634060768,0.7599707936208581,0.6680674353162015,2,-0.8017492711370311,0.6656804733727872,중립,1199217911.29353,-0.001,875062768.7218,2970483318.24134,2984297405.54443,3509948476.96585,3138012925.17953,0.29458598987853485,0.2773653900163278,0.26483553770397034,1,0.0019997800241977615,0.0,감소형,,0.0,,32.9,관찰,32.9
2026-09-28T07:06:34+09:00,FLOCK,KRW-FLOCK,,97.0,-2.02020202,8786906627.876389,1790546777360,False,False,,11641525936.892641,11614627205.163279,28876594592.805668,17715554280.63883,32698126105.836792,1.0023159358672662,0.6000087990359158,0.5298220721319042,2,1.0204081632652962,-0.30211480362537513,중립,,,,,,,,,,,,,,NO_DATA,,0.0,,32.6,관찰,32.6
2026-09-28T07:06:34+09:00,ALT,KRW-ALT,ALTUSDT,10.9,-1.8018018,147088599.90656134,1790546756066,False,False,,184067916.77096668,151369530.6561429,203614084.65303737,690332237.8898102,409011569.3741785,1.216016961756344,0.5282649723746038,0.42281553387410425,2,9.90099009900991,8.823529411764719,중립,587787.45235,-2.337,1399402.72688,732118.38666,697349.20714,1085963.3964,503833.64989,1.9114432206302323,1.668981656422307,1.8175890238338062,3,10.569105691056912,7.651715039577844,가속형,EARLY,5.0,Binance 연속가속 우위,32.6,관찰,32.6
2026-09-28T07:06:34+09:00,FCT2,KRW-FCT2,,13.0,0.0,291139354.78949845,1790546792865,False,False,,205599583.94292477,138354121.38492206,203811181.51823166,225194179.05446297,311980741.5063869,1.4860387380215128,1.0871392326088787,0.6190279348587936,2,2.3622047244094446,1.5625,중립,,,,,,,,,,,,,,NO_DATA,,0.0,,32.5,관찰,32.5
2026-09-28T07:06:34+09:00,MEGA,KRW-MEGA,MEGAUSDT,58.9,-3.44262295,864496793.1734189,1790546719360,False,False,,680991238.7441318,581382344.569024,730792229.8956327,1384555697.1908326,1225320090.0734363,1.1713311302030465,0.7575743624438342,0.5759226428918868,2,1.6666666666666607,-0.4893964110929794,중립,1332278.808032,-2.772,1387680.45736,1945548.435377,1934186.230112,3282502.051348,3149826.410422,0.7132592703049828,0.5812487825616701,0.435676232974324,1,2.7497708524289566,-0.9717314487632578,감소형,,0.0,,32.4,관찰,32.4
2026-09-28T07:06:34+09:00,CP,KRW-CP,,18.0,-1.0989011,2268465752.273084,1790546785718,False,False,,3243233227.9681396,2451448370.5874968,2763263527.8686366,4883607939.08363,3876319028.6522155,1.322986552309437,0.9634968826927995,0.9479581529574891,2,2.824858757062154,-1.0869565217391242,중립,,,,,,,,,,,,,,NO_DATA,,0.0,,32.0,관찰,32.0
2026-09-28T07:06:34+09:00,BLEND,KRW-BLEND,,94.8,0.42372881,691595095.9154639,1790546729584,False,False,,496851075.13511527,444289202.3914961,515476211.5431836,933411207.7961878,570056370.3312528,1.118305537160687,0.7873291949076485,0.7947586838796113,2,0.10604453870626251,3.3953997809419656,중립,,,,,,,,,,,,,,NO_DATA,,0.0,,31.9,관찰,31.9
2026-09-28T07:06:34+09:00,NCT,KRW-NCT,,14.7,0.6849315100000001,414685997.808685,1790546789190,False,False,,465134700.00733536,314112406.86464876,373800609.8509307,565667304.705099,380562341.2664815,1.4807906018426142,1.1131349752208932,0.8765742608043328,2,2.8169014084507005,2.0979020979020824,중립,,,,,,,,,,,,,,NO_DATA,,0.0,,31.9,관찰,31.9
2026-09-28T07:06:34+09:00,MNT,KRW-MNT,,912.0,-3.5940803399999997,427349235.5735089,1790546734268,False,False,,852527066.4546248,532304333.0492524,732090609.2035265,909645682.1683378,798286666.9893589,1.6015782955795388,1.1764183109710211,1.1884542266082876,2,5.58035714285714,7.622298065984068,중립,,,,,,,,,,,,,,NO_DATA,,0.0,,31.7,관찰,31.7
2026-09-28T07:06:34+09:00,HUNT,KRW-HUNT,,143.0,0.70422535,174248158.80953905,1790546627177,False,False,,451084632.30524045,223800197.50289848,375851535.13567114,714973402.3237224,183915934.99390942,2.015568517536265,1.0293838607874612,1.0955739239051236,2,2.158273381294973,3.649635036496357,중립,,,,,,,,,,,,,,NO_DATA,,0.0,,31.6,관찰,31.6
2026-09-28T07:06:34+09:00,CBK,KRW-CBK,,302.0,-2.89389068,1393175765.7546186,1790546789862,False,True,거래량급등,11160507175.796453,214565846.56875736,295594897.2345304,339719024.96521544,242530643.52162832,52.01436926831728,39.39559777485339,33.75360276534028,2,9.507042253521124,9.893992932862194,일회성 폭증형,,,,,,,,,,,,,,NO_DATA,,0.0,,31.5,관찰,31.5
2026-09-28T07:06:34+09:00,SPX,KRW-SPX,,599.0,-3.54267311,449056838.8649353,1790546768512,False,False,,699051316.2309495,636904174.199095,902396799.4358153,1585496530.6417246,766054754.5393494,1.097576911173497,0.6711327520655846,0.7351391493668266,2,4.545454545454541,-9.738372093023251,중립,,,,,,,,,,,,,,NO_DATA,,0.0,,31.4,관찰,31.4
2026-09-28T07:06:34+09:00,TOSHI,KRW-TOSHI,,0.175,-1.68539326,313720075.4005444,1790546665593,False,False,,401168339.80022264,375750547.4203052,551199581.3500766,1038933313.9414418,2900016184.766952,1.067645390151583,0.6121955113170401,0.3511351881495062,2,3.488372093023262,2.8901734104046284,중립,,,,,,,,,,,,,,NO_DATA,,0.0,,31.1,관찰,31.1
2026-09-28T07:06:34+09:00,TRUST,KRW-TRUST,,89.7,8.33333333,25612335473.17677,1790546789199,False,False,,1005002350.3405551,525975307.1376437,665071344.8213401,721275844.0710351,2044661936.336637,1.9107405551218275,1.5766206051964662,1.0823331322673175,2,0.4854368932038833,1.4705882352941124,고수준 유지형,,,,,,,,,,,,,,NO_DATA,,0.0,,30.9,관찰,30.9
2026-09-28T07:06:34+09:00,WCT,KRW-WCT,WCTUSDT,58.8,-2.16306156,702983509.9621705,1790546596532,False,False,,672667242.9781916,437472528.51433104,451220702.5853356,818351594.4625832,1148587490.5609832,1.5376216770972762,1.1821609478063384,0.725463777826728,2,6.939501779359425,5.069930069930062,중립,883012.972514,-0.551,714658.11011,549165.873911,660777.316205,896342.574492,859245.675972,1.3013520032124581,1.017893377221307,0.8739269580395728,2,7.467057101024888,3.966005665722383,중립,,0.0,,30.9,관찰,30.9
2026-09-28T07:06:34+09:00,TRUMP,KRW-TRUMP,TRUMPUSDT,2877.0,-0.10416666999999999,19155164863.981636,1790546792193,False,False,,27361577859.25581,27165574975.272278,35829199609.617615,56764668225.943756,37606036148.99317,1.007215120024588,0.685413455934532,0.7224361483036335,2,6.548279689234193,-2.669820885434271,중립,14970554.328854,0.427,17592642.604479,21577041.133215,26792867.109435,44376078.825917,37669454.503665,0.8153408289794404,0.5690588831020618,0.5269466606542448,1,7.524148449415358,-3.2921810699588328,중립,,0.0,,30.7,관찰,30.7
2026-09-28T07:06:34+09:00,ANIME,KRW-ANIME,ANIMEUSDT,4.64,-2.10970464,1106899138.4508798,1790546618546,False,False,,493091298.7290356,390908613.1037221,667551791.5967109,1163195125.3474052,1428392841.229193,1.2613978873834657,0.6658430509050403,0.48216710163311194,2,4.175824175824183,3.947368421052655,중립,379241.389141,-1.149,156442.574613,165124.054083,201649.051487,311153.314687,302076.553311,0.9474245014258418,0.6922989130016192,0.5949810427830554,1,5.757575757575761,3.5608308605341144,중립,,0.0,,30.7,관찰,30.7
2026-09-28T07:06:34+09:00,VANA,KRW-VANA,VANAUSDT,1560.0,-0.70019096,592328528.666012,1790546649947,False,False,,520481662.09814745,410509430.81426674,515170172.2216138,784802475.1400633,742608913.0230439,1.267892094624343,0.9128683698104371,0.6444106946464642,2,4.873164218958603,2.746893394375416,중립,285502.11028,0.348,409379.6077,296423.7553,328720.89863,831286.70857,512272.00323,1.3810620787989185,0.8432521124729625,0.7280238954598022,2,6.060606060606055,2.5754884547069423,중립,,0.0,,30.7,관찰,30.7
2026-09-28T07:06:34+09:00,TREE,KRW-TREE,TREEUSDT,66.5,-0.89418778,1834843026.5566618,1790546789520,False,False,,1822910803.6530046,1736925099.6178071,2060314882.9458199,4143205677.2998075,7704238971.842984,1.0495045549483497,0.6887185738958975,0.5146687286085535,2,1.0542168674698704,9.283387622149842,중립,448591.65759,0.616,497174.69671,398941.86128,635977.87179,1071141.08412,1531938.86581,1.246233461474364,0.7082056120867668,0.5975776321853353,2,1.6528925619834656,8.370044052863435,중립,,0.0,,30.6,관찰,30.6
2026-09-28T07:06:34+09:00,VET,KRW-VET,VETUSDT,12.5,-2.34375,757389369.4143677,1790546764025,False,False,,1110578197.936596,863791921.013069,1208455392.947247,3071323794.0764594,1270281345.7985125,1.2857010709640488,0.6477473575905245,0.6294715998177042,2,5.785123966942152,1.5873015873016039,중립,1653445.8791665,0.119,3105022.6978709,2077075.8693211,1874288.7073794,3797549.1906224,2225025.3924656,1.4949009536593327,1.202112757131749,1.1532273010781866,3,5.956576105490519,-0.03217503217504136,중립,,0.0,,30.6,관찰,30.6
2026-09-28T07:06:34+09:00,SLX,KRW-SLX,,96.8,1.57397692,6618446708.453817,1790546793192,False,False,,4607809296.074293,3562415701.9781637,4986684453.448385,19107787809.89808,3643639473.736753,1.2934507596953482,0.49981863127746967,0.6859272944496294,2,-5.643564356435649,5.888888888888877,중립,,,,,,,,,,,,,,NO_DATA,,0.0,,30.4,관찰,30.4
2026-09-28T07:06:34+09:00,PENDLE,KRW-PENDLE,PENDLEUSDT,3541.0,1.22927387,819715366.0061944,1790546774044,False,False,,846850447.0221015,840140410.6259723,1281369647.4021833,2115688278.1443222,1811945550.5843487,1.0079868035286266,0.5995828232485386,0.5610820825125424,2,3.2772364924712027,2.701115678214916,중립,4271077.3765,1.165,4088013.7924,6596483.8093,9014925.6728,8586146.7858,10142198.5292,0.6197261921020024,0.506829749311059,0.46266817089979634,1,4.051863857374394,1.8643395477984992,감소형,,0.0,,30.3,관찰,30.3
2026-09-28T07:06:34+09:00,MOCA,KRW-MOCA,,14.4,1.4084507,474859337.49010175,1790546769625,False,False,,191501365.7372173,166581706.18616933,194407096.8372007,494665611.5166454,273319058.73617876,1.1495942148845453,0.6714207131397728,0.4782499875456006,2,3.649635036496357,1.4285714285714235,중립,,,,,,,,,,,,,,NO_DATA,,0.0,,30.3,관찰,30.3
2026-09-28T07:06:34+09:00,DOS,KRW-DOS,,308.0,-2.5316455700000002,1763903277.6568818,1790546781114,False,False,,1730808432.9591353,1291286134.9064682,2347559901.2211156,3909547061.2758193,1928947704.913857,1.3403756039589965,0.6878848560051232,0.7603844859940595,2,4.290429042904287,6.040268456375841,중립,,,,,,,,,,,,,,NO_DATA,,0.0,,30.2,관찰,30.2
2026-09-28T07:06:34+09:00,SAHARA,KRW-SAHARA,SAHARAUSDT,13.4,0.0,3876132615.2610316,1790546791204,False,False,,4091737000.1330953,3586700200.756401,5670755424.691838,6411877449.244839,5595862604.193922,1.1408082000469921,0.7833907762305784,0.798141358070574,2,4.6875,5.51181102362206,중립,1007321.71826,1.332,1653134.63841,1449471.35524,1594377.95334,2039412.28299,1776150.2971,1.1405086636819242,0.975634211596467,1.00341036617859,2,4.589114194236932,3.703703703703698,중립,,0.0,,30.1,관찰,30.1
2026-09-28T07:06:34+09:00,GEOD,KRW-GEOD,,366.0,1.94986072,3434061530.441159,1790546759703,False,False,,1220507833.774974,637106243.2519096,1092495234.6777556,2025961421.1696436,1268338528.7326832,1.915705342244448,0.9749599726323476,0.7931750932256695,2,2.279202279202286,3.458213256484144,중립,,,,,,,,,,,,,,NO_DATA,,0.0,,29.9,관찰,29.9
2026-09-28T07:06:34+09:00,PRL,KRW-PRL,,165.0,-1.19760479,2048244365.7366927,1790546721011,False,False,,1606130806.212406,1197459194.4558792,1726664075.631089,2575765115.471831,1699254758.4016843,1.3412822864016052,0.8760891277883015,0.9098156754387435,2,6.369426751592355,4.374999999999996,중립,,,,,,,,,,,,,,NO_DATA,,0.0,,29.8,관찰,29.8
2026-09-28T07:06:34+09:00,BTT,KRW-BTT,,0.000511,2.40480962,1440243034.3663921,1790546779108,False,False,,975497707.2225146,652159722.7495574,1509297891.038131,10991623469.202335,29257795231.74678,1.4957956972714268,0.22249487425818248,0.1131854036014479,2,-0.5976095617529764,5.720338983050843,중립,,,,,,,,,,,,,,NO_DATA,,0.0,,29.8,관찰,29.8
2026-09-28T07:06:34+09:00,SYRUP,KRW-SYRUP,SYRUPUSDT,297.0,-1.0,786144609.4675399,1790546473525,False,False,,1087305985.161243,922174180.9328914,1867891821.5083742,1902703161.5017471,1340658259.7620935,1.1790679110765179,0.6950944829220969,0.7633769432752814,2,9.090909090909083,-4.153354632587858,중립,1669374.66005,-1.405,1897914.05905,2052788.08716,2216534.91004,2009543.79215,1436544.38437,0.9245543029605818,0.9068104752289906,1.027447343850909,1,9.990009990010007,-4.798962386511018,중립,,0.0,,29.8,관찰,29.8
2026-09-28T07:06:34+09:00,CRV,KRW-CRV,CRVUSDT,480.0,1.4799154300000001,430407884.66647047,1790546781434,False,False,,616903610.9507459,259539870.064275,847104212.1523826,759612922.4042169,619772540.3167683,2.376912690901671,0.991669865548987,0.9639417248657295,2,6.0538116591928315,-5.020080321285136,중립,2524414.92664,2.348,3432043.37315,3971553.5212,5080269.04276,6223934.73163,4747912.92887,0.8641563949295621,0.6740176555713161,0.615490487803092,1,6.982466933251308,-5.463441152487092,중립,,0.0,,29.7,관찰,29.7
2026-09-28T07:06:34+09:00,POKT,KRW-POKT,,12.8,0.7874015700000001,576029732.1706482,1790546194467,False,False,,530477166.2463315,389865355.95711,437220023.1756466,930469888.0438541,528357085.95992863,1.3606676206046135,0.9054802022217586,0.6988962862520132,2,4.958677685950419,4.958677685950419,중립,,,,,,,,,,,,,,NO_DATA,,0.0,,29.5,관찰,29.5
2026-09-28T07:06:34+09:00,XCN,KRW-XCN,,7.0,-0.28490028,4562192969.0334215,1790546779791,False,False,,1035243575.9021567,616167530.56629,3041938854.4936404,3471930526.9087267,523575838.31889087,1.6801332828276654,0.43558410230571365,0.6022607580476607,2,-2.904564315352709,16.417910447761173,중립,,,,,,,,,,,,,,NO_DATA,,0.0,,29.4,관찰,29.4
2026-09-28T07:06:34+09:00,EUL,KRW-EUL,EULUSDT,2048.0,-1.06280193,1439557457.58649,1790546791519,False,False,,2036415440.3273146,894530364.2578365,1943014679.1289468,12026810982.079859,1914192107.09643,2.2765190782728366,0.4109997305308861,0.5661207647356026,2,6.099436186570983,6.811145510835903,중립,683127.0087,0.802,1280823.66631,558929.24953,887669.94263,3101157.90304,1022163.38048,2.291566718662579,0.8449156185112867,1.031910204589655,2,7.122708039492243,5.779944289693595,중립,,0.0,,29.4,관찰,29.4
2026-09-28T07:06:34+09:00,API3,KRW-API3,API3USDT,382.0,0.0,545002889.1621228,1790546583646,False,False,,709501841.3636439,652410981.0954163,918922735.4122962,9867817848.81384,691226718.2284254,1.0875075097178322,0.18607197500063016,0.2795924431913684,2,5.524861878453047,7.605633802816891,중립,662246.91014,0.788,611330.942317,726719.287029,529007.402933,3241184.735142,565703.915821,0.8412201977138453,0.4078338783176245,0.5315480388006255,1,6.509326227636092,6.468797564687989,중립,,0.0,,29.4,관찰,29.4
2026-09-28T07:06:34+09:00,T,KRW-T,TUSDT,7.92,2.06185567,10263252770.804989,1790546781106,False,False,,5415883989.6512375,2105069605.701688,3262242952.0365148,9992842013.607557,2310030619.6691613,2.5727814296411102,1.0577791970442518,1.182150357958318,2,3.743315508021383,9.915014164305958,중립,1489223.192873,3.363,813472.954541,412870.107776,902794.912274,1636364.876929,859776.697381,1.9702878440944058,0.8266917845650668,0.7978744356979647,2,4.595588235294112,9.213051823416496,중립,,0.0,,29.2,관찰,29.2
2026-09-28T07:06:34+09:00,RE,KRW-RE,REUSDT,661.0,-1.04790419,3656879971.8943396,1790546602919,False,False,,2867501867.24106,2027687767.8427677,2551831665.5209427,4504310120.534931,2092317119.2125452,1.414173282848059,0.9470131017629139,1.0908552041110955,2,8.972267536704726,5.1968503937007915,중립,1777061.62992,1.054,2337986.11263,1443077.61719,1512523.62555,3410339.7021,1792186.18253,1.6201388510082986,1.1017944399209765,1.2429263028439617,2,9.896999552171959,4.737516005121645,중립,,0.0,,29.2,관찰,29.2
2026-09-28T07:06:34+09:00,NEO,KRW-NEO,NEOUSDT,3620.0,-0.33039648,424912261.9170528,1790546767073,False,False,,960346995.8905385,797935834.793989,883157518.4904234,1495313727.8878937,1107958656.3734434,1.2035391243438525,0.9070125188766168,0.913702099422736,2,6.510263929618776,6.823529411764695,중립,688637.03169,0.451,562238.30755,733648.08877,803931.75427,1224065.13992,1070656.52957,0.7663596704690152,0.6107645743958504,0.5861576343226684,1,7.580645161290334,6.125696101829758,중립,,0.0,,29.2,관찰,29.2
2026-09-28T07:06:34+09:00,ZKC,KRW-ZKC,ZKCUSDT,61.6,1.48270181,2379148900.64161,1790546730884,False,False,,3455438784.1736565,1580692279.7088804,4305029227.44298,3322372054.9508696,3653768605.0322175,2.186028760012703,1.1257831257476658,1.1279116369169553,2,8.007117437722421,7.243816254416968,중립,774818.24526,2.715,825262.65865,417812.66952,982698.06784,1149829.64203,938285.38314,1.9751977832507925,0.9707676653506809,0.952332035331378,2,9.046454767726164,6.698564593301448,중립,,0.0,,29.1,관찰,29.1
2026-09-28T07:06:34+09:00,KAITO,KRW-KAITO,KAITOUSDT,488.0,-0.40816326999999997,1393529790.256478,1790546773047,False,False,,2665275256.7620263,1676299452.973401,2705624146.60792,4909042866.376387,2313855096.108805,1.5899756168472114,0.8606021558233956,0.964564970581987,2,9.131403118040083,3.813559322033888,중립,1451602.04833,0.391,2064985.68967,1959004.14913,3456613.44715,4267302.25743,2856122.69261,1.0540997019261378,0.6397819214249107,0.6746418816563134,2,10.466543891958269,3.0936694356917815,중립,,0.0,,29.0,관찰,29.0
2026-09-28T07:06:34+09:00,AGLD,KRW-AGLD,AGLDUSDT,298.0,-1.9736842099999998,212383003.750193,1790546559354,False,False,,391886313.2874657,363038766.0179357,472344061.63764673,539389090.5506123,902989025.4194108,1.0794613412389817,0.855166536567316,0.578139063172483,2,5.555555555555558,9.35251798561152,중립,127515.37096,-1.432,213964.41281,212252.08316,291713.70059,399293.44727,448218.19196,1.0080674338951445,0.7106412161491513,0.6094919826253847,2,7.0678127984718175,8.940719144800768,중립,,0.0,,29.0,관찰,29.0
2026-09-28T07:06:34+09:00,LPT,KRW-LPT,LPTUSDT,2433.0,2.70156184,1045687449.0178038,1790546548396,False,False,,479214082.84828466,329803739.3906603,584352637.4498216,2199737303.010241,552491485.3387672,1.453028045508739,0.46168636323311246,0.3274308838501635,2,5.242114615726345,1.0234541577825107,중립,1625916.97749,3.109,1307100.89314,1436612.11208,2013358.4461,2733593.65007,1162118.98918,0.9098495565706409,0.6341492620369767,0.6383101765082733,1,6.349206349206349,0.3456221198156584,중립,,0.0,,28.8,관찰,28.8
2026-09-28T07:06:34+09:00,POWR,KRW-POWR,POWRUSDT,95.3,-2.45649949,649702136.2431504,1790546773053,False,False,,1639108515.52632,889592822.0878876,1285140919.4390612,10935424031.639046,683905376.3859506,1.8425379283966206,0.3750775262707969,0.5521170516510342,2,4.603854389721618,13.736903376018628,중립,153683.4845,-1.953,210354.5347,199611.0425,300476.8309,1125712.2561,96384.7162,1.0538221336126732,0.388155710317281,0.5380620185754993,2,5.433186490455233,13.070866141732296,중립,,0.0,,28.4,관찰,28.4
2026-09-28T07:06:34+09:00,BREV,KRW-BREV,BREVUSDT,122.0,-2.4,312552335.03469616,1790546787157,False,False,,291500795.6545754,238577412.48295832,424146050.858519,899154086.7775248,3915134182.15773,1.2218289762673884,0.5599045756801463,0.24161201778082775,2,7.758620689655182,8.695652173913038,중립,229664.64267,-1.535,163942.35967,258923.4015,198807.07642,387067.17133,839998.85869,0.6331693416672498,0.5821832949542858,0.41767522672651614,1,7.900943396226423,7.14285714285714,감소형,,0.0,,28.4,관찰,28.4
2026-09-28T07:06:34+09:00,BARD,KRW-BARD,BARDUSDT,202.0,0.0,479332989.4026091,1790546782093,False,False,,634597802.23686,593484930.9725345,829416272.3279619,1272499316.985045,1061732422.0339231,1.0692736565306797,0.7063118792115165,0.6753122212294751,2,7.446808510638303,9.782608695652172,중립,409880.28626,1.088,447061.10581,798908.81838,591125.71265,851408.64291,564644.8785,0.5595896496881024,0.5983570464882557,0.697302176489727,1,8.797653958944295,9.037472446730344,감소형,,0.0,,28.2,관찰,28.2
2026-09-28T07:06:34+09:00,0G,KRW-0G,0GUSDT,357.0,-0.27932961,2961594296.3362336,1790546784712,False,False,,4988616669.185425,2769289982.2243867,4918818100.313952,13441554283.758232,5135368829.580481,1.80140638979902,0.7082862824835267,0.8318658719955307,2,6.231454005934722,12.933753943217674,중립,1405813.093389,0.459,2584348.675674,1551855.682323,2225640.132211,4773223.872767,2129528.963167,1.6653279716097331,0.9067126874169836,0.958497213452571,2,6.959706959706957,12.16389244558258,중립,,0.0,,28.0,관찰,28.0
2026-09-28T07:06:34+09:00,LAYER,KRW-LAYER,LAYERUSDT,114.0,2.7027026999999997,1394391749.8994088,1790546748153,False,False,,1026309590.0710856,670782290.8856579,672995809.8412343,1444919044.3070695,765271334.4093354,1.5300189107795499,1.1040742719933327,0.9664563820343975,2,7.7669902912621325,5.714285714285716,중립,623784.215429,3.965,423824.055424,334884.443716,311872.887143,464393.371591,389111.41304,1.2655829895264576,1.1442841762764526,0.9886285481882996,3,9.919571045576415,6.493506493506507,중립,,0.0,,27.7,관찰,27.7
2026-09-28T07:06:34+09:00,SAFE,KRW-SAFE,,159.0,0.63291139,355562593.5721544,1790546183964,False,False,,293923422.0594258,228781778.53233784,642112008.6655991,394477936.05983543,501917251.8879182,1.2847326563547992,0.696846823720787,0.48405090613871204,2,8.965517241379306,7.48299319727892,중립,,,,,,,,,,,,,,NO_DATA,,0.0,,27.7,관찰,27.7
2026-09-28T07:06:34+09:00,COW,KRW-COW,COWUSDT,217.0,3.33333333,19062761545.53392,1790546791853,False,False,,336694762.9016514,307617798.7079198,396618244.6530735,416311128.8220103,232502692.1942505,1.09452302277652,0.9014205861027251,1.0257589878678437,2,8.247422680412363,-2.3255813953488413,중립,4648550.28828,4.79,425902.24064,409844.50155,612222.78088,515618.36643,576404.04522,1.0391800769054382,0.8309284299214591,0.7328186051975173,2,9.432624113475185,-3.0169704588309254,중립,,0.0,,27.6,관찰,27.6
2026-09-28T07:06:34+09:00,MTL,KRW-MTL,MTLUSDT,461.0,-2.12314225,519388296.7910532,1790546730244,False,False,,1062766943.3135656,954927968.0164298,1520091374.1976013,1013703917.0019915,3192336101.885564,1.1129289107754778,0.9138875723427728,0.6890254365440881,2,9.027777777777768,11.61137440758293,중립,264633.89873,-2.131,363763.66787,301303.61562,522791.25206,314972.66998,527729.1758,1.2072993784740167,0.9580564519043815,0.9320133479519574,2,10.317460317460302,10.66878980891719,중립,,0.0,,27.3,관찰,27.3
2026-09-28T07:06:34+09:00,ATH,KRW-ATH,,8.63,-0.57603687,1242668852.6472666,1790546766699,False,False,,1837788426.3344338,1420991113.4247174,2186292856.8161902,12795420198.684797,1174205146.0481954,1.293314510535676,0.3361253865352373,0.4689559224800827,2,7.558859975216836,14.361001317523048,중립,,,,,,,,,,,,,,NO_DATA,,0.0,,27.2,관찰,27.2
2026-09-28T07:06:34+09:00,MMT,KRW-MMT,MMTUSDT,247.0,5.55555556,4906173300.374183,1790546785061,False,False,,591563442.2212769,533076983.26801175,820621231.7090731,1300878533.890594,870445235.0457644,1.1097148456771022,0.6685398444105384,0.6297863122193915,2,1.7391304347825987,4.0000000000000036,중립,1966096.02125,6.925,460386.72111,379828.81436,512169.90532,1246728.72979,655691.58185,1.2120900355749407,0.6457859619617575,0.6194662930401055,2,2.9358897543439344,3.0593881223755393,중립,,0.0,,27.1,관찰,27.1
2026-09-28T07:06:34+09:00,BLUR,KRW-BLUR,BLURUSDT,28.3,-1.73611111,806963387.5220377,1790546773390,False,False,,969628729.7145889,1022404853.1101134,433045591.72313356,1049827901.1822863,1036313231.7456821,0.9483804060250871,1.1611029943120463,0.8742920725907767,1,8.270676691729317,5.882352941176472,중립,191101.774089,-1.651,419150.937922,268239.559108,186274.266864,338481.653337,279790.156146,1.5625992650593319,1.5856998514817746,1.323784166877144,3,9.349173553719027,5.323383084577116,가속형,EARLY,5.0,Binance 연속가속 우위,27.1,관찰,27.1
2026-09-28T07:06:34+09:00,IN,KRW-IN,,55.1,3.57142857,25473782574.149773,1790546760028,False,False,,2474954558.2258844,911806275.5038447,1465270296.4348595,3770871642.2945056,15308473023.805813,2.7143425360373588,1.207697823070181,0.5452939676479234,2,7.692307692307709,11.297071129707126,중립,,,,,,,,,,,,,,NO_DATA,,0.0,,26.6,관찰,26.6
2026-09-28T07:06:34+09:00,BABY,KRW-BABY,BABYUSDT,19.1,0.52631579,437593539.1248868,1790546503012,False,False,,896033971.0459964,215373224.33652237,356897057.9758629,605455744.7041986,889770508.8106133,4.160377752649216,2.282450970322436,1.4339757704417786,2,12.426035502958598,13.772455089820369,일회성 폭증형,19919598.68183,2.709,51266665.08328,62481594.10353,12561297.49116,61748014.22513,33804045.43625,0.8205082763786848,1.124343715162061,1.4936017105122161,1,13.344182262001624,12.06757843925985,중립,YES,7.0,Binance D2 선행→Upbit D1 확산,26.6,관찰,26.6
2026-09-28T07:06:34+09:00,IOST,KRW-IOST,IOSTUSDT,1.33,-2.9197080300000002,2904841146.61229,1790546791851,False,False,,1967976181.589408,1804204618.5581985,2517950308.568976,5258975556.2138605,3636022403.644857,1.0907721670516979,0.6162037512205414,0.5509967744890569,2,12.295081967213118,14.166666666666682,중립,969360.169326,-3.171,1138678.630271,994238.752473,871373.421503,2227265.337177,1530872.772679,1.1452768537121798,0.8346293974115713,0.7856602979416962,3,14.592760180995468,13.948256467941512,중립,,0.0,,25.6,관찰,25.6
2026-09-28T07:06:34+09:00,VTHO,KRW-VTHO,VTHOUSDT,1.04,-4.5871559600000005,2841289005.7313085,1790546758725,False,False,,4298064701.475723,4149435438.5427394,12691708850.139778,8107500175.069359,5827670285.000215,1.0358191530231837,0.5168294463116531,0.6358122865690056,2,11.794871794871797,15.957446808510657,중립,75926774.035159,-5.0,20951947.94085,123415999.189048,10561752.233996,2696095.300426,2248886.534551,0.169766870410018,0.4598966468670866,0.7433816797878147,1,12.270803949224263,14.367816091954033,감소형,,0.0,,25.4,관찰,25.4
2026-09-28T07:06:34+09:00,PEPE,KRW-PEPE,PEPEUSDT,0.00589,-1.00840336,3632714345.367943,1790546760666,False,False,,3898243059.6748586,4655450252.4479,4828118137.286753,8877552221.897602,31341110292.91143,0.8373503846647504,0.636928944936817,0.2513084872517552,1,0.0,-7.751937984496116,중립,21721645.70900829,-0.685,23566775.67035119,42050527.63656829,50701723.87102505,85551330.02034888,123825241.03097545,0.5604394759093789,0.39651658371188697,0.26930233105448975,1,0.691244239631339,-8.385744234800852,감소형,,0.0,,25.0,관찰,25.0
2026-09-28T07:06:34+09:00,ZAMA,KRW-ZAMA,ZAMAUSDT,112.0,-9.67741935,3442268122.8298297,1790546794175,False,False,,2571693775.362149,2705082600.4775496,2750667903.114675,4429447156.746226,10603773283.39481,0.950689555619539,0.7804680888720131,0.28608083288183145,1,-1.5873015873015928,-3.875968992248058,중립,9864526.70932,-8.765,8136590.46947,11666643.15932,17720900.90555,29938185.05938,28668230.89694,0.6974234454895463,0.4114533739195505,0.32416043089537105,1,-1.1076121185796595,-4.5987848313429724,감소형,,0.0,,25.0,관찰,25.0
2026-09-28T07:06:34+09:00,SKR,KRW-SKR,,25.6,-4.83271375,988190895.5171043,1790546764348,False,False,,797704642.9124533,843480404.2992849,868533605.7360632,2969525965.1889606,11542752996.679033,0.9457299053380386,0.5111809236708904,0.18697538232513145,1,-4.6099290780141855,-6.597222222222232,중립,,,,,,,,,,,,,,NO_DATA,,0.0,,25.0,관찰,25.0
2026-09-28T07:06:34+09:00,SKY,KRW-SKY,SKYUSDT,109.0,2.83018868,575362268.2824235,1790546665255,False,False,,569418022.7821141,468139735.9796117,542916176.2963797,1103636241.5894055,267425575.24606377,1.2163420000880107,0.807802717394995,1.0281767303917295,2,10.301768990634752,11.227701993704088,중립,4080890.82987,3.592,2948962.05844,2793431.14192,3487512.6418,7869211.11034,3254812.39906,1.0556773761794247,0.6252147938701204,0.7376470794295348,2,11.705016435615256,10.70821529745043,중립,,0.0,,24.8,관찰,24.8
2026-09-28T07:06:34+09:00,ARB,KRW-ARB,ARBUSDT,303.0,0.0,16263818872.295616,1790546773393,False,False,,9514963647.431482,11271835402.889294,11907827161.115238,21374001390.475693,13298757309.570389,0.844136141749597,0.6406856004358769,0.5523646691387788,1,2.020202020202011,-0.6557377049180357,중립,35434623.90431,-0.975,22155430.97217,34270904.16426,30392679.07667,57518353.49166,35688759.7088,0.6464793244432451,0.5439944290781669,0.5237227358030866,1,2.824074074074079,-1.6386182462356125,감소형,,0.0,,24.3,관찰,24.3
2026-09-28T07:06:34+09:00,HBAR,KRW-HBAR,HBARUSDT,128.0,0.0,7996224540.380933,1790546775707,False,False,,8031553194.968876,10266904064.419823,7837796522.098043,14375027606.343346,17750182229.6132,0.7822760536744856,0.7418368602666583,0.5580467929108797,1,2.400000000000002,0.7874015748031482,중립,10003894.46839,1.092,8082551.50232,17135320.24943,14905687.12617,24203118.76372,32928567.84822,0.4716895502778165,0.4311144322323923,0.34981574453772346,1,3.314917127071837,0.14995715509853458,감소형,,0.0,,24.0,관찰,24.0
2026-09-28T07:06:34+09:00,LA,KRW-LA,LAUSDT,98.6,-3.33333333,3012515689.3004856,1790546787475,False,False,,2722968081.139513,3471991488.9506016,4287843837.590035,7956574494.688955,4630406642.115474,0.7842669228323833,0.5197691035254154,0.5019191063636202,1,3.238866396761142,-0.9708737864077666,중립,936449.8999,-2.933,1226975.31185,1088093.06814,1002037.29086,2375708.42475,871991.22914,1.1276382028123815,0.8242406664888825,0.9642410222765003,3,3.899721448467952,-1.7127799736495364,중립,,0.0,,23.9,관찰,23.9
2026-09-28T07:06:34+09:00,XEC,KRW-XEC,XECUSDT,0.012,-0.8264462800000001,775503589.2173623,1790546707288,False,False,,726006029.491558,917789131.0954138,1804505048.3327699,9529571487.652,13884876390.773117,0.7910379464017449,0.17777032067261722,0.1289059657401784,1,0.0,5.217391304347818,중립,518645.45605317,-0.902,601111.05504357,398455.12504319,886503.58374443,1496958.10026248,2556422.33350247,1.5086041495348148,0.648234037503971,0.4967603733088195,2,1.258581235697953,4.7337278106508895,중립,,0.0,,23.9,관찰,23.9
2026-09-28T07:06:34+09:00,ONG,KRW-ONG,ONGUSDT,131.0,-1.5037593999999999,1882295761.4396281,1790546715881,False,False,,5347414116.075403,6209993635.70062,2762881478.364678,3721267476.097185,3682986318.3517327,0.8610981636653644,1.2637515479508152,1.257764195813711,1,9.016393442622949,6.400000000000006,중립,428242.92674,-0.609,944929.66237,1551278.22566,754212.99859,942023.54525,1560541.39826,0.6091297142831837,0.8729102677942417,0.727284736920224,1,10.138040280606475,5.403356794802372,감소형,,0.0,,23.8,관찰,23.8
2026-09-28T07:06:34+09:00,1INCH,KRW-1INCH,1INCHUSDT,140.0,0.0,249028663.91351488,1790546779439,False,False,,306865123.6683576,325141851.0759618,418180490.8950451,513773228.5490787,348475685.6499942,0.9437884500345842,0.7323193181121497,0.7436230134492562,1,3.703703703703698,0.0,중립,442956.65703,0.685,415697.09215,690369.47943,488621.53171,769396.48919,633990.81722,0.602137122998569,0.64006327090416,0.5801967309071269,1,4.480651731160901,-0.6776379477250738,감소형,,0.0,,23.7,관찰,23.7
2026-09-28T07:06:34+09:00,ARDR,KRW-ARDR,,42.5,-2.7459954200000003,825737832.0534178,1790546729254,False,False,,1498862910.8178852,1771026807.208894,1046520920.4602914,777376998.9750688,591853689.1637864,0.8463242367178314,1.2508158235210325,1.5405165911389527,1,10.075566750629728,11.764705882352944,중립,,,,,,,,,,,,,,NO_DATA,,0.0,,23.6,관찰,23.6
2026-09-28T07:06:34+09:00,HYPER,KRW-HYPER,HYPERUSDT,103.0,0.0,398940605.9927643,1790546781106,False,False,,391849242.9942492,473711409.81540173,449491196.5298366,728547877.8815129,579877605.5458204,0.8271897929309894,0.711698128869063,0.6654308202604755,1,3.5175879396984966,0.9803921568627416,중립,395650.87679,0.799,457223.40317,514442.03721,509024.91747,808074.36201,680614.7457,0.8887753529040575,0.7489157885823243,0.7134314385259615,1,4.132231404958686,0.13245033112583293,중립,,0.0,,23.6,관찰,23.6
2026-09-28T07:06:34+09:00,ORBS,KRW-ORBS,,10.2,0.0,156587213.9201463,1790546725321,False,False,,177096651.04039443,204319278.92087072,310613852.3240799,460617911.8109733,1162541242.1165261,0.8667642719558581,0.5446049767492553,0.3339381251554274,1,0.990099009900991,5.8091286307053736,중립,,,,,,,,,,,,,,NO_DATA,,0.0,,23.4,관찰,23.4
2026-09-28T07:06:34+09:00,ZORA,KRW-ZORA,,11.6,-4.1322314,1137727272.0360706,1790546773398,False,False,,1317407655.3298965,1466478020.6642866,1878670248.1246493,3255992507.7118173,2744705594.16971,0.8983480398384258,0.5987181761157278,0.5983733174529751,1,1.680672268907557,6.140350877192979,중립,,,,,,,,,,,,,,NO_DATA,,0.0,,23.1,관찰,23.1
2026-09-28T07:06:34+09:00,BSB,KRW-BSB,,146.0,-2.66666667,391073557.1998495,1790546727625,False,False,,373641532.7804729,394155605.7648663,336563707.6749792,589957087.1526254,376302059.26880765,0.9479543797313614,0.8487503811217939,0.8184347956103245,1,2.7397260273972712,4.895104895104896,중립,,,,,,,,,,,,,,NO_DATA,,0.0,,23.0,관찰,23.0
2026-09-28T07:06:34+09:00,GAME2,KRW-GAME2,,1.43,0.70422535,366394496.6591632,1790546782431,False,False,,121854175.78458758,137201729.71968195,148620032.5038228,313459664.05012065,108230689.9990315,0.8881387722556334,0.6100014305913943,0.6669269833776468,1,3.649635036496335,0.7092198581560183,중립,,,,,,,,,,,,,,NO_DATA,,0.0,,23.0,관찰,23.0
2026-09-28T07:06:34+09:00,HOME,KRW-HOME,HOMEUSDT,8.43,-3.32568807,1068596821.371369,1790546769301,False,False,,2251639081.4195375,2917834491.75198,4086170245.3798304,1935064489.7062762,3078174757.432788,0.7716815630853575,0.7556622588823995,0.6008273656827607,1,6.082725060827254,-6.135629709364898,중립,717733.37674,-2.813,860520.30048,1467973.66799,1626470.62157,1831697.71185,2417582.42171,0.586196005585205,0.5240532856545923,0.42459404187687805,1,7.214765100671139,-6.986899563318783,감소형,,0.0,,22.9,관찰,22.9
2026-09-28T07:06:34+09:00,META,KRW-META,,12.1,-1.6260162599999999,203374827.72354344,1790546514609,False,False,,132784484.93596867,155690118.2106462,71827156.00219592,220086717.60263973,228579311.0627792,0.8528767686868437,0.8899685036145105,0.7295650581589369,1,3.3613445378151363,4.237288135593209,중립,,,,,,,,,,,,,,NO_DATA,,0.0,,22.9,관찰,22.9
2026-09-28T07:06:34+09:00,MASK,KRW-MASK,MASKUSDT,658.0,1.07526882,718071768.6737987,1790546707915,False,False,,581026626.8983643,619798598.2168812,530394547.8678803,1013632685.6284941,714049576.2263523,0.9374442416777624,0.8055546131062554,0.2641546480872794,1,3.8277511961722466,-1.0638297872340385,중립,435241.7327,2.316,360586.2425,564922.6117,479760.1577,781487.8333,510594.476,0.638293166235463,0.5923645501141107,0.3771271144946455,1,4.814004376367609,-1.4403292181069949,감소형,,0.0,,22.8,관찰,22.8
2026-09-28T07:06:34+09:00,ERA,KRW-ERA,ERAUSDT,95.5,0.31512605,1834863190.052607,1790546524995,False,False,,725638871.1664078,742092960.1718245,676731388.6100804,1492755003.0251193,792835488.5428588,0.9778274557386896,0.7476755226156402,0.6416340429699477,1,4.271631982475355,2.9189189189189113,중립,998618.13704,0.862,425282.69015,504428.99915,386374.36391,731751.98087,594952.67761,0.8430972265009201,0.7863202171950335,0.6825322347195344,1,5.128205128205132,2.1994134897360684,중립,,0.0,,22.6,관찰,22.6
2026-09-28T07:06:34+09:00,ELF,KRW-ELF,,106.0,2.9126213599999997,1233694577.5935085,1790546464267,False,False,,207462018.09065077,248771073.66511115,371333818.55757296,510951601.3169092,316554082.8908878,0.8339475126032156,0.5502696442016097,0.5792225905851035,1,0.0,0.9803921568627416,중립,,,,,,,,,,,,,,NO_DATA,,0.0,,22.5,관찰,22.5
2026-09-28T07:06:34+09:00,CHZ,KRW-CHZ,CHZUSDT,22.4,-1.75438596,2101427410.3190935,1790546786113,False,False,,2164912543.588663,2757985181.9071245,2736395827.3068814,3951817709.7122498,4335430932.745071,0.784961629885061,0.6875503918579687,0.6352409433094615,1,4.109589041095907,5.069124423963145,중립,1023450.84579,-0.601,2165420.0321,2105177.91638,2088439.12614,3143906.64532,3163725.74878,1.0286161636274385,0.8853477511855707,0.8084686192677552,3,5.303030303030298,4.054897067997509,중립,,0.0,,22.4,관찰,22.4
2026-09-28T07:06:34+09:00,MOVE,KRW-MOVE,MOVEUSDT,13.1,-0.75757576,1654789241.9678686,1790546788855,False,False,,1606827041.1127176,1743283169.4483628,1784735854.5757542,2767534829.512264,1767934312.9040487,0.9217246338821565,0.7656961143506634,0.8039022629341158,1,5.600000000000005,3.124999999999978,중립,1969301.1867465,-0.611,679238.6481968,517529.7727365,402751.1714395,1191114.5643139,244648.76213,1.3124629421902534,0.9651038549607428,1.2919684034136998,3,6.9346289752650225,3.021276595744671,중립,,0.0,,22.4,관찰,22.4
2026-09-28T07:06:34+09:00,ZETA,KRW-ZETA,,72.5,-2.8150134,2510131539.52725,1790546767129,False,False,,3068877780.0882287,3497202941.3979015,4238094682.1487226,12969103337.744614,65739964302.55201,0.8775235042154966,0.444670355712166,0.06740712172040281,1,8.11594202898549,-2.4836601307189565,중립,,,,,,,,,,,,,,NO_DATA,,0.0,,22.2,관찰,22.2
2026-09-28T07:06:34+09:00,IQ,KRW-IQ,IQUSDT,1.3,-0.76335878,692088335.5244743,1790546785725,False,False,,640841967.8301753,727106329.7285781,678098441.7231289,1811662970.1155417,615969115.1320715,0.8813593578113885,0.5976390880633087,0.7038628187348888,1,3.9682539682539764,6.50406504065042,중립,130562.987733,1.046,113470.413058,625510.006986,163683.027893,311192.54973,106093.187858,0.18140463268486073,0.30935632376078276,0.4211698820888221,1,4.787812840043526,5.016357688113415,감소형,,0.0,,22.2,관찰,22.2
2026-09-28T07:06:34+09:00,ZKP,KRW-ZKP,ZKPUSDT,70.2,-0.14224751,1238797261.2008379,1790546768855,False,False,,554386175.5434818,562272310.009124,1482892648.0525103,1157961395.1327899,1442231102.5746515,0.9859745281329713,0.5192297596914357,0.4598970692570592,1,5.714285714285716,4.148148148148145,중립,410042.49016,0.778,331786.96839,326629.25086,441485.97847,417582.73057,429868.44201,1.015790739856948,0.8394725628556765,0.8197398253940041,2,7.039337474120089,3.607214428857719,중립,,0.0,,22.1,관찰,22.1
2026-09-28T07:06:34+09:00,HOLO,KRW-HOLO,HOLOUSDT,92.3,-0.96566524,1169903460.3604732,1790546649296,False,False,,711058587.2146423,825060671.44109,732718547.5869237,2367824615.3920426,1068109492.6874787,0.861825816970131,0.5434006720036405,0.5712805061483051,1,4.719101123595504,5.549263873159682,중립,649274.52037,-0.586,450589.92182,547524.64925,743002.48209,2534038.52106,776361.55837,0.8229582402129633,0.35344399555848505,0.40196115170832386,1,6.346749226006176,4.7256097560975485,중립,,0.0,,22.1,관찰,22.1
2026-09-28T07:06:34+09:00,DRV,KRW-DRV,,579.0,2.65957447,20073584076.814053,1790546793838,False,False,,7341146050.198865,7846768030.728816,20079111650.90578,61977989364.305725,29424290827.87502,0.9355630268984786,0.2449665224011967,0.27719578730197075,1,-16.196136701337295,4.0590405904058935,중립,,,,,,,,,,,,,,NO_DATA,,0.0,,22.0,관찰,22.0
2026-09-28T07:06:34+09:00,GLM,KRW-GLM,GLMUSDT,176.0,0.57142857,621046568.7254173,1790546750814,False,False,,437786224.91856146,510658644.7384,525595074.9860031,669380080.1540663,577744860.6398064,0.8572971973143242,0.7700121062617687,0.7645364980752964,1,4.79041916167664,4.166666666666674,중립,149841.92323,1.17,85849.98299,105343.31453,155335.40274,204053.13501,127156.30963,0.8149542604865673,0.5541904384355103,0.5410675314625689,1,6.363636363636371,3.6231884057970953,중립,,0.0,,21.9,관찰,21.9
2026-09-28T07:06:34+09:00,AUCTION,KRW-AUCTION,AUCTIONUSDT,5210.0,-2.1596244099999997,479576194.42962176,1790546764364,False,False,,512985859.35526645,626187696.5127835,5813449819.581058,779707443.8509535,803985070.5651492,0.8192205982520353,0.21317135925827368,0.2864439576209432,1,4.71976401179941,6.627953544253096,중립,297153.88643,-1.742,381556.56009,374011.50177,1235923.616,678146.61102,702998.48775,1.0201733323288007,0.5002748222963751,0.5526854012835202,2,5.558553696708035,5.729729729729716,중립,,0.0,,21.9,관찰,21.9
2026-09-28T07:06:34+09:00,KAT,KRW-KAT,KATUSDT,7.03,1.00574713,717736431.8219434,1790546630379,False,False,,590267839.1414254,702462335.4967556,1499218082.5611184,2091643418.4949753,1673274775.0686462,0.8402839687113041,0.41245514776869735,0.4342568418878169,1,3.7257824143070106,4.8192771084337505,중립,383377.88251,0.581,510257.38691,656576.01203,769216.82778,1149008.20212,1218653.93049,0.7771489935070695,0.5945205613178466,0.56385620767149,1,5.102040816326525,4.887983706720966,중립,,0.0,,21.8,관찰,21.8
2026-09-28T07:06:34+09:00,NXPC,KRW-NXPC,NXPCUSDT,335.0,-2.33236152,424472651.9969343,1790546758047,False,False,,621506456.0041522,686056408.8823014,840251522.1155685,1898021095.1757982,11161113796.0197,0.9059115955445824,0.5444918854938023,0.2018973184970031,1,4.255319148936176,7.8616352201257955,중립,230522.75886,-1.108,306837.95293,264367.4467,375679.60783,512491.95133,3178573.89759,1.1606495306443494,0.7986834754483059,0.3149703095279162,2,4.508196721311486,8.510638297872353,중립,,0.0,,21.8,관찰,21.8
2026-09-28T07:06:34+09:00,SONIC,KRW-SONIC,,37.6,1.34770889,8034669087.962333,1790546755088,False,False,,781674966.1993244,817953896.4383346,1977507359.3659985,1212863885.2899134,5819485689.929285,0.9556467297277002,0.5850385924425774,0.3149525732360922,1,5.099150141643083,2.203856749311317,중립,,,,,,,,,,,,,,NO_DATA,,0.0,,21.7,관찰,21.7
2026-09-28T07:06:34+09:00,MBL,KRW-MBL,MBLUSDT,1.16,0.8695652200000001,345653788.1262888,1790546776383,False,False,,319658586.47516066,320329527.38805723,222326450.02686757,609725695.8088008,246468092.2191028,0.9979054665413851,0.8321685268933504,0.9478347598547805,1,4.545454545454519,4.545454545454519,중립,159195.304029,1.181,171838.523289,242830.114059,179429.759492,487160.9855,419044.387749,0.7076491478616557,0.5668613873723453,0.4997151282741004,1,5.230386052303859,3.5539215686274606,감소형,,0.0,,21.7,관찰,21.7
2026-09-28T07:06:34+09:00,WAVES,KRW-WAVES,,405.0,-1.9370459999999998,1325491532.8051577,1790546777340,False,False,,2025617903.8091538,2362317773.48922,11326988386.6373,5880565288.264212,1133023063.365268,0.8574705429309158,0.3105208803978716,0.4576493857964605,1,5.35714285714286,6.994818652849744,중립,,,,,,,,,,,,,,NO_DATA,,0.0,,21.6,관찰,21.6
2026-09-28T07:06:34+09:00,THETA,KRW-THETA,THETAUSDT,314.0,-0.63291139,237902138.6590219,1790546773390,False,False,,311815069.75217295,344530206.5192967,324425685.50521815,767327915.9683614,423235969.0430854,0.9050442134010929,0.6512955197648225,0.6705492801398459,1,7.849829351535842,3.60655737704918,중립,674790.56552,0.303,713257.57624,920902.18724,1113380.07981,1179074.65749,1475716.26513,0.7745204497533842,0.6658994873488303,0.6132106838022731,1,8.212785814279044,2.929427430093212,중립,,0.0,,21.5,관찰,21.5
2026-09-28T07:06:34+09:00,MINA,KRW-MINA,MINAUSDT,198.0,1.02040816,740769337.0648,1790546797082,False,False,,1109735214.3021643,1473691638.4910636,2347674969.4345565,3772633172.863013,6766742124.402386,0.7530308141250227,0.4383994915734322,0.28313750864412174,1,-2.487562189054726,12.643678160919535,중립,1133755.841,2.962,1391407.84778,2948998.69498,3009125.85164,6166012.91159,8662819.3013,0.4718238262188978,0.3442903511881067,0.2642812581782696,1,-1.0224948875255602,12.99610894941634,감소형,,0.0,,21.4,관찰,21.4
2026-09-28T07:06:34+09:00,ZBT,KRW-ZBT,ZBTUSDT,122.0,-1.61290323,1555416299.6856887,1790546747178,False,False,,1524275724.480649,1607927902.5807061,1656790508.8743086,2931961391.667702,3073702431.618949,0.9479751685596125,0.7379479525693008,0.7100959371601645,1,5.084745762711873,8.771929824561408,중립,506944.77379,-0.994,499475.38229,673894.20054,666362.16756,1541447.88195,2216729.6727,0.7411777425740776,0.5199791570713758,0.4446966119337454,1,6.2937062937062915,8.700834326579265,감소형,,0.0,,21.3,관찰,21.3
2026-09-28T07:06:34+09:00,BERA,KRW-BERA,BERAUSDT,320.0,-1.2345679,1226563176.2288496,1790546764710,False,False,,1679268793.045924,1778540360.0679815,1736413044.9187348,2968571353.1576314,2999838056.5819864,0.9441836860996153,0.7770166023981753,0.4550415936456724,1,8.000000000000007,4.180064308681675,중립,953829.1477372,-0.127,1076542.7388063,878642.6444354,835973.725652,1625723.7675311,1425841.7938964,1.2252338827670572,0.9668560934999477,0.6575850205387849,3,8.497030607583355,3.5761011774967155,중립,,0.0,,21.3,관찰,21.3
2026-09-28T07:06:34+09:00,ALGO,KRW-ALGO,ALGOUSDT,159.0,-1.24223602,2719787687.3304067,1790546777016,False,False,,4804599451.429185,5397254106.955454,3808832316.582384,3629799137.10771,4539579616.088626,0.8901933013006533,1.1229297960149973,1.0974858663158973,1,11.805555555555557,5.228758169934644,중립,3340359.1129,-0.423,3382384.093,5331410.7496,4241551.6487,4416722.3891,4506080.3258,0.6344257180435348,0.7253310159024577,0.6485061769563895,1,13.32694151486098,5.066666666666664,감소형,,0.0,,21.2,관찰,21.2
2026-09-28T07:06:34+09:00,OPG,KRW-OPG,OPGUSDT,177.0,-4.83870968,799429308.3668466,1790546643898,False,True,거래량급등,5097549420.003546,184430144.7257397,350458456.370961,1177705088.7889283,3036057761.1828437,27.639458980981402,8.929525053331194,1.0605169432229606,2,8.771929824561408,5.084745762711873,일회성 폭증형,717283.66161,-4.389,2055370.71337,539048.84836,654244.29941,2577499.13906,2761613.26933,3.812958175540587,1.635229859158771,0.7056051477644433,2,10.024057738572555,5.457340507302066,고수준 유지형,,0.0,,21.1,관찰,21.1
2026-09-28T07:06:34+09:00,IMX,KRW-IMX,IMXUSDT,240.0,6.19469027,522816246.9702274,1790546781106,False,False,,734383159.4712043,695058425.5296264,1420214291.307391,595886747.0028359,631511117.748116,1.0565775947707028,0.812622609550698,0.774535431305402,2,12.99999999999999,10.784313725490202,중립,872190.911665,7.134,922221.479567,1083131.136842,836509.928384,995978.850852,674129.343599,0.8514402810502228,0.9489112155683961,0.9908103827244226,1,13.82393397524071,9.313077939233816,중립,,0.0,,21.1,관찰,21.1
2026-09-28T07:06:34+09:00,ICP,KRW-ICP,ICPUSDT,4280.0,-1.4732965,662804919.6289686,1790546734605,False,False,,1044431910.9403377,1207825298.2587032,1556207005.9598398,2458192512.2722893,802934184.8936639,0.8647210092768164,0.5999925018407168,0.6879032444529058,1,8.005967180507213,6.10649731314119,중립,7959682.33495,-1.094,12833701.23801,11860567.83825,16246236.6791,16980964.87637,10252047.55139,1.082047791727279,0.8539145810879831,0.9512670782889325,2,9.33333333333335,5.509732761464847,중립,,0.0,,20.9,관찰,20.9
2026-09-28T07:06:34+09:00,ZRX,KRW-ZRX,ZRXUSDT,171.0,-1.7241379300000002,188097907.66236222,1790545880464,False,False,,220507742.40611386,281156652.29055727,356970795.0249217,477787100.75450057,389216230.3164692,0.7842878360147543,0.5928081396218674,0.5821917381757564,1,7.407407407407418,7.407407407407418,중립,119848.7922,-1.723,147548.105,268044.7154,232768.9433,264175.5541,285828.5206,0.5504607870362812,0.5786281787946279,0.5580174178641982,1,9.129692832764524,7.298657718120816,감소형,,0.0,,20.8,관찰,20.8
2026-09-28T07:06:34+09:00,IOTA,KRW-IOTA,IOTAUSDT,68.6,-1.43678161,1213233086.047516,1790546788530,False,False,,1526513158.1693034,1559266960.454715,1194717089.766715,1725997795.4161372,1212267762.6566405,0.9789941022826136,1.0222227750693427,0.9119957721524448,1,9.262166405023532,5.454545454545445,중립,1153189.2307,0.0,1256384.4243,993385.2837,833936.3691,1143934.2513,737933.6601,1.2647503893156375,1.2685387575331333,1.3300670954265787,3,10.799136069114468,5.555555555555558,중립,,0.0,,20.7,관찰,20.7
2026-09-28T07:06:34+09:00,ETHFI,KRW-ETHFI,ETHFIUSDT,964.0,-2.9204431,1296205350.3164253,1790546736258,False,False,,1357545779.3831737,1397917986.9397137,961610344.5209469,1792246293.6845233,1591828665.8912306,0.9711197595755086,0.9809389251246037,0.8744092569628444,1,11.073825503355694,2.5826446280991844,중립,6657866.37928,-3.252,6232584.83986,5753531.01373,3994945.9606,7276437.77192,7144458.48291,1.0832625782301,1.098258334814773,1.0265029636236118,3,12.553979025293028,1.927374301675977,중립,,0.0,,20.6,관찰,20.6
2026-09-28T07:06:34+09:00,ME,KRW-ME,MEUSDT,107.0,-1.83486239,1024572600.9672987,1790546773070,False,False,,1000264784.6709626,1055329044.3443562,889174117.4091609,1506210799.7621992,1554505697.6257641,0.9478226625444547,0.8696155020321643,0.7037789346674475,1,7.920792079207928,7.920792079207928,중립,365805.1214111,-0.605,383397.3535293,841582.6503155,325404.7888718,633997.6836679,675264.2145812,0.4555670835010306,0.6386460643075373,0.6081584360111216,1,8.911704312114988,7.021791767554486,감소형,,0.0,,20.5,관찰,20.5
2026-09-28T07:06:34+09:00,STRAX,KRW-STRAX,STRAXUSDT,16.3,0.61728395,368020718.86357313,1790546357499,False,False,,776249906.7352434,807317559.5505037,653944520.1811264,951535617.9607787,1023281088.444296,0.9615174320839026,0.9651657585851223,0.8577230498399948,1,6.578947368421062,7.999999999999985,중립,135497.76157,0.918,306685.61418,267258.44312,400394.33918,295922.34447,386446.59039,1.1475245107309744,0.9548366463382283,0.8848830894507482,2,8.983666061705975,8.003597122302164,중립,,0.0,,20.4,관찰,20.4
2026-09-28T07:06:34+09:00,ARX,KRW-ARX,,346.0,11.97411003,39247189883.86729,1790546788863,False,False,,2571272303.087813,1526690452.5326693,4827116787.914237,2371809956.193425,6381756453.322437,1.684213259356052,0.8840425537156877,0.6720427023670449,2,-2.215189873417722,14.022140221402225,중립,,,,,,,,,,,,,,NO_DATA,,0.0,,20.3,관찰,20.3
2026-09-28T07:06:34+09:00,PUNDIX,KRW-PUNDIX,PUNDIXUSDT,166.0,-2.92397661,719541137.075391,1790546074631,False,False,,562540462.0794573,588240691.707069,632654301.2978371,758526014.0917277,545512805.5836389,0.9563100105281226,0.8525833464371146,0.8057161649272906,1,9.615384615384626,6.211180124223592,중립,264863.16591,-1.839,256525.27618,219586.51083,307890.22815,396153.63803,360304.17693,1.1682196470556305,0.8332075770735157,0.7461657756614758,2,10.350877192982445,5.008347245409017,중립,,0.0,,20.3,관찰,20.3
2026-09-28T07:06:34+09:00,MOC,KRW-MOC,,31.2,1.9607843100000002,664848674.616386,1790546630699,False,False,,514560835.8465426,667347466.1016918,233955230.8774019,478193239.3238939,505952345.51210123,0.771053854227316,1.1190192496519098,0.9254868992358766,1,7.7464788732394485,7.7464788732394485,중립,,,,,,,,,,,,,,NO_DATA,,0.0,,20.0,관찰,20.0
2026-09-28T07:06:34+09:00,CYBER,KRW-CYBER,CYBERUSDT,491.0,-1.00806452,164087734.03308845,1790546770405,False,False,,197573201.34109342,203995751.48431224,297731945.10968703,609465993.0511297,608204635.0261744,0.9685162553803837,0.5334080003753183,0.4086996377501812,1,7.826086956521738,10.46770601336302,중립,370095.20848,0.279,505566.2667,736506.54664,918498.72857,1230898.98267,1576047.92066,0.6864382523229868,0.5255540948590494,0.4758064283728187,1,7.738095238095233,8.383233532934131,감소형,,0.0,,20.0,관찰,20.0
2026-09-28T07:06:34+09:00,ASTR,KRW-ASTR,ASTRUSDT,10.4,0.97087379,260496843.7514222,1790546780114,False,False,,253700353.68204862,322340237.87975264,300161724.2520527,730088853.947684,687783652.5811684,0.787057661031727,0.5626986757548834,0.45573174225321655,1,8.53530031612224,9.341825902335454,중립,316664.8373109,1.93,421552.236138,381421.9157769,322074.4432977,562632.4182095,509118.6303007,1.1052124136059682,0.99883734664553,0.8336482046733867,3,8.964316797214966,7.83807062876829,중립,,0.0,,19.2,관찰,19.2
2026-09-28T07:06:34+09:00,KERNEL,KRW-KERNEL,KERNELUSDT,76.5,3.09973046,1319381750.0948288,1790546763042,False,False,,1270990714.9728947,1592835717.4658628,11526621996.95025,18185337659.53942,92273439355.03189,0.7979421236202497,0.12180153549545128,0.03925098949399067,1,-3.7613488975356546,15.396578538102656,중립,472591.53492,5.39,399044.15988,767642.33837,1742754.25646,2264628.29558,10199423.58718,0.5198308377926683,0.2507070658509615,0.1010476039194667,1,-3.2028469750889688,14.046121593291394,감소형,,0.0,,19.1,관찰,19.1
2026-09-28T07:06:34+09:00,APT,KRW-APT,APTUSDT,1157.0,-0.4302926,6266282008.8990965,1790546795452,False,False,,6027131145.979233,7135695478.891968,6664399163.751749,8721493581.50685,6525581022.114303,0.8446452295796578,0.802847173031451,0.7907778906951757,1,12.0540019286403,8.496732026143782,중립,9045478.091716,1.172,9326794.654447,13222754.047003,11241370.277064,18747176.794094,17916258.46249,0.7053594600105992,0.6475246807965545,0.5519370553196907,1,12.909211398277009,7.157232704402516,감소형,,0.0,,18.9,관찰,18.9
2026-09-28T07:06:34+09:00,BAT,KRW-BAT,BATUSDT,131.0,0.76923077,190726402.72366324,1790546378659,False,False,,247003997.79325888,290559670.5074061,294733966.6536725,890796621.5739106,817437359.8681678,0.8500973220471867,0.5020099475589146,0.46451454390284136,1,8.333333333333325,14.035087719298245,중립,594154.8742,1.158,392407.3565,319895.5469,561810.1474,1437734.119,764855.0318,1.2266733948086728,0.5075458577323887,0.548676189026988,2,8.924485125858128,12.796208530805696,중립,,0.0,,18.4,관찰,18.4
2026-09-28T07:06:34+09:00,CVC,KRW-CVC,CVCUSDT,41.6,-2.57611241,1624404447.2680547,1790546769247,False,False,,5467877829.353356,6612005577.792231,31106248063.232674,2120017815.5451925,2311886520.6408625,0.8269620714958771,0.4117556532527416,0.625221249499974,1,12.368421052631584,14.784946236559149,중립,394108.4067,-1.123,1048380.37939,1366992.46151,5646621.99966,755812.10383,2157609.57779,0.7669247701863283,0.40480994470535936,0.48931654470126673,1,13.4900542495479,14.233709501274095,중립,,0.0,,17.4,관찰,17.4
2026-09-28T07:06:34+09:00,MON,KRW-MON,,37.7,3.57142857,1217132374.540079,1790546775390,False,False,,1560777392.6524596,1586101106.285417,1487307911.1657581,2656321186.9634585,1583907792.1081078,0.9840339852657536,0.8171994161871257,0.8502835334680992,1,10.63829787234043,5.2023121387283044,중립,,,,,,,,,,,,,,NO_DATA,,0.0,,17.3,관찰,17.3
2026-09-28T07:06:34+09:00,ZK,KRW-ZK,ZKUSDT,17.7,1.14285714,532988714.9973932,1790546767112,False,False,,442941868.8835585,570491533.0336736,769030034.2945448,1286521602.2910051,692882973.4425244,0.7764214598035297,0.5060181881333486,0.4486184925746604,1,13.636363636363624,9.375,중립,1962951.230612,1.315,2158381.224657,3089775.049175,1930251.303285,2813717.888538,2564185.833385,0.6985561053168932,0.8265707271987837,0.8143469030752719,1,14.821428571428562,8.523206751054847,감소형,,0.0,,17.3,관찰,17.3
2026-09-28T07:06:34+09:00,RAY,KRW-RAY,RAYUSDT,2923.0,4.05838377,5339781989.441993,1790546789867,False,False,,1455817016.1238296,1707500215.5006154,8675593003.523516,10542000417.475857,1412862241.163368,0.8526013659664483,0.2087183514798362,0.28867217181866406,1,3.386087596613918,15.264669675830934,중립,11332661.72615,3.118,6064212.77023,8179939.04153,17220642.34483,19261376.73571,7477110.99125,0.7413518290835247,0.40734081253145926,0.4908454974162354,1,4.262958280657392,14.474487813003156,감소형,,0.0,,17.2,관찰,17.2
2026-09-28T07:06:34+09:00,RENDER,KRW-RENDER,RENDERUSDT,2760.0,1.95788696,2152564337.9207864,1790546773725,False,False,,1927558030.264963,2111280360.4229527,2203188623.2684107,1977255095.0815663,1468587109.2706764,0.9129806094908283,0.919092130931889,0.92006624226822,1,13.787305590584275,6.869324911172514,중립,8505782.66327,3.195,8232516.04732,10297191.31111,7348053.68967,7979838.94389,8488804.81319,0.7994914145605561,0.9638035994452644,0.8475700113771761,1,14.763552479815445,6.246663107314476,중립,,0.0,,17.1,관찰,17.1
2026-09-28T07:06:34+09:00,ARKM,KRW-ARKM,ARKMUSDT,193.0,2.65957447,370324158.98711276,1790546661598,False,False,,452927091.0845152,475561840.4064704,250199123.4451362,651016781.0671427,695163288.5306311,0.9524041935269472,0.9869285571098001,0.5159072402853152,1,11.904761904761907,9.302325581395344,중립,860896.0286,3.423,1637970.36515,1580898.00127,1056159.66352,1659459.9336,2084688.38766,1.0361012309675586,1.1436962570085483,0.8262565505218928,3,13.13628899835797,7.909162098668743,중립,,0.0,,16.7,관찰,16.7
2026-09-28T07:06:34+09:00,TAIKO,KRW-TAIKO,,137.0,9.6,16580919795.109386,1790546749159,False,False,,329731957.3937258,362138934.0388908,578621501.5962641,715931618.0725278,808403218.9420803,0.910512310058093,0.5970909741296541,0.5503180198546159,1,3.305785123966931,0.8064516129032251,중립,,,,,,,,,,,,,,NO_DATA,,0.0,,16.0,관찰,16.0
2026-09-28T07:06:34+09:00,VIRTUAL,KRW-VIRTUAL,VIRTUALUSDT,1120.0,3.99257196,8547440424.445889,1790546761337,False,False,,8324627812.860142,10386867643.913097,8054190802.801289,9972809115.196741,8833453929.78185,0.8014570030396538,0.8789329148580248,0.888317075912244,1,12.187499999999996,8.897876643073822,중립,7381984.7138,4.245,7069531.24163,10257922.45009,6870656.4331,9525582.8067,6986531.61242,0.6891776844704041,0.7956953953999042,0.8693318326888717,1,13.183509876896649,8.092959671907018,감소형,,0.0,,15.6,관찰,15.6
2026-09-28T07:06:34+09:00,KAVA,KRW-KAVA,KAVAUSDT,92.6,-0.96256684,483210591.1091955,1790546782422,False,False,,550013606.4540145,779215901.1626651,361282503.93662614,361954391.82756424,255150405.54327995,0.7058552137261846,1.0982313871937057,1.194013128336748,1,-1.8887722980062915,-2.298850574712652,감소형,286929.282395,-0.48,512856.563704,920190.918395,679596.629644,552807.01349,847788.327032,0.5573371280370013,0.7147512674282448,0.6501321180531046,1,-1.1088709677419484,-3.1042754338930556,감소형,,0.0,,14.8,관찰,14.8
2026-09-28T07:06:34+09:00,AXS,KRW-AXS,AXSUSDT,1582.0,-0.6281407,3253634832.3928328,1790546785379,False,False,,15160232801.627638,28879221532.56968,1975789494.4618082,3769543785.5264745,3043974442.6814833,0.524952959155429,1.3135388642856296,1.850308613105197,1,12.270803949224263,8.594815825375179,감소형,1825692.72637,-0.171,5486527.02845,9670079.85353,1443065.25115,3361026.9165,2665687.28674,0.5673714293524865,1.1371690941122408,1.4110574839094083,1,13.26234269119071,7.93357933579335,감소형,,0.0,,13.6,관찰,13.6
2026-09-28T07:06:34+09:00,QTUM,KRW-QTUM,QTUMUSDT,1382.0,-1.42653352,729767765.0967966,1790546683303,False,False,,1804277968.0302393,2498255308.2854114,900537802.3521221,1354635756.187242,711386724.0861069,0.7222152043653782,1.1387219743347954,1.472369961883654,1,6.615969581749059,3.9288361749443945,감소형,279406.2387,-0.779,703306.8482,978108.6181,238104.7797,447011.585,365174.8643,0.7190477981537376,1.268571940909641,1.5555590232999776,1,7.949790794979084,3.5105315947843607,감소형,,0.0,,13.3,관찰,13.3
2026-09-28T07:06:34+09:00,BTC,KRW-BTC,BTCUSDT,114699000.0,-0.13582343,72329890610.82301,1790546798419,False,False,,62950265085.00601,128171834220.45271,103868241728.45888,157018825615.72302,153194249446.10184,0.49113961322214483,0.48540412388853704,0.37022281981348354,1,-0.9084791386271829,-1.936425808765141,감소형,845018730.7350411,0.178,677578219.0470139,1520256978.6934962,1572042147.6733966,1887736866.156798,1834036114.8607607,0.4456997919057884,0.40817669996616424,0.35599685880102294,1,0.042062807473208785,-2.5247056107134513,감소형,,0.0,,13.0,관찰,13.0
2026-09-28T07:06:34+09:00,ETH,KRW-ETH,ETHUSDT,3640000.0,-0.81743869,51409388804.67911,1790546792545,False,False,,33503538009.07183,83710519127.93227,73617700334.64021,123274417001.84668,121569284329.97495,0.4002309191019277,0.3581955440392321,0.2686188595043241,1,-0.43407487791644606,-2.289669861554844,감소형,397515123.285368,-0.384,232408625.067851,632500185.266342,713406122.987247,898195135.1752,831787685.162451,0.3674443588818636,0.31069267267091694,0.2506455029779611,1,0.4328214220530313,-2.8766042669990166,감소형,,0.0,,13.0,관찰,13.0
2026-09-28T07:06:34+09:00,G,KRW-G,GUSDT,7.48,-3.35917313,4506123011.057373,1790546777682,False,False,,3901990047.0562687,11576162194.883804,7022479748.427598,11382234353.84004,19505719492.900383,0.337071127837237,0.39044789835849525,0.14267374896120258,1,-1.526717557251911,-12.244897959183676,감소형,1363457.63402,-2.482,1610028.53919,2535529.78983,3059278.32221,3823180.29423,4091238.70329,0.6349870333402581,0.5128574605543561,0.2813378243010845,1,-0.7005253940455369,-12.36476043276662,감소형,,0.0,,13.0,관찰,13.0
2026-09-28T07:06:34+09:00,VVV,KRW-VVV,,40290.0,0.04966476,3200930950.1811876,1790546790196,False,False,,885237193.7668076,1912443219.3261023,2301540555.914533,3257964036.982668,3490875260.8062415,0.46288286356482955,0.35542426794737036,0.17228289207697722,1,-3.173839865352246,-6.69601482854495,감소형,,,,,,,,,,,,,,NO_DATA,,0.0,,13.0,관찰,13.0
2026-09-28T07:06:34+09:00,TRX,KRW-TRX,TRXUSDT,453.0,-0.22026431999999999,2735610578.26668,1790546791850,False,False,,2250078551.362814,4598805638.133217,3754011560.0374436,4032496318.0960135,4762966591.877639,0.4892745483099354,0.5450193606502403,0.5270541077102096,1,-3.404255319148941,-2.5751072961373356,감소형,20167483.89952,-0.388,13548453.23128,26937054.14437,35810580.52973,39796512.82649,57269061.78293,0.5029671455039825,0.3963693753815267,0.3514409267077961,1,-2.3085914669783825,-3.017116333043235,감소형,,0.0,,13.0,관찰,13.0
2026-09-28T07:06:34+09:00,XAUT,KRW-XAUT,XAUTUSDT,5797000.0,-0.30954428,381443817.24819,1790546704757,False,False,,334279266.59118,1166787719.07099,682561611.69144,879604994.20958,1123424778.74585,0.2864953591192553,0.3674806099159706,0.29896092417370884,1,-1.2565800645270797,-1.6573651276847623,감소형,6800159.383452,-0.136,4543273.962046,29956065.870609,28922590.27496,25183829.199899,27666046.602608,0.15166457376846582,0.1621391733794701,0.1658909779460763,1,-0.19839188341738145,-2.0081442805771177,감소형,,0.0,,13.0,관찰,13.0
2026-09-28T07:06:34+09:00,USDT,KRW-USDT,,1358.0,-0.14705882,42854577692.919876,1790546795448,False,False,,43538457052.93687,75080233054.15648,92011396310.42532,168976915408.14075,108971107454.0189,0.5798924068540375,0.3886569367780123,0.3709960411402106,1,-0.9468317552804084,0.591715976331364,감소형,,,,,,,,,,,,,,NO_DATA,,0.0,,12.9,관찰,12.9
2026-09-28T07:06:34+09:00,META2,KRW-META2,,8840.0,2.55220418,36904610959.90903,1790546766679,False,False,,23733103758.412453,3502073588.454111,47771446057.41733,1312374597.4304364,1226593040.516359,6.776871804366836,1.3539621660861338,2.118976586413758,2,14.021164021164022,16.172506738544467,일회성 폭증형,,,,,,,,,,,,,,NO_DATA,,0.0,,12.9,관찰,12.9
2026-09-28T07:06:34+09:00,O,KRW-O,,723.0,-2.5606469,403423325.61456126,1790546750813,False,False,,313539216.55735785,561088405.3306783,672369495.7150644,677265532.4885241,920973857.6317621,0.558805374658514,0.49228351584729985,0.4571824785461398,1,-1.3297872340425565,0.4059539918809252,감소형,,,,,,,,,,,,,,NO_DATA,,0.0,,12.9,관찰,12.9
2026-09-28T07:06:34+09:00,RLUSD,KRW-RLUSD,RLUSDUSDT,1355.0,-0.36764706,102239815.13223018,1790545185114,False,False,,96392639.07835563,144155148.05026597,35507652.58288748,145268687.1338327,89311436.38431917,0.668672887386194,0.8899658177863059,0.7795322482780584,1,-1.0909090909090868,0.4431314623338345,감소형,14609274.9035,0.01,24591846.6888,91449891.5517,83672532.6146,89383767.4527,89365705.4058,0.26891061620228734,0.2789180079862469,0.2687289416751593,1,0.0,0.019998000199983323,감소형,,0.0,,12.9,관찰,12.9
2026-09-28T07:06:34+09:00,XTZ,KRW-XTZ,XTZUSDT,437.0,-2.88888889,421952817.18997455,1790546743481,False,False,,437934536.6863368,620324737.3013345,255899620.7051851,640220524.2867305,552687721.9646053,0.7059762578412245,0.8663708291673651,0.759441130099681,1,0.6711409395973256,-2.1739130434782594,감소형,479377.98149,-2.007,905842.30577,1765922.49347,869689.13619,1353309.95319,1309299.53639,0.5129570007288593,0.6812685736901312,0.6379057103564143,1,1.2623152709359653,-3.2647058823529362,감소형,,0.0,,12.8,관찰,12.8
2026-09-28T07:06:34+09:00,XRP,KRW-XRP,XRPUSDT,2057.0,-1.10576923,152580030027.3755,1790546796417,False,False,,161531810895.23608,393270807788.19995,277058018201.3417,534622788019.7696,437399315440.244,0.41073938796451603,0.4021700349222185,0.38030209571451007,1,0.9218825812712383,0.09624639076035724,감소형,164757200.81786,-0.668,181135648.39195,538764479.31241,296261421.47513,499673407.45481,477823347.13132,0.3362056248086764,0.4071381035564155,0.392208256649379,1,1.7588274483677724,-0.5793139360801836,감소형,,0.0,,12.7,관찰,12.7
2026-09-28T07:06:34+09:00,LIT,KRW-LIT,,6325.0,-4.09401061,1809355750.4070961,1790546783083,False,False,,2210687164.039057,4115182468.93631,4212133790.0804925,4763621412.950914,1300346390.1253138,0.5372027074683943,0.506614702346245,0.6731749107772095,1,-9.595613433858807,2.8059236165237644,감소형,,,,,,,,,,,,,,NO_DATA,,0.0,,12.4,관찰,12.4
2026-09-28T07:06:34+09:00,BIRB,KRW-BIRB,,94.7,0.63761955,922537320.3187824,1790546740838,False,False,,688635563.5130193,1149334179.1552646,3021273209.924191,3137085347.9467816,875986155.1660306,0.5991604321896625,0.2827030042015354,0.3680675564326091,1,-2.1829521829521914,0.21299254526090383,감소형,,,,,,,,,,,,,,NO_DATA,,0.0,,12.4,관찰,12.4
2026-09-28T07:06:34+09:00,DOGE,KRW-DOGE,DOGEUSDT,131.0,0.0,21184526423.254204,1790546787814,False,False,,19016903217.669945,29534661002.031883,32631455221.62486,65440324309.2849,70169349734.34349,0.6438842557346992,0.4470833087635744,0.33728779659212466,1,2.34375,-2.238805970149249,감소형,65839372.48457,-0.072,50746561.78344,104142521.4922,98207104.29953,192205481.17435,225481255.8087,0.48727994152936643,0.3858515139265656,0.2879501412853385,1,4.324849007765308,-3.134388143400768,감소형,,0.0,,12.2,관찰,12.2
2026-09-28T07:06:34+09:00,FF,KRW-FF,FFUSDT,179.0,0.0,796659425.6601894,1790546762021,False,False,,889832595.3579551,1198618355.500902,2408375112.317738,2702913518.870683,1451625347.1749961,0.7423819193775775,0.4230645224573263,0.29157181144390865,1,0.0,3.4682080924855585,감소형,712545.428154,0.827,578409.318016,1538592.615785,2515856.141719,4115501.310267,1312611.59399,0.3759340270334599,0.21239150051763053,0.17749349383229773,1,0.5658790242410339,3.137008862050017,감소형,,0.0,,12.2,관찰,12.2
2026-09-28T07:06:34+09:00,MVL,KRW-MVL,,1.58,0.63694268,205003023.79720145,1790546660286,False,False,,103655202.53699721,177544188.166818,64364446.52457794,203273432.17325035,115253018.87509552,0.5838276296580559,0.6985133291668238,0.7889127347025736,1,0.6410256410256387,1.2903225806451646,감소형,,,,,,,,,,,,,,NO_DATA,,0.0,,12.0,관찰,12.0
2026-09-28T07:06:34+09:00,KNC,KRW-KNC,KNCUSDT,198.0,-0.50251256,259879799.0592304,1790546730242,False,False,,146886638.6811493,228116197.21627834,114895018.94992566,327602306.9582442,188937038.7368544,0.6439114822779778,0.6570996570280512,0.6407155349088063,1,3.1088082901554515,-1.4851485148514865,감소형,182584.88201,0.344,112069.98673,385954.07387,225229.87089,312880.22219,147189.42321,0.29037130145113654,0.36383832661719473,0.4270307265694362,1,3.766879886282881,-2.2103148024112507,감소형,,0.0,,11.9,관찰,11.9
2026-09-28T07:06:34+09:00,DOOD,KRW-DOOD,,2.53,-1.9379845,649472248.2854654,1790546770400,False,False,,394752858.1263822,609833974.1386179,507619830.13701385,1307836654.2663972,1260745100.8728518,0.6473120141985614,0.488295564850021,0.39120438186678164,1,3.6144578313253017,0.0,감소형,,,,,,,,,,,,,,NO_DATA,,0.0,,11.7,관찰,11.7
2026-09-28T07:06:34+09:00,SHIB,KRW-SHIB,SHIBUSDT,0.00801,-0.74349442,5974520080.934648,1790546783415,False,False,,7257317016.724076,10127354094.763533,10556722104.474813,14052369404.44906,19713467015.58345,0.716605437986666,0.6267754420982282,0.49101364504731976,1,4.1290322580645356,-1.465201465201449,감소형,4370817.31982089,-0.338,4734969.35211526,6370535.16849092,5294558.73740545,11794271.88294115,15471210.75281483,0.7432608449498443,0.6055111712825924,0.44399823824609325,1,5.141843971631199,-1.983471074380161,감소형,,0.0,,11.6,관찰,11.6
2026-09-28T07:06:34+09:00,AKT,KRW-AKT,,930.0,-2.4134312700000002,1276207847.789433,1790546773390,False,False,,1255817342.83686,2063637006.7302861,1652359300.9812148,3581302871.8221903,2330021457.7207212,0.6085456593098367,0.5162803299989306,0.3129719055307097,1,1.5991471215351716,4.725274725274731,감소형,,,,,,,,,,,,,,NO_DATA,,0.0,,11.4,관찰,11.4
2026-09-28T07:06:34+09:00,WIF,KRW-WIF,WIFUSDT,331.0,-0.8982035899999999,134599486.35557398,1790546754756,False,False,,228640162.0043103,460423420.99201286,1066283524.2519665,550184537.2006671,5058460945.265097,0.4965867320817214,0.3302630357969183,0.10569976505417902,1,4.374999999999996,1.21212121212122,감소형,2380825.237724,-0.286,2552676.392501,4011763.215181,4963595.593394,7257684.60687,15616977.866023,0.6362978709315051,0.4717556025394926,0.29570917221592447,1,4.922945205479445,-0.04078303425774088,감소형,,0.0,,11.2,관찰,11.2
2026-09-28T07:06:34+09:00,TFUEL,KRW-TFUEL,TFUELUSDT,15.0,0.0,1427015387.847419,1790546788865,False,False,,310399583.1067175,425114840.38362044,308316172.419269,493995973.9409945,328288447.0818187,0.7301546632119812,0.7586591784090024,0.8019471586819497,1,4.166666666666674,2.7397260273972712,감소형,877492.65635,0.639,144985.08439,346250.56559,224736.05933,193784.61394,261533.92799,0.41872880162072806,0.5687390307961404,0.5777303393148758,1,4.957102001906599,1.6620498614958512,감소형,,0.0,,10.9,관찰,10.9
2026-09-28T07:06:34+09:00,XLM,KRW-XLM,XLMUSDT,292.0,-0.68027211,17715744540.56978,1790546795782,False,False,,21617357056.9015,60852984549.24012,34825542466.10956,44818941564.48005,40816393341.98725,0.3552390604508393,0.4615888942785898,0.48360249780125136,1,5.755395683453246,0.6849315068493178,감소형,14873339.6642,-0.828,14789143.2055,46785564.5863,28982143.9193,37720881.8659,35895079.4881,0.3161048356746909,0.390941763143459,0.37814461760722845,1,7.1251855517070695,0.46403712296982924,감소형,,0.0,,10.8,관찰,10.8
2026-09-28T07:06:34+09:00,ANKR,KRW-ANKR,ANKRUSDT,6.98,-0.28571429,3139691386.3246756,1790546765366,False,False,,1174035776.8162823,3396157630.458345,218008019.4884472,522172817.4039794,624202678.4417462,0.3456953135175397,0.8515036567364552,1.1125989444194415,1,5.263157894736836,4.166666666666674,감소형,941232.886196,0.586,384982.544994,1037782.350401,280593.996057,394541.460236,464602.832134,0.37096655656674293,0.6742574748587004,0.7409876959557948,1,6.198347107438007,3.2128514056224855,감소형,,0.0,,10.8,관찰,10.8
2026-09-28T07:06:34+09:00,SNT,KRW-SNT,,12.1,-0.8196721299999999,348068508.24310344,1790546443855,False,False,,381811145.2782115,523397839.59426653,395290027.1079964,1773502668.758186,664953354.6816213,0.7294855201813369,0.42546521902794276,0.46334707045671497,1,2.5210084033613356,6.0869565217391175,감소형,,,,,,,,,,,,,,NO_DATA,,0.0,,10.8,관찰,10.8
2026-09-28T07:06:34+09:00,TRAC,KRW-TRAC,,500.0,0.40160643,1455753017.3358245,1790546722324,False,False,,1057475282.7733263,3786212820.2565055,7731615583.871035,720401523.8286253,882134348.4465986,0.2792963134865951,0.25922260547443293,0.34556760875598347,1,5.285412262156441,0.60606060606061,감소형,,,,,,,,,,,,,,NO_DATA,,0.0,,10.7,관찰,10.7
2026-09-28T07:06:34+09:00,ENS,KRW-ENS,ENSUSDT,9515.0,-0.9885535900000001,3107592142.560756,1790546775386,False,False,,2963833783.013102,5395225413.297055,9044053917.629648,22570380049.842197,7233284941.907596,0.5493438282872198,0.24024812705138116,0.28377526095419575,1,3.6677454153182243,4.912663755458513,감소형,1108413.1215,0.0,952863.6632,1868628.2179,2609304.2228,4358131.4592,2581278.574,0.5099268297847104,0.3235140693847122,0.33303920447670005,1,4.592592592592593,4.129793510324475,감소형,,0.0,,10.6,관찰,10.6
2026-09-28T07:06:34+09:00,MIRA,KRW-MIRA,MIRAUSDT,74.9,-0.79470199,1252060180.6862218,1790546714603,False,False,,1415426338.547616,2323943089.0602827,2474564894.384905,3027705072.0470366,4145855952.375667,0.6090623927972189,0.5425713541829691,0.18731978816889117,1,5.006954102920713,3.0013642564802323,감소형,384943.971772,-0.719,542084.995988,788155.845972,1427686.406082,892418.103759,1124509.611278,0.6877890949593465,0.5232042370333018,0.3327037033445057,1,6.012597824012222,2.548005908419504,감소형,,0.0,,10.6,관찰,10.6
2026-09-28T07:06:34+09:00,SOL,KRW-SOL,SOLUSDT,166000.0,0.42347247000000005,33367226119.55845,1790546797080,False,False,,24603800499.52651,58077017703.67109,37671346854.87487,51894789216.68141,52156395694.8951,0.42364090775224644,0.49993108119967655,0.4614223940763277,1,4.752851711026618,2.7346177750155354,감소형,305837500.61624,0.435,221338928.92664,481769969.76669,299095253.78508,420981927.35118,359248594.69513,0.45942865437177266,0.5524968680759803,0.5279027931840201,1,5.583094182102788,2.111017661900738,감소형,,0.0,,10.4,관찰,10.4
2026-09-28T07:06:34+09:00,NEWT,KRW-NEWT,NEWTUSDT,69.5,0.0,491232440.2701786,1790546685318,False,False,,298333441.3888942,486064066.39847547,586878954.509249,3489891895.963446,4645223991.742351,0.6137739076237747,0.19615005593505072,0.13468889304263923,1,3.268945022288272,6.431852986217468,감소형,299795.365251,0.768,316093.962223,436145.910972,483939.563382,905040.782759,1604833.487933,0.7247436105007823,0.5195705683227637,0.37632973399510333,1,3.827361563517906,5.677579776212194,감소형,,0.0,,10.4,관찰,10.4
2026-09-28T07:06:34+09:00,ENSO,KRW-ENSO,ENSOUSDT,1397.0,-2.17086835,1525793731.9520261,1790546689820,False,False,,989498714.8799146,1338022387.9962344,1617665543.691993,2437033625.405841,2490263279.8926144,0.739523287320884,0.5504634558286656,0.19635109459140665,1,5.387453874538739,3.4782608695652195,감소형,608031.1877,-0.387,531882.46992,573191.98687,1118675.56938,1606226.12139,937263.48879,0.9279307493889145,0.48380900172059066,0.36037407954944334,1,6.490872210953347,2.941176470588247,중립,,0.0,,10.3,관찰,10.3
2026-09-28T07:06:34+09:00,MED,KRW-MED,,2.5,-0.79365079,285938206.00564563,1790546589144,False,False,,407686992.90178764,866593766.7482828,183815613.4134162,265705512.35250437,335476378.40449965,0.47044764057275684,0.929296511772557,1.0157091188575198,1,5.882352941176472,3.2786885245901676,감소형,,,,,,,,,,,,,,NO_DATA,,0.0,,10.3,관찰,10.3
2026-09-28T07:06:34+09:00,MORPHO,KRW-MORPHO,MORPHOUSDT,3650.0,-1.8025289199999999,1394857160.7191832,1790546671920,False,False,,1728046598.0643027,3531586622.0659103,8231004960.029654,2037787911.1594174,1093118203.3933327,0.4893116842348408,0.37565197368135333,0.5150086877584665,1,5.716723549488045,3.624198494563702,감소형,4069468.54322,-0.552,4444928.23317,7448499.70856,11006076.30725,7351263.86064,5711971.82903,0.5967548374959025,0.5167351562031163,0.576145461806841,1,6.230529595015577,2.594960511470501,감소형,,0.0,,10.2,관찰,10.2
2026-09-28T07:06:34+09:00,WET,KRW-WET,,95.1,0.74152542,462747010.93951774,1790546597495,False,False,,332892155.23609227,446971916.58665293,381692459.15717155,1385467872.7863944,12964196024.655256,0.7447719708617434,0.4510464387893796,0.10644579669765725,1,1.6146393972013007,7.394766780432316,감소형,,,,,,,,,,,,,,NO_DATA,,0.0,,10.2,관찰,10.2
2026-09-28T07:06:34+09:00,HP,KRW-HP,,13.0,0.7751938,153700053.87050995,1790546644211,False,False,,156035331.02008945,210304575.67215872,107713490.87238023,250708412.23709673,169792188.3701684,0.7419492919798905,0.8230775434670752,0.8085258891250138,1,4.0322580645161255,4.0322580645161255,감소형,,,,,,,,,,,,,,NO_DATA,,0.0,,10.1,관찰,10.1
2026-09-28T07:06:34+09:00,ADA,KRW-ADA,ADAUSDT,345.0,-0.28901734,12455656819.57314,1790546797643,False,False,,16961662977.053387,24403876608.524612,15449326377.489492,25099966365.799915,26057610631.502766,0.6950396959116095,0.78341040843666,0.7266632339407486,1,5.810397553516822,4.53172205438066,감소형,27574513.37127,0.276,42377244.74393,57092332.74667,41843522.36475,60468039.9036,75672412.58103,0.7422580704832334,0.7975447163308705,0.6995561891000575,1,6.5436241610738355,3.6311709506323897,감소형,,0.0,,10.0,관찰,10.0
2026-09-28T07:06:34+09:00,QKC,KRW-QKC,QKCUSDT,4.02,-0.49504950000000003,1049269554.9482003,1790546749502,False,False,,796124737.5694954,2624484363.3786063,900630463.9158627,959008773.4429519,537671240.3657248,0.30334520131970283,0.5326289873712925,0.6957432460647246,1,3.0612244897959107,8.89487870619947,감소형,205415.911515,-0.135,144058.958426,678699.223329,252677.580753,204767.657433,126414.046864,0.21225743816148043,0.38038901734530367,0.4985691623924065,1,5.069124423963123,6.427289048473961,감소형,,0.0,,10.0,관찰,10.0
2026-09-28T07:06:34+09:00,GRVT,KRW-GRVT,,271.0,-2.5179856099999998,678573917.2546288,1790546787493,False,False,,836577317.3919842,1268353984.1080494,4105181033.295554,1862802934.9533849,1252494842.3829708,0.6595771589587386,0.3468234856773782,0.4247604204263689,1,4.511278195488733,6.513409961685834,감소형,,,,,,,,,,,,,,NO_DATA,,0.0,,10.0,관찰,10.0
2026-09-28T07:06:34+09:00,CARV,KRW-CARV,,60.3,2.0304568499999998,793571441.564427,1790546784712,False,False,,490234582.44185376,661764432.6106302,1030663475.7849114,8542750304.020968,34220929918.672844,0.7407992304873517,0.14369107374617274,0.05377994215992147,1,-0.16891891891892552,6.871609403254975,감소형,,,,,,,,,,,,,,NO_DATA,,0.0,,9.9,관찰,9.9
2026-09-28T07:06:34+09:00,UNI,KRW-UNI,UNIUSDT,13070.0,-0.90978014,9374505612.503887,1790546772072,False,False,,9067287006.681377,13183105191.479092,14485210789.19492,27594345496.28572,26337056933.78433,0.6877959991203001,0.4922285733810561,0.48707953619207406,1,4.104183109707971,8.470394736842103,감소형,64307200.87499,-1.271,52524369.55824,98946730.09729,93147164.54675,195413330.16936,206895117.87045,0.5308348189636493,0.4066326989144464,0.36991073721409823,1,4.96645747673663,7.8488048916064646,감소형,,0.0,,9.7,관찰,9.7
2026-09-28T07:06:34+09:00,MOODENG,KRW-MOODENG,,65.8,-0.90361446,487687242.2436413,1790546701601,False,False,,752950731.6651403,3895280204.393586,1130209833.6030025,2270673600.1712136,1909225879.0063498,0.1932982204504487,0.3095945084316474,0.33525363861350466,1,8.143322475570036,1.8404907975460238,감소형,,,,,,,,,,,,,,NO_DATA,,0.0,,9.7,관찰,9.7
2026-09-28T07:06:34+09:00,BSV,KRW-BSV,,29030.0,0.20711079999999998,1001945781.0026054,1790546777361,False,False,,1168562143.96585,2066862809.3949728,4438864970.851167,51279663413.94648,21715154545.11199,0.5653796365458432,0.06066734791353059,0.0712907697934105,1,-4.452506596306072,15.880000000000006,감소형,,,,,,,,,,,,,,NO_DATA,,0.0,,9.3,관찰,9.3
2026-09-28T07:06:34+09:00,MEW,KRW-MEW,,0.687,-0.43478261000000007,340856780.66516095,1790546718410,False,False,,302168948.6895216,718124770.5072286,696537551.3472297,3640111950.5194273,1353837140.9011655,0.42077499774320903,0.17933676109395086,0.18208638473851008,1,5.343511450381677,8.150470219435736,감소형,,,,,,,,,,,,,,NO_DATA,,0.0,,9.3,관찰,9.3
2026-09-28T07:06:34+09:00,AXL,KRW-AXL,AXLUSDT,73.9,1.93103448,5669551823.545039,1790546766691,False,False,,358943771.528814,490369345.40625334,368343951.150007,827496735.4252514,904972583.5669816,0.7319865625601902,0.6386104305885478,0.2944672268031525,1,5.3779069767441845,1.9690576652602099,감소형,1759132.075212,2.82,426730.79741,469318.104278,661310.189648,1532346.119609,1318111.369181,0.9092570551193281,0.48073777416831887,0.37167814263643767,1,7.18562874251496,2.091254752851701,중립,,0.0,,9.1,관찰,9.1
2026-09-28T07:06:34+09:00,LSK,KRW-LSK,LSKUSDT,404.0,-2.88461538,3238711629.4607177,1790546763027,False,False,,4661539319.073166,9249159864.055618,36347301996.22043,11009233576.320787,28988238641.431293,0.5039959723465252,0.24705319578457355,0.25200460153733406,1,4.0000000000000036,11.229946524064172,감소형,4615050.68685,-12.167,8177758.14141,12332084.70361,40430871.73278,9784704.51593,8573360.98224,0.6631286062295781,0.392233283398586,0.499246973302988,1,-4.45752733389404,-6.476399560922063,감소형,,0.0,,9.1,관찰,9.1
2026-09-28T07:06:34+09:00,GMT,KRW-GMT,GMTUSDT,12.1,0.0,827076986.0930316,1790546794173,False,False,,554838614.0873101,791769948.2832922,561574738.2633239,1230701995.8781662,2706307916.4884,0.7007573541914615,0.6441508404561812,0.4181756515353423,1,7.079646017699104,7.079646017699104,감소형,514958.480159,1.247,327583.309601,525726.124439,477933.709214,691769.889362,1352821.763584,0.6231063939433534,0.5796465140739455,0.42296994477555727,1,8.935128518971847,6.205250596658707,감소형,,0.0,,9.0,관찰,9.0
2026-09-28T07:06:34+09:00,IRYS,KRW-IRYS,,22.7,-0.87336245,251810551.59951195,1790546458842,False,False,,392244077.4361227,664229774.6971644,358642660.6908418,563392125.7704713,547249363.9077971,0.5905246834424949,0.7418259608907731,0.7637696439187642,1,7.511737089201875,6.018518518518512,감소형,,,,,,,,,,,,,,NO_DATA,,0.0,,9.0,관찰,9.0
2026-09-28T07:06:34+09:00,ETC,KRW-ETC,ETCUSDT,12900.0,0.23310023000000002,3912858800.4682508,1790546749822,False,False,,5783833070.050384,9029163429.900164,32540528088.281086,13125259571.38225,12739870658.671398,0.6405724201311014,0.3172413333314424,0.3868372833531782,1,6.893687707641205,6.804979253112031,감소형,3013770.0419,1.06,5422341.8775,7748461.4414,23310380.4808,10340449.6871,9508612.6677,0.6997959425245958,0.3929300478379623,0.47795319930738867,1,8.00915331807779,6.186726659167596,감소형,,0.0,,8.9,관찰,8.9
2026-09-28T07:06:34+09:00,CRO,KRW-CRO,,90.2,-2.38095238,1920111082.6824014,1790546781104,False,False,,1553539679.0051122,3860025378.5829763,1525639968.9601104,2638770402.68334,2828815233.173442,0.4024687732948067,0.5808033339769499,0.49819105100157524,1,9.608540925266906,3.4714445688689866,감소형,,,,,,,,,,,,,,NO_DATA,,0.0,,8.9,관찰,8.9
2026-09-28T07:06:34+09:00,YGG,KRW-YGG,YGGUSDT,38.0,0.0,255454708.88377905,1790546769242,False,False,,177976937.57138267,250310838.7989945,196446736.3572445,505362448.49426496,627497717.3662634,0.7110236952795413,0.5607809934161606,0.4770458982635304,1,6.741573033707859,7.954545454545436,감소형,335369.001938,-0.358,385825.765874,406438.397931,451176.125515,756261.827465,890993.670417,0.9492847325402081,0.7172032088881083,0.6496952016042075,1,8.037094281298284,6.962509563886754,중립,,0.0,,8.9,관찰,8.9
2026-09-28T07:06:34+09:00,DATA,KRW-DATA,,317.0,0.95541401,8806034362.4795,1790546758721,False,False,,9075113051.978819,16345239650.771955,23844881873.41723,25536375552.554024,29071967110.75162,0.5552144383242626,0.41422166655478015,0.461231160621688,1,1.2903225806451646,14.598540145985407,감소형,,,,,,,,,,,,,,NO_DATA,,0.0,,8.6,관찰,8.6
2026-09-28T07:06:34+09:00,ID,KRW-ID,IDUSDT,53.9,-0.55350554,948846571.3727304,1790546766691,False,False,,834450945.4440094,1189977621.8235424,985741626.155564,1802659484.8418655,1621283019.2545738,0.701232468695741,0.6292394476372443,0.5793788077020048,1,8.617234468937895,6.06653620352251,감소형,290953.2726,0.505,333821.0311,312879.7005,337655.8608,657724.8574,578432.229,1.0669309340508015,0.7654921596536107,0.671922001867034,2,9.615384615384603,5.555555555555558,중립,,0.0,,8.6,관찰,8.6
2026-09-28T07:06:34+09:00,ORDER,KRW-ORDER,,57.9,0.34662044999999997,399569693.2394241,1790546289514,False,False,,265090775.66663578,376222869.586265,334430854.7156139,494325895.48740286,1317728820.461924,0.7046110087835915,0.6599881972601154,0.4171494012892317,1,8.25515947467168,7.0500927643784905,감소형,,,,,,,,,,,,,,NO_DATA,,0.0,,8.3,관찰,8.3
2026-09-28T07:06:34+09:00,PENGU,KRW-PENGU,PENGUUSDT,13.7,1.48148148,7728691229.592324,1790546727935,False,False,,4925815426.15655,8224441236.762701,8292785129.560726,16686843180.274664,14896165848.775595,0.598924022234907,0.44504925089773123,0.4303529154878526,1,1.5037593984962294,14.406779661016934,감소형,16421352.8743,2.22,9256111.232219,18798727.771286,20331306.149912,39844769.890271,38886904.431001,0.4923796623278512,0.35161003708152777,0.3211516785441244,1,1.68274163759492,12.767410104688203,감소형,,0.0,,8.1,관찰,8.1
2026-09-28T07:06:34+09:00,MANA,KRW-MANA,MANAUSDT,124.0,-0.8,220093898.97795257,1790546529398,False,False,,216139077.0996889,875759419.9218636,326525213.0659894,539069589.413937,326945991.75907177,0.24680188666308964,0.37236377467459036,0.4235004447370689,1,9.649122807017552,6.8376068376068355,감소형,373778.2854,0.769,420515.2525,1454653.434,515985.6943,770464.0662,661992.5828,0.2890827757809425,0.4602328580811116,0.48831878204373325,1,10.666666666666668,6.534422403733964,감소형,,0.0,,8.1,관찰,8.1
2026-09-28T07:06:34+09:00,CAP,KRW-CAP,,72.2,2.84900285,8478799345.658424,1790546793504,False,False,,5779228683.3535795,14867271133.308311,13743323410.678299,21094502848.513226,4540520039.210416,0.38872155027871397,0.34881102662675556,0.4635500089086793,1,-3.703703703703709,12.86173633440515,감소형,,,,,,,,,,,,,,NO_DATA,,0.0,,7.9,관찰,7.9
2026-09-28T07:06:34+09:00,COMP,KRW-COMP,COMPUSDT,32820.0,0.73664825,2128412243.1912963,1790546528366,False,False,,385799337.338533,1017042543.198578,13485979478.734259,364019591.5446127,303032233.6575213,0.3793345125221625,0.07784992079166447,0.12300472471366491,1,8.890374331550799,6.2969004893964176,감소형,2249555.82799,1.294,871656.12567,1454331.65298,5092679.38648,1138940.75476,948586.69212,0.5993516842488658,0.34022700727533994,0.43218554322590924,1,9.720311783585522,5.558006175562413,감소형,,0.0,,7.9,관찰,7.9
2026-09-28T07:06:34+09:00,TIA,KRW-TIA,TIAUSDT,672.0,0.1490313,662160450.8276811,1790546530421,False,False,,576569801.7672564,853178412.7350194,743116126.490192,1489262923.3552291,1669032516.276445,0.6757904245595672,0.5605824640372179,0.52819443617781,1,6.170886075949378,13.15345699831365,감소형,3804502.939808,0.607,4994412.127718,8034127.33786,7443907.012376,13506488.705924,12796488.322995,0.6216496101801057,0.5169392076634379,0.5285131394078906,1,6.876355748373109,12.33470132238943,감소형,,0.0,,7.8,관찰,7.8
2026-09-28T07:06:34+09:00,AAVE,KRW-AAVE,AAVEUSDT,208000.0,-1.7941454200000002,3669412964.44571,1790546548397,False,False,,4811621061.948952,6910748721.960256,5308166350.537992,9432826754.37514,5162788472.536403,0.6962517746679292,0.6666836922991021,0.684677023604164,1,11.122770199370402,7.240506329113927,감소형,15223722.66946,-0.946,17425951.4153,30344939.85835,21513121.98949,34731929.21475,20264502.81068,0.5742621833045061,0.6037401506152357,0.6401878734129497,1,11.987336307382357,6.675805346127461,감소형,,0.0,,7.5,관찰,7.5
2026-09-28T07:06:34+09:00,LINK,KRW-LINK,LINKUSDT,18980.0,-1.50492994,8583898168.394007,1790546796738,False,False,,13557068006.017862,18627353208.430157,11456517784.600773,10710856925.352594,9345250303.727001,0.7278043130616302,0.9969720621601629,1.066214013757266,1,13.62028301886793,8.015695067264584,감소형,28577590.45455,-1.062,44634687.22463,82230887.10534,46880834.15198,54181103.02568,42447250.90538,0.5427971021089891,0.730547211532652,0.7797284629614503,1,14.496155402670997,7.304862322688321,감소형,,0.0,,6.8,관찰,6.8
2026-09-28T07:06:34+09:00,CHIP,KRW-CHIP,CHIPUSDT,62.9,-4.98489426,2471570896.8168354,1790546789534,False,False,,3073121789.3010616,4268932407.2429996,5271834333.730741,4756169042.432073,4111369274.789103,0.7198806390297879,0.6448490437093471,0.56401421976694,1,14.53287197231834,5.0793650793650835,감소형,2697226.46002,-4.835,3399045.61955,5213498.55063,5072408.47591,3088065.91625,4364275.56104,0.6519701859587663,0.7624613046751636,0.7241402759432305,1,15.770694576593701,4.64416254568909,감소형,,0.0,,6.8,관찰,6.8
2026-09-28T07:06:34+09:00,RED,KRW-RED,REDUSDT,231.0,0.0,510333573.23236537,1790546526676,False,False,,884460140.9396214,2204074590.0917773,640842412.1753476,1222816918.1502063,1010173800.4242463,0.4012841239201404,0.6522994066796384,0.7492043246844261,1,10.526315789473696,12.135922330097081,감소형,585070.63911,1.13,554588.43753,1451062.03742,591737.59609,606538.96095,541416.86083,0.3821948498604944,0.6279927058281941,0.7501225813749374,1,11.500330469266352,10.840998685939551,감소형,,0.0,,6.6,관찰,6.6
2026-09-28T07:06:34+09:00,A,KRW-A,AUSDT,140.0,0.71942446,510185717.4523655,1790546729905,False,False,,421954743.427924,608212345.2589536,716662038.5041709,1066322565.2732933,1383003699.6623428,0.6937622143270896,0.5293851812557213,0.44424776525333415,1,10.317460317460325,10.317460317460325,감소형,708172.96882,1.874,353520.72727,592476.24542,595297.70272,639575.2434,627864.96105,0.5966833776084861,0.580382877405172,0.6099177652865808,1,11.123227917121037,9.452201933404947,감소형,,0.0,,6.5,관찰,6.5
2026-09-28T07:06:34+09:00,SIGN,KRW-SIGN,SIGNUSDT,18.8,0.0,1053009861.3389548,1790546771756,False,False,,586277738.0114946,1541002300.8490715,489528796.0384107,999778247.71731,671805223.8335526,0.3804522145674043,0.580413751211881,0.5986671443603628,1,9.941520467836252,14.634146341463428,감소형,724452.09894,1.022,288424.60207,646766.98478,497346.44753,661806.26076,442240.80136,0.44594824543820616,0.47913194010253296,0.5197239000474573,1,10.454908220271353,13.349713349713355,감소형,,0.0,,6.3,관찰,6.3
2026-09-28T07:06:34+09:00,JST,KRW-JST,JSTUSDT,170.0,1.79640719,612433202.8604132,1790546378001,False,False,,423463884.27158016,650766518.5410441,320554317.893869,361308993.49174523,502504948.2263434,0.6507155365352008,0.9532967252313846,0.8792020659834443,1,9.868421052631572,8.441558441558449,감소형,2937440.256984,2.044,3086817.294195,5250594.680957,2693348.122049,2781502.885313,5296863.746618,0.5878986061122473,0.8634095171140987,0.7513247993395068,1,10.827162723496485,7.094240837696342,감소형,,0.0,,6.3,관찰,6.3
2026-09-28T07:06:34+09:00,BEAM,KRW-BEAM,,2.88,-2.04081633,351507076.3193042,1790546677963,False,False,,560232484.8565059,999873776.6124752,5711145321.3826,538087147.03928,419368053.6085024,0.5603032082254892,0.23184892009560445,0.32993723009585746,1,10.943396226415093,13.076923076923075,감소형,,,,,,,,,,,,,,NO_DATA,,0.0,,6.3,관찰,6.3
2026-09-28T07:06:34+09:00,BIO,KRW-BIO,BIOUSDT,42.8,-2.2831050200000003,307749170.5706726,1790546546377,False,False,,642930172.4192992,1368540983.820868,674603529.8236185,676170750.999676,488373934.99172974,0.4697924139796562,0.7092927187720879,0.9124454684788179,1,12.596401028277636,11.45038167938932,감소형,1073957.381696,-1.279,1604753.479124,3475737.284606,2714109.142674,2340262.089126,1860475.833141,0.46170160392485204,0.564384430527784,0.6556342494418742,1,13.705404450724146,10.618556701030935,감소형,,0.0,,6.1,관찰,6.1
2026-09-28T07:06:34+09:00,WAL,KRW-WAL,WALUSDT,51.0,1.79640719,1584199500.7726762,1790546773065,False,False,,867718883.0473788,1445988189.5251055,501219169.4550028,1127348761.8448186,1612160211.1168861,0.6000871164323665,0.8466772265141446,0.4965977876958606,1,11.333333333333329,7.280513918629539,감소형,420399.185873,2.117,538127.607544,853179.019316,400364.543347,849758.220575,608364.10858,0.6307323496719609,0.7675469281192179,0.6864019672545053,1,12.51529987760096,6.579710144927509,감소형,,0.0,,6.0,관찰,6.0
2026-09-28T07:06:34+09:00,CKB,KRW-CKB,CKBUSDT,1.92,-2.53807107,189014482.8762595,1790546783087,False,False,,225247524.08964974,315883686.7812772,771389511.3674283,370739005.4557307,270446607.9438947,0.7130710876045164,0.4634683925130441,0.5834208035371424,1,13.218390804597702,11.931818181818187,감소형,294979.793191,-1.88,328533.915645,474851.217279,530523.268623,553070.91951,371946.016555,0.6918670600184418,0.6324262264897501,0.7103354134250939,1,13.611329661683701,10.73619631901841,감소형,,0.0,,5.7,관찰,5.7
2026-09-28T07:06:34+09:00,PROS,KRW-PROS,,890.0,5.952380949999999,20940349405.882797,1790546783070,False,False,,301890985.82830775,3316880068.8205247,638858680.2266619,941441105.4189333,411581992.65517116,0.09101655156788938,0.18493765481350855,0.19645700434889776,1,5.1314142678347885,8.247422680412363,감소형,,,,,,,,,,,,,,NO_DATA,,0.0,,4.6,관찰,4.6
2026-09-28T07:06:34+09:00,BIGTIME,KRW-BIGTIME,BIGTIMEUSDT,13.0,4.83870968,3556836489.215882,1790546740827,False,False,,1147267740.7328522,1669694652.512611,684288594.7464048,1136401114.5560539,644978334.6270931,0.6871123046398971,0.9860814355725425,1.1378893191580854,1,11.711711711711725,9.734513274336276,감소형,1663540.27054,4.835,282942.66406,493566.22312,207267.76227,459842.29385,240241.98122,0.5732618052171868,0.7313219089269271,0.7327807684298994,1,12.967581047381561,8.37320574162681,감소형,,0.0,,3.6,관찰,3.6
2026-09-28T07:06:34+09:00,ORCA,KRW-ORCA,ORCAUSDT,2415.0,7.90884718,10879573593.478546,1790546791526,False,False,,766264200.6482804,1170744280.1362903,1695147149.2328582,3455183343.948443,1085809691.7455356,0.6545103090822506,0.3636711610576833,0.45554275824931734,1,6.06635071090047,8.95813047711782,감소형,4422096.70112,7.553,453713.15118,948622.27348,1549149.97573,2516648.37815,1155197.07167,0.47828642006850974,0.2714450092425962,0.3163158279219928,1,7.526178010471196,8.448844884488448,감소형,,0.0,,2.6,관찰,2.6
2026-09-28T07:06:34+09:00,SC,KRW-SC,SCUSDT,1.55,6.16438356,10701096560.325863,1790546782746,False,False,,1376351611.1847699,3556456943.0561314,955904669.1379834,4963779603.161496,809053872.4821354,0.3870007800521956,0.4357316696445367,0.6139796784856743,1,8.955223880596996,10.606060606060597,감소형,1694179.38341,7.19,614723.260837,3376942.058417,386682.489163,1121330.284613,379230.920896,0.1820354777200892,0.3775203345499712,0.5344588369079666,1,11.111111111111116,11.570247933884303,감소형,,0.0,,2.6,관찰,2.6
2026-09-28T07:06:34+09:00,AVNT,KRW-AVNT,AVNTUSDT,173.0,-2.25988701,1213968583.660286,1790546764360,False,False,,5782477902.048407,1752719222.1020172,1150978016.5932298,2381212864.789187,2704188126.4419727,3.299146736756583,3.2824463172434575,2.6112799927376056,3,17.999999999999993,12.73885350318471,가속형,825621.07902,-2.377,3607849.00092,2062373.80492,626823.00318,1137267.31249,2426845.49601,1.7493671575507377,2.8286027678971477,2.342915249671109,3,17.974452554744524,11.273666092943202,가속형,,0.0,,63.0,시동,63.0
2026-09-28T07:06:34+09:00,WAXP,KRW-WAXP,WAXPUSDT,8.61,-4.86187845,3571884750.8238225,1790546787127,False,True,거래량급등,42462153497.91535,22824305048.547558,181620909.6402677,393643010.4519714,303773448.79495156,1.860391955312456,5.443966111703594,8.792500991904117,3,21.96765498652291,20.66666666666668,가속형,545556.27757,-3.049,1877779.88597,2151077.76048,138000.26881,176323.56658,165792.98876,0.8729483984581685,2.2849582264191266,3.256237570129792,1,23.605947955390327,19.819819819819816,중립,,0.0,,55.8,시동,55.8
2026-09-28T07:06:34+09:00,SOMI,KRW-SOMI,SOMIUSDT,294.0,-2.3255814,222076082.53810316,1790546701286,False,False,,420368634.5193351,148701151.869303,135297929.99869627,232961572.29158592,372711970.32817864,2.8269359667691556,2.439462062365588,1.2091322565310707,3,18.972332015810277,16.666666666666675,가속형,398838.70314,-0.414,684427.35608,357866.81683,394628.36187,806392.75755,650993.28988,1.9125197528585847,1.317145396082348,1.0158776350060272,2,19.328641039523564,15.756302521008392,중립,,0.0,,48.3,시동,48.3
2026-09-28T07:06:34+09:00,KITE,KRW-KITE,KITEUSDT,207.0,-0.48076923000000005,4050205626.019719,1790546797082,False,False,,4620954677.440816,1959462780.5447605,1645136779.0401716,3999601697.563446,9831140481.348755,2.3582763211027262,1.8230532785137128,1.2409225350571953,3,13.661202185792343,29.19254658385093,가속형,4329253.90335,0.394,3781137.72426,2178491.51505,1569254.41002,3170506.19445,5989694.06566,1.7356678684026072,1.6396357023147956,1.3275300121682176,3,14.823175319789339,28.127623845507998,가속형,,0.0,,42.6,시동,42.6
2026-09-28T07:06:34+09:00,CC,KRW-CC,,185.0,0.54347826,1823702873.8300226,1790546785047,False,False,,4761875245.716115,3969138686.9737163,2608936747.0009675,2991076611.0929365,2195860727.7892985,1.1997250842718281,1.4928831384293673,1.6874264223072426,3,21.85430463576159,14.28571428571428,고수준 유지형,,,,,,,,,,,,,,NO_DATA,,0.0,,37.2,시동,37.2
2026-09-28T07:06:34+09:00,STEEM,KRW-STEEM,STEEMUSDT,90.6,-3.8216560500000005,3358858687.350628,1790546782095,False,False,,20901412604.131207,10756260792.167986,36332726731.825714,1917377413.5040665,1177624724.16366,1.9431857415869151,1.279512118321079,2.0432546777589047,2,18.341708542713576,19.69504447268107,중립,1111103.451719,-2.368,1538584.647403,1289386.772879,3728518.166524,783302.98282,450997.199789,1.1932685209478144,0.7956539403676918,1.1358845189035776,2,19.778891000172738,19.448751076658066,중립,,0.0,,29.7,시동,29.7
2026-09-28T07:06:34+09:00,FIL,KRW-FIL,FILUSDT,1531.0,-0.64892927,6884651232.986451,1790546789849,False,True,거래량급등,18443857953.829006,3146047633.4990187,3185409877.1442676,5224206228.811191,4186280829.928217,5.862548855725951,4.788264448416627,4.789598920784836,2,19.922178988326845,15.6039009752438,일회성 폭증형,12994656.405013,0.231,32737197.186611,14256010.626851,16441816.358158,26646111.401134,28330855.867138,2.2963785622431385,1.712676079178502,1.5192041731436468,2,21.08749065270803,14.98275512274294,고수준 유지형,,0.0,,26.6,시동,26.6
2026-09-28T07:06:34+09:00,PROM,KRW-PROM,PROMUSDT,8560.0,0.29291154,3789393148.4682093,1790546777674,False,False,,21579936425.72203,3893344132.355357,17867927015.01864,3388322516.7550354,4304636776.007568,5.542776516050435,2.574189076044785,3.558157925281586,2,22.80575539568346,25.146627565982406,일회성 폭증형,1541335.14236,1.15,6768657.92465,4107157.00747,6768551.80743,3688866.66206,6025612.72637,1.6480153820122594,1.3942029279241566,1.519830740065786,2,23.982615566969567,24.746571258199168,중립,,0.0,,25.8,시동,25.8
2026-09-28T07:06:34+09:00,CFG,KRW-CFG,CFGUSDT,223.0,-3.04347826,3390889980.825332,1790546797449,False,False,,4083906565.855541,3885777834.9190354,4720810978.725211,3044107824.47045,1614905786.0346408,1.050988177748107,1.0515868774306343,1.2118935949501821,2,17.948717948717952,22.34042553191489,중립,3559929.0703,-1.681,2120588.16306,3471573.13969,3869004.77242,2915913.89841,1944008.70386,0.6108435794757191,0.6202671056252187,0.6616230928791759,1,18.565400843881854,21.820809248554916,감소형,,0.0,,23.3,시동,23.3
2026-09-28T07:06:34+09:00,SENT,KRW-SENT,SENTUSDT,29.9,-7.716049379999999,263546694.27942517,1790546684665,False,False,,568315142.5595218,521080633.07266086,1042542809.2756765,4897154485.106926,746682627.1079001,1.0906472175109114,0.2638916624008001,0.37442450187846416,2,12.5,26.56249999999998,중립,748307.01325,-7.185,2132161.79776,1767046.56559,1698928.26228,5556437.3114,1884319.92602,1.2066245673882914,0.708955132457243,0.9024938533190676,3,13.266761768901581,25.500526870389884,중립,,0.0,,22.8,시동,22.8
2026-09-28T07:06:34+09:00,UP2,KRW-UP2,,95.9,-3.8114343,1429455245.7943375,1790546705701,False,False,,3320237954.492803,4140424663.944608,9121690269.55546,22677085362.77111,1973703867.9501529,0.8019075877423626,0.2771545772127787,0.42868487551667694,1,8.017334777898167,21.142162818955047,중립,,,,,,,,,,,,,,NO_DATA,,0.0,,17.5,시동,17.5
2026-09-28T07:06:34+09:00,POL,KRW-POL,POLUSDT,165.0,0.6097560999999999,2471649917.823781,1790546793824,False,False,,3602430986.3148084,4454245326.758308,3746017336.532518,6316580413.86697,3482901291.882836,0.8087634878738416,0.7444657837453423,0.75136508502736,1,17.985611510791365,8.609271523178808,중립,9683645.239464,2.582,11368259.391063,13085919.904033,7918305.896612,13201410.952584,8080052.798969,0.8687397962415597,0.9970514046919334,0.9388315507352797,1,18.99684044233807,7.377049180327866,중립,,0.0,,16.3,시동,16.3
2026-09-28T07:06:34+09:00,PLUME,KRW-PLUME,PLUMEUSDT,24.7,0.0,2729296789.1512785,1790546766686,False,False,,3407720479.381135,4489907543.75483,6476327931.8389435,2363078480.1987147,1651758237.5168674,0.7589734189785384,0.7669683130016418,1.0257964592949318,1,14.883720930232558,21.078431372549034,중립,3059331.74324,0.664,4838217.88938,9061975.44244,10395113.29038,5348305.67044,3490156.52323,0.5339032223284503,0.585141015384639,0.7747007341685007,1,15.159235668789805,19.655857048312363,감소형,,0.0,,15.3,시동,15.3
2026-09-28T07:06:34+09:00,JUP,KRW-JUP,JUPUSDT,490.0,6.06060606,2769924124.346715,1790546788170,False,False,,3701969898.403964,4706453927.904771,5739589855.251501,3115259946.378277,2849461655.910515,0.7865730664980747,0.8189411517290063,0.8503968170410099,1,15.500000000000004,14.356435643564346,중립,5751251.65884,6.32,5451753.66575,8128637.36874,6371430.71717,6483993.13404,5397647.72908,0.670684816955374,0.7794135189474524,0.7633175084336948,1,16.701101928374662,13.458319383997308,감소형,,0.0,,11.6,시동,11.6
2026-09-28T07:06:34+09:00,BLAST,KRW-BLAST,,0.634,-3.35365854,5429844321.436682,1790546746476,False,False,,4104984173.507495,27362214893.855743,4219603536.204266,46160069348.195274,5233718882.863776,0.15002382626668428,0.1584082001667964,0.24393104878163352,1,0.9230769230769154,23.076923076923084,감소형,,,,,,,,,,,,,,NO_DATA,,0.0,,7.6,시동,7.6
2026-09-28T07:06:34+09:00,BCH,KRW-BCH,BCHUSDT,450000.0,-1.66083916,9202757117.948832,1790546786076,False,False,,5935642055.974839,12308245510.592625,24775409951.055656,97141284273.5118,91252987183.04053,0.4822492410365518,0.13266481030320784,0.1237977120052864,1,-1.2729234088457386,26.65375034597288,감소형,20347974.6296,-1.396,10751602.9987,29865250.9969,40731044.2192,110125122.7108,108965108.6745,0.36000377160118335,0.17847806511316078,0.17057486694969923,1,-0.4148148148148123,25.73887018331462,감소형,,0.0,,7.1,시동,7.1
2026-09-28T07:06:34+09:00,CPOOL,KRW-CPOOL,,49.0,-4.296875,4499366879.040773,1790546753444,False,False,,26946587683.036934,3169764996.98009,14137399776.086727,86128004791.0223,4386791449.631016,8.501131064514114,0.7815500606785581,1.2044484120560999,2,6.224066390041494,33.68146214099219,일회성 폭증형,,,,,,,,,,,,,,NO_DATA,,0.0,,6.8,시동,6.8
2026-09-28T07:06:34+09:00,SPK,KRW-SPK,SPKUSDT,32.8,-4.373177839999999,1630852670.201978,1790546663956,False,False,,3010280144.735454,6663872183.252292,465752301.2905843,1284345044.045714,846515996.7926046,0.45173137508563255,1.073315086716418,1.4252102849273973,1,22.93906810035842,18.685121107266433,감소형,1924496.796172,-4.47,2890252.318085,5449222.658569,1003479.965383,1352889.902704,1224247.142757,0.5303971775754156,1.110839045805232,1.360493039152789,1,24.474385549304124,17.60235008859461,감소형,,0.0,,3.6,시동,3.6
2026-09-28T07:06:34+09:00,OP,KRW-OP,OPUSDT,198.0,1.02040816,535179978.60504353,1790546746158,False,False,,816831250.957464,1571187955.011534,1597657854.4682693,1923671876.0399952,1343738377.6779423,0.5198813091406799,0.4811949421089281,0.4943417111538129,1,15.976331360946737,13.953488372093027,감소형,3947254.937816,1.456,7384000.545402,9247184.815962,8142861.952457,13190211.13256,11099956.256687,0.7985133521562292,0.7243889736945882,0.671344710177538,1,16.991869918699187,12.86274509803922,중립,,0.0,,3.5,시동,3.5
2026-09-28T07:06:34+09:00,MET2,KRW-MET2,,505.0,5.64853556,689590413.5118306,1790546793194,False,False,,846374243.0733413,1242903949.3253098,2833595948.7933507,21603751334.595505,1243319510.2147694,0.680965124885782,0.09887452837632,0.15332836316741644,1,1.7021276595744705,24.479166666666675,감소형,,,,,,,,,,,,,,NO_DATA,,0.0,,2.5,시동,2.5
2026-09-28T07:06:34+09:00,XPL,KRW-XPL,XPLUSDT,144.0,-5.2631578900000004,11285239650.22735,1790546785389,False,False,,13516830536.158382,24378451291.233715,13161432831.54337,10457320600.377972,9743554029.184214,0.554458130858334,0.8448511083586617,0.9040563725407813,1,21.599999999999998,15.15151515151516,감소형,25736991.140321,-5.073,40452468.312541,60692175.01912,32149657.542321,20748396.667269,15446445.716313,0.6665186788873058,1.068378906897653,1.2944638438496123,1,23.93599288809869,13.794510764207747,감소형,,0.0,,2.1,시동,2.1
2026-09-28T07:06:34+09:00,NEAR,KRW-NEAR,NEARUSDT,7500.0,9.48905109,77718643502.72382,1790546796426,False,False,,31254861439.00797,72064149364.41997,73082410539.58403,90832970870.53133,65412079711.7278,0.43370887902881905,0.39734202373090777,0.4277294796556684,1,15.222876366694704,18.71750433275563,감소형,203201328.0282,10.413,128880615.4841,259628294.889,248904564.2981,544327686.1423,288598939.5605,0.4964043519956131,0.36722987499862525,0.39779779233357165,1,16.297322253000935,17.958323577616486,감소형,,0.0,,0,시동,0
2026-09-28T07:06:34+09:00,SUI,KRW-SUI,SUIUSDT,1713.0,8.14393939,69535530399.17407,1790546791875,False,False,,37959648415.27883,92344810108.28906,27258664338.04493,37117718593.12104,48484406272.05529,0.41106423166353445,0.7266339863630769,0.6232101352737766,1,20.090978013646698,12.420156139105742,감소형,120034468.975,8.891,88530369.46325,182822564.77106,74510416.67574,114067847.02944,128823364.25566,0.4842420276409117,0.7151063972565719,0.6006395488039191,1,21.154046453494434,11.556535916370958,감소형,,0.0,,0,시동,0
2026-09-28T07:06:34+09:00,SEI,KRW-SEI,SEIUSDT,103.0,5.31697342,9208177046.514587,1790546780445,False,False,,9321732754.902367,20394772206.696033,5879647499.848794,6985581769.358609,17085140590.674398,0.4570648134938151,0.840805683215848,0.550605968684984,1,20.59186189889026,21.641791044776106,감소형,8607358.571382,6.064,14069172.026541,22171877.136968,7059718.354956,8530981.551834,13498826.372126,0.6345503332725465,1.1177075132005518,0.9114523199522732,1,21.629403794037927,21.03488960053934,감소형,,0.0,,0,시동,0
2026-09-28T07:06:34+09:00,DEEP,KRW-DEEP,,32.3,5.90163934,6257419688.972047,1790546795140,False,False,,1404081062.7881067,6620882322.359408,1232392328.725216,830992587.3002938,961198650.655592,0.21206857249922398,0.4850430177627404,0.5428646298708902,1,22.489959839357443,11.721611721611724,감소형,,,,,,,,,,,,,,NO_DATA,,0.0,,0,시동,0
2026-09-28T07:06:34+09:00,ARK,KRW-ARK,ARKUSDT,336.0,-5.35211268,26811855371.91953,1790546793824,False,False,,55885811049.05972,52682106069.79903,12628264103.34839,3392887772.0143294,2253887005.923058,1.0608120141403625,2.440312703671224,3.832762570157341,5,62.10045662100456,70.67307692307692,연속 가속형,2417283.8083,-5.251,8592370.0907,13545476.7111,4416067.3941,744307.8361,471127.8359,0.6343350089450068,1.3780238586828337,2.188564347746641,1,64.71329552614998,69.85055230669266,감소형,,0.0,,66.5,이미 발동,66.5
2026-09-28T07:06:34+09:00,EDGE,KRW-EDGE,,173.0,-10.3626943,24963780434.51717,1790546790542,False,True,"거래량급등,입금량급등",50292055955.15759,14228712507.995514,993838171.4625647,2265532510.5811124,957011196.6579014,3.534547200029312,8.627370205524203,12.227466558424844,3,67.82608695652175,69.29824561403508,가속형,,,,,,,,,,,,,,NO_DATA,,0.0,,53.0,이미 발동,53.0
2026-09-28T07:06:34+09:00,KMNO,KRW-KMNO,KMNOUSDT,64.6,-5.13950073,5004219792.432535,1790546656319,False,True,거래량급등,15492312873.99916,3889318693.153313,1784476065.7613142,2653405455.862969,638680850.8813342,3.9832973577792816,5.581340357293041,4.824052688053351,3,40.123456790123434,47.7223427331887,가속형,2427084.74223,-4.545,4322522.20685,3491120.48963,2152592.6384,3565962.78858,1529136.49899,1.238147528763212,1.408037235833945,1.3628159420268102,3,41.75637393767706,46.3157894736842,고수준 유지형,,0.0,,53.0,이미 발동,53.0
2026-09-28T07:06:34+09:00,SOON,KRW-SOON,,446.0,42.948717949999995,106435391462.07779,1790546797408,False,True,거래량급등,2942006336.9793057,307195966.51245296,252653347.67808473,677391423.3565129,458426645.3198881,9.576969288950753,7.133631105969203,7.393538843123405,3,18.181818181818187,18.181818181818187,가속형,,,,,,,,,,,,,,NO_DATA,,0.0,,47.6,이미 발동,47.6
2026-09-28T07:06:34+09:00,WLD,KRW-WLD,WLDUSDT,746.0,4.7752809,102975302902.84666,1790546791518,False,False,,77697669029.96974,52565565893.37676,39959977333.64724,42745220250.78275,27636946755.2671,1.4781096276518848,1.7231588045864152,1.9941637310938631,3,27.370304114490153,15.024232633279478,가속형,94091667.10853,3.19,77863222.94531,54755881.21814,42902740.43698,82422997.68308,37818804.81975,1.4220065719536772,1.2971322097967137,1.4811755866089573,3,28.666338582677177,14.120471409864699,중립,,0.0,,41.6,이미 발동,41.6
2026-09-28T07:06:34+09:00,W,KRW-W,WUSDT,21.1,18.53932584,17172858636.444338,1790546788531,False,False,,1131367014.048889,836731873.5387086,521776961.02423143,1022270842.024354,708079457.8573585,1.3521261109178364,1.4256258466604135,1.1638106388960374,3,14.83870967741936,9.876543209876543,고수준 유지형,17048985.483446,20.872,1820695.899841,1336199.940635,705149.893797,1213148.43817,866543.100795,1.3625924118629686,1.6783194342137455,1.569069293178006,3,16.413916146297968,9.756097560975618,가속형,,0.0,,27.9,이미 발동,27.9
2026-09-28T07:06:34+09:00,PYTH,KRW-PYTH,PYTHUSDT,114.0,2.7027026999999997,4401111729.713774,1790546793831,False,False,,3468921211.4411983,3047857447.5176573,2924728495.8141713,3915445426.674636,8515974475.599065,1.1381507407003166,1.0524606208158491,0.8443698531302827,3,29.220023282887063,28.621089223638485,중립,10605126.720324,4.248,5981839.472423,6176793.668346,5268351.977541,7792857.527181,9588491.966588,0.968437638297346,0.9328160649433515,0.9240198003051447,1,29.573414283431852,27.33553148060921,중립,,0.0,,25.0,이미 발동,25.0
2026-09-28T07:06:34+09:00,2Z,KRW-2Z,2ZUSDT,91.1,-7.60649087,13414859043.50756,1790546786790,False,True,"거래량급등,입금량급등",46377199389.2875,1816024776.7233481,4426320467.1560545,1010653498.5870003,793098232.2870246,25.53775696439882,19.182630951422226,25.784665467719627,2,39.06911142454159,40.056818181818166,일회성 폭증형,3580851.96955,-5.68,14791129.08431,2270920.13317,3842032.20728,932822.46393,727390.85412,6.513275772346479,6.297871914007999,8.79768169353634,2,40.99125364431484,39.23224568138195,일회성 폭증형,,0.0,,22.0,이미 발동,22.0
2026-09-28T07:06:34+09:00,SUPER,KRW-SUPER,SUPERUSDT,267.0,-4.30107527,2032810027.3964467,1790546599744,False,False,,665389665.6627365,255317218.9796544,946627186.7872822,14373498003.060947,210063870.47633114,2.606129223567016,0.12816130319719304,0.19960144896664636,2,15.767634854771796,36.09756097560977,중립,4944414.9635,-0.75,2746411.684,1502376.7698,1732911.2682,11237284.1419,1034214.3197,1.8280445619281034,0.5692999799609173,0.809275454466135,2,16.57175398633257,34.40577806959948,중립,,0.0,,20.5,이미 발동,20.5
2026-09-28T07:06:34+09:00,AERO,KRW-AERO,AEROUSDT,1140.0,-3.1435853899999997,850615062.0350972,1790546550080,False,False,,5832876685.539823,9569737373.453264,556927863.2984602,2030215695.5642734,736086441.6119194,0.6095127230680746,1.4394012867316794,2.022001928543911,1,29.198682766191,24.550264550264544,감소형,4891107.5406,-3.627,13183278.97201,11766517.7364,4299156.80788,6555083.76461,3809634.3019,1.1204061615636047,1.7483868743908042,2.082437193902344,3,30.56393244873341,23.894691658320234,가속형,,0.0,,8.2,이미 발동,8.2
2026-09-28T07:06:34+09:00,ZRO,KRW-ZRO,ZROUSDT,2222.0,2.34914786,2021134578.3515909,1790546780116,False,False,,2688053191.834902,7174899630.116448,9700905994.68138,14936086077.33316,10655614168.72199,0.3746468007094999,0.25349512852027317,0.2991421247493874,1,5.4907677356657025,35.857321652065075,감소형,8942241.69202,0.739,11748239.91274,15071918.83523,20107382.00397,33229836.65702,20490437.17884,0.7794787141023454,0.5152048546170821,0.5844284172630984,1,6.466666666666665,35.33898305084746,중립,,0.0,,2.2,이미 발동,2.2
2026-09-28T07:06:34+09:00,JTO,KRW-JTO,JTOUSDT,807.0,-1.34474328,6901626831.2717285,1790546773053,False,False,,4522920033.734624,8337085133.595275,2877686035.285347,4143641074.957268,2336085631.799267,0.5425061590781868,0.8834741434061932,1.04457615382493,1,31.30016051364366,18.20809248554913,감소형,5540771.221,-2.107,7103124.16441,7928266.00227,2800244.30626,3999833.99673,3011321.73135,0.8959240472476897,1.4468274268696781,1.6866955382031468,1,33.067729083665334,17.353113410111256,중립,,0.0,,1.2,이미 발동,1.2
2026-09-28T07:06:34+09:00,B3,KRW-B3,,1.15,2.67857143,14491648198.478443,1790546792191,False,False,,4878575540.299883,33742862659.562485,4519018857.223932,43335091960.85083,2319675230.466297,0.14458096189172406,0.17936604750310703,0.286225270367764,1,9.80392156862746,36.91931540342301,감소형,,,,,,,,,,,,,,NO_DATA,,0.0,,0.4,이미 발동,0.4
2026-09-28T07:06:34+09:00,ONDO,KRW-ONDO,ONDOUSDT,755.0,3.1420765000000004,62159991181.02522,1790546797408,False,False,,51648941979.017944,182249626730.641,212301739136.4852,51633687378.31411,54275421378.62401,0.28339669554085506,0.3472703193663901,0.46105354387241354,1,29.328621908127218,18.446601941747566,감소형,26576369.59095,3.783,23617885.69497,74727385.76855,119026781.55669,26871723.27862,32204576.70395,0.31605395334075637,0.32114842410825545,0.40741821946553525,1,30.34415899175955,17.449224721554923,감소형,,0.0,,0,이미 발동,0
2026-09-28T07:06:34+09:00,ENA,KRW-ENA,ENAUSDT,376.0,2.45231608,30440116854.444317,1790546793829,False,False,,42380982587.99021,58634115789.54371,29841860937.01719,26144984028.471283,28788262258.684547,0.7228041562033424,1.109246920689318,1.0816007689080627,1,29.681978798586584,27.430555555555557,감소형,50372092.822704,1.986,77584468.569489,122704831.401416,48196978.041166,55802386.259145,59278590.446491,0.6322853605957824,1.0266832732760665,1.0619966897835205,1,30.810286268801555,26.75129290079925,감소형,,0.0,,0,이미 발동,0
2026-09-28T07:06:34+09:00,GRT,KRW-GRT,GRTUSDT,46.6,23.93617021,5763971136.798887,1790546797077,False,False,,731855728.3630054,1211123677.7500463,951787328.2330859,2101522100.2157292,1056286694.7942948,0.6042782762885155,0.5148555811316393,0.5632606695953807,1,10.26392961876832,17.868338557993745,감소형,6646015.87753,24.366,1125552.21867,2674194.94095,2025342.67638,3667964.17778,1921244.16789,0.42089385535601637,0.4035441806517844,0.45749541757913065,1,10.972668810289399,17.09075487701441,감소형,,0.0,,0,이미 발동,0
2026-09-28T07:06:34+09:00,MANTRA,KRW-MANTRA,MANTRAUSDT,7.02,-3.17241379,1791395937.3146214,1790546686606,True,True,글로벌가격차이,4180910332.930153,38492457450.42491,2991482478.067636,774887559.6126161,1051139326.1602514,0.108616352653369,0.29680735941670255,0.4110649427858522,1,15.814696485623013,10.518292682926834,감소형,484243.17191,-2.083,835752.80688,2186291.42177,1886172.0057,714683.74528,740131.40908,0.38226962725919805,0.5237479296463103,0.6309507174328137,1,11.805555555555557,7.095343680709543,감소형,,0.0,,0,유의종목,0
2026-09-28T07:06:34+09:00,SOPH,KRW-SOPH,SOPHUSDT,5.27,-1.67910448,1579830837.874848,1790546752800,True,False,,1412164280.628409,1791869991.560728,4613225693.404075,3045125179.522937,11986649091.712015,0.7880952788312541,0.4482956433119165,0.27413041240225844,1,3.875968992248069,-12.274959083469717,중립,327122.24727,-2.842,607166.49403,566674.12096,957325.82572,1490555.78654,3631544.58008,1.0714561889669534,0.6042348005105097,0.3918416575533038,2,3.200000000000003,-13.99999999999999,중립,,0.0,,0,유의종목,0
2026-09-28T07:06:34+09:00,SAND,KRW-SAND,SANDUSDT,60.7,-0.65466448,1298639177.3139644,1790546770030,True,False,,2235041380.468845,5942227861.32193,2029361352.03652,5944895723.500585,2091094524.5369477,0.3761285215965497,0.48181161922917926,0.5807298800337474,1,9.694793536804314,7.950530035335679,감소형,1286948.96767,0.29,1801513.63781,4095841.40309,1953205.61442,3940830.16572,2824175.85675,0.43983969605143775,0.5410017374890853,0.6243130874487287,1,11.405901314158196,7.410949079607931,감소형,,0.0,,0,유의종목,0
2026-09-28T07:06:34+09:00,EGLD,KRW-EGLD,EGLDUSDT,6650.0,-2.77777778,1207368420.3401916,1790546769627,True,False,,2725265739.736606,8669285212.33961,92211240860.45322,2595424439.9131804,1437908511.8842857,0.31435875888101383,0.07901156914916087,0.12501972244930742,1,14.957983193277302,12.223133716160795,감소형,443893.34236,0.258,489103.46102,739418.72465,990387.58821,3029233.72257,1577674.35175,0.6614702126342751,0.3083206638599799,0.24430407773013585,1,13.816425120772946,7.87545787545787,감소형,,0.0,,0,유의종목,0
2026-09-28T07:06:34+09:00,RVN,KRW-RVN,RVNUSDT,3.37,0.0,782260182.4193025,1790546793824,True,False,,729312151.3701749,1294438833.3449526,1992025259.1813576,1917711221.0750299,6400571778.533943,0.5634195549322042,0.4204194367534577,0.2837809889915332,1,4.658385093167694,4.334365325077405,감소형,427115.8240011,-0.205,441414.0288915,813387.625776,773755.9670804,1231175.8493321,1134739.231898,0.5426859407534946,0.46986940758077833,0.4380360251192457,1,7.655081390233187,6.391304347826088,감소형,,0.0,,0,유의종목,0
2026-09-28T07:06:34+09:00,ICX,KRW-ICX,,19.7,0.51020408,547650630.3891925,1790546479287,True,False,,490681587.1460156,1806613109.393738,820791151.5531006,1115014111.2166288,1567171925.3032293,0.27160302590225205,0.39334051275166954,0.32306370134312207,1,0.512820512820511,2.083333333333348,감소형,,,,,,,,,,,,,,NO_DATA,,0.0,,0,유의종목,0
2026-09-28T07:06:34+09:00,ZIL,KRW-ZIL,ZILUSDT,4.63,-2.1141649,476944475.831688,1790546681325,True,False,,753082291.889733,6935308182.743683,2069883485.6802201,1375602171.1410267,2024294507.0279028,0.1085867090612555,0.2176371971725706,0.22865597635531196,1,5.816554809843422,6.0538116591928315,감소형,398915.6853252,0.213,587220.3951316,852608.2694845,409336.4625708,1299022.2905563,1369723.9567969,0.6887341070321102,0.6878890551266486,0.4736081783204127,1,4.39712389380531,3.794335991201536,감소형,,0.0,,0,유의종목,0
2026-09-28T09:41:58+09:00,AZTEC,KRW-AZTEC,,23.9,-2.44897959,3859481479.751528,1790556109454,False,False,,3835294598.569169,606107054.9573615,272637604.19872695,250071331.86229235,509177249.7179386,6.327751124492314,10.192878101706619,9.285143747702257,4,9.865470852017943,11.363636363636353,연속 가속형,,,,,,,,,,,,,,NO_DATA,,0.0,,81.0,발사 전,81.0
2026-09-28T09:41:58+09:00,SUN,KRW-SUN,SUNUSDT,23.0,0.43668122000000004,986384746.4219975,1790556112336,False,False,,985362355.1879239,377744687.9281972,326224635.72143286,273408579.08883953,627441619.5556046,2.608540600775369,3.024507774609237,2.19791498322273,4,-2.9661016949152685,-1.7167381974249052,연속 가속형,957533.93581,-1.052,950915.03817,385648.88753,493542.55529,704271.45937,1058520.72397,2.465753354717061,1.8015863273869732,1.2088449898557596,2,-1.909722222222221,-2.3054755043227737,고수준 유지형,,0.0,,78.8,발사 전,78.8
2026-09-28T09:41:58+09:00,ARX,KRW-ARX,,332.0,-2.63929619,42598090076.7018,1790556113429,False,False,,41713138805.01888,2571272303.087813,1526690452.5326693,4827116787.914237,2371809956.193425,16.22276207577316,14.021098165529176,11.797605686486687,3,-1.1594202898550732,14.046822742474907,가속형,,,,,,,,,,,,,,NO_DATA,,0.0,,72.9,발사 전,72.9
2026-09-28T09:41:58+09:00,MMT,KRW-MMT,MMTUSDT,249.0,0.8097165999999999,5200706796.1135,1790556119154,False,False,,5015776659.559391,591563442.2212769,533076983.26801175,820621231.7090731,1300878533.890594,8.47884825459383,7.735375815894042,6.092156654537069,3,5.555555555555558,6.926406926406936,가속형,2029210.52881,7.756,2011355.28126,460386.72111,379828.81436,512169.90532,1246728.72979,4.368838606835986,4.461794442459528,3.089823839346397,3,6.896551724137945,5.783689994216323,가속형,,0.0,,71.9,발사 전,71.9
2026-09-28T09:41:58+09:00,COW,KRW-COW,COWUSDT,213.0,-1.38888889,10055795257.330019,1790556119125,False,False,,19336877656.45499,336694762.9016514,307617798.7079198,396618244.6530735,416311128.8220103,57.43147737080572,55.72957647170247,57.21834336468432,3,10.20408163265305,2.857142857142847,가속형,2093369.60879,-9.472,4700499.39913,425902.24064,409844.50155,612222.78088,515618.36643,11.036568842809082,9.738808706064377,9.252980954146548,3,11.265646731571621,2.2364217252396124,가속형,,0.0,,71.8,발사 전,71.8
2026-09-28T09:41:58+09:00,FOLD,KRW-FOLD,,89.6,-4.27350427,20223459859.864765,1790556119101,False,True,거래량급등,25698031405.360714,14492592348.077728,1701281137.632876,1551151032.7012749,5249694619.795462,1.7731838989295283,4.344547066480008,5.014657342304209,4,14.42542787286063,14.846625766871169,연속 가속형,,,,,,,,,,,,,,NO_DATA,,0.0,,70.7,발사 전,70.7
2026-09-28T09:41:58+09:00,IN,KRW-IN,,55.8,0.0,26928692560.184616,1790556119126,False,False,,25811537238.671104,2474954558.2258844,911806275.5038447,1465270296.4348595,3770871642.2945056,10.4290954162704,15.9592157673124,5.39282351721284,3,12.273641851106621,10.05917159763312,가속형,,,,,,,,,,,,,,NO_DATA,,0.0,,69.5,발사 전,69.5
2026-09-28T09:41:58+09:00,GEOD,KRW-GEOD,,367.0,-0.27173913,2367936171.8676186,1790556115095,False,False,,3393315658.6610503,1220507833.774974,637106243.2519096,1092495234.6777556,2025961421.1696436,2.7802489789563105,3.450701618273578,2.7170830069743044,3,4.545454545454541,7.917888563049846,가속형,,,,,,,,,,,,,,NO_DATA,,0.0,,69.3,발사 전,69.3
2026-09-28T09:41:58+09:00,ESP,KRW-ESP,ESPUSDT,139.0,-2.11267606,7810187465.404671,1790556116181,False,True,"거래량급등,입금량급등",11375178549.93428,11264305851.511736,1257248227.1640294,1138982721.04665,721548807.202768,1.0098428345149795,2.4981108832045513,3.772302910473505,5,6.766917293233088,11.811023622047244,연속 가속형,2559589.1751,-7.971,3493980.78611,2611907.3122,622218.02973,571953.46213,840295.40247,1.33771239499576,2.7540003499530172,3.3732977443525995,4,7.0437017994858575,9.406200735680503,연속 가속형,,0.0,,69.0,발사 전,69.0
2026-09-28T09:41:58+09:00,FLUID,KRW-FLUID,,2030.0,-0.78201369,542045291.2142383,1790556068517,False,False,,522627513.5447782,274944161.92958355,273941140.80621785,124217697.37550235,333588349.1137448,1.900849648441087,2.3293352434546732,2.022139472082669,4,7.232704402515733,7.008368200836812,연속 가속형,,,,,,,,,,,,,,NO_DATA,,0.0,,68.7,발사 전,68.7
2026-09-28T09:41:58+09:00,TRUST,KRW-TRUST,,95.2,5.89543938,31882131674.225346,1790556120204,False,False,,25986025236.140594,1005002350.3405551,525975307.1376437,665071344.8213401,721275844.0710351,25.85668105884028,35.49924233329489,26.185101224678068,3,9.234507897934407,5.640423031727404,가속형,,,,,,,,,,,,,,NO_DATA,,0.0,,66.8,발사 전,66.8
2026-09-28T09:41:58+09:00,XCN,KRW-XCN,,6.86,0.43923864999999995,1611348355.1641736,1790556119500,False,False,,4529084564.505775,1035243575.9021567,616167530.56629,3041938854.4936404,3471930526.9087267,4.374897531297339,2.8950011839159937,2.6062604757626944,3,-1.157742402315487,9.105431309904155,가속형,,,,,,,,,,,,,,NO_DATA,,0.0,,66.8,발사 전,66.8
2026-09-28T09:41:58+09:00,AHT,KRW-AHT,,1.69,1.19760479,405566708.2522278,1790556011425,False,False,,343667660.808783,239721415.9712518,163901230.7816942,136327190.98387405,301883883.05296075,1.433612676682991,1.9094421562339203,1.7452615281228636,4,1.8292682926829285,3.0864197530864113,연속 가속형,,,,,,,,,,,,,,NO_DATA,,0.0,,65.7,발사 전,65.7
2026-09-28T09:41:58+09:00,PIEVERSE,KRW-PIEVERSE,,2076.0,-1.28388017,2401354993.264944,1790556056159,False,False,,2377992513.77992,816502260.2305021,771434779.5047857,1021020419.8879246,1307374121.4384334,2.91241387759123,2.734416966066612,1.8965313761255735,3,-4.53926463912846,-12.702366127023657,가속형,,,,,,,,,,,,,,NO_DATA,,0.0,,64.4,발사 전,64.4
2026-09-28T09:41:58+09:00,T,KRW-T,TUSDT,7.82,-2.61519303,3916778213.298045,1790556121274,False,False,,10410323084.293438,5415883989.6512375,2105069605.701688,3262242952.0365148,9992842013.607557,1.9221835445858255,2.8962626356320267,2.2546764030776942,3,5.38057742782152,11.682892906815013,가속형,639943.507624,-2.041,1527840.209048,813472.954541,412870.107776,902794.912274,1636364.876929,1.8781696435256166,2.1527588544488188,1.65161931608115,3,5.913978494623673,10.467289719626184,가속형,,0.0,,63.0,발사 전,63.0
2026-09-28T09:41:58+09:00,MOCA,KRW-MOCA,,14.6,0.0,499745447.53376997,1790555919334,False,False,,484934326.20286804,191501365.7372173,166581706.18616933,194407096.8372007,494665611.5166454,2.532276071954006,2.633174418057418,1.8362119136067188,3,4.285714285714293,3.546099290780136,가속형,,,,,,,,,,,,,,NO_DATA,,0.0,,61.0,발사 전,61.0
2026-09-28T09:41:58+09:00,MLK,KRW-MLK,,61.6,0.65359477,420532539.11790323,1790556115473,False,False,,435520315.5903159,344391630.55574757,290523472.05161804,253517901.9892675,554763115.3993033,1.2646077225730288,1.4706353095967581,1.0945411479153389,4,1.830282861896837,2.5125628140703515,연속 가속형,,,,,,,,,,,,,,NO_DATA,,0.0,,59.5,발사 전,59.5
2026-09-28T09:41:58+09:00,ANIME,KRW-ANIME,ANIMEUSDT,4.64,-0.42918454999999994,498581998.9041651,1790556057920,False,False,,1136106584.7464838,493091298.7290356,390908613.1037221,667551791.5967109,1163195125.3474052,2.30404914399189,2.1967168394748815,1.3710696177722874,3,0.6479481641468832,-2.1008403361344463,가속형,317745.251771,-2.557,392374.113016,156442.574613,165124.054083,201649.051487,311153.314687,2.5081031425533356,2.249784139948347,1.7263216598632283,2,1.7699115044247815,-2.5423728813559365,고수준 유지형,,0.0,,57.2,발사 전,57.2
2026-09-28T09:41:58+09:00,LAYER,KRW-LAYER,LAYERUSDT,115.0,0.87719298,2252577290.449809,1790556066450,False,False,,1350579788.9927747,1026309590.0710856,670782290.8856579,672995809.8412343,1444919044.3070695,1.3159574869598842,1.709531416373103,1.4743425710133446,3,6.542056074766345,7.547169811320753,가속형,916833.642555,3.053,666666.772354,423824.055424,334884.443716,311872.887143,464393.371591,1.5729800227763298,1.8681441156060932,1.7324244164109155,4,8.58974358974358,7.351077313054488,연속 가속형,EARLY,5.0,Binance 연속가속 우위,54.4,관찰,54.4
2026-09-28T09:41:58+09:00,LPT,KRW-LPT,LPTUSDT,2409.0,-1.4320785600000001,1002124188.1188694,1790556101096,False,False,,1032380302.4272715,479214082.84828466,329803739.3906603,584352637.4498216,2199737303.010241,2.1543196232697417,2.2227691750933305,1.2451520765253965,3,9.058456046407848,4.533789563729673,가속형,1726652.23709,2.12,1687486.65687,1307100.89314,1436612.11208,2013358.4461,2733593.65007,1.2910148449338241,1.06419674844389,0.9751119635060934,2,9.945088468578401,3.089244851258588,중립,,0.0,,52.8,관찰,52.8
2026-09-28T09:41:58+09:00,FCT2,KRW-FCT2,,13.0,0.0,262755561.53211027,1790556089484,False,False,,288300257.7328749,205599583.94292477,138354121.38492206,203811181.51823166,225194179.05446297,1.4022414452594814,1.5789635187800217,1.3286463256516041,3,0.0,2.3622047244094446,가속형,,,,,,,,,,,,,,NO_DATA,,0.0,,51.8,관찰,51.8
2026-09-28T09:41:58+09:00,ERA,KRW-ERA,ERAUSDT,96.0,-0.72388831,1959823551.424313,1790556083576,False,False,,1861528691.5905914,725638871.1664078,742092960.1718245,676731388.6100804,1492755003.0251193,2.5653651775825206,2.6041883221976536,2.1010227107985098,2,3.5331905781584627,4.2025862068965525,고수준 유지형,1080383.62707,2.017,1056425.17058,425282.69015,504428.99915,386374.36391,731751.98087,2.4840540070121166,2.4081066006360126,1.9986924539787752,2,4.2397660818713545,3.3333333333333215,고수준 유지형,,0.0,,49.2,관찰,49.2
2026-09-28T09:41:58+09:00,SLX,KRW-SLX,,95.4,-1.7507723999999998,6686395397.863249,1790556118768,False,False,,6586882409.107595,4607809296.074293,3562415701.9781637,4986684453.448385,19107787809.89808,1.429504127855163,1.5019216557022543,0.9171801046778153,3,-0.6141248720573311,5.543478260869561,가속형,,,,,,,,,,,,,,NO_DATA,,0.0,,48.8,관찰,48.8
2026-09-28T09:41:58+09:00,ANKR,KRW-ANKR,ANKRUSDT,6.99,-0.42735042999999995,1044702086.5076807,1790556086495,False,False,,3181360754.9715753,1174035776.8162823,3396157630.458345,218008019.4884472,522172817.4039794,2.709764742943951,1.9932499521781244,2.680360197920453,2,4.6199701937406745,1.0071942446043147,고수준 유지형,391708.493494,0.98,938096.641569,384982.544994,1037782.350401,280593.996057,394541.460236,2.436725128885052,1.6522002138421956,1.8304301971048074,2,5.284552845528445,-0.38461538461538325,고수준 유지형,,0.0,,47.5,관찰,47.5
2026-09-28T09:41:58+09:00,BLEND,KRW-BLEND,,93.0,-0.7470651,687243116.3167635,1790556086871,False,False,,703250963.5124041,496851075.13511527,444289202.3914961,515476211.5431836,933411207.7961878,1.4154160043251587,1.4483928380383189,1.1878901874876129,3,-0.31914893617021045,1.1879049676025932,고수준 유지형,,,,,,,,,,,,,,NO_DATA,,0.0,,45.3,관찰,45.3
2026-09-28T09:41:58+09:00,SONIC,KRW-SONIC,,37.4,-1.05820106,7092283337.515979,1790556111233,False,False,,8148590703.687558,781674966.1993244,817953896.4383346,1977507359.3659985,1212863885.2899134,10.424525609804032,6.8338946559239195,3.840238282717027,2,0.8000000000000007,3.2786885245901454,일회성 폭증형,,,,,,,,,,,,,,NO_DATA,,0.0,,44.0,관찰,44.0
2026-09-28T09:41:58+09:00,MEGA,KRW-MEGA,MEGAUSDT,59.3,-0.33613445,942279348.4399508,1790556117336,False,False,,904424928.8728448,680991238.7441318,581382344.569024,730792229.8956327,1384555697.1908326,1.328100682382881,1.3612890451148398,0.9824209809225888,3,-3.0944625407166138,-4.800000000000004,중립,1478978.436794,-2.041,1415751.092026,1387680.45736,1945548.435377,1934186.230112,3282502.051348,1.0202284571474063,0.8063259069243013,0.6050350940542016,2,-2.2924549298909302,-5.713058419243977,중립,,0.0,,43.9,관찰,43.9
2026-09-28T09:41:58+09:00,ELF,KRW-ELF,,105.0,-0.94339623,1205977379.2553353,1790556094536,False,False,,1228603256.108883,207462018.09065077,248771073.66511115,371333818.55757296,510951601.3169092,5.922063553686455,4.453790651116198,3.7116295085061175,2,0.952380952380949,3.9215686274509887,일회성 폭증형,,,,,,,,,,,,,,NO_DATA,,0.0,,43.8,관찰,43.8
2026-09-28T09:41:58+09:00,BTT,KRW-BTT,,0.000506,-1.55642023,1505587997.4923685,1790556116971,False,False,,1454488743.0162747,975497707.2225146,652159722.7495574,1509297891.038131,10991623469.202335,1.4910222056365126,1.3909876879099585,0.1676204540946552,3,0.5870841487279899,0.7843137254901933,중립,,,,,,,,,,,,,,NO_DATA,,0.0,,43.7,관찰,43.7
2026-09-28T09:41:58+09:00,VVV,KRW-VVV,,38780.0,-2.3911401999999997,3527091336.885889,1790556104779,False,False,,3446086691.2242074,885237193.7668076,1912443219.3261023,2301540555.914533,3257964036.982668,3.89283992526413,2.027419509079434,1.4542830698125784,2,-6.075650118203313,-7.453994875378522,고수준 유지형,,,,,,,,,,,,,,NO_DATA,,0.0,,43.5,관찰,43.5
2026-09-28T09:41:58+09:00,TFUEL,KRW-TFUEL,TFUELUSDT,15.0,-0.66225166,1404046761.3120139,1790556045969,False,False,,1453063754.9459515,310399583.1067175,425114840.38362044,308316172.419269,493995973.9409945,4.68126838445649,4.176148200598777,3.8932856275240324,2,2.7210884353741527,2.7210884353741527,일회성 폭증형,878602.7071,-0.898,886631.35062,144985.08439,346250.56559,224736.05933,193784.61394,6.115328030813308,3.7150826174729823,3.784849014500707,2,3.249767873723308,1.8315018315018472,일회성 폭증형,,0.0,,43.4,관찰,43.4
2026-09-28T09:41:58+09:00,WCT,KRW-WCT,WCTUSDT,59.6,0.33670034,765571760.0115865,1790556114776,False,False,,734146555.6611935,672667242.9781916,437472528.51433104,451220702.5853356,818351594.4625832,1.0913963231074046,1.4105901254381021,1.0403687999895386,3,2.4137931034482696,-1.655629139072845,고수준 유지형,886320.182247,0.275,884896.550629,714658.11011,549165.873911,660777.316205,896342.574492,1.2382096251490058,1.379345244947755,1.2022431704137229,3,2.749706227967108,-3.1028368794326244,중립,,0.0,,43.4,관찰,43.4
2026-09-28T09:41:58+09:00,RE,KRW-RE,REUSDT,658.0,-0.90361446,3612912066.4654045,1790556109448,False,False,,3506531385.8571577,2867501867.24106,2027687767.8427677,2551831665.5209427,4504310120.534931,1.222852346119284,1.412590851152417,1.2484403094330092,3,3.4267912772585563,4.731861198738163,고수준 유지형,1758751.22386,-0.185,1743439.12579,2337986.11263,1443077.61719,1512523.62555,3410339.7021,0.7457012325145105,0.9880478069497017,0.8305165378484426,1,4.104636324968092,3.7955894826123826,감소형,,0.0,,43.3,관찰,43.3
2026-09-28T09:41:58+09:00,PRL,KRW-PRL,,163.0,-1.80722892,2133576649.3984876,1790556089092,False,False,,2036659418.3975313,1606130806.212406,1197459194.4558792,1726664075.631089,2575765115.471831,1.2680532684634835,1.3487054262933633,1.1564997465851372,3,2.4691358024691468,2.4691358024691468,중립,,,,,,,,,,,,,,NO_DATA,,0.0,,43.2,관찰,43.2
2026-09-28T09:41:58+09:00,POKT,KRW-POKT,,12.8,0.0,745688278.2723744,1790556075900,False,False,,640579899.9761405,530477166.2463315,389865355.95711,437220023.1756466,930469888.0438541,1.207554143204501,1.4155809663942898,1.137235981684282,3,4.065040650406493,4.918032786885251,고수준 유지형,,,,,,,,,,,,,,NO_DATA,,0.0,,42.5,관찰,42.5
2026-09-28T09:41:58+09:00,AXL,KRW-AXL,AXLUSDT,74.5,-0.26773762,8030530532.860294,1790556118026,False,False,,5812403481.727314,358943771.528814,490369345.40625334,368343951.150007,827496735.4252514,16.193075191056007,14.320296660047516,9.8511092731279,2,5.657708628005653,2.609890109890123,일회성 폭증형,2544911.740231,3.002,1823949.653141,426730.79741,469318.104278,661310.189648,1532346.119609,4.274239553862249,3.5135435301109044,2.0689945010017428,2,6.563706563706573,2.2222222222222143,일회성 폭증형,,0.0,,42.4,관찰,42.4
2026-09-28T09:41:58+09:00,VANA,KRW-VANA,VANAUSDT,1565.0,-0.5085823300000001,591846620.860852,1790556099297,False,False,,570330580.8217007,520481662.09814745,410509430.81426674,515170172.2216138,784802475.1400633,1.0957745917936936,1.1831265182631827,0.9589989001770495,3,0.4469987228607808,0.7042253521126751,중립,284754.92086,0.874,287243.71728,409379.6077,296423.7553,328720.89863,831286.70857,0.7016561447547647,0.8329733615741919,0.6039396448512,1,1.5761821366024442,-0.3436426116838476,감소형,,0.0,,42.2,관찰,42.2
2026-09-28T09:41:58+09:00,IOST,KRW-IOST,IOSTUSDT,1.33,0.0,2162577255.704368,1790556094153,False,False,,2882587196.5004644,1967976181.589408,1804204618.5581985,2517950308.568976,5258975556.2138605,1.4647469941289553,1.374814203398354,0.9491480722629493,3,4.7244094488189115,5.555555555555558,중립,810994.34389,-2.395,939052.572782,1138678.630271,994238.752473,871373.421503,2227265.337177,0.8246862177070188,0.9377113941045718,0.6943160399243623,1,5.717367853290178,4.8128342245989275,중립,,0.0,,41.1,관찰,41.1
2026-09-28T09:41:58+09:00,MVL,KRW-MVL,,1.59,1.27388535,267332429.76963586,1790556071389,False,False,,203450499.01969174,103655202.53699721,177544188.166818,64364446.52457794,203273432.17325035,1.9627620615287014,1.7662481756031556,1.531798481405514,2,0.0,0.0,고수준 유지형,,,,,,,,,,,,,,NO_DATA,,0.0,,40.8,관찰,40.8
2026-09-28T09:41:58+09:00,META,KRW-META,,12.1,0.0,215174633.3432991,1790555259680,False,False,,213348513.98260647,132784484.93596867,155690118.2106462,71827156.00219592,220086717.60263973,1.6067277294142264,1.776415256644555,1.318646534487227,2,-0.8196721311475419,0.0,고수준 유지형,,,,,,,,,,,,,,NO_DATA,,0.0,,40.8,관찰,40.8
2026-09-28T09:41:58+09:00,GAME2,KRW-GAME2,,1.61,12.58741259,3637030178.5702977,1790556123498,False,False,,359450489.8094554,121854175.78458758,137201729.71968195,148620032.5038228,313459664.05012065,2.949841377983532,2.6451192451955823,2.16701892307341,2,2.877697841726623,1.4184397163120588,고수준 유지형,,,,,,,,,,,,,,NO_DATA,,0.0,,40.7,관찰,40.7
2026-09-28T09:41:58+09:00,KNC,KRW-KNC,KNCUSDT,199.0,0.0,295180567.41499346,1790555835664,False,False,,282367681.0104984,146886638.6811493,228116197.21627834,114895018.94992566,327602306.9582442,1.9223510289689545,1.7291421765776929,1.4028082470436665,2,0.5050505050504972,-1.4851485148514865,고수준 유지형,209113.69222,0.894,182999.15179,112069.98673,385954.07387,225229.87089,312880.22219,1.632900628701627,0.7590659814859101,0.7732422279244898,2,1.031636863823926,-2.5862068965517127,중립,,0.0,,40.7,관찰,40.7
2026-09-28T09:41:58+09:00,BREV,KRW-BREV,BREVUSDT,123.0,0.0,301269166.07716703,1790555986166,False,False,,312734147.50547904,291500795.6545754,238577412.48295832,424146050.858519,899154086.7775248,1.072841488487959,0.9832095900637946,0.27107000807505494,3,1.6528925619834656,1.6528925619834656,중립,256511.6144,-0.989,228717.56897,163942.35967,258923.4015,198807.07642,387067.17133,1.3951096557984537,1.1037199398480477,0.6185772717205863,2,2.8441410693970326,0.22172949002217113,중립,,0.0,,40.1,관찰,40.1
2026-09-28T09:41:58+09:00,ALT,KRW-ALT,ALTUSDT,10.9,0.9259259299999999,207510081.80080238,1790555963321,False,False,,193897019.53793445,184067916.77096668,151369530.6561429,203614084.65303737,690332237.8898102,1.0533993263975383,1.0791010209526994,0.5917284274488755,3,1.8867924528301883,3.8461538461538547,중립,595331.71906,-1.487,611606.01679,1399402.72688,732118.38666,697349.20714,1085963.3964,0.43704789553582585,0.648604510767729,0.6920706697247895,1,2.423469387755106,3.7467700258398073,감소형,,0.0,,39.4,관찰,39.4
2026-09-28T09:41:58+09:00,TREE,KRW-TREE,TREEUSDT,67.0,-1.03397341,1856754172.6194172,1790556105118,False,False,,1899662970.9883165,1822910803.6530046,1736925099.6178071,2060314882.9458199,4143205677.2998075,1.0421041814999972,1.0140277600632472,0.5437677378143455,3,2.26586102719033,4.475308641975317,중립,496292.64622,1.86,479485.17256,497174.69671,398941.86128,635977.87179,1071141.08412,0.9644199025673299,0.9388817619332732,0.5797641508332549,1,2.8865979381443196,3.7422037422037535,중립,,0.0,,39.3,관찰,39.3
2026-09-28T09:41:58+09:00,TAIKO,KRW-TAIKO,,133.0,-2.9197080300000002,17236008967.096832,1790556083220,False,False,,16866060178.749851,329731957.3937258,362138934.0388908,578621501.5962641,715931618.0725278,51.15082053939483,39.825646193459235,30.173708051512378,2,12.295081967213118,8.73015873015872,일회성 폭증형,,,,,,,,,,,,,,NO_DATA,,0.0,,38.8,관찰,38.8
2026-09-28T09:41:58+09:00,DRV,KRW-DRV,,569.0,-2.73504274,14442073674.273506,1790556122040,False,False,,19978974108.44091,7341146050.198865,7846768030.728816,20079111650.90578,61977989364.305725,2.7215061479262763,1.6995173559878967,0.7886272827777948,2,-5.797101449275366,0.0,고수준 유지형,,,,,,,,,,,,,,NO_DATA,,0.0,,38.6,관찰,38.6
2026-09-28T09:41:58+09:00,ARB,KRW-ARB,ARBUSDT,300.0,-1.6393442599999999,17442157147.18961,1790556106249,False,False,,16999696218.708061,9514963647.431482,11271835402.889294,11907827161.115238,21374001390.475693,1.786627553043468,1.5598614991440272,1.2617156091961226,2,3.0405405405405483,-3.1746031746031744,고수준 유지형,37021876.38508,-1.07,36445864.16164,22155430.97217,34270904.16426,30392679.07667,57518353.49166,1.6450081340065368,1.2593738074075276,1.0122381869026087,2,4.432132963988922,-3.8674033149171283,중립,,0.0,,37.7,관찰,37.7
2026-09-28T09:41:58+09:00,SAFE,KRW-SAFE,,160.0,-0.62111801,405765636.8109777,1790555994864,False,False,,387007161.44240797,293923422.0594258,228781778.53233784,642112008.6655991,394477936.05983543,1.3166938474340517,0.9967413557251967,0.9387852556271423,3,5.228758169934644,6.62251655629138,중립,,,,,,,,,,,,,,NO_DATA,,0.0,,37.7,관찰,37.7
2026-09-28T09:41:58+09:00,MOVE,KRW-MOVE,MOVEUSDT,13.0,-0.76335878,1664316119.5139666,1790556050273,False,False,,1685799758.8939643,1606827041.1127176,1743283169.4483628,1784735854.5757542,2767534829.512264,1.0491482379625368,0.9849174079470914,0.871636406214166,2,2.34375,0.0,중립,1698713.6775016,-0.51,1741353.5408115,679238.6481968,517529.7727365,402751.1714395,1191114.5643139,2.563684421424393,3.2660185266533004,2.868519323217428,4,3.3419023136246784,-0.5360824742268067,연속 가속형,EARLY,5.0,Binance 연속가속 우위,37.2,관찰,37.2
2026-09-28T09:41:58+09:00,PROS,KRW-PROS,,933.0,4.12946429,27365995012.36257,1790556119481,False,False,,21214689552.952564,301890985.82830775,3316880068.8205247,638858680.2266619,941441105.4189333,70.27268301749771,14.948239424750925,18.90572290301529,2,6.161137440758302,15.167095115681239,일회성 폭증형,,,,,,,,,,,,,,NO_DATA,,0.0,,36.2,관찰,36.2
2026-09-28T09:41:58+09:00,ORCA,KRW-ORCA,ORCAUSDT,2380.0,-2.73804659,11312938917.419588,1790556120559,False,False,,11125809928.916687,766264200.6482804,1170744280.1362903,1695147149.2328582,3455183343.948443,14.519548113436526,9.189427212564098,6.806318093535054,2,13.81395348837209,19.133398247322297,일회성 폭증형,4632936.56742,7.471,4562602.29677,453713.15118,948622.27348,1549149.97573,2516648.37815,10.05613852034872,4.637599389277458,3.444341223438459,2,15.019011406844097,18.705035971223015,일회성 폭증형,,0.0,,36.0,관찰,36.0
2026-09-28T09:41:58+09:00,SKR,KRW-SKR,,25.2,-1.17647059,1165227535.7214308,1790556097410,False,False,,1137387348.1673708,797704642.9124533,843480404.2992849,868533605.7360632,2969525965.1889606,1.4258251575604746,1.3595795052542412,0.33409338137181943,2,-9.57446808510638,-10.526315789473683,중립,,,,,,,,,,,,,,NO_DATA,,0.0,,35.9,관찰,35.9
2026-09-28T09:41:58+09:00,ZKP,KRW-ZKP,ZKPUSDT,70.4,-0.70521862,1287986425.337764,1790556081690,False,False,,1282796947.367905,554386175.5434818,562272310.009124,1482892648.0525103,1157961395.1327899,2.3139050069391423,1.4804059025246716,1.233519417806462,2,3.958944281524923,3.654970760233911,고수준 유지형,432615.32277,0.778,433158.51732,331786.96839,326629.25086,441485.97847,417582.73057,1.3055320388920233,1.1814464546517842,1.1121723564051182,3,4.609218436873763,2.1526418786692814,중립,,0.0,,35.8,관찰,35.8
2026-09-28T09:41:58+09:00,HOLO,KRW-HOLO,HOLOUSDT,92.9,-0.10752687999999999,1128594125.944323,1790556007400,False,False,,1130659569.3609943,711058587.2146423,825060671.44109,732718547.5869237,2367824615.3920426,1.5901074675013946,1.4950291725349563,0.9909770156826119,2,0.9771986970684043,4.494382022471921,고수준 유지형,674522.93342,-0.438,646485.88537,450589.92182,547524.64925,743002.48209,2534038.52106,1.4347544276151294,1.1139157201349712,0.6398927969571544,2,1.6320474777448135,3.474320241691853,중립,,0.0,,35.6,관찰,35.6
2026-09-28T09:41:58+09:00,DOOD,KRW-DOOD,,2.53,-0.39370079,748183929.2000631,1790556108704,False,False,,670634296.0259807,394752858.1263822,609833974.1386179,507619830.13701385,1307836654.2663972,1.6988712867311873,1.3304417564740807,0.8216969705452752,2,-0.39215686274508554,-3.053435114503822,중립,,,,,,,,,,,,,,NO_DATA,,0.0,,35.6,관찰,35.6
2026-09-28T09:41:58+09:00,SKY,KRW-SKY,SKYUSDT,112.0,0.9009009,746290836.2963903,1790555985405,False,False,,678908052.5319871,569418022.7821141,468139735.9796117,542916176.2963797,1103636241.5894055,1.1922840959878942,1.2886793716854825,1.1500928831650263,3,11.00000000000001,19.226638023630514,중립,5101928.06146,6.063,4456765.84562,2948962.05844,2793431.14192,3487512.6418,7869211.11034,1.5112998259386314,1.4485843913799947,1.0948170666806447,3,12.218737215327957,18.761726078799246,고수준 유지형,,0.0,,35.3,관찰,35.3
2026-09-28T09:41:58+09:00,WAL,KRW-WAL,WALUSDT,50.7,-1.74418605,1502351429.7556891,1790556058634,False,False,,1592914804.3924878,867718883.0473788,1445988189.5251055,501219169.4550028,1127348761.8448186,1.8357498442332645,1.6976446280651074,1.4339124886125683,2,11.206896551724155,7.499999999999996,고수준 유지형,415736.601283,1.245,435918.807438,538127.607544,853179.019316,400364.543347,849758.220575,0.8100658678849831,0.729908726590108,0.6706869336829857,1,11.511423550087873,6.638655462184873,중립,,0.0,,35.2,관찰,35.2
2026-09-28T09:41:58+09:00,PUNDIX,KRW-PUNDIX,PUNDIXUSDT,166.0,-0.5988024,652349552.354745,1790556068828,False,False,,717939962.2576756,562540462.0794573,588240691.707069,632654301.2978371,758526014.0917277,1.2762459070122294,1.207680311969094,1.16266549672474,2,0.6024096385542244,3.0864197530864113,중립,261964.13664,-1.846,267168.10405,256525.27618,219586.51083,307890.22815,396153.63803,1.0414884179387147,1.0223243010241858,0.8671699801129767,3,1.312551271534046,2.1505376344086002,중립,,0.0,,34.6,관찰,34.6
2026-09-28T09:41:58+09:00,YGG,KRW-YGG,YGGUSDT,38.3,-0.26041667,287711941.1769547,1790555539202,False,False,,278737695.7942525,177976937.57138267,250310838.7989945,196446736.3572445,505362448.49426496,1.566145027540194,1.3385095113951846,0.7929521498613047,2,3.2258064516129004,0.7874015748031482,중립,363905.912983,1.082,360617.937555,385825.765874,406438.397931,451176.125515,756261.827465,0.9346652542452747,0.8700488651985318,0.6237562927783107,1,3.703703703703698,0.03537318712416582,중립,,0.0,,34.4,관찰,34.4
2026-09-28T09:41:58+09:00,NEWT,KRW-NEWT,NEWTUSDT,69.0,-0.43290042999999995,570128981.856731,1790556045307,False,False,,594594206.7364419,298333441.3888942,486064066.39847547,586878954.509249,3489891895.963446,1.9930524850593443,1.3008191048666,0.31273388728600643,2,1.9117647058823461,1.7621145374449476,중립,332278.009729,-0.079,327835.303644,316093.962223,436145.910972,483939.563382,905040.782759,1.037145098686563,0.7956012548270041,0.4375742171126039,2,2.6717557251908497,0.45204402515723885,중립,,0.0,,34.3,관찰,34.3
2026-09-28T09:41:58+09:00,GLM,KRW-GLM,GLMUSDT,177.0,0.56818182,647235694.0145118,1790556084337,False,False,,631626652.215151,437786224.91856146,510658644.7384,525595074.9860031,669380080.1540663,1.442774158398082,1.285501090748543,1.1605813664498945,2,2.3255813953488413,2.923976608187129,중립,158891.51225,1.876,152633.20042,85849.98299,105343.31453,155335.40274,204053.13501,1.777906006548412,1.3213901212697206,1.1260484714381909,2,3.898170246618915,2.7537372147915073,중립,,0.0,,34.2,관찰,34.2
2026-09-28T09:41:58+09:00,WET,KRW-WET,,95.3,0.31578946999999996,484211336.63633776,1790555994527,False,False,,467907455.23551524,332892155.23609227,446971916.58665293,381692459.15717155,1385467872.7863944,1.4055827026133074,1.208483899205777,0.15082870409673166,2,0.7423117709437932,0.31678986272438703,중립,,,,,,,,,,,,,,NO_DATA,,0.0,,34.1,관찰,34.1
2026-09-28T09:41:58+09:00,ZAMA,KRW-ZAMA,ZAMAUSDT,112.0,0.0,2896378615.806341,1790556002231,False,False,,2998433097.140991,2571693775.362149,2705082600.4775496,2750667903.114675,4429447156.746226,1.1659370667951119,1.1205682629284683,0.6501185316349826,2,-7.438016528925617,-18.248175182481752,중립,9494481.5844,-8.862,9518791.19307,8136590.46947,11666643.15932,17720900.90555,29938185.05938,1.1698746826187547,0.7610135165962801,0.4950970916365886,2,-6.732829592872447,-18.68239921337267,중립,,0.0,,34.0,관찰,34.0
2026-09-28T09:41:58+09:00,MASK,KRW-MASK,MASKUSDT,660.0,-1.34529148,756372895.0164927,1790555998489,False,False,,743216568.9113666,581026626.8983643,619798598.2168812,530394547.8678803,1013632685.6284941,1.2791437337025404,1.2879067935390502,1.0743533083991805,2,4.694835680751175,0.2998500749625155,중립,454683.7246,1.464,462372.4748,360586.2425,564922.6117,479760.1577,781487.8333,1.2822798551445014,0.9870831937897371,0.857086118456196,2,5.567451820128477,-0.6048387096774244,중립,,0.0,,34.0,관찰,34.0
2026-09-28T09:41:58+09:00,RLUSD,KRW-RLUSD,RLUSDUSDT,1361.0,0.29476787,106490722.8895699,1790554500463,False,False,,106338053.22507949,96392639.07835563,144155148.05026597,35507652.58288748,145268687.1338327,1.1031760748726824,1.1556162776890877,1.0412323473174685,2,-0.586080586080584,1.1931394481730084,중립,11275343.7394,0.01,11703339.8603,24591846.6888,91449891.5517,83672532.6146,89383767.4527,0.4759032539687277,0.17580125561669854,0.15461639397030894,1,-0.009996001599354987,0.009998000399913387,감소형,,0.0,,34.0,관찰,34.0
2026-09-28T09:41:58+09:00,BSB,KRW-BSB,,142.0,-1.38888889,417052437.93282306,1790556054043,False,False,,405612041.3579212,373641532.7804729,394155605.7648663,336563707.6749792,589957087.1526254,1.0855646542811719,1.1018464917860793,0.9794458732150815,2,-5.263157894736848,-0.6896551724137945,중립,,,,,,,,,,,,,,NO_DATA,,0.0,,33.8,관찰,33.8
2026-09-28T09:41:58+09:00,CARV,KRW-CARV,,60.5,-1.14379085,899896105.9330438,1790556113026,False,False,,873398090.2665765,490234582.44185376,661764432.6106302,1030663475.7849114,8542750304.020968,1.7815921633194236,1.2004578269883917,0.09716008439588099,2,3.204047217537953,-0.8103727714748765,중립,,,,,,,,,,,,,,NO_DATA,,0.0,,33.5,관찰,33.5
2026-09-28T09:41:58+09:00,XRP,KRW-XRP,XRPUSDT,2054.0,0.0,168929154451.83322,1790556122026,False,False,,162509635787.9956,161531810895.23608,393270807788.19995,277058018201.3417,534622788019.7696,1.006053450941584,0.5860704134165146,0.45044401211171237,2,-1.8633540372670843,-2.561669829222013,중립,180188131.46425,-0.559,173509013.61734,181135648.39195,538764479.31241,296261421.47513,499673407.45481,0.9578954510483374,0.5122483145247179,0.4351523360086739,1,-1.1793067500651566,-3.560755388821779,중립,,0.0,,33.0,관찰,33.0
2026-09-28T09:41:58+09:00,BTC,KRW-BTC,BTCUSDT,114329000.0,-0.10572302,75495933268.9535,1790556123143,False,False,,72287952928.79047,62950265085.00601,128171834220.45271,103868241728.45888,157018825615.72302,1.1483343689049623,0.7351557953602171,0.5972202982191578,2,-0.5837285662167124,-1.037613488975353,중립,851476858.8628185,-0.123,813976178.3611975,677578219.0470139,1520256978.6934962,1572042147.6733966,1887736866.156798,1.2013021603705352,0.6477474759369088,0.5432555864823196,2,0.07316647837987134,-2.014370730702375,중립,,0.0,,33.0,관찰,33.0
2026-09-28T09:41:58+09:00,ETH,KRW-ETH,ETHUSDT,3631000.0,-0.24725275000000002,54996353697.82456,1790556121265,False,False,,52618705914.91758,33503538009.07183,83710519127.93227,73617700334.64021,123274417001.84668,1.5705417708622262,0.8272004609516243,0.6038750272901414,2,-0.7904061052057765,-1.4884979702300405,중립,433867483.768277,-0.762,413981188.407887,232408625.067851,632500185.266342,713406122.987247,898195135.1752,1.7812643067228096,0.7868794364189967,0.6256709934134701,2,0.022321013374004828,-2.359794162614437,중립,,0.0,,33.0,관찰,33.0
2026-09-28T09:41:58+09:00,DOGE,KRW-DOGE,DOGEUSDT,131.0,0.0,23333960189.812107,1790556117285,False,False,,22124702805.776806,19016903217.669945,29534661002.031883,32631455221.62486,65440324309.2849,1.163423011230303,0.8175861020456489,0.5102732580632892,2,0.0,-2.9629629629629672,중립,71389665.07589,0.0,68807221.60588,50746561.78344,104142521.4922,98207104.29953,192205481.17435,1.3558991818896724,0.8155858323876666,0.512887396851945,2,1.1587848418415314,-3.5244922341696516,중립,,0.0,,33.0,관찰,33.0
2026-09-28T09:41:58+09:00,BCH,KRW-BCH,BCHUSDT,446800.0,-0.71111111,9362880406.422062,1790556105130,False,False,,9227583177.172312,5935642055.974839,12308245510.592625,24775409951.055656,97141284273.5118,1.5546057343339619,0.643496084987825,0.19937428946100524,2,-2.6395499783643417,-2.828762686244868,중립,20673588.4552,-1.673,20430272.4248,10751602.9987,29865250.9969,40731044.2192,110125122.7108,1.9002071065375339,0.7534406987696344,0.3400079818762325,2,-1.9179699026261487,-3.680092726745887,중립,,0.0,,33.0,관찰,33.0
2026-09-28T09:41:58+09:00,G,KRW-G,GUSDT,7.44,-1.06382979,4569454951.50185,1790556116179,False,False,,4572135501.858091,3901990047.0562687,11576162194.883804,7022479748.427598,11382234353.84004,1.1717445320772646,0.6096009441621973,0.4281941008709204,2,-2.083333333333337,-9.506618531889298,중립,1448350.9896,-2.66,1439318.94913,1610028.53919,2535529.78983,3059278.32221,3823180.29423,0.8939710782108973,0.5993136356051659,0.47598869367917507,1,-1.245551601423478,-10.483870967741925,중립,,0.0,,33.0,관찰,33.0
2026-09-28T09:41:58+09:00,PEPE,KRW-PEPE,PEPEUSDT,0.00589,-0.33840948,3916848825.8979197,1790556116927,False,False,,4019480391.440557,3898243059.6748586,4655450252.4479,4828118137.286753,8877552221.897602,1.0311005060253504,0.9011067911029164,0.37494821352921204,2,-2.1523178807946963,-11.52694610778443,중립,24295958.04147924,-0.23,23148639.9622677,23566775.67035119,42050527.63656829,50701723.87102505,85551330.02034888,0.9822574070406443,0.5970297514658968,0.3553723183260914,1,-1.5801354401805856,-12.625250501002006,중립,,0.0,,33.0,관찰,33.0
2026-09-28T09:41:58+09:00,LA,KRW-LA,LAUSDT,97.6,-1.61290323,3486296793.838649,1790556121317,False,False,,3273346362.0892315,2722968081.139513,3471991488.9506016,4287843837.590035,7956574494.688955,1.2021243968160638,0.9367760420912897,0.709444502131644,2,-1.7821782178217838,-3.689320388349515,중립,966239.31928,-2.575,943480.23966,1226975.31185,1088093.06814,1002037.29086,2375708.42475,0.7689480224646461,0.8532862681624208,0.718589655739233,1,-1.2145748987854255,-3.68421052631579,중립,,0.0,,33.0,관찰,33.0
2026-09-28T09:41:58+09:00,GMT,KRW-GMT,GMTUSDT,12.1,-1.6260162599999999,868242382.890481,1790556089485,False,False,,817101758.9552699,554838614.0873101,791769948.2832922,561574738.2633239,1230701995.8781662,1.4726836564887855,1.2846277797586063,0.6989518816400511,2,3.3613445378151363,5.128205128205132,중립,505105.672519,1.247,530674.933593,327583.309601,525726.124439,477933.709214,691769.889362,1.6199693880599957,1.1958933338710487,0.7859906743516492,2,4.152249134948094,3.5550458715596367,중립,,0.0,,33.0,관찰,33.0
2026-09-28T09:41:58+09:00,XEC,KRW-XEC,XECUSDT,0.012,0.0,755648617.200824,1790556028211,False,False,,746570673.74713,726006029.491558,917789131.0954138,1804505048.3327699,9529571487.652,1.0283257210273777,0.6495119002249026,0.1389602194309454,2,-3.2258064516129004,-4.0000000000000036,중립,380502.02528693,-0.566,385314.01100303,601111.05504357,398455.12504319,886503.58374443,1496958.10026248,0.6410030355790104,0.6128840275033172,0.32436841642259856,1,-2.53025302530252,-4.112554112554112,감소형,,0.0,,33.0,관찰,33.0
2026-09-28T09:41:58+09:00,XAUT,KRW-XAUT,XAUTUSDT,5758000.0,-0.38062284,669840078.59519,1790556017053,False,False,,438137192.50183,334279266.59118,1166787719.07099,682561611.69144,879604994.20958,1.3106920957729247,0.6019391663483689,0.5232540534104873,2,-0.6360667010486543,-1.0443417223078288,중립,10228679.816608,-0.914,7518921.844691,4543273.962046,29956065.870609,28922590.27496,25183829.199899,1.654956735495862,0.3556619216065869,0.32333383771914237,2,-0.021818796071682023,-2.290351130615831,중립,,0.0,,33.0,관찰,33.0
2026-09-28T09:41:58+09:00,XTZ,KRW-XTZ,XTZUSDT,434.0,-0.4587156,442144563.9018369,1790555914406,False,False,,439354285.68350655,437934536.6863368,620324737.3013345,255899620.7051851,640220524.2867305,1.0032419206028198,1.0029706927932605,0.8762315905070661,2,-3.964757709251099,-6.8376068376068355,중립,587696.70909,-1.385,547586.59345,905842.30577,1765922.49347,869689.13619,1353309.95319,0.6045054309806506,0.463865917869277,0.44131285895833455,1,-3.1372549019607954,-7.570523891767412,감소형,,0.0,,33.0,관찰,33.0
2026-09-28T09:41:58+09:00,O,KRW-O,,728.0,-0.41039672,427207284.6572118,1790556074513,False,False,,397370220.7605367,313539216.55735785,561088405.3306783,672369495.7150644,677265532.4885241,1.2673700761379656,0.770596563313998,0.6317016538895587,2,-3.1788079470198682,-2.6631158455392767,중립,,,,,,,,,,,,,,NO_DATA,,0.0,,33.0,관찰,33.0
2026-09-28T09:41:58+09:00,ENSO,KRW-ENSO,ENSOUSDT,1397.0,0.0,1194593716.4351723,1790556118413,False,False,,1380392368.329186,989498714.8799146,1338022387.9962344,1617665543.691993,2437033625.405841,1.3950421032095126,1.0496783741752511,0.7779064115812185,2,-0.3566333808844524,2.0452885317750136,중립,408277.00357,-0.29,496106.43939,531882.46992,573191.98687,1118675.56938,1606226.12139,0.9327369624808636,0.6692835528520964,0.5203288246800196,1,0.291545189504383,1.17647058823529,중립,,0.0,,32.9,관찰,32.9
2026-09-28T09:41:58+09:00,CHZ,KRW-CHZ,CHZUSDT,22.4,-0.44444444,2296175296.197381,1790556079865,False,False,,2251736423.884769,2164912543.588663,2757985181.9071245,2736395827.3068814,3951817709.7122498,1.0401050289782987,0.8819624453723226,0.7060265467939763,2,0.44642857142858094,-2.1739130434782594,중립,1108524.16969,-0.603,1054489.51777,2165420.0321,2105177.91638,2088439.12614,3143906.64532,0.4869676562229675,0.4974760354733489,0.416245770197933,1,1.3431013431013605,-3.1505250875145774,감소형,,0.0,,32.8,관찰,32.8
2026-09-28T09:41:58+09:00,ZBT,KRW-ZBT,ZBTUSDT,122.0,-0.8130081299999999,1655254909.7302272,1790556071401,False,False,,1669878160.7951381,1524275724.480649,1607927902.5807061,1656790508.8743086,2931961391.667702,1.095522374315906,1.0460723776615448,0.7734743273493411,2,1.6528925619834656,0.0,중립,537637.65738,-1.218,554381.57508,499475.38229,673894.20054,666362.16756,1541447.88195,1.109927725643385,0.9040147972047741,0.49516841455511806,2,2.2753128555176305,-2.4945770065076034,중립,,0.0,,32.8,관찰,32.8
2026-09-28T09:41:58+09:00,USDT,KRW-USDT,,1358.0,0.29542097,47456170015.93976,1790556119482,False,False,,46114573562.700485,43538457052.93687,75080233054.15648,92011396310.42532,168976915408.14075,1.0591687598536488,0.6568089252637511,0.47192631727492085,2,-0.7331378299120228,0.8941877794336861,중립,,,,,,,,,,,,,,NO_DATA,,0.0,,32.6,관찰,32.6
2026-09-28T09:41:58+09:00,TRX,KRW-TRX,TRXUSDT,453.0,0.44345898000000006,2953618365.461351,1790556115117,False,False,,2841601413.3366075,2250078551.362814,4598805638.133217,3754011560.0374436,4032496318.0960135,1.262889871829374,0.8040071732653707,0.7324334659478883,2,-3.010752688172047,-1.9565217391304346,중립,18794841.34533,-0.18,18884655.34943,13548453.23128,26937054.14437,35810580.52973,39796512.82649,1.3938606147179988,0.7425540103517556,0.5446606555188579,2,-2.0276226858654156,-2.543116047939209,중립,,0.0,,32.6,관찰,32.6
2026-09-28T09:41:58+09:00,KERNEL,KRW-KERNEL,KERNELUSDT,75.2,-1.57068063,1422789378.949403,1790556104792,False,False,,1384304288.8559883,1270990714.9728947,1592835717.4658628,11526621996.95025,18185337659.53942,1.08915373853499,0.28858814837810376,0.05543904192971327,2,1.7310252996005415,-6.829268292682922,중립,519085.75238,2.403,520187.0384,399044.15988,767642.33837,1742754.25646,2264628.29558,1.303582637461553,0.5363783787910642,0.16918310323710758,2,2.3636363636363678,-7.5533661740558316,중립,,0.0,,32.4,관찰,32.4
2026-09-28T09:41:58+09:00,ENS,KRW-ENS,ENSUSDT,9450.0,-0.42149631,3386834927.0467887,1790556120558,False,False,,3274452696.9403462,2963833783.013102,5395225413.297055,9044053917.629648,22570380049.842197,1.1048030816395722,0.5644598197176905,0.3468201843397667,2,-1.7598343685300222,3.0961434003259125,중립,1190618.4631,-0.571,1150658.9331,952863.6632,1868628.2179,2609304.2228,4358131.4592,1.207579822317649,0.6356299763898414,0.46509286924856125,2,-0.9887005649717562,2.186588921282784,중립,,0.0,,32.3,관찰,32.3
2026-09-28T09:41:58+09:00,MOC,KRW-MOC,,31.6,1.93548387,685370792.8843639,1790556105895,False,False,,664498369.9833472,514560835.8465426,667347466.1016918,233955230.8774019,478193239.3238939,1.2913893240439318,1.4079712230257295,1.3843663448886787,2,6.529209621993126,9.540636042402827,고수준 유지형,,,,,,,,,,,,,,NO_DATA,,0.0,,32.3,관찰,32.3
2026-09-28T09:41:58+09:00,HYPER,KRW-HYPER,HYPERUSDT,105.0,0.0,445893527.8000571,1790556046646,False,False,,414976004.8280189,391849242.9942492,473711409.81540173,449491196.5298366,728547877.8815129,1.0590195393949227,0.9466759923643681,0.7908892515384708,2,1.9417475728155331,-0.9433962264150941,중립,433024.3152,1.729,414802.20092,457223.40317,514442.03721,509024.91747,808074.36201,0.9072199674034895,0.8404232499811168,0.6984661370010717,1,1.8543046357615944,-1.913265306122447,중립,,0.0,,32.3,관찰,32.3
2026-09-28T09:41:58+09:00,HBAR,KRW-HBAR,HBARUSDT,130.0,0.7751938,9129329563.731379,1790556065032,False,False,,8487655595.480886,8031553194.968876,10266904064.419823,7837796522.098043,14375027606.343346,1.0567888164891595,0.974239345826945,0.7284107769084357,2,0.78125,-3.007518796992481,중립,11825971.84468,2.418,11052489.19023,8082551.50232,17135320.24943,14905687.12617,24203118.76372,1.36745051201437,0.8263840122351799,0.5682207234458296,2,2.9756149962401945,-3.2694248234106937,중립,,0.0,,32.1,관찰,32.1
2026-09-28T09:41:58+09:00,SNT,KRW-SNT,,11.9,-0.8333333300000001,364828067.35760075,1790556120923,False,False,,393098547.9477693,381811145.2782115,523397839.59426653,395290027.1079964,1773502668.758186,1.0295627899005753,0.9068024142881961,0.5256796942244888,2,-1.6393442622950727,4.347826086956519,중립,,,,,,,,,,,,,,NO_DATA,,0.0,,32.0,관찰,32.0
2026-09-28T09:41:58+09:00,TRAC,KRW-TRAC,,497.0,-1.77865613,1040379653.1564304,1790556085038,False,False,,1435285095.374523,1057475282.7733263,3786212820.2565055,7731615583.871035,720401523.8286253,1.3572753129608435,0.342405670139703,0.5061720050448684,2,0.7968127490039834,3.901437371663241,중립,,,,,,,,,,,,,,NO_DATA,,0.0,,31.9,관찰,31.9
2026-09-28T09:41:58+09:00,ME,KRW-ME,MEUSDT,108.0,0.0,949741494.5320284,1790556109789,False,False,,1007617610.4761986,1000264784.6709626,1055329044.3443562,889174117.4091609,1506210799.7621992,1.0073508794050514,1.0265164815784302,0.8389145121459476,2,1.8867924528301883,2.857142857142847,중립,353572.0920726,0.991,365500.6937628,383397.3535293,841582.6503155,325404.7888718,633997.6836679,0.9533208573252911,0.7072451216237087,0.6390661736596747,1,3.579766536964968,2.17502558853635,중립,,0.0,,31.9,관찰,31.9
2026-09-28T09:41:58+09:00,IQ,KRW-IQ,IQUSDT,1.31,0.0,671756876.069625,1790556083212,False,False,,745103716.3790227,640841967.8301753,727106329.7285781,678098441.7231289,1811662970.1155417,1.1626949447488075,1.0925024859997157,0.8327639797179524,2,0.0,8.264462809917372,중립,122911.464747,0.312,131149.891013,113470.413058,625510.006986,163683.027893,311192.54973,1.155806941021385,0.43587637666974655,0.4967990148834255,2,0.0,6.174200661521501,중립,,0.0,,31.9,관찰,31.9
2026-09-28T09:41:58+09:00,AKT,KRW-AKT,,939.0,-1.57232704,1682141849.3658154,1790556121263,False,False,,1558882023.970281,1255817342.83686,2063637006.7302861,1652359300.9812148,3581302871.8221903,1.2413286317967271,0.94063180976122,0.7161914269680183,2,3.1351351351351253,0.952380952380949,중립,,,,,,,,,,,,,,NO_DATA,,0.0,,31.7,관찰,31.7
2026-09-28T09:41:58+09:00,TIA,KRW-TIA,TIAUSDT,678.0,-2.16450216,680695587.7600852,1790555956674,False,False,,657274427.7845945,576569801.7672564,853178412.7350194,743116126.490192,1489262923.3552291,1.1399737304485402,0.9074764798492401,0.6164460031505983,2,4.054054054054057,-0.8583690987124415,중립,3997722.54237,1.819,3908474.913296,4994412.127718,8034127.33786,7443907.012376,13506488.705924,0.7825695624125084,0.5727417459615618,0.4177915046265379,1,4.42079410560785,-2.016516228154419,중립,,0.0,,31.6,관찰,31.6
2026-09-28T09:41:58+09:00,PENGU,KRW-PENGU,PENGUUSDT,14.0,0.71942446,8058644729.876078,1790556103309,False,False,,8093676872.226272,4925815426.15655,8224441236.762701,8292785129.560726,16686843180.274664,1.6431141185778246,1.1323501046010234,0.7631793002525454,2,4.5112781954887105,2.9629629629629672,중립,18743510.152475,4.589,17856512.377635,9256111.232219,18798727.771286,20331306.149912,39844769.890271,1.9291592256885828,1.1071255410624905,0.702360709593138,2,5.388174807197954,1.929388363998008,중립,,0.0,,31.3,관찰,31.3
2026-09-28T09:41:58+09:00,SIGN,KRW-SIGN,SIGNUSDT,18.9,0.0,1081943390.4982622,1790556087276,False,False,,1109105485.6723983,586277738.0114946,1541002300.8490715,489528796.0384107,999778247.71731,1.8917748598713688,1.2715168233317462,1.293148348396529,2,7.386363636363624,12.499999999999979,중립,684655.72534,0.575,737698.21107,288424.60207,646766.98478,497346.44753,661806.26076,2.5576812996381015,1.5448767014188376,1.4541168204604722,2,8.584686774941996,11.87250996015936,고수준 유지형,,0.0,,31.3,관찰,31.3
2026-09-28T09:41:58+09:00,JST,KRW-JST,JSTUSDT,171.0,-0.58139535,624719041.3604201,1790556082420,False,False,,642966590.6786553,423463884.27158016,650766518.5410441,320554317.893869,361308993.49174523,1.5183504770062077,1.3829372686696266,1.4233750364228883,2,10.967741935483865,13.907284768211925,중립,3053822.488366,3.055,2996951.766365,3086817.294195,5250594.680957,2693348.122049,2781502.885313,0.9708873187930497,0.8150712389598957,0.7841676411607355,1,11.214706658457207,12.301270095035077,중립,,0.0,,31.3,관찰,31.3
2026-09-28T09:41:58+09:00,UNI,KRW-UNI,UNIUSDT,13040.0,-0.6097560999999999,9441839248.928453,1790556110515,False,False,,9427454122.886324,9067287006.681377,13183105191.479092,14485210789.19492,27594345496.28572,1.039721596541452,0.7698897001471277,0.5198944246301558,2,5.044035228182553,-4.303428154631661,중립,65720747.90345,-0.917,65096632.36703,52524369.55824,98946730.09729,93147164.54675,195413330.16936,1.2393605656675164,0.7983455272154195,0.5031221553784738,2,5.769230769230771,-5.339331116761203,중립,,0.0,,31.2,관찰,31.2
2026-09-28T09:41:58+09:00,KAT,KRW-KAT,KATUSDT,7.0,-0.70921986,764270519.0156786,1790556078465,False,False,,776008678.4990764,590267839.1414254,702462335.4967556,1499218082.5611184,2091643418.4949753,1.3146721319389865,0.8338356663645885,0.5917526949239482,2,3.372434017595305,3.0701754385964897,중립,399822.61487,0.973,396609.88487,510257.38691,656576.01203,769216.82778,1149008.20212,0.7772741660278104,0.6145654891535406,0.4607764782539324,1,4.800000000000004,2.544031311154593,중립,,0.0,,31.1,관찰,31.1
2026-09-28T09:41:58+09:00,MEW,KRW-MEW,,0.684,-0.58139535,383941821.23223263,1790556078807,False,False,,360970585.49299365,302168948.6895216,718124770.5072286,696537551.3472297,3640111950.5194273,1.1945985418372378,0.6307619013345785,0.26894829365814615,2,2.2288261515601704,5.521472392638027,중립,,,,,,,,,,,,,,NO_DATA,,0.0,,31.0,관찰,31.0
2026-09-28T09:41:58+09:00,SOL,KRW-SOL,SOLUSDT,165000.0,-0.18148820000000002,35388394691.20001,1790556121297,False,False,,34621983468.677864,24603800499.52651,58077017703.67109,37671346854.87487,51894789216.68141,1.4071803040893682,0.8630168834596044,0.7714230530284097,2,3.571428571428581,3.9622641509434064,중립,323203785.55809,0.455,318882945.21313,221338928.92664,481769969.76669,299095253.78508,420981927.35118,1.4406997754959758,0.9545448731913917,0.8945150971610194,2,4.2293233082706605,2.884372100868693,중립,,0.0,,30.9,관찰,30.9
2026-09-28T09:41:58+09:00,BIRB,KRW-BIRB,,97.1,1.99579832,1739416886.6591907,1790556118784,False,False,,945575304.2637004,688635563.5130193,1149334179.1552646,3021273209.924191,3137085347.9467816,1.3731142484711703,0.5837793953639769,0.5328797288376395,2,0.9544008483563182,0.634249471458781,중립,,,,,,,,,,,,,,NO_DATA,,0.0,,30.9,관찰,30.9
2026-09-28T09:41:58+09:00,ORDER,KRW-ORDER,,58.2,0.86655113,372578746.41650844,1790556117683,False,False,,377982601.58873856,265090775.66663578,376222869.586265,334430854.7156139,494325895.48740286,1.4258610117164907,1.1621359944153473,0.677922928291472,2,4.528985507246386,4.909090909090907,중립,,,,,,,,,,,,,,NO_DATA,,0.0,,30.9,관찰,30.9
2026-09-28T09:41:58+09:00,CRO,KRW-CRO,,90.2,-0.55126792,1954677802.019979,1790556113422,False,False,,1896859861.1642115,1553539679.0051122,3860025378.5829763,1525639968.9601104,2638770402.68334,1.2209922197667729,0.8200621773994947,0.7644442115526582,2,5.834305717619603,1.227678571428581,중립,,,,,,,,,,,,,,NO_DATA,,0.0,,30.7,관찰,30.7
2026-09-28T09:41:58+09:00,ID,KRW-ID,IDUSDT,54.1,-0.18450185000000002,1006732355.2323648,1790556120556,False,False,,955521246.9697388,834450945.4440094,1189977621.8235424,985741626.155564,1802659484.8418655,1.1450897769206891,0.9522929125975458,0.7425431383398882,2,4.431599229287109,3.23809523809524,중립,263456.7689,0.252,271982.9593,333821.0311,312879.7005,337655.8608,657724.8574,0.8147568126662585,0.8289159479397621,0.6124325238270629,1,5.54089709762533,2.0408163265306145,중립,,0.0,,30.7,관찰,30.7
2026-09-28T09:41:58+09:00,BLAST,KRW-BLAST,,0.629,-0.78864353,3928658805.1305146,1790556115457,False,False,,5237812604.019222,4104984173.507495,27362214893.855743,4219603536.204266,46160069348.195274,1.2759641408175721,0.44031509313436895,0.3007451232138671,2,1.6025641025640969,8.191126279863493,중립,,,,,,,,,,,,,,NO_DATA,,0.0,,30.6,관찰,30.6
2026-09-28T09:41:58+09:00,QKC,KRW-QKC,QKCUSDT,3.97,-1.48883375,1088373052.7341378,1790556078810,False,False,,1092759978.830193,796124737.5694954,2624484363.3786063,900630463.9158627,959008773.4429519,1.372598949966435,0.7586434140671815,0.9391329357972206,2,2.5445292620865256,7.466666666666666,중립,192473.993207,0.034,204419.918211,144058.958426,678699.223329,252677.580753,204767.657433,1.4190017784697933,0.5702430363695833,0.7266364986755097,2,4.069565217391302,5.612424991175424,중립,,0.0,,30.5,관찰,30.5
2026-09-28T09:41:58+09:00,A,KRW-A,AUSDT,138.0,-1.42857143,532925786.1745467,1790556074509,False,False,,515992381.3725983,421954743.427924,608212345.2589536,716662038.5041709,1066322565.2732933,1.222861905001282,0.8861640328879716,0.6148394579723659,2,2.941176470588225,6.870229007633588,중립,733316.53629,0.986,719008.46776,353520.72727,592476.24542,595297.70272,639575.2434,2.0338509521419383,1.3994892979865836,1.2799507581075764,2,4.2211055276381915,5.600814663951126,중립,,0.0,,30.5,관찰,30.5
2026-09-28T09:41:58+09:00,MANA,KRW-MANA,MANAUSDT,124.0,-0.8,297253838.1623545,1790556036105,False,False,,230051015.77932343,216139077.0996889,875759419.9218636,326525213.0659894,539069589.413937,1.064365680034888,0.4865633889434742,0.50351746413095,2,4.166666666666674,5.932203389830515,중립,375165.5949,1.329,373383.5429,420515.2525,1454653.434,515985.6943,770464.0662,0.8879191436700622,0.4684560050552802,0.48826036433879944,1,4.886363636363633,4.411764705882337,중립,,0.0,,30.2,관찰,30.2
2026-09-28T09:41:58+09:00,HP,KRW-HP,,13.1,0.0,153191354.81878197,1790556009230,False,False,,157915355.2603152,156035331.02008945,210304575.67215872,107713490.87238023,250708412.23709673,1.0120487086349932,0.9993516937432332,0.8826485353764575,2,3.9682539682539764,6.5040650406503975,중립,,,,,,,,,,,,,,NO_DATA,,0.0,,30.2,관찰,30.2
2026-09-28T09:41:58+09:00,APT,KRW-APT,APTUSDT,1162.0,-0.85324232,6362633187.310937,1790556109087,False,False,,6418606050.97403,6027131145.979233,7135695478.891968,6664399163.751749,8721493581.50685,1.0649521132879205,0.9711806562454774,0.9150012942800366,2,5.967450271247743,5.300988319856237,중립,10224715.970443,1.241,9963255.46664,9326794.654447,13222754.047003,11241370.277064,18747176.794094,1.0682400369873626,0.8845502668609115,0.7070716618446158,2,6.819866567828026,4.294330518697231,중립,,0.0,,29.7,관찰,29.7
2026-09-28T09:41:58+09:00,ZK,KRW-ZK,ZKUSDT,17.8,-0.55865922,540695199.5229197,1790556073469,False,False,,534990852.2840566,442941868.8835585,570491533.0336736,769030034.2945448,1286521602.2910051,1.207812785078342,0.9004238315615471,0.7110707374438244,2,9.146341463414643,7.831325301204806,중립,2127513.898,2.821,2083114.360618,2158381.224657,3089775.049175,1930251.303285,2813717.888538,0.9651280954545177,0.8705751261289997,0.82950888641048,1,9.362054681027331,6.2801932367149815,중립,,0.0,,28.1,관찰,28.1
2026-09-28T09:41:58+09:00,ASTR,KRW-ASTR,ASTRUSDT,10.4,-0.9523809499999999,305462735.10459036,1790555792682,False,False,,289142569.1020807,253700353.68204862,322340237.87975264,300161724.2520527,730088853.947684,1.139701087939555,0.9899856364800158,0.6301942863546374,2,8.247422680412386,9.034267912772576,중립,362468.9660432,2.515,352918.9245235,421552.236138,381421.9157769,322074.4432977,562632.4182095,0.837189069987445,0.9410764815633829,0.8032569686815567,1,7.821698906644237,6.818497430912385,중립,,0.0,,28.1,관찰,28.1
2026-09-28T09:41:58+09:00,RENDER,KRW-RENDER,RENDERUSDT,2775.0,-0.32327585999999997,2239095052.318278,1790556121286,False,False,,2178690076.2046256,1927558030.264963,2111280360.4229527,2203188623.2684107,1977255095.0815663,1.130285076763755,1.0471070077076101,1.1244423449107053,2,9.735908553409534,12.212817412333731,중립,9275503.61491,2.405,8690161.87486,8232516.04732,10297191.31111,7348053.68967,7979838.94389,1.05559003163911,1.0074474981093524,1.0260802439829533,2,10.78167115902966,10.961123110151183,중립,,0.0,,27.9,관찰,27.9
2026-09-28T09:41:58+09:00,CAP,KRW-CAP,,71.4,-1.3812154700000001,8540193651.612871,1790556119840,False,False,,8540514263.639539,5779228683.3535795,14867271133.308311,13743323410.678299,21094502848.513226,1.4777948289603997,0.745032698235834,0.7114149236857612,2,5.693430656934306,15.286624203821674,중립,,,,,,,,,,,,,,NO_DATA,,0.0,,27.6,관찰,27.6
2026-09-28T09:41:58+09:00,OPEN,KRW-OPEN,OPENUSDT,188.0,-0.52910053,1356835119.0972915,1790556099277,False,False,,1359552016.0778334,1503851136.4397848,1246557249.3883724,645051369.9364836,1730678986.496826,0.9040469386460918,1.2012087733653631,1.1825556430959328,1,0.5319148936170137,-3.076923076923077,중립,765187.71925,-1.432,762584.16012,830978.09412,697840.877,548998.15831,1332178.15185,0.917694660684854,1.1010364906307182,0.9222587658542679,1,0.8727272727272473,-4.4107512060647895,중립,,0.0,,27.3,관찰,27.3
2026-09-28T09:41:58+09:00,VIRTUAL,KRW-VIRTUAL,VIRTUALUSDT,1126.0,-0.96745822,10294301508.53031,1790556101831,False,False,,9524361457.04915,8324627812.860142,10386867643.913097,8054190802.801289,9972809115.196741,1.1441185925856796,1.067526686745287,1.0449806956247059,2,11.909448818897639,12.685827552031714,중립,9438269.80041,5.019,8886474.3753,7069531.24163,10257922.45009,6870656.4331,9525582.8067,1.2570104115207323,1.1017150921449617,1.091430282545913,2,12.855609232420818,11.909514304723889,중립,,0.0,,26.8,관찰,26.8
2026-09-28T09:41:58+09:00,CTC,KRW-CTC,,161.0,-0.61728395,655399043.4273144,1790556110147,False,False,,855797958.4094466,966598404.0661058,533162724.42825633,507150679.77491117,1122192074.792623,0.8853707546064998,1.2792758828014554,1.1748782631624708,1,3.8461538461538547,3.8461538461538547,중립,,,,,,,,,,,,,,NO_DATA,,0.0,,25.9,관찰,25.9
2026-09-28T09:41:58+09:00,STX,KRW-STX,STXUSDT,454.0,-0.87336245,8081383024.247204,1790556117694,False,False,,8127510943.64809,9516321270.439722,5667517324.351759,4435230530.986427,6508480643.59532,0.8540601680708644,1.2427976411433073,1.2097415237644833,1,7.009345794392519,1.777777777777767,중립,2509291.97578,-2.248,2543947.18361,3073574.50456,2061839.04223,1879725.57724,2235634.5708,0.8276835911528297,1.0879102204384683,1.056553871498763,1,7.873764743385392,0.7442691277165903,중립,,0.0,,25.1,관찰,25.1
2026-09-28T09:41:58+09:00,FLOCK,KRW-FLOCK,,95.4,-1.54798762,8763831100.622505,1790556123498,False,False,,8842480695.776299,11641525936.892641,11614627205.163279,28876594592.805668,17715554280.63883,0.7595637155910968,0.5088441189066614,0.43114523137332034,1,-0.7172131147540894,-16.465517241379303,중립,,,,,,,,,,,,,,NO_DATA,,0.0,,25.0,관찰,25.0
2026-09-28T09:41:58+09:00,CHIP,KRW-CHIP,CHIPUSDT,62.8,-0.78988942,2565925525.096021,1790556100413,False,False,,2667956317.825542,3073121789.3010616,4268932407.2429996,5271834333.730741,4756169042.432073,0.8681583421502899,0.6345282768486822,0.620991411968646,1,-2.914110429447858,0.0,중립,2709724.39744,-4.971,2793611.35308,3399045.61955,5213498.55063,5072408.47591,3088065.91625,0.8218811000982819,0.6124123536250987,0.6608252070424618,1,-2.594142259414234,-0.8517887563884274,중립,,0.0,,25.0,관찰,25.0
2026-09-28T09:41:58+09:00,LIT,KRW-LIT,,6190.0,-2.13438735,2116252350.3829877,1790556109793,False,False,,1892470249.719269,2210687164.039057,4115182468.93631,4212133790.0804925,4763621412.950914,0.8560552033339776,0.5387558270038448,0.5699534783979309,1,-8.59826589595376,-6.985294117647056,중립,,,,,,,,,,,,,,NO_DATA,,0.0,,25.0,관찰,25.0
2026-09-28T09:41:58+09:00,ZORA,KRW-ZORA,,11.7,0.0,1248487320.4233193,1790555961671,False,False,,1224867180.991769,1317407655.3298965,1466478020.6642866,1878670248.1246493,3255992507.7118173,0.9297556273005306,0.7881088404681736,0.5743402426713077,1,-3.3057851239669422,-6.400000000000006,중립,,,,,,,,,,,,,,NO_DATA,,0.0,,25.0,관찰,25.0
2026-09-28T09:41:58+09:00,TOSHI,KRW-TOSHI,,0.174,-1.13636364,407240976.2278849,1790556107703,False,False,,372061558.5677266,401168339.80022264,375750547.4203052,551199581.3500766,1038933313.9414418,0.9274449692441061,0.840425535912079,0.35319608639864963,1,0.0,-2.7624309392265234,중립,,,,,,,,,,,,,,NO_DATA,,0.0,,25.0,관찰,25.0
2026-09-28T09:41:58+09:00,KAVA,KRW-KAVA,KAVAUSDT,92.6,-0.43010753,398317513.9323394,1790556117310,False,False,,427000849.6386993,550013606.4540145,779215901.1626651,361282503.93662614,361954391.82756424,0.776345975132526,0.757760098811167,0.925198776476616,1,-3.526970954356856,-1.6913319238900604,중립,347442.401772,-0.015,328051.907362,512856.563704,920190.918395,679596.629644,552807.01349,0.639656252018524,0.4658407521719499,0.4668795164965252,1,-3.0714791224345395,-2.796309439318667,감소형,,0.0,,25.0,관찰,25.0
2026-09-28T09:41:58+09:00,JPYC,KRW-JPYC,,8.58,0.11668611,1082544295.4004402,1790556083573,False,False,,1022664404.4608597,1250263158.2683022,1209124386.3152997,1668314310.229142,2957296186.876625,0.8179593213618468,0.7432690928986101,0.5126635368384008,1,-0.6952491309385911,0.1168224299065379,중립,,,,,,,,,,,,,,NO_DATA,,0.0,,24.9,관찰,24.9
2026-09-28T09:41:58+09:00,BOUNTY,KRW-BOUNTY,,20.1,-0.49504950000000003,193781342.7774574,1790556095626,False,False,,199431661.9274251,214269109.43335652,160304521.96869004,93487629.62447628,314225027.1343003,0.9307532124197946,1.2782407680356453,1.0310207948012264,1,3.589743589743577,5.759162303664911,중립,,,,,,,,,,,,,,NO_DATA,,0.0,,24.9,관찰,24.9
2026-09-28T09:41:58+09:00,XLM,KRW-XLM,XLMUSDT,291.0,-0.34246575,19392508197.06215,1790556121275,False,False,,18829612761.311474,21617357056.9015,60852984549.24012,34825542466.10956,44818941564.48005,0.8710413910335066,0.48159267250280313,0.4639407592403549,1,-1.683501683501687,0.6896551724137945,중립,16924944.2221,-0.417,16351085.1393,14789143.2055,46785564.5863,28982143.9193,37720881.8659,1.1056140921821032,0.5416846377830437,0.49798394856084505,2,-0.8727606798346388,-0.18501387604070718,중립,,0.0,,24.8,관찰,24.8
2026-09-28T09:41:58+09:00,USDC,KRW-USDC,USDCUSDT,1355.0,-0.07374631,1238638987.2982278,1790556080900,False,False,,1153356903.4482853,1200605612.706693,972971952.0326549,1303531410.828122,2462911451.9630013,0.9606459367186463,0.9950998759767565,0.7203816388478845,1,-0.7320644216691097,1.0432190760059523,중립,1185777557.11828,0.0,1131292993.26282,875062768.7218,2970483318.24134,2984297405.54443,3509948476.96585,1.292813537153791,0.49691899726715416,0.4196874053695635,2,-0.007998080460702717,0.01099945002747127,중립,,0.0,,24.8,관찰,24.8
2026-09-28T09:41:58+09:00,MINA,KRW-MINA,MINAUSDT,196.0,-1.50753769,1113207417.861953,1790556116223,False,False,,872124287.9060602,1109735214.3021643,1473691638.4910636,2347674969.4345565,3772633172.863013,0.7858850261451592,0.5305858524203318,0.2818672886329931,1,0.5050505050504972,-5.238095238095242,중립,1247696.93549,0.278,1113391.81242,1391407.84778,2948998.69498,3009125.85164,6166012.91159,0.8001908385067856,0.45447455130683656,0.2510085464223159,1,1.172413793103444,-6.3218390804597675,중립,,0.0,,24.8,관찰,24.8
2026-09-28T09:41:58+09:00,SAHARA,KRW-SAHARA,SAHARAUSDT,13.3,-0.74626866,3996747066.680661,1790556109460,False,False,,3911595547.3575625,4091737000.1330953,3586700200.756401,5670755424.691838,6411877449.244839,0.9559743324730614,0.8790633989043707,0.7713069236079078,1,0.7518796992481258,0.7518796992481258,중립,1045877.65968,0.408,1026390.15343,1653134.63841,1449471.35524,1594377.95334,2039412.28299,0.6208751117919781,0.6555633349062744,0.6028690416932591,1,2.471678681771383,0.4036326942482349,감소형,,0.0,,24.6,관찰,24.6
2026-09-28T09:41:58+09:00,CRV,KRW-CRV,CRVUSDT,470.0,-1.87891441,482811447.0852057,1790556118379,False,False,,477144736.28523475,616903610.9507459,259539870.064275,847104212.1523826,759612922.4042169,0.7734510348381318,0.8305161583461173,0.7688608041390845,1,1.2684989429175397,-1.4403292181069949,중립,3041332.96134,-0.832,2874488.96753,3432043.37315,3971553.5212,5080269.04276,6223934.73163,0.837544475695753,0.6907689449752552,0.6127481382239621,1,2.1971668112171105,-2.4827586206896624,중립,,0.0,,24.6,관찰,24.6
2026-09-28T09:41:58+09:00,MIRA,KRW-MIRA,MIRAUSDT,74.9,-0.5312085,1327684282.3049886,1790556104801,False,False,,1332521515.9384596,1415426338.547616,2323943089.0602827,2474564894.384905,3027705072.0470366,0.9414276671619479,0.6433226263217671,0.49767394178599705,1,-2.207792207792214,2.448979591836742,중립,462679.049492,-0.054,443105.520745,542084.995988,788155.845972,1427686.406082,892418.103759,0.8174096756494786,0.48199841499762286,0.4639989320840747,1,-1.5400955921401893,1.348396501457727,중립,,0.0,,24.5,관찰,24.5
2026-09-28T09:41:58+09:00,SHIB,KRW-SHIB,SHIBUSDT,0.00799,-0.498132,6255922811.116208,1790556119101,False,False,,6164235630.590132,7257317016.724076,10127354094.763533,10556722104.474813,14052369404.44906,0.8493821637369567,0.6618391126325741,0.4994743457899804,1,1.9035532994923887,-2.073170731707319,중립,4616082.52306017,-0.169,4569829.53060953,4734969.35211526,6370535.16849092,5294558.73740545,11794271.88294115,0.9651233599997945,0.8359412019420923,0.5232763540535266,1,2.772963604852685,-2.9459901800327315,중립,,0.0,,24.3,관찰,24.3
2026-09-28T09:41:58+09:00,AI,KRW-AI,AIUSDT,28.6,-0.34843206000000004,580456060.9504838,1790556113757,False,False,,596083938.2082591,636133196.8618762,586004411.7189287,530954130.03510886,856018693.2078984,0.9370426526218328,1.0200560388451907,0.9731434585938309,1,2.499999999999991,-0.692041522491349,중립,443664.76184,-1.005,442940.7781,542451.00564,883235.46961,3041037.50173,1323182.19715,0.8165544417737878,0.29749372048693973,0.353478191245065,1,-2.4752475247524774,5.3475935828876775,중립,,0.0,,24.3,관찰,24.3
2026-09-28T09:41:58+09:00,BSV,KRW-BSV,,28910.0,-0.24154588999999999,1144854039.1964288,1790556073144,False,False,,1100154631.3252623,1168562143.96585,2066862809.3949728,4438864970.851167,51279663413.94648,0.9414600986401739,0.43006765792923635,0.06818933915305003,1,0.1728309713100673,3.5739814152966343,중립,,,,,,,,,,,,,,NO_DATA,,0.0,,24.2,관찰,24.2
2026-09-28T09:41:58+09:00,GRVT,KRW-GRVT,,272.0,-0.36630037,686662151.4383596,1790556094916,False,False,,692425510.2193677,836577317.3919842,1268353984.1080494,4105181033.295554,1862802934.9533849,0.8276886019071049,0.33449902653435315,0.37125740417493974,1,-2.1505376344086002,3.802281368821303,중립,,,,,,,,,,,,,,NO_DATA,,0.0,,24.2,관찰,24.2
2026-09-28T09:41:58+09:00,DOS,KRW-DOS,,303.0,-1.3029316000000002,1768914306.354768,1790556119851,False,False,,1600798639.8116198,1730808432.9591353,1291286134.9064682,2347559901.2211156,3909547061.2758193,0.9248849319937505,0.8943584633019523,0.7141226469278643,1,0.32679738562091387,3.716216216216206,중립,,,,,,,,,,,,,,NO_DATA,,0.0,,24.1,관찰,24.1
2026-09-28T09:41:58+09:00,AUCTION,KRW-AUCTION,AUCTIONUSDT,5260.0,0.28598665,490098912.1727093,1790556108386,False,False,,492022561.2306101,512985859.35526645,626187696.5127835,5813449819.581058,779707443.8509535,0.9591347446672241,0.21230370235558502,0.2881937404722608,1,0.7684918347742542,1.6472868217054293,중립,314745.21019,-0.617,312069.56161,381556.56009,374011.50177,1235923.616,678146.61102,0.8178854572344144,0.4701042415783645,0.46264923008078207,1,1.4952780692550016,0.7552083333333348,중립,,0.0,,24.1,관찰,24.1
2026-09-28T09:41:58+09:00,DKA,KRW-DKA,,5.87,-0.8445945899999999,237959983.11568803,1790556089458,False,False,,267430080.20628577,339462835.9896932,275775194.9614227,254989420.3100747,765478487.005146,0.7878037058949378,0.9219316621834047,0.6577283345452432,1,0.8517887563884052,2.77777777777779,중립,,,,,,,,,,,,,,NO_DATA,,0.0,,24.1,관찰,24.1
2026-09-28T09:41:58+09:00,MORPHO,KRW-MORPHO,MORPHOUSDT,3667.0,-0.6771397600000001,1421478020.9681392,1790556060395,False,False,,1439537297.7488236,1728046598.0643027,3531586622.0659103,8231004960.029654,2037787911.1594174,0.8330431015930606,0.32011916972153903,0.43303355940481014,1,-4.004160166406656,4.441301272984433,중립,4034939.39649,-1.674,4086786.04356,4444928.23317,7448499.70856,11006076.30725,7351263.86064,0.9194267779314442,0.5353984085147218,0.568197257846841,1,-3.336883209087693,3.4574468085106336,중립,,0.0,,24.0,관찰,24.0
2026-09-28T09:41:58+09:00,FF,KRW-FF,FFUSDT,178.0,0.56497175,756428969.1386299,1790556079498,False,False,,745571393.9605957,889832595.3579551,1198618355.500902,2408375112.317738,2702913518.870683,0.8378782681709619,0.4973984206766837,0.4308981299830683,1,-4.8387096774193505,2.3121387283236983,중립,720123.206629,-0.533,721604.379432,578409.318016,1538592.615785,2515856.141719,4115501.310267,1.2475670030821304,0.46727378715416784,0.35861567481034234,2,-3.8453071108828007,1.7708737864077673,중립,,0.0,,24.0,관찰,24.0
2026-09-28T09:41:58+09:00,ADA,KRW-ADA,ADAUSDT,345.0,0.0,13678808005.741547,1790556116941,False,False,,13020394514.746384,16961662977.053387,24403876608.524612,15449326377.489492,25099966365.799915,0.7676366717320728,0.687516953214866,0.6029498897012705,1,2.3738872403560762,1.1730205278592365,중립,29527452.82519,0.674,28652083.37617,42377244.74393,57092332.74667,41843522.36475,60468039.9036,0.6761195436207317,0.608268095572852,0.5163401790051859,1,2.9874848607186033,0.3145890680298802,감소형,,0.0,,23.9,관찰,23.9
2026-09-28T09:41:58+09:00,ORBS,KRW-ORBS,,10.1,-0.98039216,173135630.3173117,1790556115825,False,False,,171460058.11936706,177096651.04039443,204319278.92087072,310613852.3240799,460617911.8109733,0.9681722218465797,0.7432919615965408,0.37029387847680195,1,2.0000000000000018,2.0000000000000018,중립,,,,,,,,,,,,,,NO_DATA,,0.0,,23.9,관찰,23.9
2026-09-28T09:41:58+09:00,1INCH,KRW-1INCH,1INCHUSDT,139.0,-1.41843972,264103629.6002907,1790555991716,False,False,,261708655.09498495,306865123.6683576,325141851.0759618,418180490.8950451,513773228.5490787,0.8528458756291406,0.747605538033119,0.6842283953965937,1,2.9197080291970767,1.4388489208633004,중립,455912.31002,0.883,448626.07704,415697.09215,690369.47943,488621.53171,769396.48919,1.0792138927883526,0.8439758397540683,0.7481901148792176,2,2.8884462151394397,-0.7684918347742542,중립,,0.0,,23.7,관찰,23.7
2026-09-28T09:41:58+09:00,ZETA,KRW-ZETA,,72.2,0.27777778000000003,1759871310.381166,1790556116199,False,False,,2499920976.7806897,3068877780.0882287,3497202941.3979015,4238094682.1487226,12969103337.744614,0.814604280757254,0.6941541256187789,0.1396397276967037,1,3.746397694524495,-4.0000000000000036,중립,,,,,,,,,,,,,,NO_DATA,,0.0,,23.5,관찰,23.5
2026-09-28T09:41:58+09:00,NCT,KRW-NCT,,14.5,-1.36054422,433754664.70985395,1790556110866,False,False,,392299666.82538277,465134700.00733536,314112406.86464876,373800609.8509307,565667304.705099,0.8434108803733543,1.0206854264635479,0.9343683540745958,1,2.083333333333326,4.255319148936176,중립,,,,,,,,,,,,,,NO_DATA,,0.0,,23.5,관찰,23.5
2026-09-28T09:41:58+09:00,CYBER,KRW-CYBER,CYBERUSDT,491.0,0.40899796,159639378.21195412,1790556103327,False,False,,153565741.99416873,197573201.34109342,203995751.48431224,297731945.10968703,609465993.0511297,0.7772599773237994,0.6587968460255959,0.40054257434279605,1,2.3012552301255207,1.4522821576763434,중립,375065.44062,0.557,367992.66023,505566.2667,736506.54664,918498.72857,1230898.98267,0.7278821481346275,0.5109657140601117,0.3703988865734557,1,3.1339031339031376,0.27700831024930483,감소형,,0.0,,23.5,관찰,23.5
2026-09-28T09:41:58+09:00,PENDLE,KRW-PENDLE,PENDLEUSDT,3548.0,-0.58840011,901538135.8444171,1790556105154,False,False,,846343734.0356897,846850447.0221015,840140410.6259723,1281369647.4021833,2115688278.1443222,0.9994016499746873,0.8553648378582239,0.6136488032552536,1,0.9047215154085464,6.157049375371804,중립,4763701.9336,2.429,4610249.7756,4088013.7924,6596483.8093,9014925.6728,8586146.7858,1.127748097173959,0.7020890476881763,0.5998591571694465,2,1.580570547417115,4.854755272582567,중립,,0.0,,23.3,관찰,23.3
2026-09-28T09:41:58+09:00,ZRX,KRW-ZRX,ZRXUSDT,170.0,-0.58479532,178087727.69918987,1790555977988,False,False,,197601107.59548363,220507742.40611386,281156652.29055727,356970795.0249217,477787100.75450057,0.8961186824522352,0.6904018492168527,0.5725449021175307,1,3.6363636363636376,3.6363636363636376,중립,121074.1216,-1.344,122066.4043,147548.105,268044.7154,232768.9433,264175.5541,0.8272990310516017,0.5648069232371359,0.509303588222179,1,3.70981038746907,2.777777777777768,중립,,0.0,,22.9,관찰,22.9
2026-09-28T09:41:58+09:00,CKB,KRW-CKB,CKBUSDT,1.93,0.0,198606329.25066155,1790555772339,False,False,,198866818.33452657,225247524.08964974,315883686.7812772,771389511.3674283,370739005.4557307,0.8828812620172308,0.45454555108748707,0.5089475698239645,1,1.5789473684210575,8.426966292134818,중립,318498.720647,-1.254,298509.582669,328533.915645,474851.217279,530523.268623,553070.91951,0.9086111614472004,0.6713570039505042,0.6607336189884134,1,1.7191977077363862,7.088989441930638,중립,,0.0,,22.6,관찰,22.6
2026-09-28T09:41:58+09:00,ETHFI,KRW-ETHFI,ETHFIUSDT,974.0,-0.30706244,1241389645.8428912,1790556061448,False,False,,1237463121.7685735,1357545779.3831737,1397917986.9397137,961610344.5209469,1792246293.6845233,0.911544303375786,0.9987396685138865,0.871311888750038,1,5.507559395248385,2.733964248159837,중립,6963240.85626,-1.24,6812319.25748,6232584.83986,5753531.01373,3994945.9606,7276437.77192,1.0930166909100627,1.2788235231211917,1.1203750827519634,4,6.122148638704927,1.6922859963333758,연속 가속형,,0.0,,22.5,관찰,22.5
2026-09-28T09:41:58+09:00,THETA,KRW-THETA,THETAUSDT,319.0,0.63091483,284793366.8754529,1790556064341,False,False,,255798144.71392927,311815069.75217295,344530206.5192967,324425685.50521815,767327915.9683614,0.8203520917614235,0.7824400028643141,0.589034310144078,1,4.276315789473695,2.2580645161290214,중립,707851.41762,1.43,696601.75341,713257.57624,920902.18724,1113380.07981,1179074.65749,0.9766482356657148,0.7606096287679651,0.6447233458988885,1,4.751232631107127,0.7327586206896441,중립,,0.0,,22.5,관찰,22.5
2026-09-28T09:41:58+09:00,BLUR,KRW-BLUR,BLURUSDT,28.7,0.0,789491156.4302188,1790556108725,False,False,,833666587.5044135,969628729.7145889,1022404853.1101134,433045591.72313356,1049827901.1822863,0.8597791731581674,1.0313064368216185,0.9239923243417045,1,5.514705882352944,4.744525547445266,중립,183058.82498,0.237,194688.630196,419150.937922,268239.559108,186274.266864,338481.653337,0.46448334616927356,0.6685240320151717,0.6524695274254255,1,6.009013520280426,3.7236648701616915,감소형,,0.0,,22.3,관찰,22.3
2026-09-28T09:41:58+09:00,API3,KRW-API3,API3USDT,385.0,-0.25906736,541575650.5960146,1790556036426,False,False,,538929203.3822637,709501841.3636439,652410981.0954163,918922735.4122962,9867817848.81384,0.7595881673068754,0.7088575958784579,0.20986535627251007,1,4.607046070460696,5.177111716621252,중립,663764.935665,1.288,666942.564764,611330.942317,726719.287029,529007.402933,3241184.735142,1.0909681133368236,1.0716475269430839,0.587723721260646,2,5.331358756016269,3.9839181286549508,중립,,0.0,,22.2,관찰,22.2
2026-09-28T09:41:58+09:00,AAVE,KRW-AAVE,AAVEUSDT,208700.0,-0.5243088699999999,3644127214.522845,1790556096343,False,False,,3630293912.715418,4811621061.948952,6910748721.960256,5308166350.537992,9432826754.37514,0.754484583464884,0.6394914201272599,0.5739386166903254,1,4.638403990024931,5.745967741935476,중립,15723305.52298,-0.769,15568836.4205,17425951.4153,30344939.85835,21513121.98949,34731929.21475,0.8934282008172333,0.6741311171468827,0.626359053685007,1,5.2065609473899155,4.4036201539916275,중립,,0.0,,22.1,관찰,22.1
2026-09-28T09:41:58+09:00,IOTA,KRW-IOTA,IOTAUSDT,69.6,0.43290042999999995,1329065690.6130142,1790556112676,False,False,,1239698535.8889723,1526513158.1693034,1559266960.454715,1194717089.766715,1725997795.4161372,0.8121112676000131,0.8688466378103591,0.8586641340038824,1,5.640243902439024,5.000000000000004,중립,1220748.6724,1.188,1163520.2214,1256384.4243,993385.2837,833936.3691,1143934.2513,0.9260861555556613,1.1319368892260369,1.171586833762471,1,6.4583333333333215,4.2857142857142705,중립,,0.0,,21.6,관찰,21.6
2026-09-28T09:41:58+09:00,XPL,KRW-XPL,XPLUSDT,146.0,1.38888889,10787899694.124279,1790556116199,False,False,,10645900593.455856,13516830536.158382,24378451291.233715,13161432831.54337,10457320600.377972,0.7876033190604406,0.6255338204527058,0.7470011755768385,1,-1.3698630136986356,10.769230769230775,중립,26191629.272748,-3.19,25954950.195166,40452468.312541,60692175.01912,32149657.542321,20748396.667269,0.6416159823582259,0.5841573876373931,0.7656817922468221,1,-4.177569250203006,10.200269793504212,감소형,,0.0,,21.5,관찰,21.5
2026-09-28T09:41:58+09:00,BARD,KRW-BARD,BARDUSDT,205.0,0.0,521748702.36791337,1790556025234,False,False,,503596149.607618,634597802.23686,593484930.9725345,829416272.3279619,1272499316.985045,0.7935674341015974,0.7342839266297879,0.5733458844577843,1,6.770833333333326,6.217616580310881,중립,424899.13261,2.717,420699.74066,447061.10581,798908.81838,591125.71265,851408.64291,0.9410340895072105,0.6870079034921367,0.6466038293895989,1,7.270135424091229,4.513888888888884,중립,,0.0,,21.3,관찰,21.3
2026-09-28T09:41:58+09:00,BAT,KRW-BAT,BATUSDT,132.0,-0.7518796999999999,196052800.01343986,1790555882025,False,False,,186442715.045811,247003997.79325888,290559670.5074061,294733966.6536725,890796621.5739106,0.7548165888467223,0.6720289973767851,0.36693641961100304,1,7.258064516129026,7.258064516129026,중립,597313.8862,2.004,604750.3074,392407.3565,319895.5469,561810.1474,1437734.119,1.5411288738161055,1.4239324532943558,0.8697183024788407,3,7.947019867549665,6.5359477124183,고수준 유지형,,0.0,,20.9,관찰,20.9
2026-09-28T09:41:58+09:00,MBL,KRW-MBL,MBLUSDT,1.2,4.34782609,653714068.6506422,1790556091381,False,False,,312702944.4419855,319658586.47516066,320329527.38805723,222326450.02686757,609725695.8088008,0.9782404029565598,1.087896311403981,0.9098092077730803,1,1.7699115044247815,3.603603603603589,중립,253645.670045,3.424,162693.17996,171838.523289,242830.114059,179429.759492,487160.9855,0.9467794348207983,0.8215466368468378,0.5422007969437711,1,3.649635036496357,4.029304029304037,중립,,0.0,,20.8,관찰,20.8
2026-09-28T09:41:58+09:00,PLUME,KRW-PLUME,PLUMEUSDT,25.2,-1.17647059,2763520823.924507,1790556027862,False,False,,2623513162.1985455,3407720479.381135,4489907543.75483,6476327931.8389435,2363078480.1987147,0.7698733443873874,0.5475555589045475,0.7133456798647715,1,3.238866396761142,16.972477064220183,중립,3468017.11211,3.35,3295830.61703,4838217.88938,9061975.44244,10395113.29038,5348305.67044,0.6812075628640919,0.4069712724701831,0.4973522081574077,1,3.703703703703698,14.74006116207951,감소형,,0.0,,20.1,관찰,20.1
2026-09-28T09:41:58+09:00,MON,KRW-MON,,38.0,-0.26246719,1629975712.3092687,1790556071067,False,False,,1418302383.849408,1560777392.6524596,1586101106.285417,1487307911.1657581,2656321186.9634585,0.9087153559029177,0.9181562360701565,0.7990962343161325,1,11.730205278592365,4.383561643835621,중립,,,,,,,,,,,,,,NO_DATA,,0.0,,19.9,관찰,19.9
2026-09-28T09:41:58+09:00,ARKM,KRW-ARKM,ARKMUSDT,194.0,-1.02040816,411480285.2500585,1790556062883,False,False,,400168560.4425198,452927091.0845152,475561840.4064704,250199123.4451362,651016781.0671427,0.8835165047962414,1.018510093743692,0.7924543792091975,1,12.00000000000001,10.1123595505618,중립,947188.33284,4.386,907056.99484,1637970.36515,1580898.00127,1056159.66352,1659459.9336,0.5537688679470918,0.6365270509251355,0.5655549617039329,1,13.458528951486691,9.5166163141994,감소형,,0.0,,18.7,관찰,18.7
2026-09-28T09:41:58+09:00,DATA,KRW-DATA,,330.0,3.7735849100000003,14081592215.285667,1790556122023,False,False,,8772959290.434776,9075113051.978819,16345239650.771955,23844881873.41723,25536375552.554024,0.9667052344347206,0.534228205705856,0.4222902264263654,1,5.298013245033117,7.796610169491536,중립,,,,,,,,,,,,,,NO_DATA,,0.0,,18.4,관찰,18.4
2026-09-28T09:41:58+09:00,ZRO,KRW-ZRO,ZROUSDT,2225.0,-0.13464990999999998,2783964428.8800473,1790556092767,False,False,,2083116976.6755073,2688053191.834902,7174899630.116448,9700905994.68138,14936086077.33316,0.7749537780736933,0.3194334506602282,0.23066008038828495,1,13.211382113821134,19.335832886984463,중립,9733488.35022,3.019,9339634.48358,11748239.91274,15071918.83523,20107382.00397,33229836.65702,0.7949815932386549,0.5970673724167336,0.4639760198385918,1,14.176511466296038,18.20143884892087,중립,,0.0,,16.1,관찰,16.1
2026-09-28T09:41:58+09:00,WLFI,KRW-WLFI,WLFIUSDT,79.3,-0.12594458,3737745979.8434386,1790556090183,False,False,,3899726003.1758885,5502014510.796696,1831309784.0394216,2631666888.2063565,4786155788.871419,0.7087814827684279,1.174027933856708,1.0109439617027176,1,2.983138780804162,1.146496815286624,감소형,5108070.84192,0.343,5015620.26881,6955342.23556,6814575.39247,7127876.38296,9080895.05936,0.7211176817679877,0.7200214911926571,0.6275036091498649,1,3.7168141592920367,0.3424657534246478,감소형,,0.0,,13.2,관찰,13.2
2026-09-28T09:41:58+09:00,COMP,KRW-COMP,COMPUSDT,32930.0,-0.81325301,2240020079.704821,1790556113431,False,False,,2210952578.26587,385799337.338533,1017042543.198578,13485979478.734259,364019591.5446127,5.73083560360238,0.44549246543731846,0.7106488179887733,2,1.3431013431013383,6.206014075495836,일회성 폭증형,2319114.17363,1.891,2284364.44862,871656.12567,1454331.65298,5092679.38648,1138940.75476,2.6207174840469563,0.9237634191316239,1.2015136139407268,2,2.000833680700298,4.931389365351624,중립,,0.0,,13.2,관찰,13.2
2026-09-28T09:41:58+09:00,HOME,KRW-HOME,HOMEUSDT,8.33,-1.0688836099999999,1039115025.7685568,1790556100414,False,False,,1105206277.8784149,2251639081.4195375,2917834491.75198,4086170245.3798304,1935064489.7062762,0.49084521893341876,0.35822670995502837,0.38727848311262986,1,-1.6355140186915973,-4.426787741203187,감소형,766739.09735,-3.15,759867.80352,860520.30048,1467973.66799,1626470.62157,1831697.71185,0.8830329779508329,0.5763903465282212,0.4630943061304564,1,-1.4285714285714235,-5.335365853658535,중립,,0.0,,13.0,관찰,13.0
2026-09-28T09:41:58+09:00,INJ,KRW-INJ,INJUSDT,10470.0,-0.75829384,907151570.9456348,1790556107375,False,False,,901449146.6057216,1413060366.293055,1204157289.1378722,3299221219.841468,2699436780.3268714,0.6379410024573358,0.45709040468919837,0.41692857531377425,1,-3.7408759124087587,-0.2835538752362976,감소형,9727985.77665,-0.439,9774427.57151,13087085.27086,17714271.38839,23851049.90338,26842439.41671,0.7468758221721045,0.5365414728979301,0.4870594238975117,1,-3.1195625155356677,-1.3665696570922425,감소형,,0.0,,13.0,관찰,13.0
2026-09-28T09:41:58+09:00,SYRUP,KRW-SYRUP,SYRUPUSDT,294.0,-0.33898305,793777088.4037474,1790556030189,False,False,,775206799.3220973,1087305985.161243,922174180.9328914,1867891821.5083742,1902703161.5017471,0.7129610338778163,0.5997929539394775,0.5443307274759451,1,-0.33783783783783994,-0.33783783783783994,감소형,1806928.12601,-1.542,1716623.70662,1897914.05905,2052788.08716,2216534.91004,2009543.79215,0.9044791561738339,0.8350369983980134,0.8928355512036334,1,0.0,-1.1353315168029066,중립,,0.0,,13.0,관찰,13.0
2026-09-28T09:41:58+09:00,VET,KRW-VET,VETUSDT,12.4,0.0,754137527.9323838,1790556090218,False,False,,774775244.77991,1110578197.936596,863791921.013069,1208455392.947247,3071323794.0764594,0.6976323200107902,0.7302711774967738,0.5148397803343849,1,-1.5873015873015817,0.0,감소형,1800650.8289978,-1.362,1805608.0399451,3105022.6978709,2077075.8693211,1874288.7073794,3797549.1906224,0.5815120260419343,0.7676483601396883,0.690271926623781,1,-0.7328375902575734,-0.903711672942431,감소형,,0.0,,13.0,관찰,13.0
2026-09-28T09:41:58+09:00,BFC,KRW-BFC,,40.0,-1.47783251,1108997764.8018348,1790556114773,False,False,,1004614797.0265989,2098615287.4534564,657952625.2843801,760647213.9787546,1687073173.7591593,0.47870364951245475,0.8568837226323703,0.6234890520589967,1,0.24691358024691024,-0.4901960784313597,감소형,,,,,,,,,,,,,,NO_DATA,,0.0,,12.9,관찰,12.9
2026-09-28T09:41:58+09:00,NXPC,KRW-NXPC,NXPCUSDT,337.0,-0.29585799,418999473.9771615,1790555998099,False,False,,391581005.8188522,621506456.0041522,686056408.8823014,840251522.1155685,1898021095.1757982,0.630051388905019,0.5469481090013065,0.12875067794836043,1,0.29673590504450953,0.8955223880596996,감소형,206434.40845,-0.239,211012.40439,306837.95293,264367.4467,375679.60783,512491.95133,0.687699818014817,0.6685470866923003,0.22748451948313528,1,-0.5140371688414525,0.5997600959616101,감소형,,0.0,,12.7,관찰,12.7
2026-09-28T09:41:58+09:00,F,KRW-F,FUSDT,5.1,-0.77821012,1305291702.9235559,1790556052935,False,False,,1371685684.647897,1931243672.5285752,1663248314.4275296,1650657542.8913343,3548448424.673397,0.7102602867570567,0.7845452318426815,0.5993650991302879,1,0.19493177387914784,1.5810276679841806,감소형,336942.136999,-0.607,340633.654587,386546.634428,358943.227689,597008.545865,1048141.314729,0.8812226630586485,0.7611934268861356,0.516022226714305,1,0.8739406779661119,0.9006622516556151,중립,,0.0,,12.6,관찰,12.6
2026-09-28T09:41:58+09:00,WAVES,KRW-WAVES,,403.0,-0.24752475000000002,1288770092.808071,1790556097738,False,False,,1296331374.3627748,2025617903.8091538,2362317773.48922,11326988386.6373,5880565288.264212,0.6399683631967494,0.24747139135169055,0.2851773469950037,1,-1.703163017031628,1.7632241813602123,감소형,,,,,,,,,,,,,,NO_DATA,,0.0,,12.6,관찰,12.6
2026-09-28T09:41:58+09:00,SPX,KRW-SPX,,595.0,-1.32669983,447048262.5037253,1790556115134,False,False,,443239479.26344657,699051316.2309495,636904174.199095,902396799.4358153,1585496530.6417246,0.6340585719132114,0.5940612850848546,0.48284182011265264,1,1.1744966442952975,-13.486370157819227,감소형,,,,,,,,,,,,,,NO_DATA,,0.0,,12.6,관찰,12.6
2026-09-28T09:41:58+09:00,MNT,KRW-MNT,,914.0,-0.43572985,571766396.7844992,1790556045974,False,False,,488890096.72619236,852527066.4546248,532304333.0492524,732090609.2035265,909645682.1683378,0.5734599122574758,0.6928315186604954,0.6390963563369164,1,-0.8639308855291628,2.2271714922049046,감소형,,,,,,,,,,,,,,NO_DATA,,0.0,,12.5,관찰,12.5
2026-09-28T09:41:58+09:00,MOODENG,KRW-MOODENG,,66.3,0.45454544999999996,481068091.13841254,1790556101863,False,False,,485690246.9347231,752950731.6651403,3895280204.393586,1130209833.6030025,2270673600.1712136,0.6450491732183137,0.252156385932717,0.2438610425022048,1,-1.3452914798206317,0.7633587786259444,감소형,,,,,,,,,,,,,,NO_DATA,,0.0,,12.5,관찰,12.5
2026-09-28T09:41:58+09:00,TRUMP,KRW-TRUMP,TRUMPUSDT,2874.0,-0.06954103,19840967298.000744,1790556117670,False,False,,19658973401.580322,27361577859.25581,27165574975.272278,35829199609.617615,56764668225.943756,0.7184882941584501,0.6527147080355848,0.5321086618305694,1,1.6254416961130724,-4.451827242524919,감소형,16038128.077697,0.665,15720694.684865,17592642.604479,21577041.133215,26792867.109435,44376078.825917,0.8935948417927042,0.714982720481734,0.5310755413229868,1,2.409638554216853,-5.30303030303031,중립,,0.0,,12.4,관찰,12.4
2026-09-28T09:41:58+09:00,CP,KRW-CP,,17.8,-1.65745856,2190776203.0566235,1790556111226,False,False,,2231776752.114995,3243233227.9681396,2451448370.5874968,2763263527.8686366,4883607939.08363,0.6881332902207548,0.7916024703716114,0.6480988881523749,1,2.259887005649719,-3.208556149732611,감소형,,,,,,,,,,,,,,NO_DATA,,0.0,,12.2,관찰,12.2
2026-09-28T09:41:58+09:00,LSK,KRW-LSK,LSKUSDT,399.0,-1.9656019699999998,3220098361.159509,1790556119094,False,False,,3218280270.2533245,4661539319.073166,9249159864.055618,36347301996.22043,11009233576.320787,0.6903900299811697,0.1921055470611733,0.1782872633160819,1,-6.65137614678899,4.092071611253201,감소형,4516878.00982,-7.188,4480916.85822,8177758.14141,12332084.70361,40430871.73278,9784704.51593,0.5479395184763198,0.2205873473554089,0.2825337826084576,1,-23.21253672869735,-1.4765944077913984,감소형,,0.0,,12.1,관찰,12.1
2026-09-28T09:41:58+09:00,KAITO,KRW-KAITO,KAITOUSDT,484.0,-1.2244898,1290608488.8947282,1790556109070,False,False,,1416279118.6572537,2665275256.7620263,1676299452.973401,2705624146.60792,4909042866.376387,0.5313819332783866,0.602911517410536,0.4962401925642712,1,2.5104602510460206,-0.8097165991902799,감소형,1514276.75976,0.366,1510200.046,2064985.68967,1959004.14913,3456613.44715,4267302.25743,0.7313368095259494,0.6056463582969748,0.5170491393183836,1,3.0571428571428694,-1.9570535471595485,감소형,,0.0,,12.1,관찰,12.1
2026-09-28T09:41:58+09:00,WIF,KRW-WIF,WIFUSDT,332.0,0.0,152770341.9075858,1790555869294,False,False,,138501509.18271646,228640162.0043103,460423420.99201286,1066283524.2519665,550184537.2006671,0.6057619447457592,0.23670790001158287,0.09403968533060035,1,2.4691358024691468,-3.206997084548102,감소형,2574689.408877,-0.247,2538309.51993,2552676.392501,4011763.215181,4963595.593394,7257684.60687,0.9943718394492912,0.6605573653244258,0.3689114068881038,1,3.208104685521307,-4.267815191855917,중립,,0.0,,12.1,관찰,12.1
2026-09-28T09:41:58+09:00,ETC,KRW-ETC,ETCUSDT,12880.0,-0.99923136,4086964188.769312,1790556120891,False,False,,4064383601.5935335,5783833070.050384,9029163429.900164,32540528088.281086,13125259571.38225,0.7027145410955176,0.25749193773446927,0.2775510975775612,1,1.4029618082618933,2.7646129541864184,감소형,3197905.7782,1.065,3143511.7325,5422341.8775,7748461.4414,23310380.4808,10340449.6871,0.5797332229352777,0.25850408937600183,0.27902520822278326,1,2.1299254526091493,1.58898305084747,감소형,,0.0,,11.9,관찰,11.9
2026-09-28T09:41:58+09:00,QTUM,KRW-QTUM,QTUMUSDT,1380.0,-0.7907979900000001,679867232.3085406,1790556115820,False,False,,724737288.899015,1804277968.0302393,2498255308.2854114,900537802.3521221,1354635756.187242,0.4016771815321909,0.41787087545491386,0.4985059574639636,1,1.9794721407624616,2.581120943952797,감소형,290133.8162,-0.098,296237.011,703306.8482,978108.6181,238104.7797,447011.585,0.4212059242109908,0.46298601687163443,0.5422196524789549,1,2.497502497502513,1.5841584158415856,감소형,,0.0,,11.7,관찰,11.7
2026-09-28T09:41:58+09:00,PROVE,KRW-PROVE,PROVEUSDT,317.0,-1.24610592,520527182.822729,1790556103379,False,False,,497179926.4486892,1392396108.7870903,398791095.8248659,748567903.4606488,2003050654.7005785,0.35706787983038846,0.5872770073796534,0.2553485479473993,1,0.9433962264151052,4.90196078431373,감소형,825376.95219,-3.237,808369.55342,1128234.81915,1201165.02622,167470680.70228,36052813.4043,0.7164905210326844,0.014282140811938283,0.01797460443528787,1,1.0287183883411766,3.422553751645463,감소형,,0.0,,11.6,관찰,11.6
2026-09-28T09:41:58+09:00,BORA,KRW-BORA,,39.4,0.25445292999999997,361473289.3341439,1790556090922,False,False,,358360261.2094626,721981630.8988461,500004948.32935196,358469586.4965401,1252435872.5863886,0.496356480376536,0.6802344835267202,0.4595835447624716,1,2.34375,1.5503875968992054,감소형,,,,,,,,,,,,,,NO_DATA,,0.0,,11.6,관찰,11.6
2026-09-28T09:41:58+09:00,HUNT,KRW-HUNT,,141.0,-1.3986014,160386902.89970765,1790555949650,False,False,,167241175.71379066,451084632.30524045,223800197.50289848,375851535.13567114,714973402.3237224,0.3707534323639332,0.47749706194684,0.42890585490281935,1,1.4184397163120588,4.379562043795615,감소형,,,,,,,,,,,,,,NO_DATA,,0.0,,11.5,관찰,11.5
2026-09-28T09:41:58+09:00,POLYX,KRW-POLYX,POLYXUSDT,61.0,-0.97402597,967493583.7741721,1790556088383,False,False,,977146160.995729,3132571496.227811,1085720360.3985474,1411692152.519149,1433869239.0717933,0.3119310005126433,0.5206832698326095,0.598768203556945,1,1.9867549668874274,4.761904761904767,감소형,340279.73691,-1.532,337690.85346,695559.81833,605478.5719,493417.63061,469853.35465,0.4854950567311044,0.5645569178707274,0.6449468483179409,1,2.708803611738153,3.6446469248291535,감소형,,0.0,,11.3,관찰,11.3
2026-09-28T09:41:58+09:00,ICP,KRW-ICP,ICPUSDT,4228.0,-0.77446609,732648678.9049089,1790556001119,False,False,,701595645.680755,1044431910.9403377,1207825298.2587032,1556207005.9598398,2458192512.2722893,0.6717485729147097,0.5526602898524171,0.4962066789873386,1,1.5007146260123783,5.183905208590467,감소형,9986366.29267,-2.353,9854553.13073,12833701.23801,11860567.83825,16246236.6791,16980964.87637,0.7678652438583689,0.7221127059066552,0.7227552129743263,1,2.075226977950706,4.1694242223693,중립,,0.0,,11.3,관찰,11.3
2026-09-28T09:41:58+09:00,NEO,KRW-NEO,NEOUSDT,3636.0,-0.54704595,468313027.01544476,1790556106982,False,False,,463981165.2367272,960346995.8905385,797935834.793989,883157518.4904234,1495313727.8878937,0.48313908120936355,0.526963819623999,0.4423322961796718,1,2.696629213483148,3.3060186493359733,감소형,721687.09543,0.904,702909.55116,562238.30755,733648.08877,803931.75427,1224065.13992,1.2501986110177845,1.0042434640768754,0.7997533074432398,2,3.370356185369583,2.196137826580835,중립,,0.0,,11.3,관찰,11.3
2026-09-28T09:41:58+09:00,MED,KRW-MED,,2.48,-0.8,282608617.62152153,1790556109814,False,False,,268928928.3342121,407686992.90178764,866593766.7482828,183815613.4134162,265705512.35250437,0.6596455933510674,0.5533151305407632,0.6529688897781105,1,3.3057851239669533,2.8806584362139898,감소형,,,,,,,,,,,,,,NO_DATA,,0.0,,11.2,관찰,11.2
2026-09-28T09:41:58+09:00,AGLD,KRW-AGLD,AGLDUSDT,301.0,-0.33112583,233994796.09536588,1790556097416,False,False,,244799300.08882564,391886313.2874657,363038766.0179357,472344061.63764673,539389090.5506123,0.6246691751881998,0.5984000377473494,0.45848622782451137,1,2.3728813559322104,4.498269896193774,감소형,162590.72039,0.0,148869.71918,213964.41281,212252.08316,291713.70059,399293.44727,0.6957685963982992,0.6220788033153515,0.47548786475631943,1,3.3317908375751992,3.6194895591647347,감소형,,0.0,,11.2,관찰,11.2
2026-09-28T09:41:58+09:00,MTL,KRW-MTL,MTLUSDT,457.0,-1.08225108,480972818.18138635,1790556115820,False,False,,516382810.0673916,1062766943.3135656,954927968.0164298,1520091374.1976013,1013703917.0019915,0.48588527646275753,0.43788638011839304,0.333415801031704,1,0.8733624454148492,7.441860465116279,감소형,256720.45351,-1.917,277589.73054,363763.66787,301303.61562,522791.25206,314972.66998,0.7631046062555198,0.7010676496375999,0.6835298597675314,1,1.6984505363528024,6.656249999999986,중립,,0.0,,11.1,관찰,11.1
2026-09-28T09:41:58+09:00,AVAX,KRW-AVAX,AVAXUSDT,14910.0,-0.8643616999999999,6318419502.804797,1790556119838,False,False,,6351590566.483566,11523853654.978065,8691757638.73907,6781883132.745587,13583222610.403173,0.5511689714785479,0.7057977825073044,0.5872597707349603,1,5.840957072484176,-0.79155672823219,감소형,49738437.2996,-0.598,48613988.84509,48017776.27594,49214793.68163,51208788.48539,62891600.42385,1.012416496876569,0.98248876233042,0.8925630173472997,2,6.838444204957361,-3.6064704322461005,중립,,0.0,,11.0,관찰,11.0
2026-09-28T09:41:58+09:00,AWE,KRW-AWE,AWEUSDT,93.5,0.86299892,3028492765.015494,1790556119126,False,True,거래량급등,2928508554.087917,4738631938.853953,531760012.6767444,325220751.3625015,890359306.5973148,0.6180071784170226,1.5700739362681793,2.080362854495878,1,4.509582863585115,7.5406032482598695,감소형,714211.25751,-1.389,718133.10357,1023590.2836,177350.37928,87769.81325,263862.75461,0.7015825717339782,1.6717481161320777,2.067012794016746,1,5.460434983803797,6.429016189290149,감소형,,0.0,,11.0,관찰,11.0
2026-09-28T09:41:58+09:00,VTHO,KRW-VTHO,VTHOUSDT,1.02,-0.97087379,2409988016.4413466,1790556116220,False,False,,3059187680.823201,4298064701.475723,4149435438.5427394,12691708850.139778,8107500175.069359,0.7117593366551326,0.43414883909527513,0.43610004350388176,1,0.0,9.225874867444329,감소형,75652358.812162,-7.453,76111215.052677,20951947.94085,123415999.189048,10561752.233996,2696095.300426,3.632655792556787,1.4737887318927025,2.3803398537508538,2,0.5326231691078487,7.549857549857553,고수준 유지형,,0.0,,11.0,관찰,11.0
2026-09-28T09:41:58+09:00,CELO,KRW-CELO,CELOUSDT,131.0,-0.75757576,647817662.9962778,1790556112291,False,False,,610244573.5689971,1124444243.3423002,291328478.15849984,568359220.1189625,534476426.8312035,0.5427077217764974,0.9226874898311737,0.9273466004394598,1,4.761904761904767,1.538461538461533,감소형,590383.807052,0.416,579154.163557,754747.986934,502909.627459,445392.719867,573236.982345,0.7673477420054979,1.0202061886949176,0.983527134025301,1,5.8026030368763415,1.234952262349509,중립,,0.0,,11.0,관찰,11.0
2026-09-28T09:41:58+09:00,0G,KRW-0G,0GUSDT,350.0,-1.4084507,2916306027.4267554,1790556116536,False,False,,2982387898.327439,4988616669.185425,2769289982.2243867,4918818100.313952,13441554283.758232,0.5978386587106568,0.7057945857636211,0.47712636796893104,1,1.139601139601143,7.902735562310026,감소형,1290937.523629,-2.197,1365956.573586,2584348.675674,1551855.682323,2225640.132211,4773223.872767,0.5285496444204679,0.6441323309718343,0.5148880663320096,1,2.1442495126705596,6.8079902160619765,감소형,,0.0,,10.9,관찰,10.9
2026-09-28T09:41:58+09:00,BERA,KRW-BERA,BERAUSDT,320.0,-0.62111801,1217203967.4648473,1790556076984,False,False,,1239795580.2880137,1679268793.045924,1778540360.0679815,1736413044.9187348,2968571353.1576314,0.7382948968159073,0.7160623090542397,0.5553330181678553,1,4.885993485342022,1.577287066246047,감소형,1013695.4282547,0.042,1009596.458614,1076542.7388063,878642.6444354,835973.725652,1625723.7675311,0.9378136345366725,1.0851367685171078,0.863977438250995,1,5.260831122900078,1.0182435299109116,중립,,0.0,,10.9,관찰,10.9
2026-09-28T09:41:58+09:00,STRAX,KRW-STRAX,STRAXUSDT,15.9,-1.85185185,395089149.88000363,1790556089490,False,False,,391431958.26539236,776249906.7352434,807317559.5505037,653944520.1811264,951535617.9607787,0.5042602322642192,0.524822160461558,0.46462656027741706,1,3.1847133757961776,4.516129032258065,감소형,163634.95094,-2.32,160260.04183,306685.61418,267258.44312,400394.33918,295922.34447,0.5225548066820641,0.4934426552693788,0.4836703465915623,1,4.4232437120555135,4.513888888888884,감소형,,0.0,,10.9,관찰,10.9
2026-09-28T09:41:58+09:00,ARDR,KRW-ARDR,,41.8,-1.1820331,747824199.326896,1790556120904,False,False,,812298186.8629528,1498862910.8178852,1771026807.208894,1046520920.4602914,777376998.9750688,0.5419429495521413,0.5645650436639194,0.714341742820595,1,0.9546539379474916,8.461538461538453,감소형,,,,,,,,,,,,,,NO_DATA,,0.0,,10.8,관찰,10.8
2026-09-28T09:41:58+09:00,CVC,KRW-CVC,CVCUSDT,41.1,-1.43884892,1360479930.0685985,1790556102590,False,False,,1599159088.7926528,5467877829.353356,6612005577.792231,31106248063.232674,2120017815.5451925,0.29246430492792724,0.11108837728770843,0.16791527219736804,1,0.7246376811594235,9.4488188976378,감소형,387063.05573,-1.782,393017.29296,1048380.37939,1366992.46151,5646621.99966,755812.10383,0.37488043527548376,0.1462481559710476,0.17904436344887648,1,1.1482939632545985,8.44178684488217,감소형,,0.0,,10.7,관찰,10.7
2026-09-28T09:41:58+09:00,ATOM,KRW-ATOM,ATOMUSDT,2545.0,-0.23520187999999997,1300600142.1862738,1790556094514,False,False,,1352849862.5475645,1836383640.010355,1626712318.3985448,1063871956.418247,1526143841.5679188,0.7366923953536942,0.8965271378111063,0.8558745036331885,1,4.893092105263164,3.1540638900121376,감소형,4326167.29839,1.351,4273829.47847,4112897.81137,4767523.86585,2794095.53677,3571178.86895,1.0391285352762982,1.0982457090427298,1.0909878413826752,2,5.658263305322131,2.1668472372697645,중립,,0.0,,10.6,관찰,10.6
2026-09-28T09:41:58+09:00,CFX,KRW-CFX,CFXUSDT,75.8,-1.1734028699999999,146238004.22726503,1790556024256,False,False,,111867024.33442667,164835634.0395843,403867746.61056376,139601863.77749023,334909691.7722206,0.6786580158241904,0.4738085389646802,0.4414821217749215,1,4.211956521739135,4.211956521739135,감소형,1394268.12429,0.646,1314412.74002,1692207.18844,1802144.94216,1137405.78343,2360632.20551,0.7767445670950739,0.8513480827906799,0.7220749762758276,1,4.708935854653329,2.467343976777947,중립,,0.0,,10.6,관찰,10.6
2026-09-28T09:41:58+09:00,ONG,KRW-ONG,ONGUSDT,129.0,-1.52671756,1579812159.1146216,1790556088381,False,False,,1997772770.5581977,5347414116.075403,6209993635.70062,2762881478.364678,3721267476.097185,0.3735960460874894,0.4185193619595424,0.4597962701210688,1,3.9682539682539764,5.645161290322576,감소형,398167.55947,-0.722,440460.03624,944929.66237,1551278.22566,754212.99859,942023.54525,0.4661299711295674,0.40652584843990996,0.38280994360631593,1,3.4304207119741026,3.5532994923857864,감소형,,0.0,,10.4,관찰,10.4
2026-09-28T09:41:58+09:00,LINEA,KRW-LINEA,LINEAUSDT,4.08,-0.48780488,948221375.6515633,1790555902006,False,False,,920766905.2231573,1380578315.800216,1188108829.6634636,594235649.3743852,1388258948.8556542,0.6669428997147901,0.8733380151351106,0.8559078428436213,1,4.3256997455470625,4.859335038363155,감소형,1016524.741304,4.044,955986.056151,1093619.568089,909271.243243,1134813.949149,2034180.35075,0.8741486381973743,0.914030601149788,0.7599741076685967,1,5.146036161335199,4.09638554216869,중립,,0.0,,10.4,관찰,10.4
2026-09-28T09:41:58+09:00,SENT,KRW-SENT,SENTUSDT,29.9,-1.96721311,299212849.7032639,1790555771676,False,False,,293535332.5065201,568315142.5595218,521080633.07266086,1042542809.2756765,4897154485.106926,0.5165009877873825,0.4130541112926194,0.1887498713569751,1,3.3898305084745672,6.271777003484313,감소형,871065.6426,-6.975,847931.40606,2132161.79776,1767046.56559,1698928.26228,5556437.3114,0.397686238891822,0.45440016710805586,0.32515465459186416,1,3.840814437760298,4.761904761904767,감소형,,0.0,,10.4,관찰,10.4
2026-09-28T09:41:58+09:00,HIVE,KRW-HIVE,HIVEUSDT,79.7,-1.36138614,1059322491.0981671,1790556105515,False,False,,1252997828.2207923,7128125470.1953945,1930753153.80951,10119001102.891792,1141522182.4377542,0.1757822352398134,0.19600672953384118,0.2929878338010264,1,3.1928480204342247,7.161803713527837,감소형,333182.0758,-0.676,351933.6781,718556.7261,441699.4897,1548123.382,225614.2634,0.489778559321456,0.3898275689115443,0.5423024650094744,1,3.472222222222232,6.428571428571428,감소형,,0.0,,10.3,관찰,10.3
2026-09-28T09:41:58+09:00,POWR,KRW-POWR,POWRUSDT,94.6,-0.52576236,620857870.5235002,1790556113056,False,False,,652975185.9377671,1639108515.52632,889592822.0878876,1285140919.4390612,10935424031.639046,0.39837215154000705,0.5136357053547483,0.21154925251537912,1,1.3859275053304865,9.942196531791891,감소형,155701.0257,-1.551,158612.349,210354.5347,199611.0425,300476.8309,1125712.2561,0.7540239112325635,0.6697756800196848,0.41037287676686346,1,2.3255813953488413,8.809891808346237,중립,,0.0,,10.3,관찰,10.3
2026-09-28T09:41:58+09:00,BIO,KRW-BIO,BIOUSDT,43.2,-0.46082948999999995,291667208.54915416,1790555764731,False,False,,278258437.18871534,642930172.4192992,1368540983.820868,674603529.8236185,676170750.999676,0.43279729140981077,0.3107788908094132,0.36131646665481826,1,3.5799522673030992,7.96019900497511,감소형,1138343.812294,-1.122,1102242.56681,1604753.479124,3475737.284606,2714109.142674,2340262.089126,0.6868609921392351,0.4242331537393229,0.4594462375938439,1,3.9961013645224197,6.487025948103775,감소형,,0.0,,10.0,관찰,10.0
2026-09-28T09:41:58+09:00,TAO,KRW-TAO,TAOUSDT,428700.0,-1.01593166,4505219178.714617,1790556112310,False,False,,4391027473.88628,6108682892.241184,5240401253.689657,4071613239.594975,7212508003.220612,0.7188173868811314,0.8542468665537374,0.7120962932875216,1,7.202970297029698,2.4603737875561915,감소형,49282974.08894,-1.373,47054426.2516,58668835.2636,56025376.05486,48442023.51155,55735237.52064,0.8020344368553376,0.8653091626265244,0.7850591831508884,1,7.9311508606142445,1.5238095238095273,중립,,0.0,,9.9,관찰,9.9
2026-09-28T09:41:58+09:00,UP2,KRW-UP2,,92.1,-3.76175549,1492292755.6726465,1790556115808,False,False,,1398915526.0265374,3320237954.492803,4140424663.944608,9121690269.55546,22677085362.77111,0.4213299002059732,0.25308510839366094,0.16963484398047168,1,0.8429926238145313,12.853773584905671,감소형,,,,,,,,,,,,,,NO_DATA,,0.0,,9.9,관찰,9.9
2026-09-28T09:41:58+09:00,ALGO,KRW-ALGO,ALGOUSDT,162.0,0.0,3089195893.612325,1790556089072,False,False,,2848396924.686025,4804599451.429185,5397254106.955454,3808832316.582384,3629799137.10771,0.5928479477802745,0.6099052430634977,0.6421074447793187,1,4.516129032258065,7.284768211920523,감소형,3464617.5341,1.967,3491556.6524,3382384.093,5331410.7496,4241551.6487,4416722.3891,1.0322768072454982,0.8085210198148025,0.7979552153823267,2,5.5653710247349775,6.601248884924171,중립,,0.0,,9.8,관찰,9.8
2026-09-28T09:41:58+09:00,RED,KRW-RED,REDUSDT,229.0,-0.8658008700000001,439421764.73298734,1790556087989,False,False,,453305584.49506223,884460140.9396214,2204074590.0917773,640842412.1753476,1222816918.1502063,0.5125223438712402,0.3646498332737266,0.3801388936438766,1,5.000000000000004,7.943925233644866,감소형,602998.7229,0.416,606508.8524,554588.43753,1451062.03742,591737.59609,606538.96095,1.0936197211417547,0.7005216422940825,0.809683796410132,2,6.024844720496891,7.089084065244666,중립,,0.0,,9.5,관찰,9.5
2026-09-28T09:41:58+09:00,QUID,KRW-QUID,,98.8,-0.30272452,2554440519.8015203,1790556116920,False,False,,2572799367.912117,3557051525.6104727,1950152431.75513,1849882511.7334845,7600800215.63554,0.7232955017345623,1.0491106956748204,0.8065472858805998,1,4.64625131995775,10.726256983240212,감소형,,,,,,,,,,,,,,NO_DATA,,0.0,,9.4,관찰,9.4
2026-09-28T09:41:58+09:00,LINK,KRW-LINK,LINKUSDT,19040.0,0.21052632000000002,8965441039.228569,1790556109803,False,False,,8911153345.193707,13557068006.017862,18627353208.430157,11456517784.600773,10710856925.352594,0.6573068263165844,0.6125775624617933,0.6994950215806532,1,5.3215077605321515,8.63350485991996,감소형,30149666.30193,-0.927,28895608.03183,44634687.22463,82230887.10534,46880834.15198,54181103.02568,0.6473800944635058,0.49892728634155137,0.5343621529973019,1,6.073670675440579,7.496550666871071,감소형,,0.0,,9.1,관찰,9.1
2026-09-28T09:41:58+09:00,AXS,KRW-AXS,AXSUSDT,1575.0,-0.88105727,3143336528.839912,1790556092761,False,False,,3334933511.6849756,15160232801.627638,28879221532.56968,1975789494.4618082,3769543785.5264745,0.21997904354918146,0.21742361232091867,0.3156361593420563,1,8.39017735334242,4.402102496714844,감소형,1939911.11408,0.0,1929666.95195,5486527.02845,9670079.85353,1443065.25115,3361026.9165,0.351710096741317,0.3487418793227959,0.42641960657416683,1,9.01486988847584,3.621908127208484,감소형,,0.0,,9.1,관찰,9.1
2026-09-28T09:41:58+09:00,EUL,KRW-EUL,EULUSDT,2052.0,-0.48496605000000004,4818909012.460252,1790556106236,False,False,,1410705228.3242621,2036415440.3273146,894530364.2578365,1943014679.1289468,12026810982.079859,0.6927394088592839,0.8683114479721412,0.3748891734121883,1,5.419222903885479,9.914712153518114,감소형,1749056.79718,0.066,688931.24688,1280823.66631,558929.24953,887669.94263,3101157.90304,0.5378814156868154,0.7577826570682213,0.5028149005429647,1,6.058495821727017,9.019327129563347,감소형,,0.0,,8.9,관찰,8.9
2026-09-28T09:41:58+09:00,DOT,KRW-DOT,DOTUSDT,1704.0,-0.93023256,2036962017.4294581,1790556106276,False,False,,2054063317.6555839,3759517640.3333883,2988179751.944406,2591438912.4337125,4454398719.391595,0.5463635269639093,0.6598243940243151,0.6376486924183757,1,8.998732572877067,5.327617881200242,감소형,12602885.69078,1.698,12395495.1393,17276923.99882,13539404.31128,13005945.5901,16094070.9573,0.717459609137981,0.8485749850084865,0.8491175237174524,1,9.688581314878908,4.019688269072996,감소형,,0.0,,8.7,관찰,8.7
2026-09-28T09:41:58+09:00,ZKC,KRW-ZKC,ZKCUSDT,61.3,-0.8090614899999999,2428856505.7879176,1790556032140,False,False,,2417817042.4090457,3455438784.1736565,1580692279.7088804,4305029227.44298,3322372054.9508696,0.6997134643168768,0.7765042993602103,0.7408752984405621,1,7.853403141361248,7.66550522648084,감소형,780805.60248,2.268,776929.46989,825262.65865,417812.66952,982698.06784,1149829.64203,0.9414329628835194,1.0471813590045838,0.9004978734214484,1,8.571428571428562,6.2937062937062915,중립,,0.0,,8.6,관찰,8.6
2026-09-28T09:41:58+09:00,IO,KRW-IO,IOUSDT,230.0,-0.8620689699999999,222951174.70422295,1790555880004,False,False,,183613644.38910028,294453668.74039084,263662915.3313798,189923379.67554346,519390994.63632125,0.6235739740467822,0.7363790169817364,0.6116542698835737,1,7.906976744186056,7.407407407407418,감소형,1287397.870444,0.777,1308206.766022,2559451.696468,1929557.542863,1494302.5987,2205380.763772,0.511127741862565,0.6559277544453578,0.6764006620116916,1,8.444444444444454,6.285003111387688,감소형,,0.0,,8.6,관찰,8.6
2026-09-28T09:41:58+09:00,AVNT,KRW-AVNT,AVNTUSDT,173.0,-0.57471264,1078007394.6176825,1790555921325,False,False,,1195438873.5401845,5782477902.048407,1752719222.1020172,1150978016.5932298,2381212864.789187,0.20673470677971942,0.41287638834248924,0.434023986101568,1,9.433962264150942,7.407407407407418,감소형,765086.24677,0.157,831675.04443,3607849.00092,2062373.80492,626823.00318,1137267.31249,0.23051825179433041,0.39622153132760796,0.4216923572004967,1,11.398963730569944,7.321131447587348,감소형,,0.0,,8.1,관찰,8.1
2026-09-28T09:41:58+09:00,BABY,KRW-BABY,BABYUSDT,19.1,0.52631579,434661215.8206513,1790556101159,False,False,,442023890.03166485,896033971.0459964,215373224.33652237,356897057.9758629,605455744.7041986,0.4933115309407999,0.9031313960045642,0.7457724646439392,1,7.954545454545436,7.954545454545436,감소형,19775891.52638,1.662,20114796.07821,51266665.08328,62481594.10353,12561297.49116,61748014.22513,0.39235624251225576,0.4777499804585636,0.4533185237288471,1,10.21840873634945,7.452471482889744,감소형,,0.0,,8.0,관찰,8.0
2026-09-28T09:41:58+09:00,BEAM,KRW-BEAM,,2.93,-0.34013605,369055240.42928165,1790556041706,False,False,,359994157.64910626,560232484.8565059,999873776.6124752,5711145321.3826,538087147.03928,0.6425799420419412,0.1485277273989989,0.21874285177531516,1,6.521739130434789,13.513513513513509,감소형,,,,,,,,,,,,,,NO_DATA,,0.0,,7.7,관찰,7.7
2026-09-28T09:41:58+09:00,STEEM,KRW-STEEM,STEEMUSDT,89.7,-2.0742358100000002,2470329073.857881,1790556118767,False,False,,3083767269.9115906,20901412604.131207,10756260792.167986,36332726731.825714,1917377413.5040665,0.14753870125036803,0.13606776533600481,0.2169058042593047,1,7.009345794392519,14.786967418546372,감소형,914780.791409,-1.825,1033858.397974,1538584.647403,1289386.772879,3728518.166524,783302.98282,0.671954188363354,0.47305423929345936,0.6635132178978248,1,7.275615567911031,13.457661290322577,감소형,,0.0,,7.3,관찰,7.3
2026-09-28T09:41:58+09:00,ATH,KRW-ATH,,8.6,-1.4891179799999998,1500297768.1628556,1790556110168,False,False,,1366851252.7325058,1837788426.3344338,1420991113.4247174,2186292856.8161902,12795420198.684797,0.7437478836771014,0.7530760767802731,0.3520145590070864,1,8.04455445544554,13.376623376623375,감소형,,,,,,,,,,,,,,NO_DATA,,0.0,,7.2,관찰,7.2
2026-09-28T09:41:58+09:00,SOMI,KRW-SOMI,SOMIUSDT,294.0,-0.33898305,188888167.35539404,1790556079876,False,False,,206529955.53623167,420368634.5193351,148701151.869303,135297929.99869627,232961572.29158592,0.4913067688134858,0.8796397850068135,0.7882574465355541,1,8.455882352941169,13.899613899613893,감소형,376163.67442,-1.097,376117.86315,684427.35608,357866.81683,394628.36187,806392.75755,0.549536572156004,0.7852570769396114,0.6497542547153154,1,9.406438631790737,12.28704181724316,감소형,,0.0,,7.0,관찰,7.0
2026-09-28T09:41:58+09:00,POL,KRW-POL,POLUSDT,165.0,0.0,2498662642.4871774,1790556097071,False,False,,2439214404.6058927,3602430986.3148084,4454245326.758308,3746017336.532518,6316580413.86697,0.6771023272540592,0.619997725185571,0.5645761050636925,1,10.738255033557053,12.244897959183664,감소형,9531769.637434,2.516,9530285.679891,11368259.391063,13085919.904033,7918305.896612,13201410.952584,0.8383240874485238,0.8831838788514255,0.8881252794616541,1,12.195570260086374,11.366538952745842,중립,,0.0,,6.5,관찰,6.5
2026-09-28T09:41:58+09:00,OP,KRW-OP,OPUSDT,200.0,-0.49751244,597471836.2776536,1790556075200,False,False,,566818697.8174865,816831250.957464,1571187955.011534,1597657854.4682693,1923671876.0399952,0.6939238638985462,0.4266417142350974,0.3907430541414254,1,12.290502793296088,10.439560439560447,감소형,4534466.467706,2.368,4279659.367694,7384000.545402,9247184.815962,8142861.952457,13190211.13256,0.5795854620242321,0.518243060588625,0.43612838741984294,1,13.698630136986312,10.421286031042133,감소형,,0.0,,6.4,관찰,6.4
2026-09-28T09:41:58+09:00,SPK,KRW-SPK,SPKUSDT,32.6,-1.21212121,1461901725.0399916,1790556117317,False,False,,1600890459.0084813,3010280144.735454,6663872183.252292,465752301.2905843,1284345044.045714,0.5318077992867899,0.4736406852543796,0.6523188943731426,1,14.18685121107266,11.486486486486491,감소형,1885908.829904,-3.168,1911992.369416,2890252.318085,5449222.658569,1003479.965383,1352889.902704,0.6615312986524418,0.6139360773795418,0.8020040329476195,1,14.758822695705586,9.487965383575215,감소형,,0.0,,5.5,관찰,5.5
2026-09-28T09:41:58+09:00,OPG,KRW-OPG,OPGUSDT,179.0,0.56179775,693669121.2868693,1790556025567,False,True,거래량급등,801978487.778165,5097549420.003546,184430144.7257397,350458456.370961,1177705088.7889283,0.1573262800809898,0.42715702406690964,0.40725275579861725,1,2.8901734104046284,-3.2608695652173947,감소형,773400.5426,-3.302,784708.41184,2055370.71337,539048.84836,654244.29941,2577499.13906,0.3817843694743449,0.7246441417592233,0.45687520681238375,1,4.189723320158101,-3.372434017595305,감소형,,0.0,,3.5,관찰,3.5
2026-09-28T09:41:58+09:00,ELSA,KRW-ELSA,,82.1,4.71938776,2150962840.305715,1790556122020,False,True,거래량급등,1295423297.4916577,2422830825.4513936,531986137.5683196,643727038.1422617,605405122.6466119,0.5346734422740017,1.0799561965117257,1.316581454403994,1,-0.6337135614702172,0.9009009009009139,감소형,,,,,,,,,,,,,,NO_DATA,,0.0,,3.2,관찰,3.2
2026-09-28T09:41:58+09:00,GAS,KRW-GAS,GASUSDT,2011.0,-1.08214461,1667088044.4349241,1790556117693,False,True,"거래량급등,입금량급등",1752705454.3112159,12145465293.972284,1999638884.7185578,1619003174.0239973,1929827811.180036,0.14430945310766086,0.33354989567665644,0.44608453296654205,1,2.9888551165146993,3.4605597964376678,감소형,406486.6587,-1.133,418141.0687,1684242.4825,353208.402,404369.5972,448391.7133,0.2482665489350047,0.5137245819261326,0.6360810509769816,1,3.7370242214533,2.600958247775509,감소형,,0.0,,3.2,관찰,3.2
2026-09-28T09:41:58+09:00,ONT,KRW-ONT,ONTUSDT,81.2,-0.24570025,563327097.7804809,1790556040088,False,True,입금량급등,552688551.3363923,2928897578.1057897,738193729.7565117,743208674.072926,1153233650.631319,0.18870190458958738,0.3759530328550627,0.44315869919399964,1,3.5623409669211403,5.167958656330751,감소형,483494.01341,1.305,486092.97467,1133616.28373,484443.1094,622708.49006,889295.32869,0.4287985111422196,0.6507942812594968,0.6418336126620554,1,4.3568824856795585,3.9778623313732275,감소형,,0.0,,2.6,관찰,2.6
2026-09-28T09:41:58+09:00,TOKAMAK,KRW-TOKAMAK,,525.0,0.38240917999999996,366143509.81066924,1790556114766,False,True,거래량급등,335766775.29606783,2982323009.404212,194135864.6856406,209145573.5551036,392672787.112917,0.11258565025897212,0.29752451636483607,0.41446684934194183,1,3.155818540433919,6.085192697768771,감소형,,,,,,,,,,,,,,NO_DATA,,0.0,,2.3,관찰,2.3
2026-09-28T09:41:58+09:00,CBK,KRW-CBK,,308.0,3.3557047,2017779735.671684,1790556118391,False,True,거래량급등,1324405180.9486356,11160507175.796453,214565846.56875736,295594897.2345304,339719024.96521544,0.11866890635766482,0.3404445718289423,0.5404448252538417,1,3.114186851211076,4.195804195804187,감소형,,,,,,,,,,,,,,NO_DATA,,0.0,,0.3,관찰,0.3
2026-09-28T09:41:58+09:00,FIL,KRW-FIL,FILUSDT,1534.0,-0.77619664,6172020322.428477,1790556114437,False,True,거래량급등,6401116537.707158,18443857953.829006,3146047633.4990187,3185409877.1442676,5224206228.811191,0.3470595226731436,0.7751001048062941,0.9362244068076048,1,14.518518518518508,10.42857142857143,감소형,13008809.16614,0.0,12959961.239863,32737197.186611,14256010.626851,16441816.358158,26646111.401134,0.395878766468237,0.6129087870196376,0.5472402364941943,1,15.149374243035929,9.281609195402307,감소형,,0.0,,0,관찰,0
2026-09-28T09:41:58+09:00,WAXP,KRW-WAXP,WAXPUSDT,8.55,-1.6110471800000001,2603825037.26086,1790556119093,False,True,거래량급등,3247008281.521007,42462153497.91535,22824305048.547558,181620909.6402677,393643010.4519714,0.07646829032541688,0.14879044758132012,0.24537020667653728,1,13.89252948885975,15.558510638297873,감소형,572219.04728,-1.869,559065.29223,1877779.88597,2151077.76048,138000.26881,176323.56658,0.2977267444427892,0.40250853539971204,0.6199472805571311,1,14.438502673796783,14.03197158081706,감소형,,0.0,,0,관찰,0
2026-09-28T09:41:58+09:00,WLD,KRW-WLD,WLDUSDT,734.0,-0.54200542,105832425130.1126,1790556118012,False,False,,105492502626.24637,77697669029.96974,52565565893.37676,39959977333.64724,42745220250.78275,1.3577305978839023,1.8591912564835082,2.1922307587087633,4,23.0,16.77215189873418,연속 가속형,96707511.17937,3.998,96159565.92176,77863222.94531,54755881.21814,42902740.43698,82422997.68308,1.2349805503080842,1.6435486900333842,1.6256150284789361,4,23.767325607816403,15.549427238014424,연속 가속형,,0.0,,58.1,시동,58.1
2026-09-28T09:41:58+09:00,SUPER,KRW-SUPER,SUPERUSDT,270.0,-0.73529412,1915428716.307085,1790556092431,False,False,,1948985384.0434065,665389665.6627365,255317218.9796544,946627186.7872822,14373498003.060947,2.9290887499765907,3.131178422537783,0.5923645102866529,3,14.28571428571428,25.34562211981566,가속형,4747998.4931,-0.3,4827810.9989,2746411.684,1502376.7698,1732911.2682,11237284.1419,1.7578613676259034,2.421290547807274,1.3224561937966732,3,14.78510028653297,22.883435582822088,가속형,,0.0,,52.5,시동,52.5
2026-09-28T09:41:58+09:00,BIGTIME,KRW-BIGTIME,BIGTIMEUSDT,13.1,-0.75757576,3600391449.5370917,1790556108388,False,False,,3549424260.235683,1147267740.7328522,1669694652.512611,684288594.7464048,1136401114.5560539,3.0938063838249126,3.0412766229062416,3.359523538933952,2,15.78947368421051,14.782608695652177,고수준 유지형,1681787.57937,5.501,1672254.7728,282942.66406,493566.22312,207267.76227,459842.29385,5.910224880208898,5.0994952169323415,4.965537083404592,2,15.814506539833516,13.91812865497075,일회성 폭증형,,0.0,,52.3,시동,52.3
2026-09-28T09:41:58+09:00,PYTH,KRW-PYTH,PYTHUSDT,114.0,0.88495575,3728413831.019088,1790556120914,False,False,,3991614836.613909,3468921211.4411983,3047857447.5176573,2924728495.8141713,3915445426.674636,1.1506790132473352,1.2683191691262983,0.9124555726362977,4,21.244635193133043,25.13842746400887,연속 가속형,9899364.369798,-0.286,10497146.137928,5981839.472423,6176793.668346,5268351.977541,7792857.527181,1.754835813685925,1.8070502843717302,1.5078495215173748,2,22.175058548009364,24.026745913818726,고수준 유지형,,0.0,,45.5,시동,45.5
2026-09-28T09:41:58+09:00,META2,KRW-META2,,8725.0,-3.0555555599999997,28454807142.014347,1790556119096,False,False,,37052125116.073135,23733103758.412453,3502073588.454111,47771446057.41733,1312374597.4304364,1.5612001486716465,1.48195413022513,2.389054272337344,3,8.695652173913038,21.212121212121215,고수준 유지형,,,,,,,,,,,,,,NO_DATA,,0.0,,44.1,시동,44.1
2026-09-28T09:41:58+09:00,SC,KRW-SC,SCUSDT,1.56,-1.26582278,7327043361.126408,1790556119495,False,False,,10782846319.552984,1376351611.1847699,3556456943.0561314,955904669.1379834,4963779603.161496,7.834368944626773,5.49331199050948,4.623248784167203,2,14.492753623188426,21.53846153846155,일회성 폭증형,1306205.432638,-0.174,1694167.148409,614723.260837,3376942.058417,386682.489163,1121330.284613,2.7559834747464116,1.1608263362395113,1.4408856680685527,2,15.346534653465337,20.10309278350515,중립,,0.0,,35.2,시동,35.2
2026-09-28T09:41:58+09:00,RAY,KRW-RAY,RAYUSDT,2943.0,0.033990479999999997,5471184304.231826,1790556082450,False,False,,5359480776.789576,1455817016.1238296,1707500215.5006154,8675593003.523516,10542000417.475857,3.681424737745823,1.3581015491302761,1.126236011563554,2,2.5801952580195353,20.032639738882096,중립,11564358.80016,5.567,11415519.83473,6064212.77023,8179939.04153,17220642.34483,19261376.73571,1.882440519034928,1.0884088207841458,0.9806594632901937,2,3.2232032659261556,19.09195465250013,중립,,0.0,,31.2,시동,31.2
2026-09-28T09:41:58+09:00,IMX,KRW-IMX,IMXUSDT,253.0,-2.31660232,1479313713.946916,1790556070345,False,False,,1151696682.1553848,734383159.4712043,695058425.5296264,1420214291.307391,595886747.0028359,1.5682503980410838,1.2124586955188017,1.412412927694432,3,24.51923076923077,25.120772946859905,중립,2011377.226761,13.747,1686061.242208,922221.479567,1083131.136842,836509.928384,995978.850852,1.828260650575648,1.7798833148675164,1.8684310467076597,2,25.757575757575758,23.559870550161797,고수준 유지형,,0.0,,31.2,시동,31.2
2026-09-28T09:41:58+09:00,JTO,KRW-JTO,JTOUSDT,804.0,-0.37174721,7097883133.573523,1790556117665,False,False,,6966882506.618098,4522920033.734624,8337085133.595275,2877686035.285347,4143641074.957268,1.5403505820697583,1.3280631352317476,1.5678875319888812,2,20.808383233532936,15.121255349500707,중립,5792024.79946,-1.284,5687937.90967,7103124.16441,7928266.00227,2800244.30626,3999833.99673,0.8007656600132728,0.9569405291985327,1.1447864478275198,1,21.71428571428573,14.034416826003838,중립,,0.0,,27.9,시동,27.9
2026-09-28T09:41:58+09:00,NEAR,KRW-NEAR,NEARUSDT,7210.0,-1.09739369,79118604292.24571,1790556120554,False,False,,79909839221.04,31254861439.00797,72064149364.41997,73082410539.58403,90832970870.53133,2.5567171166949296,1.358999920964167,1.2011226026018353,2,16.3607342378292,22.72727272727273,중립,207843867.9908,3.859,209530185.3042,128880615.4841,259628294.889,248904564.2981,544327686.1423,1.6257695892990962,0.9861582487518777,0.7125228552594848,2,17.33827052929644,21.71260732037956,중립,,0.0,,26.2,시동,26.2
2026-09-28T09:41:58+09:00,SUI,KRW-SUI,SUIUSDT,1725.0,0.81823495,76012164819.33301,1790556118411,False,False,,72150280824.74692,37959648415.27883,92344810108.28906,27258664338.04493,37117718593.12104,1.900709933754452,1.3737404955114327,1.4835648082782806,2,23.71655820679681,24.526928675400296,중립,132471574.08172,8.46,125595106.63793,88530369.46325,182822564.77106,74510416.67574,114067847.02944,1.4186669207346527,1.0894051622479712,1.066616844289522,2,24.642540183413875,23.48573661586557,중립,,0.0,,24.4,시동,24.4
2026-09-28T09:41:58+09:00,KITE,KRW-KITE,KITEUSDT,205.0,-1.44230769,3457686718.051686,1790556106642,False,False,,3615246971.318374,4620954677.440816,1959462780.5447605,1645136779.0401716,3999601697.563446,0.7823593226239076,1.3185422649254575,0.8195498698290039,1,16.201117318435763,13.043478260869556,중립,4070626.88041,-0.199,4134543.50921,3781137.72426,2178491.51505,1569254.41002,3170506.19445,1.093465462176246,1.6474727337211281,1.238696962531101,4,16.98400609291697,11.223750905141184,연속 가속형,EARLY,5.0,Binance 연속가속 우위,24.0,시동,24.0
2026-09-28T09:41:58+09:00,MET2,KRW-MET2,,500.0,-3.8461538500000003,888608908.015729,1790556071062,False,False,,849874054.7980781,846374243.0733413,1242903949.3253098,2833595948.7933507,21603751334.595505,1.004135064072872,0.5179133350292967,0.15302047865533505,2,15.812917594654795,17.381489841986465,중립,,,,,,,,,,,,,,NO_DATA,,0.0,,23.6,시동,23.6
2026-09-28T09:41:58+09:00,ONDO,KRW-ONDO,ONDOUSDT,771.0,-3.01886792,81951109691.4952,1790556121285,False,False,,72093255782.74284,51648941979.017944,182249626730.641,212301739136.4852,51633687378.31411,1.3958321897867776,0.48471451844628644,0.6528892065118634,2,11.65730337078652,34.06408094435076,중립,35116900.56124,5.833,31087976.78357,23617885.69497,74727385.76855,119026781.55669,26871723.27862,1.3162895775294117,0.4290520747947247,0.5622745884700093,2,12.586206896551722,33.17471108089733,중립,,0.0,,21.9,시동,21.9
2026-09-28T09:41:58+09:00,DEEP,KRW-DEEP,,32.3,-0.61538462,6289209438.108389,1790556106284,False,False,,6313913085.301114,1404081062.7881067,6620882322.359408,1232392328.725216,830992587.3002938,4.496829458523908,2.046128488669605,2.857091387016645,2,19.485294117647058,22.180451127819545,일회성 폭증형,,,,,,,,,,,,,,NO_DATA,,0.0,,21.0,시동,21.0
2026-09-28T09:41:58+09:00,B3,KRW-B3,,1.18,2.60869565,9844604478.206453,1790556118017,False,False,,14135762584.19652,4878575540.299883,33742862659.562485,4519018857.223932,43335091960.85083,2.8975184390252577,0.9830050640509774,0.7959753862804556,2,18.31275720164609,34.18903150525088,중립,,,,,,,,,,,,,,NO_DATA,,0.0,,17.5,시동,17.5
2026-09-28T09:41:58+09:00,CFG,KRW-CFG,CFGUSDT,223.0,-1.32743363,3283764720.6868844,1790556049638,False,False,,3317633450.915733,4083906565.855541,3885777834.9190354,4720810978.725211,3044107824.47045,0.8123676184596351,0.7842798925584183,0.9561173900734121,1,10.2439024390244,20.85561497326203,중립,3738604.45548,-2.029,3654737.03126,2120588.16306,3471573.13969,3869004.77242,2915913.89841,1.7234544146404314,1.1588646691822282,1.27599832442114,2,10.49136786188578,19.712230215827333,중립,,0.0,,16.8,시동,16.8
2026-09-28T09:41:58+09:00,JUP,KRW-JUP,JUPUSDT,491.0,-2.57936508,3656174556.399304,1790556108369,False,False,,3529787836.045504,3701969898.403964,4706453927.904771,5739589855.251501,3115259946.378277,0.9534890701211014,0.7484699793539302,0.8775006945176675,1,22.330097087378633,24.444444444444446,중립,7266437.70579,6.919,7087091.53458,5451753.66575,8128637.36874,6371430.71717,6483993.13404,1.2999654733308692,1.0656307413116826,1.113151217689012,2,23.38308457711442,23.056566324842876,중립,,0.0,,11.8,시동,11.8
2026-09-28T09:41:58+09:00,ENA,KRW-ENA,ENAUSDT,366.0,-1.0810810800000001,33414745486.727043,1790556121280,False,False,,32886600909.365326,42380982587.99021,58634115789.54371,29841860937.01719,26144984028.471283,0.7759754234363747,0.7539515150351284,0.8850466794753142,1,20.915032679738555,27.586206896551737,중립,57537237.398428,-0.333,55822219.623208,77584468.569489,122704831.401416,48196978.041166,55802386.259145,0.7195025067834355,0.6739473109315468,0.7677014211105363,1,21.32680320569904,25.8660508083141,감소형,,0.0,,11.6,시동,11.6
2026-09-28T09:41:58+09:00,CPOOL,KRW-CPOOL,,50.8,3.2520325199999998,7991550062.931994,1790556121364,False,False,,4225574305.575965,26946587683.036934,3169764996.98009,14137399776.086727,86128004791.0223,0.1568129647909369,0.2864553221628428,0.15677152964984198,1,5.353319057815842,26.478149100257077,감소형,,,,,,,,,,,,,,NO_DATA,,0.0,,2.7,시동,2.7
2026-09-28T09:41:58+09:00,PROM,KRW-PROM,PROMUSDT,8555.0,-0.46538685,3553267238.0032606,1790556086486,False,False,,3859100346.707132,21579936425.72203,3893344132.355357,17867927015.01864,3388322516.7550354,0.17882816105553065,0.26711994631427816,0.3780898742650811,1,13.1665569453588,28.860569715142436,감소형,1613990.09217,0.558,1651019.69972,6768657.92465,4107157.00747,6768551.80743,3688866.66206,0.24392127924020807,0.2807161726046917,0.3017341615938063,1,13.704765317090661,27.577889447236203,감소형,,0.0,,2.0,시동,2.0
2026-09-28T09:41:58+09:00,CC,KRW-CC,,187.0,0.53763441,1878430711.251477,1790556111571,False,False,,1805957812.103909,4761875245.716115,3969138686.9737163,2608936747.0009675,2991076611.0929365,0.3792534913065157,0.47776869488637436,0.5463695918052935,1,19.23076923076923,19.23076923076923,감소형,,,,,,,,,,,,,,NO_DATA,,0.0,,1.6,시동,1.6
2026-09-28T09:41:58+09:00,AERO,KRW-AERO,AEROUSDT,1130.0,-0.96406661,785417367.6829295,1790556116554,False,False,,794691964.5867388,5832876685.539823,9569737373.453264,556927863.2984602,2030215695.5642734,0.1362435736995512,0.14938247634979107,0.2121912267513903,1,20.485744456177414,24.29193899782136,감소형,4805621.79051,-4.146,4818271.80995,13183278.97201,11766517.7364,4299156.80788,6555083.76461,0.3654835659762556,0.49419940517870115,0.6081576911999823,1,21.10791366906475,23.073548764439256,감소형,,0.0,,0.5,시동,0.5
2026-09-28T09:41:58+09:00,2Z,KRW-2Z,2ZUSDT,90.1,-2.06521739,9973468978.075403,1790556118367,False,True,"거래량급등,입금량급등",11479689720.476973,46377199389.2875,1816024776.7233481,4426320467.1560545,1010653498.5870003,0.24752873980416817,0.6544919649442091,1.0546668878423489,1,20.734908136482932,27.071823204419875,감소형,3166126.93893,-4.874,3276419.57963,14791129.08431,2270920.13317,3842032.20728,932822.46393,0.2215124728446546,0.4702076374065239,0.7260186097050552,1,21.54093671791204,26.14100185528756,감소형,,0.0,,0,시동,0
2026-09-28T09:41:58+09:00,W,KRW-W,WUSDT,21.1,-0.47169811,17903457298.436066,1790556114106,False,False,,17624755942.3373,1131367014.048889,836731873.5387086,521776961.02423143,1022270842.024354,15.578283371779207,21.235704525786172,20.88129323191443,4,31.677018633540357,28.48484848484849,연속 가속형,17919746.414232,17.857,17649365.554316,1820695.899841,1336199.940635,705149.893797,1213148.43817,9.693747075421713,13.709857496784684,14.852024536502123,4,33.56047700170357,27.89559543230016,연속 가속형,,0.0,,72.7,이미 발동,72.7
2026-09-28T09:41:58+09:00,SOON,KRW-SOON,,441.0,-0.8988764,127512570440.43939,1790556121652,False,True,거래량급등,111059257121.1353,2942006336.9793057,307195966.51245296,252653347.67808473,677391423.3565129,37.74949622819813,95.14320536087865,119.73595365913032,4,64.81481481481481,64.81481481481481,연속 가속형,,,,,,,,,,,,,,NO_DATA,,0.0,,64.0,이미 발동,64.0
2026-09-28T09:41:58+09:00,PUMP,KRW-PUMP,PUMPUSDT,6.9,-1.28755365,10703602228.563185,1790556119142,False,False,,10436854627.000069,7077553989.372783,4101793198.247136,3212175210.8482614,6006452055.01929,1.4746414711454556,2.1756255533002453,2.106824580109971,4,32.8897338403042,16.306156405990023,연속 가속형,47108370.608179,14.891,44401920.944388,32172533.501279,30642050.637338,23589540.330818,31396090.739447,1.380118881300499,1.541659772043461,1.492258950258386,4,33.79185050609914,14.964317573594998,연속 가속형,,0.0,,60.4,이미 발동,60.4
2026-09-28T09:41:58+09:00,GRT,KRW-GRT,GRTUSDT,47.7,-1.85185185,9923420228.924755,1790556122076,False,False,,9071361149.54614,731855728.3630054,1211123677.7500463,951787328.2330859,2101522100.2157292,12.39501283926097,9.401131747766014,7.493802518901487,2,36.13445378151259,42.10526315789473,일회성 폭증형,9319275.1128,28.922,8625115.02899,1125552.21867,2674194.94095,2025342.67638,3667964.17778,7.66300744285485,4.442050820754072,3.7782064616293733,2,37.02857142857143,41.335952848723004,일회성 폭증형,,0.0,,30.0,이미 발동,30.0
2026-09-28T09:41:58+09:00,SEI,KRW-SEI,SEIUSDT,110.0,2.8037383200000003,12302947419.125254,1790556119487,False,False,,10291383553.012356,9321732754.902367,20394772206.696033,5879647499.848794,6985581769.358609,1.104020445941238,0.8673451630053459,0.8624034343849559,2,25.5868544600939,29.539951573849898,중립,13330499.54895,13.949,10643171.503871,14069172.026541,22171877.136968,7059718.354956,8530981.551834,0.7564888313109704,0.7373891120520463,0.8145628162460232,1,26.448000000000004,28.35796654214715,중립,,0.0,,16.3,이미 발동,16.3
2026-09-28T09:41:58+09:00,IRYS,KRW-IRYS,,26.5,16.740088110000002,9122466416.23546,1790556123498,False,False,,295724527.42604685,392244077.4361227,664229774.6971644,358642660.6908418,563392125.7704713,0.7539298728460874,0.6269261747978759,0.5854173818969541,1,0.4424778761061843,3.65296803652968,중립,,,,,,,,,,,,,,NO_DATA,,0.0,,14.0,이미 발동,14.0
2026-09-28T09:41:58+09:00,ARK,KRW-ARK,ARKUSDT,327.0,-2.3880597,25213101022.72801,1790556120557,False,False,,26498691902.278065,55885811049.05972,52682106069.79903,12628264103.34839,3392887772.0143294,0.4741577764527031,0.6559288824544902,1.044547239274677,1,26.415094339622634,58.01886792452831,감소형,2339000.3871,-8.608,2379822.6635,8592370.0907,13545476.7111,4416067.3941,744307.8361,0.2769692923348139,0.26886687732094705,0.4284980877876002,1,27.357032457496146,56.65399239543727,감소형,,0.0,,0,이미 발동,0
2026-09-28T09:41:58+09:00,EDGE,KRW-EDGE,,164.0,-5.74712644,21270176902.69445,1790556122033,False,True,"거래량급등,입금량급등",22661913821.031116,50292055955.15759,14228712507.995514,993838171.4625647,2265532510.5811124,0.4506062317523345,1.0377188379113615,1.6484472885714079,1,47.457627118644076,56.75675675675676,감소형,,,,,,,,,,,,,,NO_DATA,,0.0,,0,이미 발동,0
2026-09-28T09:41:58+09:00,KMNO,KRW-KMNO,KMNOUSDT,64.5,-1.97568389,3633975195.95263,1790556106233,False,True,거래량급등,3981742006.335139,15492312873.99916,3889318693.153313,1784476065.7613142,2653405455.862969,0.25701404552819995,0.5643562919632097,0.8139893763535184,1,27.27272727272727,43.04347826086956,감소형,2022383.06544,-2.5,2208147.23103,4322522.20685,3491120.48963,2152592.6384,3565962.78858,0.5108469373577071,0.6646884676609698,0.7330516472752016,1,28.326745718050073,42.18978102189781,감소형,,0.0,,0,이미 발동,0
2026-09-28T09:41:58+09:00,SOPH,KRW-SOPH,SOPHUSDT,5.21,-0.76190476,1550563662.0953627,1790556076277,True,False,,1608623818.9112577,1412164280.628409,1791869991.560728,4613225693.404075,3045125179.522937,1.1391194643412343,0.6173354190565878,0.3520113371615662,2,-1.6853932584269593,0.190839694656475,중립,332799.71261,-3.636,331077.18013,607166.49403,566674.12096,957325.82572,1490555.78654,0.5452823622273886,0.4660506666288834,0.22822625233875327,1,-2.088772845953013,-3.598971722365041,감소형,,0.0,,0,유의종목,0
2026-09-28T09:41:58+09:00,MANTRA,KRW-MANTRA,MANTRAUSDT,6.93,-1.42247511,1484530644.5698242,1790556105151,True,False,,1633788795.185256,4180910332.930153,38492457450.42491,2991482478.067636,774887559.6126161,0.3907734596260116,0.10733346014486778,0.17201080431947072,1,-4.092769440654842,7.8220858895705625,감소형,493934.14282,-1.875,509941.64063,835752.80688,2186291.42177,1886172.0057,714683.74528,0.610158454069325,0.31168653719523753,0.40070652608660345,1,0.0,3.04347826086957,감소형,,0.0,,0,유의종목,0
2026-09-28T09:41:58+09:00,SAND,KRW-SAND,SANDUSDT,61.1,-0.9724473299999999,1356824394.095912,1790556103726,True,False,,1340190107.479589,2235041380.468845,5942227861.32193,2029361352.03652,5944895723.500585,0.5996265300459257,0.3939174917205589,0.36732389471254007,1,4.931972789115657,6.563039723661501,감소형,1307640.44369,0.671,1293294.2342,1801513.63781,4095841.40309,1953205.61442,3940830.16572,0.7178931133556036,0.4942172760579544,0.44243725293433417,1,6.554307116104852,5.2728954671600325,감소형,,0.0,,0,유의종목,0
2026-09-28T09:41:58+09:00,EGLD,KRW-EGLD,EGLDUSDT,6615.0,-1.26865672,1216269248.011125,1790556114439,True,False,,1194750422.935048,2725265739.736606,8669285212.33961,92211240860.45322,2595424439.9131804,0.43839776999160435,0.0345950859126747,0.05549796254618957,1,-12.873862158647597,10.652353426919902,감소형,478839.42321,-0.361,471722.15588,489103.46102,739418.72465,990387.58821,3029233.72257,0.9644629275291731,0.6377755798359619,0.34554259018528843,1,8.450379921713091,6.512890094979662,중립,,0.0,,0,유의종목,0
2026-09-28T09:41:58+09:00,RVN,KRW-RVN,RVNUSDT,3.35,0.2994012,847917709.3613229,1790556113428,True,False,,815590032.0764959,729312151.3701749,1294438833.3449526,1992025259.1813576,1917711221.0750299,1.1183003471753883,0.6092894493183715,0.3306251478019889,2,-1.183431952662728,-0.29850746268657025,중립,459450.0986058,-0.041,457867.6334544,441414.0288915,813387.625776,773755.9670804,1231175.8493321,1.0372747658342873,0.677132799008016,0.5209585590827736,2,1.9222732971165835,-0.448979591836729,중립,,0.0,,0,유의종목,0
2026-09-28T09:41:58+09:00,ICX,KRW-ICX,,19.6,-1.01010101,598536917.143609,1790556067476,True,False,,573091450.0530171,490681587.1460156,1806613109.393738,820791151.5531006,1115014111.2166288,1.1679497765268259,0.5513877532302802,0.49402119543167144,2,-0.5025125628140614,0.5076142131979822,중립,,,,,,,,,,,,,,NO_DATA,,0.0,,0,유의종목,0
2026-09-28T09:41:58+09:00,ZIL,KRW-ZIL,ZILUSDT,4.65,0.21551724,489290613.29226637,1790556096377,True,False,,464567523.5296199,753082291.889733,6935308182.743683,2069883485.6802201,1375602171.1410267,0.6168881256839356,0.1428226524749122,0.1765319573265524,1,0.0,0.6507592190889255,감소형,414440.9026312,0.693,410873.6653161,587220.3951316,852608.2694845,409336.4625708,1299022.2905563,0.6996924301718446,0.666582436487683,0.4547163846899552,1,1.1758417958311007,-2.6234567901234573,감소형,,0.0,,0,유의종목,0
2026-09-28T15:48:56+09:00,SUN,KRW-SUN,SUNUSDT,22.8,-0.43668122000000004,1028158193.8090934,1790576827581,False,False,,985362355.1879239,377744687.9281972,326224635.72143286,273408579.08883953,627441619.5556046,2.608540600775369,3.024507774609237,2.19791498322273,4,-2.9661016949152685,-1.7167381974249052,연속 가속형,1144842.33547,-1.461,950915.03817,385648.88753,493542.55529,704271.45937,1058520.72397,2.465753354717061,1.8015863273869732,1.2088449898557596,2,-1.909722222222221,-2.3054755043227737,고수준 유지형,,0.0,,79.2,발사 전,79.2
2026-09-28T15:48:56+09:00,ESP,KRW-ESP,ESPUSDT,135.0,-4.92957746,2375416341.6051197,1790578017455,False,False,,11375178549.93428,11264305851.511736,1257248227.1640294,1138982721.04665,721548807.202768,1.0098428345149795,2.4981108832045513,3.772302910473505,5,6.766917293233088,11.811023622047244,연속 가속형,1321327.01657,-3.407,3493980.78611,2611907.3122,622218.02973,571953.46213,840295.40247,1.33771239499576,2.7540003499530172,3.3732977443525995,4,7.0437017994858575,9.406200735680503,연속 가속형,,0.0,,77.0,발사 전,77.0
2026-09-28T15:48:56+09:00,FOLD,KRW-FOLD,,85.0,-9.18803419,9594794360.977163,1790578125068,False,True,거래량급등,25698031405.360714,14492592348.077728,1701281137.632876,1551151032.7012749,5249694619.795462,1.7731838989295283,4.344547066480008,5.014657342304209,4,14.42542787286063,14.846625766871169,연속 가속형,,,,,,,,,,,,,,NO_DATA,,0.0,,70.7,발사 전,70.7
2026-09-28T15:48:56+09:00,GEOD,KRW-GEOD,,350.0,-4.89130435,1615340409.750933,1790578128432,False,False,,3393315658.6610503,1220507833.774974,637106243.2519096,1092495234.6777556,2025961421.1696436,2.7802489789563105,3.450701618273578,2.7170830069743044,3,4.545454545454541,7.917888563049846,가속형,,,,,,,,,,,,,,NO_DATA,,0.0,,69.3,발사 전,69.3
2026-09-28T15:48:56+09:00,AZTEC,KRW-AZTEC,,25.7,4.89795918,6020536643.726884,1790578140093,False,True,거래량급등,3835294598.569169,606107054.9573615,272637604.19872695,250071331.86229235,509177249.7179386,6.327751124492314,10.192878101706619,9.285143747702257,4,9.865470852017943,11.363636363636353,연속 가속형,,,,,,,,,,,,,,NO_DATA,,0.0,,69.1,발사 전,69.1
2026-09-28T15:48:56+09:00,FLUID,KRW-FLUID,,1932.0,-5.57184751,620618606.7120597,1790578133181,False,False,,522627513.5447782,274944161.92958355,273941140.80621785,124217697.37550235,333588349.1137448,1.900849648441087,2.3293352434546732,2.022139472082669,4,7.232704402515733,7.008368200836812,연속 가속형,,,,,,,,,,,,,,NO_DATA,,0.0,,68.7,발사 전,68.7
2026-09-28T15:48:56+09:00,XCN,KRW-XCN,,6.67,-2.34260615,1100586425.2306135,1790578125425,False,False,,4529084564.505775,1035243575.9021567,616167530.56629,3041938854.4936404,3471930526.9087267,4.374897531297339,2.8950011839159937,2.6062604757626944,3,-1.157742402315487,9.105431309904155,가속형,,,,,,,,,,,,,,NO_DATA,,0.0,,67.2,발사 전,67.2
2026-09-28T15:48:56+09:00,AHT,KRW-AHT,,1.63,-2.39520958,406433382.030381,1790578060920,False,False,,343667660.808783,239721415.9712518,163901230.7816942,136327190.98387405,301883883.05296075,1.433612676682991,1.9094421562339203,1.7452615281228636,4,1.8292682926829285,3.0864197530864113,연속 가속형,,,,,,,,,,,,,,NO_DATA,,0.0,,66.7,발사 전,66.7
2026-09-28T15:48:56+09:00,ARX,KRW-ARX,,325.0,-4.69208211,47082075451.3819,1790578138549,False,True,"거래량급등,입금량급등",41713138805.01888,2571272303.087813,1526690452.5326693,4827116787.914237,2371809956.193425,16.22276207577316,14.021098165529176,11.797605686486687,3,-1.1594202898550732,14.046822742474907,가속형,,,,,,,,,,,,,,NO_DATA,,0.0,,64.9,발사 전,64.9
2026-09-28T15:48:56+09:00,MMT,KRW-MMT,MMTUSDT,246.0,-0.40485829999999995,7134199299.245262,1790578135165,False,True,거래량급등,5015776659.559391,591563442.2212769,533076983.26801175,820621231.7090731,1300878533.890594,8.47884825459383,7.735375815894042,6.092156654537069,3,5.555555555555558,6.926406926406936,가속형,2802794.81864,2.45,2011355.28126,460386.72111,379828.81436,512169.90532,1246728.72979,4.368838606835986,4.461794442459528,3.089823839346397,3,6.896551724137945,5.783689994216323,가속형,,0.0,,64.5,발사 전,64.5
2026-09-28T15:48:56+09:00,PIEVERSE,KRW-PIEVERSE,,2048.0,-2.61531146,2199306035.459362,1790578133151,False,False,,2377992513.77992,816502260.2305021,771434779.5047857,1021020419.8879246,1307374121.4384334,2.91241387759123,2.734416966066612,1.8965313761255735,3,-4.53926463912846,-12.702366127023657,가속형,,,,,,,,,,,,,,NO_DATA,,0.0,,64.4,발사 전,64.4
2026-09-28T15:48:56+09:00,COW,KRW-COW,COWUSDT,208.0,-3.7037037,3916006888.894431,1790578120365,False,True,"거래량급등,입금량급등",19336877656.45499,336694762.9016514,307617798.7079198,396618244.6530735,416311128.8220103,57.43147737080572,55.72957647170247,57.21834336468432,3,10.20408163265305,2.857142857142847,가속형,1273974.46077,-6.707,4700499.39913,425902.24064,409844.50155,612222.78088,515618.36643,11.036568842809082,9.738808706064377,9.252980954146548,3,11.265646731571621,2.2364217252396124,가속형,,0.0,,63.8,발사 전,63.8
2026-09-28T15:48:56+09:00,TRUST,KRW-TRUST,,86.0,-4.3381535,27118489966.431244,1790578131438,False,True,거래량급등,25986025236.140594,1005002350.3405551,525975307.1376437,665071344.8213401,721275844.0710351,25.85668105884028,35.49924233329489,26.185101224678068,3,9.234507897934407,5.640423031727404,가속형,,,,,,,,,,,,,,NO_DATA,,0.0,,63.5,발사 전,63.5
2026-09-28T15:48:56+09:00,T,KRW-T,TUSDT,7.43,-7.471980070000001,3662842159.425606,1790578136814,False,False,,10410323084.293438,5415883989.6512375,2105069605.701688,3262242952.0365148,9992842013.607557,1.9221835445858255,2.8962626356320267,2.2546764030776942,3,5.38057742782152,11.682892906815013,가속형,623723.32102,-5.852,1527840.209048,813472.954541,412870.107776,902794.912274,1636364.876929,1.8781696435256166,2.1527588544488188,1.65161931608115,3,5.913978494623673,10.467289719626184,가속형,,0.0,,63.0,발사 전,63.0
2026-09-28T15:48:56+09:00,IN,KRW-IN,,51.9,-6.9892473100000005,9459018144.67868,1790578126430,False,True,"거래량급등,입금량급등",25811537238.671104,2474954558.2258844,911806275.5038447,1465270296.4348595,3770871642.2945056,10.4290954162704,15.9592157673124,5.39282351721284,3,12.273641851106621,10.05917159763312,가속형,,,,,,,,,,,,,,NO_DATA,,0.0,,61.5,발사 전,61.5
2026-09-28T15:48:56+09:00,MOCA,KRW-MOCA,,14.1,-3.4246575299999997,399615080.20612866,1790578123737,False,False,,484934326.20286804,191501365.7372173,166581706.18616933,194407096.8372007,494665611.5166454,2.532276071954006,2.633174418057418,1.8362119136067188,3,4.285714285714293,3.546099290780136,가속형,,,,,,,,,,,,,,NO_DATA,,0.0,,61.0,발사 전,61.0
2026-09-28T15:48:56+09:00,MLK,KRW-MLK,,59.1,-3.4313725500000003,456049155.8238709,1790578138579,False,False,,435520315.5903159,344391630.55574757,290523472.05161804,253517901.9892675,554763115.3993033,1.2646077225730288,1.4706353095967581,1.0945411479153389,4,1.830282861896837,2.5125628140703515,연속 가속형,,,,,,,,,,,,,,NO_DATA,,0.0,,60.0,발사 전,60.0
2026-09-28T15:48:56+09:00,ANIME,KRW-ANIME,ANIMEUSDT,4.46,-4.29184549,594770024.3958236,1790578094132,False,False,,1136106584.7464838,493091298.7290356,390908613.1037221,667551791.5967109,1163195125.3474052,2.30404914399189,2.1967168394748815,1.3710696177722874,3,0.6479481641468832,-2.1008403361344463,가속형,337138.448347,-5.46,392374.113016,156442.574613,165124.054083,201649.051487,311153.314687,2.5081031425533356,2.249784139948347,1.7263216598632283,2,1.7699115044247815,-2.5423728813559365,고수준 유지형,,0.0,,57.2,발사 전,57.2
2026-09-28T15:48:56+09:00,LAYER,KRW-LAYER,LAYERUSDT,110.0,-3.50877193,3071782607.9243245,1790577986082,False,False,,1350579788.9927747,1026309590.0710856,670782290.8856579,672995809.8412343,1444919044.3070695,1.3159574869598842,1.709531416373103,1.4743425710133446,3,6.542056074766345,7.547169811320753,가속형,1175351.427029,-2.542,666666.772354,423824.055424,334884.443716,311872.887143,464393.371591,1.5729800227763298,1.8681441156060932,1.7324244164109155,4,8.58974358974358,7.351077313054488,연속 가속형,EARLY,5.0,Binance 연속가속 우위,55.1,발사 전,55.1
2026-09-28T15:48:56+09:00,LPT,KRW-LPT,LPTUSDT,2325.0,-4.8690671,469331801.3544683,1790577900738,False,False,,1032380302.4272715,479214082.84828466,329803739.3906603,584352637.4498216,2199737303.010241,2.1543196232697417,2.2227691750933305,1.2451520765253965,3,9.058456046407848,4.533789563729673,가속형,1448628.13033,-3.98,1687486.65687,1307100.89314,1436612.11208,2013358.4461,2733593.65007,1.2910148449338241,1.06419674844389,0.9751119635060934,2,9.945088468578401,3.089244851258588,중립,,0.0,,52.8,관찰,52.8
2026-09-28T15:48:56+09:00,FCT2,KRW-FCT2,,12.9,-0.76923077,473073113.08152187,1790578108024,False,False,,288300257.7328749,205599583.94292477,138354121.38492206,203811181.51823166,225194179.05446297,1.4022414452594814,1.5789635187800217,1.3286463256516041,3,0.0,2.3622047244094446,가속형,,,,,,,,,,,,,,NO_DATA,,0.0,,51.8,관찰,51.8
2026-09-28T15:48:56+09:00,ERA,KRW-ERA,ERAUSDT,93.0,-3.8262668,1668797099.5726163,1790578062647,False,False,,1861528691.5905914,725638871.1664078,742092960.1718245,676731388.6100804,1492755003.0251193,2.5653651775825206,2.6041883221976536,2.1010227107985098,2,3.5331905781584627,4.2025862068965525,고수준 유지형,885489.32709,-3.385,1056425.17058,425282.69015,504428.99915,386374.36391,731751.98087,2.4840540070121166,2.4081066006360126,1.9986924539787752,2,4.2397660818713545,3.3333333333333215,고수준 유지형,,0.0,,49.2,관찰,49.2
2026-09-28T15:48:56+09:00,SLX,KRW-SLX,,91.4,-5.87023687,6663337376.184712,1790578138916,False,False,,6586882409.107595,4607809296.074293,3562415701.9781637,4986684453.448385,19107787809.89808,1.429504127855163,1.5019216557022543,0.9171801046778153,3,-0.6141248720573311,5.543478260869561,가속형,,,,,,,,,,,,,,NO_DATA,,0.0,,48.8,관찰,48.8
2026-09-28T15:48:56+09:00,ANKR,KRW-ANKR,ANKRUSDT,6.69,-4.7008547,788579788.6569921,1790578056448,False,False,,3181360754.9715753,1174035776.8162823,3396157630.458345,218008019.4884472,522172817.4039794,2.709764742943951,1.9932499521781244,2.680360197920453,2,4.6199701937406745,1.0071942446043147,고수준 유지형,303899.516551,-5.019,938096.641569,384982.544994,1037782.350401,280593.996057,394541.460236,2.436725128885052,1.6522002138421956,1.8304301971048074,2,5.284552845528445,-0.38461538461538325,고수준 유지형,,0.0,,47.5,관찰,47.5
2026-09-28T15:48:56+09:00,BLEND,KRW-BLEND,,90.3,-3.62860192,733022220.481685,1790578044027,False,False,,703250963.5124041,496851075.13511527,444289202.3914961,515476211.5431836,933411207.7961878,1.4154160043251587,1.4483928380383189,1.1878901874876129,3,-0.31914893617021045,1.1879049676025932,고수준 유지형,,,,,,,,,,,,,,NO_DATA,,0.0,,45.3,관찰,45.3
2026-09-28T15:48:56+09:00,MEGA,KRW-MEGA,MEGAUSDT,56.1,-5.71428571,1056541072.3952819,1790578075098,False,False,,904424928.8728448,680991238.7441318,581382344.569024,730792229.8956327,1384555697.1908326,1.328100682382881,1.3612890451148398,0.9824209809225888,3,-3.0944625407166138,-4.800000000000004,중립,1770455.062805,-7.466,1415751.092026,1387680.45736,1945548.435377,1934186.230112,3282502.051348,1.0202284571474063,0.8063259069243013,0.6050350940542016,2,-2.2924549298909302,-5.713058419243977,중립,,0.0,,43.9,관찰,43.9
2026-09-28T15:48:56+09:00,BTT,KRW-BTT,,0.000501,-2.52918288,1823592167.8947642,1790578087085,False,False,,1454488743.0162747,975497707.2225146,652159722.7495574,1509297891.038131,10991623469.202335,1.4910222056365126,1.3909876879099585,0.1676204540946552,3,0.5870841487279899,0.7843137254901933,중립,,,,,,,,,,,,,,NO_DATA,,0.0,,43.7,관찰,43.7
2026-09-28T15:48:56+09:00,WCT,KRW-WCT,WCTUSDT,56.4,-5.05050505,960547208.5894543,1790578003379,False,False,,734146555.6611935,672667242.9781916,437472528.51433104,451220702.5853356,818351594.4625832,1.0913963231074046,1.4105901254381021,1.0403687999895386,3,2.4137931034482696,-1.655629139072845,고수준 유지형,640282.088305,-5.26,884896.550629,714658.11011,549165.873911,660777.316205,896342.574492,1.2382096251490058,1.379345244947755,1.2022431704137229,3,2.749706227967108,-3.1028368794326244,중립,,0.0,,43.6,관찰,43.6
2026-09-28T15:48:56+09:00,VVV,KRW-VVV,,38290.0,-3.6244651400000003,3504159659.0137124,1790578064645,False,False,,3446086691.2242074,885237193.7668076,1912443219.3261023,2301540555.914533,3257964036.982668,3.89283992526413,2.027419509079434,1.4542830698125784,2,-6.075650118203313,-7.453994875378522,고수준 유지형,,,,,,,,,,,,,,NO_DATA,,0.0,,43.5,관찰,43.5
2026-09-28T15:48:56+09:00,RE,KRW-RE,REUSDT,632.0,-4.81927711,2822190889.0858226,1790578138904,False,False,,3506531385.8571577,2867501867.24106,2027687767.8427677,2551831665.5209427,4504310120.534931,1.222852346119284,1.412590851152417,1.2484403094330092,3,3.4267912772585563,4.731861198738163,고수준 유지형,1276894.89942,-6.387,1743439.12579,2337986.11263,1443077.61719,1512523.62555,3410339.7021,0.7457012325145105,0.9880478069497017,0.8305165378484426,1,4.104636324968092,3.7955894826123826,감소형,,0.0,,43.3,관찰,43.3
2026-09-28T15:48:56+09:00,PRL,KRW-PRL,,159.0,-4.2168674699999995,2212968493.110345,1790578136137,False,False,,2036659418.3975313,1606130806.212406,1197459194.4558792,1726664075.631089,2575765115.471831,1.2680532684634835,1.3487054262933633,1.1564997465851372,3,2.4691358024691468,2.4691358024691468,중립,,,,,,,,,,,,,,NO_DATA,,0.0,,43.2,관찰,43.2
2026-09-28T15:48:56+09:00,POKT,KRW-POKT,,12.2,-4.6875,983716529.4523025,1790578117231,False,False,,640579899.9761405,530477166.2463315,389865355.95711,437220023.1756466,930469888.0438541,1.207554143204501,1.4155809663942898,1.137235981684282,3,4.065040650406493,4.918032786885251,고수준 유지형,,,,,,,,,,,,,,NO_DATA,,0.0,,42.5,관찰,42.5
2026-09-28T15:48:56+09:00,VANA,KRW-VANA,VANAUSDT,1492.0,-5.14939606,960234414.01987,1790578114577,False,False,,570330580.8217007,520481662.09814745,410509430.81426674,515170172.2216138,784802475.1400633,1.0957745917936936,1.1831265182631827,0.9589989001770495,3,0.4469987228607808,0.7042253521126751,중립,359339.98042,-5.436,287243.71728,409379.6077,296423.7553,328720.89863,831286.70857,0.7016561447547647,0.8329733615741919,0.6039396448512,1,1.5761821366024442,-0.3436426116838476,감소형,,0.0,,42.2,관찰,42.2
2026-09-28T15:48:56+09:00,MVL,KRW-MVL,,1.54,-1.9108280299999998,343261750.8455493,1790577823407,False,False,,203450499.01969174,103655202.53699721,177544188.166818,64364446.52457794,203273432.17325035,1.9627620615287014,1.7662481756031556,1.531798481405514,2,0.0,0.0,고수준 유지형,,,,,,,,,,,,,,NO_DATA,,0.0,,41.8,관찰,41.8
2026-09-28T15:48:56+09:00,GAME2,KRW-GAME2,,1.59,11.188811190000001,8861198007.537529,1790578120703,False,False,,359450489.8094554,121854175.78458758,137201729.71968195,148620032.5038228,313459664.05012065,2.949841377983532,2.6451192451955823,2.16701892307341,2,2.877697841726623,1.4184397163120588,고수준 유지형,,,,,,,,,,,,,,NO_DATA,,0.0,,41.7,관찰,41.7
2026-09-28T15:48:56+09:00,IOST,KRW-IOST,IOSTUSDT,1.26,-5.2631578900000004,2288564299.00334,1790578123064,False,False,,2882587196.5004644,1967976181.589408,1804204618.5581985,2517950308.568976,5258975556.2138605,1.4647469941289553,1.374814203398354,0.9491480722629493,3,4.7244094488189115,5.555555555555558,중립,882319.748786,-5.107,939052.572782,1138678.630271,994238.752473,871373.421503,2227265.337177,0.8246862177070188,0.9377113941045718,0.6943160399243623,1,5.717367853290178,4.8128342245989275,중립,,0.0,,41.1,관찰,41.1
2026-09-28T15:48:56+09:00,META,KRW-META,,11.7,-3.3057851200000004,234401567.99515954,1790577460165,False,False,,213348513.98260647,132784484.93596867,155690118.2106462,71827156.00219592,220086717.60263973,1.6067277294142264,1.776415256644555,1.318646534487227,2,-0.8196721311475419,0.0,고수준 유지형,,,,,,,,,,,,,,NO_DATA,,0.0,,40.8,관찰,40.8
2026-09-28T15:48:56+09:00,KNC,KRW-KNC,KNCUSDT,190.0,-4.52261307,350475314.0847213,1790578091132,False,False,,282367681.0104984,146886638.6811493,228116197.21627834,114895018.94992566,327602306.9582442,1.9223510289689545,1.7291421765776929,1.4028082470436665,2,0.5050505050504972,-1.4851485148514865,고수준 유지형,271113.72224,-5.507,182999.15179,112069.98673,385954.07387,225229.87089,312880.22219,1.632900628701627,0.7590659814859101,0.7732422279244898,2,1.031636863823926,-2.5862068965517127,중립,,0.0,,40.7,관찰,40.7
2026-09-28T15:48:56+09:00,BREV,KRW-BREV,BREVUSDT,117.0,-4.87804878,435075757.9285121,1790577908888,False,False,,312734147.50547904,291500795.6545754,238577412.48295832,424146050.858519,899154086.7775248,1.072841488487959,0.9832095900637946,0.27107000807505494,3,1.6528925619834656,1.6528925619834656,중립,283938.56719,-6.037,228717.56897,163942.35967,258923.4015,198807.07642,387067.17133,1.3951096557984537,1.1037199398480477,0.6185772717205863,2,2.8441410693970326,0.22172949002217113,중립,,0.0,,40.1,관찰,40.1
2026-09-28T15:48:56+09:00,ALT,KRW-ALT,ALTUSDT,10.2,-5.55555556,305791727.7703615,1790577957818,False,False,,193897019.53793445,184067916.77096668,151369530.6561429,203614084.65303737,690332237.8898102,1.0533993263975383,1.0791010209526994,0.5917284274488755,3,1.8867924528301883,3.8461538461538547,중립,739765.57667,-6.667,611606.01679,1399402.72688,732118.38666,697349.20714,1085963.3964,0.43704789553582585,0.648604510767729,0.6920706697247895,1,2.423469387755106,3.7467700258398073,감소형,,0.0,,40.1,관찰,40.1
2026-09-28T15:48:56+09:00,TREE,KRW-TREE,TREEUSDT,63.8,-5.76070901,2249129146.5796256,1790577865744,False,False,,1899662970.9883165,1822910803.6530046,1736925099.6178071,2060314882.9458199,4143205677.2998075,1.0421041814999972,1.0140277600632472,0.5437677378143455,3,2.26586102719033,4.475308641975317,중립,601774.61198,-4.684,479485.17256,497174.69671,398941.86128,635977.87179,1071141.08412,0.9644199025673299,0.9388817619332732,0.5797641508332549,1,2.8865979381443196,3.7422037422037535,중립,,0.0,,39.3,관찰,39.3
2026-09-28T15:48:56+09:00,DRV,KRW-DRV,,547.0,-6.4957265,7578663764.855179,1790578138576,False,False,,19978974108.44091,7341146050.198865,7846768030.728816,20079111650.90578,61977989364.305725,2.7215061479262763,1.6995173559878967,0.7886272827777948,2,-5.797101449275366,0.0,고수준 유지형,,,,,,,,,,,,,,NO_DATA,,0.0,,38.6,관찰,38.6
2026-09-28T15:48:56+09:00,ARB,KRW-ARB,ARBUSDT,289.0,-5.2459016400000005,18020222469.040688,1790578132823,False,False,,16999696218.708061,9514963647.431482,11271835402.889294,11907827161.115238,21374001390.475693,1.786627553043468,1.5598614991440272,1.2617156091961226,2,3.0405405405405483,-3.1746031746031744,고수준 유지형,37441040.28085,-7.343,36445864.16164,22155430.97217,34270904.16426,30392679.07667,57518353.49166,1.6450081340065368,1.2593738074075276,1.0122381869026087,2,4.432132963988922,-3.8674033149171283,중립,,0.0,,37.7,관찰,37.7
2026-09-28T15:48:56+09:00,SAFE,KRW-SAFE,,151.0,-6.21118012,582276973.5652944,1790577927182,False,False,,387007161.44240797,293923422.0594258,228781778.53233784,642112008.6655991,394477936.05983543,1.3166938474340517,0.9967413557251967,0.9387852556271423,3,5.228758169934644,6.62251655629138,중립,,,,,,,,,,,,,,NO_DATA,,0.0,,37.7,관찰,37.7
2026-09-28T15:48:56+09:00,MOVE,KRW-MOVE,MOVEUSDT,12.3,-6.10687023,2052431899.2923994,1790578137482,False,False,,1685799758.8939643,1606827041.1127176,1743283169.4483628,1784735854.5757542,2767534829.512264,1.0491482379625368,0.9849174079470914,0.871636406214166,2,2.34375,0.0,중립,1830371.6231613,-6.691,1741353.5408115,679238.6481968,517529.7727365,402751.1714395,1191114.5643139,2.563684421424393,3.2660185266533004,2.868519323217428,4,3.3419023136246784,-0.5360824742268067,연속 가속형,EARLY,5.0,Binance 연속가속 우위,37.2,관찰,37.2
2026-09-28T15:48:56+09:00,SONIC,KRW-SONIC,,36.0,-4.76190476,2321163187.162992,1790578139255,False,True,거래량급등,8148590703.687558,781674966.1993244,817953896.4383346,1977507359.3659985,1212863885.2899134,10.424525609804032,6.8338946559239195,3.840238282717027,2,0.8000000000000007,3.2786885245901454,일회성 폭증형,,,,,,,,,,,,,,NO_DATA,,0.0,,36.0,관찰,36.0
2026-09-28T15:48:56+09:00,SKY,KRW-SKY,SKYUSDT,110.0,-0.9009009,1394512924.4226305,1790577770428,False,False,,678908052.5319871,569418022.7821141,468139735.9796117,542916176.2963797,1103636241.5894055,1.1922840959878942,1.2886793716854825,1.1500928831650263,3,11.00000000000001,19.226638023630514,중립,7806666.13192,4.483,4456765.84562,2948962.05844,2793431.14192,3487512.6418,7869211.11034,1.5112998259386314,1.4485843913799947,1.0948170666806447,3,12.218737215327957,18.761726078799246,고수준 유지형,,0.0,,36.0,관찰,36.0
2026-09-28T15:48:56+09:00,SKR,KRW-SKR,,25.0,-1.9607843100000002,1318286479.2414045,1790578119643,False,False,,1137387348.1673708,797704642.9124533,843480404.2992849,868533605.7360632,2969525965.1889606,1.4258251575604746,1.3595795052542412,0.33409338137181943,2,-9.57446808510638,-10.526315789473683,중립,,,,,,,,,,,,,,NO_DATA,,0.0,,35.9,관찰,35.9
2026-09-28T15:48:56+09:00,ZKP,KRW-ZKP,ZKPUSDT,67.7,-4.51339915,1130352016.00223,1790578137508,False,False,,1282796947.367905,554386175.5434818,562272310.009124,1482892648.0525103,1157961395.1327899,2.3139050069391423,1.4804059025246716,1.233519417806462,2,3.958944281524923,3.654970760233911,고수준 유지형,458509.10006,-6.049,433158.51732,331786.96839,326629.25086,441485.97847,417582.73057,1.3055320388920233,1.1814464546517842,1.1121723564051182,3,4.609218436873763,2.1526418786692814,중립,,0.0,,35.8,관찰,35.8
2026-09-28T15:48:56+09:00,ELF,KRW-ELF,,103.0,-2.83018868,422722663.6530012,1790578138569,False,True,거래량급등,1228603256.108883,207462018.09065077,248771073.66511115,371333818.55757296,510951601.3169092,5.922063553686455,4.453790651116198,3.7116295085061175,2,0.952380952380949,3.9215686274509887,일회성 폭증형,,,,,,,,,,,,,,NO_DATA,,0.0,,35.8,관찰,35.8
2026-09-28T15:48:56+09:00,HOLO,KRW-HOLO,HOLOUSDT,89.5,-3.76344086,995913901.4332738,1790578101550,False,False,,1130659569.3609943,711058587.2146423,825060671.44109,732718547.5869237,2367824615.3920426,1.5901074675013946,1.4950291725349563,0.9909770156826119,2,0.9771986970684043,4.494382022471921,고수준 유지형,675247.91279,-5.195,646485.88537,450589.92182,547524.64925,743002.48209,2534038.52106,1.4347544276151294,1.1139157201349712,0.6398927969571544,2,1.6320474777448135,3.474320241691853,중립,,0.0,,35.6,관찰,35.6
2026-09-28T15:48:56+09:00,DOOD,KRW-DOOD,,2.49,-1.96850394,925738306.1199253,1790578111580,False,False,,670634296.0259807,394752858.1263822,609833974.1386179,507619830.13701385,1307836654.2663972,1.6988712867311873,1.3304417564740807,0.8216969705452752,2,-0.39215686274508554,-3.053435114503822,중립,,,,,,,,,,,,,,NO_DATA,,0.0,,35.6,관찰,35.6
2026-09-28T15:48:56+09:00,TFUEL,KRW-TFUEL,TFUELUSDT,14.5,-3.97350993,983536116.8480455,1790578138221,False,True,거래량급등,1453063754.9459515,310399583.1067175,425114840.38362044,308316172.419269,493995973.9409945,4.68126838445649,4.176148200598777,3.8932856275240324,2,2.7210884353741527,2.7210884353741527,일회성 폭증형,763286.53788,-7.273,886631.35062,144985.08439,346250.56559,224736.05933,193784.61394,6.115328030813308,3.7150826174729823,3.784849014500707,2,3.249767873723308,1.8315018315018472,일회성 폭증형,,0.0,,35.4,관찰,35.4
2026-09-28T15:48:56+09:00,WAL,KRW-WAL,WALUSDT,47.7,-7.558139530000001,1674146916.104262,1790578122042,False,False,,1592914804.3924878,867718883.0473788,1445988189.5251055,501219169.4550028,1127348761.8448186,1.8357498442332645,1.6976446280651074,1.4339124886125683,2,11.206896551724155,7.499999999999996,고수준 유지형,528242.070595,-5.023,435918.807438,538127.607544,853179.019316,400364.543347,849758.220575,0.8100658678849831,0.729908726590108,0.6706869336829857,1,11.511423550087873,6.638655462184873,중립,,0.0,,35.2,관찰,35.2
2026-09-28T15:48:56+09:00,PUNDIX,KRW-PUNDIX,PUNDIXUSDT,161.0,-3.5928143699999997,767869428.7528343,1790577962656,False,False,,717939962.2576756,562540462.0794573,588240691.707069,632654301.2978371,758526014.0917277,1.2762459070122294,1.207680311969094,1.16266549672474,2,0.6024096385542244,3.0864197530864113,중립,313860.2539,-5.529,267168.10405,256525.27618,219586.51083,307890.22815,396153.63803,1.0414884179387147,1.0223243010241858,0.8671699801129767,3,1.312551271534046,2.1505376344086002,중립,,0.0,,34.6,관찰,34.6
2026-09-28T15:48:56+09:00,GLM,KRW-GLM,GLMUSDT,171.0,-2.84090909,581096622.3857125,1790578138905,False,False,,631626652.215151,437786224.91856146,510658644.7384,525595074.9860031,669380080.1540663,1.442774158398082,1.285501090748543,1.1605813664498945,2,2.3255813953488413,2.923976608187129,중립,145647.06148,-4.48,152633.20042,85849.98299,105343.31453,155335.40274,204053.13501,1.777906006548412,1.3213901212697206,1.1260484714381909,2,3.898170246618915,2.7537372147915073,중립,,0.0,,34.6,관찰,34.6
2026-09-28T15:48:56+09:00,AXL,KRW-AXL,AXLUSDT,71.0,-4.95314592,8615842351.852684,1790578081912,False,True,"거래량급등,입금량급등",5812403481.727314,358943771.528814,490369345.40625334,368343951.150007,827496735.4252514,16.193075191056007,14.320296660047516,9.8511092731279,2,5.657708628005653,2.609890109890123,일회성 폭증형,2841361.484195,-3.499,1823949.653141,426730.79741,469318.104278,661310.189648,1532346.119609,4.274239553862249,3.5135435301109044,2.0689945010017428,2,6.563706563706573,2.2222222222222143,일회성 폭증형,,0.0,,34.4,관찰,34.4
2026-09-28T15:48:56+09:00,YGG,KRW-YGG,YGGUSDT,35.9,-6.51041667,469880680.9346839,1790578066359,False,False,,278737695.7942525,177976937.57138267,250310838.7989945,196446736.3572445,505362448.49426496,1.566145027540194,1.3385095113951846,0.7929521498613047,2,3.2258064516129004,0.7874015748031482,중립,502821.236038,-4.88,360617.937555,385825.765874,406438.397931,451176.125515,756261.827465,0.9346652542452747,0.8700488651985318,0.6237562927783107,1,3.703703703703698,0.03537318712416582,중립,,0.0,,34.4,관찰,34.4
2026-09-28T15:48:56+09:00,NEWT,KRW-NEWT,NEWTUSDT,66.4,-4.18470418,725031854.8456687,1790578009986,False,False,,594594206.7364419,298333441.3888942,486064066.39847547,586878954.509249,3489891895.963446,1.9930524850593443,1.3008191048666,0.31273388728600643,2,1.9117647058823461,1.7621145374449476,중립,414886.921057,-4.05,327835.303644,316093.962223,436145.910972,483939.563382,905040.782759,1.037145098686563,0.7956012548270041,0.4375742171126039,2,2.6717557251908497,0.45204402515723885,중립,,0.0,,34.3,관찰,34.3
2026-09-28T15:48:56+09:00,WET,KRW-WET,,90.2,-5.05263158,512309370.6750437,1790578130766,False,False,,467907455.23551524,332892155.23609227,446971916.58665293,381692459.15717155,1385467872.7863944,1.4055827026133074,1.208483899205777,0.15082870409673166,2,0.7423117709437932,0.31678986272438703,중립,,,,,,,,,,,,,,NO_DATA,,0.0,,34.3,관찰,34.3
2026-09-28T15:48:56+09:00,ZAMA,KRW-ZAMA,ZAMAUSDT,110.0,-1.78571429,2601165217.0447545,1790578011051,False,False,,2998433097.140991,2571693775.362149,2705082600.4775496,2750667903.114675,4429447156.746226,1.1659370667951119,1.1205682629284683,0.6501185316349826,2,-7.438016528925617,-18.248175182481752,중립,10062771.23793,-8.545,9518791.19307,8136590.46947,11666643.15932,17720900.90555,29938185.05938,1.1698746826187547,0.7610135165962801,0.4950970916365886,2,-6.732829592872447,-18.68239921337267,중립,,0.0,,34.0,관찰,34.0
2026-09-28T15:48:56+09:00,MASK,KRW-MASK,MASKUSDT,628.0,-6.12855007,960415571.2050849,1790578117914,False,False,,743216568.9113666,581026626.8983643,619798598.2168812,530394547.8678803,1013632685.6284941,1.2791437337025404,1.2879067935390502,1.0743533083991805,2,4.694835680751175,0.2998500749625155,중립,670618.9131,-5.328,462372.4748,360586.2425,564922.6117,479760.1577,781487.8333,1.2822798551445014,0.9870831937897371,0.857086118456196,2,5.567451820128477,-0.6048387096774244,중립,,0.0,,34.0,관찰,34.0
2026-09-28T15:48:56+09:00,BSB,KRW-BSB,,137.0,-4.86111111,641319873.8705957,1790577815625,False,False,,405612041.3579212,373641532.7804729,394155605.7648663,336563707.6749792,589957087.1526254,1.0855646542811719,1.1018464917860793,0.9794458732150815,2,-5.263157894736848,-0.6896551724137945,중립,,,,,,,,,,,,,,NO_DATA,,0.0,,33.8,관찰,33.8
2026-09-28T15:48:56+09:00,MOC,KRW-MOC,,29.6,-4.51612903,479512802.44454074,1790578112567,False,False,,664498369.9833472,514560835.8465426,667347466.1016918,233955230.8774019,478193239.3238939,1.2913893240439318,1.4079712230257295,1.3843663448886787,2,6.529209621993126,9.540636042402827,고수준 유지형,,,,,,,,,,,,,,NO_DATA,,0.0,,33.8,관찰,33.8
2026-09-28T15:48:56+09:00,CARV,KRW-CARV,,57.3,-6.37254902,1133617299.049118,1790577690665,False,False,,873398090.2665765,490234582.44185376,661764432.6106302,1030663475.7849114,8542750304.020968,1.7815921633194236,1.2004578269883917,0.09716008439588099,2,3.204047217537953,-0.8103727714748765,중립,,,,,,,,,,,,,,NO_DATA,,0.0,,33.5,관찰,33.5
2026-09-28T15:48:56+09:00,XRP,KRW-XRP,XRPUSDT,2011.0,-2.09347614,223766069431.716,1790578136485,False,False,,162509635787.9956,161531810895.23608,393270807788.19995,277058018201.3417,534622788019.7696,1.006053450941584,0.5860704134165146,0.45044401211171237,2,-1.8633540372670843,-2.561669829222013,중립,212262131.59138,-2.878,173509013.61734,181135648.39195,538764479.31241,296261421.47513,499673407.45481,0.9578954510483374,0.5122483145247179,0.4351523360086739,1,-1.1793067500651566,-3.560755388821779,중립,,0.0,,33.0,관찰,33.0
2026-09-28T15:48:56+09:00,BTC,KRW-BTC,BTCUSDT,113071000.0,-1.20489297,109313556187.24435,1790578140677,False,False,,72287952928.79047,62950265085.00601,128171834220.45271,103868241728.45888,157018825615.72302,1.1483343689049623,0.7351557953602171,0.5972202982191578,2,-0.5837285662167124,-1.037613488975353,중립,1142681972.470059,-1.62,813976178.3611975,677578219.0470139,1520256978.6934962,1572042147.6733966,1887736866.156798,1.2013021603705352,0.6477474759369088,0.5432555864823196,2,0.07316647837987134,-2.014370730702375,중립,,0.0,,33.0,관찰,33.0
2026-09-28T15:48:56+09:00,ETH,KRW-ETH,ETHUSDT,3602000.0,-1.04395604,82433326537.72903,1790578135803,False,False,,52618705914.91758,33503538009.07183,83710519127.93227,73617700334.64021,123274417001.84668,1.5705417708622262,0.8272004609516243,0.6038750272901414,2,-0.7904061052057765,-1.4884979702300405,중립,544329112.454512,-2.114,413981188.407887,232408625.067851,632500185.266342,713406122.987247,898195135.1752,1.7812643067228096,0.7868794364189967,0.6256709934134701,2,0.022321013374004828,-2.359794162614437,중립,,0.0,,33.0,관찰,33.0
2026-09-28T15:48:56+09:00,DOGE,KRW-DOGE,DOGEUSDT,127.0,-3.05343511,34174210906.87318,1790578133148,False,False,,22124702805.776806,19016903217.669945,29534661002.031883,32631455221.62486,65440324309.2849,1.163423011230303,0.8175861020456489,0.5102732580632892,2,0.0,-2.9629629629629672,중립,92919792.41682,-4.082,68807221.60588,50746561.78344,104142521.4922,98207104.29953,192205481.17435,1.3558991818896724,0.8155858323876666,0.512887396851945,2,1.1587848418415314,-3.5244922341696516,중립,,0.0,,33.0,관찰,33.0
2026-09-28T15:48:56+09:00,BCH,KRW-BCH,BCHUSDT,418900.0,-6.911111109999999,11665868742.433191,1790578100877,False,False,,9227583177.172312,5935642055.974839,12308245510.592625,24775409951.055656,97141284273.5118,1.5546057343339619,0.643496084987825,0.19937428946100524,2,-2.6395499783643417,-2.828762686244868,중립,24031894.587,-9.892,20430272.4248,10751602.9987,29865250.9969,40731044.2192,110125122.7108,1.9002071065375339,0.7534406987696344,0.3400079818762325,2,-1.9179699026261487,-3.680092726745887,중립,,0.0,,33.0,관찰,33.0
2026-09-28T15:48:56+09:00,G,KRW-G,GUSDT,7.09,-5.71808511,6315437216.293365,1790578133506,False,False,,4572135501.858091,3901990047.0562687,11576162194.883804,7022479748.427598,11382234353.84004,1.1717445320772646,0.6096009441621973,0.4281941008709204,2,-2.083333333333337,-9.506618531889298,중립,1640341.39123,-6.964,1439318.94913,1610028.53919,2535529.78983,3059278.32221,3823180.29423,0.8939710782108973,0.5993136356051659,0.47598869367917507,1,-1.245551601423478,-10.483870967741925,중립,,0.0,,33.0,관찰,33.0
2026-09-28T15:48:56+09:00,PEPE,KRW-PEPE,PEPEUSDT,0.00564,-4.56852792,5508646047.348355,1790578130431,False,False,,4019480391.440557,3898243059.6748586,4655450252.4479,4828118137.286753,8877552221.897602,1.0311005060253504,0.9011067911029164,0.37494821352921204,2,-2.1523178807946963,-11.52694610778443,중립,33729937.28635435,-5.011,23148639.9622677,23566775.67035119,42050527.63656829,50701723.87102505,85551330.02034888,0.9822574070406443,0.5970297514658968,0.3553723183260914,1,-1.5801354401805856,-12.625250501002006,중립,,0.0,,33.0,관찰,33.0
2026-09-28T15:48:56+09:00,LA,KRW-LA,LAUSDT,93.8,-5.44354839,5468141393.133243,1790578126098,False,False,,3273346362.0892315,2722968081.139513,3471991488.9506016,4287843837.590035,7956574494.688955,1.2021243968160638,0.9367760420912897,0.709444502131644,2,-1.7821782178217838,-3.689320388349515,중립,1124611.83023,-6.386,943480.23966,1226975.31185,1088093.06814,1002037.29086,2375708.42475,0.7689480224646461,0.8532862681624208,0.718589655739233,1,-1.2145748987854255,-3.68421052631579,중립,,0.0,,33.0,관찰,33.0
2026-09-28T15:48:56+09:00,GMT,KRW-GMT,GMTUSDT,11.5,-6.5040650399999995,1207984991.2766933,1790578045446,False,False,,817101758.9552699,554838614.0873101,791769948.2832922,561574738.2633239,1230701995.8781662,1.4726836564887855,1.2846277797586063,0.6989518816400511,2,3.3613445378151363,5.128205128205132,중립,639597.901357,-4.612,530674.933593,327583.309601,525726.124439,477933.709214,691769.889362,1.6199693880599957,1.1958933338710487,0.7859906743516492,2,4.152249134948094,3.5550458715596367,중립,,0.0,,33.0,관찰,33.0
2026-09-28T15:48:56+09:00,XAUT,KRW-XAUT,XAUTUSDT,5677000.0,-1.78200692,1048693679.43331,1790578089766,False,False,,438137192.50183,334279266.59118,1166787719.07099,682561611.69144,879604994.20958,1.3106920957729247,0.6019391663483689,0.5232540534104873,2,-0.6360667010486543,-1.0443417223078288,중립,28982580.033116,-2.359,7518921.844691,4543273.962046,29956065.870609,28922590.27496,25183829.199899,1.654956735495862,0.3556619216065869,0.32333383771914237,2,-0.021818796071682023,-2.290351130615831,중립,,0.0,,33.0,관찰,33.0
2026-09-28T15:48:56+09:00,XEC,KRW-XEC,XECUSDT,0.0114,-5.0,936554000.1482255,1790578073763,False,False,,746570673.74713,726006029.491558,917789131.0954138,1804505048.3327699,9529571487.652,1.0283257210273777,0.6495119002249026,0.1389602194309454,2,-3.2258064516129004,-4.0000000000000036,중립,388437.32753339,-5.062,385314.01100303,601111.05504357,398455.12504319,886503.58374443,1496958.10026248,0.6410030355790104,0.6128840275033172,0.32436841642259856,1,-2.53025302530252,-4.112554112554112,감소형,,0.0,,33.0,관찰,33.0
2026-09-28T15:48:56+09:00,O,KRW-O,,700.0,-4.24076607,494680485.17689794,1790578123069,False,False,,397370220.7605367,313539216.55735785,561088405.3306783,672369495.7150644,677265532.4885241,1.2673700761379656,0.770596563313998,0.6317016538895587,2,-3.1788079470198682,-2.6631158455392767,중립,,,,,,,,,,,,,,NO_DATA,,0.0,,33.0,관찰,33.0
2026-09-28T15:48:56+09:00,XTZ,KRW-XTZ,XTZUSDT,421.0,-3.44036697,437961369.4834113,1790578065671,False,False,,439354285.68350655,437934536.6863368,620324737.3013345,255899620.7051851,640220524.2867305,1.0032419206028198,1.0029706927932605,0.8762315905070661,2,-3.964757709251099,-6.8376068376068355,중립,884445.9752,-4.02,547586.59345,905842.30577,1765922.49347,869689.13619,1353309.95319,0.6045054309806506,0.463865917869277,0.44131285895833455,1,-3.1372549019607954,-7.570523891767412,감소형,,0.0,,33.0,관찰,33.0
2026-09-28T15:48:56+09:00,ENSO,KRW-ENSO,ENSOUSDT,1356.0,-2.93486042,1312653126.1891072,1790578031129,False,False,,1380392368.329186,989498714.8799146,1338022387.9962344,1617665543.691993,2437033625.405841,1.3950421032095126,1.0496783741752511,0.7779064115812185,2,-0.3566333808844524,2.0452885317750136,중립,511034.72267,-3.295,496106.43939,531882.46992,573191.98687,1118675.56938,1606226.12139,0.9327369624808636,0.6692835528520964,0.5203288246800196,1,0.291545189504383,1.17647058823529,중립,,0.0,,32.9,관찰,32.9
2026-09-28T15:48:56+09:00,CHZ,KRW-CHZ,CHZUSDT,21.5,-4.44444444,3031246579.6855035,1790578138218,False,False,,2251736423.884769,2164912543.588663,2757985181.9071245,2736395827.3068814,3951817709.7122498,1.0401050289782987,0.8819624453723226,0.7060265467939763,2,0.44642857142858094,-2.1739130434782594,중립,1570462.40066,-5.054,1054489.51777,2165420.0321,2105177.91638,2088439.12614,3143906.64532,0.4869676562229675,0.4974760354733489,0.416245770197933,1,1.3431013431013605,-3.1505250875145774,감소형,,0.0,,32.8,관찰,32.8
2026-09-28T15:48:56+09:00,ZBT,KRW-ZBT,ZBTUSDT,117.0,-4.87804878,2200594383.117057,1790578137513,False,False,,1669878160.7951381,1524275724.480649,1607927902.5807061,1656790508.8743086,2931961391.667702,1.095522374315906,1.0460723776615448,0.7734743273493411,2,1.6528925619834656,0.0,중립,568831.93245,-4.894,554381.57508,499475.38229,673894.20054,666362.16756,1541447.88195,1.109927725643385,0.9040147972047741,0.49516841455511806,2,2.2753128555176305,-2.4945770065076034,중립,,0.0,,32.8,관찰,32.8
2026-09-28T15:48:56+09:00,BIRB,KRW-BIRB,,93.4,-1.8907562999999998,3799100138.3297024,1790578139616,False,False,,945575304.2637004,688635563.5130193,1149334179.1552646,3021273209.924191,3137085347.9467816,1.3731142484711703,0.5837793953639769,0.5328797288376395,2,0.9544008483563182,0.634249471458781,중립,,,,,,,,,,,,,,NO_DATA,,0.0,,32.5,관찰,32.5
2026-09-28T15:48:56+09:00,TRX,KRW-TRX,TRXUSDT,454.0,0.66518847,3391915387.3991747,1790578137835,False,False,,2841601413.3366075,2250078551.362814,4598805638.133217,3754011560.0374436,4032496318.0960135,1.262889871829374,0.8040071732653707,0.7324334659478883,2,-3.010752688172047,-1.9565217391304346,중립,18206837.2084,0.18,18884655.34943,13548453.23128,26937054.14437,35810580.52973,39796512.82649,1.3938606147179988,0.7425540103517556,0.5446606555188579,2,-2.0276226858654156,-2.543116047939209,중립,,0.0,,32.5,관찰,32.5
2026-09-28T15:48:56+09:00,USDT,KRW-USDT,,1360.0,0.44313146,64072791770.69141,1790578137141,False,False,,46114573562.700485,43538457052.93687,75080233054.15648,92011396310.42532,168976915408.14075,1.0591687598536488,0.6568089252637511,0.47192631727492085,2,-0.7331378299120228,0.8941877794336861,중립,,,,,,,,,,,,,,NO_DATA,,0.0,,32.4,관찰,32.4
2026-09-28T15:48:56+09:00,KERNEL,KRW-KERNEL,KERNELUSDT,71.3,-6.675392669999999,1587561016.5832036,1790578133843,False,False,,1384304288.8559883,1270990714.9728947,1592835717.4658628,11526621996.95025,18185337659.53942,1.08915373853499,0.28858814837810376,0.05543904192971327,2,1.7310252996005415,-6.829268292682922,중립,652934.62901,-3.321,520187.0384,399044.15988,767642.33837,1742754.25646,2264628.29558,1.303582637461553,0.5363783787910642,0.16918310323710758,2,2.3636363636363678,-7.5533661740558316,중립,,0.0,,32.4,관찰,32.4
2026-09-28T15:48:56+09:00,ENS,KRW-ENS,ENSUSDT,9135.0,-3.74077977,4352693591.771247,1790578128444,False,False,,3274452696.9403462,2963833783.013102,5395225413.297055,9044053917.629648,22570380049.842197,1.1048030816395722,0.5644598197176905,0.3468201843397667,2,-1.7598343685300222,3.0961434003259125,중립,1604101.6225,-5.493,1150658.9331,952863.6632,1868628.2179,2609304.2228,4358131.4592,1.207579822317649,0.6356299763898414,0.46509286924856125,2,-0.9887005649717562,2.186588921282784,중립,,0.0,,32.3,관찰,32.3
2026-09-28T15:48:56+09:00,HYPER,KRW-HYPER,HYPERUSDT,100.0,-4.76190476,602493032.2096733,1790578123745,False,False,,414976004.8280189,391849242.9942492,473711409.81540173,449491196.5298366,728547877.8815129,1.0590195393949227,0.9466759923643681,0.7908892515384708,2,1.9417475728155331,-0.9433962264150941,중립,572437.04826,-3.811,414802.20092,457223.40317,514442.03721,509024.91747,808074.36201,0.9072199674034895,0.8404232499811168,0.6984661370010717,1,1.8543046357615944,-1.913265306122447,중립,,0.0,,32.3,관찰,32.3
2026-09-28T15:48:56+09:00,SNT,KRW-SNT,,11.5,-4.16666667,703680076.9831645,1790578045104,False,False,,393098547.9477693,381811145.2782115,523397839.59426653,395290027.1079964,1773502668.758186,1.0295627899005753,0.9068024142881961,0.5256796942244888,2,-1.6393442622950727,4.347826086956519,중립,,,,,,,,,,,,,,NO_DATA,,0.0,,32.0,관찰,32.0
2026-09-28T15:48:56+09:00,TRAC,KRW-TRAC,,485.0,-4.15019763,1644947119.5946662,1790578121681,False,False,,1435285095.374523,1057475282.7733263,3786212820.2565055,7731615583.871035,720401523.8286253,1.3572753129608435,0.342405670139703,0.5061720050448684,2,0.7968127490039834,3.901437371663241,중립,,,,,,,,,,,,,,NO_DATA,,0.0,,31.9,관찰,31.9
2026-09-28T15:48:56+09:00,ME,KRW-ME,MEUSDT,103.0,-4.62962963,1205554350.5393322,1790577930102,False,False,,1007617610.4761986,1000264784.6709626,1055329044.3443562,889174117.4091609,1506210799.7621992,1.0073508794050514,1.0265164815784302,0.8389145121459476,2,1.8867924528301883,2.857142857142847,중립,392657.8607598,-4.823,365500.6937628,383397.3535293,841582.6503155,325404.7888718,633997.6836679,0.9533208573252911,0.7072451216237087,0.6390661736596747,1,3.579766536964968,2.17502558853635,중립,,0.0,,31.9,관찰,31.9
2026-09-28T15:48:56+09:00,IQ,KRW-IQ,IQUSDT,1.27,-3.05343511,952820917.5295662,1790578103496,False,False,,745103716.3790227,640841967.8301753,727106329.7285781,678098441.7231289,1811662970.1155417,1.1626949447488075,1.0925024859997157,0.8327639797179524,2,0.0,8.264462809917372,중립,127576.796882,-2.388,131149.891013,113470.413058,625510.006986,163683.027893,311192.54973,1.155806941021385,0.43587637666974655,0.4967990148834255,2,0.0,6.174200661521501,중립,,0.0,,31.9,관찰,31.9
2026-09-28T15:48:56+09:00,PENGU,KRW-PENGU,PENGUUSDT,13.1,-5.75539568,9130846747.526005,1790578121350,False,False,,8093676872.226272,4925815426.15655,8224441236.762701,8292785129.560726,16686843180.274664,1.6431141185778246,1.1323501046010234,0.7631793002525454,2,4.5112781954887105,2.9629629629629672,중립,22929381.357872,-2.82,17856512.377635,9256111.232219,18798727.771286,20331306.149912,39844769.890271,1.9291592256885828,1.1071255410624905,0.702360709593138,2,5.388174807197954,1.929388363998008,중립,,0.0,,31.8,관찰,31.8
2026-09-28T15:48:56+09:00,AKT,KRW-AKT,,905.0,-5.13626834,1782615453.354564,1790578042008,False,False,,1558882023.970281,1255817342.83686,2063637006.7302861,1652359300.9812148,3581302871.8221903,1.2413286317967271,0.94063180976122,0.7161914269680183,2,3.1351351351351253,0.952380952380949,중립,,,,,,,,,,,,,,NO_DATA,,0.0,,31.7,관찰,31.7
2026-09-28T15:48:56+09:00,ORDER,KRW-ORDER,,55.7,-3.46620451,1240043865.8114998,1790578102195,False,False,,377982601.58873856,265090775.66663578,376222869.586265,334430854.7156139,494325895.48740286,1.4258610117164907,1.1621359944153473,0.677922928291472,2,4.528985507246386,4.909090909090907,중립,,,,,,,,,,,,,,NO_DATA,,0.0,,31.6,관찰,31.6
2026-09-28T15:48:56+09:00,TIA,KRW-TIA,TIAUSDT,636.0,-8.22510823,738006592.2877779,1790578115565,False,False,,657274427.7845945,576569801.7672564,853178412.7350194,743116126.490192,1489262923.3552291,1.1399737304485402,0.9074764798492401,0.6164460031505983,2,4.054054054054057,-0.8583690987124415,중립,4592951.017456,-5.814,3908474.913296,4994412.127718,8034127.33786,7443907.012376,13506488.705924,0.7825695624125084,0.5727417459615618,0.4177915046265379,1,4.42079410560785,-2.016516228154419,중립,,0.0,,31.6,관찰,31.6
2026-09-28T15:48:56+09:00,PROS,KRW-PROS,,863.0,-3.6830357100000004,31055658609.296432,1790578130081,False,True,"거래량급등,입금량급등",21214689552.952564,301890985.82830775,3316880068.8205247,638858680.2266619,941441105.4189333,70.27268301749771,14.948239424750925,18.90572290301529,2,6.161137440758302,15.167095115681239,일회성 폭증형,,,,,,,,,,,,,,NO_DATA,,0.0,,31.5,관찰,31.5
2026-09-28T15:48:56+09:00,SIGN,KRW-SIGN,SIGNUSDT,17.6,-6.87830688,1592357150.4090674,1790578086021,False,False,,1109105485.6723983,586277738.0114946,1541002300.8490715,489528796.0384107,999778247.71731,1.8917748598713688,1.2715168233317462,1.293148348396529,2,7.386363636363624,12.499999999999979,중립,941485.6535,-7.78,737698.21107,288424.60207,646766.98478,497346.44753,661806.26076,2.5576812996381015,1.5448767014188376,1.4541168204604722,2,8.584686774941996,11.87250996015936,고수준 유지형,,0.0,,31.3,관찰,31.3
2026-09-28T15:48:56+09:00,UNI,KRW-UNI,UNIUSDT,12440.0,-5.18292683,8748907905.210974,1790578135147,False,False,,9427454122.886324,9067287006.681377,13183105191.479092,14485210789.19492,27594345496.28572,1.039721596541452,0.7698897001471277,0.5198944246301558,2,5.044035228182553,-4.303428154631661,중립,86943576.4328,-9.426,65096632.36703,52524369.55824,98946730.09729,93147164.54675,195413330.16936,1.2393605656675164,0.7983455272154195,0.5031221553784738,2,5.769230769230771,-5.339331116761203,중립,,0.0,,31.2,관찰,31.2
2026-09-28T15:48:56+09:00,KAT,KRW-KAT,KATUSDT,6.65,-5.67375887,1027331203.8476058,1790577976296,False,False,,776008678.4990764,590267839.1414254,702462335.4967556,1499218082.5611184,2091643418.4949753,1.3146721319389865,0.8338356663645885,0.5917526949239482,2,3.372434017595305,3.0701754385964897,중립,557585.23273,-4.873,396609.88487,510257.38691,656576.01203,769216.82778,1149008.20212,0.7772741660278104,0.6145654891535406,0.4607764782539324,1,4.800000000000004,2.544031311154593,중립,,0.0,,31.1,관찰,31.1
2026-09-28T15:48:56+09:00,MEW,KRW-MEW,,0.656,-4.65116279,535142462.55451757,1790578120701,False,False,,360970585.49299365,302168948.6895216,718124770.5072286,696537551.3472297,3640111950.5194273,1.1945985418372378,0.6307619013345785,0.26894829365814615,2,2.2288261515601704,5.521472392638027,중립,,,,,,,,,,,,,,NO_DATA,,0.0,,31.0,관찰,31.0
2026-09-28T15:48:56+09:00,SOL,KRW-SOL,SOLUSDT,161500.0,-2.29885057,45259984834.57132,1790578139274,False,False,,34621983468.677864,24603800499.52651,58077017703.67109,37671346854.87487,51894789216.68141,1.4071803040893682,0.8630168834596044,0.7714230530284097,2,3.571428571428581,3.9622641509434064,중립,356251467.77342,-2.224,318882945.21313,221338928.92664,481769969.76669,299095253.78508,420981927.35118,1.4406997754959758,0.9545448731913917,0.8945150971610194,2,4.2293233082706605,2.884372100868693,중립,,0.0,,30.9,관찰,30.9
2026-09-28T15:48:56+09:00,HBAR,KRW-HBAR,HBARUSDT,132.0,2.3255814,16639474759.11184,1790578138099,False,False,,8487655595.480886,8031553194.968876,10266904064.419823,7837796522.098043,14375027606.343346,1.0567888164891595,0.974239345826945,0.7284107769084357,2,0.78125,-3.007518796992481,중립,17864246.58099,2.932,11052489.19023,8082551.50232,17135320.24943,14905687.12617,24203118.76372,1.36745051201437,0.8263840122351799,0.5682207234458296,2,2.9756149962401945,-3.2694248234106937,중립,,0.0,,30.9,관찰,30.9
2026-09-28T15:48:56+09:00,TAIKO,KRW-TAIKO,,128.0,-6.56934307,7094473509.197395,1790578130102,False,True,거래량급등,16866060178.749851,329731957.3937258,362138934.0388908,578621501.5962641,715931618.0725278,51.15082053939483,39.825646193459235,30.173708051512378,2,12.295081967213118,8.73015873015872,일회성 폭증형,,,,,,,,,,,,,,NO_DATA,,0.0,,30.8,관찰,30.8
2026-09-28T15:48:56+09:00,CRO,KRW-CRO,,87.8,-3.1973539099999995,2167547167.61925,1790578135800,False,False,,1896859861.1642115,1553539679.0051122,3860025378.5829763,1525639968.9601104,2638770402.68334,1.2209922197667729,0.8200621773994947,0.7644442115526582,2,5.834305717619603,1.227678571428581,중립,,,,,,,,,,,,,,NO_DATA,,0.0,,30.7,관찰,30.7
2026-09-28T15:48:56+09:00,ID,KRW-ID,IDUSDT,51.6,-4.7970479699999995,1410568224.3430924,1790578095103,False,False,,955521246.9697388,834450945.4440094,1189977621.8235424,985741626.155564,1802659484.8418655,1.1450897769206891,0.9522929125975458,0.7425431383398882,2,4.431599229287109,3.23809523809524,중립,328792.2494,-4.293,271982.9593,333821.0311,312879.7005,337655.8608,657724.8574,0.8147568126662585,0.8289159479397621,0.6124325238270629,1,5.54089709762533,2.0408163265306145,중립,,0.0,,30.7,관찰,30.7
2026-09-28T15:48:56+09:00,BLAST,KRW-BLAST,,0.596,-5.99369085,2594924888.938903,1790578118925,False,False,,5237812604.019222,4104984173.507495,27362214893.855743,4219603536.204266,46160069348.195274,1.2759641408175721,0.44031509313436895,0.3007451232138671,2,1.6025641025640969,8.191126279863493,중립,,,,,,,,,,,,,,NO_DATA,,0.0,,30.6,관찰,30.6
2026-09-28T15:48:56+09:00,QKC,KRW-QKC,QKCUSDT,3.82,-5.21091811,909046494.0580018,1790578123088,False,False,,1092759978.830193,796124737.5694954,2624484363.3786063,900630463.9158627,959008773.4429519,1.372598949966435,0.7586434140671815,0.9391329357972206,2,2.5445292620865256,7.466666666666666,중립,160973.711442,-7.131,204419.918211,144058.958426,678699.223329,252677.580753,204767.657433,1.4190017784697933,0.5702430363695833,0.7266364986755097,2,4.069565217391302,5.612424991175424,중립,,0.0,,30.5,관찰,30.5
2026-09-28T15:48:56+09:00,A,KRW-A,AUSDT,134.0,-4.28571429,675446758.095232,1790578133836,False,False,,515992381.3725983,421954743.427924,608212345.2589536,716662038.5041709,1066322565.2732933,1.222861905001282,0.8861640328879716,0.6148394579723659,2,2.941176470588225,6.870229007633588,중립,729549.68459,-4.913,719008.46776,353520.72727,592476.24542,595297.70272,639575.2434,2.0338509521419383,1.3994892979865836,1.2799507581075764,2,4.2211055276381915,5.600814663951126,중립,,0.0,,30.5,관찰,30.5
2026-09-28T15:48:56+09:00,JST,KRW-JST,JSTUSDT,174.0,1.1627907,625774434.5768311,1790578084644,False,False,,642966590.6786553,423463884.27158016,650766518.5410441,320554317.893869,361308993.49174523,1.5183504770062077,1.3829372686696266,1.4233750364228883,2,10.967741935483865,13.907284768211925,중립,3134614.959819,2.361,2996951.766365,3086817.294195,5250594.680957,2693348.122049,2781502.885313,0.9708873187930497,0.8150712389598957,0.7841676411607355,1,11.214706658457207,12.301270095035077,중립,,0.0,,30.4,관찰,30.4
2026-09-28T15:48:56+09:00,MANA,KRW-MANA,MANAUSDT,121.0,-3.2,383864829.01401377,1790578127753,False,False,,230051015.77932343,216139077.0996889,875759419.9218636,326525213.0659894,539069589.413937,1.064365680034888,0.4865633889434742,0.50351746413095,2,4.166666666666674,5.932203389830515,중립,515798.5244,-4.022,373383.5429,420515.2525,1454653.434,515985.6943,770464.0662,0.8879191436700622,0.4684560050552802,0.48826036433879944,1,4.886363636363633,4.411764705882337,중립,,0.0,,30.2,관찰,30.2
2026-09-28T15:48:56+09:00,APT,KRW-APT,APTUSDT,1133.0,-3.32764505,7780970238.607586,1790578138192,False,False,,6418606050.97403,6027131145.979233,7135695478.891968,6664399163.751749,8721493581.50685,1.0649521132879205,0.9711806562454774,0.9150012942800366,2,5.967450271247743,5.300988319856237,중립,12779833.428045,-3.396,9963255.46664,9326794.654447,13222754.047003,11241370.277064,18747176.794094,1.0682400369873626,0.8845502668609115,0.7070716618446158,2,6.819866567828026,4.294330518697231,중립,,0.0,,29.7,관찰,29.7
2026-09-28T15:48:56+09:00,HP,KRW-HP,,13.2,0.76335878,269545856.93209445,1790578138200,False,False,,157915355.2603152,156035331.02008945,210304575.67215872,107713490.87238023,250708412.23709673,1.0120487086349932,0.9993516937432332,0.8826485353764575,2,3.9682539682539764,6.5040650406503975,중립,,,,,,,,,,,,,,NO_DATA,,0.0,,29.6,관찰,29.6
2026-09-28T15:48:56+09:00,ZK,KRW-ZK,ZKUSDT,17.0,-5.02793296,614170121.3169671,1790577930750,False,False,,534990852.2840566,442941868.8835585,570491533.0336736,769030034.2945448,1286521602.2910051,1.207812785078342,0.9004238315615471,0.7110707374438244,2,9.146341463414643,7.831325301204806,중립,2441182.443992,-5.219,2083114.360618,2158381.224657,3089775.049175,1930251.303285,2813717.888538,0.9651280954545177,0.8705751261289997,0.82950888641048,1,9.362054681027331,6.2801932367149815,중립,,0.0,,28.1,관찰,28.1
2026-09-28T15:48:56+09:00,ASTR,KRW-ASTR,ASTRUSDT,10.1,-3.80952381,354754457.6775442,1790578121713,False,False,,289142569.1020807,253700353.68204862,322340237.87975264,300161724.2520527,730088853.947684,1.139701087939555,0.9899856364800158,0.6301942863546374,2,8.247422680412386,9.034267912772576,중립,516749.3007633,-0.603,352918.9245235,421552.236138,381421.9157769,322074.4432977,562632.4182095,0.837189069987445,0.9410764815633829,0.8032569686815567,1,7.821698906644237,6.818497430912385,중립,,0.0,,28.1,관찰,28.1
2026-09-28T15:48:56+09:00,ORCA,KRW-ORCA,ORCAUSDT,2352.0,-3.88230486,11757898718.839382,1790578102201,False,True,거래량급등,11125809928.916687,766264200.6482804,1170744280.1362903,1695147149.2328582,3455183343.948443,14.519548113436526,9.189427212564098,6.806318093535054,2,13.81395348837209,19.133398247322297,일회성 폭증형,5328462.30964,3.535,4562602.29677,453713.15118,948622.27348,1549149.97573,2516648.37815,10.05613852034872,4.637599389277458,3.444341223438459,2,15.019011406844097,18.705035971223015,일회성 폭증형,,0.0,,28.0,관찰,28.0
2026-09-28T15:48:56+09:00,RENDER,KRW-RENDER,RENDERUSDT,2635.0,-5.35201149,2651300319.5183125,1790578138224,False,False,,2178690076.2046256,1927558030.264963,2111280360.4229527,2203188623.2684107,1977255095.0815663,1.130285076763755,1.0471070077076101,1.1244423449107053,2,9.735908553409534,12.212817412333731,중립,10364774.75006,-4.628,8690161.87486,8232516.04732,10297191.31111,7348053.68967,7979838.94389,1.05559003163911,1.0074474981093524,1.0260802439829533,2,10.78167115902966,10.961123110151183,중립,,0.0,,27.9,관찰,27.9
2026-09-28T15:48:56+09:00,OPEN,KRW-OPEN,OPENUSDT,178.0,-5.82010582,1990759444.3887649,1790578116231,False,False,,1359552016.0778334,1503851136.4397848,1246557249.3883724,645051369.9364836,1730678986.496826,0.9040469386460918,1.2012087733653631,1.1825556430959328,1,0.5319148936170137,-3.076923076923077,중립,1246004.49346,-6.98,762584.16012,830978.09412,697840.877,548998.15831,1332178.15185,0.917694660684854,1.1010364906307182,0.9222587658542679,1,0.8727272727272473,-4.4107512060647895,중립,,0.0,,27.3,관찰,27.3
2026-09-28T15:48:56+09:00,VIRTUAL,KRW-VIRTUAL,VIRTUALUSDT,1093.0,-3.86983289,12929026425.50422,1790578118594,False,False,,9524361457.04915,8324627812.860142,10386867643.913097,8054190802.801289,9972809115.196741,1.1441185925856796,1.067526686745287,1.0449806956247059,2,11.909448818897639,12.685827552031714,중립,12154231.59107,0.487,8886474.3753,7069531.24163,10257922.45009,6870656.4331,9525582.8067,1.2570104115207323,1.1017150921449617,1.091430282545913,2,12.855609232420818,11.909514304723889,중립,,0.0,,26.8,관찰,26.8
2026-09-28T15:48:56+09:00,CAP,KRW-CAP,,73.6,1.65745856,14405466129.757744,1790578137505,False,False,,8540514263.639539,5779228683.3535795,14867271133.308311,13743323410.678299,21094502848.513226,1.4777948289603997,0.745032698235834,0.7114149236857612,2,5.693430656934306,15.286624203821674,중립,,,,,,,,,,,,,,NO_DATA,,0.0,,26.3,관찰,26.3
2026-09-28T15:48:56+09:00,CTC,KRW-CTC,,154.0,-4.9382716,850498608.0709709,1790578056777,False,False,,855797958.4094466,966598404.0661058,533162724.42825633,507150679.77491117,1122192074.792623,0.8853707546064998,1.2792758828014554,1.1748782631624708,1,3.8461538461538547,3.8461538461538547,중립,,,,,,,,,,,,,,NO_DATA,,0.0,,25.9,관찰,25.9
2026-09-28T15:48:56+09:00,STX,KRW-STX,STXUSDT,440.0,-3.930131,6242695263.516912,1790578137510,False,False,,8127510943.64809,9516321270.439722,5667517324.351759,4435230530.986427,6508480643.59532,0.8540601680708644,1.2427976411433073,1.2097415237644833,1,7.009345794392519,1.777777777777767,중립,2081150.52204,-8.099,2543947.18361,3073574.50456,2061839.04223,1879725.57724,2235634.5708,0.8276835911528297,1.0879102204384683,1.056553871498763,1,7.873764743385392,0.7442691277165903,중립,,0.0,,25.1,관찰,25.1
2026-09-28T15:48:56+09:00,FLOCK,KRW-FLOCK,,87.9,-9.2879257,10220078780.34678,1790578139285,False,False,,8842480695.776299,11641525936.892641,11614627205.163279,28876594592.805668,17715554280.63883,0.7595637155910968,0.5088441189066614,0.43114523137332034,1,-0.7172131147540894,-16.465517241379303,중립,,,,,,,,,,,,,,NO_DATA,,0.0,,25.0,관찰,25.0
2026-09-28T15:48:56+09:00,CHIP,KRW-CHIP,CHIPUSDT,60.8,-3.94944708,3059209557.8243775,1790578093169,False,False,,2667956317.825542,3073121789.3010616,4268932407.2429996,5271834333.730741,4756169042.432073,0.8681583421502899,0.6345282768486822,0.620991411968646,1,-2.914110429447858,0.0,중립,2482346.92504,-8.255,2793611.35308,3399045.61955,5213498.55063,5072408.47591,3088065.91625,0.8218811000982819,0.6124123536250987,0.6608252070424618,1,-2.594142259414234,-0.8517887563884274,중립,,0.0,,25.0,관찰,25.0
2026-09-28T15:48:56+09:00,LIT,KRW-LIT,,5965.0,-5.6916996,2632508936.1564136,1790578133174,False,False,,1892470249.719269,2210687164.039057,4115182468.93631,4212133790.0804925,4763621412.950914,0.8560552033339776,0.5387558270038448,0.5699534783979309,1,-8.59826589595376,-6.985294117647056,중립,,,,,,,,,,,,,,NO_DATA,,0.0,,25.0,관찰,25.0
2026-09-28T15:48:56+09:00,ZORA,KRW-ZORA,,11.1,-5.12820513,1714969346.4396791,1790578102203,False,False,,1224867180.991769,1317407655.3298965,1466478020.6642866,1878670248.1246493,3255992507.7118173,0.9297556273005306,0.7881088404681736,0.5743402426713077,1,-3.3057851239669422,-6.400000000000006,중립,,,,,,,,,,,,,,NO_DATA,,0.0,,25.0,관찰,25.0
2026-09-28T15:48:56+09:00,JPYC,KRW-JPYC,,8.56,-0.11668611,1334793953.286613,1790578125404,False,False,,1022664404.4608597,1250263158.2683022,1209124386.3152997,1668314310.229142,2957296186.876625,0.8179593213618468,0.7432690928986101,0.5126635368384008,1,-0.6952491309385911,0.1168224299065379,중립,,,,,,,,,,,,,,NO_DATA,,0.0,,25.0,관찰,25.0
2026-09-28T15:48:56+09:00,TOSHI,KRW-TOSHI,,0.167,-5.11363636,526292044.96198076,1790578130776,False,False,,372061558.5677266,401168339.80022264,375750547.4203052,551199581.3500766,1038933313.9414418,0.9274449692441061,0.840425535912079,0.35319608639864963,1,0.0,-2.7624309392265234,중립,,,,,,,,,,,,,,NO_DATA,,0.0,,25.0,관찰,25.0
2026-09-28T15:48:56+09:00,KAVA,KRW-KAVA,KAVAUSDT,92.7,-0.32258065,287694439.2954629,1790578032150,False,False,,427000849.6386993,550013606.4540145,779215901.1626651,361282503.93662614,361954391.82756424,0.776345975132526,0.757760098811167,0.925198776476616,1,-3.526970954356856,-1.6913319238900604,중립,487781.777752,0.338,328051.907362,512856.563704,920190.918395,679596.629644,552807.01349,0.639656252018524,0.4658407521719499,0.4668795164965252,1,-3.0714791224345395,-2.796309439318667,감소형,,0.0,,25.0,관찰,25.0
2026-09-28T15:48:56+09:00,BOUNTY,KRW-BOUNTY,,19.5,-3.4653465299999997,251303302.21093634,1790578052993,False,False,,199431661.9274251,214269109.43335652,160304521.96869004,93487629.62447628,314225027.1343003,0.9307532124197946,1.2782407680356453,1.0310207948012264,1,3.589743589743577,5.759162303664911,중립,,,,,,,,,,,,,,NO_DATA,,0.0,,24.9,관찰,24.9
2026-09-28T15:48:56+09:00,XLM,KRW-XLM,XLMUSDT,285.0,-2.3972602700000003,31827375735.864635,1790578138554,False,False,,18829612761.311474,21617357056.9015,60852984549.24012,34825542466.10956,44818941564.48005,0.8710413910335066,0.48159267250280313,0.4639407592403549,1,-1.683501683501687,0.6896551724137945,중립,22020263.0552,-3.912,16351085.1393,14789143.2055,46785564.5863,28982143.9193,37720881.8659,1.1056140921821032,0.5416846377830437,0.49798394856084505,2,-0.8727606798346388,-0.18501387604070718,중립,,0.0,,24.8,관찰,24.8
2026-09-28T15:48:56+09:00,MINA,KRW-MINA,MINAUSDT,192.0,-3.51758794,1247040557.5124092,1790578139945,False,False,,872124287.9060602,1109735214.3021643,1473691638.4910636,2347674969.4345565,3772633172.863013,0.7858850261451592,0.5305858524203318,0.2818672886329931,1,0.5050505050504972,-5.238095238095242,중립,1346086.75039,-1.996,1113391.81242,1391407.84778,2948998.69498,3009125.85164,6166012.91159,0.8001908385067856,0.45447455130683656,0.2510085464223159,1,1.172413793103444,-6.3218390804597675,중립,,0.0,,24.8,관찰,24.8
2026-09-28T15:48:56+09:00,SAHARA,KRW-SAHARA,SAHARAUSDT,12.8,-4.47761194,5110681676.486754,1790578113903,False,False,,3911595547.3575625,4091737000.1330953,3586700200.756401,5670755424.691838,6411877449.244839,0.9559743324730614,0.8790633989043707,0.7713069236079078,1,0.7518796992481258,0.7518796992481258,중립,1477655.99044,-3.374,1026390.15343,1653134.63841,1449471.35524,1594377.95334,2039412.28299,0.6208751117919781,0.6555633349062744,0.6028690416932591,1,2.471678681771383,0.4036326942482349,감소형,,0.0,,24.6,관찰,24.6
2026-09-28T15:48:56+09:00,CRV,KRW-CRV,CRVUSDT,450.0,-6.05427975,437650156.0693706,1790578086004,False,False,,477144736.28523475,616903610.9507459,259539870.064275,847104212.1523826,759612922.4042169,0.7734510348381318,0.8305161583461173,0.7688608041390845,1,1.2684989429175397,-1.4403292181069949,중립,3975360.72825,-5.352,2874488.96753,3432043.37315,3971553.5212,5080269.04276,6223934.73163,0.837544475695753,0.6907689449752552,0.6127481382239621,1,2.1971668112171105,-2.4827586206896624,중립,,0.0,,24.6,관찰,24.6
2026-09-28T15:48:56+09:00,MIRA,KRW-MIRA,MIRAUSDT,71.2,-5.44488712,1794616677.8227155,1790578138579,False,False,,1332521515.9384596,1415426338.547616,2323943089.0602827,2474564894.384905,3027705072.0470366,0.9414276671619479,0.6433226263217671,0.49767394178599705,1,-2.207792207792214,2.448979591836742,중립,581710.138354,-5.25,443105.520745,542084.995988,788155.845972,1427686.406082,892418.103759,0.8174096756494786,0.48199841499762286,0.4639989320840747,1,-1.5400955921401893,1.348396501457727,중립,,0.0,,24.5,관찰,24.5
2026-09-28T15:48:56+09:00,USDC,KRW-USDC,USDCUSDT,1360.0,0.29498525,1730650873.7285492,1790578092510,False,False,,1153356903.4482853,1200605612.706693,972971952.0326549,1303531410.828122,2462911451.9630013,0.9606459367186463,0.9950998759767565,0.7203816388478845,1,-0.7320644216691097,1.0432190760059523,중립,1527721113.29096,0.014,1131292993.26282,875062768.7218,2970483318.24134,2984297405.54443,3509948476.96585,1.292813537153791,0.49691899726715416,0.4196874053695635,2,-0.007998080460702717,0.01099945002747127,중립,,0.0,,24.5,관찰,24.5
2026-09-28T15:48:56+09:00,FF,KRW-FF,FFUSDT,177.0,0.0,1041493383.5632838,1790578132478,False,False,,745571393.9605957,889832595.3579551,1198618355.500902,2408375112.317738,2702913518.870683,0.8378782681709619,0.4973984206766837,0.4308981299830683,1,-4.8387096774193505,2.3121387283236983,중립,1085292.822332,-1.7,721604.379432,578409.318016,1538592.615785,2515856.141719,4115501.310267,1.2475670030821304,0.46727378715416784,0.35861567481034234,2,-3.8453071108828007,1.7708737864077673,중립,,0.0,,24.5,관찰,24.5
2026-09-28T15:48:56+09:00,AUCTION,KRW-AUCTION,AUCTIONUSDT,5025.0,-4.19447092,614858214.2650585,1790577930104,False,False,,492022561.2306101,512985859.35526645,626187696.5127835,5813449819.581058,779707443.8509535,0.9591347446672241,0.21230370235558502,0.2881937404722608,1,0.7684918347742542,1.6472868217054293,중립,397829.09123,-5.519,312069.56161,381556.56009,374011.50177,1235923.616,678146.61102,0.8178854572344144,0.4701042415783645,0.46264923008078207,1,1.4952780692550016,0.7552083333333348,중립,,0.0,,24.4,관찰,24.4
2026-09-28T15:48:56+09:00,SHIB,KRW-SHIB,SHIBUSDT,0.00772,-3.8605230400000003,8904217253.873196,1790578130767,False,False,,6164235630.590132,7257317016.724076,10127354094.763533,10556722104.474813,14052369404.44906,0.8493821637369567,0.6618391126325741,0.4994743457899804,1,1.9035532994923887,-2.073170731707319,중립,5632958.42413079,-3.892,4569829.53060953,4734969.35211526,6370535.16849092,5294558.73740545,11794271.88294115,0.9651233599997945,0.8359412019420923,0.5232763540535266,1,2.772963604852685,-2.9459901800327315,중립,,0.0,,24.3,관찰,24.3
2026-09-28T15:48:56+09:00,MBL,KRW-MBL,MBLUSDT,1.15,0.0,963500766.4235208,1790577857526,False,False,,312702944.4419855,319658586.47516066,320329527.38805723,222326450.02686757,609725695.8088008,0.9782404029565598,1.087896311403981,0.9098092077730803,1,1.7699115044247815,3.603603603603589,중립,299543.157131,-1.41,162693.17996,171838.523289,242830.114059,179429.759492,487160.9855,0.9467794348207983,0.8215466368468378,0.5422007969437711,1,3.649635036496357,4.029304029304037,중립,,0.0,,24.3,관찰,24.3
2026-09-28T15:48:56+09:00,AI,KRW-AI,AIUSDT,27.7,-3.4843205600000005,639115314.0443261,1790578078109,False,False,,596083938.2082591,636133196.8618762,586004411.7189287,530954130.03510886,856018693.2078984,0.9370426526218328,1.0200560388451907,0.9731434585938309,1,2.499999999999991,-0.692041522491349,중립,571527.37337,-4.02,442940.7781,542451.00564,883235.46961,3041037.50173,1323182.19715,0.8165544417737878,0.29749372048693973,0.353478191245065,1,-2.4752475247524774,5.3475935828876775,중립,,0.0,,24.3,관찰,24.3
2026-09-28T15:48:56+09:00,BSV,KRW-BSV,,27260.0,-5.93512767,1668251905.1646714,1790578122736,False,False,,1100154631.3252623,1168562143.96585,2066862809.3949728,4438864970.851167,51279663413.94648,0.9414600986401739,0.43006765792923635,0.06818933915305003,1,0.1728309713100673,3.5739814152966343,중립,,,,,,,,,,,,,,NO_DATA,,0.0,,24.2,관찰,24.2
2026-09-28T15:48:56+09:00,GRVT,KRW-GRVT,,267.0,-2.1978022,897469594.7668402,1790578138235,False,False,,692425510.2193677,836577317.3919842,1268353984.1080494,4105181033.295554,1862802934.9533849,0.8276886019071049,0.33449902653435315,0.37125740417493974,1,-2.1505376344086002,3.802281368821303,중립,,,,,,,,,,,,,,NO_DATA,,0.0,,24.2,관찰,24.2
2026-09-28T15:48:56+09:00,DOS,KRW-DOS,,293.0,-4.56026059,2343503264.581751,1790578084324,False,False,,1600798639.8116198,1730808432.9591353,1291286134.9064682,2347559901.2211156,3909547061.2758193,0.9248849319937505,0.8943584633019523,0.7141226469278643,1,0.32679738562091387,3.716216216216206,중립,,,,,,,,,,,,,,NO_DATA,,0.0,,24.1,관찰,24.1
2026-09-28T15:48:56+09:00,DKA,KRW-DKA,,5.71,-3.5472973,352539825.7450249,1790578082918,False,False,,267430080.20628577,339462835.9896932,275775194.9614227,254989420.3100747,765478487.005146,0.7878037058949378,0.9219316621834047,0.6577283345452432,1,0.8517887563884052,2.77777777777779,중립,,,,,,,,,,,,,,NO_DATA,,0.0,,24.1,관찰,24.1
2026-09-28T15:48:56+09:00,MORPHO,KRW-MORPHO,MORPHOUSDT,3437.0,-6.90682557,1753374218.2447548,1790578132826,False,False,,1439537297.7488236,1728046598.0643027,3531586622.0659103,8231004960.029654,2037787911.1594174,0.8330431015930606,0.32011916972153903,0.43303355940481014,1,-4.004160166406656,4.441301272984433,중립,5093303.06925,-7.085,4086786.04356,4444928.23317,7448499.70856,11006076.30725,7351263.86064,0.9194267779314442,0.5353984085147218,0.568197257846841,1,-3.336883209087693,3.4574468085106336,중립,,0.0,,24.0,관찰,24.0
2026-09-28T15:48:56+09:00,ADA,KRW-ADA,ADAUSDT,334.0,-3.1884058,17770987318.58054,1790578134180,False,False,,13020394514.746384,16961662977.053387,24403876608.524612,15449326377.489492,25099966365.799915,0.7676366717320728,0.687516953214866,0.6029498897012705,1,2.3738872403560762,1.1730205278592365,중립,38452111.52427,-4.025,28652083.37617,42377244.74393,57092332.74667,41843522.36475,60468039.9036,0.6761195436207317,0.608268095572852,0.5163401790051859,1,2.9874848607186033,0.3145890680298802,감소형,,0.0,,23.9,관찰,23.9
2026-09-28T15:48:56+09:00,ORBS,KRW-ORBS,,9.9,-2.94117647,239991435.48522052,1790578038360,False,False,,171460058.11936706,177096651.04039443,204319278.92087072,310613852.3240799,460617911.8109733,0.9681722218465797,0.7432919615965408,0.37029387847680195,1,2.0000000000000018,2.0000000000000018,중립,,,,,,,,,,,,,,NO_DATA,,0.0,,23.9,관찰,23.9
2026-09-28T15:48:56+09:00,CYBER,KRW-CYBER,CYBERUSDT,464.0,-5.11247444,238925485.25028902,1790577813006,False,False,,153565741.99416873,197573201.34109342,203995751.48431224,297731945.10968703,609465993.0511297,0.7772599773237994,0.6587968460255959,0.40054257434279605,1,2.3012552301255207,1.4522821576763434,중립,441085.78795,-5.249,367992.66023,505566.2667,736506.54664,918498.72857,1230898.98267,0.7278821481346275,0.5109657140601117,0.3703988865734557,1,3.1339031339031376,0.27700831024930483,감소형,,0.0,,23.9,관찰,23.9
2026-09-28T15:48:56+09:00,ZETA,KRW-ZETA,,69.4,-3.6111111100000004,1629302660.742665,1790578139607,False,False,,2499920976.7806897,3068877780.0882287,3497202941.3979015,4238094682.1487226,12969103337.744614,0.814604280757254,0.6941541256187789,0.1396397276967037,1,3.746397694524495,-4.0000000000000036,중립,,,,,,,,,,,,,,NO_DATA,,0.0,,23.7,관찰,23.7
2026-09-28T15:48:56+09:00,1INCH,KRW-1INCH,1INCHUSDT,134.0,-4.96453901,654711587.095021,1790578026367,False,False,,261708655.09498495,306865123.6683576,325141851.0759618,418180490.8950451,513773228.5490787,0.8528458756291406,0.747605538033119,0.6842283953965937,1,2.9197080291970767,1.4388489208633004,중립,703236.20762,-5.121,448626.07704,415697.09215,690369.47943,488621.53171,769396.48919,1.0792138927883526,0.8439758397540683,0.7481901148792176,2,2.8884462151394397,-0.7684918347742542,중립,,0.0,,23.7,관찰,23.7
2026-09-28T15:48:56+09:00,NCT,KRW-NCT,,14.1,-4.0816326499999995,690066847.9166752,1790577798653,False,False,,392299666.82538277,465134700.00733536,314112406.86464876,373800609.8509307,565667304.705099,0.8434108803733543,1.0206854264635479,0.9343683540745958,1,2.083333333333326,4.255319148936176,중립,,,,,,,,,,,,,,NO_DATA,,0.0,,23.5,관찰,23.5
2026-09-28T15:48:56+09:00,PENDLE,KRW-PENDLE,PENDLEUSDT,3364.0,-5.74390586,993304762.7550054,1790578100230,False,False,,846343734.0356897,846850447.0221015,840140410.6259723,1281369647.4021833,2115688278.1443222,0.9994016499746873,0.8553648378582239,0.6136488032552536,1,0.9047215154085464,6.157049375371804,중립,6278990.1609,-6.611,4610249.7756,4088013.7924,6596483.8093,9014925.6728,8586146.7858,1.127748097173959,0.7020890476881763,0.5998591571694465,2,1.580570547417115,4.854755272582567,중립,,0.0,,23.3,관찰,23.3
2026-09-28T15:48:56+09:00,THETA,KRW-THETA,THETAUSDT,305.0,-3.7854889599999995,436149296.87923175,1790578019486,False,False,,255798144.71392927,311815069.75217295,344530206.5192967,324425685.50521815,767327915.9683614,0.8203520917614235,0.7824400028643141,0.589034310144078,1,4.276315789473695,2.2580645161290214,중립,793204.95636,-4.683,696601.75341,713257.57624,920902.18724,1113380.07981,1179074.65749,0.9766482356657148,0.7606096287679651,0.6447233458988885,1,4.751232631107127,0.7327586206896441,중립,,0.0,,23.0,관찰,23.0
2026-09-28T15:48:56+09:00,ZRX,KRW-ZRX,ZRXUSDT,165.0,-3.50877193,222169017.5150598,1790578016450,False,False,,197601107.59548363,220507742.40611386,281156652.29055727,356970795.0249217,477787100.75450057,0.8961186824522352,0.6904018492168527,0.5725449021175307,1,3.6363636363636376,3.6363636363636376,중립,211399.6937,-4.56,122066.4043,147548.105,268044.7154,232768.9433,264175.5541,0.8272990310516017,0.5648069232371359,0.509303588222179,1,3.70981038746907,2.777777777777768,중립,,0.0,,22.9,관찰,22.9
2026-09-28T15:48:56+09:00,CKB,KRW-CKB,CKBUSDT,1.82,-5.69948187,204544659.5872892,1790578090130,False,False,,198866818.33452657,225247524.08964974,315883686.7812772,771389511.3674283,370739005.4557307,0.8828812620172308,0.45454555108748707,0.5089475698239645,1,1.5789473684210575,8.426966292134818,중립,379112.290498,-4.947,298509.582669,328533.915645,474851.217279,530523.268623,553070.91951,0.9086111614472004,0.6713570039505042,0.6607336189884134,1,1.7191977077363862,7.088989441930638,중립,,0.0,,22.6,관찰,22.6
2026-09-28T15:48:56+09:00,ETHFI,KRW-ETHFI,ETHFIUSDT,919.0,-5.93654043,1462442060.3922832,1790578091124,False,False,,1237463121.7685735,1357545779.3831737,1397917986.9397137,961610344.5209469,1792246293.6845233,0.911544303375786,0.9987396685138865,0.871311888750038,1,5.507559395248385,2.733964248159837,중립,8552103.47677,-9.107,6812319.25748,6232584.83986,5753531.01373,3994945.9606,7276437.77192,1.0930166909100627,1.2788235231211917,1.1203750827519634,4,6.122148638704927,1.6922859963333758,연속 가속형,,0.0,,22.5,관찰,22.5
2026-09-28T15:48:56+09:00,BLUR,KRW-BLUR,BLURUSDT,27.3,-4.87804878,1594583432.059365,1790578032494,False,False,,833666587.5044135,969628729.7145889,1022404853.1101134,433045591.72313356,1049827901.1822863,0.8597791731581674,1.0313064368216185,0.9239923243417045,1,5.514705882352944,4.744525547445266,중립,378793.087442,-5.007,194688.630196,419150.937922,268239.559108,186274.266864,338481.653337,0.46448334616927356,0.6685240320151717,0.6524695274254255,1,6.009013520280426,3.7236648701616915,감소형,,0.0,,22.3,관찰,22.3
2026-09-28T15:48:56+09:00,API3,KRW-API3,API3USDT,373.0,-3.3678756499999998,829857142.0355885,1790577848343,False,False,,538929203.3822637,709501841.3636439,652410981.0954163,918922735.4122962,9867817848.81384,0.7595881673068754,0.7088575958784579,0.20986535627251007,1,4.607046070460696,5.177111716621252,중립,925259.633663,-3.292,666942.564764,611330.942317,726719.287029,529007.402933,3241184.735142,1.0909681133368236,1.0716475269430839,0.587723721260646,2,5.331358756016269,3.9839181286549508,중립,,0.0,,22.2,관찰,22.2
2026-09-28T15:48:56+09:00,AAVE,KRW-AAVE,AAVEUSDT,202600.0,-3.43183985,3838833818.796789,1790578137149,False,False,,3630293912.715418,4811621061.948952,6910748721.960256,5308166350.537992,9432826754.37514,0.754484583464884,0.6394914201272599,0.5739386166903254,1,4.638403990024931,5.745967741935476,중립,17828465.1204,-4.424,15568836.4205,17425951.4153,30344939.85835,21513121.98949,34731929.21475,0.8934282008172333,0.6741311171468827,0.626359053685007,1,5.2065609473899155,4.4036201539916275,중립,,0.0,,22.1,관찰,22.1
2026-09-28T15:48:56+09:00,IOTA,KRW-IOTA,IOTAUSDT,68.3,-1.44300144,4925297874.950165,1790578134171,False,False,,1239698535.8889723,1526513158.1693034,1559266960.454715,1194717089.766715,1725997795.4161372,0.8121112676000131,0.8688466378103591,0.8586641340038824,1,5.640243902439024,5.000000000000004,중립,2477611.97,-1.176,1163520.2214,1256384.4243,993385.2837,833936.3691,1143934.2513,0.9260861555556613,1.1319368892260369,1.171586833762471,1,6.4583333333333215,4.2857142857142705,중립,,0.0,,21.9,관찰,21.9
2026-09-28T15:48:56+09:00,DATA,KRW-DATA,,304.0,-4.40251572,15859514331.731705,1790578117231,False,False,,8772959290.434776,9075113051.978819,16345239650.771955,23844881873.41723,25536375552.554024,0.9667052344347206,0.534228205705856,0.4222902264263654,1,5.298013245033117,7.796610169491536,중립,,,,,,,,,,,,,,NO_DATA,,0.0,,21.4,관찰,21.4
2026-09-28T15:48:56+09:00,BARD,KRW-BARD,BARDUSDT,195.0,-4.87804878,835669831.8677471,1790578118612,False,False,,503596149.607618,634597802.23686,593484930.9725345,829416272.3279619,1272499316.985045,0.7935674341015974,0.7342839266297879,0.5733458844577843,1,6.770833333333326,6.217616580310881,중립,473362.60279,-4.927,420699.74066,447061.10581,798908.81838,591125.71265,851408.64291,0.9410340895072105,0.6870079034921367,0.6466038293895989,1,7.270135424091229,4.513888888888884,중립,,0.0,,21.3,관찰,21.3
2026-09-28T15:48:56+09:00,BAT,KRW-BAT,BATUSDT,125.0,-6.0150375899999995,257916628.38465542,1790578038001,False,False,,186442715.045811,247003997.79325888,290559670.5074061,294733966.6536725,890796621.5739106,0.7548165888467223,0.6720289973767851,0.36693641961100304,1,7.258064516129026,7.258064516129026,중립,597608.3522,-3.967,604750.3074,392407.3565,319895.5469,561810.1474,1437734.119,1.5411288738161055,1.4239324532943558,0.8697183024788407,3,7.947019867549665,6.5359477124183,고수준 유지형,,0.0,,20.9,관찰,20.9
2026-09-28T15:48:56+09:00,PLUME,KRW-PLUME,PLUMEUSDT,24.2,-5.09803922,3197067677.000767,1790578109955,False,False,,2623513162.1985455,3407720479.381135,4489907543.75483,6476327931.8389435,2363078480.1987147,0.7698733443873874,0.5475555589045475,0.7133456798647715,1,3.238866396761142,16.972477064220183,중립,4752032.43094,-2.143,3295830.61703,4838217.88938,9061975.44244,10395113.29038,5348305.67044,0.6812075628640919,0.4069712724701831,0.4973522081574077,1,3.703703703703698,14.74006116207951,감소형,,0.0,,20.1,관찰,20.1
2026-09-28T15:48:56+09:00,MON,KRW-MON,,37.5,-1.57480315,2138850989.0847309,1790577851477,False,False,,1418302383.849408,1560777392.6524596,1586101106.285417,1487307911.1657581,2656321186.9634585,0.9087153559029177,0.9181562360701565,0.7990962343161325,1,11.730205278592365,4.383561643835621,중립,,,,,,,,,,,,,,NO_DATA,,0.0,,19.9,관찰,19.9
2026-09-28T15:48:56+09:00,AWE,KRW-AWE,AWEUSDT,90.0,-2.9126213599999997,1918970274.6813207,1790578100231,False,False,,2928508554.087917,4738631938.853953,531760012.6767444,325220751.3625015,890359306.5973148,0.6180071784170226,1.5700739362681793,2.080362854495878,1,4.509582863585115,7.5406032482598695,감소형,515400.03539,-10.484,718133.10357,1023590.2836,177350.37928,87769.81325,263862.75461,0.7015825717339782,1.6717481161320777,2.067012794016746,1,5.460434983803797,6.429016189290149,감소형,,0.0,,19.7,관찰,19.7
2026-09-28T15:48:56+09:00,ARKM,KRW-ARKM,ARKMUSDT,184.0,-6.12244898,535189799.1906922,1790578128436,False,False,,400168560.4425198,452927091.0845152,475561840.4064704,250199123.4451362,651016781.0671427,0.8835165047962414,1.018510093743692,0.7924543792091975,1,12.00000000000001,10.1123595505618,중립,1148759.77696,-2.945,907056.99484,1637970.36515,1580898.00127,1056159.66352,1659459.9336,0.5537688679470918,0.6365270509251355,0.5655549617039329,1,13.458528951486691,9.5166163141994,감소형,,0.0,,18.7,관찰,18.7
2026-09-28T15:48:56+09:00,ZRO,KRW-ZRO,ZROUSDT,2058.0,-7.63016158,3186597781.458253,1790578132146,False,False,,2083116976.6755073,2688053191.834902,7174899630.116448,9700905994.68138,14936086077.33316,0.7749537780736933,0.3194334506602282,0.23066008038828495,1,13.211382113821134,19.335832886984463,중립,10885028.54658,-9.779,9339634.48358,11748239.91274,15071918.83523,20107382.00397,33229836.65702,0.7949815932386549,0.5970673724167336,0.4639760198385918,1,14.176511466296038,18.20143884892087,중립,,0.0,,16.1,관찰,16.1
2026-09-28T15:48:56+09:00,XPL,KRW-XPL,XPLUSDT,142.0,-1.38888889,12726983318.97546,1790578138223,False,True,입금량급등,10645900593.455856,13516830536.158382,24378451291.233715,13161432831.54337,10457320600.377972,0.7876033190604406,0.6255338204527058,0.7470011755768385,1,-1.3698630136986356,10.769230769230775,중립,29655412.093513,-5.917,25954950.195166,40452468.312541,60692175.01912,32149657.542321,20748396.667269,0.6416159823582259,0.5841573876373931,0.7656817922468221,1,-4.177569250203006,10.200269793504212,감소형,,0.0,,14.6,관찰,14.6
2026-09-28T15:48:56+09:00,IRYS,KRW-IRYS,,25.4,11.89427313,32985559520.345608,1790578139609,False,False,,295724527.42604685,392244077.4361227,664229774.6971644,358642660.6908418,563392125.7704713,0.7539298728460874,0.6269261747978759,0.5854173818969541,1,0.4424778761061843,3.65296803652968,중립,,,,,,,,,,,,,,NO_DATA,,0.0,,14.5,관찰,14.5
2026-09-28T15:48:56+09:00,WLFI,KRW-WLFI,WLFIUSDT,77.8,-2.01511335,3754192137.384753,1790578129753,False,False,,3899726003.1758885,5502014510.796696,1831309784.0394216,2631666888.2063565,4786155788.871419,0.7087814827684279,1.174027933856708,1.0109439617027176,1,2.983138780804162,1.146496815286624,감소형,6166309.02856,-1.377,5015620.26881,6955342.23556,6814575.39247,7127876.38296,9080895.05936,0.7211176817679877,0.7200214911926571,0.6275036091498649,1,3.7168141592920367,0.3424657534246478,감소형,,0.0,,13.2,관찰,13.2
2026-09-28T15:48:56+09:00,COMP,KRW-COMP,COMPUSDT,31730.0,-4.4277108400000005,609819787.2302662,1790578135479,False,False,,2210952578.26587,385799337.338533,1017042543.198578,13485979478.734259,364019591.5446127,5.73083560360238,0.44549246543731846,0.7106488179887733,2,1.3431013431013383,6.206014075495836,일회성 폭증형,1565930.87003,-4.853,2284364.44862,871656.12567,1454331.65298,5092679.38648,1138940.75476,2.6207174840469563,0.9237634191316239,1.2015136139407268,2,2.000833680700298,4.931389365351624,중립,,0.0,,13.2,관찰,13.2
2026-09-28T15:48:56+09:00,HOME,KRW-HOME,HOMEUSDT,8.12,-3.56294537,1257710356.5991433,1790578020879,False,False,,1105206277.8784149,2251639081.4195375,2917834491.75198,4086170245.3798304,1935064489.7062762,0.49084521893341876,0.35822670995502837,0.38727848311262986,1,-1.6355140186915973,-4.426787741203187,감소형,925486.47326,-6.113,759867.80352,860520.30048,1467973.66799,1626470.62157,1831697.71185,0.8830329779508329,0.5763903465282212,0.4630943061304564,1,-1.4285714285714235,-5.335365853658535,중립,,0.0,,13.0,관찰,13.0
2026-09-28T15:48:56+09:00,INJ,KRW-INJ,INJUSDT,10060.0,-4.64454976,943250826.4070913,1790578046183,False,False,,901449146.6057216,1413060366.293055,1204157289.1378722,3299221219.841468,2699436780.3268714,0.6379410024573358,0.45709040468919837,0.41692857531377425,1,-3.7408759124087587,-0.2835538752362976,감소형,11082151.22453,-5.655,9774427.57151,13087085.27086,17714271.38839,23851049.90338,26842439.41671,0.7468758221721045,0.5365414728979301,0.4870594238975117,1,-3.1195625155356677,-1.3665696570922425,감소형,,0.0,,13.0,관찰,13.0
2026-09-28T15:48:56+09:00,VET,KRW-VET,VETUSDT,12.0,-3.2258064500000003,867385276.3254921,1790578137508,False,False,,774775244.77991,1110578197.936596,863791921.013069,1208455392.947247,3071323794.0764594,0.6976323200107902,0.7302711774967738,0.5148397803343849,1,-1.5873015873015817,0.0,감소형,1737956.6092899,-6.464,1805608.0399451,3105022.6978709,2077075.8693211,1874288.7073794,3797549.1906224,0.5815120260419343,0.7676483601396883,0.690271926623781,1,-0.7328375902575734,-0.903711672942431,감소형,,0.0,,13.0,관찰,13.0
2026-09-28T15:48:56+09:00,SYRUP,KRW-SYRUP,SYRUPUSDT,287.0,-2.71186441,850965049.0639851,1790578140304,False,False,,775206799.3220973,1087305985.161243,922174180.9328914,1867891821.5083742,1902703161.5017471,0.7129610338778163,0.5997929539394775,0.5443307274759451,1,-0.33783783783783994,-0.33783783783783994,감소형,1933766.80614,-5.396,1716623.70662,1897914.05905,2052788.08716,2216534.91004,2009543.79215,0.9044791561738339,0.8350369983980134,0.8928355512036334,1,0.0,-1.1353315168029066,중립,,0.0,,13.0,관찰,13.0
2026-09-28T15:48:56+09:00,ELSA,KRW-ELSA,,80.5,2.67857143,11693631918.25915,1790578121714,False,False,,1295423297.4916577,2422830825.4513936,531986137.5683196,643727038.1422617,605405122.6466119,0.5346734422740017,1.0799561965117257,1.316581454403994,1,-0.6337135614702172,0.9009009009009139,감소형,,,,,,,,,,,,,,NO_DATA,,0.0,,12.9,관찰,12.9
2026-09-28T15:48:56+09:00,BFC,KRW-BFC,,38.3,-5.66502463,1428382722.972676,1790578123404,False,False,,1004614797.0265989,2098615287.4534564,657952625.2843801,760647213.9787546,1687073173.7591593,0.47870364951245475,0.8568837226323703,0.6234890520589967,1,0.24691358024691024,-0.4901960784313597,감소형,,,,,,,,,,,,,,NO_DATA,,0.0,,12.9,관찰,12.9
2026-09-28T15:48:56+09:00,MOODENG,KRW-MOODENG,,62.8,-4.848484849999999,732990836.324682,1790578042368,False,False,,485690246.9347231,752950731.6651403,3895280204.393586,1130209833.6030025,2270673600.1712136,0.6450491732183137,0.252156385932717,0.2438610425022048,1,-1.3452914798206317,0.7633587786259444,감소형,,,,,,,,,,,,,,NO_DATA,,0.0,,12.8,관찰,12.8
2026-09-28T15:48:56+09:00,NXPC,KRW-NXPC,NXPCUSDT,316.0,-6.508875740000001,804244932.4659239,1790578086362,False,False,,391581005.8188522,621506456.0041522,686056408.8823014,840251522.1155685,1898021095.1757982,0.630051388905019,0.5469481090013065,0.12875067794836043,1,0.29673590504450953,0.8955223880596996,감소형,602573.08619,-7.808,211012.40439,306837.95293,264367.4467,375679.60783,512491.95133,0.687699818014817,0.6685470866923003,0.22748451948313528,1,-0.5140371688414525,0.5997600959616101,감소형,,0.0,,12.7,관찰,12.7
2026-09-28T15:48:56+09:00,PYUSD,KRW-PYUSD,,1361.0,-0.07342144,694756430.7371521,1790578127409,False,False,,56762622.14386304,143889127.62964725,169623701.76420486,188151862.18501136,309240083.97385824,0.39448861132832064,0.33944558843806777,0.2641296954496186,1,-0.43859649122807154,1.5659955257270708,감소형,,,,,,,,,,,,,,NO_DATA,,0.0,,12.7,관찰,12.7
2026-09-28T15:48:56+09:00,F,KRW-F,FUSDT,4.86,-5.4474708199999995,1822955002.9520106,1790578128087,False,False,,1371685684.647897,1931243672.5285752,1663248314.4275296,1650657542.8913343,3548448424.673397,0.7102602867570567,0.7845452318426815,0.5993650991302879,1,0.19493177387914784,1.5810276679841806,감소형,497827.1123,-4.963,340633.654587,386546.634428,358943.227689,597008.545865,1048141.314729,0.8812226630586485,0.7611934268861356,0.516022226714305,1,0.8739406779661119,0.9006622516556151,중립,,0.0,,12.6,관찰,12.6
2026-09-28T15:48:56+09:00,WAVES,KRW-WAVES,,386.0,-4.4554455399999995,1461125549.8091307,1790578135144,False,False,,1296331374.3627748,2025617903.8091538,2362317773.48922,11326988386.6373,5880565288.264212,0.6399683631967494,0.24747139135169055,0.2851773469950037,1,-1.703163017031628,1.7632241813602123,감소형,,,,,,,,,,,,,,NO_DATA,,0.0,,12.6,관찰,12.6
2026-09-28T15:48:56+09:00,SPX,KRW-SPX,,579.0,-3.9800994999999997,500562892.9993568,1790577849393,False,False,,443239479.26344657,699051316.2309495,636904174.199095,902396799.4358153,1585496530.6417246,0.6340585719132114,0.5940612850848546,0.48284182011265264,1,1.1744966442952975,-13.486370157819227,감소형,,,,,,,,,,,,,,NO_DATA,,0.0,,12.6,관찰,12.6
2026-09-28T15:48:56+09:00,MNT,KRW-MNT,,898.0,-2.17864924,558437583.5501432,1790578083312,False,False,,488890096.72619236,852527066.4546248,532304333.0492524,732090609.2035265,909645682.1683378,0.5734599122574758,0.6928315186604954,0.6390963563369164,1,-0.8639308855291628,2.2271714922049046,감소형,,,,,,,,,,,,,,NO_DATA,,0.0,,12.5,관찰,12.5
2026-09-28T15:48:56+09:00,TRUMP,KRW-TRUMP,TRUMPUSDT,2747.0,-4.48539638,24204988306.399673,1790578124426,False,False,,19658973401.580322,27361577859.25581,27165574975.272278,35829199609.617615,56764668225.943756,0.7184882941584501,0.6527147080355848,0.5321086618305694,1,1.6254416961130724,-4.451827242524919,감소형,20875818.353381,-4.849,15720694.684865,17592642.604479,21577041.133215,26792867.109435,44376078.825917,0.8935948417927042,0.714982720481734,0.5310755413229868,1,2.409638554216853,-5.30303030303031,중립,,0.0,,12.4,관찰,12.4
2026-09-28T15:48:56+09:00,CP,KRW-CP,,17.4,-3.86740331,2997452279.673621,1790577985106,False,False,,2231776752.114995,3243233227.9681396,2451448370.5874968,2763263527.8686366,4883607939.08363,0.6881332902207548,0.7916024703716114,0.6480988881523749,1,2.259887005649719,-3.208556149732611,감소형,,,,,,,,,,,,,,NO_DATA,,0.0,,12.2,관찰,12.2
2026-09-28T15:48:56+09:00,KAITO,KRW-KAITO,KAITOUSDT,462.0,-5.71428571,1876667952.632738,1790578128086,False,False,,1416279118.6572537,2665275256.7620263,1676299452.973401,2705624146.60792,4909042866.376387,0.5313819332783866,0.602911517410536,0.4962401925642712,1,2.5104602510460206,-0.8097165991902799,감소형,2128144.40168,-4.882,1510200.046,2064985.68967,1959004.14913,3456613.44715,4267302.25743,0.7313368095259494,0.6056463582969748,0.5170491393183836,1,3.0571428571428694,-1.9570535471595485,감소형,,0.0,,12.1,관찰,12.1
2026-09-28T15:48:56+09:00,WIF,KRW-WIF,WIFUSDT,317.0,-4.51807229,191454538.01692587,1790576809970,False,False,,138501509.18271646,228640162.0043103,460423420.99201286,1066283524.2519665,550184537.2006671,0.6057619447457592,0.23670790001158287,0.09403968533060035,1,2.4691358024691468,-3.206997084548102,감소형,2942711.063347,-5.909,2538309.51993,2552676.392501,4011763.215181,4963595.593394,7257684.60687,0.9943718394492912,0.6605573653244258,0.3689114068881038,1,3.208104685521307,-4.267815191855917,중립,,0.0,,12.1,관찰,12.1
2026-09-28T15:48:56+09:00,OPG,KRW-OPG,OPGUSDT,170.0,-4.49438202,582561243.259389,1790578044751,False,False,,801978487.778165,5097549420.003546,184430144.7257397,350458456.370961,1177705088.7889283,0.1573262800809898,0.42715702406690964,0.40725275579861725,1,2.8901734104046284,-3.2608695652173947,감소형,857641.33543,-7.749,784708.41184,2055370.71337,539048.84836,654244.29941,2577499.13906,0.3817843694743449,0.7246441417592233,0.45687520681238375,1,4.189723320158101,-3.372434017595305,감소형,,0.0,,12.0,관찰,12.0
2026-09-28T15:48:56+09:00,ETC,KRW-ETC,ETCUSDT,12460.0,-4.22751729,6274130699.587557,1790578100228,False,False,,4064383601.5935335,5783833070.050384,9029163429.900164,32540528088.281086,13125259571.38225,0.7027145410955176,0.25749193773446927,0.2775510975775612,1,1.4029618082618933,2.7646129541864184,감소형,4940807.3127,-3.273,3143511.7325,5422341.8775,7748461.4414,23310380.4808,10340449.6871,0.5797332229352777,0.25850408937600183,0.27902520822278326,1,2.1299254526091493,1.58898305084747,감소형,,0.0,,11.9,관찰,11.9
2026-09-28T15:48:56+09:00,BORA,KRW-BORA,,38.1,-3.05343511,466839560.90307164,1790578076775,False,False,,358360261.2094626,721981630.8988461,500004948.32935196,358469586.4965401,1252435872.5863886,0.496356480376536,0.6802344835267202,0.4595835447624716,1,2.34375,1.5503875968992054,감소형,,,,,,,,,,,,,,NO_DATA,,0.0,,11.8,관찰,11.8
2026-09-28T15:48:56+09:00,QTUM,KRW-QTUM,QTUMUSDT,1331.0,-4.3134435700000004,705965276.0634016,1790578122725,False,False,,724737288.899015,1804277968.0302393,2498255308.2854114,900537802.3521221,1354635756.187242,0.4016771815321909,0.41787087545491386,0.4985059574639636,1,1.9794721407624616,2.581120943952797,감소형,307180.6211,-4.59,296237.011,703306.8482,978108.6181,238104.7797,447011.585,0.4212059242109908,0.46298601687163443,0.5422196524789549,1,2.497502497502513,1.5841584158415856,감소형,,0.0,,11.7,관찰,11.7
2026-09-28T15:48:56+09:00,PROVE,KRW-PROVE,PROVEUSDT,308.0,-4.0498442400000005,684550477.9605305,1790578034990,False,False,,497179926.4486892,1392396108.7870903,398791095.8248659,748567903.4606488,2003050654.7005785,0.35706787983038846,0.5872770073796534,0.2553485479473993,1,0.9433962264151052,4.90196078431373,감소형,961610.43269,-4.964,808369.55342,1128234.81915,1201165.02622,167470680.70228,36052813.4043,0.7164905210326844,0.014282140811938283,0.01797460443528787,1,1.0287183883411766,3.422553751645463,감소형,,0.0,,11.6,관찰,11.6
2026-09-28T15:48:56+09:00,HUNT,KRW-HUNT,,138.0,-3.4965034999999998,219319879.63596168,1790577885105,False,False,,167241175.71379066,451084632.30524045,223800197.50289848,375851535.13567114,714973402.3237224,0.3707534323639332,0.47749706194684,0.42890585490281935,1,1.4184397163120588,4.379562043795615,감소형,,,,,,,,,,,,,,NO_DATA,,0.0,,11.5,관찰,11.5
2026-09-28T15:48:56+09:00,POLYX,KRW-POLYX,POLYXUSDT,58.6,-4.8701298699999995,1293404301.5954287,1790578113565,False,False,,977146160.995729,3132571496.227811,1085720360.3985474,1411692152.519149,1433869239.0717933,0.3119310005126433,0.5206832698326095,0.598768203556945,1,1.9867549668874274,4.761904761904767,감소형,449219.41481,-5.895,337690.85346,695559.81833,605478.5719,493417.63061,469853.35465,0.4854950567311044,0.5645569178707274,0.6449468483179409,1,2.708803611738153,3.6446469248291535,감소형,,0.0,,11.3,관찰,11.3
2026-09-28T15:48:56+09:00,ICP,KRW-ICP,ICPUSDT,4131.0,-3.05092701,865988298.2444425,1790577979608,False,False,,701595645.680755,1044431910.9403377,1207825298.2587032,1556207005.9598398,2458192512.2722893,0.6717485729147097,0.5526602898524171,0.4962066789873386,1,1.5007146260123783,5.183905208590467,감소형,10919267.42275,-5.355,9854553.13073,12833701.23801,11860567.83825,16246236.6791,16980964.87637,0.7678652438583689,0.7221127059066552,0.7227552129743263,1,2.075226977950706,4.1694242223693,중립,,0.0,,11.3,관찰,11.3
2026-09-28T15:48:56+09:00,NEO,KRW-NEO,NEOUSDT,3484.0,-4.70459519,633053282.231345,1790578042348,False,False,,463981165.2367272,960346995.8905385,797935834.793989,883157518.4904234,1495313727.8878937,0.48313908120936355,0.526963819623999,0.4423322961796718,1,2.696629213483148,3.3060186493359733,감소형,936458.92745,-4.688,702909.55116,562238.30755,733648.08877,803931.75427,1224065.13992,1.2501986110177845,1.0042434640768754,0.7997533074432398,2,3.370356185369583,2.196137826580835,중립,,0.0,,11.3,관찰,11.3
2026-09-28T15:48:56+09:00,GAS,KRW-GAS,GASUSDT,1935.0,-4.8204623699999996,2278837742.054821,1790578111917,False,False,,1752705454.3112159,12145465293.972284,1999638884.7185578,1619003174.0239973,1929827811.180036,0.14430945310766086,0.33354989567665644,0.44608453296654205,1,2.9888551165146993,3.4605597964376678,감소형,565403.3195,-5.382,418141.0687,1684242.4825,353208.402,404369.5972,448391.7133,0.2482665489350047,0.5137245819261326,0.6360810509769816,1,3.7370242214533,2.600958247775509,감소형,,0.0,,11.2,관찰,11.2
2026-09-28T15:48:56+09:00,AGLD,KRW-AGLD,AGLDUSDT,288.0,-4.63576159,417600997.8735173,1790577746838,False,False,,244799300.08882564,391886313.2874657,363038766.0179357,472344061.63764673,539389090.5506123,0.6246691751881998,0.5984000377473494,0.45848622782451137,1,2.3728813559322104,4.498269896193774,감소형,267982.76797,-3.942,148869.71918,213964.41281,212252.08316,291713.70059,399293.44727,0.6957685963982992,0.6220788033153515,0.47548786475631943,1,3.3317908375751992,3.6194895591647347,감소형,,0.0,,11.2,관찰,11.2
2026-09-28T15:48:56+09:00,MED,KRW-MED,,2.41,-3.5999999999999996,339476375.64471555,1790578044056,False,False,,268928928.3342121,407686992.90178764,866593766.7482828,183815613.4134162,265705512.35250437,0.6596455933510674,0.5533151305407632,0.6529688897781105,1,3.3057851239669533,2.8806584362139898,감소형,,,,,,,,,,,,,,NO_DATA,,0.0,,11.2,관찰,11.2
2026-09-28T15:48:56+09:00,MTL,KRW-MTL,MTLUSDT,444.0,-3.8961039000000004,470948295.8709774,1790578138905,False,False,,516382810.0673916,1062766943.3135656,954927968.0164298,1520091374.1976013,1013703917.0019915,0.48588527646275753,0.43788638011839304,0.333415801031704,1,0.8733624454148492,7.441860465116279,감소형,255196.00025,-4.187,277589.73054,363763.66787,301303.61562,522791.25206,314972.66998,0.7631046062555198,0.7010676496375999,0.6835298597675314,1,1.6984505363528024,6.656249999999986,중립,,0.0,,11.1,관찰,11.1
2026-09-28T15:48:56+09:00,AVAX,KRW-AVAX,AVAXUSDT,14320.0,-4.7872340399999995,8539060105.911784,1790578137503,False,False,,6351590566.483566,11523853654.978065,8691757638.73907,6781883132.745587,13583222610.403173,0.5511689714785479,0.7057977825073044,0.5872597707349603,1,5.840957072484176,-0.79155672823219,감소형,58108043.09711,-4.142,48613988.84509,48017776.27594,49214793.68163,51208788.48539,62891600.42385,1.012416496876569,0.98248876233042,0.8925630173472997,2,6.838444204957361,-3.6064704322461005,중립,,0.0,,11.0,관찰,11.0
2026-09-28T15:48:56+09:00,VTHO,KRW-VTHO,VTHOUSDT,0.999,-3.0097087399999998,2234586058.5371957,1790578128448,False,False,,3059187680.823201,4298064701.475723,4149435438.5427394,12691708850.139778,8107500175.069359,0.7117593366551326,0.43414883909527513,0.43610004350388176,1,0.0,9.225874867444329,감소형,76269443.033423,-6.378,76111215.052677,20951947.94085,123415999.189048,10561752.233996,2696095.300426,3.632655792556787,1.4737887318927025,2.3803398537508538,2,0.5326231691078487,7.549857549857553,고수준 유지형,,0.0,,11.0,관찰,11.0
2026-09-28T15:48:56+09:00,CELO,KRW-CELO,CELOUSDT,126.0,-4.54545455,682154990.618029,1790577813974,False,False,,610244573.5689971,1124444243.3423002,291328478.15849984,568359220.1189625,534476426.8312035,0.5427077217764974,0.9226874898311737,0.9273466004394598,1,4.761904761904767,1.538461538461533,감소형,699265.178428,-5.11,579154.163557,754747.986934,502909.627459,445392.719867,573236.982345,0.7673477420054979,1.0202061886949176,0.983527134025301,1,5.8026030368763415,1.234952262349509,중립,,0.0,,11.0,관찰,11.0
2026-09-28T15:48:56+09:00,0G,KRW-0G,0GUSDT,353.0,-0.56338028,3457455499.601202,1790578133493,False,False,,2982387898.327439,4988616669.185425,2769289982.2243867,4918818100.313952,13441554283.758232,0.5978386587106568,0.7057945857636211,0.47712636796893104,1,1.139601139601143,7.902735562310026,감소형,1739490.623107,-0.038,1365956.573586,2584348.675674,1551855.682323,2225640.132211,4773223.872767,0.5285496444204679,0.6441323309718343,0.5148880663320096,1,2.1442495126705596,6.8079902160619765,감소형,,0.0,,10.9,관찰,10.9
2026-09-28T15:48:56+09:00,BERA,KRW-BERA,BERAUSDT,309.0,-4.03726708,1494453558.6813118,1790578105457,False,False,,1239795580.2880137,1679268793.045924,1778540360.0679815,1736413044.9187348,2968571353.1576314,0.7382948968159073,0.7160623090542397,0.5553330181678553,1,4.885993485342022,1.577287066246047,감소형,1136520.8295171,-5.237,1009596.458614,1076542.7388063,878642.6444354,835973.725652,1625723.7675311,0.9378136345366725,1.0851367685171078,0.863977438250995,1,5.260831122900078,1.0182435299109116,중립,,0.0,,10.9,관찰,10.9
2026-09-28T15:48:56+09:00,STRAX,KRW-STRAX,STRAXUSDT,15.4,-4.9382716,462345262.6213634,1790577852465,False,False,,391431958.26539236,776249906.7352434,807317559.5505037,653944520.1811264,951535617.9607787,0.5042602322642192,0.524822160461558,0.46462656027741706,1,3.1847133757961776,4.516129032258065,감소형,246580.99345,-6.332,160260.04183,306685.61418,267258.44312,400394.33918,295922.34447,0.5225548066820641,0.4934426552693788,0.4836703465915623,1,4.4232437120555135,4.513888888888884,감소형,,0.0,,10.9,관찰,10.9
2026-09-28T15:48:56+09:00,CVC,KRW-CVC,CVCUSDT,39.9,-4.31654676,1503921949.7231164,1790578084308,False,False,,1599159088.7926528,5467877829.353356,6612005577.792231,31106248063.232674,2120017815.5451925,0.29246430492792724,0.11108837728770843,0.16791527219736804,1,0.7246376811594235,9.4488188976378,감소형,558370.52276,-3.895,393017.29296,1048380.37939,1366992.46151,5646621.99966,755812.10383,0.37488043527548376,0.1462481559710476,0.17904436344887648,1,1.1482939632545985,8.44178684488217,감소형,,0.0,,10.7,관찰,10.7
2026-09-28T15:48:56+09:00,ATOM,KRW-ATOM,ATOMUSDT,2457.0,-3.68482948,1687701016.3815682,1790578124076,False,False,,1352849862.5475645,1836383640.010355,1626712318.3985448,1063871956.418247,1526143841.5679188,0.7366923953536942,0.8965271378111063,0.8558745036331885,1,4.893092105263164,3.1540638900121376,감소형,5210252.43865,-2.536,4273829.47847,4112897.81137,4767523.86585,2794095.53677,3571178.86895,1.0391285352762982,1.0982457090427298,1.0909878413826752,2,5.658263305322131,2.1668472372697645,중립,,0.0,,10.6,관찰,10.6
2026-09-28T15:48:56+09:00,ONT,KRW-ONT,ONTUSDT,77.7,-4.54545455,827149321.5011928,1790578042688,False,False,,552688551.3363923,2928897578.1057897,738193729.7565117,743208674.072926,1153233650.631319,0.18870190458958738,0.3759530328550627,0.44315869919399964,1,3.5623409669211403,5.167958656330751,감소형,503194.3014,-4.359,486092.97467,1133616.28373,484443.1094,622708.49006,889295.32869,0.4287985111422196,0.6507942812594968,0.6418336126620554,1,4.3568824856795585,3.9778623313732275,감소형,,0.0,,10.6,관찰,10.6
2026-09-28T15:48:56+09:00,CFX,KRW-CFX,CFXUSDT,74.1,-3.38983051,196506560.23181668,1790577491066,False,False,,111867024.33442667,164835634.0395843,403867746.61056376,139601863.77749023,334909691.7722206,0.6786580158241904,0.4738085389646802,0.4414821217749215,1,4.211956521739135,4.211956521739135,감소형,1679630.92042,-3.906,1314412.74002,1692207.18844,1802144.94216,1137405.78343,2360632.20551,0.7767445670950739,0.8513480827906799,0.7220749762758276,1,4.708935854653329,2.467343976777947,중립,,0.0,,10.6,관찰,10.6
2026-09-28T15:48:56+09:00,ONG,KRW-ONG,ONGUSDT,125.0,-4.5801526699999995,2091530294.705469,1790578024993,False,False,,1997772770.5581977,5347414116.075403,6209993635.70062,2762881478.364678,3721267476.097185,0.3735960460874894,0.4185193619595424,0.4597962701210688,1,3.9682539682539764,5.645161290322576,감소형,473625.40633,-4.541,440460.03624,944929.66237,1551278.22566,754212.99859,942023.54525,0.4661299711295674,0.40652584843990996,0.38280994360631593,1,3.4304207119741026,3.5532994923857864,감소형,,0.0,,10.4,관찰,10.4
2026-09-28T15:48:56+09:00,LINEA,KRW-LINEA,LINEAUSDT,3.88,-5.36585366,1124903656.2738414,1790578056122,False,False,,920766905.2231573,1380578315.800216,1188108829.6634636,594235649.3743852,1388258948.8556542,0.6669428997147901,0.8733380151351106,0.8559078428436213,1,4.3256997455470625,4.859335038363155,감소형,1369958.631614,-1.953,955986.056151,1093619.568089,909271.243243,1134813.949149,2034180.35075,0.8741486381973743,0.914030601149788,0.7599741076685967,1,5.146036161335199,4.09638554216869,중립,,0.0,,10.4,관찰,10.4
2026-09-28T15:48:56+09:00,SENT,KRW-SENT,SENTUSDT,28.7,-5.90163934,282620057.1104596,1790578004724,False,False,,293535332.5065201,568315142.5595218,521080633.07266086,1042542809.2756765,4897154485.106926,0.5165009877873825,0.4130541112926194,0.1887498713569751,1,3.3898305084745672,6.271777003484313,감소형,962955.6289,-10.618,847931.40606,2132161.79776,1767046.56559,1698928.26228,5556437.3114,0.397686238891822,0.45440016710805586,0.32515465459186416,1,3.840814437760298,4.761904761904767,감소형,,0.0,,10.4,관찰,10.4
2026-09-28T15:48:56+09:00,HIVE,KRW-HIVE,HIVEUSDT,76.9,-4.82673267,1423218666.8310606,1790578119308,False,False,,1252997828.2207923,7128125470.1953945,1930753153.80951,10119001102.891792,1141522182.4377542,0.1757822352398134,0.19600672953384118,0.2929878338010264,1,3.1928480204342247,7.161803713527837,감소형,414719.7507,-5.034,351933.6781,718556.7261,441699.4897,1548123.382,225614.2634,0.489778559321456,0.3898275689115443,0.5423024650094744,1,3.472222222222232,6.428571428571428,감소형,,0.0,,10.3,관찰,10.3
2026-09-28T15:48:56+09:00,POWR,KRW-POWR,POWRUSDT,91.3,-3.9957939,639011450.7945154,1790578080859,False,False,,652975185.9377671,1639108515.52632,889592822.0878876,1285140919.4390612,10935424031.639046,0.39837215154000705,0.5136357053547483,0.21154925251537912,1,1.3859275053304865,9.942196531791891,감소형,226223.1763,-4.267,158612.349,210354.5347,199611.0425,300476.8309,1125712.2561,0.7540239112325635,0.6697756800196848,0.41037287676686346,1,2.3255813953488413,8.809891808346237,중립,,0.0,,10.3,관찰,10.3
2026-09-28T15:48:56+09:00,BIO,KRW-BIO,BIOUSDT,40.9,-5.76036866,386397789.69280225,1790578102187,False,False,,278258437.18871534,642930172.4192992,1368540983.820868,674603529.8236185,676170750.999676,0.43279729140981077,0.3107788908094132,0.36131646665481826,1,3.5799522673030992,7.96019900497511,감소형,1245576.489555,-5.799,1102242.56681,1604753.479124,3475737.284606,2714109.142674,2340262.089126,0.6868609921392351,0.4242331537393229,0.4594462375938439,1,3.9961013645224197,6.487025948103775,감소형,,0.0,,10.0,관찰,10.0
2026-09-28T15:48:56+09:00,TAO,KRW-TAO,TAOUSDT,415500.0,-4.06372662,4522824581.074921,1790578112237,False,False,,4391027473.88628,6108682892.241184,5240401253.689657,4071613239.594975,7212508003.220612,0.7188173868811314,0.8542468665537374,0.7120962932875216,1,7.202970297029698,2.4603737875561915,감소형,53269993.74687,-6.914,47054426.2516,58668835.2636,56025376.05486,48442023.51155,55735237.52064,0.8020344368553376,0.8653091626265244,0.7850591831508884,1,7.9311508606142445,1.5238095238095273,중립,,0.0,,9.9,관찰,9.9
2026-09-28T15:48:56+09:00,UP2,KRW-UP2,,89.4,-6.5830721,1534097728.96997,1790578128766,False,False,,1398915526.0265374,3320237954.492803,4140424663.944608,9121690269.55546,22677085362.77111,0.4213299002059732,0.25308510839366094,0.16963484398047168,1,0.8429926238145313,12.853773584905671,감소형,,,,,,,,,,,,,,NO_DATA,,0.0,,9.9,관찰,9.9
2026-09-28T15:48:56+09:00,ALGO,KRW-ALGO,ALGOUSDT,159.0,-1.85185185,3908204143.4013267,1790578102185,False,False,,2848396924.686025,4804599451.429185,5397254106.955454,3808832316.582384,3629799137.10771,0.5928479477802745,0.6099052430634977,0.6421074447793187,1,4.516129032258065,7.284768211920523,감소형,4294945.4348,0.086,3491556.6524,3382384.093,5331410.7496,4241551.6487,4416722.3891,1.0322768072454982,0.8085210198148025,0.7979552153823267,2,5.5653710247349775,6.601248884924171,중립,,0.0,,9.8,관찰,9.8
2026-09-28T15:48:56+09:00,CBK,KRW-CBK,,303.0,1.67785235,2495304660.9663544,1790578112886,False,False,,1324405180.9486356,11160507175.796453,214565846.56875736,295594897.2345304,339719024.96521544,0.11866890635766482,0.3404445718289423,0.5404448252538417,1,3.114186851211076,4.195804195804187,감소형,,,,,,,,,,,,,,NO_DATA,,0.0,,9.6,관찰,9.6
2026-09-28T15:48:56+09:00,RED,KRW-RED,REDUSDT,222.0,-3.8961039000000004,560421350.4091982,1790578135481,False,False,,453305584.49506223,884460140.9396214,2204074590.0917773,640842412.1753476,1222816918.1502063,0.5125223438712402,0.3646498332737266,0.3801388936438766,1,5.000000000000004,7.943925233644866,감소형,536133.125,-5.19,606508.8524,554588.43753,1451062.03742,591737.59609,606538.96095,1.0936197211417547,0.7005216422940825,0.809683796410132,2,6.024844720496891,7.089084065244666,중립,,0.0,,9.5,관찰,9.5
2026-09-28T15:48:56+09:00,QUID,KRW-QUID,,91.5,-7.66902119,2455675021.7013,1790578136471,False,False,,2572799367.912117,3557051525.6104727,1950152431.75513,1849882511.7334845,7600800215.63554,0.7232955017345623,1.0491106956748204,0.8065472858805998,1,4.64625131995775,10.726256983240212,감소형,,,,,,,,,,,,,,NO_DATA,,0.0,,9.4,관찰,9.4
2026-09-28T15:48:56+09:00,TOKAMAK,KRW-TOKAMAK,,531.0,1.52963671,786783207.7286612,1790578051638,False,False,,335766775.29606783,2982323009.404212,194135864.6856406,209145573.5551036,392672787.112917,0.11258565025897212,0.29752451636483607,0.41446684934194183,1,3.155818540433919,6.085192697768771,감소형,,,,,,,,,,,,,,NO_DATA,,0.0,,9.3,관찰,9.3
2026-09-28T15:48:56+09:00,LINK,KRW-LINK,LINKUSDT,18740.0,-1.36842105,12952228321.060015,1790578138905,False,False,,8911153345.193707,13557068006.017862,18627353208.430157,11456517784.600773,10710856925.352594,0.6573068263165844,0.6125775624617933,0.6994950215806532,1,5.3215077605321515,8.63350485991996,감소형,37691561.01593,-3.234,28895608.03183,44634687.22463,82230887.10534,46880834.15198,54181103.02568,0.6473800944635058,0.49892728634155137,0.5343621529973019,1,6.073670675440579,7.496550666871071,감소형,,0.0,,9.2,관찰,9.2
2026-09-28T15:48:56+09:00,AXS,KRW-AXS,AXSUSDT,1515.0,-4.65701699,3957855246.3492203,1790578127409,False,False,,3334933511.6849756,15160232801.627638,28879221532.56968,1975789494.4618082,3769543785.5264745,0.21997904354918146,0.21742361232091867,0.3156361593420563,1,8.39017735334242,4.402102496714844,감소형,2441727.11678,-5.111,1929666.95195,5486527.02845,9670079.85353,1443065.25115,3361026.9165,0.351710096741317,0.3487418793227959,0.42641960657416683,1,9.01486988847584,3.621908127208484,감소형,,0.0,,9.1,관찰,9.1
2026-09-28T15:48:56+09:00,EUL,KRW-EUL,EULUSDT,1953.0,-5.28612997,5574378244.073163,1790578111260,False,False,,1410705228.3242621,2036415440.3273146,894530364.2578365,1943014679.1289468,12026810982.079859,0.6927394088592839,0.8683114479721412,0.3748891734121883,1,5.419222903885479,9.914712153518114,감소형,2072358.00428,-3.818,688931.24688,1280823.66631,558929.24953,887669.94263,3101157.90304,0.5378814156868154,0.7577826570682213,0.5028149005429647,1,6.058495821727017,9.019327129563347,감소형,,0.0,,8.9,관찰,8.9
2026-09-28T15:48:56+09:00,DOT,KRW-DOT,DOTUSDT,1676.0,-2.55813953,2635744534.1004767,1790578138227,False,False,,2054063317.6555839,3759517640.3333883,2988179751.944406,2591438912.4337125,4454398719.391595,0.5463635269639093,0.6598243940243151,0.6376486924183757,1,8.998732572877067,5.327617881200242,감소형,12841560.66809,-3.083,12395495.1393,17276923.99882,13539404.31128,13005945.5901,16094070.9573,0.717459609137981,0.8485749850084865,0.8491175237174524,1,9.688581314878908,4.019688269072996,감소형,,0.0,,8.7,관찰,8.7
2026-09-28T15:48:56+09:00,ZKC,KRW-ZKC,ZKCUSDT,58.8,-4.85436893,2637462392.563647,1790578084316,False,False,,2417817042.4090457,3455438784.1736565,1580692279.7088804,4305029227.44298,3322372054.9508696,0.6997134643168768,0.7765042993602103,0.7408752984405621,1,7.853403141361248,7.66550522648084,감소형,847763.21907,-3.356,776929.46989,825262.65865,417812.66952,982698.06784,1149829.64203,0.9414329628835194,1.0471813590045838,0.9004978734214484,1,8.571428571428562,6.2937062937062915,중립,,0.0,,8.6,관찰,8.6
2026-09-28T15:48:56+09:00,IO,KRW-IO,IOUSDT,218.0,-6.0344827599999995,258914402.64168864,1790578080518,False,False,,183613644.38910028,294453668.74039084,263662915.3313798,189923379.67554346,519390994.63632125,0.6235739740467822,0.7363790169817364,0.6116542698835737,1,7.906976744186056,7.407407407407418,감소형,1678118.987559,-6.491,1308206.766022,2559451.696468,1929557.542863,1494302.5987,2205380.763772,0.511127741862565,0.6559277544453578,0.6764006620116916,1,8.444444444444454,6.285003111387688,감소형,,0.0,,8.6,관찰,8.6
2026-09-28T15:48:56+09:00,BABY,KRW-BABY,BABYUSDT,18.1,-4.73684211,447497262.5365361,1790577648022,False,False,,442023890.03166485,896033971.0459964,215373224.33652237,356897057.9758629,605455744.7041986,0.4933115309407999,0.9031313960045642,0.7457724646439392,1,7.954545454545436,7.954545454545436,감소형,23992936.35964,-4.83,20114796.07821,51266665.08328,62481594.10353,12561297.49116,61748014.22513,0.39235624251225576,0.4777499804585636,0.4533185237288471,1,10.21840873634945,7.452471482889744,감소형,,0.0,,8.5,관찰,8.5
2026-09-28T15:48:56+09:00,AVNT,KRW-AVNT,AVNTUSDT,167.0,-4.02298851,5278298313.203554,1790578072431,False,False,,1195438873.5401845,5782477902.048407,1752719222.1020172,1150978016.5932298,2381212864.789187,0.20673470677971942,0.41287638834248924,0.434023986101568,1,9.433962264150942,7.407407407407418,감소형,2364340.19486,-3.507,831675.04443,3607849.00092,2062373.80492,626823.00318,1137267.31249,0.23051825179433041,0.39622153132760796,0.4216923572004967,1,11.398963730569944,7.321131447587348,감소형,,0.0,,8.1,관찰,8.1
2026-09-28T15:48:56+09:00,BEAM,KRW-BEAM,,2.79,-5.10204082,377676917.84123117,1790577997243,False,False,,359994157.64910626,560232484.8565059,999873776.6124752,5711145321.3826,538087147.03928,0.6425799420419412,0.1485277273989989,0.21874285177531516,1,6.521739130434789,13.513513513513509,감소형,,,,,,,,,,,,,,NO_DATA,,0.0,,7.7,관찰,7.7
2026-09-28T15:48:56+09:00,STEEM,KRW-STEEM,STEEMUSDT,86.3,-5.7860262,2061128298.9560044,1790578131444,False,False,,3083767269.9115906,20901412604.131207,10756260792.167986,36332726731.825714,1917377413.5040665,0.14753870125036803,0.13606776533600481,0.2169058042593047,1,7.009345794392519,14.786967418546372,감소형,716300.73852,-4.265,1033858.397974,1538584.647403,1289386.772879,3728518.166524,783302.98282,0.671954188363354,0.47305423929345936,0.6635132178978248,1,7.275615567911031,13.457661290322577,감소형,,0.0,,7.3,관찰,7.3
2026-09-28T15:48:56+09:00,ATH,KRW-ATH,,8.18,-6.300114549999999,2308587231.769578,1790578032132,False,False,,1366851252.7325058,1837788426.3344338,1420991113.4247174,2186292856.8161902,12795420198.684797,0.7437478836771014,0.7530760767802731,0.3520145590070864,1,8.04455445544554,13.376623376623375,감소형,,,,,,,,,,,,,,NO_DATA,,0.0,,7.2,관찰,7.2
2026-09-28T15:48:56+09:00,SOMI,KRW-SOMI,SOMIUSDT,285.0,-3.38983051,175935187.49296337,1790577881428,False,False,,206529955.53623167,420368634.5193351,148701151.869303,135297929.99869627,232961572.29158592,0.4913067688134858,0.8796397850068135,0.7882574465355541,1,8.455882352941169,13.899613899613893,감소형,403293.3425,-4.849,376117.86315,684427.35608,357866.81683,394628.36187,806392.75755,0.549536572156004,0.7852570769396114,0.6497542547153154,1,9.406438631790737,12.28704181724316,감소형,,0.0,,7.0,관찰,7.0
2026-09-28T15:48:56+09:00,POL,KRW-POL,POLUSDT,154.0,-6.666666670000001,4563421536.40709,1790578123067,False,False,,2439214404.6058927,3602430986.3148084,4454245326.758308,3746017336.532518,6316580413.86697,0.6771023272540592,0.619997725185571,0.5645761050636925,1,10.738255033557053,12.244897959183664,감소형,14971147.793454,-5.64,9530285.679891,11368259.391063,13085919.904033,7918305.896612,13201410.952584,0.8383240874485238,0.8831838788514255,0.8881252794616541,1,12.195570260086374,11.366538952745842,중립,,0.0,,6.5,관찰,6.5
2026-09-28T15:48:56+09:00,OP,KRW-OP,OPUSDT,192.0,-4.47761194,478482167.5298281,1790577987469,False,False,,566818697.8174865,816831250.957464,1571187955.011534,1597657854.4682693,1923671876.0399952,0.6939238638985462,0.4266417142350974,0.3907430541414254,1,12.290502793296088,10.439560439560447,감소형,5404566.799036,-3.226,4279659.367694,7384000.545402,9247184.815962,8142861.952457,13190211.13256,0.5795854620242321,0.518243060588625,0.43612838741984294,1,13.698630136986312,10.421286031042133,감소형,,0.0,,6.4,관찰,6.4
2026-09-28T15:48:56+09:00,FIL,KRW-FIL,FILUSDT,1467.0,-5.10996119,5114316541.946304,1790578128434,False,False,,6401116537.707158,18443857953.829006,3146047633.4990187,3185409877.1442676,5224206228.811191,0.3470595226731436,0.7751001048062941,0.9362244068076048,1,14.518518518518508,10.42857142857143,감소형,14415575.374587,-5.418,12959961.239863,32737197.186611,14256010.626851,16441816.358158,26646111.401134,0.395878766468237,0.6129087870196376,0.5472402364941943,1,15.149374243035929,9.281609195402307,감소형,,0.0,,5.6,관찰,5.6
2026-09-28T15:48:56+09:00,SPK,KRW-SPK,SPKUSDT,31.5,-4.54545455,1518362715.9032223,1790578119324,False,False,,1600890459.0084813,3010280144.735454,6663872183.252292,465752301.2905843,1284345044.045714,0.5318077992867899,0.4736406852543796,0.6523188943731426,1,14.18685121107266,11.486486486486491,감소형,1702949.391904,-6.033,1911992.369416,2890252.318085,5449222.658569,1003479.965383,1352889.902704,0.6615312986524418,0.6139360773795418,0.8020040329476195,1,14.758822695705586,9.487965383575215,감소형,,0.0,,5.5,관찰,5.5
2026-09-28T15:48:56+09:00,WAXP,KRW-WAXP,WAXPUSDT,8.32,-4.2577675500000005,1760947917.799443,1790578110927,False,False,,3247008281.521007,42462153497.91535,22824305048.547558,181620909.6402677,393643010.4519714,0.07646829032541688,0.14879044758132012,0.24537020667653728,1,13.89252948885975,15.558510638297873,감소형,488248.42194,-4.075,559065.29223,1877779.88597,2151077.76048,138000.26881,176323.56658,0.2977267444427892,0.40250853539971204,0.6199472805571311,1,14.438502673796783,14.03197158081706,감소형,,0.0,,4.7,관찰,4.7
2026-09-28T15:48:56+09:00,LSK,KRW-LSK,LSKUSDT,389.0,-4.42260442,3188133898.420038,1790578118590,False,True,글로벌가격차이,3218280270.2533245,4661539319.073166,9249159864.055618,36347301996.22043,11009233576.320787,0.6903900299811697,0.1921055470611733,0.1782872633160819,1,-6.65137614678899,4.092071611253201,감소형,4916361.12271,-5.996,4480916.85822,8177758.14141,12332084.70361,40430871.73278,9784704.51593,0.5479395184763198,0.2205873473554089,0.2825337826084576,1,-23.21253672869735,-1.4765944077913984,감소형,,0.0,,4.1,관찰,4.1
2026-09-28T15:48:56+09:00,ARDR,KRW-ARDR,,46.0,8.747044919999999,6135940491.768445,1790578132817,False,False,,812298186.8629528,1498862910.8178852,1771026807.208894,1046520920.4602914,777376998.9750688,0.5419429495521413,0.5645650436639194,0.714341742820595,1,0.9546539379474916,8.461538461538453,감소형,,,,,,,,,,,,,,NO_DATA,,0.0,,3.8,관찰,3.8
2026-09-28T15:48:56+09:00,WLD,KRW-WLD,WLDUSDT,708.0,-4.06504065,105300241272.55368,1790578130093,False,False,,105492502626.24637,77697669029.96974,52565565893.37676,39959977333.64724,42745220250.78275,1.3577305978839023,1.8591912564835082,2.1922307587087633,4,23.0,16.77215189873418,연속 가속형,105523518.11988,-3.0,96159565.92176,77863222.94531,54755881.21814,42902740.43698,82422997.68308,1.2349805503080842,1.6435486900333842,1.6256150284789361,4,23.767325607816403,15.549427238014424,연속 가속형,,0.0,,58.1,시동,58.1
2026-09-28T15:48:56+09:00,SUPER,KRW-SUPER,SUPERUSDT,263.0,-3.3088235299999997,1896449515.1803682,1790577022676,False,False,,1948985384.0434065,665389665.6627365,255317218.9796544,946627186.7872822,14373498003.060947,2.9290887499765907,3.131178422537783,0.5923645102866529,3,14.28571428571428,25.34562211981566,가속형,4864950.2374,-4.069,4827810.9989,2746411.684,1502376.7698,1732911.2682,11237284.1419,1.7578613676259034,2.421290547807274,1.3224561937966732,3,14.78510028653297,22.883435582822088,가속형,,0.0,,52.5,시동,52.5
2026-09-28T15:48:56+09:00,BIGTIME,KRW-BIGTIME,BIGTIMEUSDT,12.7,-3.78787879,3353509443.860029,1790578120033,False,False,,3549424260.235683,1147267740.7328522,1669694652.512611,684288594.7464048,1136401114.5560539,3.0938063838249126,3.0412766229062416,3.359523538933952,2,15.78947368421051,14.782608695652177,고수준 유지형,1651982.66514,-2.206,1672254.7728,282942.66406,493566.22312,207267.76227,459842.29385,5.910224880208898,5.0994952169323415,4.965537083404592,2,15.814506539833516,13.91812865497075,일회성 폭증형,,0.0,,52.3,시동,52.3
2026-09-28T15:48:56+09:00,PYTH,KRW-PYTH,PYTHUSDT,111.0,-1.7699115,3466831126.890151,1790578129106,False,False,,3991614836.613909,3468921211.4411983,3047857447.5176573,2924728495.8141713,3915445426.674636,1.1506790132473352,1.2683191691262983,0.9124555726362977,4,21.244635193133043,25.13842746400887,연속 가속형,8691364.242557,-3.601,10497146.137928,5981839.472423,6176793.668346,5268351.977541,7792857.527181,1.754835813685925,1.8070502843717302,1.5078495215173748,2,22.175058548009364,24.026745913818726,고수준 유지형,,0.0,,46.2,시동,46.2
2026-09-28T15:48:56+09:00,META2,KRW-META2,,8330.0,-7.444444440000001,10448883156.605934,1790578133825,False,False,,37052125116.073135,23733103758.412453,3502073588.454111,47771446057.41733,1312374597.4304364,1.5612001486716465,1.48195413022513,2.389054272337344,3,8.695652173913038,21.212121212121215,고수준 유지형,,,,,,,,,,,,,,NO_DATA,,0.0,,44.1,시동,44.1
2026-09-28T15:48:56+09:00,RAY,KRW-RAY,RAYUSDT,2783.0,-5.40448674,4921791108.697933,1790578135161,False,False,,5359480776.789576,1455817016.1238296,1707500215.5006154,8675593003.523516,10542000417.475857,3.681424737745823,1.3581015491302761,1.126236011563554,2,2.5801952580195353,20.032639738882096,중립,12216494.5821,-3.948,11415519.83473,6064212.77023,8179939.04153,17220642.34483,19261376.73571,1.882440519034928,1.0884088207841458,0.9806594632901937,2,3.2232032659261556,19.09195465250013,중립,,0.0,,31.2,시동,31.2
2026-09-28T15:48:56+09:00,IMX,KRW-IMX,IMXUSDT,246.0,-5.01930502,1781849850.81216,1790578118256,False,False,,1151696682.1553848,734383159.4712043,695058425.5296264,1420214291.307391,595886747.0028359,1.5682503980410838,1.2124586955188017,1.412412927694432,3,24.51923076923077,25.120772946859905,중립,2877780.131559,8.199,1686061.242208,922221.479567,1083131.136842,836509.928384,995978.850852,1.828260650575648,1.7798833148675164,1.8684310467076597,2,25.757575757575758,23.559870550161797,고수준 유지형,,0.0,,31.2,시동,31.2
2026-09-28T15:48:56+09:00,JTO,KRW-JTO,JTOUSDT,770.0,-4.58488228,5682856822.204974,1790578101204,False,False,,6966882506.618098,4522920033.734624,8337085133.595275,2877686035.285347,4143641074.957268,1.5403505820697583,1.3280631352317476,1.5678875319888812,2,20.808383233532936,15.121255349500707,중립,5228354.85104,-8.067,5687937.90967,7103124.16441,7928266.00227,2800244.30626,3999833.99673,0.8007656600132728,0.9569405291985327,1.1447864478275198,1,21.71428571428573,14.034416826003838,중립,,0.0,,27.9,시동,27.9
2026-09-28T15:48:56+09:00,SC,KRW-SC,SCUSDT,1.53,-3.16455696,4922926984.178595,1790578121365,False,True,거래량급등,10782846319.552984,1376351611.1847699,3556456943.0561314,955904669.1379834,4963779603.161496,7.834368944626773,5.49331199050948,4.623248784167203,2,14.492753623188426,21.53846153846155,일회성 폭증형,932649.503804,-2.263,1694167.148409,614723.260837,3376942.058417,386682.489163,1121330.284613,2.7559834747464116,1.1608263362395113,1.4408856680685527,2,15.346534653465337,20.10309278350515,중립,,0.0,,27.2,시동,27.2
2026-09-28T15:48:56+09:00,NEAR,KRW-NEAR,NEARUSDT,7000.0,-3.9780521300000005,63403130830.1303,1790578138199,False,False,,79909839221.04,31254861439.00797,72064149364.41997,73082410539.58403,90832970870.53133,2.5567171166949296,1.358999920964167,1.2011226026018353,2,16.3607342378292,22.72727272727273,중립,185682743.9721,-5.648,209530185.3042,128880615.4841,259628294.889,248904564.2981,544327686.1423,1.6257695892990962,0.9861582487518777,0.7125228552594848,2,17.33827052929644,21.71260732037956,중립,,0.0,,26.2,시동,26.2
2026-09-28T15:48:56+09:00,SUI,KRW-SUI,SUIUSDT,1625.0,-5.02630041,89605886754.91718,1790578136159,False,False,,72150280824.74692,37959648415.27883,92344810108.28906,27258664338.04493,37117718593.12104,1.900709933754452,1.3737404955114327,1.4835648082782806,2,23.71655820679681,24.526928675400296,중립,162164185.64086,-0.491,125595106.63793,88530369.46325,182822564.77106,74510416.67574,114067847.02944,1.4186669207346527,1.0894051622479712,1.066616844289522,2,24.642540183413875,23.48573661586557,중립,,0.0,,25.0,시동,25.0
2026-09-28T15:48:56+09:00,KITE,KRW-KITE,KITEUSDT,196.0,-5.76923077,2353548522.208684,1790578065679,False,False,,3615246971.318374,4620954677.440816,1959462780.5447605,1645136779.0401716,3999601697.563446,0.7823593226239076,1.3185422649254575,0.8195498698290039,1,16.201117318435763,13.043478260869556,중립,3109108.1555,-5.828,4134543.50921,3781137.72426,2178491.51505,1569254.41002,3170506.19445,1.093465462176246,1.6474727337211281,1.238696962531101,4,16.98400609291697,11.223750905141184,연속 가속형,EARLY,5.0,Binance 연속가속 우위,24.0,시동,24.0
2026-09-28T15:48:56+09:00,MET2,KRW-MET2,,458.0,-11.92307692,1542883982.2136724,1790578117920,False,False,,849874054.7980781,846374243.0733413,1242903949.3253098,2833595948.7933507,21603751334.595505,1.004135064072872,0.5179133350292967,0.15302047865533505,2,15.812917594654795,17.381489841986465,중립,,,,,,,,,,,,,,NO_DATA,,0.0,,23.6,시동,23.6
2026-09-28T15:48:56+09:00,ONDO,KRW-ONDO,ONDOUSDT,775.0,-2.51572327,118892706852.55437,1790578131442,False,False,,72093255782.74284,51648941979.017944,182249626730.641,212301739136.4852,51633687378.31411,1.3958321897867776,0.48471451844628644,0.6528892065118634,2,11.65730337078652,34.06408094435076,중립,52805547.96001,5.164,31087976.78357,23617885.69497,74727385.76855,119026781.55669,26871723.27862,1.3162895775294117,0.4290520747947247,0.5622745884700093,2,12.586206896551722,33.17471108089733,중립,,0.0,,21.9,시동,21.9
2026-09-28T15:48:56+09:00,DEEP,KRW-DEEP,,30.4,-6.461538460000001,6341006680.807038,1790578120379,False,False,,6313913085.301114,1404081062.7881067,6620882322.359408,1232392328.725216,830992587.3002938,4.496829458523908,2.046128488669605,2.857091387016645,2,19.485294117647058,22.180451127819545,일회성 폭증형,,,,,,,,,,,,,,NO_DATA,,0.0,,21.0,시동,21.0
2026-09-28T15:48:56+09:00,B3,KRW-B3,,1.08,-6.08695652,6076112749.856634,1790578137835,False,False,,14135762584.19652,4878575540.299883,33742862659.562485,4519018857.223932,43335091960.85083,2.8975184390252577,0.9830050640509774,0.7959753862804556,2,18.31275720164609,34.18903150525088,중립,,,,,,,,,,,,,,NO_DATA,,0.0,,19.6,시동,19.6
2026-09-28T15:48:56+09:00,CFG,KRW-CFG,CFGUSDT,217.0,-3.9823008799999995,3620647197.9247184,1790578138915,False,False,,3317633450.915733,4083906565.855541,3885777834.9190354,4720810978.725211,3044107824.47045,0.8123676184596351,0.7842798925584183,0.9561173900734121,1,10.2439024390244,20.85561497326203,중립,3352436.75328,-6.768,3654737.03126,2120588.16306,3471573.13969,3869004.77242,2915913.89841,1.7234544146404314,1.1588646691822282,1.27599832442114,2,10.49136786188578,19.712230215827333,중립,,0.0,,16.8,시동,16.8
2026-09-28T15:48:56+09:00,JUP,KRW-JUP,JUPUSDT,465.0,-7.73809524,4487939758.695647,1790578107376,False,False,,3529787836.045504,3701969898.403964,4706453927.904771,5739589855.251501,3115259946.378277,0.9534890701211014,0.7484699793539302,0.8775006945176675,1,22.330097087378633,24.444444444444446,중립,8523858.67242,0.795,7087091.53458,5451753.66575,8128637.36874,6371430.71717,6483993.13404,1.2999654733308692,1.0656307413116826,1.113151217689012,2,23.38308457711442,23.056566324842876,중립,,0.0,,11.8,시동,11.8
2026-09-28T15:48:56+09:00,ENA,KRW-ENA,ENAUSDT,361.0,-2.43243243,39895580507.84503,1790578139941,False,False,,32886600909.365326,42380982587.99021,58634115789.54371,29841860937.01719,26144984028.471283,0.7759754234363747,0.7539515150351284,0.8850466794753142,1,20.915032679738555,27.586206896551737,중립,66829712.146119,-2.357,55822219.623208,77584468.569489,122704831.401416,48196978.041166,55802386.259145,0.7195025067834355,0.6739473109315468,0.7677014211105363,1,21.32680320569904,25.8660508083141,감소형,,0.0,,11.6,시동,11.6
2026-09-28T15:48:56+09:00,CPOOL,KRW-CPOOL,,47.3,-3.86178862,8710473934.06178,1790578123417,False,False,,4225574305.575965,26946587683.036934,3169764996.98009,14137399776.086727,86128004791.0223,0.1568129647909369,0.2864553221628428,0.15677152964984198,1,5.353319057815842,26.478149100257077,감소형,,,,,,,,,,,,,,NO_DATA,,0.0,,5.3,시동,5.3
2026-09-28T15:48:56+09:00,PROM,KRW-PROM,PROMUSDT,8595.0,0.0,4537902650.872838,1790578094777,False,False,,3859100346.707132,21579936425.72203,3893344132.355357,17867927015.01864,3388322516.7550354,0.17882816105553065,0.26711994631427816,0.3780898742650811,1,13.1665569453588,28.860569715142436,감소형,1996176.3035,2.349,1651019.69972,6768657.92465,4107157.00747,6768551.80743,3688866.66206,0.24392127924020807,0.2807161726046917,0.3017341615938063,1,13.704765317090661,27.577889447236203,감소형,,0.0,,2.0,시동,2.0
2026-09-28T15:48:56+09:00,CC,KRW-CC,,186.0,0.0,2884744528.8611917,1790578137152,False,False,,1805957812.103909,4761875245.716115,3969138686.9737163,2608936747.0009675,2991076611.0929365,0.3792534913065157,0.47776869488637436,0.5463695918052935,1,19.23076923076923,19.23076923076923,감소형,,,,,,,,,,,,,,NO_DATA,,0.0,,2.0,시동,2.0
2026-09-28T15:48:56+09:00,AERO,KRW-AERO,AEROUSDT,1074.0,-5.87204207,962448347.328518,1790578106094,False,False,,794691964.5867388,5832876685.539823,9569737373.453264,556927863.2984602,2030215695.5642734,0.1362435736995512,0.14938247634979107,0.2121912267513903,1,20.485744456177414,24.29193899782136,감소형,5748236.55626,-7.665,4818271.80995,13183278.97201,11766517.7364,4299156.80788,6555083.76461,0.3654835659762556,0.49419940517870115,0.6081576911999823,1,21.10791366906475,23.073548764439256,감소형,,0.0,,0.5,시동,0.5
2026-09-28T15:48:56+09:00,2Z,KRW-2Z,2ZUSDT,89.7,-2.5,7078384729.565719,1790578117871,False,False,,11479689720.476973,46377199389.2875,1816024776.7233481,4426320467.1560545,1010653498.5870003,0.24752873980416817,0.6544919649442091,1.0546668878423489,1,20.734908136482932,27.071823204419875,감소형,3296889.9107,-4.56,3276419.57963,14791129.08431,2270920.13317,3842032.20728,932822.46393,0.2215124728446546,0.4702076374065239,0.7260186097050552,1,21.54093671791204,26.14100185528756,감소형,,0.0,,0.1,시동,0.1
2026-09-28T15:48:56+09:00,W,KRW-W,WUSDT,19.6,-7.54716981,14883750542.759779,1790578136479,False,True,"거래량급등,입금량급등",17624755942.3373,1131367014.048889,836731873.5387086,521776961.02423143,1022270842.024354,15.578283371779207,21.235704525786172,20.88129323191443,4,31.677018633540357,28.48484848484849,연속 가속형,16664215.947939,-0.897,17649365.554316,1820695.899841,1336199.940635,705149.893797,1213148.43817,9.693747075421713,13.709857496784684,14.852024536502123,4,33.56047700170357,27.89559543230016,연속 가속형,,0.0,,64.7,이미 발동,64.7
2026-09-28T15:48:56+09:00,SOON,KRW-SOON,,457.0,2.69662921,134662504964.17828,1790578139942,False,True,"거래량급등,입금량급등",111059257121.1353,2942006336.9793057,307195966.51245296,252653347.67808473,677391423.3565129,37.74949622819813,95.14320536087865,119.73595365913032,4,64.81481481481481,64.81481481481481,연속 가속형,,,,,,,,,,,,,,NO_DATA,,0.0,,61.8,이미 발동,61.8
2026-09-28T15:48:56+09:00,PUMP,KRW-PUMP,PUMPUSDT,6.78,-3.00429185,13915819437.965641,1790578133843,False,False,,10436854627.000069,7077553989.372783,4101793198.247136,3212175210.8482614,6006452055.01929,1.4746414711454556,2.1756255533002453,2.106824580109971,4,32.8897338403042,16.306156405990023,연속 가속형,73242653.101108,12.266,44401920.944388,32172533.501279,30642050.637338,23589540.330818,31396090.739447,1.380118881300499,1.541659772043461,1.492258950258386,4,33.79185050609914,14.964317573594998,연속 가속형,,0.0,,60.4,이미 발동,60.4
2026-09-28T15:48:56+09:00,GRT,KRW-GRT,GRTUSDT,44.0,-9.46502058,12948819208.809572,1790578127424,False,True,거래량급등,9071361149.54614,731855728.3630054,1211123677.7500463,951787328.2330859,2101522100.2157292,12.39501283926097,9.401131747766014,7.493802518901487,2,36.13445378151259,42.10526315789473,일회성 폭증형,13049476.42579,16.379,8625115.02899,1125552.21867,2674194.94095,2025342.67638,3667964.17778,7.66300744285485,4.442050820754072,3.7782064616293733,2,37.02857142857143,41.335952848723004,일회성 폭증형,,0.0,,22.0,이미 발동,22.0
2026-09-28T15:48:56+09:00,SEI,KRW-SEI,SEIUSDT,113.0,5.607476640000001,17899474127.094585,1790578129758,False,False,,10291383553.012356,9321732754.902367,20394772206.696033,5879647499.848794,6985581769.358609,1.104020445941238,0.8673451630053459,0.8624034343849559,2,25.5868544600939,29.539951573849898,중립,23831789.544916,11.405,10643171.503871,14069172.026541,22171877.136968,7059718.354956,8530981.551834,0.7564888313109704,0.7373891120520463,0.8145628162460232,1,26.448000000000004,28.35796654214715,중립,,0.0,,14.0,이미 발동,14.0
2026-09-28T15:48:56+09:00,EDGE,KRW-EDGE,,160.0,-8.04597701,16101513441.033209,1790578138920,False,False,,22661913821.031116,50292055955.15759,14228712507.995514,993838171.4625647,2265532510.5811124,0.4506062317523345,1.0377188379113615,1.6484472885714079,1,47.457627118644076,56.75675675675676,감소형,,,,,,,,,,,,,,NO_DATA,,0.0,,1.5,이미 발동,1.5
2026-09-28T15:48:56+09:00,ARK,KRW-ARK,ARKUSDT,312.0,-6.8656716399999995,8365203327.903143,1790578138202,False,False,,26498691902.278065,55885811049.05972,52682106069.79903,12628264103.34839,3392887772.0143294,0.4741577764527031,0.6559288824544902,1.044547239274677,1,26.415094339622634,58.01886792452831,감소형,1216808.3959,-12.194,2379822.6635,8592370.0907,13545476.7111,4416067.3941,744307.8361,0.2769692923348139,0.26886687732094705,0.4284980877876002,1,27.357032457496146,56.65399239543727,감소형,,0.0,,0,이미 발동,0
2026-09-28T15:48:56+09:00,KMNO,KRW-KMNO,KMNOUSDT,63.9,-2.88753799,3175689149.021458,1790578131430,False,False,,3981742006.335139,15492312873.99916,3889318693.153313,1784476065.7613142,2653405455.862969,0.25701404552819995,0.5643562919632097,0.8139893763535184,1,27.27272727272727,43.04347826086956,감소형,1924668.83964,0.107,2208147.23103,4322522.20685,3491120.48963,2152592.6384,3565962.78858,0.5108469373577071,0.6646884676609698,0.7330516472752016,1,28.326745718050073,42.18978102189781,감소형,,0.0,,0,이미 발동,0
2026-09-28T15:48:56+09:00,EGLD,KRW-EGLD,EGLDUSDT,8625.0,28.731343279999997,38598936413.08046,1790578139247,True,True,글로벌가격차이,1194750422.935048,2725265739.736606,8669285212.33961,92211240860.45322,2595424439.9131804,0.43839776999160435,0.0345950859126747,0.05549796254618957,1,-12.873862158647597,10.652353426919902,감소형,577162.07137,-1.059,471722.15588,489103.46102,739418.72465,990387.58821,3029233.72257,0.9644629275291731,0.6377755798359619,0.34554259018528843,1,8.450379921713091,6.512890094979662,중립,,0.0,,0,유의종목,0
2026-09-28T15:48:56+09:00,MANTRA,KRW-MANTRA,MANTRAUSDT,7.3,3.8406827900000002,13477329669.42092,1790578133507,True,True,글로벌가격차이,1633788795.185256,4180910332.930153,38492457450.42491,2991482478.067636,774887559.6126161,0.3907734596260116,0.10733346014486778,0.17201080431947072,1,-4.092769440654842,7.8220858895705625,감소형,692354.7314,-4.132,509941.64063,835752.80688,2186291.42177,1886172.0057,714683.74528,0.610158454069325,0.31168653719523753,0.40070652608660345,1,0.0,3.04347826086957,감소형,,0.0,,0,유의종목,0
2026-09-28T15:48:56+09:00,RVN,KRW-RVN,RVNUSDT,3.25,-2.69461078,5163848098.773173,1790578113543,True,False,,815590032.0764959,729312151.3701749,1294438833.3449526,1992025259.1813576,1917711221.0750299,1.1183003471753883,0.6092894493183715,0.3306251478019889,2,-1.183431952662728,-0.29850746268657025,중립,697155.0699179,-4.89,457867.6334544,441414.0288915,813387.625776,773755.9670804,1231175.8493321,1.0372747658342873,0.677132799008016,0.5209585590827736,2,1.9222732971165835,-0.448979591836729,중립,,0.0,,0,유의종목,0
2026-09-28T15:48:56+09:00,SOPH,KRW-SOPH,SOPHUSDT,5.24,-0.19047619,3810171089.0722795,1790578116892,True,False,,1608623818.9112577,1412164280.628409,1791869991.560728,4613225693.404075,3045125179.522937,1.1391194643412343,0.6173354190565878,0.3520113371615662,2,-1.6853932584269593,0.190839694656475,중립,458530.76701,-4.7,331077.18013,607166.49403,566674.12096,957325.82572,1490555.78654,0.5452823622273886,0.4660506666288834,0.22822625233875327,1,-2.088772845953013,-3.598971722365041,감소형,,0.0,,0,유의종목,0
2026-09-28T15:48:56+09:00,SAND,KRW-SAND,SANDUSDT,59.3,-3.8897893000000003,2807069903.237078,1790578111262,True,False,,1340190107.479589,2235041380.468845,5942227861.32193,2029361352.03652,5944895723.500585,0.5996265300459257,0.3939174917205589,0.36732389471254007,1,4.931972789115657,6.563039723661501,감소형,1498464.43622,-2.813,1293294.2342,1801513.63781,4095841.40309,1953205.61442,3940830.16572,0.7178931133556036,0.4942172760579544,0.44243725293433417,1,6.554307116104852,5.2728954671600325,감소형,,0.0,,0,유의종목,0
2026-09-28T15:48:56+09:00,ICX,KRW-ICX,,19.6,-1.01010101,2116078373.9532008,1790578133517,True,False,,573091450.0530171,490681587.1460156,1806613109.393738,820791151.5531006,1115014111.2166288,1.1679497765268259,0.5513877532302802,0.49402119543167144,2,-0.5025125628140614,0.5076142131979822,중립,,,,,,,,,,,,,,NO_DATA,,0.0,,0,유의종목,0
2026-09-28T15:48:56+09:00,ZIL,KRW-ZIL,ZILUSDT,4.5,-3.0172413799999998,1725505751.847519,1790578098622,True,False,,464567523.5296199,753082291.889733,6935308182.743683,2069883485.6802201,1375602171.1410267,0.6168881256839356,0.1428226524749122,0.1765319573265524,1,0.0,0.6507592190889255,감소형,538269.6954241,-2.889,410873.6653161,587220.3951316,852608.2694845,409336.4625708,1299022.2905563,0.6996924301718446,0.666582436487683,0.4547163846899552,1,1.1758417958311007,-2.6234567901234573,감소형,,0.0,,0,유의종목,0
